ezloophw-py logger started on:,2026-3-19_150727,,,,,,,,,,,,,,,,,,,,,,,,,,,,,,
ctrl_params:,{'n_inputs': 2, 'bidirectional': True,'u_offset': array([1020.,1020,1020,1020.]),'u_max': 1350.0, 'cmd_separator': ',', 'cmd_bookends': ('<', '>')},,,,,,,,,,,,,,,,,,,,
Timestamp (millisec since midnight today),Test time,u_t(0),u_t(1),MPRpressure_0,MPRpressure_1,MPRpressure_2,MPRpressure_3,ForcePlate_0,ForcePlate_1,ValveOpening_0,ValveOpening_1,ValveOpening_2,ValveOpening_3,RPRpressure_0,smoothed_q_0,smoothed_q_1,smoothed_dq_0,smoothed_dq_1,smoothed_ddq_0,smoothed_ddq_1,tagid_x_102,tagid_y_102,tagid_rotation102,tagid_x_103,tagid_y_103,tagid_rotation103,tagid_x_104,tagid_y_104,tagid_rotation104,theta_0,theta_1
54451067,0.000000,0.000000,0.000000,1023.99,1024.3,1025.38,1026.44,0.0,0.02,1.0,1.0,1.0,1.0,1404.21,0.0,0.0,0.0,0.0,0.0,0.0,0.0,0.0,0.0,0.0,0.0,0.0,0.0,0.0,0.0,0.0,0.0
54451166,0.100000,0.000000,0.000000,1023.97,1024.37,1025.58,1026.38,0.0,0.02,1.0,1.0,1.0,1.0,1403.79,0.0,0.0,0.0,0.0,0.0,0.0,0.0,0.0,0.0,0.0,0.0,0.0,0.0,0.0,0.0,0.0,0.0
54451266,0.200000,0.000000,0.000000,1024.08,1024.26,1025.55,1026.35,0.0,0.02,1.0,1.0,1.0,1.0,1403.18,0.0,0.0,0.0,0.0,0.0,0.0,326.17136135806900,449.2750188301940,6.540879814825200,323.8391797496110,219.4329538236320,7.665016976513220,323.20141053360300,29.479638786232400,-5.154946819641810,0.5813538855507030,-0.970337624438939
54451367,0.302000,0.000000,0.000000,1023.91,1024.24,1025.46,1026.34,0.0,0.02,1.0,1.0,1.0,1.0,1402.69,0.0,0.0,0.0,0.0,0.0,0.0,326.132777571768,449.24847760756000,6.540541239736550,323.8470269627350,219.4547301881550,7.594837288457200,323.1933984014570,29.49749732059770,-5.110821889080200,0.5699003796349700,-0.9426510663453110
54451466,0.403000,0.000000,0.000000,1023.98,1024.38,1025.45,1026.39,0.0,0.02,1.0,1.0,1.0,1.0,1402.25,0.0,0.0,0.0,0.0,0.0,0.0,326.1275975587180,449.25437662647100,6.5413419224996300,323.88306087380800,219.51081479958200,7.8525520801532700,323.2242511562380,29.448517113949600,-5.13017216446379,0.5597475141585770,-0.9208924353703280
54451566,0.501000,0.000000,0.000000,1024.07,1024.26,1025.45,1026.47,0.0,0.02,1.0,1.0,1.0,1.0,1401.56,0.0,0.0,0.0,0.0,0.0,0.0,326.13132326670600,449.27179183572900,6.542615784717330,323.866120766731,219.51685874811400,7.810869601399160,323.30085431979700,29.44489024632750,-5.196584458358350,0.5648729114662220,-0.9593509641705450
54451666,0.601000,0.000000,0.000000,1024.07,1024.4,1025.43,1026.4,0.0,0.02,1.0,1.0,1.0,1.0,1401.03,0.0,0.0,0.0,0.0,0.0,0.0,326.1273591607370,449.26372557365100,6.534734527038410,323.855143962336,219.45364187582300,7.603373639199800,323.22776552157100,29.446691332052500,-5.142307495356910,0.5664855813463860,-0.9437885771145420
54451766,0.701000,0.000000,0.000000,1024.03,1024.27,1025.5,1026.42,0.0,0.02,1.0,1.0,1.0,1.0,1400.64,0.0,0.0,0.0,0.0,0.0,0.0,326.1272304843500,449.25775982436800,6.538798628587130,323.806075612215,219.43749493698400,7.629849359324820,323.2545072819140,29.445610972924600,-5.183870368930570,0.5786602675940560,-0.9909847528509100
54451866,0.802000,0.000000,0.000000,1023.95,1024.31,1025.46,1026.47,0.0,0.02,1.0,1.0,1.0,1.0,1400.17,0.0,0.0,0.0,0.0,0.0,0.0,326.1221904547690,449.2661702194900,6.5274314182821200,323.85819087751900,219.49611779886800,7.807538399896920,323.182961725989,29.489931844614700,-5.137460222784670,0.5645358107506720,-0.9254592099794420
54451966,0.901000,0.000000,0.000000,1024.02,1024.28,1025.39,1026.42,0.0,0.02,1.0,1.0,1.0,1.0,1400.1,0.0,0.0,0.0,0.0,0.0,0.0,326.16417089724700,449.25631326652700,6.571501098931150,323.8332313606700,219.44688272694600,7.6404690203483900,323.23255053237800,29.43976330910000,-5.164094884916210,0.5811267961742170,-0.9811216339950110
54452067,1.002000,0.000000,0.000000,1023.96,1024.28,1025.54,1026.39,0.0,0.02,1.0,1.0,1.0,1.0,1400.24,0.0,0.0,0.0,0.0,0.0,0.0,326.1307900048780,449.2603857085880,6.534471973294550,323.87036975292300,219.50290266433400,7.839503888108930,323.2673247431570,29.44088055287500,-5.174219290833470,0.5636741850625590,-0.9455560394649540
54452166,1.102000,0.000000,0.000000,1023.9,1024.24,1025.52,1026.44,0.0,0.02,1.0,1.0,1.0,1.0,1400.18,0.0,0.0,0.0,0.0,0.0,0.0,326.13155421441900,449.2566058784460,6.53206778150594,323.87305576001400,219.51452941866700,7.8549916392665000,323.2757410557650,29.445670261780200,-5.201556317746980,0.5632327487026930,-0.9464070749892440
54452266,1.201000,0.000000,0.000000,1023.97,1024.23,1025.56,1026.37,0.0,0.02,1.0,1.0,1.0,1.0,1400.28,0.0,0.0,0.0,0.0,0.0,0.0,326.1235745559690,449.26333730502900,6.534277592693620,323.8337947594500,219.46617830925500,7.647341420641570,323.23002941741200,29.450280238675200,-5.178969920169760,0.5708964251463560,-0.9597391913755530
54452367,1.302000,0.000000,0.000000,1023.93,1024.19,1025.46,1026.46,0.0,0.02,1.0,1.0,1.0,1.0,1400.21,0.0,0.0,0.0,0.0,0.0,0.0,326.127095163089,449.2524861770410,6.5222152818442200,323.81225464363700,219.44162637187400,7.581282464203810,323.25358117758600,29.44273324589300,-5.170839105936900,0.577109831821397,-0.9857474217627030
54452466,1.402000,0.000000,0.000000,1023.93,1024.16,1025.52,1026.37,0.0,0.02,1.0,1.0,1.0,1.0,1400.59,0.0,0.0,0.0,0.0,0.0,0.0,326.12562156777600,449.26697081073400,6.515054754725290,323.8463063708840,219.44805338862400,7.613560234787270,323.19918990414,29.494917784325600,-5.159650189090740,0.5682337238192830,-0.9412777296815480
54452566,1.501000,0.000000,0.000000,1023.88,1024.31,1025.53,1026.45,0.0,0.02,1.0,1.0,1.0,1.0,1400.54,0.0,0.0,0.0,0.0,0.0,0.0,326.1302322613150,449.265402529963,6.525179286661280,323.80285770264400,219.433111550101,7.613005548367330,323.3191301085910,29.439624945582700,-5.244837157753270,0.5801803620800900,-1.0144847250264100
54452667,1.601000,0.000000,0.000000,1023.93,1024.38,1025.55,1026.43,0.0,0.0,1.0,1.0,1.0,1.0,1400.45,0.0,0.0,0.0,0.0,0.0,0.0,326.1755477343530,449.2481499476270,6.539620699033730,323.8939471516100,219.49867397527800,7.839999773627000,323.15933265191600,29.484488884730800,-5.118097630595870,0.5689753422654040,-0.9164403763458530
54452766,1.701000,0.000000,0.000000,1023.93,1024.25,1025.4,1026.37,0.0,0.0,1.0,1.0,1.0,1.0,1400.46,0.0,0.0,0.0,0.0,0.0,0.0,326.13065515469000,449.26148176117200,6.511929636815910,323.83729678074900,219.4927232360140,7.802674758534240,323.29413623217700,29.44902333306960,-5.237253506167450,0.5718592611972550,-0.9799629108727960
54452867,1.801000,0.000000,0.000000,1023.94,1024.27,1025.55,1026.31,0.0,0.0,1.0,1.0,1.0,1.0,1400.52,0.0,0.0,0.0,0.0,0.0,0.0,326.1280903517860,449.2595292532080,6.559618169969390,323.83920934610300,219.45385148091900,7.629013234492380,323.16204162190500,29.49652700159950,-5.0903504341845300,0.5706511969639900,-0.9370528953971260
54452967,1.902000,0.000000,0.000000,1023.94,1024.23,1025.5,1026.41,0.0,0.0,1.0,1.0,1.0,1.0,1400.38,0.0,0.0,0.0,0.0,0.0,0.0,326.1280201050230,449.25956145428500,6.545486940289710,323.80524169606500,219.4385216747330,7.610300504262840,323.2853898649610,29.445188619368200,-5.205670363547260,0.5790630329136320,-1.0013561356100500
54453067,2.002000,0.000000,0.000000,1023.92,1024.32,1025.61,1026.35,0.0,0.0,1.0,1.0,1.0,1.0,1400.39,0.0,0.0,0.0,0.0,0.0,0.0,326.12846898532000,449.26283084184500,6.526888356982450,323.86600870515000,219.50406008189900,7.843956679639840,323.1930508950790,29.495769905625800,-5.126776371391920,0.5641797060427090,-0.9254341552319200
54453167,2.106000,0.000000,0.000000,1023.91,1024.25,1025.53,1026.34,0.0,0.0,1.0,1.0,1.0,1.0,1400.41,0.0,0.0,0.0,0.0,0.0,0.0,326.1296737263340,449.25248622316500,6.532645730609950,323.8764904349730,219.51745435511600,7.84795757569655,323.267481885864,29.444098355272800,-5.177909581264540,0.5619245478679190,-0.9402699719721640
54453268,2.201000,0.000000,0.000000,1023.9,1024.3,1025.38,1026.37,0.0,0.01,1.0,1.0,1.0,1.0,1400.44,0.0,0.0,0.0,0.0,0.0,0.0,326.1337383544040,449.2632880147810,6.5348677118357100,323.85810024948500,219.49630482389900,7.807409956724850,323.26498701944700,29.45430392867350,-5.197662685792200,0.5674453063318050,-0.9560734335154520
54453367,2.301000,0.000000,0.000000,1023.93,1024.27,1025.59,1026.37,0.0,0.01,1.0,1.0,1.0,1.0,1400.51,0.0,0.0,0.0,0.0,0.0,0.0,326.12432897200700,449.2579642025420,6.530932401935890,323.83983150947800,219.443408788192,7.616861865351100,323.241672706448,29.44600517908630,-5.155243273619950,0.5695363878517960,-0.9586920914761300
54453475,2.402000,0.000000,0.000000,1023.96,1024.19,1025.51,1026.31,0.0,0.01,1.0,1.0,1.0,1.0,1400.48,0.0,0.0,0.0,0.0,0.0,0.0,326.1363422915080,449.2447955133400,6.525533515947130,323.8516137333700,219.51949290595300,7.8578468046104,323.2686669968360,29.447027208968400,-5.168570793206280,0.5646014729517150,-0.9472169695727540
54453583,2.515000,0.000000,0.000000,1023.91,1024.27,1025.47,1026.33,0.0,0.01,1.0,1.0,1.0,1.0,1400.55,0.0,0.0,0.0,0.0,0.0,0.0,326.126676718392,449.25058211674300,6.534014151260800,323.8768933717120,219.51787883078200,7.808112980971020,323.24692359296300,29.44177632665260,-5.166987854376370,0.5610823718703770,-0.9322698705463150
54453676,2.618000,0.000000,0.000000,1023.89,1024.31,1025.56,1026.33,0.0,0.01,1.0,1.0,1.0,1.0,1400.54,0.0,0.0,0.0,0.0,0.0,0.0,326.13522955519800,449.24039571006800,6.522238341614720,323.83951835974100,219.46382523831500,7.675024528902300,323.220494743177,29.4474533327899,-5.165563776519950,0.5731650610562570,-0.9596761258129260
54453777,2.712000,0.000000,0.000000,1023.91,1024.29,1025.55,1026.31,0.0,0.01,1.0,1.0,1.0,1.0,1400.47,0.0,0.0,0.0,0.0,0.0,0.0,326.1321545366760,449.27041709306200,6.5417448371031100,323.8466740898170,219.49410387231300,7.8364358855732,323.26282614815100,29.445276149403500,-5.1855537246928600,0.5691093360901540,-0.9622011818393590
54453875,2.811000,0.000000,0.000000,1023.99,1024.18,1025.52,1026.24,0.0,0.01,1.0,1.0,1.0,1.0,1400.53,0.0,0.0,0.0,0.0,0.0,0.0,326.1294880720720,449.2661503298880,6.53021181650149,323.8720322099330,219.5037279366000,7.85803052832846,323.18320039083300,29.504948179381400,-5.110456300799950,0.5629229107181250,-0.9181235236251680
54453975,2.909000,0.000000,0.000000,1023.85,1024.41,1025.42,1026.27,-0.01,0.01,1.0,1.0,1.0,1.0,1400.53,0.0,0.0,0.0,0.0,0.0,0.0,326.12237103837100,449.2675619870120,6.515251424493770,323.873405403184,219.51918423457800,7.850272369956920,323.259221046891,29.45296258713900,-5.191039459479510,0.5608401893923450,-0.9365341246637190
54454076,3.014000,0.000000,0.000000,1023.89,1024.3,1025.51,1026.27,0.0,0.01,1.0,1.0,1.0,1.0,1400.52,0.0,0.0,0.0,0.0,0.0,0.0,326.1346593619570,449.27242493296900,6.530867698677840,323.87745291661400,219.51116253559000,7.864282712524390,323.22653496681900,29.458514972074000,-5.149968300021760,0.562863561269349,-0.9294935736426940
54454175,3.111000,0.000000,0.000000,1023.93,1024.33,1025.37,1026.33,0.0,0.01,1.0,1.0,1.0,1.0,1400.5,0.0,0.0,0.0,0.0,0.0,0.0,326.1359520680410,449.26578958961400,6.526675642260240,323.86977024630300,219.51529185321600,7.883167811638510,323.20723076095700,29.502217113137200,-5.145807010473000,0.565128017746966,-0.9304773492959400
54454278,3.210000,0.000000,0.000000,1023.89,1024.34,1025.4,1026.26,0.0,0.01,1.0,1.0,1.0,1.0,1400.55,0.0,0.0,0.0,0.0,0.0,0.0,326.12452711497500,449.2537488701730,6.542455720155030,323.80335881564900,219.44649358252800,7.590811348496880,323.2642844566280,29.45068840398140,-5.21199369689833,0.5786963711949200,-0.994828086263918
54454375,3.313000,0.000000,0.000000,1023.93,1024.31,1025.44,1026.38,0.0,0.0,1.0,1.0,1.0,1.0,1400.55,0.0,0.0,0.0,0.0,0.0,0.0,326.1238212162530,449.2642146110520,6.53411208564305,323.86714788642800,219.50431673832600,7.851669045352810,323.1953058806640,29.49400593376470,-5.133517091333510,0.5732916676310530,-0.9713501603637480
54454475,3.410000,0.000000,0.000000,1023.96,1024.25,1025.48,1026.41,0.0,0.0,1.0,1.0,1.0,1.0,1400.51,0.0,0.0,0.0,0.0,0.0,0.0,326.1281760892080,449.2390028067640,6.539725036902430,323.8209598919950,219.44091192357300,7.640833704767240,323.28128913104800,29.44693549819780,-5.184326376662990,0.5665391407679360,-0.9502061126410770
54454576,3.511000,0.000000,0.000000,1023.93,1024.25,1025.47,1026.35,0.0,0.0,1.0,1.0,1.0,1.0,1400.53,0.0,0.0,0.0,0.0,0.0,0.0,326.12451158176400,449.2574058778630,6.5575548787078300,323.84874931942200,219.4407357516510,7.614976655732410,323.25832926919400,29.45681937133850,-5.171654121901710,0.5673535820182720,-0.9566595735104630
54454675,3.611000,0.000000,0.000000,1023.97,1024.32,1025.51,1026.26,0.0,0.0,1.0,1.0,1.0,1.0,1400.52,0.0,0.0,0.0,0.0,0.0,0.0,326.1823058493550,449.2478080764150,6.551034487407,323.83336306587400,219.4339275554800,7.638589107977760,323.2124180558580,29.435366327711100,-5.15203238310701,0.5856035375686480,-0.983956174454067
54454775,3.709000,0.000000,0.000000,1023.91,1024.33,1025.51,1026.27,0.0,0.0,1.0,1.0,1.0,1.0,1400.56,0.0,0.0,0.0,0.0,0.0,0.0,326.13281970298300,449.26006270662000,6.541141626552800,323.8399942286300,219.50190939484600,7.831456873011850,323.26601155992300,29.459586971908300,-5.201550180329170,0.5717527771872730,-0.9704562882297790
54454876,3.811000,0.000000,0.000000,1023.92,1024.32,1025.47,1026.37,0.0,0.0,1.0,1.0,1.0,1.0,1400.53,0.0,0.0,0.0,0.0,0.0,0.0,326.1339558358630,449.24904104103600,6.542688866521230,323.84929224642500,219.44389467783900,7.656505024660770,323.23637675534100,29.437806109208700,-5.113737563019940,0.5696011204061890,-0.954380010657638
54454976,3.911000,0.000000,0.000000,1023.97,1024.29,1025.6,1026.36,0.0,0.0,1.0,1.0,1.0,1.0,1400.57,0.0,0.0,0.0,0.0,0.0,0.0,326.12737105036100,449.259020510185,6.533300302324500,323.8149277012240,219.4555418829160,7.668228672685060,323.3015290355400,29.458289633754100,-5.2264726525204600,0.5765307528627410,-0.9982408185291430
54455076,4.011000,0.000000,0.000000,1023.91,1024.38,1025.58,1026.26,0.0,0.0,1.0,1.0,1.0,1.0,1400.53,0.0,0.0,0.0,0.0,0.0,0.0,326.11977959525800,449.25183974247800,6.562150650612300,323.8700338726920,219.51479688893400,7.837677318808850,323.24469421305700,29.443534030816500,-5.170277107335120,0.5610623916556730,-0.9336207798877070
54455176,4.111000,0.000000,0.000000,1024.0,1024.31,1025.51,1026.34,0.0,0.0,1.0,1.0,1.0,1.0,1400.48,0.0,0.0,0.0,0.0,0.0,0.0,326.1298454988790,449.25103482886,6.5267900108227800,323.85404683964600,219.51503453232100,7.843835667970400,323.31320504183600,29.444778699393300,-5.227154250691240,0.5675618667756700,-0.9720899720128590
54455276,4.213000,0.000000,0.000000,1023.96,1024.29,1025.59,1026.38,0.0,0.0,1.0,1.0,1.0,1.0,1400.52,0.0,0.0,0.0,0.0,0.0,0.0,326.1845317823520,449.1841285949930,6.531781101675170,323.86231236574100,219.50894900896100,7.792487401223160,323.18855387525900,29.539935821037900,-5.119844357504380,0.5792913199306120,-0.955373940685777
54455376,4.313000,0.000000,0.000000,1023.95,1024.34,1025.49,1026.27,0.01,0.0,1.0,1.0,1.0,1.0,1400.33,0.0,0.0,0.0,0.0,0.0,0.0,326.1373883337990,449.3378602393380,6.466972962697490,323.8641664509350,219.53968724614700,7.670792558601430,323.2292138322200,29.338641159562100,-5.142259424855400,0.5667659140038520,-0.9422606922923950
54455476,4.412000,0.000000,0.000000,1023.96,1024.33,1025.39,1026.27,0.0,0.0,1.0,1.0,1.0,1.0,1400.59,0.0,0.0,0.0,0.0,0.0,0.0,326.12482003668900,449.33210644393600,6.472827903804530,323.88035383058900,219.45222161865300,7.514029511627730,323.14460695891500,29.39595953930750,-5.114062941778930,0.559398030069765,-0.8969934239354110
54455577,4.512000,0.000000,0.000000,1023.98,1024.35,1025.5,1026.32,0.01,0.0,1.0,1.0,1.0,1.0,1400.49,0.0,0.0,0.0,0.0,0.0,0.0,326.17019167541100,449.21738904442900,6.546594111502920,323.8675900810880,219.51318270738900,7.804005293714090,323.19588312783800,29.513271016243400,-5.138432078305980,0.5743252884517660,-0.9460935714168110
54455676,4.612000,0.000000,0.000000,1023.96,1024.28,1025.58,1026.34,0.01,0.0,1.0,1.0,1.0,1.0,1400.51,0.0,0.0,0.0,0.0,0.0,0.0,326.1284577413100,449.28417520908500,6.530962700650990,323.8221795186820,219.44636990007800,7.635837475652800,323.25959882228100,29.432676824485700,-5.171996051805090,0.5749079166092650,-0.9801785569140200
54455776,4.710000,0.000000,0.000000,1023.87,1024.44,1025.43,1026.3,0.01,0.0,1.0,1.0,1.0,1.0,1400.6,0.0,0.0,0.0,0.0,0.0,0.0,326.1300725360990,449.2373801004120,6.553668538205500,323.884241863187,219.4387442383640,7.597794378306610,323.28002739115600,29.441670383979700,-5.192965670189310,0.559935972114754,-0.9376648093310310
54455877,4.811000,0.000000,0.000000,1023.99,1024.26,1025.53,1026.35,0.01,0.0,1.0,1.0,1.0,1.0,1400.51,0.0,0.0,0.0,0.0,0.0,0.0,326.1231803781140,449.2604086423940,6.520156650595570,323.8693911876740,219.57172826322100,7.782255934399020,323.32683089174600,29.463917449401700,-5.233792567956970,0.5621890645497300,-0.9608586474182400
54455978,4.911000,0.000000,0.000000,1023.95,1024.22,1025.45,1026.29,0.01,0.0,1.0,1.0,1.0,1.0,1400.56,0.0,0.0,0.0,0.0,0.0,0.0,326.1286017276690,449.2618891444180,6.5412154095073700,323.87881724300100,219.44696214863,7.6121826237713100,323.29918760499000,29.426429021357100,-5.188602945356270,0.560881923051512,-0.9469920549220840
54456078,5.013000,0.000000,0.000000,1023.93,1024.3,1025.6,1026.29,0.01,0.0,1.0,1.0,1.0,1.0,1400.58,0.0,0.0,0.0,0.0,0.0,0.0,326.12860590880600,449.2502073292240,6.532450763605510,323.864988193626,219.50754118859200,7.847909013086880,323.2989838417260,29.464844245985700,-5.2153990259344,0.5645078776465620,-0.958372183161891
54456177,5.112000,0.000000,0.000000,1023.87,1024.27,1025.46,1026.47,0.01,0.0,1.0,1.0,1.0,1.0,1400.42,0.0,0.0,0.0,0.0,0.0,0.0,326.13249116070700,449.24758966430200,6.517299483729160,323.82313201782700,219.4495692711960,7.620885765968840,323.1607953453960,29.48317441244080,-5.104608859471980,0.5757755352797730,-0.9517844634082290
54456278,5.213000,0.000000,0.000000,1023.92,1024.38,1025.54,1026.3,0.01,0.0,1.0,1.0,1.0,1.0,1400.49,0.0,0.0,0.0,0.0,0.0,0.0,326.1242120228240,449.25566321053200,6.533491567564700,323.77299825927900,219.48172023025400,7.6544450180421,323.1413934273600,29.48618505761140,-5.169266760125240,0.5862715415080390,-0.9820746183196070
54456377,5.313000,0.000000,0.000000,1023.97,1024.25,1025.6,1026.4,0.01,0.0,1.0,1.0,1.0,1.0,1400.47,0.0,0.0,0.0,0.0,0.0,0.0,326.1317668575350,449.2221625704690,6.5395373288703400,323.77947300371700,219.45204154881200,7.620459522845670,323.0012224242320,29.444349118902000,-5.0310247751924600,0.5865505972906980,-0.9384253049592830
54456477,5.413000,0.000000,0.000000,1023.98,1024.27,1025.53,1026.54,0.01,0.01,1.0,1.0,1.0,1.0,1400.57,0.0,0.0,0.0,0.0,0.0,0.0,326.1345968112620,449.2860774619080,6.498068741068060,323.85119170466000,219.5265429827520,7.83025174921547,323.168055774382,29.50924825312150,-5.165485483966030,0.5694003898372220,-0.9328161767200930
54456577,5.512000,0.000000,0.000000,1023.96,1024.28,1025.54,1026.39,0.02,0.01,1.0,1.0,1.0,1.0,1400.51,0.0,0.0,0.0,0.0,0.0,0.0,326.1281593961990,449.2484578164930,6.523618907984060,323.8712404852390,219.51206893591200,7.8272648206694700,323.2621899908590,29.42258364815440,-5.1867611654484400,0.5628527949243850,-0.9421294000608680
54456678,5.612000,0.000000,0.000000,1024.0,1024.28,1025.32,1026.38,0.02,0.01,1.0,1.0,1.0,1.0,1400.56,0.0,0.0,0.0,0.0,0.0,0.0,326.12586067960000,449.2950827678080,6.497757766330010,323.9128548709950,219.4389678563190,7.542219407791330,323.38542367456700,29.440919613483300,-5.224401813006720,0.5516145410618080,-0.9441774276784590
54456777,5.713000,0.000000,0.000000,1023.97,1024.23,1025.56,1026.44,0.02,0.01,1.0,1.0,1.0,1.0,1400.51,0.0,0.0,0.0,0.0,0.0,0.0,326.1242750893320,449.2406401630800,6.514849172832280,323.93949364773800,219.4743390574850,7.681927898782730,323.3789077805420,29.47353138545340,-5.245155720676270,0.5447926117119690,-0.9205379891577190
54456878,5.812000,0.000000,0.000000,1023.98,1024.28,1025.51,1026.37,0.01,0.01,1.0,1.0,1.0,1.0,1400.5,0.0,0.0,0.0,0.0,0.0,0.0,326.1209668958820,449.28345558534300,6.538329875266570,323.9106373804990,219.4873681804320,7.709924603796820,323.37010780290100,29.443551350821900,-5.232131007810370,0.5510913985383890,-0.9392204839493870
54456978,5.912000,0.000000,0.000000,1023.92,1024.4,1025.41,1026.31,0.01,0.01,1.0,1.0,1.0,1.0,1400.49,0.0,0.0,0.0,0.0,0.0,0.0,326.1270068516220,449.2654551897250,6.501057761719760,323.8738310052230,219.51178651173200,7.827262768618660,323.2254186223490,29.457887977397000,-5.168964188271230,0.5618771130063940,-0.9282773162280460
54457078,6.013000,0.000000,0.000000,1023.92,1024.35,1025.57,1026.37,0.01,0.01,1.0,1.0,1.0,1.0,1400.51,0.0,0.0,0.0,0.0,0.0,0.0,326.11539234615,449.27424546356000,6.5333205963310500,323.8231082160200,219.51226035304300,7.816454162512770,323.21572918138900,29.50794773584660,-5.180705082114140,0.5716082609059590,-0.9600620647711100
54457177,6.114000,0.000000,0.000000,1023.92,1024.31,1025.53,1026.44,0.0,0.01,1.0,1.0,1.0,1.0,1400.51,0.0,0.0,0.0,0.0,0.0,0.0,326.1232193755340,449.26732492794600,6.530413224137640,323.8413311447720,219.5061603349710,7.843631020256020,323.0467104231360,29.500583033880600,-5.0429971785193200,0.5690181227434730,-0.898421446364489
54457277,6.212000,0.000000,0.000000,1023.96,1024.26,1025.52,1026.48,0.0,0.01,1.0,1.0,1.0,1.0,1400.46,0.0,0.0,0.0,0.0,0.0,0.0,326.1203474676190,449.26491136806900,6.52288871668168,323.8307466364270,219.51997328002500,7.824764272147670,323.21043128804100,29.50729166823190,-5.2020448996103700,0.5709815535338990,-0.9549159854404840
54457377,6.312000,0.000000,0.000000,1024.0,1024.28,1025.53,1026.45,0.0,0.01,1.0,1.0,1.0,1.0,1400.58,0.0,0.0,0.0,0.0,0.0,0.0,326.1179745943730,449.2619207186050,6.536248770379620,323.87626256824300,219.51457434726400,7.824475311970860,323.1700570949480,29.507179156366900,-5.1436784677803700,0.5590339309211870,-0.9051161147154960
54457478,6.412000,0.000000,0.000000,1023.99,1024.3,1025.51,1026.45,-0.01,0.01,1.0,1.0,1.0,1.0,1400.45,0.0,0.0,0.0,0.0,0.0,0.0,326.1236252344670,449.270296912085,6.5021510478358300,323.8779836549060,219.5177372247370,7.831955874454240,323.3535384224530,29.457117525881900,-5.231418110590570,0.5600011067474950,-0.9619030649726170
54457577,6.512000,0.000000,0.000000,1023.95,1024.32,1025.47,1026.42,-0.01,0.01,1.0,1.0,1.0,1.0,1400.52,0.0,0.0,0.0,0.0,0.0,0.0,326.1281945329630,449.2680596399040,6.509612759254320,323.9242431326890,219.48279630972000,7.705026575133540,323.3433158702180,29.46576160291880,-5.1896809930726000,0.5495271525431020,-0.923888027521123
54457677,6.612000,0.000000,0.000000,1023.95,1024.22,1025.52,1026.34,-0.01,0.01,1.0,1.0,1.0,1.0,1400.45,0.0,0.0,0.0,0.0,0.0,0.0,326.146042637505,449.2786133529900,6.2786791529886700,323.9034597122590,219.47271911717500,7.366384190511680,323.3285246572470,29.50307731272790,-5.135625505610360,0.559108628429788,-0.9448145423043040
54457777,6.713000,0.000000,0.000000,1023.92,1024.23,1025.51,1026.4,-0.01,0.01,1.0,1.0,1.0,1.0,1400.6,0.0,0.0,0.0,0.0,0.0,0.0,326.1514336334160,449.3747913044020,6.435791176614250,323.9241373178070,219.46747740531900,7.396733367625000,323.40191263779400,29.258182946845300,-5.135877692559640,0.5550527484710390,-0.9527988047190630
54457877,6.813000,0.000000,0.000000,1023.94,1024.3,1025.51,1026.27,-0.01,0.01,1.0,1.0,1.0,1.0,1400.36,0.0,0.0,0.0,0.0,0.0,0.0,326.1218661096100,449.2345091730730,6.507892318247920,323.847277437283,219.4350908524530,7.576282941119270,323.3240026575950,29.492033701392200,-5.24052604797357,0.5671035903919850,-0.9763632405851700
54457977,6.913000,0.000000,0.000000,1023.86,1024.33,1025.58,1026.35,-0.01,0.01,1.0,1.0,1.0,1.0,1400.47,0.0,0.0,0.0,0.0,0.0,0.0,326.13097980241500,449.31452097459400,6.480280912876510,323.81218003258800,219.48088731534400,7.651497434628180,323.14752810772200,29.47437596531330,-5.0953778540491500,0.5780395615481110,-0.955656545240648
54458078,7.013000,0.000000,0.000000,1023.9,1024.32,1025.53,1026.36,-0.01,0.01,1.0,1.0,1.0,1.0,1400.5,0.0,0.0,0.0,0.0,0.0,0.0,326.1267826545040,449.27412951977600,6.520330937295380,323.7931883121170,219.45351483656200,7.546525442557630,323.10250240817100,29.471328940978600,-5.0900502374995900,0.5817603100354810,-0.9552210222328020
54458177,7.113000,0.000000,0.000000,1023.91,1024.31,1025.47,1026.31,0.0,0.01,1.0,1.0,1.0,1.0,1400.43,0.0,0.0,0.0,0.0,0.0,0.0,326.12797999679000,449.24282438881000,6.499122871474060,323.81014145311100,219.52657346153500,7.829376278294550,323.06964252943800,29.529447519141000,-5.09022778493916,0.5780951895791090,-0.932885694789797
54458277,7.212000,0.000000,0.000000,1023.97,1024.3,1025.5,1026.38,0.0,0.01,1.0,1.0,1.0,1.0,1400.43,0.0,0.0,0.0,0.0,0.0,0.0,326.1263955399760,449.26687789521900,6.532928797127310,323.8051767741120,219.4426462122760,7.616530980924240,323.16582730306800,29.466520932643100,-5.135819930829480,0.5786662077715840,-0.9645087753460730
54458378,7.312000,0.000000,0.000000,1024.03,1024.2,1025.36,1026.21,0.0,0.01,1.0,1.0,1.0,1.0,1400.48,0.0,0.0,0.0,0.0,0.0,0.0,326.1258253349880,449.2808514940210,6.516308900239220,323.8392525072900,219.45029989691300,7.6377705449696700,323.2924163168770,29.460992546614300,-5.216387213624740,0.5700140793435850,-0.9751171975736320
54458477,7.413000,0.000000,0.000000,1024.01,1024.28,1025.45,1026.42,0.0,0.0,1.0,1.0,1.0,1.0,1400.36,0.0,0.0,0.0,0.0,0.0,0.0,326.13545168411500,449.25763294555600,6.518670716939710,323.8698859930680,219.47381380601200,7.725814871557930,323.37463930569100,29.451487344338600,-5.205067187988700,0.5648924576731960,-0.9804578268638680
54458577,7.512000,0.000000,0.000000,1023.99,1024.41,1025.55,1026.36,0.01,0.01,1.0,1.0,1.0,1.0,1400.44,0.0,0.0,0.0,0.0,0.0,0.0,326.1334141234690,449.2742228419710,6.51933191132246,323.9499141534670,219.48131523866100,7.679172815009690,323.40615166202200,29.453993798383100,-5.233590694962420,0.5444100479853690,-0.9248688780790300
54458677,7.613000,0.000000,0.000000,1023.86,1024.39,1025.51,1026.29,0.01,0.0,1.0,1.0,1.0,1.0,1400.43,0.0,0.0,0.0,0.0,0.0,0.0,326.12988282805300,449.27007565371300,6.514774593294680,323.9229942366730,219.47740419336100,7.678685502523010,323.3773709028350,29.44861442046370,-5.230731391632950,0.5502417203058300,-0.9359724296168080
54458778,7.713000,0.000000,0.000000,1023.92,1024.41,1025.36,1026.24,0.02,0.0,1.0,1.0,1.0,1.0,1400.42,0.0,0.0,0.0,0.0,0.0,0.0,326.1312322117940,449.26606083641200,6.512542721538040,323.8803326197150,219.51973720824100,7.8112257442560800,323.28734719773500,29.46457027555230,-5.181813287728180,0.5613274611874150,-0.94388866049247
54458878,7.813000,0.000000,0.000000,1023.87,1024.31,1025.48,1026.25,0.03,0.0,1.0,1.0,1.0,1.0,1400.44,0.0,0.0,0.0,0.0,0.0,0.0,326.1721444180850,449.26365960207300,6.556159417508160,323.80080251866600,219.46572941351900,7.649891226756470,323.2198227629060,29.456240362014700,-5.186877590035930,0.5912283896552740,-1.0072677168205500
54458978,7.914000,0.000000,0.000000,1023.9,1024.32,1025.51,1026.39,0.04,0.0,1.0,1.0,1.0,1.0,1400.4,0.0,0.0,0.0,0.0,0.0,0.0,326.1307631431900,449.2657391170530,6.549182137953460,323.8449717777430,219.50026193683400,7.839796371324720,323.10852672891100,29.494254358321700,-5.0676720031013,0.5699806575640410,-0.9178894849436560
54459078,8.015000,0.000000,0.000000,1023.94,1024.3,1025.49,1026.31,0.05,0.0,1.0,1.0,1.0,1.0,1400.42,0.019609917665234200,-0.03386659479587550,1.45874435610145E-05,0.00015050991561205700,0.0008740048556388870,0.0096788718743921,326.12464985475200,449.2564836559200,6.522231240994620,323.8192035576590,219.51068544739100,7.857299913338670,323.1636482804080,29.49965871394490,-5.1635579158890500,0.5749306854131260,-0.9521865187848620
54459178,8.120000,0.000000,0.000000,1023.78,1024.35,1025.47,1026.35,0.06,0.0,1.0,1.0,1.0,1.0,1400.37,0.019625398816395700,-0.033840953968762500,0.0002678963369273460,0.0005044359270602910,0.005892716992205790,0.019512927403810700,326.13037688322800,449.2582070266970,6.522066804008740,323.81902386762000,219.45391999350200,7.666428260863320,323.1942505425400,29.495249938708600,-5.134972456162450,0.5762569058098360,-0.9640688957206320
54459277,8.214000,0.000000,0.000000,1023.82,1024.34,1025.51,1026.39,0.07,0.0,1.0,1.0,1.0,1.0,1400.29,0.019652546482800200,-0.033783589009472500,0.0005931611749879430,0.0010554881170253000,-0.010395965103109600,-0.03215716933122290,326.1251198968810,449.25755625548300,6.534726584091640,323.8526006429240,219.4515452638330,7.614198790901560,323.2977257644750,29.4508659585408,-5.212884287294520,0.5665714205975000,-0.9658176588387240
54459377,8.314000,0.000000,0.000000,1024.02,1024.31,1025.49,1026.19,0.08,0.0,1.0,1.0,1.0,1.0,1400.37,0.019682075762818100,-0.03373872648610990,0.00016899715095232000,0.0003014435722820270,-0.0010122789660057400,0.0007440020521505760,326.12685207316200,449.25558705886000,6.5183778043544100,323.88855325913200,219.4515078846370,7.618627171268210,323.3517633362770,29.451375181446000,-5.234568727812350,0.5580450119286340,-0.9542179514609090
54459477,8.412000,0.000000,0.000000,1023.92,1024.35,1025.55,1026.22,0.08,0.0,1.0,1.0,1.0,1.0,1400.43,0.019694826700419700,-0.03370262136646420,9.93409703257127E-05,0.0003742062464656180,-0.0005755173695332160,0.0011414810715405700,326.1298911174000,449.25650828598000,6.536358011333710,323.90292902152600,219.45484149944000,7.598982836241850,323.3511019774150,29.455251661736200,-5.232163647550530,0.5552245856371200,-0.9440421186299550
54459577,8.512000,0.000000,0.000000,1023.94,1024.29,1025.54,1026.21,0.08,0.0,1.0,1.0,1.0,1.0,1400.48,0.019700984230387000,-0.03366200573113840,8.9315421053443E-05,0.0004258998728260610,-0.00043192291999940600,0.002227076186710110,326.1183709730820,449.2636801738300,6.539480410310980,323.8481548760190,219.43551006257500,7.608925553685980,323.3231848861040,29.44025506204470,-5.2517888024531000,0.5659426804936560,-0.9735735744747650
54459677,8.613000,0.000000,0.000000,1023.9,1024.31,1025.58,1026.25,0.05,0.0,1.0,1.0,1.0,1.0,1400.4,0.019704757866801700,-0.03362643234291160,4.20817842941234E-05,0.000309274471409529,6.11422785756003E-05,-0.0025728977619287400,326.12726429617800,449.252501409591,6.518332954599710,323.86017579669700,219.50952871218900,7.806484329204570,323.2555355495630,29.450149262968500,-5.15423388644449,0.5653726219055680,-0.948469486031075
54459777,8.712000,0.000000,0.000000,1023.95,1024.43,1025.57,1026.23,0.06,0.0,1.0,1.0,1.0,1.0,1400.45,0.019710527470527200,-0.03359913327298000,7.85580751977249E-05,0.00022611059268147300,0.0008784318962579710,-0.002304549823648280,326.1288836137010,449.2510299609760,6.508250553298840,323.7957417976730,219.4321173940520,7.616272177990390,323.17430480520800,29.479993864257100,-5.115435389738450,0.5816518114699090,-0.975858548827223
54459877,8.812000,0.000000,0.000000,1024.0,1024.44,1025.53,1026.19,0.07,0.0,1.0,1.0,1.0,1.0,1400.41,0.019724367929041700,-0.03358753203686750,0.00017321784291120400,6.8298965792506E-05,0.0009510182520799880,-0.0013734400422229200,326.1722196002480,449.24679495640700,6.524330150760910,323.7687774842710,219.4407595200880,7.633953629646740,323.13578913702300,29.490757715504000,-5.110627077091810,0.5992099761056870,-1.0074885166444000
54459977,8.912000,0.000000,0.000000,1023.91,1024.36,1025.5,1026.22,0.07,0.0,1.0,1.0,1.0,1.0,1400.66,0.01975025821827710,-0.03359325051754670,0.000307297191117635,-0.00013975890563329000,0.0010399394728309100,-0.0020474808714422500,326.1780024429760,449.2645706621790,6.508257188063360,323.7821804922050,219.4513510551300,7.635433308594180,323.11387920631500,29.49146074119540,-5.126527607956960,0.5993136352727450,-1.0046702799688700
54460077,9.013000,0.000000,0.000000,1023.96,1024.34,1025.54,1026.16,0.04,0.0,1.0,1.0,1.0,1.0,1400.45,0.019788504886348100,-0.033618062898750700,0.00041267059327827700,-0.00028914905735074800,0.00039094758579852800,-0.0005975965207743040,326.1796277989720,449.26692798348800,6.501213419618470,323.79437619985300,219.44449960406500,7.647006555616030,323.1043315435500,29.500118464087400,-5.115769740813460,0.5946327516954010,-0.9811178745240140
54460178,9.112000,0.000000,0.000000,1023.92,1024.36,1025.48,1026.3,0.02,0.0,1.0,1.0,1.0,1.0,1400.46,0.019834357632785900,-0.033649845459156100,0.00046504105131702300,-0.0003154772279235380,-0.00033659272162146100,0.0004834813220894590,326.1252367227840,449.27025568654700,6.512015926665750,323.84901546999400,219.49440923970600,7.541103610319160,323.2650393171440,29.452534645522400,-5.192922574928080,0.5675688160498860,-0.9590750477237330
54460278,9.213000,0.000000,0.000000,1023.8,1024.3,1025.39,1026.24,0.01,0.0,1.0,1.0,1.0,1.0,1400.53,0.019876860080520100,-0.03367647886814570,0.0003880935667734840,-0.0002208878279266910,-0.0014688141691316600,0.0017064343139683600,326.1284688582370,449.2699555875340,6.533439656627280,323.8861816269550,219.4534261954830,7.628483175372260,323.3376346688480,29.456811378989200,-5.203111850786190,0.5590090436282760,-0.9525975703303460
54460377,9.313000,0.000000,0.000000,1023.98,1024.32,1025.45,1026.21,0.01,0.0,1.0,1.0,1.0,1.0,1400.46,0.0199083966743985,-0.03369123370341350,0.00026827246683197400,-0.00011639137453154400,-0.0014596486593853700,0.0007698688129466510,326.12446095280300,449.2684203775970,6.514177705508350,323.86766282376500,219.38924731496400,7.485023048820940,323.3730384982630,29.456315627940200,-5.234487469764140,0.562473113126031,-0.9757365974722930
54460478,9.412000,0.000000,0.000000,1023.96,1024.36,1025.46,1026.3,0.01,0.0,1.0,1.0,1.0,1.0,1400.6,0.01992912480007040,-0.03370119650703270,0.0001604555689442440,-6.54054970853859E-05,-0.0016081877753871700,0.001717446929116060,326.12493006394,449.26017838229200,6.526488674034140,323.9124445815640,219.4798851756410,7.689169709732470,323.36381315948700,29.455034540042700,-5.221932151382760,0.5516668172450560,-0.9379122301493300
54460578,9.513000,0.000000,0.000000,1023.93,1024.29,1025.5,1026.28,-0.01,0.0,1.0,1.0,1.0,1.0,1400.6,0.01993746001373980,-0.033697761205750300,4.51981720253814E-05,6.94032685815223E-05,-0.0008946973605583270,0.0004986482170928780,326.1268666042000,449.25927983596100,6.513581756760010,323.87163230046800,219.44781824348200,7.645908102461800,323.29810150663100,29.460396172104300,-5.200238225050640,0.562248979298111,-0.9515349606833340
54460678,9.613000,0.000000,0.000000,1023.86,1024.34,1025.52,1026.22,-0.01,0.0,1.0,1.0,1.0,1.0,1400.55,0.019939464013721500,-0.03369008143743540,1.61668203538618E-05,6.30164869162942E-05,3.82438708115474E-06,-0.0006531887312637560,326.1215967495400,449.2648468874980,6.536861091525100,323.80273043614200,219.4557104546110,7.672649386363280,323.24375157759600,29.458829081560700,-5.180647537057990,0.5781177641945110,-0.9876694087983860
54460778,9.714000,0.000000,0.000000,1023.94,1024.34,1025.51,1026.27,0.0,0.0,1.0,1.0,1.0,1.0,1400.48,0.01994274328427300,-0.03368881100075320,4.75764878689339E-05,-1.65613118633866E-05,0.00037936042210287200,-0.0006615381093153760,326.1232255173210,449.2643695530620,6.534074043781120,323.8014783889410,219.44553567369000,7.6326671213025800,323.1488929837650,29.48888905021210,-5.159932403592130,0.5788115099084900,-0.9607873572756230
54460879,9.812000,0.000000,0.000000,1023.92,1024.29,1025.47,1026.3,0.0,0.0,1.0,1.0,1.0,1.0,1400.54,0.019949808981921400,-0.033691317842717600,8.21930654792381E-05,-2.41479539680276E-05,0.00026455701367057800,-6.46412380349431E-05,326.1296286116900,449.2717812024100,6.526528389071720,323.83231426158100,219.50286047530500,7.812638944235340,323.1774485088540,29.488169712352500,-5.146325360589040,0.5728452316654820,-0.9482273352144770
54460979,9.913000,0.000000,0.000000,1023.91,1024.35,1025.52,1026.35,0.02,0.0,1.0,1.0,1.0,1.0,1400.55,0.019959455477433900,-0.03369272091036560,0.00010449672889520300,-1.24611008914935E-05,0.0001935561024621980,-0.00014208688673145700,326.13773560740900,449.2664634544230,6.5231925789575100,323.81084115264600,219.45434884273900,7.661594669835780,323.1803337167350,29.495075228727700,-5.136126569130220,0.5801116103740330,-0.97004939201337
54461079,10.014000,0.000000,0.000000,1023.89,1024.41,1025.53,1026.39,0.01,0.0,1.0,1.0,1.0,1.0,1400.52,0.019971383813482800,-0.033695883912488000,0.00012289914441222200,-5.14037868990962E-05,-9.63925258137033E-05,-0.000684723390198584,326.1260619977700,449.2722617844600,6.524080930887470,323.8155502071480,219.44755793844600,7.654243273813410,323.25656192065300,29.452867159163100,-5.161812543532390,0.5759960186916140,-0.9834211311600890
54461178,10.114000,0.000000,0.000000,1023.93,1024.34,1025.48,1026.29,0.01,0.0,1.0,1.0,1.0,1.0,1400.51,0.019983434662612600,-0.0337059031519554,0.00011198252644607800,-0.00011692754516355200,-0.0004638103892877700,-5.37239936320795E-05,326.13028355546900,449.2593116978570,6.50507728338241,323.88634985064400,219.45252626845800,7.60383159733377,323.31368398022700,29.450695199763800,-5.1935426629645800,0.5594432066820240,-0.9461973508056180
54461279,10.215000,0.000000,0.000000,1024.0,1024.4,1025.58,1026.34,0.02,0.0,1.0,1.0,1.0,1.0,1400.51,0.019989844423618500,-0.03371164700862090,3.02934455878919E-05,-1.60790261276706E-05,-0.0009783102168197700,0.0010632050030239300,326.1242094413930,449.2642004724780,6.532930793106950,323.88407352125200,219.4525297717800,7.656467361237290,323.34604822063300,29.45579890301960,-5.220442393676940,0.5584845557015410,-0.9547216008375780
54461379,10.314000,0.000000,0.000000,1023.98,1024.45,1025.52,1026.4,0.04,0.0,1.0,1.0,1.0,1.0,1400.57,0.019987513333576700,-0.033707380339096700,-5.973026362896E-05,0.0001041804804327590,-0.0010737803152805700,0.0022695214344373500,326.1354891187030,449.2632522413670,6.516434845737060,323.90677708127700,219.47295134728500,7.704988527954980,323.3267436368040,29.450002990912000,-5.194067915711710,0.5556883348436990,-0.9364853451582210
54461479,10.414000,0.000000,0.000000,1023.94,1024.34,1025.41,1026.24,0.04,0.0,1.0,1.0,1.0,1.0,1400.54,0.019977617963164700,-0.03369181355703660,-0.00010046093961725500,0.0001153288265319690,0.00010587853327456800,-0.0014665907501836400,326.1283291129560,449.2669432397180,6.518419684166850,323.86884650548800,219.51186097476800,7.868239425385400,323.2827982641600,29.445996517154700,-5.193232450036110,0.5634462697368000,-0.9502275475615420
54461579,10.513000,0.000000,0.000000,1023.98,1024.39,1025.5,1026.29,0.04,0.0,1.0,1.0,1.0,1.0,1400.41,0.019966047293961400,-0.033678143106803200,-0.00012268276549290800,0.00015586156679875300,-0.00013359918816644900,0.0004849656567731900,326.11858530744800,449.26276528428800,6.478548658299070,323.83878042737400,219.45549363577900,7.638283851883140,323.2149078736090,29.453151489720200,-5.139660419281580,0.5683845941826590,-0.9486392136453600
54461679,10.614000,0.000000,0.000000,1023.92,1024.38,1025.52,1026.33,0.02,0.0,1.0,1.0,1.0,1.0,1400.54,0.019954024760687300,-0.033660566524935300,-0.0001074561240281570,0.00015440059298347200,0.0005827127756762220,-0.001343694194352840,326.12395680853500,449.26386077221800,6.50521919534402,323.79994841764500,219.43147819301400,7.616299190080700,323.25045587154900,29.44198864560820,-5.213890685288300,0.5793410521509020,-0.9929702217438270
54461779,10.715000,0.000000,0.000000,1023.88,1024.32,1025.39,1026.19,0.03,0.0,1.0,1.0,1.0,1.0,1400.42,0.019946465687959900,-0.033653471912469500,-5.69701222347911E-05,4.51313367618414E-05,0.0005747078392279360,-0.00016078819409344600,326.1318746380060,449.2708938678990,6.5277890292403500,323.8416515572610,219.50078257998300,7.817971362203660,323.1953624670550,29.50597491703960,-5.150769101203310,0.571074151526862,-0.9472509011324640
54461879,10.815000,0.000000,0.000000,1023.92,1024.36,1025.52,1026.34,0.05,0.0,1.0,1.0,1.0,1.0,1400.39,0.019942566004143900,-0.03364696243843800,-2.67986809617488E-05,4.90590513531449E-05,0.0004423460257969980,-0.0011206096002940900,326.12831614242900,449.2581470420950,6.504882639789800,323.79972852428,219.46391948490000,7.6777516857354300,323.24494436649100,29.451395171326100,-5.1901032784567700,0.580578884694315,-0.9938703730861360
54461979,10.915000,0.000000,0.000000,1023.92,1024.35,1025.53,1026.32,0.06,0.0,1.0,1.0,1.0,1.0,1400.51,0.019942212788212000,-0.033649089369161800,-1.63267663878635E-07,-3.00579542080759E-05,-8.9476946840811E-05,0.0002700831462224110,326.130516126291,449.2636648469070,6.535811209323800,323.83105633757900,219.44453165153200,7.674001852875110,323.2919602498120,29.45237804711220,-5.212170616272540,0.5732549026345350,-0.9839354720643160
54462080,11.014000,0.000000,0.000000,1023.95,1024.42,1025.64,1026.32,0.07,0.0,1.0,1.0,1.0,1.0,1400.39,0.019941019001021100,-0.033652484096909000,-3.03313043684923E-05,-3.55775351553884E-06,-0.0006679033403302120,0.001282464308978860,326.13455703282200,449.26545002413800,6.506375332509320,323.91088149252600,219.4766443654260,7.716184297764270,323.2940672859720,29.449145934492500,-5.1805252469304000,0.5544362629091160,-0.9228956174510970
54462179,11.114000,0.000000,0.000000,1023.96,1024.43,1025.53,1026.31,0.07,0.0,1.0,1.0,1.0,1.0,1400.47,0.019932833002311500,-0.033640961444674900,-0.00011944640625322400,0.00018863396181409900,0.00012461836275134900,1.09696513423524E-06,326.1348691260630,449.27740302797100,6.514163097990720,323.88227682896,219.51364388721500,7.854912973665770,323.346524686945,29.456589792071000,-5.24038997533476,0.561706934148041,-0.9619031290993130
54462280,11.215000,0.000000,0.000000,1024.03,1024.39,1025.49,1026.38,0.07,0.0,1.0,1.0,1.0,1.0,1400.44,0.019918937520881800,-0.03362113136776030,-0.00015707415589474800,0.00022334466126621600,-0.0004912011955404200,0.0008397223648342630,326.12624063159600,449.25204909560600,6.519617489629220,323.91051621573600,219.47777248212800,7.711940060684140,323.28648157994900,29.453356745839800,-5.1792533335682400,0.5556331669437670,-0.939328407091604
54462379,11.315000,0.000000,0.000000,1023.98,1024.36,1025.5,1026.27,0.07,0.0,1.0,1.0,1.0,1.0,1400.46,0.019900358682594800,-0.033593583539208900,-0.00019084968477770000,0.0002797129336520870,0.00024091658564868900,-0.0008459352862038840,326.1241741640510,449.2737570051100,6.5390089610171,323.8589700288300,219.5023194207290,7.8046251035424400,323.30858035627900,29.458782016644700,-5.21526388379689,0.5648327469635800,-0.9637302688257260
54462479,11.414000,0.000000,0.000000,1023.96,1024.42,1025.46,1026.27,0.07,0.0,1.0,1.0,1.0,1.0,1400.47,0.01988233674848440,-0.03357020063817490,-0.00017341055912947800,0.00023054326160031300,0.00010575458624946700,0.000488631559241297,326.1202027920290,449.26665135802300,6.529357323967180,323.8713051133980,219.51204864391300,7.83919660046894,323.1795998526590,29.496053179896000,-5.113301263133470,0.5608080497248910,-0.9130462000948070
54462579,11.514000,0.000000,0.000000,1023.93,1024.23,1025.6,1026.3,0.07,0.0,1.0,1.0,1.0,1.0,1400.32,0.019865261169561300,-0.03354056004252620,-0.00016430433930213600,0.0002959782119673540,0.00047809379759959800,-0.0010358657079133100,326.12265990865900,449.27223087449500,6.507389328760340,323.8055711788510,219.4555852309530,7.671772056266680,323.2490640690000,29.45298180919560,-5.191705615743090,0.577655749832977,-0.9874958123502280
54462679,11.614000,0.000000,0.000000,1023.97,1024.29,1025.51,1026.23,0.06,0.0,1.0,1.0,1.0,1.0,1400.54,0.019851874710485500,-0.03351413595259210,-0.00012498672220297400,0.0003058583305407270,0.00017992812170645600,0.0016631522424421200,326.123543721439,449.2477843059560,6.5220951349793700,323.81075157265900,219.4522458414390,7.682931282704940,323.1766812857120,29.493685430488200,-5.1266947190220400,0.5766376311893350,-0.9620260954396000
54462780,11.715000,0.000000,0.000000,1023.93,1024.34,1025.49,1026.37,0.06,0.0,1.0,1.0,1.0,1.0,1400.46,0.019840531846500000,-0.03347776621506050,-8.76089550410832E-05,0.00030411269080080300,0.0009198057707493710,-0.0029841164263690800,326.1272253762870,449.2592147040410,6.528999893580100,323.79506984822600,219.44724835406800,7.604363523185070,323.2809732508120,29.437798479104000,-5.218294012100050,0.5814235191177580,-1.007825835672430
54462879,11.815000,0.000000,0.000000,1023.97,1024.34,1025.4,1026.35,0.05,0.01,1.0,1.0,1.0,1.0,1400.43,0.019835611162849500,-0.03346170839052040,-3.50874410820633E-05,0.00010695787241897900,0.00025282006005067600,-0.0009810041869545440,326.1251244474790,449.2733125283300,6.503852037916980,323.8984823929880,219.481713057894,7.727176996998090,323.22028248648100,29.455221417132100,-5.130184076534130,0.5551691178682550,-0.905851866551324
54462980,11.914000,0.000000,0.000000,1023.94,1024.36,1025.24,1026.34,0.04,0.01,1.0,1.0,1.0,1.0,1400.43,0.01983052116440560,-0.03344491286559410,-6.20989574021489E-05,0.0002047186159043020,-0.00015462849933561000,0.00020039500052230500,326.1235281290840,449.2731201919000,6.527517118941820,323.9062301113800,219.4768357975930,7.7414189629215600,323.30117234572300,29.447593806604800,-5.195603040824470,0.5528282419713730,-0.9232259336814670
54463079,12.014000,0.000000,0.000000,1023.97,1024.3,1025.5,1026.36,0.04,0.01,1.0,1.0,1.0,1.0,1400.62,0.01982288920626080,-0.033424460966198900,-8.66676146197554E-05,0.0002166039253061720,-0.00024210140772471400,0.00034382341689087200,326.1309056720820,449.2636841760680,6.519124137153280,323.8635240951470,219.515462608056,7.857014018817000,323.28866951420800,29.461641068448800,-5.227586103810270,0.5654327881644400,-0.9575639262398730
54463179,12.114000,0.000000,0.000000,1023.88,1024.3,1025.52,1026.34,0.05,0.01,1.0,1.0,1.0,1.0,1400.6,0.019814175384874000,-0.03340470299977810,-8.76460134402416E-05,0.00018552066955521400,3.8876226239149E-05,-0.000498506538074984,326.1238009570890,449.25700231134500,6.5192155327904100,323.82001045156000,219.44890257842500,7.657984762203420,323.29050559808000,29.444720563998800,-5.1987267726606500,0.57436205017705,-0.9890522737874070
54463280,12.214000,0.000000,0.000000,1023.93,1024.33,1025.49,1026.36,0.06,0.01,1.0,1.0,1.0,1.0,1400.54,0.01980783914360250,-0.0333952631934531,-4.7478280081413E-05,4.99832393169117E-05,0.000413765127825321,-0.0008998572328381720,326.1253113898080,449.2675809588180,6.520883861868150,323.8217110893150,219.45123734037700,7.6744535401740600,323.20198312692700,29.499435758507700,-5.158598631372340,0.5742940327837370,-0.9616581685542590
54463379,12.314000,0.000000,0.000000,1024.0,1024.25,1025.48,1026.37,0.07,0.01,1.0,1.0,1.0,1.0,1400.52,0.019804671755516800,-0.03339030089346510,-2.99661042828613E-05,6.90002938190245E-05,-1.40636819374321E-05,0.0005853121498299170,326.12687927805500,449.2573510962450,6.5104458623886200,323.842199754253,219.49779216687400,7.822399570488940,323.2431216102930,29.442044102967400,-5.197017242168940,0.5697181028016250,-0.9588337459761680
54463479,12.414000,0.000000,0.000000,1024.04,1024.23,1025.46,1026.37,0.06,0.01,1.0,1.0,1.0,1.0,1400.36,0.019802598291616400,-0.03338336585879440,-1.41688809103939E-05,7.40279432057516E-05,0.0001420156269436800,0.0003694297241319190,326.1337203949310,449.27986317620100,6.512330354706230,323.869187005819,219.5123638236030,7.8379387806024300,323.1802001923490,29.510725555388800,-5.145710401152060,0.5646751838210800,-0.9215844563374970
54463580,12.514000,0.000000,0.000000,1023.95,1024.3,1025.54,1026.36,0.05,0.02,1.0,1.0,1.0,1.0,1400.52,0.01980070152068990,-0.033368833445226000,-2.21632436504548E-05,0.00016734738634063900,-5.70844949293744E-05,6.12957814109032E-05,326.13170537476400,449.25875206457100,6.514586139020160,323.8628517374020,219.51293601325200,7.824876454629780,323.304123837457,29.448703228430800,-5.213320335002160,0.5658057860338160,-0.9631808374709020
54463680,12.615000,0.000000,0.000000,1023.95,1024.23,1025.56,1026.36,0.05,0.02,1.0,1.0,1.0,1.0,1400.46,0.019798888442055300,-0.0333574122134857,-9.67770380404067E-06,6.45430570299673E-05,0.0002985180074109670,-0.00141937662751597,326.1331789386140,449.27215890818500,6.5245302988629800,323.9079718294380,219.4917418259780,7.691882327836870,323.32396836224900,29.45264541077230,-5.220907710284980,0.5548383635387560,-0.9336033338105910
54463780,12.716000,0.000000,0.000000,1023.97,1024.27,1025.5,1026.28,0.05,0.02,1.0,1.0,1.0,1.0,1400.5,0.01979777765098650,-0.033351535772588000,-2.84413632590383E-05,8.76457988715536E-05,-0.0006425442773752500,0.001039622689303080,326.12201735074,449.2466930036350,6.524791374350980,323.8707248274410,219.45013990098600,7.606366359275420,323.36603234590900,29.431404131738500,-5.264614931250390,0.5613027339254410,-0.9704274153546240
54463880,12.814000,0.000000,0.000000,1024.02,1024.37,1025.54,1026.33,0.07,0.02,1.0,1.0,1.0,1.0,1400.35,0.01979236905364370,-0.03334328613803830,-6.72659184918235E-05,7.039263406411E-05,-0.0003904504704180260,-1.0219516017626E-05,326.1266300824370,449.28916853743100,6.499202899309050,323.90428388325000,219.4628381597410,7.637443963267520,323.3306716630300,29.452693557512000,-5.244436873876240,0.554014369228738,-0.935061871212031
54463979,12.914000,0.000000,0.000000,1023.89,1024.39,1025.5,1026.39,0.07,0.02,1.0,1.0,1.0,1.0,1400.37,0.019783482509261900,-0.03333485298549440,-8.86848341125902E-05,6.41583612493221E-05,8.88136456772867E-05,-0.0006920770583514300,326.1221320609700,449.24910768085600,6.521299593118650,323.8827582025590,219.51979629027000,7.816325558647000,323.28494868388000,29.43953165611080,-5.199880381252720,0.5584947186053280,-0.9367926687141690
54464079,13.014000,0.000000,0.000000,1023.86,1024.34,1025.45,1026.44,0.06,0.02,1.0,1.0,1.0,1.0,1400.38,0.019773384004287300,-0.03332487964074600,-0.0001029690669407100,0.00011835188956236300,0.00015233747756375800,0.00021336655856893300,326.1289831898670,449.284851408687,6.516930300670050,323.7875682647520,219.45852963421000,7.639940388080720,323.2565614592650,29.449096388086900,-5.203296905029710,0.5836953368944560,-1.0072703622707900
54464180,13.115000,0.000000,0.000000,1023.9,1024.28,1025.57,1026.35,0.08,0.01,1.0,1.0,1.0,1.0,1400.37,0.019767536099022600,-0.03332190740250750,-2.80969468354377E-05,-1.27839513161244E-05,0.0006996756689673060,-4.51742817303144E-05,326.12608647544300,449.2619490138300,6.522413099800180,323.77574540136600,219.4434543644270,7.637884013264460,323.11983020288000,29.479890793246500,-5.0898585099282000,0.5859403508199650,-0.9740479039351580
54464280,13.216000,0.000000,0.000000,1023.76,1024.29,1025.52,1026.29,0.07,0.01,1.0,1.0,1.0,1.0,1400.45,0.019769001694108300,-0.03331638243341260,4.86416830255335E-05,3.9375547192493E-05,0.000990664186511905,-0.0011704789057318000,326.12939781926500,449.25932984729400,6.5239416405953,323.7906507115730,219.52028817340400,7.842988906286440,323.24320060740200,29.45297042230250,-5.232992758933910,0.5832518016556250,-1.0014752644341500
54464379,13.314000,0.000000,0.000000,1023.89,1024.35,1025.5,1026.33,0.07,0.01,1.0,1.0,1.0,1.0,1400.47,0.019778685027017200,-0.033322091632554300,0.0001143001525991620,-8.73484573048549E-05,0.00025376830230157800,0.0001820432077258080,326.1246019711080,449.2720676672320,6.537079592349320,323.87142803689800,219.4571186904170,7.663276758969830,323.122515897544,29.47939515563660,-5.069610058605630,0.5617268210401530,-0.8975888315078940
54464479,13.415000,0.000000,0.000000,1023.82,1024.34,1025.51,1026.33,0.07,0.01,1.0,1.0,1.0,1.0,1400.32,0.01978942876158150,-0.03332560328568560,0.00010321549970844800,-5.85230175392202E-05,-0.0001106711277536520,-0.0014440562471477500,326.1196764441970,449.2688131648040,6.527795922758750,323.86337082986300,219.49792555682500,7.831649272491560,323.3719296724980,29.438906251691500,-5.2881770939879400,0.562615374178725,-0.9770797079826640
54464579,13.514000,0.000000,0.000000,1023.92,1024.42,1025.48,1026.38,0.07,0.01,1.0,1.0,1.0,1.0,1400.17,0.01979728838950450,-0.03333430513991930,5.73083433600058E-05,-5.94439411419232E-05,-0.0007141044597014810,0.0014627598290488800,326.1258379827010,449.2568264451750,6.513148927096350,323.9526732248070,219.51529150231500,7.589958856982400,323.32106190661200,29.453945334696900,-5.189317463870530,0.541896048771925,-0.8933876289987840
54464679,13.614000,0.000000,0.000000,1023.96,1024.32,1025.56,1026.28,0.08,0.01,1.0,1.0,1.0,1.0,1400.35,0.01979699200190770,-0.033331677415187400,-2.16753994557252E-05,-6.38682018569665E-06,-0.00021328515408389900,-0.0019858091719962800,326.12596637133600,449.26063407305100,6.510172393289320,323.8524626248290,219.45942322725300,7.765859622510190,323.38851875099800,29.44081705502790,-5.234997918782520,0.5668286916444580,-0.9937659609894060
54464779,13.714000,0.000000,0.000000,1023.98,1024.31,1025.56,1026.34,0.08,0.01,1.0,1.0,1.0,1.0,1400.44,0.019793902434687100,-0.03333892914541600,-4.12123751551019E-05,-6.28410723333335E-05,-0.0003267885856361190,0.0007050294869734530,326.12219532967300,449.2632431975990,6.513126852329490,323.8626026134470,219.4989626618930,7.816952223394610,323.3208062133190,29.463007898503400,-5.204041607074610,0.5629042618697430,-0.9624575251686080
54464879,13.814000,0.000000,0.000000,1023.93,1024.17,1025.46,1026.32,0.08,0.01,1.0,1.0,1.0,1.0,1400.33,0.019788486407107900,-0.033345663911967100,-6.23121536782368E-05,-6.47547908313028E-05,-0.0002320984834870710,0.0003378825359624980,326.12474213895700,449.274740633322,6.504615624625330,323.8824579542820,219.47983431828900,7.7328087590319400,323.25156631347000,29.444854798790400,-5.180753542327170,0.5590608819719120,-0.9279078589001560
54464980,13.913000,0.000000,0.000000,1023.96,1024.29,1025.5,1026.32,0.08,0.0,1.0,1.0,1.0,1.0,1400.26,0.019781174089845800,-0.033344976843701200,-6.72717266922919E-05,3.14130078964185E-05,0.00042667315634848400,0.00010909321753212900,326.1330144513440,449.225438707926,6.511111074651890,323.8163516916360,219.44181242995900,7.629534913303180,323.2397810703820,29.44191381243490,-5.181885432151230,0.5776325485524450,-0.9813967844020370
54465080,14.015000,0.000000,0.000000,1024.04,1024.25,1025.5,1026.32,0.07,0.0,1.0,1.0,1.0,1.0,1400.44,0.019777707340326500,-0.03334580200366390,-1.18485994429872E-05,-5.10976866279233E-05,0.0006527191528378160,-0.001335229213938530,326.1169837651070,449.2709404891850,6.528654441647010,323.822615391808,219.50490682776400,7.8195385954193200,323.16701796660500,29.465258632393600,-5.130837953289040,0.572117876744061,-0.9465779653983080
54465179,14.115000,0.000000,0.000000,1024.02,1024.37,1025.46,1026.39,0.08,0.0,1.0,1.0,1.0,1.0,1400.5,0.01977881323012100,-0.03335018064233230,1.67724589427357E-05,5.69599908252571E-06,6.62127072672822E-05,0.0017632370896938700,326.1250134640030,449.2564204222490,6.511558269136850,323.82228975552300,219.46113105200000,7.675652475682930,323.16422385357800,29.513322935341900,-5.117608422394740,0.575712727168291,-0.9529275177226720
54465279,14.215000,0.000000,0.000000,1024.0,1024.29,1025.47,1026.38,0.09,0.0,1.0,1.0,1.0,1.0,1400.37,0.019783222380963500,-0.03335175264293880,6.2383377852949E-05,-7.47280707845182E-05,0.0004172069359839800,-0.001812290074557540,326.1184397117490,449.2881154290260,6.5175724680681800,323.87040523294900,219.51186666387600,7.857678005666260,323.2564205605600,29.456764402189600,-5.1665028652451,0.5605399999302710,-0.9359831115662150
54465379,14.315000,0.000000,0.000000,1023.92,1024.36,1025.57,1026.35,0.09,0.0,1.0,1.0,1.0,1.0,1400.48,0.01978964543773110,-0.033362497942400600,6.57199024640237E-05,-0.00011625908736950500,0.00017585108789041700,-0.0004781273727514440,326.13219912002800,449.25709674437200,6.516142467642640,323.8686246412840,219.44707387701600,7.65169633006348,323.32784122831300,29.43549884496690,-5.2438911781812800,0.5643316539649490,-0.9655968024793660
54465479,14.415000,0.000000,0.000000,1023.91,1024.29,1025.48,1026.32,0.08,0.0,1.0,1.0,1.0,1.0,1400.42,0.019796132233669400,-0.033377757604187800,5.62312034382219E-05,-0.0001649382348227790,-0.0002607941773723640,-0.0002996152539923310,326.1284895681590,449.2791881496800,6.517461984520060,323.8650280579140,219.45500364747700,7.619912332972620,323.3428986080630,29.4399573905408,-5.2287076464719500,0.5650433501976130,-0.9726526832152940
54465579,14.515000,0.000000,0.000000,1024.03,1024.32,1025.54,1026.28,0.06,0.0,1.0,1.0,1.0,1.0,1400.43,0.019799720611175600,-0.03339480762907320,1.60257622903062E-05,-0.00014299407822663700,-0.0006802321319135180,0.0013641703902701700,326.12164459219800,449.26209245807300,6.526699645151510,323.8710310462800,219.4753736523950,7.622621711252350,323.32370294626800,29.45783221968220,-5.237888246068910,0.5611574725229550,-0.9572801636462860
54465679,14.614000,0.000000,0.000000,1023.96,1024.29,1025.55,1026.26,0.06,0.0,1.0,1.0,1.0,1.0,1400.49,0.01979658079869180,-0.03339903137703740,-4.61111619989513E-05,-2.42321460600864E-05,-0.00017842423935227200,-0.0001843027696391780,326.11885143752100,449.28322702894800,6.51579580890489,323.8314934631180,219.46656731870200,7.622253202172050,323.29854846488300,29.448352138749700,-5.210491797297310,0.5664516083724920,-0.9716099348580840
54465779,14.715000,0.000000,0.000000,1024.01,1024.31,1025.53,1026.29,0.07,0.0,1.0,1.0,1.0,1.0,1400.45,0.019792444857242800,-0.03340609004351310,-3.47790738992381E-05,-9.997705213695E-05,0.00020303278682588000,-0.0005719987913618260,326.12475103349600,449.2569909032170,6.521432871254290,323.84455806820900,219.50573326518300,7.55362402184103,323.1941139531770,29.50803583148560,-5.140417804426340,0.5686199307242130,-0.9410924474859020
54465879,14.814000,0.000000,0.000000,1023.98,1024.26,1025.52,1026.32,0.06,0.0,1.0,1.0,1.0,1.0,1400.5,0.01978959571278970,-0.033412025754325900,-2.09112807985565E-05,-3.68041526924572E-05,0.0003125630789253690,0.0002736805162532130,326.12100404581300,449.27565110896700,6.497784006923540,323.7914433188250,219.4711760340420,7.687358544538470,323.23594708404400,29.440937232070300,-5.1766408404603300,0.5807955916047020,-0.9941046856240390
54465979,14.914000,0.000000,0.000000,1023.92,1024.2,1025.53,1026.29,0.06,0.0,1.0,1.0,1.0,1.0,1400.46,0.01979154039641220,-0.03342439994394410,4.02928432060974E-05,-0.000162533346274889,0.0003796810503678780,-0.0002744924626197470,326.123976256741,449.25832173812100,6.534239865992940,323.81786486611400,219.45381098681100,7.666380547502340,323.1265466527920,29.495638940500000,-5.079370325979800,0.5749496138449060,-0.9413825809623150
54466080,15.014000,0.000000,0.000000,1024.02,1024.26,1025.55,1026.29,0.06,0.0,1.0,1.0,1.0,1.0,1400.6,0.019794943918176200,-0.03342677649078780,4.26478761622774E-05,1.54588229059173E-05,0.000430691893277812,-6.53353696731851E-06,326.12027770305200,449.2726323972590,6.505876590442640,323.8360205957190,219.50527626285900,7.835309652780270,323.2807079048580,29.442674216356400,-5.23029134252451,0.5695934453867360,-0.9717842422861340
54466179,15.115000,0.000000,0.000000,1023.86,1024.27,1025.53,1026.39,0.06,0.0,1.0,1.0,1.0,1.0,1400.44,0.019801587841236900,-0.0334319305911307,5.98498585760538E-05,-2.44799030404784E-05,-0.0005357714496761510,0.00218288052036285,326.1644237533790,449.2629519823460,6.514354454301460,323.8695166155870,219.47638476282500,7.629717591463640,323.2545840116270,29.45266045367960,-5.1847555013464800,0.5722010801229120,-0.9589888912911290
54466279,15.215000,0.000000,0.000000,1023.81,1024.3,1025.57,1026.31,0.06,0.0,1.0,1.0,1.0,1.0,1400.53,0.019805549093842100,-0.03342509983767490,4.64563812366907E-05,2.29443271611021E-05,0.0004402687656044730,-0.0028764401148008200,326.12666051283100,449.27790400434300,6.4952349585004400,323.9039611768010,219.47371877785400,7.73345498410916,323.32179059274000,29.446902921817100,-5.250445105232260,0.5541557910463850,-0.9327794451335690
54466379,15.314000,0.000000,0.000000,1023.91,1024.24,1025.5,1026.27,0.06,0.0,1.0,1.0,1.0,1.0,1400.46,0.01981084182467060,-0.033434671130979100,3.24642492292012E-05,-7.58666957569426E-05,-0.0008157439170101010,0.0015734953641765800,326.1238465825070,449.3009782697520,6.51206204607536,323.8869824676670,219.50463965570800,7.493082016457370,323.67294537196600,29.30880645930110,-5.347402957655950,0.5577061244253730,-1.050934405882360
54466479,15.416000,0.000000,0.000000,1023.88,1024.24,1025.61,1026.3,0.06,-0.01,1.0,1.0,1.0,1.0,1400.4,0.019808295219349600,-0.03344540468600910,-8.68298271442263E-05,-0.00021015412494325300,-0.0022594943325669700,-0.0033409505050462700,326.12413636388100,449.2490867931550,6.513596010998020,324.31883938249500,219.37369112643300,7.239071026585090,324.40016622129600,29.424495880181200,-5.520983263796490,0.4499558166921050,-0.9244428472895330
54466580,15.515000,0.000000,0.000000,1023.95,1024.32,1025.56,1026.29,0.06,-0.01,1.0,1.0,1.0,1.0,1400.45,0.019775361490473900,-0.03347813273795780,-0.0005323458125614720,-0.00037333330805636100,-0.006048166789376050,-0.0016931387013584000,326.12715056784700,449.28315599333400,6.518926040431140,324.3978775569520,219.4157010135150,7.183224727766020,324.8472045992450,29.479068026043500,-5.6452362422204900,0.4338587129293660,-1.0306622317841400
54466681,15.616000,0.000000,0.000000,1023.9,1024.35,1025.48,1026.31,0.06,-0.01,1.0,1.0,1.0,1.0,1400.55,0.019684224301007400,-0.03353408798687210,-0.00112066958765524,-0.0006734155229278160,-0.005205377193437070,-0.0034788178379347900,326.12120901312400,449.2560913864290,6.522468963412000,324.4362994319710,219.39461725279100,7.133615131004490,324.9194165145460,29.501962196149600,-5.557448670144390,0.4199767675971660,-0.9857227863065830
54466780,15.716000,0.000000,0.000000,1023.88,1024.28,1025.55,1026.37,0.06,0.0,1.0,1.0,1.0,1.0,1400.38,0.019539618517437900,-0.033612261699055900,-0.0015750409364159700,-0.0007738846768002320,-0.0026752744845649400,0.0003473018423545,326.129513037814,449.2673659135330,6.498968902149130,323.8990411379010,219.4282063858340,7.330583349304050,324.1150640745940,29.509124598394400,-5.482009594996050,0.5560088839382180,-1.1771886664310000
54466880,15.820000,0.000000,0.000000,1023.9,1024.36,1025.48,1026.3,0.06,0.0,1.0,1.0,1.0,1.0,1400.42,0.019377121252472900,-0.03370934113316750,-0.0015491921818034600,-0.0012464007854994900,0.005482950637925010,-0.007517671691331550,326.17109313192000,449.2941313092030,6.508376724857730,324.0979456852120,219.4668113843650,7.540197393204540,324.20889844392900,29.408248607613500,-5.45212372066383,0.5168200955154400,-1.0670884292198000
54466981,15.916000,0.000000,0.000000,1023.99,1024.29,1025.43,1026.29,0.05,0.0,1.0,1.0,1.0,1.0,1400.54,0.019266150705224400,-0.03382324737417260,-0.001469134471274850,-0.0016072638046334200,-0.0008201144544599640,-0.004222204138409230,326.12342919556500,449.2845047356560,6.51114700495257,324.2679578347480,219.51377025730700,7.370075720748420,324.71277767546300,29.373164096805400,-5.576236558701510,0.46267148620200600,-1.0593819530124300
54467082,16.018000,0.000000,0.000000,1023.98,1024.32,1025.56,1026.33,0.05,0.0,1.0,1.0,1.0,1.0,1400.46,0.01910874748593830,-0.033962139657441200,-0.0016007948227252900,-0.001198138813020650,-0.0037044406869094500,-0.0001755210290864670,326.12565991959700,449.27852493972300,6.519999148990840,324.32019838239600,219.40591622222200,7.2460906985348400,324.6418455178410,29.394277972546700,-5.510721165539250,0.4500022847103760,-0.9969933955817700
54467181,16.117000,0.000000,0.000000,1024.05,1024.34,1025.56,1026.35,0.05,0.0,1.0,1.0,1.0,1.0,1400.49,0.018880014248266600,-0.03411054132747370,-0.001999856417609600,-0.0011289766755673600,0.0008441624890428220,0.005038744808005550,326.121036095463,449.2659455045270,6.534445092745280,324.11696353359000,219.35048417527100,18.056724334024600,324.2304137724490,29.52259683284260,-5.3355130326487900,0.49940961355412400,-1.033061925525630
54467282,16.217000,0.000000,0.000000,1023.98,1024.36,1025.55,1026.34,0.05,0.0,1.0,1.0,1.0,1.0,1400.48,0.018688952267665100,-0.03421581644189300,-0.0018434325029395700,-0.0011042424985993900,0.0035175678281238000,-0.0014353233033162900,326.11978087577900,449.24656829255900,6.50348927745423,323.914546408014,219.38163492655600,7.316931467394910,324.00604116700000,29.62312938709940,-5.426543705901840,0.5496564868682210,-1.1269389455805100
54467381,16.317000,0.000000,0.000000,1024.0,1024.33,1025.56,1026.29,0.05,-0.01,1.0,1.0,1.0,1.0,1400.44,0.01852690730761570,-0.03435335262857060,-0.0014604364097922800,-0.001477342359991600,0.007188389613592860,0.0008498406253953320,326.12224180553300,449.30328580674000,6.487145816119890,323.93994753417800,219.50277199532900,7.516846404876840,323.7608748692600,29.2926745330447,-5.165905874468850,0.5440914418312410,-1.0342419781503200
54467482,16.416000,0.000000,0.000000,1023.98,1024.34,1025.63,1026.32,0.05,-0.01,1.0,1.0,1.0,1.0,1400.47,0.018401276049061200,-0.03451303841628610,-0.0011013710409260300,-0.0017083934269409700,0.004887612765796990,-0.004491430491562400,326.12955552277100,449.31188623198400,6.518018471494480,324.0351526474740,219.48455821308700,7.467455380356370,324.56578364907200,29.261724592323800,-5.624096844411130,0.5221186040597750,-1.2040646979772600
54467582,16.519000,0.000000,0.000000,1023.99,1024.24,1025.64,1026.27,0.05,-0.01,1.0,1.0,1.0,1.0,1400.54,0.01830723229825150,-0.034743562392955900,-0.0008734567867638690,-0.0025843875888983900,0.0009395779676135720,-0.007120713250547850,326.1201501305800,449.3309087450580,6.494597674695040,323.92392166548800,219.5192167680200,7.436531466372950,324.8774873720490,29.199919032389100,-5.9230842066719500,0.5475386836146320,-1.3821466973017300
54467682,16.617000,0.000000,0.000000,1023.88,1024.26,1025.59,1026.25,0.04,-0.01,1.0,1.0,1.0,1.0,1400.44,0.018231510262211500,-0.03508477506914220,-0.0006559668246193220,-0.004143865588714990,0.0034318803613740900,-0.01994676073796040,326.12387176598700,449.3201827327110,6.486311178404040,323.89241146743600,219.56288748729500,7.480960978953070,325.4216151603410,29.17977272876170,-5.992874777552290,0.5564534406191080,-1.5731106842100200
54467781,16.717000,0.000000,0.000000,1024.03,1024.28,1025.63,1026.22,0.04,-0.01,1.0,1.0,1.0,1.0,1400.5,0.018177141092421900,-0.03562950608579770,-0.0005936943977475380,-0.006061495237883910,-0.0037476104160659600,-0.010296176726625800,326.1270411669100,449.31354434100000,6.497922740471550,324.49537062369100,219.5458412479100,7.105937281188260,327.07826250025500,29.37697633983250,-6.513463741295180,0.40687295450135900,-1.5918948691272700
54467881,16.817000,0.000000,0.000000,1024.1,1024.31,1025.67,1026.28,0.04,-0.01,1.0,1.0,1.0,1.0,1400.52,0.01808533029049870,-0.036332603241314900,-0.0010942095203416200,-0.007735920025599820,-0.004589268336703120,-0.019100373784897700,326.12284598515400,449.31675898579500,6.507232361948380,324.38030272474300,219.5660677859810,7.116442174677010,327.5120992283850,29.28765882764080,-7.3099998507667700,0.4345512936648650,-1.8121332265408200
54467981,16.917000,0.000000,0.000000,1023.99,1024.29,1025.76,1026.27,0.04,-0.01,1.0,1.0,1.0,1.0,1400.39,0.01795512018484290,-0.03725450706638670,-0.001427378028438010,-0.010416724359058500,-0.0022440650218293900,-0.0275262354221016,326.12576745219900,449.3124931205660,6.484678454281860,324.2666223674190,219.54377482995000,7.103892327728390,328.84863320337700,29.42733677987080,-8.033464666080710,0.4635915762783070,-2.3078058476921800
54468081,17.018000,0.000000,0.000000,1024.02,1024.24,1025.74,1026.21,0.04,-0.01,1.0,1.0,1.0,1.0,1400.49,0.017801323141963200,-0.03852361780915630,-0.0015460801452869300,-0.0140048237467974,-0.0009666515971355920,-0.04334571701778660,326.1300012043150,449.3315873859470,6.480536544969370,325.14648394408300,219.4646731368940,7.08913343376721,330.88858589494000,29.367502073170300,-8.849296162931640,0.24514639006374300,-2.2204510970396700
54468181,17.118000,0.000000,0.000000,1024.11,1024.3,1025.6,1026.34,0.04,-0.01,1.0,1.0,1.0,1.0,1400.49,0.017711134053805400,-0.0393079935870156,-0.0018967381083775800,-0.015930236430209900,-0.00707230667115823,-0.01611953364784860,326.1260988495770,449.33850778906100,6.5097607101583300,326.05390135273200,219.57064363338800,6.396479193435910,333.10671490792100,29.314837649689900,-9.074007654136770,0.018003438991231500,-2.1589985947884100
54468281,17.217000,0.000000,0.000000,1024.12,1024.17,1025.7,1026.27,0.04,-0.01,1.0,1.0,1.0,1.0,1400.5,0.017229409314874600,-0.04208080644253000,-0.0043249780297969300,-0.01946028632204360,-0.03194433262252460,-0.0797152393464308,326.12716754416400,449.36469293209600,6.476108837119680,326.6804422504520,219.52143467811400,6.08946275711752,335.18676256593300,29.284026618959900,-9.648001110533450,-0.13792114066435900,-2.2843893436341300
54468382,17.317000,0.000000,0.000000,1024.02,1024.25,1025.71,1026.25,0.04,-0.01,1.0,1.0,1.0,1.0,1400.42,0.016640013911140200,-0.04423145594364170,-0.007668066681090960,-0.025575131507507600,-0.00967825804064847,0.025883024870822200,326.11309846047800,449.35981462644000,6.495877330044080,326.82638885968800,219.54313458204900,5.734831063600090,337.0653164541670,29.327169453923500,-10.447009669641100,-0.17783042642288800,-2.725477620062410
54468481,17.418000,0.000000,0.000000,1024.04,1024.19,1025.7,1026.27,0.04,-0.01,1.0,1.0,1.0,1.0,1400.47,0.015828556696319400,-0.04670978696779170,-0.008857859421589680,-0.025935078001167200,-0.010605312602131600,-0.0035727879121872600,326.1221666895450,449.3509661903360,6.51944992658607,327.0912501326100,219.5001506635280,5.740524096415050,338.56872245431500,29.50392258757740,-11.15943718241090,-0.2415656527570370,-2.973845448217190
54468581,17.516000,0.000000,0.000000,1024.01,1024.2,1025.65,1026.28,0.04,-0.01,1.0,1.0,1.0,1.0,1400.51,0.014812131863428700,-0.04954035198830990,-0.01079253886758910,-0.029464413991354600,-0.016062448523652400,-0.032036375747962500,326.13001301794000,449.3851778591760,6.483108718733630,327.48118597807000,219.5837051853930,5.349435277492890,340.4785711192350,29.620613822252600,-11.97063549132700,-0.3368804167983960,-3.2403495069062300
54468681,17.616000,0.000000,0.000000,1024.08,1024.26,1025.59,1026.29,0.04,-0.01,1.0,1.0,1.0,1.0,1400.42,0.013604368093037900,-0.05277025210054240,-0.012817460949017900,-0.03380090566481200,-0.022175743871187600,-0.045017139741802300,326.1255996651170,449.3821178781430,6.483522598487190,328.2750543282380,219.62839298855600,5.005241737589460,342.94850975105100,29.590061569302900,-12.77084994855560,-0.5360134538279190,-3.3431994497242800
54468782,17.717000,0.000000,0.000000,1024.14,1024.36,1025.57,1026.23,0.05,-0.01,1.0,1.0,1.0,1.0,1400.47,0.012171080161969900,-0.05637002483680030,-0.015551603350373500,-0.037720979562126700,-0.02166109042786530,-0.013231943460680600,326.1202225800590,449.3940312681820,6.479320915768980,328.8151130963250,219.61240991570300,4.7597004878757900,344.3647517635270,29.62077110668630,-12.989543556915700,-0.6719370032484040,-3.335002195750560
54468881,17.817000,0.000000,0.000000,1024.16,1024.17,1025.76,1026.24,0.05,-0.02,1.0,1.0,1.0,1.0,1400.58,0.010454716093568200,-0.060251863537704800,-0.018177696715407600,-0.039413466657060900,-0.01890921597684700,0.0031963202188962400,326.1207961599110,449.3700419257790,6.5066762622429000,329.5703281640070,219.58923393055000,4.379075939544810,347.22951956008800,29.767604140269200,-13.859523484467500,-0.8600752226649420,-3.594803811840580
54468981,17.917000,0.000000,0.000000,1024.17,1024.28,1025.68,1026.2,0.05,-0.01,1.0,1.0,1.0,1.0,1400.51,0.008442036663578610,-0.06440336519691060,-0.020977463580545300,-0.04224478329514750,-0.051947957140891900,-0.08068496511310650,326.12197753997500,449.35164360303700,6.498730142519830,331.13406160508800,219.76408593620300,3.859610899392040,352.230679426947,30.29932547479110,-15.911359653859000,-1.2506150550490200,-3.852397077712540
54469081,18.017000,0.000000,0.000000,1024.15,1024.24,1025.71,1026.27,0.05,-0.02,1.0,1.0,1.0,1.0,1400.4,0.006100855201747550,-0.06889210081999850,-0.02592890613407310,-0.0478839038074583,-0.07860818616615600,-0.09140373643561630,326.1341342849250,449.3074325999610,6.498878221829540,332.01213909178800,219.5935048235370,3.5055868228421200,354.69560627829000,30.88085715039000,-16.49795128215920,-1.4657857038655400,-3.922560157858640
54469182,18.117000,0.000000,0.000000,1024.07,1024.29,1025.81,1026.12,0.05,-0.02,1.0,1.0,1.0,1.0,1400.55,0.0033555980500573900,-0.07362063448401160,-0.029007216401842000,-0.04802600880235840,-0.018986781983316600,0.019911051153441600,326.1230629723560,449.30686895782900,6.512894135556040,332.3974897150460,219.68670782858700,3.5190057057028700,355.76496372702200,30.95822500219950,-16.772560781999900,-1.5652316161896900,-3.9277094595056000
54469282,18.218000,0.000000,0.000000,1024.09,1024.27,1025.92,1026.12,0.05,-0.02,1.0,1.0,1.0,1.0,1400.56,0.0002307586541533770,-0.07851088041900520,-0.031555294417282500,-0.04820268296268640,0.024373412313077100,0.06070271513720140,326.1273849838990,449.357533865519,6.486170404402260,331.9233500852630,219.68493492815900,3.2936129778371000,357.9157262477590,31.151335568899400,-18.455668853887100,-1.4455963473774300,-4.958464821761910
54469382,18.317000,0.000000,0.000000,1024.09,1024.29,1025.99,1026.05,0.05,-0.02,1.0,1.0,1.0,1.0,1400.61,-0.00315069775446256,-0.08376582497841360,-0.0341297986411206,-0.05435880489365540,-0.0009026201449352590,-0.042439239989275600,326.13315029539400,449.41474134673900,6.499067746110790,331.7474286692340,219.7582924617650,3.2608286830909200,360.92734360414600,31.340955732245800,-20.572015246101400,-1.400397854528590,-6.002580874991770
54469482,18.417000,0.000000,0.000000,1023.99,1024.28,1025.98,1026.01,0.05,-0.02,1.0,1.0,1.0,1.0,1400.57,-0.0066574744415490500,-0.08978982316574770,-0.035076898288728100,-0.06335508649707760,0.018391594866776500,-0.0552891321025222,326.1396022287350,449.42550606696000,6.485867231990920,331.61465288530700,219.84032678037300,3.15307481394621,361.7863917884850,31.41078355823980,-21.17032101869960,-1.36610668517817,-6.364886018046440
54469582,18.517000,0.000000,0.000000,1024.08,1024.25,1025.8,1026.08,0.05,-0.02,1.0,1.0,1.0,1.0,1400.4,-0.010189752546671800,-0.09672262139336150,-0.03497323560238230,-0.07200515241782980,0.03427427403004380,-0.025095358176378700,326.14250185902400,449.448861944074,6.510783876106760,331.313899208179,219.9197606066020,2.87267521491638,364.90526779198200,32.055888559867500,-23.341412576108400,-1.2906821829586100,-7.556384902700770
54469682,18.617000,0.000000,0.000000,1024.12,1024.14,1025.82,1025.97,0.05,-0.03,1.0,1.0,1.0,1.0,1400.41,-0.013678713065011300,-0.10462505295925900,-0.033879161164915600,-0.08149472316149760,0.07119938263972340,0.035360337983945200,326.14333057628500,449.4651858774940,6.495015797543360,331.7042446293610,219.9033772253090,2.792036348035080,367.3165678209220,32.41318435362110,-24.795701096311000,-1.3876637729279000,-7.979450124576130
54469782,18.721000,0.000000,0.000000,1024.08,1024.24,1025.78,1026.13,0.05,-0.03,1.0,1.0,1.0,1.0,1400.41,-0.0170723629124159,-0.11360002191934100,-0.033196696868882300,-0.09281237760024160,0.032715442900638300,-0.04822051042522240,326.14065750017900,449.52694106608200,6.498996294537750,332.190074928205,219.9491683517270,2.2728817230587100,370.58764926044500,32.69646917533600,-26.05892062054820,-1.5094052725556000,-8.569478449386490
54469883,18.818000,0.000000,0.000000,1024.12,1024.16,1025.7,1026.25,0.05,-0.02,1.0,1.0,1.0,1.0,1400.47,-0.02039983412738710,-0.12369338220891800,-0.032785905473977700,-0.10349641755355100,0.021414536230769200,-0.02962046194144560,326.1427462413190,449.6072874245930,6.541908922519720,333.1914485838690,220.2859475883700,1.8662100937886200,374.2678684931080,32.92215622095270,-27.012024035339300,-1.760559141253460,-8.844403807546690
54469984,18.918000,0.000000,0.000000,1024.11,1024.13,1025.71,1026.2,0.05,-0.03,1.0,1.0,1.0,1.0,1400.43,-0.023734286356622800,-0.13473448929849800,-0.03285195019196490,-0.11160166516207000,0.012407159272599700,-0.030131598494128600,326.13835978581000,449.6216284775040,6.555081724272290,333.52385843850000,220.24261962184300,1.581071761810270,375.8346082785640,33.141162433124200,-27.642938334261300,-1.844160746883680,-9.054107772938230
54470083,19.019000,0.000000,0.000000,1024.12,1024.33,1025.88,1026.11,0.05,-0.03,1.0,1.0,1.0,1.0,1400.48,-0.02709495823590400,-0.14655754720331100,-0.03417817111928820,-0.12247608418792300,-0.007405269858871570,-0.08417296092684840,326.1494665520540,449.6337326852550,6.530286378539880,333.98758715540700,220.32339299434800,1.4211479899950500,379.77947807782400,34.13618453142650,-29.75242253349850,-1.925654301728070,-9.65944428062667
54470183,19.119000,0.000000,0.000000,1024.13,1024.31,1025.85,1026.07,0.05,-0.03,1.0,1.0,1.0,1.0,1400.48,-0.030480385830837700,-0.15914336331249900,-0.03358922397226170,-0.12856245070485500,0.02050336903818920,-0.03935534398373380,326.1403630940630,449.63710042924900,6.550646636228650,333.3382070082410,220.39341549008000,1.029929681401180,382.16977866314500,35.06428092810680,-31.53828797351060,-1.7983947292460700,-11.164335903846600
54470284,19.218000,0.000000,0.000000,1024.09,1024.2,1025.91,1026.0,0.05,-0.02,1.0,1.0,1.0,1.0,1400.41,-0.033809815451258900,-0.17276364433731000,-0.032846638209325900,-0.139312649787919,0.03754604926525350,0.039209831712662400,326.1427959347110,449.67311349632400,6.573900520170870,334.2075626086130,220.35377250193800,0.578502704614238,385.00910824389000,35.48100361253220,-32.78632526330100,-2.014163882623690,-11.336839732318200
54470384,19.319000,0.000000,0.000000,1024.05,1024.2,1025.99,1026.0,0.05,-0.02,1.0,1.0,1.0,1.0,1400.46,-0.03708695220962110,-0.18728895691278300,-0.03237748777769090,-0.14726802291763200,0.005957355811891670,-0.07666607977315380,326.15719755767300,449.70294850738500,6.538288945844840,334.1230280174190,220.50043725282000,0.4647866434010080,387.9001070367280,36.22213765449900,-34.33998537251920,-1.9904879496407000,-12.287607459027600
54470485,19.420000,0.000000,0.000000,1024.19,1024.13,1025.91,1026.02,0.05,-0.02,1.0,1.0,1.0,1.0,1400.56,-0.04030294408409170,-0.20271499150638000,-0.032205941514874300,-0.1589658790577990,0.008360863139177150,-0.06694443305617200,326.1501865828040,449.70868371526400,6.524508936989860,335.20783934392600,220.61579374425600,0.005958562618182290,391.6817611916590,37.01328174445990,-35.888251438910600,-2.2641257762743300,-12.569015572451500
54470584,19.520000,0.000000,0.000000,1024.14,1024.06,1026.0,1025.94,0.05,-0.02,1.0,1.0,1.0,1.0,1400.57,-0.04350589456708230,-0.21898148554712200,-0.03187038799984410,-0.16394222860344600,0.015649260771718300,0.03150319660257470,326.1498608442370,449.73403897651800,6.537750099732140,336.19778914258800,220.85550981683400,-0.8668700467098660,396.9958701068380,38.496945955464000,-37.87743916385590,-2.5137109523093300,-13.410889882795500
54470685,19.620000,0.000000,0.000000,1024.08,1024.09,1026.19,1025.66,0.05,-0.02,1.0,1.0,1.0,1.0,1400.49,-0.04678058931353390,-0.23603452500892300,-0.03299050678837100,-0.1725847573667420,0.007983113867446920,0.02752758383310060,326.15736387621900,449.7104939843840,6.5418579168241000,337.0381890937380,220.9003580297730,-1.605041856871310,401.9114814763380,40.31324927659990,-40.49284830495280,-2.722589465374140,-14.314908642914100
54470784,19.720000,0.000000,0.000000,1024.05,1024.2,1026.18,1025.73,0.05,-0.02,1.0,1.0,1.0,1.0,1400.4,-0.050182820918936100,-0.2539505659279460,-0.03426098307586750,-0.1816956217489360,0.007185978461448910,-0.007839366616317370,326.1473801732550,449.66492865372700,6.53952126503042,337.32539553099000,220.8739320435440,-1.9426331105410600,406.38652791409000,42.80117242419930,-43.14120798265150,-2.7970691820879900,-15.603417456204700
54470886,19.819000,0.000000,0.000000,1024.12,1024.11,1026.03,1025.97,0.05,-0.02,1.0,1.0,1.0,1.0,1400.35,-0.053700676331901000,-0.2729279524161000,-0.03552817254523730,-0.19306073358043700,0.0027033687959588200,-0.010954764829223700,326.1571211525190,449.74163665481500,6.559720045425260,338.77909460823600,221.15464217341700,-2.574640175728940,411.50904001906700,44.2549847699205,-44.45439121681370,-3.160512975048370,-16.028337670229800
54470984,19.925000,0.000000,0.000000,1024.22,1024.03,1025.94,1025.95,0.05,-0.02,1.0,1.0,1.0,1.0,1400.42,-0.05737772119083890,-0.29286088471540300,-0.036736157666966500,-0.19734594584340200,-0.016697912218120300,-0.01872883803812880,326.16364201349000,449.7766773536040,6.549181629397180,340.62706944885000,221.4365843524320,-3.3367790627570700,417.4937905462130,45.71491879038010,-46.19195490507520,-3.6243644983622600,-16.377499302762100
54471084,20.019000,0.000000,0.000000,1024.16,1024.05,1025.98,1025.96,0.05,-0.02,1.0,1.0,1.0,1.0,1400.44,-0.06136331028812320,-0.313506033609822,-0.042304676855040400,-0.21364647205302500,-0.0034343292738798900,0.14320545571393100,326.1645948374940,449.79470131386900,6.5692684867681500,342.2286050420970,221.58086318697900,-4.391238996212990,423.5792167636080,47.956208968852400,-48.051916828091700,-4.026418259187400,-17.052272662388000
54471184,20.119000,0.000000,0.000000,1024.32,1023.86,1025.99,1025.93,0.05,-0.02,1.0,1.0,1.0,1.0,1400.42,-0.06577785770770720,-0.33470862149670700,-0.046007966587752900,-0.2138977412393150,-0.029690402064954300,0.02057897460325500,326.158678130675,449.7610390060750,6.550732446224480,344.5534139194740,221.90714638643700,-5.225718315243890,429.60267349103400,50.112940865912500,-49.54709096799870,-4.615501520489540,-17.10738778250740
54471287,20.221000,0.000000,0.000000,1024.16,1023.96,1026.04,1025.91,0.05,-0.02,1.0,1.0,1.0,1.0,1400.52,-0.07074060138565960,-0.35625001913220900,-0.05069452443573090,-0.21118692412448700,0.006574119848723460,0.2565298124739400,326.1547408515420,449.7875496020240,6.569326761006850,345.64060999131700,222.0837129505500,-5.9323149942896600,434.79516939874900,52.50923223664550,-51.664710858397500,-4.787142323976720,-17.504320702987500
54471384,20.322000,0.000000,0.000000,1024.2,1024.11,1026.1,1025.77,0.05,-0.02,1.0,1.0,1.0,1.0,1400.47,-0.0762851300265456,-0.3779913321153820,-0.05741684928390980,-0.217964752774532,0.11307947984228700,0.6218919964637700,326.15823299904100,449.7899973477090,6.564275723040200,346.1184476709060,222.19072410939400,-6.321161621524780,437.11061769766100,53.759786662575300,-52.23273342944230,-5.01195613437073,-18.35552674261460
54471484,20.419000,0.000000,0.000000,1024.13,1024.19,1026.18,1025.69,0.05,-0.02,1.0,1.0,1.0,1.0,1400.46,-0.08234434733973800,-0.4000074197711390,-0.0627550999346426,-0.22334426806427500,0.17573150979121600,0.7391775406546920,326.1705857254000,449.80849208447300,6.557167901527470,346.3525346130910,222.35396111726600,-6.690942168681210,440.9492394108650,56.962533463819700,-55.1913330871689,-5.071098640364570,-19.47387199759100
54471585,20.520000,0.000000,0.000000,1024.17,1024.15,1026.11,1025.78,0.05,-0.02,1.0,1.0,1.0,1.0,1400.48,-0.08878156621812090,-0.4224896695617530,-0.06507943848494470,-0.22599850342209200,-0.0024709279093730000,0.007827999433385800,326.1666821164120,449.83387745391300,6.568302936116620,346.50094267105100,222.5029918728770,-7.1468981297141900,446.1386742634360,59.11431216788800,-56.93845864901710,-5.111381741168640,-21.152922578524500
54471685,20.621000,0.000000,0.000000,1024.16,1024.23,1026.04,1025.84,0.05,-0.02,1.0,1.0,1.0,1.0,1400.52,-0.09546150368459180,-0.44568289133612400,-0.06647031664829100,-0.23086390951266200,0.04198423862725550,0.14444986812111900,326.16364866906700,449.8625769979400,6.598675157942250,347.4702815842160,222.72403938977200,-7.738959286200910,450.13215098809900,61.03742181970950,-58.381847358285100,-5.3589244331897000,-21.69539206649770
54471786,20.721000,0.000000,0.000000,1024.09,1024.1,1025.86,1025.82,0.05,-0.03,1.0,1.0,1.0,1.0,1400.48,-0.10233954657444600,-0.469513968415598,-0.06961049554573270,-0.2403586046409170,0.011326921075277600,0.06987058917950680,326.16464756547000,449.8579154223740,6.563098907848690,348.234132847191,222.85177878905200,-8.076528266555890,452.4226493420800,62.00983776482220,-58.4108642225455,-5.5528320690728200,-21.828274450451700
54471885,20.820000,0.000000,0.000000,1024.27,1024.09,1025.75,1025.84,0.04,-0.03,1.0,1.0,1.0,1.0,1400.36,-0.10943513957299700,-0.49366660044570700,-0.07138969640292810,-0.2396980983359290,0.049229930892460100,0.27601248111408200,326.16126379488700,449.8373956879410,6.550607293107780,350.720151491714,223.24997545504000,-8.91207919940183,457.99946427842800,64.83290072853270,-59.93037326578550,-6.185908616079360,-21.733858968736000
54471985,20.919000,0.000000,0.000000,1024.18,1024.07,1025.67,1026.07,0.05,-0.03,1.0,1.0,1.0,1.0,1400.47,-0.1168599112180250,-0.5177088531284510,-0.07422328781384760,-0.23453165807301900,-0.018728545849486600,0.10727858164147800,326.1730685167940,449.8306303897980,6.5667888281920100,352.6739623168120,223.52674424994700,-9.915355187666690,461.97928145120300,66.4171930621537,-60.90396098212110,-6.6790956031783200,-21.469177707229200
54472085,21.020000,0.000000,0.000000,1024.09,1024.15,1025.92,1025.98,0.05,-0.03,1.0,1.0,1.0,1.0,1400.25,-0.12469651786225300,-0.5411989750283400,-0.08012276685920410,-0.2322341717144520,-0.07512347291557150,-0.009863577112462850,326.17443584658000,449.8428861147370,6.528271185015060,353.6238974185410,223.68001863033100,-10.296336773746300,465.95890959616300,68.68185364423410,-61.63709715251610,-6.920160320439950,-22.092423534007500
54472185,21.120000,0.000000,0.000000,1023.98,1024.27,1025.78,1025.95,0.05,-0.03,1.0,1.0,1.0,1.0,1400.59,-0.1329260364743070,-0.5641109416495980,-0.084068375169253,-0.23058535699447900,-0.05281010868468860,-0.07970252309169790,326.237319403642,449.8378565394710,6.6342840308231700,352.4764423484460,223.6699821609490,-10.334226605510000,467.30098694715200,70.99592836614180,-63.76059213447770,-6.617650163711470,-23.711139041204200
54472285,21.220000,0.000000,0.000000,1024.05,1024.11,1025.93,1026.01,0.05,-0.03,1.0,1.0,1.0,1.0,1400.57,-0.14127260026015600,-0.5869179214149130,-0.08288556905063920,-0.22639263673259100,0.026199992615338800,0.06953036326773460,326.23707694115700,449.8517314744070,6.645036022468100,353.34310774972300,223.9015973579770,-10.901681032629300,470.93947377272200,74.08877464389810,-65.0637824936198,-6.691815507875300,-24.44877373190330
54472385,21.324000,0.000000,0.000000,1024.17,1024.12,1025.75,1025.97,0.06,-0.03,1.0,1.0,1.0,1.0,1400.48,-0.1495867461127330,-0.6096889454163100,-0.08294619412930070,-0.22709198401860700,0.04756266329756140,0.1410477687888590,326.17163868324100,449.8657114936350,6.5922283719011400,355.5840022068100,224.31801082298500,-11.842023608327700,475.3797463801810,76.01652080203880,-65.94431028330870,-7.078492951555850,-24.394929709917300
54472485,21.420000,0.000000,0.000000,1024.19,1024.05,1025.68,1026.13,0.06,-0.02,1.0,1.0,1.0,1.0,1400.54,-0.15794417809535200,-0.6322182827409120,-0.08450285547339940,-0.2243541610771670,-0.05602099450698470,-0.04267565853549400,326.1724108512040,449.8788962130250,6.554783856796550,356.48721862160800,224.52028639024800,-12.250206847697100,477.77669575857800,77.26407069003390,-66.368560063108,-7.661328344585020,-24.15435925864370
54472586,21.520000,0.000000,0.000000,1024.16,1024.17,1025.69,1026.0,0.06,-0.02,1.0,1.0,1.0,1.0,1400.42,-0.16648965974563200,-0.6541322080707150,-0.08634519934174210,-0.21655740912912500,-0.010678023558440000,0.10337453466735200,326.1795724187490,449.8745585124710,6.565444297629950,357.67067787416500,224.83245246688000,-13.124124664671300,481.5583866785020,79.5894908854659,-67.02421243716430,-7.965917360964120,-24.53130760476830
54472685,21.623000,0.000000,0.000000,1024.04,1024.22,1025.64,1026.03,0.05,-0.02,1.0,1.0,1.0,1.0,1400.48,-0.17523128061315500,-0.6753571842365330,-0.08768336358196300,-0.20936381952391500,-0.06003464198559430,-0.061989922804045900,326.1751718054170,449.8895761360120,6.562260051084340,357.842747543889,224.9520738353230,-13.29415603276260,483.5976365520940,81.51037167311290,-67.81840598092400,-8.013655639025540,-25.213631714935200
54472786,21.722000,0.000000,0.000000,1024.16,1024.22,1025.47,1026.05,0.05,-0.02,1.0,1.0,1.0,1.0,1400.48,-0.1840521110625380,-0.6960074004455460,-0.0902895018551009,-0.20909812419722600,-0.05168372646713300,-0.06212883892308900,326.2472301165300,449.88726060592200,6.66383112446737,358.4042355751540,225.06243579052200,-13.483627483495100,486.0321491994890,83.28895290765530,-68.70367142281980,-8.105267703041350,-25.5428442701603
54472885,21.821000,0.000000,0.000000,1024.12,1024.09,1025.67,1026.18,0.05,-0.02,1.0,1.0,1.0,1.0,1400.48,-0.19285174090453600,-0.7160875297522510,-0.08799064871924960,-0.19919028667835500,0.06589528257606070,0.19007231071010000,326.1817670637410,449.89396044400300,6.56202197833711,358.5324345046770,225.06973686172800,-13.61251314003880,486.7444238671180,83.86925110252950,-68.7054385218067,-8.188265986010890,-25.86334984619350
54472986,21.920000,0.000000,0.000000,1024.1,1024.22,1025.75,1026.23,0.05,-0.02,1.0,1.0,1.0,1.0,1400.62,-0.2015656451549400,-0.7355550131386600,-0.08677292415506250,-0.19204969345655000,0.010979281766056300,0.07572629715444540,326.18527217963900,449.8872461192370,6.555709375163910,359.29842301736300,225.3051255171560,-13.892242773597700,488.60001782749700,85.03776475410070,-69.31540281832690,-8.387452947549580,-25.895649712871000
54473085,22.021000,0.000000,0.000000,1024.05,1024.27,1025.64,1026.17,0.05,-0.02,1.0,1.0,1.0,1.0,1400.43,-0.21016473383692300,-0.7542733306398290,-0.0858058515892846,-0.18487007813959700,0.024598399963321900,0.10550557420083700,326.1765444198360,449.89968853365000,6.575071264430710,360.0177924324110,225.4416266816040,-14.267961877467200,490.47461191624700,86.51080684410400,-69.94305821866670,-8.57383430006111,-26.050599116269000
54473186,22.121000,0.000000,0.000000,1024.05,1024.3,1025.73,1026.12,0.05,-0.02,1.0,1.0,1.0,1.0,1400.44,-0.2186165475967450,-0.7721542963283960,-0.08366202783508770,-0.17507157536536900,-0.03969413978967240,-0.03398910583959540,326.17262084808100,449.8902477597720,6.5531552812338300,360.55354682987300,225.57540812082700,-14.662718109804000,492.14657982380500,87.86852926875420,-70.5255220006172,-8.713959098349570,-26.271534032357200
54473285,22.222000,0.000000,0.000000,1024.13,1024.17,1025.6,1026.13,0.05,-0.02,1.0,1.0,1.0,1.0,1400.37,-0.22689313308246200,-0.7891804848514130,-0.08315891674532750,-0.1694193506930710,0.05956007275524810,0.16273563748357000,326.17805370833000,449.91759326090900,6.557289783726950,361.00415610564700,225.77674620632000,-14.88024976628170,494.1857086312420,89.51338809830010,-71.27206360144510,-8.830589565381360,-26.68352270983560
54473386,22.321000,0.000000,0.000000,1023.99,1024.26,1025.6,1026.24,0.05,-0.01,1.0,1.0,1.0,1.0,1400.45,-0.23498962617703200,-0.8054519049400400,-0.07987639906939450,-0.1592108579081020,0.04622765694692970,0.12624893020323600,326.1775068973260,449.918333524774,6.552232541963950,361.91348519283200,226.08926695485300,-15.589827523961600,497.7249972362800,92.27357787431870,-71.96366879230660,-9.071139203457240,-27.28182622160800
54473487,22.421000,0.000000,0.000000,1024.07,1024.28,1025.57,1026.28,0.05,-0.01,1.0,1.0,1.0,1.0,1400.61,-0.24290394452825700,-0.8210712070938550,-0.07819611836111910,-0.15348354764133300,0.029674853308670800,0.08006286846957050,326.17873701941500,449.95122738645300,6.564782841663160,362.3350252908780,226.29246485943300,-15.764149794271100,499.1621303210680,92.68159004980420,-72.37432794297730,-9.182893074239610,-27.315581648585800
54473588,22.523000,0.000000,0.000000,1024.14,1024.17,1025.52,1026.26,0.05,-0.01,1.0,1.0,1.0,1.0,1400.52,-0.25061408778982400,-0.836057256346522,-0.07505457360534480,-0.14483656490325900,0.048027502395440600,0.12332429515296900,326.1811647207080,449.93009866799000,6.565326911388990,362.94126482543600,226.40584519858200,-15.989745201295100,500.42422778197400,93.21900131037450,-72.26163194967540,-9.339088413699820,-27.23115556696080
54473689,22.628000,0.000000,0.000000,1024.07,1024.21,1025.43,1026.29,0.05,-0.01,1.0,1.0,1.0,1.0,1400.55,-0.2581128212125590,-0.8502798648664500,-0.07405428862261860,-0.13872237789342900,0.01463409878050890,0.07821709036488930,326.1768652529200,449.92795327987700,6.568504859245540,364.02330249547900,226.57197772462600,-16.318740767884500,501.9062889310110,93.93059795392760,-72.66214081192520,-9.617107574910720,-26.87579342450430
54473789,22.726000,0.000000,0.000000,1024.16,1024.22,1025.52,1026.3,0.05,-0.01,1.0,1.0,1.0,1.0,1400.5,-0.26543017938283400,-0.8635448448241510,-0.07230689215772460,-0.12814122057111100,0.010816077385021800,0.09904618494452010,326.1723581899830,449.9241337054320,6.5740394516493300,364.71789510310600,226.7203320680100,-16.492361044922200,502.7757591934520,94.28905522106100,-72.61319020166620,-9.797892708419690,-26.595882443766900
54473888,22.824000,0.000000,0.000000,1024.09,1024.18,1025.61,1026.24,0.04,-0.01,1.0,1.0,1.0,1.0,1400.5,-0.27258897217497400,-0.8757063336262780,-0.0720584365311498,-0.1188043098893310,-0.03182384365006310,0.04807627511763910,326.1755535015920,449.918626746883,6.57118384222338,365.3340208917880,226.95339320582900,-16.81545933486510,505.19635218171400,96.85629016149850,-73.49723971860170,-9.96103700850662,-27.149579905956600
54473988,22.927000,0.000000,0.000000,1024.03,1024.28,1025.71,1026.12,0.04,-0.01,1.0,1.0,1.0,1.0,1400.56,-0.2796219048339630,-0.8867751453175950,-0.06867056002671830,-0.1054886381721920,-0.04708698876082780,-0.014088574686975400,326.1844166405760,449.9349972297610,6.562355832783160,364.9644803111470,226.9292336625870,-16.952097287527900,506.4315200592940,98.83272198209660,-74.86497060442880,-9.8649222856004,-28.109736340506100
54474088,23.022000,0.000000,0.000000,1024.08,1024.33,1025.72,1026.07,0.04,-0.01,1.0,1.0,1.0,1.0,1400.46,-0.2864693955858990,-0.8971294136928590,-0.07193467840825860,-0.10847280074053500,-0.1155073927560480,-0.1754078872786770,326.1754586654390,449.93576173453,6.560713232316740,364.90733419209000,226.9894455265750,-17.22897186753620,507.8920213227970,100.77666386817100,-75.82671386081670,-9.855480221167940,-28.854150708989100
54474189,23.123000,0.000000,0.000000,1024.13,1024.27,1025.77,1026.12,0.04,-0.01,1.0,1.0,1.0,1.0,1400.47,-0.29303529023211600,-0.9071642329738880,-0.06567472991395340,-0.1015559048446660,0.018213287210617500,-0.007145265405921750,326.17801149103700,449.9629227988790,6.59246063460159,365.0634726725910,227.0839436567480,-17.42175622116930,508.74225187237500,101.5651352651130,-76.26464934152680,-9.896719987109910,-29.065865133689600
54474289,23.224000,0.000000,0.000000,1024.03,1024.24,1025.64,1026.13,0.04,-0.01,1.0,1.0,1.0,1.0,1400.49,-0.29927773611816200,-0.9170826454429030,-0.06125351438949750,-0.0993732622548293,0.024860686653389100,-0.02056852960078580,326.17046711156000,449.9751639039570,6.574390528463150,365.3812350204640,227.38386198455400,-17.908212887640400,511.77169979172000,104.52644835308600,-77.16775739415200,-9.99049228985401,-30.014140036432000
54474388,23.325000,0.000000,0.000000,1024.19,1024.24,1025.41,1026.33,0.03,-0.01,1.0,1.0,1.0,1.0,1400.35,-0.3051848122638310,-0.9271024665446840,-0.058061648381283500,-0.10119645788613600,0.035048176870037200,-0.011699403963947600,326.17117017293700,449.999406028692,6.5692117431621400,365.8535806512440,227.59098167044700,-18.137048057439600,513.3571658251780,105.60747324333700,-77.46190642998790,-10.1163380840431,-30.177026890175200
54474489,23.424000,0.000000,0.000000,1024.21,1024.14,1025.45,1026.35,0.04,-0.01,1.0,1.0,1.0,1.0,1400.49,-0.310782959562437,-0.9372272658030330,-0.05526282359648840,-0.10139454530232300,0.018016240146824300,0.011245757988146900,326.17072734307500,449.98770791602100,6.569570213143800,367.9900406633690,228.15453573895800,-18.91677865043870,516.7235204435810,107.06897037823200,-77.44386812239980,-10.675933030236600,-29.498718799339600
54474588,23.525000,0.000000,0.000000,1024.22,1023.97,1025.44,1026.44,0.04,-0.01,1.0,1.0,1.0,1.0,1400.63,-0.31626380910366800,-0.9471507398994450,-0.05541050416809190,-0.09861701394499140,-0.020316633085913100,0.02031537353610120,326.1792322409410,449.9791231707000,6.581327696463260,370.1371333226640,228.66569421435600,-19.756492406516700,519.5571053880190,109.11321438713600,-77.79651769996330,-11.234041612854600,-28.868250291894100
54474694,23.624000,0.000000,0.000000,1024.11,1024.08,1025.41,1026.29,0.03,-0.01,1.0,1.0,1.0,1.0,1400.54,-0.3218299535949730,-0.9564789909586540,-0.055302258408344500,-0.08871804174670670,0.04110733969489250,0.17613631483822000,326.17687809172800,449.97694377437000,6.543622547616900,372.4396808282720,229.2358264962680,-20.457692477467000,522.823403641916,110.51967927589800,-77.61454527029260,-11.836699364895100,-28.038279300435800
54474794,23.730000,0.000000,0.000000,1024.01,1024.24,1025.56,1026.23,0.03,-0.01,1.0,1.0,1.0,1.0,1400.56,-0.3276637682099420,-0.9648180291963080,-0.06007959335650530,-0.07931309308014840,-0.0452824902746776,0.1132921118223380,326.18765730010700,449.96657818306700,6.55615323898111,373.0318069214110,229.38478193815000,-20.759892299830400,523.8458817221790,111.3795096773550,-78.0252450884722,-11.989572046741300,-27.979264327659400
54474895,23.829000,0.000000,0.000000,1023.96,1024.24,1025.63,1026.33,0.03,-0.01,1.0,1.0,1.0,1.0,1400.49,-0.3338368665746110,-0.971968858815592,-0.062440958107819900,-0.0669406313436558,0.03131536902240730,0.17214156981826400,326.1861732710760,449.93938822410800,6.560084326637360,372.888535957151,229.278319100123,-20.63801845045510,523.5582557085480,112.16808987046800,-78.56269214308720,-11.950156676488900,-28.243030257922100
54474995,23.930000,0.000000,0.000000,1024.02,1024.26,1025.69,1026.35,0.03,-0.01,1.0,1.0,1.0,1.0,1400.46,-0.3402211858941190,-0.9780902737774400,-0.06391049077481360,-0.05735783155252300,-0.003717524422104220,0.09802924941105930,326.1832202033000,449.93392618806600,6.553863307756530,373.2576796422840,229.38239786544400,-20.788864760562000,524.2145901272000,113.00389618373500,-78.94363956429360,-12.048357431028600,-28.27327015149150
54475095,24.030000,0.000000,0.000000,1024.04,1024.2,1025.74,1026.26,0.03,-0.01,1.0,1.0,1.0,1.0,1400.45,-0.346712223252337,-0.9833281302462470,-0.06523915178368900,-0.049357483146538500,-0.018692861346603700,0.07034487109303300,326.18897099065000,449.94305913847000,6.557808389631600,373.6351663773180,229.57001344988100,-20.928736794398700,526.0434679021320,114.91071748649600,-80.08707861857650,-12.150278294644100,-28.74469190406710
54475195,24.131000,0.000000,0.000000,1023.98,1024.21,1025.68,1026.19,0.03,-0.01,1.0,1.0,1.0,1.0,1400.54,-0.3532462158506230,-0.9878436630591390,-0.06542515124616540,-0.04318925565616240,0.03296834686778140,0.06982345735918190,326.1811526810730,449.9588825391560,6.550052809962510,373.689693474854,229.612021450087,-20.969657108211300,526.515499897277,115.74169347062100,-80.45322898582430,-12.167171401424300,-28.975905611345500
54475296,24.231000,0.000000,0.000000,1024.03,1024.31,1025.78,1026.3,0.03,-0.01,1.0,1.0,1.0,1.0,1400.48,-0.35974514606666800,-0.9919126842279140,-0.06464564874055320,-0.0393435843888165,0.029689247413227600,0.04494561049308950,326.18343631164800,449.9496201347540,6.55736643152698,373.4578454279600,229.5363618842220,-21.098722322875900,527.0410596631210,117.28758146769600,-81.58383146644930,-12.105442807713600,-29.627307252081400
54475395,24.331000,0.000000,0.000000,1023.94,1024.31,1025.7,1026.23,0.03,-0.01,1.0,1.0,1.0,1.0,1400.53,-0.3661072282642970,-0.9957619036154590,-0.06113014670945530,-0.03743781082565530,0.11648412079994800,0.05038482811112170,326.17975646038200,449.96000052074700,6.541604779348490,373.31157432946000,229.60914681556600,-21.200610915744600,527.9646379842470,118.9745395561360,-82.03943056734300,-12.07332007463430,-30.274457248560000
54475495,24.431000,0.000000,0.000000,1023.97,1024.27,1025.72,1026.26,0.03,-0.01,1.0,1.0,1.0,1.0,1400.54,-0.3722399102512170,-0.9997054039415220,-0.060092909562569900,-0.04011232040939090,0.03826153926380080,-0.019982901108944000,326.1735713126330,449.9509872926120,6.550362889241550,372.8096185708930,229.52707961645700,-21.258707317977300,528.1986297929160,120.02804682402300,-82.69060425720440,-11.94614592227590,-30.93624288474430
54475595,24.530000,0.000000,0.000000,1024.03,1024.27,1025.57,1026.25,0.02,-0.01,1.0,1.0,1.0,1.0,1400.44,-0.3780503870256280,-1.0039876420573500,-0.05688605272907620,-0.04491572293597470,0.07430961986544530,-0.03166602534148460,326.18036571782300,449.978305279045,6.564856183926300,372.4741526157240,229.53383137367800,-21.442719551640500,528.6815690791260,121.15200092768000,-82.83751342037630,-11.859890487698200,-31.52603693348
54475695,24.631000,0.000000,0.000000,1024.08,1024.25,1025.43,1026.39,0.02,-0.01,1.0,1.0,1.0,1.0,1400.5,-0.3834527358832490,-1.0088316171640600,-0.052464946132749500,-0.050968379841254300,0.00438032815258179,-0.10709935596231000,326.18260739643500,449.9857429172360,6.5601854264007400,372.59541070617500,229.69619859248700,-21.64141686272730,529.6630557122790,122.5373296379310,-83.26606578844930,-11.897637939521200,-31.901093197814900
54475796,24.731000,0.000000,0.000000,1024.11,1024.17,1025.54,1026.46,0.02,-0.01,1.0,1.0,1.0,1.0,1400.54,-0.38842651058018900,-1.0143296629476300,-0.049726037878867800,-0.05885871370798820,-0.050077875066956700,-0.15654267225862100,326.1726263333590,449.9983116960810,6.534693561549410,373.9083913265750,230.1938733267590,-22.222990210547800,532.2633321461060,124.01784201046400,-83.46645730447430,-12.252281125321000,-31.653823685994000
54475898,24.831000,0.000000,0.000000,1023.98,1024.25,1025.67,1026.24,0.02,-0.01,1.0,1.0,1.0,1.0,1400.37,-0.39309098840493300,-1.0202942209760800,-0.04737487088996610,-0.06288728277435550,-0.030729909352791600,-0.09821032414706840,326.1711801779520,449.99674261126300,6.565993761277530,374.49649797806000,230.39274247806600,-22.560021302487700,533.8904365710170,125.51439551900500,-83.81358954919200,-12.410513756225700,-31.834774686770400
54475999,24.933000,0.000000,0.000000,1023.92,1024.22,1025.77,1026.29,0.03,-0.01,1.0,1.0,1.0,1.0,1400.31,-0.39755104845548600,-1.0265626717063200,-0.043643161509163500,-0.06376174350667430,0.04242408040811840,-0.01130117871918270,326.17425570967500,450.0143248471510,6.557484595087140,374.04228478436100,230.4413948895080,-22.644758918930800,534.8455958719940,128.04304948895500,-85.41924972457320,-12.29835296826450,-32.91461489168980
54476097,25.034000,0.000000,0.000000,1023.95,1024.25,1025.83,1026.18,0.03,-0.01,1.0,1.0,1.0,1.0,1400.4,-0.4017696169225690,-1.0333474835506900,-0.041274891542790400,-0.07100066333612320,0.011828110373241000,-0.11702254890432600,326.1759285650400,450.0286238249920,6.575356690319620,373.64007006423200,230.439582375843,-22.701442943883600,535.6243770660760,130.21667667803300,-86.71825295778140,-12.196836779033100,-33.860425319010400
54476196,25.132000,0.000000,0.000000,1024.02,1024.16,1025.62,1026.18,0.03,-0.01,1.0,1.0,1.0,1.0,1400.49,-0.40566469462277700,-1.0410068998260400,-0.03832257239741030,-0.08191614614227650,0.008989040603763170,-0.16748875389018400,326.17211746099800,450.036995166046,6.576745671173760,373.50965591255500,230.45649019797500,-23.047793076867700,536.1770274780200,131.5978107824950,-86.67432718585770,-12.164658892081700,-34.382161399081200
54476297,25.232000,0.000000,0.000000,1024.04,1024.19,1025.62,1026.27,0.03,-0.01,1.0,1.0,1.0,1.0,1400.42,-0.4092074902267540,-1.0496842717940300,-0.034505926764230600,-0.09134649975890870,0.018363262560262700,-0.13749071303060800,326.2059227313330,450.13077234562800,6.677480883219720,374.1262774202290,230.76209545449700,-23.31344569936500,538.6118798555310,134.23189392769200,-87.56980801272390,-12.322499790952500,-34.947985670828300
54476397,25.332000,0.000000,0.000000,1023.95,1024.22,1025.6,1026.2,0.03,-0.01,1.0,1.0,1.0,1.0,1400.37,-0.41245020785105800,-1.0593345174437100,-0.031641687284087100,-0.1006146117670940,0.021864048344250300,-0.10587304266346300,326.1751702946070,450.05258959846400,6.565137452685960,374.2284745117140,230.86649448391500,-23.32637736251180,539.6801845779980,136.15229987484000,-88.16714830761850,-12.365614187180800,-35.47943643779660
54476497,25.432000,0.000000,0.000000,1024.02,1024.23,1025.56,1026.34,0.03,-0.01,1.0,1.0,1.0,1.0,1400.55,-0.4154231195031860,-1.0698608183957100,-0.02889620259245040,-0.10889191898927000,0.017537834666000300,-0.1113027497103540,326.2064635050760,450.12593530373400,6.676467818904020,374.37704073288300,231.11439990291100,-24.044302387149800,540.608905702049,138.96427925521400,-89.2113019678542,-12.404433934274200,-36.18947286833690
54476597,25.531000,0.000000,0.000000,1024.03,1024.24,1025.67,1026.27,0.03,-0.01,1.0,1.0,1.0,1.0,1400.51,-0.41815513555569000,-1.081286938773150,-0.026365972006166700,-0.11729986160775800,-0.0004350661832659390,-0.18785289773978300,326.1756579453820,450.05194932607800,6.562376770799420,374.49307757919900,231.18648575202100,-24.289163824535600,541.4854391486040,141.32484058605600,-89.99596215899270,-12.449116134232700,-36.816260047331900
54476698,25.632000,0.000000,0.000000,1024.06,1024.16,1025.7,1026.18,0.03,-0.01,1.0,1.0,1.0,1.0,1400.45,-0.4206643397307930,-1.093619872951650,-0.024860237177869500,-0.12948568680708400,-0.026826793107582300,-0.3306844728456640,326.1964025399950,450.1387607475980,6.675691494089570,375.02556701131400,231.44825792838600,-24.612232288392800,542.7581213214710,143.7807251943340,-90.87902929812230,-12.586536174548700,-37.23254217788620
54476797,25.733000,0.000000,0.000000,1023.96,1024.13,1025.62,1026.2,0.03,-0.01,1.0,1.0,1.0,1.0,1400.41,-0.4229906669397390,-1.106792183155050,-0.023230720525219700,-0.1376417484949370,-0.006518524375950520,-0.1971396193143900,326.1803789584440,450.04563414683800,6.559506680433740,375.9325758339390,231.73537457947200,-25.070178060454200,544.5934388011070,146.01500286716500,-91.82945350303080,-12.83825881973860,-37.381936441689900
54476897,25.832000,0.000000,0.000000,1024.07,1024.13,1025.51,1026.37,0.03,-0.01,1.0,1.0,1.0,1.0,1400.47,-0.42521081798720700,-1.1206239935470500,-0.021734689689853200,-0.13814157319973400,0.009744236337846140,0.0010828975549846600,326.1997930702950,450.1272521821080,6.664185327545940,376.50164011933900,231.98477550224300,-25.334614349057000,545.6842289254620,147.2758042222370,-91.97753061659850,-12.984959580980100,-37.43315634647360
54476997,25.932000,0.000000,0.000000,1024.19,1024.02,1025.48,1026.32,0.03,-0.01,1.0,1.0,1.0,1.0,1400.36,-0.4274431969509090,-1.1348694097444000,-0.023009283024823300,-0.1445846189453120,-0.0474106612003395,-0.19529139592866500,326.21395568582900,450.13137609948600,6.659567628168990,378.89809400796800,232.8573339950880,-26.49334100344590,549.9175342113450,151.35748955343200,-93.2672869127959,-13.629894758883000,-37.25993142249610
54477098,26.032000,0.000000,0.000000,1024.19,1024.06,1025.41,1026.31,0.03,-0.01,1.0,1.0,1.0,1.0,1400.51,-0.4299109480337150,-1.1492215560261000,-0.026378314889857400,-0.14566863277506800,-0.06770354011627040,-0.16683447293528100,326.18155704356800,450.184101359501,6.612291586773410,379.8070272631370,233.3713065054490,-26.897815651767600,552.3370079436910,153.75229686306100,-93.22060801701350,-13.89246162728160,-37.44273206883600
54477198,26.132000,0.000000,0.000000,1024.19,1024.16,1025.68,1026.3,0.03,-0.01,1.0,1.0,1.0,1.0,1400.49,-0.43272958047878300,-1.1634772335062000,-0.02991160078041950,-0.14431610771720800,-0.05371282006187990,-0.0892611817116506,326.2008349658240,450.18317315121500,6.618146983044360,379.90189011866300,233.4863299106970,-26.9523164712041,553.1063905544130,154.83687539380600,-94.16660596448820,-13.91843738504880,-37.74106931973110
54477298,26.233000,0.000000,0.000000,1023.92,1024.28,1025.81,1026.11,0.03,-0.01,1.0,1.0,1.0,1.0,1400.56,-0.43585156850684200,-1.1776296915336100,-0.032069442086206000,-0.14114589695233800,0.014444207402541900,0.15541799848957300,326.1828839321440,450.1843242201760,6.628529987565790,378.7610048408240,233.3173901902170,-27.155932852233500,552.6930572484320,158.290130327784,-94.98089181973070,-13.628072517731000,-39.410439407818300
54477398,26.333000,0.000000,0.000000,1024.02,1024.24,1025.83,1025.99,0.03,-0.01,1.0,1.0,1.0,1.0,1400.58,-0.439104603782818,-1.192025999600440,-0.032195970965788500,-0.14483029545430100,0.0081904903916863,-0.04693718130638330,326.20660444657600,450.1479978104350,6.666791740277280,378.0272575204970,233.12813298058400,-27.444895891339200,552.0082873989160,161.04927069383500,-96.30380277939490,-13.429783449684800,-40.63662153987470
54477498,26.433000,0.000000,0.000000,1023.91,1024.26,1025.79,1025.82,0.03,-0.01,1.0,1.0,1.0,1.0,1400.46,-0.44229260778484000,-1.2071303841949900,-0.03154710400258830,-0.15451489909581500,-0.03235992371228860,-0.2901669592621780,326.2015786560890,450.13977057536700,6.656144161414110,378.04888859252700,233.11420464421900,-27.513002655153200,552.2206045948630,163.2144124739210,-97.57874953640830,-13.43610119464650,-41.260879429611300
54477598,26.533000,0.000000,0.000000,1023.95,1024.24,1025.7,1026.06,0.03,-0.01,1.0,1.0,1.0,1.0,1400.46,-0.4453560834745990,-1.2229846420513900,-0.030946506000253200,-0.16595296058461800,-0.02249139099776720,-0.28453688360359600,326.2011974357520,450.1448524799760,6.6679131704767500,379.1675748902040,233.597318568493,-27.773227950380900,553.937012346189,165.9249962776760,-98.52912477576230,-13.744391214072400,-41.344359237109100
54477699,26.633000,0.000000,0.000000,1024.08,1024.12,1025.43,1026.29,0.03,-0.01,1.0,1.0,1.0,1.0,1400.37,-0.4483288845392520,-1.2394804016227400,-0.029667019741690000,-0.16648902301010100,0.0055185510828921200,-0.01322202975732200,326.2079026403140,450.14280963191600,6.635653489704600,380.74609345773400,234.20741374241700,-28.37127275386230,556.2571367763870,168.26145224416200,-98.83741588350960,-14.174595143674900,-41.05776152215690
54477798,26.733000,0.000000,0.000000,1024.2,1024.08,1025.55,1026.34,0.03,-0.01,1.0,1.0,1.0,1.0,1400.49,-0.4513408863097240,-1.2561974663199200,-0.030607294730337800,-0.16628396755926200,0.023268400869704200,0.24905203993784600,326.18274150494200,450.0700392233930,6.575226841297630,381.55511912779200,234.56785392290600,-29.094690656176000,557.7221413083230,170.40028190601600,-99.3127076304046,-14.410181394374300,-41.16584763581140
54477898,26.833000,0.000000,0.000000,1024.09,1024.15,1025.41,1026.18,0.02,-0.01,1.0,1.0,1.0,1.0,1400.46,-0.4545550508597120,-1.2728009159582700,-0.03224448602181700,-0.16155116226627800,-0.0030313162817808100,0.11374281985019000,326.2040558350010,450.13170384896000,6.656851609930350,381.857676735777,234.7300108858060,-29.356551676830300,558.3744450778720,171.80411203949000,-99.25381329288370,-14.486774143826400,-41.40597142633070
54477999,26.932000,0.000000,0.000000,1024.26,1024.06,1025.49,1026.32,0.02,-0.01,1.0,1.0,1.0,1.0,1400.48,-0.4579848347471450,-1.2891712411332300,-0.034932570379740100,-0.161613549037839,-0.01036113365831740,0.1008512278479940,326.207166983016,450.1525167465680,6.647367294917700,383.99778283452700,235.72528875519900,-30.181989252501300,561.9577302997910,176.8526638001230,-100.73564515051600,-15.08348767548230,-41.52780108011380
54478099,27.033000,0.000000,0.000000,1024.23,1024.12,1025.54,1026.18,0.02,-0.01,1.0,1.0,1.0,1.0,1400.52,-0.4617312903208800,-1.3051689494086500,-0.038185426548655900,-0.15501956301417500,0.017570661186123400,0.28527063869769200,326.1851598447930,450.1602532796430,6.62331459789424,385.3350635435310,236.3440311465650,-31.431009466010500,564.5368349634030,181.11074965501800,-101.57546098113600,-15.463519388964400,-41.94270092594930
54478200,27.133000,0.000000,0.000000,1024.25,1024.1,1025.58,1026.12,0.02,-0.01,1.0,1.0,1.0,1.0,1400.45,-0.46592448785932600,-1.3207799560747800,-0.04258433026108010,-0.15065840709831500,0.007803647388572790,0.23246584236201300,326.18557251268700,450.16413401875300,6.631400408925500,386.55169877552900,237.05276254191800,-32.08982277700860,566.5786025741980,185.69352722867000,-102.93391034649400,-15.81535399122200,-42.446562093584600
54478299,27.238000,0.000000,0.000000,1024.12,1024.2,1025.8,1026.13,0.03,-0.01,1.0,1.0,1.0,1.0,1400.56,-0.47058262826488100,-1.3360160197129100,-0.048555560628919000,-0.1519833924595270,-0.06073075754972270,-0.01546997099820420,326.1853609254850,450.16865318123600,6.632157125147690,386.9234537201190,237.37273272380600,-32.24714692028820,567.2968615650520,187.83980245826300,-103.56438300232000,-15.930274268900200,-42.78380268286540
54478399,27.333000,0.000000,0.000000,1024.22,1024.11,1025.58,1026.11,0.03,-0.01,1.0,1.0,1.0,1.0,1400.45,-0.4756808533182360,-1.3509758581758900,-0.05002153068665500,-0.1419972682720170,0.04912178442985710,0.25120632211823300,326.23928632726600,450.15035415693600,6.715351234575480,387.8836682113710,237.9444568469760,-33.6455070568704,568.9114674501550,194.1426398376800,-105.38917283901400,-16.1982246104863,-44.00158239173920
54478499,27.433000,0.000000,0.000000,1024.28,1024.09,1025.41,1026.27,0.03,-0.01,1.0,1.0,1.0,1.0,1400.59,-0.48119331214961600,-1.3659453397123400,-0.05687373244574410,-0.1498508134254340,-0.06098369761506450,-0.025865353854025300,326.1869739168520,450.17391677321100,6.636357412513620,390.6943378055460,239.33626744437800,-34.87706572589130,572.8358200418070,199.03202970844700,-106.8058298654420,-17.011885042054100,-43.49888616161030
54478599,27.533000,0.000000,0.000000,1024.42,1023.97,1025.29,1026.37,0.03,-0.01,1.0,1.0,1.0,1.0,1400.5,-0.48728595084776100,-1.3807803101640400,-0.06395012714006290,-0.14750073310442900,-0.1198692405180390,-0.05345645330632800,326.1844578803200,450.1817225791600,6.626945175152260,393.4292318440000,240.5422243014760,-35.807615572740000,576.998691682987,202.7839360977300,-107.01320848055900,-17.78436325283690,-42.80824688594570
54478699,27.633000,0.000000,0.000000,1024.28,1023.94,1025.35,1026.3,0.03,-0.01,1.0,1.0,1.0,1.0,1400.51,-0.4923672706844640,-1.3915135871406600,-0.06857632511640650,-0.1382974135457830,-0.015866173554057200,0.22956725097310800,326.1834104123710,450.182554136097,6.588269824948160,395.2010192430350,241.46305698941900,-36.903574721540300,579.5697637131310,205.68061879837000,-106.80248446984300,-18.29758361236140,-42.421368098972100
54478799,27.734000,0.000000,0.000000,1024.18,1024.15,1025.46,1026.3,0.03,-0.01,1.0,1.0,1.0,1.0,1400.62,-0.49991330242529300,-1.4049721431972500,-0.07886747057594760,-0.13080428762714500,-0.11233726133606900,0.0619813213873836,326.19033969039900,450.1754676449280,6.5999986577424500,395.91350716649300,241.866621766709,-37.31298932311910,580.715811998204,208.22272829815300,-107.2307957680240,-18.50593706682920,-42.670232528716300
54478899,27.835000,0.000000,0.000000,1024.26,1024.21,1025.36,1026.29,0.03,0.0,1.0,1.0,1.0,1.0,1400.4,-0.5104675703600190,-1.4203472839296300,-0.08479039732676500,-0.11397199312857100,0.06298324681588570,0.26047908183571800,326.18935870867300,450.1719031967370,6.607175994523920,397.0218825600520,242.52609292716300,-37.92741702709360,581.9876687998860,211.10942409338900,-107.78055119444500,-18.835630506090400,-42.68897758454820
54478999,27.934000,0.000000,0.000000,1024.06,1024.15,1025.37,1026.42,0.04,0.0,1.0,1.0,1.0,1.0,1400.46,-0.519659956262781,-1.4315504556630900,-0.0924196245349528,-0.10585068118343000,0.2750977295564120,0.5095809535086980,326.2030322433890,450.164245182324,6.612584984695650,398.7312071642480,243.38017271725800,-38.71246942543050,583.9418482946990,214.2518310847710,-108.46721373462700,-19.327989277946300,-42.406242557698100
54479099,28.035000,0.000000,0.000000,1024.11,1024.19,1025.52,1026.26,0.04,-0.01,1.0,1.0,1.0,1.0,1400.63,-0.5295088422014080,-1.4416665528392100,-0.10159604396274500,-0.09776371862914900,-0.09720168594654980,0.07499385073617850,326.1902370312100,450.162940121847,6.612100775611950,399.3105157046340,243.81173096165700,-39.08958767741870,584.5362092944900,216.88485039500000,-108.81127929688900,-19.511714286318500,-42.705234125377500
54479200,28.136000,0.000000,0.000000,1024.11,1024.2,1025.69,1026.22,0.04,-0.01,1.0,1.0,1.0,1.0,1400.49,-0.5399150322964670,-1.4507423370688300,-0.10592526138727100,-0.0875382253937371,-0.02375784657664960,0.09880346238290290,326.19368902596000,450.15613069445100,6.613691090118250,398.9339317685470,243.8444033600420,-39.18067095611240,584.167281356576,218.65749062380700,-109.56086292866600,-19.421348009189600,-43.41405812474900
54479301,28.236000,0.000000,0.000000,1024.1,1024.14,1025.42,1026.29,0.04,-0.01,1.0,1.0,1.0,1.0,1400.49,-0.5506402826144180,-1.4591125287659200,-0.10738892962792300,-0.08163138865205040,0.09655321322230700,0.12373233892100000,326.19852672029900,450.1655204116580,6.61936796450473,399.2633632064780,244.12205399842200,-39.81409316776960,584.8800209973240,220.76481407687700,-110.05246219725100,-19.524956854055400,-43.77791786337720
54479402,28.337000,0.000000,0.000000,1024.29,1024.11,1025.45,1026.25,0.04,-0.01,1.0,1.0,1.0,1.0,1400.48,-0.5614715780658910,-1.4670685917895200,-0.10797529543525300,-0.07744368145697790,0.042715109494747500,0.08574611990402260,326.202834045746,450.1918453266510,6.629067815850860,400.8937663025280,244.98888192675300,-40.491964489142900,587.5123986119700,223.33730229762500,-110.33940879371300,-20.000779497739800,-43.38054638292620
54479501,28.437000,0.000000,0.000000,1024.22,1024.12,1025.34,1026.34,0.04,-0.01,1.0,1.0,1.0,1.0,1400.49,-0.5724111235324540,-1.4744921248390000,-0.10929381849406800,-0.07154876761565320,0.0625552980415459,0.11013845646960500,326.19828446961100,450.19072558278800,6.600586250326310,402.50728954898500,245.90017310826900,-40.92711745853620,590.1171714919550,225.68793203618400,-110.42899670060800,-20.482256016561100,-42.88641696915320
54479602,28.535000,0.000000,0.000000,1024.09,1024.19,1025.44,1026.32,0.04,0.0,1.0,1.0,1.0,1.0,1400.51,-0.5834657657653500,-1.4812048939366800,-0.10929469532726800,-0.06273987075275640,0.04307829888385320,0.1256246695486390,326.197398620066,450.1891387651230,6.594719919502130,403.33376684947400,246.43500466242600,-41.609600781235700,591.4565817987360,227.87970485902900,-110.63365028624200,-20.735449048217300,-42.89601211183780
54479702,28.638000,0.000000,0.000000,1024.09,1024.17,1025.52,1026.4,0.04,0.0,1.0,1.0,1.0,1.0,1400.43,-0.5946945242739500,-1.4870582822759400,-0.11225716516844500,-0.0553091675401721,-0.07808682608131020,0.04073789353031290,326.1925980398400,450.17956437607300,6.599934221827640,403.61736278820600,246.59090117658300,-42.10334502663510,591.4126342624700,229.7530711535910,-111.21750700710000,-20.82180843097890,-43.23291112920300
54479802,28.737000,0.000000,0.000000,1024.07,1024.24,1025.32,1026.32,0.04,0.0,1.0,1.0,1.0,1.0,1400.5,-0.6059909584415920,-1.4922124918720200,-0.11562323604933600,-0.050612458679328600,0.20353981177281400,0.14497866190997600,326.19185947203500,450.1720545414190,6.609727182221850,404.0473535530520,247.03579229872500,-42.161630403151800,591.7334438995810,231.7334021371730,-111.56908833524000,-20.97019644358400,-43.398487359274900
54479903,28.837000,0.000000,0.000000,1024.18,1024.17,1025.33,1026.38,0.04,0.0,1.0,1.0,1.0,1.0,1400.4,-0.6172413480688700,-1.4968321122049600,-0.1110251110332490,-0.04363072598417670,0.08882332886815330,0.09109820568505950,326.1819586875980,450.17665950651900,6.583646711713110,405.46404065546000,247.92389611690700,-42.73981979704920,593.1308883885790,233.86499541054600,-111.90787743909600,-21.404933560155900,-42.90587141957700
54480002,28.938000,0.000000,0.000000,1024.08,1024.21,1025.44,1026.48,0.04,0.0,1.0,1.0,1.0,1.0,1400.46,-0.6284490080271550,-1.5008161673352500,-0.11205000330976900,-0.03720933115335320,-0.0003380656852254760,0.06866531533526660,326.1961183287250,450.16626236517500,6.603033802790740,406.1537487743020,248.30553249638200,-43.15083520447570,593.8112967094500,236.28565886269400,-111.83021672721100,-21.608664511275000,-43.11775834111950
54480103,29.037000,0.000000,0.000000,1024.12,1024.14,1025.41,1026.35,0.04,0.0,1.0,1.0,1.0,1.0,1400.55,-0.6395798488788070,-1.5041402309676800,-0.10939476893897700,-0.030752023623118500,0.07641306212323230,0.06860282171286130,326.1948984928570,450.1779945510410,6.60464628625999,406.31737347196800,248.73651916417400,-44.013650981108600,593.9563312798130,238.73789041826300,-112.4856426523140,-21.689975170916200,-43.56984124085520
54480203,29.138000,0.000000,0.000000,1024.04,1024.21,1025.52,1026.37,0.04,0.0,1.0,1.0,1.0,1.0,1400.43,-0.6505763668390310,-1.5070535388410800,-0.10922818843207700,-0.028218319408661100,0.05252202720543380,0.029490812824796800,326.18923994284300,450.17911843163900,6.607586927147760,406.33972164348400,248.8611242358510,-44.04798732649380,594.3462149388430,240.34900947687800,-112.71815656920000,-21.708923478391100,-43.98982017887000
54480302,29.238000,0.000000,0.000000,1024.06,1024.09,1025.6,1026.44,0.04,0.0,1.0,1.0,1.0,1.0,1400.54,-0.6613325488040190,-1.5098105866152900,-0.10372971093642800,-0.026699944903410400,0.10214566888367300,0.02077831269547700,326.2140148597860,450.19891643265800,6.654185919937500,406.1986280359380,248.9783828940440,-44.25913514562180,594.667708917598,242.05872131063600,-113.4960974855400,-21.677685882463300,-44.54195229148340
54480402,29.337000,0.000000,0.000000,1023.89,1024.22,1025.62,1026.25,0.04,0.0,1.0,1.0,1.0,1.0,1400.37,-0.6717211107282630,-1.512648456403180,-0.10347641609208800,-0.029715408139757200,0.030582631921668300,-0.036297531594053000,326.1922583948890,450.2022009083430,6.633765923420540,405.5435943964580,248.9452367942360,-44.19491677597510,593.8943792860820,243.68408951492100,-113.55568916041700,-21.519552333762600,-45.360885155532500
54480502,29.437000,0.000000,0.000000,1023.93,1024.23,1025.59,1026.4,0.05,0.0,1.0,1.0,1.0,1.0,1400.42,-0.6816010195638460,-1.5158888675738600,-0.09605876310700960,-0.03451135946504470,0.12245814426191200,-0.04549799789154220,326.1986074509690,450.2059442319400,6.62865063314289,405.27821911450300,248.75730813098000,-44.194069782070200,592.8147927612340,244.98447331220700,-114.21879117253000,-21.432723637246700,-45.98203963564740
54480602,29.538000,0.000000,0.000000,1024.08,1024.25,1025.4,1026.42,0.05,0.0,1.0,1.0,1.0,1.0,1400.49,-0.6908490092094570,-1.519766621936240,-0.08936364692562070,-0.04070287050600890,0.1815203047545630,-0.002923785000801910,326.19413195442700,450.1833452040460,6.596192823035600,406.33485343292200,249.32612200981100,-44.45613193711500,593.831190463318,246.2836978736560,-114.59376887362300,-21.751677039961200,-45.56701300967620
54480702,29.639000,0.000000,0.000000,1024.05,1024.2,1025.4,1026.34,0.05,0.0,1.0,1.0,1.0,1.0,1400.33,-0.6995201752469820,-1.5241115557056700,-0.08422917570253030,-0.04423183623579360,0.15598478943472100,0.02974152254048720,326.1997711611580,450.1863557637430,6.614500725877080,406.6543729728270,249.5826804316180,-45.196553210487200,594.1481394773640,246.97028789408900,-114.46859468749000,-21.854412829995100,-45.492911097542600
54480802,29.739000,0.000000,0.000000,1024.04,1024.15,1025.39,1026.49,0.05,0.0,1.0,1.0,1.0,1.0,1400.34,-0.7076878302645180,-1.528679339062010,-0.0795225160236257,-0.046035183421994000,0.07422373966836310,0.0030577527368014500,326.19427918015600,450.17900556963300,6.6032101610923900,407.37262003362600,250.0280942139520,-45.367190635502600,594.6537627011240,248.44537470337100,-114.65224937554300,-22.07676935282270,-45.36226417740570
54480903,29.837000,0.000000,0.000000,1023.97,1024.27,1025.36,1026.38,0.04,0.0,1.0,1.0,1.0,1.0,1400.56,-0.7153818709691470,-1.5333331759015900,-0.0755378280598626,-0.04667536722242970,0.03549403095696090,-0.0013820939592398600,326.2485662800250,450.152774442394,6.691754132144670,407.43702220810800,250.07434152519400,-45.40998569927100,594.7999932916770,248.37462115564000,-114.83065807257400,-22.086485057415500,-45.30726799450160
54481004,29.938000,0.000000,0.000000,1024.02,1024.19,1025.55,1026.47,0.04,0.0,1.0,1.0,1.0,1.0,1400.45,-0.722621988958824,-1.537932487454120,-0.07068201793083550,-0.04560748717991210,0.05607232410603230,0.01803816040412260,326.21619168781,450.15858719374400,6.599311055945900,407.56398366272300,249.90260381135700,-45.352555620150700,594.7363456364490,247.5866219425140,-114.57587403163200,-22.107925405597000,-45.07523461597210
54481103,30.038000,0.000000,0.000000,1023.91,1024.32,1025.44,1026.4,0.04,0.0,1.0,1.0,1.0,1.0,1400.42,-0.7293849045439030,-1.54234137490423,-0.06570261863832670,-0.04269333115745240,0.04246953178067820,0.03798523873056080,326.19205814564700,450.1701957333300,6.578050549257640,408.0853946350090,249.97889072352500,-45.06077511370130,595.59958265659,246.10187151011000,-114.07156082669300,-22.247341906696400,-44.32084478954410
54481203,30.138000,0.000000,0.000000,1023.87,1024.34,1025.29,1026.49,0.04,0.01,1.0,1.0,1.0,1.0,1400.38,-0.7356995286350150,-1.546251951082380,-0.06165578664401650,-0.03660337751890730,0.04165530008511830,0.07097889323254970,326.2018040281360,450.1699014236210,6.612108682666460,407.9678549116540,249.7266509198270,-44.826191690877800,595.6206178603080,244.61176334243700,-113.76737183466200,-22.191833798428400,-44.05499687319680
54481303,30.238000,0.000000,0.000000,1023.84,1024.31,1025.42,1026.41,0.04,0.01,1.0,1.0,1.0,1.0,1400.45,-0.741561054956163,-1.5494449585122600,-0.056692777016607600,-0.02915829929072750,0.05872876532278250,0.07645938083372380,326.2048499227310,450.16305816615400,6.60858148053286,407.7052525806780,249.5101229702750,-44.934716004142100,595.3597730848270,243.47115975324700,-113.41507970026000,-22.108740957449900,-43.93930251788870
54481403,30.339000,0.000000,0.000000,1023.95,1024.34,1025.46,1026.34,0.04,0.01,1.0,1.0,1.0,1.0,1400.42,-0.7469326074498230,-1.551925784607860,-0.05162681766803460,-0.021982241209434200,0.08869287433181540,0.09191317771626760,326.1893143228200,450.06914313395400,6.526591434967730,407.87064612164200,249.30238824794500,-44.30456634322840,595.2425521308230,241.16880631116900,-112.978798055878,-22.096947789811600,-43.54314073080950
54481504,30.439000,0.000000,0.000000,1023.92,1024.17,1025.38,1026.39,0.05,0.01,1.0,1.0,1.0,1.0,1400.43,-0.7517852789061880,-1.553613724590960,-0.045980034882552000,-0.01338208192270560,0.06967202894250290,0.09602112875003020,326.2203231197900,450.1359967599330,6.652909754640410,407.97986478490300,249.29920195233300,-44.327927439160500,595.2846126228610,240.26146603138300,-112.73755397388200,-22.150964853162400,-42.93560525383550
54481604,30.540000,0.000000,0.000000,1023.95,1024.22,1025.27,1026.35,0.05,0.01,1.0,1.0,1.0,1.0,1400.55,-0.7561506353543190,-1.554340820247180,-0.04182298569947060,-0.0032377830943433800,0.06211663711844670,0.11276401079780000,326.2165485937560,450.13651981951700,6.619033415121700,408.2628161867770,249.25756104684100,-43.738038578251100,595.2661349042210,237.2639851743800,-111.61212091378400,-22.21688914649830,-41.896546806712000
54481703,30.640000,0.000000,0.000000,1023.76,1024.46,1025.36,1026.41,0.05,0.0,1.0,1.0,1.0,1.0,1400.45,-0.7600730193037600,-1.5539006781374700,-0.03774113886918830,0.009191451460268600,0.054883796911830800,0.12661511959055900,326.2201176347850,450.12437123095700,6.630004540415450,407.83822992297500,248.74282933264600,-43.933747077548400,594.4210943022160,234.41055703446200,-111.41483232842200,-22.06226617804210,-41.48294587177030
54481803,30.739000,0.000000,0.000000,1023.75,1024.39,1025.39,1026.44,0.05,0.0,1.0,1.0,1.0,1.0,1400.46,-0.7635689033546420,-1.5521720843883600,-0.03307164718656550,0.021995275260025100,0.05015718575758660,0.12366938051665100,326.2190219242530,450.1191941149580,6.622467915625140,407.53726660421300,248.44890133068700,-43.20092828079290,593.84572523638,232.84518967951000,-111.15620123224600,-21.960460951847100,-41.29161311518170
54481904,30.838000,0.000000,0.000000,1023.75,1024.33,1025.32,1026.44,0.05,0.0,1.0,1.0,1.0,1.0,1400.46,-0.7665785771121170,-1.5491863154535300,-0.0281296956183199,0.034431910027944900,0.05989431591079900,0.11378187161141200,326.1909363514920,450.0411758008390,6.519553918812080,407.33153716354400,248.09787995813100,-43.05397657270240,593.428284287878,230.29085782111200,-110.53522917262100,-21.890208876749400,-40.753767422524200
54482003,30.938000,0.000000,0.000000,1023.74,1024.26,1025.29,1026.5,0.05,0.0,1.0,1.0,1.0,1.0,1400.53,-0.7690667000683790,-1.5449690392486800,-0.022855355251892400,0.046765513077157300,0.0601298937965905,0.11357166021767600,326.22374856655000,450.1129005251920,6.616478535035030,406.4886676383040,247.53222366950400,-42.31896256537710,592.111973948664,225.84962432055600,-108.79455531311700,-21.61407093735690,-40.10934908157320
54482104,31.038000,0.000000,0.000000,1023.83,1024.38,1025.27,1026.51,0.05,0.0,1.0,1.0,1.0,1.0,1400.44,-0.7710018405383610,-1.539536238226120,-0.017042619118761500,0.05802371881492780,0.07178452823895960,0.06380738955064810,326.1957496756350,450.04345208070200,6.5170763836787100,406.0705487188090,247.27690567285200,-41.52158414835960,591.6598254609300,224.1618634209360,-108.3476058056960,-21.50071728162120,-39.8989679893172
54482203,31.140000,0.000000,0.000000,1023.66,1024.28,1025.31,1026.39,0.05,0.0,1.0,1.0,1.0,1.0,1400.45,-0.7723613935865840,-1.5329531562963800,-0.011143258982786400,0.06876963613560120,0.07204646806547860,0.03694199988204650,326.1950982294020,450.0390694276470,6.525678684038450,404.8309100556190,246.1753459807890,-40.60503500944860,589.966821009549,218.07625620571300,-107.01033369458500,-21.092990606630500,-39.18379077260940
54482304,31.240000,0.000000,0.000000,1023.65,1024.34,1025.33,1026.44,0.04,0.0,1.0,1.0,1.0,1.0,1400.4,-0.7730994279831350,-1.5252781043740400,-0.004944410994395480,0.08087920915137100,0.06778907250934630,0.08928376448596060,326.2144606010300,450.11819304299600,6.618456790511400,403.24635745420200,245.12017960864000,-39.757259343020200,588.0304871181090,213.47874291110500,-106.24466104195600,-20.594663387905400,-39.093891431231000
54482404,31.339000,0.000000,0.000000,1023.67,1024.4,1025.23,1026.55,0.04,0.0,1.0,1.0,1.0,1.0,1400.38,-0.7731227183833120,-1.516590857484420,0.002808409140457330,0.08959232022144570,0.08109166647735850,0.04829612080433930,326.21186268468900,450.1096879870830,6.623433295164730,402.05786457291700,244.37428389027000,-39.04478269660310,586.2241452956460,208.9638372725180,-104.89013044573400,-20.2368119134587,-38.64269296315920
54482504,31.439000,0.000000,0.000000,1023.59,1024.5,1025.21,1026.53,0.04,0.0,1.0,1.0,1.0,1.0,1400.38,-0.7723120001978740,-1.5070604192169100,0.011298922727251600,0.09783904800284700,0.08196981415976370,0.044697796071922200,326.21186268468900,450.0286287331410,6.520845812415180,402.05786457291700,244.37428389027000,-39.04478269660310,586.2241452956460,208.9638372725180,-104.05170610188800,-20.2368119134587,-38.64269296315920
54482605,31.539000,0.000000,0.000000,1023.81,1024.46,1025.21,1026.53,0.04,0.0,1.0,1.0,1.0,1.0,1400.43,-0.7706825244173840,-1.496790060951570,0.01911674207780420,0.10507855837875500,0.06696281561673300,0.019446043845564900,326.1779803611300,450.02882533285400,6.546851619244750,401.5315977020160,243.51168023719400,-38.009185266699100,584.1886225399680,200.18241293481200,-102.01175518002700,-20.045926929117100,-36.56330259573520
54482705,31.642000,0.000000,0.000000,1023.72,1024.43,1025.03,1026.56,0.03,0.0,1.0,1.0,1.0,1.0,1400.46,-0.7683164727442720,-1.4856166010588400,0.025695943876796000,0.11402675731654900,0.05099921257615890,0.06786513604332940,326.18424471548400,450.00738471142800,6.521239935429560,401.6932130202570,243.3281929888990,-37.61458666813190,583.6348904387200,196.18648602842200,-100.67513798405300,-20.06946444263890,-35.33498407133890
54482806,31.740000,0.000000,0.000000,1023.76,1024.36,1025.1,1026.61,0.03,0.0,1.0,1.0,1.0,1.0,1400.45,-0.7653445927569130,-1.4731154478688300,0.03175297138468700,0.13140319365485600,0.05295462932145830,0.18215694815059200,326.18867351833500,450.0041759022310,6.519988805244830,401.6520902806610,243.09484887799100,-37.06147450142970,582.92045172927,192.618178416562,-99.27299200693470,-20.03778893648100,-34.36382888477180
54482905,31.841000,0.000000,0.000000,1023.75,1024.39,1025.16,1026.47,0.03,0.0,1.0,1.0,1.0,1.0,1400.27,-0.7619186481477060,-1.4589984756961500,0.035769493791413500,0.14723993128507900,0.030930772144509700,0.12068989479984500,326.1872941758090,450.00828377110700,6.518414905357810,400.9467473116170,242.7604415370300,-36.81453710780070,582.124328021359,190.59626370651400,-99.08620904837900,-19.835635382858300,-34.26669899102010
54483005,31.940000,0.000000,0.000000,1023.67,1024.35,1025.22,1026.51,0.03,0.0,1.0,1.0,1.0,1.0,1400.5,-0.7580760914633200,-1.4434132932858300,0.03998344902310490,0.16011385858926400,0.0510982724996315,0.13607538439937,326.1882394112160,449.99773296571800,6.505317082979140,399.042605630142,241.6470325450030,-35.73858836200800,578.8437251427600,184.95602557314100,-97.29543793995100,-19.273292623140400,-33.95343453566900
54483106,32.040000,0.000000,0.000000,1023.71,1024.38,1025.24,1026.59,0.03,0.0,1.0,1.0,1.0,1.0,1400.44,-0.7537445462819610,-1.4267310007593600,0.04504870913938580,0.16951900181935100,0.021971464636848400,-0.022251663917212400,326.1971747037240,449.9798240351520,6.495873061363320,398.670459180873,241.20456735129200,-35.43474829863840,577.2719266978310,181.30648328464500,-96.19483883475140,-19.14369855957370,-33.172548100805500
54483206,32.142000,0.000000,0.000000,1023.79,1024.49,1025.01,1026.63,0.03,0.0,1.0,1.0,1.0,1.0,1400.47,-0.7489174357873830,-1.40916893891918,0.049608580121497700,0.1777437728133220,0.021663975959004200,0.021260249754674900,326.19041007620300,449.97135263426700,6.492857796600690,398.5760770164150,240.95680419748400,-34.925177453603300,575.8965318422360,177.92368645297000,-95.10062956882040,-19.101931281978400,-32.22707217453200
54483306,32.241000,0.000000,0.000000,1023.82,1024.46,1025.14,1026.59,0.02,0.0,1.0,1.0,1.0,1.0,1400.49,-0.7437165021844570,-1.39065591894817,0.05304217065926590,0.1883237009478410,0.05906946198095400,0.1979542963647540,326.20189197540900,449.9628144883870,6.515836459272090,398.11939543879300,240.68010626230900,-34.49214819979190,574.6784046175910,176.19737895292100,-94.23598824813520,-18.96467160632400,-32.00749634455980
54483406,32.342000,0.000000,0.000000,1023.75,1024.45,1025.22,1026.43,0.02,0.0,1.0,1.0,1.0,1.0,1400.61,-0.7382187709990720,-1.3712811180285500,0.05727620613011450,0.20050625650144900,0.07073832299760220,0.20438712136088100,326.20111058606600,449.9543339411900,6.535301067494550,396.2797711850910,239.7193787968600,-33.569492531056000,571.0224777848980,171.65182650663600,-93.4314499738081,-18.4350327616379,-31.847521088586000
54483506,32.442000,0.000000,0.000000,1023.8,1024.36,1025.18,1026.6,0.02,0.0,1.0,1.0,1.0,1.0,1400.65,-0.7323884115062110,-1.35134937708936,0.05912561839209650,0.19850694542160300,0.012946386614774500,-0.05984397363060730,326.19455762272900,449.9544901806790,6.516917162421460,394.8597132355650,239.03069155960300,-33.47412513304320,568.5163810412630,168.49298322859400,-92.04079176894940,-18.032392149419100,-31.828688032330500
54483607,32.542000,0.000000,0.000000,1023.76,1024.33,1025.23,1026.45,0.02,0.0,1.0,1.0,1.0,1.0,1400.54,-0.7261449434465030,-1.33119905272295,0.06358408161352100,0.20007546173924700,0.036655540059747300,-0.022485762767473100,326.1915323984640,449.9394232435050,6.506233594213640,394.1077886108170,238.54936278928300,-32.61022585274840,566.7941428193100,165.2609353925040,-91.24119384023400,-17.81138388574020,-31.38076931484230
54483706,32.642000,0.000000,0.000000,1023.68,1024.4,1025.27,1026.52,0.02,0.0,1.0,1.0,1.0,1.0,1400.46,-0.719475733548774,-1.3110657581416400,0.06681625436440180,0.1971472854638660,0.03684028603345760,-0.004139170884639610,326.2012049598040,449.95151252436700,6.546595560035460,393.92594945407,238.45869801248800,-32.6437116216154,566.0258474496390,163.8516237730850,-90.92384592955830,-17.75623175259130,-31.050308924490700
54483807,32.741000,0.000000,0.000000,1023.67,1024.52,1025.26,1026.43,0.02,0.0,1.0,1.0,1.0,1.0,1400.46,-0.7124663539832640,-1.2910276444440800,0.0719626476125499,0.20214790111401300,0.11695984292678900,0.2365822445273790,326.26643212603100,449.9267690149780,6.606781538075680,392.3196611576730,237.56713799997000,-31.952006147684400,562.4089166075440,159.4459704806070,-89.3507510571491,-17.278002284363100,-30.774906738600000
54483907,32.843000,0.000000,0.000000,1023.78,1024.56,1025.17,1026.44,0.02,0.0,1.0,1.0,1.0,1.0,1400.43,-0.7051512381156920,-1.2711432851414200,0.07613770787640260,0.20246484213175300,0.11954211676686000,0.19540900298868600,326.19847932739900,449.9253731918130,6.543139737775370,391.5815275798150,237.29418975288700,-31.335165772850900,560.7716089061830,158.1482978773350,-89.10112543393800,-17.092406758608700,-30.745334695109800
54484006,32.942000,0.000000,0.000000,1023.83,1024.57,1024.99,1026.56,0.03,0.0,1.0,1.0,1.0,1.0,1400.48,-0.6975205386865330,-1.2516283125829500,0.07736605724484990,0.19337085533418500,0.15276678330788700,0.2731554774136430,326.2030935724370,449.86783244063700,6.511199206163270,390.8007633689360,236.75591494285100,-30.474054048044300,556.3667872702570,153.77172982404800,-87.37388852869290,-16.862905087600500,-29.653471330467100
54484106,33.043000,0.000000,0.000000,1023.78,1024.49,1024.92,1026.68,0.03,0.0,1.0,1.0,1.0,1.0,1400.45,-0.6896138662832840,-1.2324615992234300,0.084259894022366,0.20130156389369500,0.3016494131598600,0.6560688776411190,326.23428730529900,449.89960340256000,6.473762405015450,390.92502425491300,236.70205634327000,-30.62592745553210,555.4582567963960,152.50254189020800,-86.56507434451550,-16.87942182998550,-29.140161322751400
54484206,33.142000,0.000000,0.000000,1023.77,1024.43,1024.78,1026.72,0.03,0.0,1.0,1.0,1.0,1.0,1400.51,-0.6815453800920970,-1.2133899135380300,0.08297144782726180,0.19572998096117200,0.20355382129110900,0.4857830784471200,326.2827925292660,449.838008846033,6.573144897860720,391.4054631968220,236.75148236770300,-30.651482346645100,553.674967327937,149.9321945292120,-85.27598210132020,-16.993995341711000,-27.863827226804800
54484306,33.243000,0.000000,0.000000,1023.86,1024.48,1024.77,1026.76,0.03,0.0,1.0,1.0,1.0,1.0,1400.42,-0.6734923235373140,-1.1941972909413500,0.08160667336132960,0.1965649678006840,0.046892332814661700,0.18281846650082000,326.2702518602590,449.84144842090700,6.525942872374710,391.0196226383430,236.4158612108330,-30.02241390054380,550.3178832122410,145.37185203554800,-83.18188380846270,-16.8768257344396,-26.497012132298500
54484406,33.342000,0.000000,0.000000,1023.9,1024.36,1024.81,1026.65,0.03,0.0,1.0,1.0,1.0,1.0,1400.43,-0.6655702027294770,-1.1745913471582100,0.07859274990932990,0.19797200189321400,0.14748304283118900,0.4620739406091380,326.2026851757670,449.8160180477060,6.466304984354750,391.02186454607600,236.40264772720000,-30.0592949025526,549.4838440416140,142.9492748756710,-81.58790224067200,-16.894897331951100,-25.6801141406453
54484506,33.442000,0.000000,0.000000,1023.92,1024.31,1024.92,1026.55,0.04,0.0,1.0,1.0,1.0,1.0,1400.4,-0.6578300080909680,-1.1544278750915400,0.08168585509121,0.21760085382467200,0.046200324173398100,0.2640828547391450,326.2748998549740,449.85027634902900,6.52308320774641,390.8845029431400,236.24990669703500,-30.00670312018300,549.2446433066180,141.04515586571000,-81.001043207482,-16.829457953704500,-25.32716212579760
54484607,33.542000,0.000000,0.000000,1023.88,1024.4,1025.32,1026.38,0.04,0.0,1.0,1.0,1.0,1.0,1400.49,-0.6503530070026810,-1.133750894618370,0.07608269437088290,0.21491561084456800,0.164592462330249,0.5781683458107210,326.2622523522740,449.85485325201900,6.551114672982660,389.681234542436,235.7020514205940,-29.507924845175300,547.6844023609850,139.4546534395880,-80.60326534909300,-16.496072430486600,-25.660232845151500
54484707,33.643000,0.000000,0.000000,1023.75,1024.52,1025.5,1026.29,0.04,0.0,1.0,1.0,1.0,1.0,1400.44,-0.6431287801571560,-1.112868167654640,0.07404124231118060,0.21546036273171000,0.23695589966010600,0.7027924431366170,326.26253867973300,449.8459931873470,6.564125494522790,387.7758395076530,235.06660105322600,-28.675409725169500,545.0968726237900,138.28917445033700,-80.69963014025720,-15.981831740699200,-26.438217340445500
54484806,33.742000,0.000000,0.000000,1023.86,1024.39,1025.28,1026.33,0.04,0.0,1.0,1.0,1.0,1.0,1400.47,-0.6359959830529020,-1.0924304209395600,0.07502687496212660,0.21200656159289900,0.13501095402318200,0.29525390617201700,326.256921142389,449.83947495180900,6.580584331488990,387.93515251468300,234.91865601660600,-28.4864301804429,544.2593538072600,136.4106514831170,-80.18556124483060,-16.012483081227500,-25.75787298547410
54484907,33.843000,0.000000,0.000000,1023.82,1024.32,1025.32,1026.27,0.04,0.0,1.0,1.0,1.0,1.0,1400.51,-0.6288983888119250,-1.0727430274050400,0.07090483238098790,0.19534605113746200,0.06350190424150190,0.1525377472513260,326.26449409817400,449.8326544170830,6.560598409846380,388.05513550598200,234.95834390701300,-28.647285106965700,544.2636426861890,135.71836690653200,-79.55679049635150,-16.043459566104800,-25.485099590199000
54485006,33.944000,0.000000,0.000000,1023.88,1024.28,1025.26,1026.4,0.04,0.0,1.0,1.0,1.0,1.0,1400.44,-0.6219640955279330,-1.0536711440123000,0.06986030410785740,0.19188576660608200,0.03765871931392590,0.09502431925148040,326.2660387312870,449.8258184147980,6.570098978357720,387.86603399899700,234.8047385516950,-28.314704178753000,544.207548824722,134.0772632340180,-78.90838380586180,-15.986135024394800,-25.234917443906600
54485107,34.044000,0.000000,0.000000,1023.92,1024.31,1025.28,1026.3,0.06,0.0,1.0,1.0,1.0,1.0,1400.5,-0.615256254188923,-1.0352708640331700,0.06616778212176420,0.18142332747277900,-0.02563076737777180,-0.07086785137535970,326.20127790713200,449.9037320158330,6.4766934221997100,387.36510515400000,234.67622263503300,-27.91197265291760,543.1761477655690,131.94938137938800,-78.28224876697400,-15.864206144470200,-24.874563864852800
54485206,34.145000,0.000000,0.000000,1023.84,1024.41,1025.27,1026.41,0.06,0.0,1.0,1.0,1.0,1.0,1400.38,-0.6087984307795480,-1.0175416676479200,0.06375766387432280,0.17495801922042400,-0.027283719316708200,-0.08135326221029200,326.20097025510700,449.8554914976910,6.505554150244110,386.683790945114,234.29881316545900,-27.58682741304590,541.4072026565740,130.6342429911530,-77.88571803696250,-15.67353246267970,-24.830879420791600
54485306,34.243000,0.000000,0.000000,1023.89,1024.3,1025.2,1026.39,0.06,0.0,1.0,1.0,1.0,1.0,1400.33,-0.602560289404234,-1.000535897721740,0.06158627520313540,0.16703988757626200,0.01283280236734250,0.012264702610633000,326.2636145942730,449.8344316128480,6.552763820181420,386.7313372744710,234.10151458430700,-27.316539389629500,539.7145746165470,128.28723757787500,-77.24846764253420,-15.657639155411300,-24.014183083529500
54485406,34.342000,0.000000,0.000000,1023.81,1024.38,1025.23,1026.49,0.06,0.0,1.0,1.0,1.0,1.0,1400.56,-0.5965329517270930,-0.9842053896811550,0.06053790513874820,0.16448533281863100,0.060763143337050300,0.18394468580134200,326.19382479791500,449.81186052367900,6.491250578297860,386.3492053056200,233.93363119922500,-26.81340285921960,537.7776939339380,126.09804076849000,-76.2110330077963,-15.570719947966100,-23.40304762004600
54485506,34.442000,0.000000,0.000000,1023.8,1024.35,1025.19,1026.48,0.07,0.01,1.0,1.0,1.0,1.0,1400.5,-0.5907462923587790,-0.9683168264667220,0.05745782994551740,0.15898274031292700,-0.012059975481175900,0.0018551234396003100,326.1981904012440,449.801876631028,6.487099313812840,385.9235991015870,233.6259666994680,-26.55308809345180,535.4526220599000,123.36334656596100,-75.13659828131830,-15.444492065454800,-22.70597277369840
54485607,34.542000,0.000000,0.000000,1023.75,1024.5,1025.25,1026.43,0.07,0.01,1.0,1.0,1.0,1.0,1400.44,-0.5851897355030910,-0.9526950617578650,0.055407276997027000,0.15750847964561500,-0.0282835743997258,-0.030218843956551300,326.1910064264320,449.79409327300200,6.494943429165520,385.6127185414870,233.34026683274100,-26.13814433156460,533.4801880624480,120.7234733841610,-74.3296685134067,-15.350878557802900,-22.005116628393800
54485706,34.643000,0.000000,0.000000,1023.66,1024.4,1025.26,1026.41,0.06,0.01,1.0,1.0,1.0,1.0,1400.44,-0.5798513339157990,-0.9371826477437620,0.05192632568380780,0.15306343557353000,-0.020635199186300400,-0.0030323680592927600,326.1851501990970,449.806467508055,6.488121021513970,383.85057800568100,232.59898696755600,-25.315432462322700,530.109647458941,116.70629390734300,-73.31382048134720,-14.868213596244300,-21.870988066234800
54485806,34.742000,0.000000,0.000000,1023.61,1024.5,1025.26,1026.44,0.06,0.01,1.0,1.0,1.0,1.0,1400.46,-0.5746581946974250,-0.9217113479364390,0.0528954893730804,0.15736974516925100,-0.0026658879337266200,-0.03074660300654180,326.18627336976000,449.8371830699680,6.525627967049830,381.97381759770800,231.9268392269180,-24.21711371430930,526.4462146716630,112.41432926101300,-72.02194295251360,-14.35995250857100,-21.68137846617310
54485907,34.842000,0.000000,0.000000,1023.57,1024.56,1025.35,1026.44,0.07,0.01,1.0,1.0,1.0,1.0,1400.48,-0.569404688865911,-0.9064295290229180,0.05307791588362100,0.15157493280572700,0.009309711882265960,-0.05876872962789040,326.1875749688270,449.84536199992700,6.516886304360030,380.0915251215340,231.2896840477930,-23.528223360282400,523.0904771709350,109.74453787113500,-70.7581839341516,-13.85475746229300,-21.92687036814810
54486007,34.943000,0.000000,0.000000,1023.62,1024.53,1025.34,1026.3,0.07,0.01,1.0,1.0,1.0,1.0,1400.36,-0.5639195198300890,-0.8915334636522250,0.056401418738859500,0.14784119392789700,0.055223545125326500,-0.004824194817844890,326.2492685123810,449.79739023669700,6.575321831772480,378.5047067677010,230.68142132636500,-22.794183744309500,519.557448249414,107.58945835734700,-70.42618923763200,-13.413522279374800,-22.062850678214100
54486107,35.042000,0.000000,0.000000,1023.8,1024.42,1025.22,1026.46,0.07,0.01,1.0,1.0,1.0,1.0,1400.46,-0.5580715502032940,-0.8772864280574960,0.06029151852642380,0.1405514245056720,0.04216558879946220,-0.06388673887151530,326.3062285272450,449.80317620549100,6.693604772890510,378.4451377518320,230.62262734795800,-22.56050818596110,518.0847737988610,104.93696985836500,-69.14872374384910,-13.380885997039700,-21.24875206465030
54486206,35.143000,0.000000,0.000000,1023.77,1024.34,1025.12,1026.44,0.07,0.01,1.0,1.0,1.0,1.0,1400.51,-0.5518729479092430,-0.8636360312833060,0.06314739260209770,0.13526211582588200,0.05918872302336440,0.04017967562889540,326.1794960658490,449.8387280573380,6.516375036689830,378.9039308885830,230.59142626597100,-22.163381234028700,517.0930133025530,102.05445748135100,-67.89182926433450,-13.521695966955600,-20.029087154894000
54486306,35.242000,0.000000,0.000000,1023.75,1024.35,1025.28,1026.52,0.07,0.01,1.0,1.0,1.0,1.0,1400.51,-0.5454848498540000,-0.8502174573529100,0.0651417394735792,0.13645182797825100,0.07753669760024650,0.16770683629393900,326.2528258315650,449.8615253684940,6.553941505093000,378.93358953219100,230.59672285414800,-22.018931254308300,516.2112077900740,99.88519592976400,-66.52073872940730,-13.509867988167400,-19.383806196045900
54486407,35.341000,0.000000,0.000000,1023.78,1024.49,1025.36,1026.37,0.07,0.01,1.0,1.0,1.0,1.0,1400.49,-0.5390825497870790,-0.8366425610295660,0.06495984547529860,0.13861671424616900,0.03507691711796770,0.09249094084877430,326.18845852565700,449.8896285342710,6.532551125778030,376.3233852521900,229.87339630220600,-20.84876547494490,512.5371503909740,97.24427150329490,-66.45012442001790,-12.836759654425800,-20.090393742666900
54486506,35.441000,0.000000,0.000000,1023.7,1024.46,1025.44,1026.24,0.07,0.01,1.0,1.0,1.0,1.0,1400.58,-0.5326129902765370,-0.823098921238453,0.06550667779737780,0.13302641664956000,0.031628005947958500,-0.08302136861630940,326.1821917627410,449.8918005220800,6.552538624302930,372.8905920326680,228.9278551447510,-19.855835875918600,507.8462491793030,94.63335744799340,-66.02523808958140,-11.935745118670000,-21.269202606258700
54486607,35.541000,0.000000,0.000000,1023.78,1024.35,1025.3,1026.26,0.07,0.01,1.0,1.0,1.0,1.0,1400.56,-0.5257514488030370,-0.8102918028750230,0.07090736349139300,0.12492920474857500,0.05624158630079890,-0.10381499622227600,326.18538632716300,449.90232752654300,6.525585279924350,372.8155461705820,228.7679454262030,-19.396358207391400,505.90605117858800,92.10899907889560,-65.24950538271120,-11.907401703599900,-20.427290684829200
54486706,35.642000,0.000000,0.000000,1023.83,1024.32,1025.37,1026.33,0.08,0.01,1.0,1.0,1.0,1.0,1400.56,-0.5184187239914910,-0.798434667651953,0.07428361380114750,0.11510622401297300,0.025486149526811100,-0.07867806028892700,326.18276922582900,449.8972384888670,6.519782709127160,373.6703659772610,228.89162562148700,-19.32736062415510,505.4793228697220,90.68926943340170,-64.0803832280983,-12.126790535692200,-19.39000776255750
54486807,35.741000,0.000000,0.000000,1023.87,1024.39,1025.47,1026.4,0.06,0.02,1.0,1.0,1.0,1.0,1400.58,-0.5108253593275730,-0.7871258082810530,0.07628014701109520,0.11210711200750300,0.017368849334420000,-0.005289527483017760,326.1801516143280,449.88748384258000,6.53551202076197,372.65258716122800,228.66059284810300,-19.033854284203400,503.87104432776800,90.07081931504190,-64.07823556476860,-11.863447372311600,-19.708140829616600
54486907,35.842000,0.000000,0.000000,1023.81,1024.44,1025.59,1026.2,0.05,0.02,1.0,1.0,1.0,1.0,1400.59,-0.5031564703623370,-0.7761172926039540,0.07709423096080500,0.10859871516172800,0.016949421226125500,-0.036319094367004600,326.1822390942760,449.9058717013290,6.539304905826480,369.82877191370400,227.93379415827400,-18.114027743517700,500.39319397082300,88.92360263626130,-64.28125313692790,-11.12419292277860,-20.957125042056900
54487007,35.942000,0.000000,0.000000,1023.77,1024.48,1025.48,1026.36,0.05,0.02,1.0,1.0,1.0,1.0,1400.44,-0.4953726370534960,-0.7657530631551530,0.07720427216391460,0.09802467275805010,-0.022844164169595100,-0.17265178056535500,326.1828996292130,449.89580020035800,6.5648778088450700,368.3195090173420,227.56218776799100,-17.64495519565970,498.19654805574500,88.04412276170110,-64.16574904840730,-10.731406868755500,-21.48757791819150
54487108,36.042000,0.000000,0.000000,1023.87,1024.39,1025.4,1026.34,0.06,0.01,1.0,1.0,1.0,1.0,1400.36,-0.48733366052360200,-0.7565307526443790,0.08074286665890200,0.0865066663297445,0.01031008302953,-0.16213880066323800,326.1785741017370,449.9079627109240,6.550813505264450,367.93547950622600,227.39918248023000,-17.191784964513600,496.15910711086700,86.33921587780200,-63.24798508670020,-10.628736783130600,-21.01338972062050
54487207,36.143000,0.000000,0.000000,1023.82,1024.33,1025.33,1026.45,0.06,0.01,1.0,1.0,1.0,1.0,1400.47,-0.47896453163217700,-0.7486065838884620,0.08548575145459260,0.07599856424262750,0.03884198416381710,-0.07825437444099640,326.17848635911900,449.89430388075000,6.55245829253944,368.2432823569090,227.38804595496900,-17.16132718817090,495.5434759371360,84.94908837198830,-63.068611252430300,-10.705420455101500,-20.37687685920880
54487307,36.243000,0.000000,0.000000,1023.76,1024.4,1025.42,1026.4,0.06,0.01,1.0,1.0,1.0,1.0,1400.5,-0.4704258253263120,-0.741587868144168,0.08492981469242310,0.06685827053277110,-0.026490996657555500,-0.09435220499311930,326.17852564317400,449.88958690964400,6.57228536846856,367.6518227557900,227.21286304035800,-16.77470455962950,493.84626757398600,83.7204233493259,-62.363038465357000,-10.550391928561800,-20.22923311004060
54487407,36.343000,0.000000,0.000000,1023.83,1024.47,1025.31,1026.51,0.06,0.02,1.0,1.0,1.0,1.0,1400.46,-0.46185441755456600,-0.7352464795727700,0.08668677973559210,0.06191175586551270,0.05498281531953930,-0.016190967318799500,326.1774704225670,449.8922067482280,6.552762570536060,367.5813867784740,227.06045536290700,-16.503606787298000,491.8081257034820,81.82458446094430,-61.73949817104720,-10.471869499946000,-20.036624843341300
54487507,36.443000,0.000000,0.000000,1023.83,1024.34,1025.47,1026.42,0.06,0.01,1.0,1.0,1.0,1.0,1400.5,-0.4533005270194590,-0.7294150710864990,0.08353765115550260,0.05584095495490900,-0.01583188578540420,-0.02825763368272150,326.1723167675340,449.9133263009230,6.545569934313210,366.9961674405880,226.92912171493700,-16.246676062652500,490.0815329546070,80.28460273741610,-60.862737082422300,-10.374790011694000,-19.25867388553960
54487607,36.543000,0.000000,0.000000,1023.83,1024.39,1025.48,1026.29,0.06,0.01,1.0,1.0,1.0,1.0,1400.58,-0.4448571718839930,-0.7238031950846140,0.08531459749150270,0.0564431367270703,-0.040763133917916400,-0.03600309559325000,326.18048656873500,449.93086327816900,6.555521441072050,365.5835426766490,226.61061204924700,-15.754696932596500,487.8476347645570,79.11698317024930,-60.98563532522250,-10.006387381463400,-19.64408579954040
54487707,36.643000,0.000000,0.000000,1023.79,1024.37,1025.62,1026.27,0.05,0.01,1.0,1.0,1.0,1.0,1400.62,-0.4365168153189600,-0.718434338931348,0.08349585395751650,0.05234985166617250,-0.04609356099400060,-0.07502431525519520,326.1749147409580,449.9333281713700,6.5935113889694600,364.00786438489000,226.29502793428800,-15.360092054446000,486.50389117467200,78.97256628610510,-61.09814655233170,-9.601833784429920,-20.539257589486000
54487807,36.743000,0.000000,0.000000,1023.79,1024.32,1025.57,1026.26,0.05,0.01,1.0,1.0,1.0,1.0,1400.4,-0.42818233607283600,-0.7136658221937350,0.08267141493264480,0.04409639161005600,-0.04280304060362180,-0.11428009074721700,326.176389476955,449.9407913740190,6.561848443044440,362.91465783419800,226.10113247007900,-15.211168784379200,485.81801089661,79.17744586360620,-61.645665935466700,-9.320718808122350,-21.27143176460100
54487907,36.843000,0.000000,0.000000,1023.78,1024.36,1025.68,1026.23,0.05,0.01,1.0,1.0,1.0,1.0,1400.36,-0.41980438839735800,-0.7098692734775540,0.08422907133139390,0.03378326133809780,0.0021825123887812300,-0.12117397322912200,326.17238423301300,449.95845186336900,6.578925577174590,361.0866500827570,225.7623901943690,-14.627864489943000,484.2511874702290,78.99528929400000,-62.00017546311420,-8.851626280351400,-22.29956903145540
54488007,36.943000,0.000000,0.000000,1023.79,1024.36,1025.67,1026.09,0.05,0.01,1.0,1.0,1.0,1.0,1400.34,-0.4113248421581150,-0.7073772248570160,0.08552879910485190,0.018812291685584400,-0.0037482178094024800,-0.18365410093768900,326.1765442854030,449.9494535997990,6.598526087914930,358.5833290395700,225.32961470492000,-13.959443499810000,481.97841793692300,78.61173092542130,-62.254179057148200,-8.209638392712020,-23.645782092181600
54488107,37.043000,0.000000,0.000000,1023.61,1024.41,1025.76,1026.11,0.05,0.01,1.0,1.0,1.0,1.0,1400.45,-0.4025541719825880,-0.7067222962458490,0.08898394276969260,-0.001196444656834020,0.02766536824180200,-0.20982003757499800,326.17753771774100,449.97535733342700,6.5881039834822200,356.3592194546030,224.95216469902500,-13.508654158429200,479.5353251879690,78.42914443840360,-62.73520633915450,-7.639317157659320,-24.77380351411520
54488207,37.143000,0.000000,0.000000,1023.58,1024.46,1025.87,1026.09,0.05,0.0,1.0,1.0,1.0,1.0,1400.41,-0.3933568528932890,-0.7082346707072710,0.09454176719871490,-0.02396097248729040,0.08212596925611570,-0.24342740348102300,326.17145455827100,449.9678056005260,6.608882614987540,354.35231326118900,224.66599609015300,-12.897299748666900,477.2996830380610,78.3398163591996,-63.440864823160900,-7.12955658347642,-25.77880816191380
54488307,37.243000,0.000000,0.000000,1023.71,1024.56,1025.96,1026.0,0.05,0.0,1.0,1.0,1.0,1.0,1400.5,-0.3836597542875160,-0.7120960613641490,0.09911680941325620,-0.04772843404925180,0.05181598244430910,-0.24319983172755900,326.1631420470190,449.99829908847400,6.586185423533470,352.3117106084990,224.4575915182370,-12.137792982249600,475.715525572853,78.72853155061310,-63.962421175963900,-6.613190088550210,-27.031648431754500
54488407,37.343000,0.000000,0.000000,1023.63,1024.62,1025.9,1025.96,0.05,0.0,1.0,1.0,1.0,1.0,1400.49,-0.3734305158892170,-0.7184401554155140,0.10472914289928900,-0.07348685084596840,0.16293176802037600,-0.33619591837079600,326.15817297365300,450.0185817356150,6.613466882986830,349.6738844131220,224.14500493457000,-11.65748606040800,473.59771697314500,78.96822453505310,-64.61056524689640,-5.9436544781062400,-28.596975406915100
54488508,37.442000,0.000000,0.000000,1023.68,1024.57,1025.88,1025.98,0.05,0.0,1.0,1.0,1.0,1.0,1400.44,-0.36260417897406600,-0.7274864117249100,0.11248488359812100,-0.10244629051686700,0.14278624535445800,-0.34812906318560800,326.1667047721720,450.02300756197600,6.575301731417380,347.21910296799400,223.79050343385300,-10.766987137183400,470.8837186150630,78.95736921463380,-65.18971602762690,-5.316432361118180,-29.8592274461217
54488607,37.544000,0.000000,0.000000,1023.59,1024.53,1025.85,1025.93,0.05,0.0,1.0,1.0,1.0,1.0,1400.44,-0.3511238356193030,-0.7393221659300160,0.11727008967728400,-0.12880799479664800,0.028159959386435400,-0.2365602732348200,326.15772548851500,450.0220909278440,6.589188284120160,344.98845079555000,223.5015504426980,-10.112886144085200,468.2317579748800,78.55857845130950,-66.01298992873660,-4.752089981806740,-30.86994361891930
54488707,37.643000,0.000000,0.000000,1023.77,1024.61,1025.74,1025.98,0.05,0.0,1.0,1.0,1.0,1.0,1400.45,-0.33893761270915400,-0.7539331729230840,0.12319610922013400,-0.1544678559081960,0.03370228563867540,-0.21412537050966500,326.1667012697400,450.03953679831800,6.604452155540930,343.246672863467,223.28789895395900,-9.341455049623740,465.55769484057200,77.66457589523970,-66.33436481710120,-4.30764584811212,-31.41206791452940
54488808,37.743000,0.000000,0.000000,1023.58,1024.61,1025.66,1025.97,0.05,0.0,1.0,1.0,1.0,1.0,1400.43,-0.32608960048297700,-0.7710189591689950,0.13148025624316900,-0.1799939975592970,0.07374094693110340,-0.22762783259876500,326.16212514886200,450.03275390227400,6.582048569463610,341.7149283562720,222.99881760030800,-8.508536844125150,461.7979510474490,75.1858355055862,-66.24966239892710,-3.918885273386130,-31.252579974915800
54488908,37.843000,0.000000,0.000000,1023.73,1024.5,1025.65,1026.12,0.05,0.0,1.0,1.0,1.0,1.0,1400.55,-0.3126705003675540,-0.7899849301137370,0.1353178990569310,-0.1939792223435520,0.005471519535718730,-0.07059385165461460,326.1531569728730,450.02415526142000,6.572950894208400,340.52696202518800,222.7224584920310,-7.6011700700768800,458.92269251711400,73.31562951349790,-65.42688914796150,-3.618376956061690,-31.157907905554000
54489007,37.944000,0.000000,0.000000,1023.66,1024.51,1025.68,1026.08,0.06,0.0,1.0,1.0,1.0,1.0,1400.48,-0.29879677598348700,-0.8101720016851300,0.13962773387812800,-0.20471152553629600,0.04061327011881440,-0.09845471710203720,326.16022416643700,450.0309804874990,6.588094706970640,339.0351565585670,222.5786689703500,-7.030975136352460,456.91263188131900,72.58377205330010,-65.64988279518870,-3.239768908502460,-31.683437415831600
54489107,38.043000,0.000000,0.000000,1023.7,1024.5,1025.86,1026.05,0.06,0.0,1.0,1.0,1.0,1.0,1400.53,-0.28456469427627800,-0.8312555906257940,0.1438631135292450,-0.2142866539703230,0.03129972240873540,-0.07574169190075150,326.15544227157100,450.0347874041720,6.59990111353683,336.89579938519700,222.40382585496700,-6.050972960293670,454.0351387442080,71.79422510900280,-65.74426799306800,-2.7013947307752500,-32.47184782802260
54489207,38.142000,0.000000,0.000000,1023.64,1024.49,1025.73,1025.93,0.06,0.0,1.0,1.0,1.0,1.0,1400.37,-0.26999975455743800,-0.8531227107948660,0.1468603759041660,-0.22152169984113100,0.0073320201172612700,-0.038880533116779500,326.1523378901190,450.01316727802300,6.59302413162316,334.5063614023180,222.21666320822700,-5.351925301071260,450.95158638569900,71.61720550778560,-66.43820482971600,-2.1002775333381200,-33.511051036995800
54489307,38.243000,0.000000,0.000000,1023.59,1024.44,1025.87,1025.86,0.06,0.0,1.0,1.0,1.0,1.0,1400.38,-0.255075476247013,-0.8758097649645430,0.14996146572814800,-0.2289521490643010,-0.02187274209294600,0.008334406492810130,326.13723588795000,449.995196014373,6.612662864990780,332.13376147747700,222.01043446266800,-4.304119236798530,447.26556242770000,71.04800872672030,-66.81846768041580,-1.5066639046803400,-34.31770057660220
54489408,38.343000,0.000000,0.000000,1023.51,1024.56,1025.75,1026.0,0.06,0.0,1.0,1.0,1.0,1.0,1400.41,-0.2397667970148410,-0.8992980812159240,0.1524142511445140,-0.2342613510400980,-0.05503922849712250,0.07857465101226300,326.1461301201360,450.02088214470200,6.621449782092840,330.3115453363790,221.8745180620130,-3.713614662354950,443.3004467883830,69.39971638019070,-67.16904485604740,-1.0467616551241800,-34.44615312919150
54489507,38.444000,0.000000,0.000000,1023.69,1024.45,1025.72,1025.93,0.06,0.0,1.0,1.0,1.0,1.0,1400.4,-0.22409706338509000,-0.923319533495875,0.15484422594569900,-0.2366114791394600,-0.06889592422871060,0.13063051038739200,326.1496806984880,450.03672433040500,6.5993595474942600,328.9708982929240,221.76789667175200,-2.880998937681020,439.73841986142300,67.31698361862560,-66.59322583719990,-0.7080933183858480,-34.23075940637880
54489607,38.543000,0.000000,0.000000,1023.59,1024.57,1025.61,1026.12,0.07,0.0,1.0,1.0,1.0,1.0,1400.5,-0.2121580782675620,-0.941409496576949,0.1575873844898650,-0.2375436935002480,0.031124913422416400,0.0044961171712167500,326.1476922922680,450.007440057194,6.603561979320740,327.8975057742440,221.64153359372200,-2.1108203118352900,435.68488320883500,64.6139411950698,-66.38325748170170,-0.4390102139402020,-33.588585818622800
54489707,38.643000,0.000000,0.000000,1023.61,1024.46,1025.44,1026.33,0.07,0.01,1.0,1.0,1.0,1.0,1400.39,-0.19207172953137200,-0.9709388645941060,0.16130305237379700,-0.23184641920043900,0.4257870794757950,-0.49519999994238200,326.13442156129800,449.99164092533800,6.601147117415290,326.9879442074740,221.42319083261800,-0.9535391737096420,429.6248493683210,60.807716946090500,-65.8587320018441,-0.21395349191546200,-32.15158705666250
54489807,38.743000,0.000000,0.000000,1023.75,1024.4,1025.12,1026.39,0.07,0.01,1.0,1.0,1.0,1.0,1400.39,-0.17598612445961200,-0.9930801371548280,0.17371514097206700,-0.23211283120095200,-1.249314855901460,1.9128381935973800,326.1408254890250,449.99482051443400,6.5945286495919300,325.72879129514000,221.31385363041600,-0.7219910114696270,424.74841635837900,58.435438918185900,-63.98707952068050,0.10323462900879900,-31.50338636914480
54489907,38.842000,0.000000,0.000000,1023.9,1024.33,1024.75,1026.8,0.07,0.01,1.0,1.0,1.0,1.0,1400.35,-0.163965693838122,-1.0084318489018400,0.15933680681611200,-0.19862195887013800,-0.02501194812830440,0.22815763742288800,326.1426960813300,449.9813470505490,6.5991846519783,325.6544235622310,221.27113766113700,-0.552118636719131,421.0031188628000,55.6644225695047,-62.092397658068500,0.12232034664571700,-30.17599000161540
54490007,38.943000,0.000000,0.000000,1023.87,1024.26,1024.7,1026.8,0.07,0.01,1.0,1.0,1.0,1.0,1400.38,-0.1481113469279430,-1.026848332248040,0.15795134161506500,-0.17469093307898500,0.6327914130989630,-0.4790072430843400,326.1368398517810,449.9594662721440,6.599819205211780,326.8500329548140,221.25644585586100,-0.34814696254333500,417.82680870443500,52.61503335653050,-59.314531156657000,-0.17867198364842200,-27.988131662839900
54490108,39.042000,0.000000,0.000000,1023.88,1024.29,1024.41,1026.8,0.07,0.01,1.0,1.0,1.0,1.0,1400.52,-0.12895837064832700,-1.0454530396603400,0.14920401094684200,-0.13061855919380000,-0.8338658882683600,1.0525208908250200,326.1369429482960,449.961561822544,6.590932069220470,327.45748063034000,221.26382529412900,-0.6057361128579360,416.0171885155250,50.640010133325300,-57.07896470923930,-0.3308314116360930,-26.769223198597100
54490207,39.145000,0.000000,0.000000,1023.79,1024.31,1024.33,1026.91,0.08,0.01,1.0,1.0,1.0,1.0,1400.46,-0.11443177313698500,-1.0564069473564200,0.13635690430439200,-0.09230495752155930,-0.4062394472487480,0.5687898320252910,326.15404393212800,449.91732049875500,6.568600731767480,327.8836278106030,221.19214103973700,-0.470562846400028,414.42019946683200,49.30621235809720,-55.71295567471820,-0.43562825544240000,-25.85187247861820
54490307,39.243000,0.000000,0.000000,1023.83,1024.34,1024.36,1027.03,0.08,0.01,1.0,1.0,1.0,1.0,1400.43,-0.10079878268371800,-1.0636551109562800,0.13105872294642900,-0.056923235220769500,-0.2541427508009020,0.473456215017617,326.1474447167790,449.9386813183660,6.586549878593980,327.9528991206400,221.09463454945000,-0.3782070924370780,410.08899636772400,46.37752570462370,-53.02203496498020,-0.4520229943851570,-24.27459679953830
54490408,39.343000,0.000000,0.000000,1023.94,1024.32,1024.44,1026.86,0.08,0.01,1.0,1.0,1.0,1.0,1400.43,-0.08816570524792760,-1.0668567863388600,0.1217989333902700,-0.016680709250016100,-0.5474229192738420,0.4946825390510670,326.1492495048290,449.94809733484200,6.602340780698660,327.1710700381110,221.1435851076810,-0.06550570213311360,406.7575905463430,44.509025339588000,-51.09683979615130,-0.25587613719152500,-23.743223525747100
54490507,39.446000,0.000000,0.000000,1023.94,1024.3,1024.73,1026.73,0.08,0.01,1.0,1.0,1.0,1.0,1400.53,-0.07651430185348150,-1.066180232482730,0.11162426795644900,0.019981323719943500,-0.20352644788141900,0.3326774083926560,326.13982296795700,449.91255448079300,6.616804223737520,327.10427265500300,221.08511649338200,0.2781394361743460,404.38300111478400,43.44135209164550,-50.521026252899500,-0.2414857671875630,-23.02706971017640
54490608,39.543000,0.000000,0.000000,1023.97,1024.24,1024.66,1026.65,0.08,0.01,1.0,1.0,1.0,1.0,1400.58,-0.06579440334359420,-1.061989305423000,0.10396514370828600,0.054692347903729500,-0.057405255557612100,0.34859931774227100,326.1441822661290,449.8432496329340,6.575210613902150,327.25047638848800,220.9533806699200,0.4768273481986570,402.3281308670960,42.752894949686700,-49.42537549846580,-0.27490588104259300,-22.296368934980700
54490707,39.643000,0.000000,0.000000,1023.95,1024.3,1024.57,1026.77,0.08,0.01,1.0,1.0,1.0,1.0,1400.57,-0.05599629587942580,-1.054523315366280,0.09530093650856300,0.08724244250422650,-0.08860677238093370,0.3237310714153410,326.1577932170270,449.84345186276300,6.569313226380170,327.5165753917940,220.91508652675300,0.4973872129540260,400.0743394276720,41.66908857341360,-47.98591633565340,-0.3400695653192400,-21.35768420178660
54490807,39.743000,0.000000,0.000000,1023.92,1024.16,1024.2,1026.98,0.09,0.01,1.0,1.0,1.0,1.0,1400.54,-0.04714570315473430,-1.0439710112809700,0.08536387825492760,0.11750549032485400,-0.10128789461219900,0.30165249159276400,326.12925139932000,449.7703394792530,6.530750687308080,328.4200213906700,220.75254849213200,0.598301434826804,397.47318430315200,40.23373567341730,-45.17817568514540,-0.5715165569886910,-19.790125484877900
54490907,39.843000,0.000000,0.000000,1023.93,1024.29,1024.32,1026.95,0.09,0.01,1.0,1.0,1.0,1.0,1400.42,-0.03929686873281960,-1.0303349347178100,0.0735543443680046,0.14652415492178900,-0.13492199290921500,0.26445290437526600,326.13203720494100,449.7775714971660,6.5631702299305100,329.0675021843460,220.646397923086,0.725404217873147,396.0009444521470,39.37411331774440,-43.60807915156760,-0.7347121408929930,-18.79686765407700
54491008,39.943000,0.000000,0.000000,1023.87,1024.29,1024.55,1026.94,0.09,0.01,1.0,1.0,1.0,1.0,1400.44,-0.032516098495158200,-1.0135817126810600,0.06405743632513170,0.17924467311695600,-0.08768952669532270,0.3476188692110050,326.133453073773,449.7390500283940,6.536608698366320,329.1344928854960,220.54590806925200,0.9816666672616700,391.7506726411850,37.789319656695700,-40.435204455998500,-0.7513248832353750,-17.409868624778100
54491107,40.044000,0.000000,0.000000,1023.9,1024.3,1024.55,1026.83,0.09,0.01,1.0,1.0,1.0,1.0,1400.4,-0.026770582402171800,-0.9939502550114730,0.0531008782709047,0.20350735338454100,-0.12710614131956200,0.1204652517055220,326.12953237532900,449.7335367310730,6.545995350275770,328.8642513635230,220.46742233420500,1.2640180048903700,389.39272012580900,37.17065563177600,-39.22482140640790,-0.6816305442436570,-16.911054613147500
54491207,40.143000,0.000000,0.000000,1023.9,1024.35,1024.72,1026.78,0.09,0.01,1.0,1.0,1.0,1.0,1400.44,-0.02192788826398970,-0.9717981329408840,0.043269685239935900,0.22001743497595100,-0.13675941285627000,-0.08321620843203580,326.1217768354890,449.738751142223,6.551479240610560,328.98591400449000,220.41178242121600,1.4081206667660200,387.40446384825800,36.55914733126170,-37.55024074080360,-0.7155479402071110,-16.196381811335100
54491307,40.242000,0.000000,0.000000,1023.82,1024.29,1024.69,1026.71,0.09,0.01,1.0,1.0,1.0,1.0,1400.38,-0.017905934288305500,-0.9475602522230490,0.037376873697406700,0.2500464518047130,-0.19131655287765100,-0.5238214347201570,326.13781766201900,449.7376483709630,6.54649074779609,329.1400171739230,220.35323250393800,14.506220054243300,386.73465779691200,36.27112952187330,-36.912024441767800,-0.7498484141659690,-15.873886653449800
54491408,40.343000,0.000000,0.000000,1023.87,1024.42,1024.69,1026.66,0.09,0.01,1.0,1.0,1.0,1.0,1400.47,-0.014650692777003100,-0.9216560420805010,0.030206436331130800,0.2676144347686600,-0.07127687709748950,0.1491078074275960,326.13284744379800,449.7243578830520,6.5145647989533600,329.27483085439700,220.27315066775400,1.5772631018483200,384.09798632561800,35.472341397025500,-34.95230746098240,-0.7845290513392070,-14.954500258524600
54491507,40.443000,0.000000,0.000000,1023.89,1024.31,1024.65,1026.7,0.09,0.01,1.0,1.0,1.0,1.0,1400.41,-0.012100215949607300,-0.8944535076349970,0.022905750541092700,0.2760068282326370,-0.06663787562176700,0.12388255610360200,326.1306617259810,449.72745882187300,6.546856695892440,329.21404699847500,220.2549886026820,1.772987899122270,381.0818778771990,34.48857455163330,-32.5916767072606,-0.7698279950480690,-14.060606136050200
54491608,40.545000,0.000000,0.000000,1023.95,1024.42,1024.79,1026.54,0.09,0.01,1.0,1.0,1.0,1.0,1400.38,-0.010196628481729800,-0.8660512340231990,0.016840287709047000,0.28851640120913100,-0.053459679990134500,0.16139039268120400,326.1300522905640,449.7198355969230,6.5520715775846600,328.5748264108390,220.37587531437800,1.9482590052767700,379.44570216754900,34.21308965637900,-31.69885314034590,-0.6107417585366800,-14.06205067003100
54491708,40.646000,0.000000,0.000000,1023.86,1024.39,1024.74,1026.58,0.09,0.01,1.0,1.0,1.0,1.0,1400.29,-0.008830516908278270,-0.8368607478732770,0.0119598342332885,0.29348390499086,-0.04437681690117950,-0.002823963478741250,326.1265142345420,449.7054497758570,6.545157635986830,328.2138581682610,220.33824877681400,1.8036107621009500,378.1075840426050,33.98391576324390,-31.348250607827800,-0.5214027806303220,-13.945786203616900
54491808,40.743000,0.000000,0.000000,1023.93,1024.35,1024.39,1026.69,0.09,0.01,1.0,1.0,1.0,1.0,1400.45,-0.00785806410978299,-0.8073949662198240,0.008232974832431460,0.28561815419529400,-0.03604305597445920,-0.19866577073607300,326.1317248305500,449.66972599368300,6.528955278969270,328.2852413098380,220.26744744630000,2.0247746289943900,374.9753005795110,33.35634032426090,-29.23574268580510,-0.5378489779082780,-12.949663173789900
54491909,40.843000,0.000000,0.000000,1023.94,1024.34,1024.12,1026.92,0.09,0.01,1.0,1.0,1.0,1.0,1400.42,-0.0071952321121855400,-0.7778789069672460,0.0056191618273157300,0.3008635764550210,-0.02715294759700090,0.18644218867074500,326.1304957335520,449.6551260147200,6.526280325155470,329.64909387338600,220.23889307767200,2.235005135293100,371.3609445242160,32.27987187254410,-25.770045944392600,-0.8786868104528540,-10.754927392879100
54492008,40.944000,0.000000,0.000000,1023.87,1024.25,1023.99,1026.87,0.09,0.01,1.0,1.0,1.0,1.0,1400.34,-0.006869477950606470,-0.7480631991682250,0.0017853509825302500,0.3001938892111150,-0.04140721501329840,-0.07611821612166010,326.12335584187500,449.638254848052,6.518929891201630,330.1804305460900,220.2356122006070,2.129070310447940,370.31254764180600,31.812151039973900,-24.407677864218700,-1.0131924573998100,-9.997316679149320
54492108,41.045000,0.000000,0.000000,1023.92,1024.27,1023.95,1026.95,0.09,0.01,1.0,1.0,1.0,1.0,1400.43,-0.0069351993554126500,-0.7177563620377320,-0.002077075189661560,0.2971418009183410,-0.03717934550057570,-0.25884507130948100,326.10657370392000,449.5590797848180,6.484866321182560,330.5970262063850,220.17240194020700,2.6248843405039700,367.49960698248400,31.182179861245700,-22.188682378206400,-1.1168534564000000,-8.814954803147640
54492208,41.143000,0.000000,0.000000,1024.0,1024.38,1023.93,1026.85,0.09,0.01,1.0,1.0,1.0,1.0,1400.42,-0.007407345209365680,-0.6869211449732040,-0.006291082885486140,0.31020046214979200,-0.03937827831607270,-0.10837327362314900,326.11500551607100,449.5384149486090,6.504325506103670,331.7501951739730,220.1473948580490,2.524536752975980,364.410679338393,30.558468041393400,-19.185145641111800,-1.3361785668280200,-7.415617375814090
54492308,41.243000,0.000000,0.000000,1024.0,1024.25,1024.02,1026.77,0.09,0.01,1.0,1.0,1.0,1.0,1400.43,-0.008319621468217070,-0.6552196221775860,-0.010745114971343000,0.3176920779118000,-0.04115764915844930,-0.032581997806055900,326.1292741326050,449.5165572985550,6.518475846388050,331.83274234959700,220.08155536218100,2.382185740148900,363.35245243812600,30.62596169232420,-18.203075522403000,-1.4240083970845400,-6.597761257669870
54492408,41.343000,0.000000,0.000000,1023.97,1024.34,1023.98,1027.01,0.09,0.01,1.0,1.0,1.0,1.0,1400.34,-0.00966548521861699,-0.6227334413237860,-0.01490595129827330,0.32653121300702200,-0.037867563570322300,0.051446668192250200,326.1258069226300,449.5170551127660,6.504220052212490,332.38738355278400,220.0203944070050,2.2423791180938200,361.53477668613900,30.176657381707700,-16.924176646946400,-1.5628677565655800,-5.6029321913636200
54492508,41.443000,0.000000,0.000000,1024.03,1024.4,1024.15,1027.01,0.09,0.01,1.0,1.0,1.0,1.0,1400.53,-0.011386330732681600,-0.5897715284003140,-0.01842591728403340,0.32876355124820800,-0.029643237591233600,-0.06482216814302340,326.1197068114030,449.50665158280500,6.516130539372430,332.7660579368640,220.20882614604800,2.454128083890060,359.50182564916600,29.9091320052156,-15.025641673670300,-1.6602916926502500,-4.676726825233570
54492609,41.543000,0.000000,0.000000,1023.94,1024.36,1024.41,1026.9,0.09,0.01,1.0,1.0,1.0,1.0,1400.43,-0.013459257590236700,-0.556407699323126,-0.021860359943759100,0.33317384795240500,-0.01568049273253,-0.22483372150110500,326.1325923092960,449.4721708173910,6.475352961574440,332.63085373132000,220.1167329489100,2.803267634829180,357.3633636611220,29.765430894504300,-14.118000195617400,-1.6229106167295700,-4.157195725287040
54492708,41.643000,0.000000,0.000000,1024.01,1024.38,1024.54,1026.91,0.09,0.01,1.0,1.0,1.0,1.0,1400.48,-0.015826331079503400,-0.5227880426207420,-0.024158157477349600,0.3311175094238190,-0.000365925652476884,-0.28995206332756800,326.1323046410420,449.47028950320800,6.487420067071700,332.7790682981450,220.11262978261700,3.0776703001889800,354.53025423681300,29.375882448346300,-12.83308509081940,-1.6599617699674800,-3.18585262648971
54492808,41.743000,0.000000,0.000000,1023.84,1024.28,1024.48,1026.86,0.09,0.01,1.0,1.0,1.0,1.0,1400.47,-0.018390448308841400,-0.48914207296546600,-0.02625233595382570,0.33667524665358000,-0.003087029946449070,-0.1657556587418430,326.1303271152880,449.4621621908950,6.486786200736590,333.05137974722600,220.08182143049000,3.2885206882859900,351.2128616815810,28.9486428067707,-11.169711826654000,-1.7282511275318600,-1.9714480767595600
54492908,41.843000,0.000000,0.000000,1023.81,1024.29,1024.51,1026.83,0.08,0.01,1.0,1.0,1.0,1.0,1400.38,-0.02111098001310980,-0.4554356188421800,-0.027573489337002300,0.33546305448660500,-0.002376201739684190,-0.12212691797436600,326.1335079371150,449.4742116138460,6.47398603948411,332.8203875586900,219.988086352873,3.7079498949806800,347.29154895243500,28.464298833585500,-9.516169351348170,-1.6690403518255300,-0.9828656116452770
54493008,41.943000,0.000000,0.000000,1023.85,1024.32,1024.4,1026.83,0.08,0.01,1.0,1.0,1.0,1.0,1400.43,-0.023940304414847000,-0.4215857777910600,-0.028345600108634500,0.3371027206544840,0.011922010143691400,-0.18303504618169200,326.1250098933780,449.4857576285150,6.47684189325914,331.8373273980120,219.76416668830500,16.61601905567380,342.5544565773940,28.124446609041700,-7.283453123936410,-1.4244383809488700,-0.35195938177712400
54493108,42.043000,0.000000,0.000000,1023.83,1024.37,1024.44,1026.76,0.08,0.01,1.0,1.0,1.0,1.0,1400.24,-0.026774294206263300,-0.3876343753317960,-0.027807587490613900,0.33691816545428400,0.02799222191668000,-0.2068243737818270,326.1230003375130,449.45954494908200,6.496402979562140,331.55563939411100,219.9214006029240,4.846498268243660,338.5131983121890,27.96208120406770,-5.602699778948630,-1.3558059823201800,0.6358370720884360
54493208,42.143000,0.000000,0.000000,1023.91,1024.4,1024.58,1026.93,0.08,0.01,1.0,1.0,1.0,1.0,1400.52,-0.02948655182203520,-0.3536963954849210,-0.02627303850222650,0.3362193284032730,0.026244049711136500,-0.11694698797066200,326.11203699878100,449.4079430784860,6.4760403591357800,330.907412662484,219.76307432491100,4.76529397434507,334.2815066726000,28.266624692263300,-3.4975955670427300,-1.1962595265141200,1.3830938393389900
54493308,42.243000,0.000000,0.000000,1023.77,1024.28,1024.5,1026.85,0.08,0.02,1.0,1.0,1.0,1.0,1400.48,-0.0319903665091239,-0.3197996459115830,-0.02403634600466180,0.33867317102789600,0.024705649793337400,0.023004547021704100,326.1067141133360,449.36741630338500,6.459911473810790,331.2451754627870,219.71306322967100,4.871938216269120,331.5766699172960,28.7436629421796,-1.6793362036958700,-1.281765526386010,2.464074207486300
54493408,42.343000,0.000000,0.000000,1023.8,1024.32,1024.63,1026.77,0.08,0.02,1.0,1.0,1.0,1.0,1400.52,-0.0342433204012984,-0.28594580828589600,-0.021666514129045200,0.3381190303559630,0.034440360155579700,-0.19744528965177800,326.1073012248930,449.3743034433360,6.469849272698440,331.79738591862300,219.62115577207300,4.88961892163815,330.29338024184900,29.024482188425800,-0.8820060332678220,-1.4187018134671600,3.289517441225910
54493508,42.443000,0.000000,0.000000,1023.86,1024.34,1025.05,1026.53,0.08,0.02,1.0,1.0,1.0,1.0,1400.45,-0.03629976928402270,-0.25212237152002600,-0.019795550336720000,0.33463382817047700,0.022864956960467900,-0.1569937572934260,326.1188666536300,449.41032620584400,6.463693710629580,331.3963532646700,219.70327809916400,5.258552749577180,328.7217932144110,28.84932407204370,-0.4891314079549930,-1.3161308102009800,3.4351319283427900
54493608,42.543000,0.000000,0.000000,1023.76,1024.42,1025.32,1026.33,0.08,0.02,1.0,1.0,1.0,1.0,1400.35,-0.03819786616632640,-0.2184825826348780,-0.018068361707675600,0.33112974803869900,0.03237666243673940,-0.2777132637733070,326.12389021726700,449.4293223729640,6.467484823711210,330.45997209292300,219.63436507554500,5.670584284196370,327.7555476977560,28.834644006479600,-0.5354615188799070,-1.0810059303488200,2.97407661252595
54493708,42.643000,0.000000,0.000000,1023.86,1024.38,1025.53,1026.29,0.07,0.02,1.0,1.0,1.0,1.0,1400.28,-0.03984337386186360,-0.18554968477138600,-0.014815504711126800,0.31977368346239800,0.04434742329174470,-0.20673203361042400,326.11366138982900,449.4988864069370,6.484165467268360,329.4850514479680,219.82771465723700,5.738725779472940,326.7629054128680,28.32019435320680,-1.5589080936010400,-0.8409960523450450,2.4963568660905500
54493808,42.745000,0.000000,0.000000,1023.93,1024.32,1025.69,1026.24,0.07,0.02,1.0,1.0,1.0,1.0,1400.38,-0.04107246873573120,-0.154066004710476,-0.010868089357926800,0.31122772300657900,0.038608627206434000,-0.15904769221520400,326.11680431189600,449.53422649161000,6.493954930192920,328.7562268166260,219.76118281510000,6.005937848251030,326.9564010342510,28.094388628649900,-2.1869146484237700,-0.6581325481918100,1.8542789484735000
54493908,42.846000,0.000000,0.000000,1023.89,1024.27,1025.61,1026.31,0.07,0.01,1.0,1.0,1.0,1.0,1400.36,-0.04190700235419800,-0.1243223519079380,-0.0067257500193808100,0.28804454441776800,0.045744234497064700,-0.31267247889575200,326.11358440970600,449.521707512144,6.500718641668320,328.28096553109000,219.73962154637700,6.323366168875100,326.0441806585730,28.14052689363090,-2.104443449052350,-0.540416837777843,1.7496912783653900
54494008,42.944000,0.000000,0.000000,1023.86,1024.32,1025.6,1026.17,0.07,0.02,1.0,1.0,1.0,1.0,1400.34,-0.04225129593397880,-0.10340174516957200,-0.0035348674120600700,0.2756316247135180,0.04121447795781680,-0.05753493817221620,326.12307686678300,449.50350437856300,6.48117604220844,327.3430291272500,219.7407052812520,6.594002699016480,325.0059942912350,28.2016820633132,-2.320310242814560,-0.30421573536475100,1.3074826938966100
54494109,43.043000,0.000000,0.000000,1023.82,1024.39,1025.71,1026.08,0.06,0.02,1.0,1.0,1.0,1.0,1400.28,-0.04228117320294510,-0.07137039379757520,0.00224824038082442,0.26821831919933700,0.06023340149852790,0.7302213394926010,326.12450504749400,449.45932079381400,6.480929232244250,326.53821950275600,219.67699487032100,6.83316563848724,323.556694848777,28.44098051133210,-2.7177601972590500,-0.10315878952511300,1.09953291020614
54494210,43.144000,0.000000,0.000000,1023.68,1024.48,1025.89,1025.93,0.06,0.02,1.0,1.0,1.0,1.0,1400.36,-0.0417712352752346,-0.0484775599200517,0.007100676099101830,0.22161330344717700,0.054907072548231600,-0.2617151158070360,326.1125824501320,449.41206185446700,6.4847951970291300,325.1885464483030,219.70568350414000,7.654171240283300,321.67105206972700,28.77897017293190,-2.7365421900514800,0.2304815296371740,0.5944931507432200
54494309,43.245000,0.000000,0.000000,1023.82,1024.41,1025.82,1026.04,0.05,0.02,1.0,1.0,1.0,1.0,1400.32,-0.040676830143643500,-0.028238773954769500,0.013545881510729900,0.19276409747316500,0.07436967303990660,-0.26202337923742000,326.11652803415800,449.4235412064840,6.486920213694010,322.75127629169000,219.77155925898700,8.443642196835480,317.95441888487100,28.833985135004000,-3.480732173734310,0.8395351996825680,-0.5003195581670560
54494409,43.344000,0.000000,0.000000,1023.9,1024.37,1025.71,1026.23,0.05,0.02,1.0,1.0,1.0,1.0,1400.35,-0.03884831521851320,-0.010965476676283400,0.021260472587783600,0.16210440052850900,0.08187760742849320,-0.25514166630119900,326.1019559722790,449.3166822646430,6.500162215575960,322.3955511875490,219.54973858525900,8.438754060173070,318.1979828851000,29.251150789317400,-3.7101895772488700,0.9678176606815180,-0.6300305225747720
54494509,43.444000,0.000000,0.000000,1023.98,1024.27,1025.65,1026.16,0.05,0.01,1.0,1.0,1.0,1.0,1400.34,-0.036292489773381,0.0033761896613567300,0.027672473842247000,0.13140545264198000,0.04685299650287280,-0.33958280835376000,326.10331839353100,449.32619688192100,6.469309965721020,322.7785439023530,219.61477100253100,8.13970007085963,319.4504886490490,29.21564484125680,-3.910007198798250,0.8292240794792530,-0.6570564631056150
54494609,43.544000,0.000000,0.000000,1024.07,1024.25,1025.5,1026.24,0.05,0.01,1.0,1.0,1.0,1.0,1400.39,-0.03316746983945140,0.015020543589438200,0.032488892810694000,0.10529805395756100,0.04707351628965000,-0.22363934352665800,326.10821238296800,449.3267336534080,6.490875152558530,323.5009896948730,219.55068009693000,7.911287672480360,320.557832201968,29.171969717061100,-4.202184505895020,0.6500957930781580,-0.414498693383927
54494709,43.644000,0.000000,0.000000,1023.9,1024.24,1025.37,1026.28,0.05,0.01,1.0,1.0,1.0,1.0,1400.4,-0.02967105814398630,0.024250338063560800,0.03659466535986730,0.08608009727207650,0.09156549052913060,-0.03026325907286340,326.109513407299,449.3978038271890,6.483431680326660,323.9241564112720,219.64608536019000,7.605805037158080,322.31963820659700,28.832037219428700,-4.877766985655010,0.5449707078435700,-0.6081637086035680
54494809,43.744000,0.000000,0.000000,1023.98,1024.24,1025.61,1026.2,0.05,0.01,1.0,1.0,1.0,1.0,1400.47,-0.026021720006920400,0.0314125223797489,0.03719320641002160,0.06469953061263460,0.05418861136625090,-0.11856391310768800,326.0965372558430,449.319347355827,6.500409760095190,322.9975785061190,219.5438080061550,7.974574260299790,320.52335284573900,29.025957825217800,-4.3560405629172000,0.7726953584739640,-0.8013411763680940
54494910,43.845000,0.000000,0.000000,1024.05,1024.27,1025.46,1026.33,0.04,0.01,1.0,1.0,1.0,1.0,1400.61,-0.02227005370643390,0.03664725801349830,0.03849378868230830,0.04604089417400590,0.044327387906768100,-0.14581185524887200,326.10020467192900,449.3527649913310,6.477004380768440,323.8026377972670,219.60845285774400,7.871997298268480,320.82666256315400,29.08170081936630,-4.162070945195350,0.5729695573562480,-0.2510676375088810
54495010,43.945000,0.000000,0.000000,1023.88,1024.41,1025.63,1026.16,0.04,0.01,1.0,1.0,1.0,1.0,1400.51,-0.01845411707679260,0.040182440344146500,0.038027392926905200,0.03003752682361390,-0.017948172392321700,-0.1433747461610570,326.110103706013,449.40110048533900,6.477509967678870,323.25464003148200,219.59531272861700,7.96600087406832,320.18037774711900,28.691225263620700,-3.912138676919850,0.7118950289857340,-0.5011957204556600
54495110,44.046000,0.000000,0.000000,1023.91,1024.33,1025.44,1026.28,0.04,0.01,1.0,1.0,1.0,1.0,1400.49,-0.014676982875862600,0.042388578515913000,0.03752922652495580,0.017127412772476400,-0.013283190084374100,-0.13698120776260500,326.10230193101000,449.3453718959800,6.481910434437160,322.0468904497180,219.57824753003900,8.384042790745920,318.41343348298100,28.908228950429600,-4.323366541568460,1.011170935415620,-0.9306308797499130
54495210,44.144000,0.000000,0.000000,1023.86,1024.38,1025.58,1026.08,0.04,0.01,1.0,1.0,1.0,1.0,1400.5,-0.010878463564870700,0.043278590240901300,0.038223724407413700,0.004051165006663580,-0.003533293926625320,-0.12722073289437800,326.1089372680380,449.27759870084400,6.493151498644100,321.89637012013000,219.4479301330980,8.596590812374940,317.0357305368710,29.338008428859000,-3.583889818050940,1.050061536695900,-0.635531055012218
54495311,44.245000,0.000000,0.000000,1023.95,1024.37,1025.66,1026.16,0.04,0.01,1.0,1.0,1.0,1.0,1400.47,-0.007030296584224850,0.04302482569040760,0.03865948676816040,-0.006286382279606010,0.0046621468451671800,-0.09962140336109800,326.10967531250900,449.288930462722,6.508140024269260,320.9573570298560,219.4857883481210,8.5038503629974,317.01093516386100,29.62873908538740,-4.258494766875020,1.2843890625689600,-1.377983467447540
54495410,44.345000,0.000000,0.000000,1024.0,1024.34,1025.59,1026.12,0.04,0.01,1.0,1.0,1.0,1.0,1400.51,-0.0031226200738443100,0.04171612364279810,0.039492625901791900,-0.01734964846908170,0.004863485920592360,-0.11111024251973800,326.10907763909900,449.3086395707690,6.494745500469080,321.9445496728510,219.50009053962600,8.369836483803010,318.6129472969340,29.376088975769800,-5.055743492332040,1.038184883420750,-1.0724606397676800
54495510,44.444000,0.000000,0.000000,1024.0,1024.25,1025.5,1026.31,0.04,0.01,1.0,1.0,1.0,1.0,1400.41,0.0007964328337783030,0.03941931626692450,0.03797567032086920,-0.02544365259194030,-0.04395154023511870,-0.05429048966992680,326.10986482232300,449.29373492728800,6.493473307788290,323.05709648634800,219.44802568290400,7.973858847458550,321.74323354331000,29.694806520743200,-5.630626938586060,0.760947237205676,-1.1251813180258500
54495611,44.545000,0.000000,0.000000,1024.12,1024.31,1025.2,1026.51,0.04,0.01,1.0,1.0,1.0,1.0,1400.4,0.0045601469321580200,0.03635181602344450,0.03653465615520630,-0.03310931672364380,-0.039047602011734500,-0.05304879492123920,326.1097922998620,449.3439815496470,6.471637743029640,323.864993542573,219.5785491134110,7.806119071757730,322.87083129160100,29.52968776795360,-5.49864834177783,0.5597595828489750,-0.8198026550654170
54495711,44.646000,0.000000,0.000000,1024.17,1024.29,1024.86,1026.61,0.04,0.01,1.0,1.0,1.0,1.0,1400.4,0.007979852367609840,0.03276761284957260,0.03240321630839050,-0.0369699258313318,-0.06002214104019170,-0.0162387842654402,326.1150032455040,449.39536838236500,6.473528144619370,325.7144805842950,219.68238564423300,7.479945287073380,323.12460693129000,28.951369940661900,-3.149215038064200,0.09989959887490660,0.57815351360421
54495810,44.746000,0.000000,0.000000,1023.94,1024.26,1025.33,1026.28,0.04,0.01,1.0,1.0,1.0,1.0,1400.33,0.0109431614691895,0.029030952663849200,0.027413932766719600,-0.035833067265054500,-0.06099744844000350,0.05628953795472670,326.11944196857600,449.39395523661000,6.463171519764090,326.17723193936900,219.6705226003210,7.146995616673780,323.2185427279200,28.93817776432070,-2.6354821036676200,-0.014413511572595500,0.9175426186914670
54495911,44.845000,0.000000,0.000000,1023.88,1024.24,1025.13,1026.45,0.04,0.01,1.0,1.0,1.0,1.0,1400.35,0.013264422542375400,0.025930648805600500,0.020453717812849400,-0.027911423503752700,-0.07292123216731920,0.07947887943880110,326.1046819022320,449.3685173288550,6.454887358679730,325.26087245773900,219.554933869968,7.363239783265310,323.6679664993400,29.023535766074200,-3.4989796800463400,0.21037269379437500,0.058255255904474900
54496010,44.946000,0.000000,0.000000,1023.91,1024.25,1025.39,1026.35,0.04,0.01,1.0,1.0,1.0,1.0,1400.39,0.015027030113794800,0.023350209587983600,0.015896304233516700,-0.024911677969412300,-0.046446762844376400,0.02076611675182240,326.1010087175530,449.2950928713800,6.481909403193370,326.46762456306100,219.4609851108010,6.891287785195010,323.3194790170990,29.356151135114300,-2.747986873768050,-0.09139428015770760,1.1315228117338200
54496110,45.046000,0.000000,0.000000,1023.92,1024.29,1025.27,1026.4,0.04,0.01,1.0,1.0,1.0,1.0,1400.33,0.016335696997424100,0.02108036887046040,0.01112536797579200,-0.02036899557153200,-0.05779410975908460,0.07785773163019670,326.1050868261630,449.2732321447020,6.49390690414399,326.28607209645400,219.4746450279700,6.827095514139650,324.3705307831210,29.786200319663100,-2.9374913503520100,-0.1535151116261480,1.2590199611879800
54496210,45.146000,0.000000,0.000000,1023.98,1024.32,1025.4,1026.29,0.04,0.0,1.0,1.0,1.0,1.0,1400.42,0.017155080480375100,0.019402214722667400,0.006407161054877760,-0.014809784595964400,-0.045407903202213100,0.04152849298435090,326.11608574518300,449.306573180028,6.493465655170810,328.2488005179790,219.5158991456040,6.59822473478781,326.300963090858,29.62021387573890,-2.7001041561641900,-0.5317537253096910,1.6511929989439900
54496311,45.245000,0.000000,0.000000,1024.03,1024.15,1025.1,1026.48,0.04,0.0,1.0,1.0,1.0,1.0,1400.4,0.017477937321334700,0.01820739376345560,0.001091373500299910,-0.009396291158692950,-0.05511341267860070,0.0661756611778649,326.110325227789,449.351115798072,6.468143687241360,325.7373641834020,219.6523230908120,7.562031418503050,325.0914719186020,29.415800524504700,-3.614290264508460,0.09303085460419330,0.008468542379655860
54496411,45.345000,0.000000,0.000000,1024.0,1024.23,1025.38,1026.35,0.04,0.0,1.0,1.0,1.0,1.0,1400.39,0.017359666331507800,0.017426064913232400,-0.0022423493159060800,-0.007514620390475000,-0.02825622145034710,0.011274614330442300,326.1160756773160,449.39379578965000,6.464729198752370,328.18356867167800,219.6155012213290,6.499008624190460,324.92451723324000,29.102015761589700,-1.8111582991109100,-0.515520520888532,2.0110854760084800
54496511,45.446000,0.000000,0.000000,1023.99,1024.3,1025.91,1025.93,0.04,0.01,1.0,1.0,1.0,1.0,1400.37,0.016855341969331900,0.017174792373584600,-0.0066978916024549400,0.0006351315780807610,-0.042384016434034000,0.07875813726235540,326.10716531737700,449.3202572756670,6.486601014563120,326.68233527600600,219.4895031389550,6.867112599506230,325.0743328582470,29.08527678102860,-3.182109552786780,-0.14338699996249400,0.7706370082032690
54496610,45.547000,0.000000,0.000000,1024.0,1024.21,1026.0,1025.79,0.04,0.01,1.0,1.0,1.0,1.0,1400.36,0.015976686706797800,0.017576182987800600,-0.009754347085958240,0.005134499033802070,-0.021539972502463600,0.011054073804127500,326.108256801244,449.24989997208100,6.496444353246840,327.36717271122500,219.3701941611370,6.239213091958760,326.94510302447200,29.29629680371180,-5.12911114741472,-0.13970525092974200,0.19544674998405800
54496710,45.646000,0.000000,0.000000,1023.97,1024.21,1025.76,1026.15,0.04,0.01,1.0,1.0,1.0,1.0,1400.23,0.014909991581784900,0.01794210802475640,-0.010452826343462100,0.002265171005331410,0.01894014731035510,-0.04610839820663650,326.10471741354400,449.3195938194120,6.461514282630490,329.09807520165500,219.48234318645000,5.440658016957270,337.7457741930180,29.47366562894510,-8.506856474276290,-0.7461674352933460,-1.1135196785226100
54496811,45.746000,0.000000,0.000000,1023.84,1024.3,1025.62,1026.12,0.04,0.01,1.0,1.0,1.0,1.0,1400.33,0.01356892256808580,0.017678930223297900,-0.014631227432885800,-0.005691377273519430,-0.059896821999299700,-0.08528494446301650,326.1019302094370,449.2270328760000,6.471261942992860,328.5650128778360,219.38625371196800,6.073970267391610,334.7794742224040,29.486197393873700,-7.546186925730490,-0.6139852118866290,-0.6463596358659610
54496910,45.847000,0.000000,0.000000,1023.92,1024.34,1025.6,1026.27,0.04,0.01,1.0,1.0,1.0,1.0,1400.43,0.011891939004090600,0.01673125610200280,-0.0185303586236237,-0.011775052081048900,-0.051121152804354500,-0.06508278463067730,326.10896987852300,449.19168210210900,6.482903546783170,327.763960182862,219.22037768573400,6.463955175323480,331.9057772209210,29.890859902166900,-6.791137215793550,-0.4123224108167350,-0.4285712283644890
54497010,45.946000,0.000000,0.000000,1023.85,1024.33,1025.61,1026.09,0.04,0.01,1.0,1.0,1.0,1.0,1400.47,0.01005658436736000,0.015387018675657700,-0.018681104298208500,-0.014484579930066800,-0.0029616887049926700,-0.020372519248119100,326.103711673242,449.2551097367880,6.495176833097740,327.8503235682520,219.4635364001330,6.323978698796710,332.02268746789000,29.258330231278200,-6.926301427652710,-0.43548839265302100,-0.38566867366997700
54497111,46.046000,0.000000,0.000000,1023.89,1024.27,1025.43,1026.21,0.04,0.01,1.0,1.0,1.0,1.0,1400.4,0.008168417990430200,0.013825344494484400,-0.018851174742079200,-0.01623270541905710,0.0030564287909018200,-0.018056895644843600,326.1103474268370,449.2557398578610,6.480101186452400,326.6929987418530,219.50548850492000,6.464970311607070,332.30007253845700,29.262675500091300,-7.664945327021340,-0.14530295185492700,-1.397598153153200
54497210,46.154000,0.000000,0.000000,1023.68,1024.35,1025.3,1026.3,0.04,0.01,1.0,1.0,1.0,1.0,1400.41,0.006297095599693570,0.011929193919274300,-0.018309119165081700,-0.020792614395663400,0.017451749862321900,-0.05179839608676350,326.09702122402600,449.23630789167300,6.494636748559570,324.7308445155590,219.4292317349640,7.235571774863860,326.85329689841300,29.24018807870610,-6.564030589807480,0.3406128247063940,-1.3206027318405500
54497310,46.246000,0.000000,0.000000,1023.71,1024.33,1025.51,1026.27,0.04,0.01,1.0,1.0,1.0,1.0,1400.45,0.004645050364273950,0.00951597664377287,-0.014989031451756200,-0.02560792523247160,0.046691466498975900,-0.030503040534598200,326.1074699450370,449.1984375329190,6.500726129293040,323.3081290734280,219.35857234217200,7.836679562515150,322.7189344580090,29.715099958419400,-5.139753029538860,0.6978009977329570,-1.2175929359735200
54497411,46.345000,0.000000,0.000000,1023.83,1024.32,1025.38,1026.12,0.03,0.01,1.0,1.0,1.0,1.0,1400.4,0.0034263996569541400,0.006762544579682760,-0.010372277681919300,-0.02852133046424380,0.04485672366019360,-0.03884517441047620,326.1024850235310,449.2130366870440,6.5010926849737300,323.2683581403070,219.37123472551500,7.873918563139350,322.3715697153060,29.596664582762100,-5.075532028012160,0.7064653964257470,-1.142178977331490
54497510,46.446000,0.000000,0.000000,1023.89,1024.16,1025.43,1026.33,0.04,0.01,1.0,1.0,1.0,1.0,1400.35,0.0026962814516143600,0.0037838710757646300,-0.005584615951512420,-0.030608115148278500,0.047167788041747000,-0.010471388620310600,326.1085728162150,449.1308597159920,6.4798361000827000,323.63569709085100,219.39918359169100,7.907440684051990,322.59785729018000,29.58997748426960,-5.259542159817860,0.6167189167695190,-0.9201587833575740
54497610,46.545000,0.000000,0.000000,1023.97,1024.22,1025.62,1026.19,0.04,0.01,1.0,1.0,1.0,1.0,1400.44,0.0023952126206033300,0.0006729573904968700,-0.001646203646183590,-0.03137573592303240,0.036275765878330500,0.021097314558670000,326.10521351782400,449.1000823196830,6.491356055904400,324.11177416439800,219.1825096980240,18.15700136941270,322.48112082962000,29.870084549536100,-4.916436564638500,0.49675541767606000,-0.5000025865209520
54497711,46.645000,0.000000,0.000000,1024.0,1024.25,1025.61,1026.26,0.04,0.01,1.0,1.0,1.0,1.0,1400.33,0.0024008629453317700,-0.0023369135706653800,0.0009257471775767950,-0.028808489682752500,0.022055259008727600,0.022253416375132200,326.1036452637100,449.15374691334100,6.490493802503090,325.34407679860800,219.2591858929150,7.807148541840950,325.57584511168700,29.674919167173700,-5.71124085068034,0.18930377800034800,-0.4486520790941790
54497810,46.746000,0.000000,0.000000,1023.96,1024.27,1025.39,1026.36,0.04,0.01,1.0,1.0,1.0,1.0,1400.5,0.0025803323063898000,-0.0050249490256953400,0.0020665608182528300,-0.02608198953682290,0.004201263531065590,0.015631180407943000,326.10997049730900,449.1699734900300,6.5138723789005900,325.6104725969770,219.35945691240400,7.7066707832452,326.31851349315600,29.543560267486900,-5.738381717454030,0.12453336306634800,-0.46278732403455400
54497910,46.846000,0.000000,0.000000,1023.99,1024.19,1025.31,1026.43,0.03,0.01,1.0,1.0,1.0,1.0,1400.51,0.0027807111996848300,-0.007414680130350610,0.0019853882880824500,-0.022818733764430200,-0.0003749885186503380,0.0340164812785351,326.1001229591840,449.1494644868680,6.5035160103850100,325.2479335427130,219.2088854836370,8.218351900608020,323.0129002138430,29.656717703861400,-4.548143885457390,0.21234456993642400,0.2508612595221460
54498010,46.946000,0.000000,0.000000,1023.99,1024.38,1025.43,1026.3,0.03,0.01,1.0,1.0,1.0,1.0,1400.38,0.002998823624016740,-0.009509991303347320,0.002151386267789190,-0.018330706719239800,-0.003349515989927450,0.0855260344691843,326.1073949594570,449.28592718365,6.434594786715920,325.93495643700100,219.59039193207300,7.960598772995410,322.4755175260600,29.20231105438740,-4.009017476885180,0.04301345124221090,0.9549491833525730
54498111,47.045000,0.000000,0.000000,1023.97,1024.36,1025.31,1026.24,0.04,0.01,1.0,1.0,1.0,1.0,1400.47,0.0031815414287588300,-0.010785132489060100,0.0016466545661789500,-0.009416018673080850,-0.004332566383388140,0.08903553902856480,326.10075106982000,449.35441537702100,6.45538248493672,324.8204316543850,219.55221092393800,8.200676575904540,320.7686824558830,28.66808683441810,-3.5504568184049000,0.3192142569343690,0.5775619424807570
54498210,47.146000,0.000000,0.000000,1023.84,1024.19,1025.46,1026.23,0.04,0.01,1.0,1.0,1.0,1.0,1400.34,0.003366738699567780,-0.011271039041973900,0.002210992744639020,-0.0026659364695530200,0.012889785170041200,0.05099971173139730,326.09738692982200,449.1917671109920,6.507863407475800,324.74966912137600,219.40445915411200,7.986168731754790,320.6602641998100,29.388447654352600,-3.50191000101467,0.3360396955331520,0.5608139663252400
54498310,47.246000,0.000000,0.000000,1024.02,1024.23,1025.38,1026.24,0.04,0.01,1.0,1.0,1.0,1.0,1400.39,0.0036633499963779700,-0.011246120324427000,0.003335153886467750,0.0019610593666409600,0.009558649818335290,0.04485399730100470,326.10765583959900,449.17299416646800,6.477551791247020,324.6227664776860,219.31931227252700,7.920607555606010,320.38844312341500,29.952471098483400,-3.64122219664995,0.37013420570918800,0.5406762039171130
54498411,47.346000,0.000000,0.000000,1024.04,1024.23,1025.29,1026.55,0.04,0.01,1.0,1.0,1.0,1.0,1400.33,0.003943297779210500,-0.010944350041056500,0.0038340752793644500,0.0049828491193037100,0.0029713451516847200,0.0382507336471354,326.10763595716700,449.23516918367700,6.491473306840300,325.4006845083830,219.3691780347560,8.176546754373070,320.72373235548100,29.639343395989900,-3.26239668988978,0.17621226361277200,1.0596642054357000
54498510,47.447000,0.000000,0.000000,1023.95,1024.27,1025.04,1026.75,0.04,0.01,1.0,1.0,1.0,1.0,1400.45,0.004418803420287220,-0.009804564720440680,0.0036491483487114400,0.01243339335059840,-0.0022049203800021100,0.08029197610627680,326.10048959472800,449.25262689554400,6.475794955697080,325.64312432425900,219.52139416204900,8.24614143767457,318.60413092881400,29.52918313866070,-1.988274386913280,0.11406836049291200,1.893635722095550
54498611,47.547000,0.000000,0.000000,1023.96,1024.22,1024.98,1026.84,0.04,0.02,1.0,1.0,1.0,1.0,1400.39,0.004739343799500010,-0.008146839867342860,0.0030063480165390600,0.019713255696437900,-0.0045291116607392200,0.10092818790214600,326.09872844355500,449.2405689687820,6.4795902590835400,325.85815421917600,219.4389799186620,8.133177514714420,316.4488271754510,29.92434025689670,-0.37871651100618900,0.059981668264496000,2.722415463884270
54498710,47.648000,0.000000,0.000000,1023.94,1024.35,1024.96,1026.81,0.04,0.02,1.0,1.0,1.0,1.0,1400.38,0.004982024906971800,-0.005515172212693590,0.002106277413854340,0.030819288008416500,-0.0084737259693493,0.12503582888375000,326.1033385562110,449.28878525547300,6.45483366268928,325.88219189649400,219.54624554912300,8.465734473613260,313.04137879397900,29.961664695944700,1.167633961519770,0.05515202521030400,3.764496456799830
54498810,47.756000,0.000000,0.000000,1023.99,1024.32,1024.89,1026.87,0.04,0.01,1.0,1.0,1.0,1.0,1400.42,0.005135729438316910,-0.0016199392705161200,0.0012396438948933900,0.04295448563720870,-0.006804555766742170,0.08470838336804000,326.09923159088800,449.3506051299690,6.475984194932180,324.94849921628400,219.51523789407100,8.588268902206760,309.1184992456120,30.030956126332600,3.242390610867710,0.28686428156126000,4.201817448783830
54498911,47.846000,0.000000,0.000000,1023.92,1024.32,1024.84,1026.87,0.04,0.01,1.0,1.0,1.0,1.0,1400.43,0.005270570393449360,0.003630655476619730,0.0014860053256860000,0.056809041349839100,0.004485352311352970,0.1105367526294280,326.0952534025660,449.3210909678130,6.462870787262120,324.69444572828100,219.5431391739060,8.630345625230270,306.6079310836620,30.363576766075100,4.142201997578750,0.3492910121938390,4.762583190482920
54499011,47.950000,0.000000,0.000000,1024.01,1024.18,1024.51,1027.08,0.04,0.01,1.0,1.0,1.0,1.0,1400.52,0.0054581331533515500,0.010175350337205600,0.0020285599641539700,0.06768217979484060,0.002513190765146330,0.031022685728413600,326.10235380360300,449.3447003527740,6.466374160953220,325.4047980546880,219.5199761827780,8.770490756264700,305.1536242388020,30.776543875841700,5.652857637104500,0.173901558262169,5.776302689050750
54499112,48.049000,0.000000,0.000000,1023.98,1024.16,1024.32,1027.45,0.04,0.01,1.0,1.0,1.0,1.0,1400.37,0.005666651897473420,0.01814904190493580,0.0019075122474844600,0.08620084107271630,-0.005740996150819000,0.24550628341573100,326.10462350148100,449.3793891937520,6.455981266449000,326.4111369938460,219.63141574275400,8.11522600141012,302.43723703577600,31.20593016301680,8.091023124838450,-0.07643993021142820,7.403822615952410
54499213,48.146000,0.000000,0.000000,1024.05,1024.19,1023.96,1027.66,0.04,0.01,1.0,1.0,1.0,1.0,1400.34,0.005771006983292600,0.027995300331170600,0.00036986352745486000,0.10516100875315400,-0.02068685534736690,0.048625850849485100,326.11088284827000,449.3938322106290,6.468217019258650,327.5058873831820,219.686841760945,8.167956955756640,298.6265867555530,32.03938120619760,6.536565697032450,-0.3479514903330850,9.445185361823870
54499312,48.249000,0.000000,0.000000,1024.02,1024.19,1023.81,1027.95,0.04,0.01,1.0,1.0,1.0,1.0,1400.22,0.005649161692525480,0.04021140112308400,-0.0023103138332864000,0.13152057718219700,-0.03058022963308530,0.22828952272500400,326.1123936025670,449.42276081349800,6.429841378860930,328.8020545603070,219.8482332467470,7.972616242160370,294.71955072922200,33.16475750110190,9.839338411330920,-0.6712381050301600,11.6889261213317
54499412,48.348000,0.000000,0.000000,1023.92,1024.22,1023.42,1028.17,0.04,0.01,1.0,1.0,1.0,1.0,1400.34,0.0051898178493082100,0.055350073309028300,-0.006053690495214720,0.16463914167913200,-0.03381356116794680,0.19786129345943700,326.12659540916300,449.44770388870400,6.458312630036020,329.5325666785600,219.77925547845500,7.88924280220619,288.6281141448620,35.00337697579770,14.961235148753800,-0.8496311792265220,14.181712944310500
54499512,48.448000,0.000000,0.000000,1023.93,1024.27,1023.36,1028.01,0.04,0.01,1.0,1.0,1.0,1.0,1400.32,0.004346205670045970,0.0738494581048744,-0.009900572273584670,0.198061044998444,-0.029807794597916300,0.15822100251046600,326.12728051072600,449.42510451289900,6.4499061482137100,330.29054117620100,219.80180896444000,8.161890449368810,281.3963218245250,37.98667496377690,21.283367391831700,-0.9965819270204270,16.273814097160300
54499612,48.552000,0.000000,0.000000,1024.14,1024.24,1023.37,1028.1,0.04,0.01,1.0,1.0,1.0,1.0,1400.36,0.003454054418286270,0.09010716260616900,-0.013326352875736500,0.23400196408413200,-0.061113045152725100,0.7531099695717350,326.113894620233,449.42293315217800,6.448051146593270,330.4755936072470,219.83395939638400,8.153040923384620,279.71607224277400,38.67750760070230,22.41363764079610,-1.0883662247565300,17.8294529818509
54499713,48.650000,0.000000,0.000000,1023.88,1024.19,1023.06,1028.11,0.04,0.01,1.0,1.0,1.0,1.0,1400.35,0.0014979482379226800,0.1218813630368800,-0.01700295414285830,0.26670989090625800,-0.05463481365286090,0.7242159958675350,326.11450302315100,449.40691655209900,6.427708123865790,330.2558973467480,219.77609807872500,8.44103136834394,274.6661095443650,40.85755539041930,26.01802875679080,-1.0332179980627700,19.32639621639640
54499813,48.750000,0.000000,0.000000,1023.98,1024.16,1022.8,1028.2,0.04,0.01,1.0,1.0,1.0,1.0,1400.31,-0.00040345579278251200,0.15125476100912700,-0.02092638742949790,0.32218256166639000,-0.061218488206326300,0.930354413056636,326.112634119239,449.400130790836,6.4411514391577400,330.3627049040960,219.80836958529200,8.644264953132280,266.62079469488000,44.7156891540306,32.9251895766687,-1.096233410695840,21.308434770540600
54499913,48.848000,0.000000,0.000000,1023.93,1024.32,1022.91,1028.26,0.04,0.01,1.0,1.0,1.0,1.0,1400.43,-0.0025258297211564900,0.1840408391159000,-0.022195553257385300,0.3446088947759220,-0.031413252304568100,0.5540975003119320,326.12524032240500,449.42864726358300,6.435703620109830,330.6334406825310,219.8170229494130,8.711664072155650,261.7672308040170,47.486097832794500,37.22880908633920,-1.1248022440379800,24.03204885833420
54500013,48.951000,0.000000,0.000000,1023.95,1024.31,1023.06,1028.06,0.04,0.01,1.0,1.0,1.0,1.0,1400.37,-0.004815858139139460,0.22014654767787600,-0.02280008648877710,0.36296669032979600,0.07602351202586940,-1.102823343553750,326.1196485656040,449.44118788653600,6.435800336445070,330.35250506125200,219.84051288528800,8.617504828818670,258.99204892087900,48.95075632038520,39.049704440346700,-1.0561691492217300,24.7768667421536
54500114,49.054000,0.000000,0.000000,1023.91,1024.27,1023.19,1027.98,0.04,0.01,1.0,1.0,1.0,1.0,1400.38,-0.007216001903875800,0.2594085811614720,-0.024578686712626100,0.4097143434573760,-0.010226219639381300,0.384566816423102,326.1253082511160,449.42991637848000,6.450531814411010,330.1642420244530,219.86994658205900,8.83476409027935,252.25431706753700,52.82554729801410,44.01877235624330,-1.0079718383071800,27.020406863887900
54500214,49.156000,0.000000,0.000000,1023.94,1024.3,1023.19,1027.91,0.04,0.01,1.0,1.0,1.0,1.0,1400.36,-0.009650942063595980,0.3015536988214920,-0.024336760386068700,0.4316000979913810,0.014848637067052500,0.030142221098608600,326.1204144750630,449.3968440852860,6.462878279940940,330.1744792846570,219.82545249899500,8.776744630775010,249.13709463996900,55.009675496359700,38.219282735894700,-1.0116968877507700,28.20603024633380
54500313,49.249000,0.000000,0.000000,1024.03,1024.25,1023.12,1027.83,0.04,0.01,1.0,1.0,1.0,1.0,1400.34,-0.012061883271425800,0.3462009329261230,-0.02373261606803250,0.4509366488724310,0.011920041085769200,0.08083041896990320,326.1185127354040,449.3594151071140,6.421516173890850,330.34006890240500,219.80205346110500,8.781735445710950,247.06453842635,57.15179899733680,40.11430454831570,-1.0535497018644800,29.21915514429080
54500413,49.349000,0.000000,0.000000,1024.1,1024.19,1023.09,1027.77,0.04,0.0,1.0,1.0,1.0,1.0,1400.44,-0.014424293648284100,0.39287654026269400,-0.022867074373575900,0.46192945221809,0.03093224557016970,-0.353023075845013,326.1061094841400,449.36878176836300,6.433395102132480,330.7584164613670,219.79656506832000,8.850454413835550,246.15074121889900,58.24299520495240,40.90858551325500,-1.1609465558261500,29.963520398680800
54500514,49.448000,0.000000,0.000000,1024.11,1024.21,1023.33,1027.74,0.04,0.0,1.0,1.0,1.0,1.0,1400.53,-0.01675114918449840,0.4411450148615300,-0.02326172510085490,0.4876343130182450,0.0016101468323759300,0.06799949414184050,326.1199614282860,449.3747113414160,6.424894193853290,331.68137014465800,219.87187958835900,8.457846520160120,244.67111552234100,60.27836424585890,42.883639716245400,-1.3881436518948500,31.375469614414300
54500615,49.549000,0.000000,0.000000,1024.09,1024.3,1023.68,1027.59,0.04,0.0,1.0,1.0,1.0,1.0,1400.42,-0.019113415276629000,0.4907547845029490,-0.02390036987487770,0.5010818268644720,0.0022081434671529900,-0.07732537619780820,326.11379698052100,449.38695842367200,6.445306192527160,331.6709568380630,219.8783538207940,8.61915822699093,240.3436097185800,64.30617300594020,45.42976340171230,-1.387048663158760,33.18880543325230
54500714,49.651000,0.000000,0.000000,1023.97,1024.27,1023.88,1027.48,0.04,0.0,1.0,1.0,1.0,1.0,1400.33,-0.021528914528252800,0.5414187287333000,-0.02403214040136600,0.5056267673226470,0.03964397362353450,-0.7683232597040000,326.120570027923,449.37729159697300,6.437423792066760,331.6961554716970,219.9063190698450,8.926217664584290,237.0489787237740,67.27584600084280,47.40125179540440,-1.3918739558765700,34.58707588476220
54500815,49.750000,0.000000,0.000000,1023.9,1024.31,1024.12,1027.36,0.03,0.0,1.0,1.0,1.0,1.0,1400.38,-0.023942142757231800,0.5927851692204670,-0.023920893471212800,0.5136566221016350,0.026504897811935100,-0.4334501915637380,326.1093457008450,449.3658488338630,6.424463703138360,331.8235406111340,219.92987549747100,8.844971537600980,235.64615662132500,68.81325242496310,48.177310198134500,-1.4266794310276800,35.327859636742300
54500915,49.850000,0.000000,0.000000,1024.04,1024.19,1024.31,1027.31,0.03,0.0,1.0,1.0,1.0,1.0,1400.42,-0.026324106379479800,0.644719959895952,-0.023466516627018100,0.5160837315074420,0.015108648866891600,-0.21649633675155700,326.11239840433900,449.372638010627,6.44943219983837,332.80610352925900,219.9035560759740,8.680424292644280,232.58128186820500,72.92153771236010,50.531682200896700,-1.6708670480072400,37.63122128060080
54501015,49.950000,0.000000,0.000000,1023.96,1024.31,1024.49,1027.31,0.03,0.0,1.0,1.0,1.0,1.0,1400.39,-0.028679814353759700,0.6969616467507600,-0.023560539645836100,0.5227811282580280,0.004959695993242170,-0.14425776240654400,326.12007314910200,449.3813991901670,6.433769017850540,333.2884398821960,219.93653685362500,8.626990420100570,230.05053656731300,76.18868559226050,52.73463898487200,-1.789465248459560,39.26436377252000
54501115,50.050000,0.000000,0.000000,1023.92,1024.22,1024.63,1027.17,0.03,0.0,1.0,1.0,1.0,1.0,1400.39,-0.03229639515146490,0.7761237428971790,-0.024389676330746300,0.5284320925215110,0.004238187821677310,-0.1620068144941620,326.11775790194600,449.4022488820170,6.446333186775300,333.3437485127120,220.0013507568900,8.748961343505810,228.0785097596430,78.13829960584090,53.790544379141300,-1.8041861132786600,40.184530843643100
54501215,50.151000,0.000000,0.000000,1023.99,1024.21,1024.71,1027.06,0.03,0.01,1.0,1.0,1.0,1.0,1400.31,-0.033529881650241700,0.8027398093748900,-0.024392574384135600,0.5256497221333510,-0.0017195100882782200,-0.017520055957418500,326.1268466009690,449.4509983629760,6.45114949899785,333.40378390924700,220.02857195985000,8.930770955948700,223.70604804539400,83.30836560270120,57.103432048850900,-1.8167276164388200,42.375341032980900
54501314,50.251000,0.000000,0.000000,1023.96,1024.28,1025.02,1026.77,0.03,0.01,1.0,1.0,1.0,1.0,1400.3,-0.03601893224560920,0.8561547360254090,-0.025229101641807900,0.5414983581682520,-0.015710591321221700,0.3692423648190730,326.1264245557150,449.45706848928800,6.433585711068620,333.2401243927460,220.0335117509760,9.014311759183310,222.39973984570000,84.82132386178290,57.817439999090300,-1.7759921334415000,42.89521998623150
54501415,50.350000,0.000000,0.000000,1023.89,1024.19,1025.02,1026.64,0.03,0.0,1.0,1.0,1.0,1.0,1400.46,-0.038493664682637800,0.9098909565307710,-0.02456638897305490,0.5382490075438420,-0.004595494829891190,0.23959694004043000,326.12406955726100,449.39512256411800,6.429495507744770,333.2619708889170,220.09323784362800,9.151235901838910,220.31837976694600,87.69081945041000,59.46598842330520,-1.7829753107951800,44.0312131786664
54501517,50.450000,0.000000,0.000000,1024.01,1024.17,1025.03,1026.64,0.03,0.0,1.0,1.0,1.0,1.0,1400.35,-0.040889779430680000,0.963534070678696,-0.023696561814150200,0.5371324097191520,0.003941144076585140,0.07119618763311460,326.1190227091340,449.39395769583200,6.450286785776440,334.1141548315610,220.09677853015000,8.919202217892660,220.40729354378200,88.91687485200440,60.33673424409130,-1.9969797284312000,44.912735133381600
54501615,50.558000,0.000000,0.000000,1024.0,1024.21,1025.13,1026.44,0.03,0.0,1.0,1.0,1.0,1.0,1400.45,-0.04322372447005190,1.0167869270805800,-0.022871004731760200,0.5211521597495490,0.0262360354820635,-0.6532862221873660,326.1146622953610,449.38510490831000,6.447824551954980,334.5639711032160,220.10756970694000,8.630969919432530,220.39173254516000,89.52129260894750,60.866095866516,-2.1105022881662300,45.38436961652890
54501715,50.650000,0.000000,0.000000,1024.0,1024.2,1025.2,1026.5,0.03,0.0,1.0,1.0,1.0,1.0,1400.41,-0.04678730170108500,1.0954056922220800,-0.023036025394334500,0.5067607644105710,0.027622034635089200,-0.8596281836852080,326.1228281134060,449.4024379069680,6.438066227892770,336.04875947910200,220.08004886947500,8.006606236380320,220.87759967389000,91.04125509667720,61.719605416066600,-2.3691851400262500,46.2964385095361
54501815,50.751000,0.000000,0.000000,1023.93,1024.29,1025.35,1026.42,0.03,0.0,1.0,1.0,1.0,1.0,1400.41,-0.048030088741737600,1.121165230857810,-0.02423382359572850,0.4977113011311640,0.008503697959098060,-0.5358275276474590,326.11872211726800,449.38482645325900,6.436663152489900,336.57459480357500,220.16046346361500,8.013691874679270,220.26862222348300,92.82501659707510,62.5917367661881,-2.6116875015371800,47.6314053097681
54501915,50.852000,0.000000,0.000000,1023.85,1024.27,1025.43,1026.5,0.03,0.0,1.0,1.0,1.0,1.0,1400.42,-0.05132148095259080,1.1844201903365800,-0.027160001018886700,0.5102293875280070,-0.035026236610053400,0.21626413523124400,326.1168731384690,449.3493352845210,6.4453564503513600,336.32381280045400,220.0866723420310,8.098671075065830,218.39249604158800,95.8556778119628,64.07476659719160,-2.5719227908741700,48.08315101923180
54502016,50.952000,0.000000,0.000000,1023.97,1024.24,1025.1,1026.48,0.03,0.0,1.0,1.0,1.0,1.0,1400.44,-0.053402059474309400,1.221543891242720,-0.027923649082466600,0.49146082404701400,0.0024274293815842800,-0.3013912471132850,326.1156535243570,449.3770225950470,6.429015281019570,336.6504444573880,220.15487352235900,8.101222684541590,217.14785523025600,98.41764822606060,65.64755718619760,-2.631397625351440,49.732072103256500
54502116,51.053000,0.000000,0.000000,1023.99,1024.28,1025.21,1026.5,0.03,0.0,1.0,1.0,1.0,1.0,1400.31,-0.05768022063803010,1.2938927529189600,-0.028761503872675900,0.4836079610859730,0.08927152800586230,-1.7331515076098000,326.1194373896140,449.37590745059200,6.433197734372550,336.8622154964340,220.20614239875200,8.164108028451910,216.46089145531100,99.57341428222430,66.62241666015890,-2.683886264323480,50.31276589082670
54502216,51.151000,0.000000,0.000000,1023.95,1024.23,1025.05,1026.54,0.03,0.0,1.0,1.0,1.0,1.0,1400.41,-0.05913513886722100,1.3174693930637700,-0.029004750794868300,0.4677573364849200,0.0037151871259163700,-0.2405916776870490,326.1206607364220,449.42162875258400,6.463199139264980,336.99951299663800,220.27038405138900,8.035020504693770,214.49042141039400,103.44640302481100,89.42522641338850,-2.7180505735389000,51.79684746298040
54502315,51.251000,0.000000,0.000000,1023.89,1024.33,1024.42,1026.6,0.03,0.0,1.0,1.0,1.0,1.0,1400.35,-0.06206806391331460,1.363818990358430,-0.02929878221134830,0.4581660004435290,-0.018770573995925800,0.17835045796975800,326.10287626082100,449.36148477777,6.421226479440400,335.9652026401340,220.10251620888900,8.281834530813450,212.73529670575100,105.62535182205900,70.83737898979170,-2.6092458871347800,51.95486679857080
54502415,51.352000,0.000000,0.000000,1023.9,1024.31,1024.36,1026.72,0.03,0.0,1.0,1.0,1.0,1.0,1400.44,-0.06496889471725700,1.4090231720060300,-0.02888934402572940,0.45214420486030700,0.005243854306555990,0.012601995899379900,326.1158603247970,449.3204123181890,6.432920113738520,334.7844297181520,220.08072944843900,8.54109554600176,211.6896269780010,106.42093662101100,72.17922187555460,-2.165575791553600,51.613262913592400
54502516,51.450000,0.000000,0.000000,1023.93,1024.31,1024.38,1026.87,0.03,0.0,1.0,1.0,1.0,1.0,1400.38,-0.06768048074114670,1.4527046242935700,-0.025711833198553800,0.4244193896795590,-0.03922340591569570,0.9392953656370190,326.1135857797920,449.30478950114500,6.4234842985729100,334.4968296741970,220.00448648191500,8.629233873426330,211.3998190657140,107.30773394523800,74.79626667741830,-2.093807342179710,51.71314762215790
54502615,51.551000,0.000000,0.000000,1023.97,1024.3,1024.4,1026.92,0.03,0.0,1.0,1.0,1.0,1.0,1400.38,-0.07113174918914130,1.514368055225790,-0.021001940341636000,0.40098670315506100,0.05266404208702140,-0.5424966634555250,326.1167130201190,449.3365681413510,6.432200139464930,334.4146578233020,219.97807207962500,8.812729171552130,210.81200791963900,109.40042150994400,77.28421273880790,-2.071996246705910,52.327477052614800
54502715,51.651000,0.000000,0.000000,1023.95,1024.25,1024.58,1027.05,0.03,0.01,1.0,1.0,1.0,1.0,1400.44,-0.07210872886137860,1.533838873426440,-0.0188630231883379,0.3815513352406770,0.04726237837926560,-0.494298718690213,326.108316504511,449.3440407793930,6.441489175311300,334.6676763752870,220.10133732175500,8.876151500043220,210.4034710905970,111.87889371862800,79.48466311979260,-2.138290485526070,53.223778423181500
54502815,51.754000,0.000000,0.000000,1023.93,1024.25,1024.69,1026.78,0.03,0.0,1.0,1.0,1.0,1.0,1400.4,-0.07382359826657380,1.5712135327975200,-0.016047744625000100,0.3663229580631410,0.027917812597648100,-0.19219581622819200,326.1110300021810,449.3519368372340,6.402504956865540,335.502201642926,220.1158053740330,8.672792154848600,210.6597491593110,114.01905040303800,82.20449598290040,-2.2361883083204600,54.33004236487280
54502916,51.851000,0.000000,0.000000,1023.97,1024.25,1024.72,1026.68,0.03,0.01,1.0,1.0,1.0,1.0,1400.43,-0.0759627200027218,1.6238745122964500,-0.014030452637339100,0.349934713219419,0.020086147714629000,-0.2640630650688820,326.11980525608000,449.4041067598600,6.422937411826020,335.43162292941000,220.1488302154630,8.765630557744270,209.89941711063600,115.68308342794300,83.85337399052160,-2.3259431423669000,54.88524008584380
54503018,51.954000,0.000000,0.000000,1023.92,1024.29,1024.89,1026.34,0.03,0.01,1.0,1.0,1.0,1.0,1400.41,-0.07719980642499130,1.6570112607648900,-0.011802867146565900,0.32594762763004600,0.015502713509869000,-0.1425340485366410,326.12259900211900,449.39074528675000,6.424193084421780,335.2870202269540,220.17579112905800,8.68648188469674,209.29458177620900,116.49609431195100,105.21147237003500,-2.2895676194236500,55.12803011660420
54503116,52.053000,0.000000,0.000000,1023.92,1024.32,1025.03,1026.3,0.03,0.01,1.0,1.0,1.0,1.0,1400.49,-0.07827904039495350,1.6885667637821600,-0.010791399310060500,0.3120463659416160,0.023778170624241400,-0.390151499800815,326.1173097584410,449.40774953823300,6.439427417449880,335.3011082541640,220.18905964685200,8.676431179965820,209.06624013988100,116.64128620650700,105.13866032311000,-2.294366164063170,55.22743287122550
54503215,52.152000,0.000000,0.000000,1023.87,1024.41,1025.17,1025.98,0.04,0.01,1.0,1.0,1.0,1.0,1400.45,-0.07921290199746920,1.7184448867978500,-0.008799967781838960,0.29021018655240800,0.021163415956752400,-0.46570667989127900,326.1284348191630,449.3932724823600,6.418780844887030,335.4419516158340,220.18034627823200,8.761617965275880,209.03745670391600,116.69660055909400,104.92107549108300,-2.3267964468926500,55.34738700747680
54503315,52.251000,0.000000,0.000000,1023.9,1024.32,1025.47,1025.99,0.04,0.0,1.0,1.0,1.0,1.0,1400.47,-0.07963259699515840,1.7327230014242700,-0.007362716508245790,0.2699946775816910,0.014982309831971400,-0.25752724847262800,326.1216196374360,449.39287525910000,6.4141454990375800,334.3469630781410,220.24537085996300,9.843922893306090,207.50383918211700,116.31397795865000,83.02765296688260,-2.0557728140149300,54.781398774011000
54503415,52.355000,0.000000,0.000000,1023.88,1024.26,1025.57,1026.02,0.04,0.01,1.0,1.0,1.0,1.0,1400.58,-0.08034952028486340,1.7598316456747000,-0.0063681790632181000,0.26307161225276400,0.02341117670347530,-0.20717013807135600,326.1223064655010,449.39273280699,6.440627736656670,333.51103298983400,220.06329280409800,9.823883263983670,207.2718054876580,114.51922739075900,81.58180319506290,-1.845364698343300,53.79294988242750
54503515,52.452000,0.000000,0.000000,1023.96,1024.28,1025.72,1025.86,0.04,0.01,1.0,1.0,1.0,1.0,1400.47,-0.08093391847375680,1.7960828448875300,-0.001978613644729500,0.22596658460084400,0.03284417151571890,-0.3526149522479240,326.1231223958610,449.31419709306400,6.436509637008390,332.7918262922710,219.91883375090300,9.699481047451350,207.78154490822800,111.80598068000700,79.28818153676260,-1.6651644625665100,52.47604005171570
54503616,52.554000,0.000000,0.000000,1023.9,1024.21,1025.67,1025.85,0.04,0.01,1.0,1.0,1.0,1.0,1400.42,-0.08091161284278540,1.8165907914136700,-0.00022397609048839200,0.20958643778612800,0.0360707936446954,-0.32310209037962400,326.1101039443100,449.2906427110430,6.443665238583410,332.6757829769870,219.86047128472500,9.30010780269265,209.79205373693400,107.53044666327600,95.90083369853490,-1.6339133280037600,51.65566746050280
54503716,52.651000,0.000000,0.000000,1023.96,1024.31,1025.84,1025.82,0.05,0.01,1.0,1.0,1.0,1.0,1400.49,-0.08077065088226190,1.8255098984508300,0.0032176606953399800,0.173306195134938,0.03237438506691340,-0.3681155645056230,326.1051185705770,449.28943243196700,6.430920459601400,332.5702141744970,219.86210162084600,9.296277838597270,211.20615847161600,104.87901059713600,73.23119106453340,-1.6141263129650600,49.77476401490990
54503815,52.751000,0.000000,0.000000,1023.95,1024.27,1025.98,1025.58,0.05,0.01,1.0,1.0,1.0,1.0,1400.4,-0.07990499047186140,1.846380421694500,0.006119768267465820,0.13323476561957900,0.025689344984009700,-0.432343105859732,326.10803808940800,449.2913276651710,6.424547071904120,332.62539511291900,219.84976827990500,9.315669069723180,211.92346647060100,103.4637390335920,92.70815360267310,-1.6270664682765400,49.297018088260800
54503915,52.850000,0.000000,0.000000,1023.93,1024.29,1026.07,1025.42,0.05,0.01,1.0,1.0,1.0,1.0,1400.4,-0.07949145368382780,1.851355987673410,0.008505982556013850,0.09411959392642410,0.01799621211895470,-0.4421151496110090,326.1072252197970,449.2499101418250,6.45500955036424,331.9825811712870,219.7877213153440,9.539219315833510,214.44203444633900,98.69511347374850,88.41681360099450,-1.4667321140716900,47.08067794134960
54504016,52.954000,0.000000,0.000000,1023.96,1024.31,1026.47,1025.2,0.05,0.01,1.0,1.0,1.0,1.0,1400.43,-0.0784963494599812,1.8582439157116800,0.010537034426061000,0.05145113272957190,0.021810946750736900,-0.43271416299646200,326.10665676297400,449.13553297144100,6.452657127102710,330.99253147057400,219.50599723486800,9.516239290305330,219.8092456323600,90.25962906624090,81.2084456993734,-1.2189101275123500,43.141354422586600
54504115,53.051000,0.000000,0.000000,1024.0,1024.22,1026.62,1025.22,0.05,0.01,1.0,1.0,1.0,1.0,1400.45,-0.07646477755633410,1.858955644657570,0.014207311954720900,-0.0024728006951459600,0.0309721524605734,-0.5991574082498410,326.11073288874600,449.1339037691180,6.451944275851980,331.09677479074900,219.49229240737700,9.528760515887420,221.80436077570600,87.95124851769740,78.77088754476160,-1.243826310749260,42.20954614680670
54504215,53.151000,0.000000,0.000000,1023.97,1024.25,1027.03,1025.19,0.05,0.01,1.0,1.0,1.0,1.0,1400.38,-0.07565282151562960,1.8563916783141500,0.016066096472250000,-0.056312399988641400,-0.001637236705008070,-0.4371457183317900,326.11248203147500,449.1104162472830,6.47313169270615,331.4474661829940,219.51244905210600,9.323505967909880,226.27760499648000,82.97728515105680,74.35589627357650,-1.3310966306841200,40.26841733362540
54504316,53.250000,0.000000,0.000000,1024.0,1024.14,1027.29,1024.89,0.05,0.01,1.0,1.0,1.0,1.0,1400.47,-0.07389363838661670,1.8473630470395000,0.018187433549360300,-0.10990024721541100,0.03288993635054990,-0.6323487639401280,326.1108466502710,449.1138588246090,6.432333226533390,331.9293800223460,219.48094176400900,8.970508126204480,233.34938182096900,75.62677664501620,66.54050521667160,-1.4514734657751700,37.32490403817780
54504415,53.352000,0.000000,0.000000,1023.88,1024.28,1027.38,1024.81,0.05,0.01,1.0,1.0,1.0,1.0,1400.42,-0.07203133669196560,1.8329390075498000,0.019155139343985000,-0.16828828945792900,0.013590544036990500,-0.6628763456578140,326.1201550984550,449.06827123656200,6.454507153601150,331.81481190488200,219.4510611628520,8.861053790794020,238.13961331623300,71.13342612145200,61.786031882282200,-1.4206815339402800,35.117256682898800
54504516,53.451000,0.000000,0.000000,1023.97,1024.27,1027.37,1024.82,0.05,0.01,1.0,1.0,1.0,1.0,1400.36,-0.07015536474411920,1.813120986652620,0.018682510721645700,-0.21788641398042300,-0.007782559392378890,-0.4678113729496320,326.1318304236010,449.0288187540020,6.433866234757790,331.1286131251700,219.25585689281500,9.024801464135520,241.62038604829700,67.87138857031010,57.80602011352000,-1.2457925398632400,33.0858930874047
54504616,53.555000,0.000000,0.000000,1024.01,1024.4,1027.18,1025.17,0.05,0.01,1.0,1.0,1.0,1.0,1400.36,-0.06825907209442870,1.787812843385320,0.01920144382010590,-0.2740808005928850,0.011049106412149300,-0.6109026668239050,326.1135371508190,449.0263505103900,6.449637122649690,330.4981934605780,219.21652252162200,8.56761608620421,244.01385179501300,65.11889302521090,43.075063287245100,-1.0930421300805200,31.488568324492600
54504715,53.652000,0.000000,0.000000,1023.98,1024.22,1026.91,1025.39,0.05,0.0,1.0,1.0,1.0,1.0,1400.4,-0.06529718040495380,1.7404695593423500,0.020473830143040600,-0.3460442113696390,0.0390867445690076,-0.9659916773925760,326.11729730821400,449.0563442167740,6.464534878844380,330.1321597709750,219.26546128829200,8.606732921223760,244.55122446545200,64.24001567134310,42.52823106642710,-1.0009590836944000,30.902567302379900
54504815,53.751000,0.000000,0.000000,1023.91,1024.27,1026.69,1025.41,0.05,0.0,1.0,1.0,1.0,1.0,1400.39,-0.06425524153374510,1.7224327822723200,0.021367728690693200,-0.37267372926893400,-0.006625028339536300,-0.11437588420727500,326.12519627726000,449.053115383335,6.4429729305985300,330.6044437115690,219.27085505974000,8.423063424573030,247.22142473868800,61.97594978843680,40.92099556700670,-1.1167505834913900,30.161845204198400
54504916,53.851000,0.000000,0.000000,1023.95,1024.39,1026.63,1025.51,0.05,0.01,1.0,1.0,1.0,1.0,1400.43,-0.061049406717830000,1.6631451399003700,0.021274770867994400,-0.41379076784651900,-0.012305676822328000,-0.13038204092976800,326.1178306435990,449.0599209641490,6.469997928105640,330.8432120785360,219.28686106295800,8.489054467497630,249.34902755618700,60.66895647497550,50.0312616196659,-1.178146181922990,29.549335275391900
54505016,53.952000,0.000000,0.000000,1024.0,1024.26,1026.5,1025.49,0.04,0.01,1.0,1.0,1.0,1.0,1400.41,-0.05896740123759850,1.6202990503461100,0.020400270773713200,-0.4347156948778440,-0.012975014120873200,-0.13595494795592700,326.1160062577240,449.0473059287540,6.448119005222270,331.11185267082600,219.21172541863200,8.57654158083778,252.0651905940580,58.78718891807050,38.49811184213090,-1.2452199335274200,28.72148619262320
54505119,54.051000,0.000000,0.000000,1023.89,1024.29,1026.33,1025.53,0.04,0.0,1.0,1.0,1.0,1.0,1400.43,-0.05699265412342080,1.5755795733579700,0.019279789093635000,-0.45265180381851200,-0.012570846790201800,-0.15170648407118100,326.12365764719500,449.0343318987370,6.425866278783840,330.95694555348400,219.23248635564000,8.489034086304400,253.93222107023700,57.53926316274490,45.74347759301330,-1.2048909979037200,27.881200312221200
54505216,54.154000,0.000000,0.000000,1023.88,1024.36,1026.32,1025.44,0.04,0.0,1.0,1.0,1.0,1.0,1400.47,-0.05512354245947740,1.529487040622170,0.018389811927091300,-0.4645717652498240,-0.011487159032753700,0.028053892774396700,326.1292739765440,449.0434626800610,6.473239522424400,330.1835684643400,219.20446559606100,8.457834031039190,255.70146337085100,55.72887479000570,43.5068308365073,-1.010576433948140,26.515924834675700
54505316,54.265000,0.000000,0.000000,1023.89,1024.32,1026.48,1025.18,0.04,0.01,1.0,1.0,1.0,1.0,1400.42,-0.0542059664146732,1.5060029518144900,0.018256810885333800,-0.46860754795668000,0.04698915524546970,-1.306570112207800,326.11540064711500,449.08382031044300,6.484267375257910,328.94894063852500,219.28858919296700,8.63474757131446,257.30018110384400,53.182291309268200,33.3153529380525,-0.7064622459834180,24.745529811198300
54505416,54.351000,0.000000,0.000000,1023.84,1024.42,1026.69,1024.9,0.03,0.01,1.0,1.0,1.0,1.0,1400.37,-0.0513344233293613,1.4338548310863100,0.01823467936906750,-0.46364609042729500,-0.01221717114335370,0.4417278111432870,326.11489525601600,449.08247336212600,6.485936610161360,327.55961675467300,219.24626367211900,8.995096755171460,259.3796508522590,50.556647513729100,34.85954265055400,-0.36014931831463700,22.727579569195000
54505516,54.451000,0.000000,0.000000,1023.92,1024.39,1026.53,1024.91,0.03,0.01,1.0,1.0,1.0,1.0,1400.31,-0.04916689779402350,1.3842142108010400,0.022736856911625600,-0.503041793212821,-0.03726741191685850,1.3123273498869200,326.11823809557800,449.05539161839700,6.4509688495374900,327.11109091286100,219.17900340315700,9.119110162855250,262.713986799293,48.0767013744924,31.23185327398070,-0.2474630945239180,21.11956180329400
54505615,54.550000,0.000000,0.000000,1024.01,1024.19,1026.51,1025.19,0.03,0.01,1.0,1.0,1.0,1.0,1400.38,-0.04799219680856740,1.3589355174674300,0.023847967201394700,-0.5091359366779790,0.01782391485805200,-0.05735948458258440,326.1179975131730,449.0145360019210,6.454683514441490,327.9530387534950,219.15506554909800,8.925035281819800,267.7930324285270,45.994722703054700,28.757176589092700,-0.4574007089491010,20.073239838689400
54505715,54.651000,0.000000,0.000000,1023.95,1024.21,1026.86,1024.91,0.03,0.01,1.0,1.0,1.0,1.0,1400.41,-0.04431087523921510,1.2817536398605700,0.024577438691527300,-0.5173292461520270,-0.0019971859693063500,0.03407439894063270,326.11221532912200,449.02882200461700,6.462717649033310,328.49615774201900,219.15264842821000,8.559922509588160,272.02959119079200,44.62152476229070,26.635836206215800,-0.5941674614785760,19.116437382975300
54505816,54.751000,0.000000,0.000000,1023.97,1024.24,1027.26,1024.55,0.03,0.0,1.0,1.0,1.0,1.0,1400.31,-0.041884431738278600,1.229640860294960,0.024095215216587700,-0.523774158664464,-0.006136768820634090,-0.023041766183581900,326.12606716067000,449.00802851017200,6.451899764505980,327.9013304457450,219.03874178699500,8.740237979182890,276.4990688009040,42.517322639562700,22.03318125787430,-0.4422898154007640,17.119907409271200
54505917,54.852000,0.000000,0.000000,1024.0,1024.35,1027.32,1024.59,0.03,0.0,1.0,1.0,1.0,1.0,1400.3,-0.03948353238295070,1.176992190872990,0.024071259869764600,-0.5288741321295220,-0.01317881673688280,0.28647685810245200,326.12842724237700,449.0035628639540,6.447299442132050,326.99367232694400,218.9774352365000,8.720772743834760,281.01508041093100,40.33730520509770,17.976790065975400,-0.21551750791381500,14.864610728059100
54506017,54.952000,0.000000,0.000000,1023.93,1024.2,1027.13,1024.65,0.03,0.0,1.0,1.0,1.0,1.0,1400.37,-0.03703869279449220,1.1235567608218100,0.024750788870168400,-0.5396454729397810,0.007896787818917440,-0.1446943007805130,326.1208887220830,449.0007121939160,6.459657426842180,326.80010611097600,219.05716214054800,8.330490640973920,285.0481856818100,38.829469128686100,17.000103768299900,-0.16924230561368400,13.381661274977200
54506117,55.053000,0.000000,0.000000,1023.98,1024.24,1027.2,1024.8,0.03,0.0,1.0,1.0,1.0,1.0,1400.49,-0.03455227631774980,1.0694298349652500,0.024361501149723100,-0.530750742577373,-0.019812291727484300,0.41131484737724100,326.11777321663500,449.0125495783010,6.468284929861290,326.6351426539850,219.0334039393320,8.214566098220460,289.4305112763090,37.48624262277360,12.535475114190800,-0.12889444875732400,11.839118093541200
54506217,55.154000,0.000000,0.000000,1023.91,1024.35,1027.11,1024.86,0.03,0.0,1.0,1.0,1.0,1.0,1400.39,-0.032046971677576700,1.014753056083250,0.02471308669325650,-0.5403801322029960,2.55130245237401E-05,-0.010859645165657900,326.1160125494640,449.00081515829500,6.466445624473500,326.62215034992200,219.02392380937800,8.068881128743500,291.57153148513600,36.848298015257300,13.538452524804300,-0.1260975084386370,11.142830839672700
54506318,55.253000,0.000000,0.000000,1023.96,1024.23,1026.93,1024.86,0.03,0.0,1.0,1.0,1.0,1.0,1400.4,-0.029555974893900300,0.9598649036158450,0.02478326377687660,-0.5509435920471060,0.019736432531595200,-0.603724073495921,326.1123059889550,448.98377502991400,6.469741012711890,327.1444537628090,218.8642198920780,8.028110799873770,298.4367340392230,35.42605380490970,10.587095717751100,-0.2569851774436030,9.408503841888150
54506418,55.354000,0.000000,0.000000,1023.93,1024.25,1027.13,1024.75,0.04,0.0,1.0,1.0,1.0,1.0,1400.33,-0.027152861226320100,0.9049350284577350,0.024191944188965400,-0.5639878025327000,-0.009437862540173940,-0.09375287437332010,326.12309600241100,448.97176049007000,6.454512506755450,327.1012041218730,218.83521661656000,7.702987094395390,302.9476160809670,34.44957800445170,8.119062276959120,-0.24351251990468200,7.949989221016430
54506519,55.454000,0.000000,0.000000,1023.92,1024.3,1027.23,1024.65,0.04,0.0,1.0,1.0,1.0,1.0,1400.39,-0.02487380567008870,0.8499769536201110,0.021921772700680300,-0.5397132600867830,-0.02980962102128010,0.43216715581926700,326.12817478102500,448.96695472324200,6.4303292546642300,327.0041142613740,218.89484942660500,7.311511090206670,307.4584567401490,33.60076241899750,0.9256640341518200,-0.21813766940236900,6.457825034896570
54506619,55.554000,0.000000,0.000000,1023.89,1024.27,1027.57,1024.19,0.04,0.0,1.0,1.0,1.0,1.0,1400.43,-0.022715061013616800,0.7950287740954300,0.02079355184867240,-0.5392641135639500,-0.026529400938943100,0.43327218111359,326.1250945875510,448.94596526570800,6.419940120727210,326.53800522833200,218.85407283989600,7.335786431214000,312.1022250270740,32.93463806530900,2.060797565811600,-0.1028198403137440,4.645482713618470
54506719,55.655000,0.000000,0.000000,1024.03,1024.26,1027.52,1024.05,0.04,0.0,1.0,1.0,1.0,1.0,1400.41,-0.020644311741748300,0.7399932211121490,0.02051583582039440,-0.5531507490765380,0.006282056971063000,-0.37771415025085200,326.1163220730780,448.9389945649230,6.4296674610038300,326.6356624082400,218.7893727455480,6.756627905728560,315.51578042252300,32.60596616341200,-0.278998498441683,-0.07316822084461170,3.4969603880937400
54506818,55.754000,0.000000,0.000000,1024.02,1024.15,1027.19,1024.37,0.04,0.0,1.0,1.0,1.0,1.0,1400.46,-0.018658550227223400,0.6847992091010440,0.019751755000348600,-0.5629636016092400,-0.004045208307320390,-0.31072642763683300,326.11511787980100,448.93684713533500,6.437296164406980,326.69485845126900,218.7786895065480,6.396398195853360,325.2361482551990,32.397966953963000,-5.47894746046732,-0.14432083593957500,0.7370583867892820
54506918,55.854000,0.000000,0.000000,1024.01,1024.24,1026.9,1024.78,0.04,0.0,1.0,1.0,1.0,1.0,1400.31,-0.016807624338326000,0.6292280743793040,0.0177230486274704,-0.5518972587900800,-0.02261694438464490,0.13202637178550000,326.11604295199200,448.9128782894630,6.417257198387290,327.13023739819800,218.69812064228600,6.193218986782150,328.4256213271200,32.3778544069006,-6.615163987832620,-0.2524107752630530,0.1064814361594600
54507019,55.952000,0.000000,0.000000,1023.98,1024.18,1026.33,1025.18,0.04,0.0,1.0,1.0,1.0,1.0,1400.45,-0.015136059445593100,0.5737096950413520,0.016197307667069200,-0.5594787392944430,-0.002992703584651670,-0.47488152546400500,326.11417018355200,448.8900124865550,6.403039629748270,327.16124157764400,218.6986814947180,6.059604791194600,329.74338439143100,32.39598473845720,-7.101935774645200,-0.2606195364238080,-0.272825724072681
54507123,56.053000,0.000000,0.000000,1024.07,1024.22,1026.21,1025.39,0.04,0.0,1.0,1.0,1.0,1.0,1400.48,-0.013638801572550700,0.5187973743282850,0.014700320428807400,-0.5565938362692960,0.000489774596219335,-0.45414195797193700,326.11061708906000,448.94522798648100,6.439651216827000,326.7921834047760,218.81423513348500,5.779462572576170,330.8904976092100,32.116454850259800,-6.9852032177164700,-0.16968926561833900,-0.9181532960384410
54507226,56.158000,0.000000,0.000000,1024.06,1024.27,1026.16,1025.5,0.04,0.0,1.0,1.0,1.0,1.0,1400.31,-0.012281869062265500,0.46491306466465700,0.01307182926059190,-0.5370160899903460,-0.013102380112396400,-0.043840715474068000,326.1219078133110,449.0609042757190,6.480132121613900,328.11979090527500,219.11121793210200,5.131118616253480,336.6387729407970,31.4406646418207,-8.581191785644230,-0.49779319435513100,-1.6034728086858500
54507318,56.262000,0.000000,0.000000,1024.08,1024.1,1025.84,1025.74,0.04,0.0,1.0,1.0,1.0,1.0,1400.4,-0.01116416922018690,0.4123668502888270,0.010005315037258500,-0.5212712590900040,-0.03320808157524970,0.17182029411286300,326.12208210565700,449.0312631975150,6.467391429804970,328.74085563841900,219.05992484246500,4.747991849731720,341.07610433874800,31.6176633416356,-10.475862719106900,-0.6524212405820010,-2.460264004771730
54507418,56.361000,0.000000,0.000000,1024.04,1024.2,1025.54,1026.0,0.04,0.0,1.0,1.0,1.0,1.0,1400.41,-0.010396822676058300,0.3612877266042130,0.006180650969693570,-0.507238746988128,-0.04112461738643350,0.08988156872150860,326.1176886780090,449.0253750999800,6.466833089571350,329.51717133335700,219.1179736165700,4.401808232778360,343.2020999207460,31.932731211261300,-11.168019861300300,-0.8471315596254930,-2.487135681857270
54507518,56.452000,0.000000,0.000000,1023.97,1024.2,1025.78,1025.95,0.04,0.0,1.0,1.0,1.0,1.0,1400.43,-0.010037574124098600,0.3120636079682940,0.002019982651547760,-0.48837354657344300,-0.040790718387408700,-0.3066333834896330,326.114761444184,449.01986970676,6.484941135286000,330.1692538511710,219.1885129614930,4.184906636954420,344.17885052876800,31.982286029409400,-10.843876071556100,-1.0106593467053300,-2.2584392832486000
54507618,56.553000,0.000000,0.000000,1023.92,1024.23,1025.79,1025.99,0.04,0.0,1.0,1.0,1.0,1.0,1400.47,-0.010099107091355200,0.2651838272882970,-0.00221006905175391,-0.4685000421736000,-0.04362021938963690,-0.04766701557087710,326.12391708277700,449.024351521791,6.501511790095890,330.62029864604700,219.21861040282400,3.8342112184997300,347.7453029163450,32.09158061832780,-12.14592517557370,-1.1209068045811900,-2.98706740152507
54507718,56.653000,0.000000,0.000000,1023.89,1024.18,1025.8,1025.99,0.04,0.0,1.0,1.0,1.0,1.0,1400.36,-0.010564494215545800,0.22078320204442400,-0.006155656444490280,-0.4377213856048870,-0.04598781259788230,-0.33355995286543500,326.12181677324000,449.0395694373090,6.494683136219060,331.0605765685310,219.28504684857100,3.548269546690970,349.07094172996800,32.20199983199640,-12.819100382452600,-1.2314296023600000,-3.0360230926357200
54507818,56.753000,0.000000,0.000000,1023.94,1024.29,1026.22,1025.46,0.04,0.01,1.0,1.0,1.0,1.0,1400.37,-0.01139583555177630,0.17885344535159000,-0.009707234059781750,-0.42175463462376500,-0.040276937080049900,-0.2804461626639640,326.1190051162140,449.05976740672300,6.493482765146390,330.60031178180100,219.32499678188400,3.810341268396360,350.9147890138900,32.09168959609140,-14.240842815099900,-1.117494750858350,-3.95727721601764
54507918,56.853000,0.000000,0.000000,1023.99,1024.22,1026.46,1025.12,0.04,0.01,1.0,1.0,1.0,1.0,1400.28,-0.011916408399561800,0.15875455651405900,-0.010489655858952500,-0.3905225655149090,-0.01602757935675320,0.5253971602424990,326.1354888312100,449.0625168899300,6.456558736829100,330.50651283810300,219.38805484790500,3.3571805874102200,357.4604320194420,33.012400070756700,-17.850342319760300,-1.0902866431228000,-6.048570636581880
54508019,56.952000,0.000000,0.000000,1024.04,1024.24,1026.82,1025.13,0.04,0.01,1.0,1.0,1.0,1.0,1400.37,-0.013790973027494900,0.10123888548267300,-0.013569538408271800,-0.3761075305231400,-0.003649687390635090,0.42412146201533500,326.1268423868470,449.04848015927400,6.496006226399310,330.6929948792160,219.36257850172800,3.1567421343465600,364.20119438135200,34.34220566630990,-21.692131917659700,-1.1388892712179600,-7.98753370295616
54508118,57.053000,0.000000,0.000000,1023.93,1024.23,1026.94,1025.11,0.04,0.01,1.0,1.0,1.0,1.0,1400.26,-0.01524827169915470,0.06409341973960320,-0.015070400568412900,-0.3657403118878860,-0.016446738329401200,0.059878448215408400,326.1194302836160,449.05034929807800,6.47592995528732,331.3246376687810,219.47632906125600,2.708361109591190,369.4478395042290,35.35955467941270,-24.339412435426700,-1.2988635400975200,-9.100617067958160
54508219,57.153000,0.000000,0.000000,1024.03,1024.26,1027.15,1024.84,0.04,0.01,1.0,1.0,1.0,1.0,1400.42,-0.016043472283982400,0.045716974705413100,-0.01610360637644260,-0.36647157140779500,-0.031780706342690600,-0.28657206702028400,326.12072416472800,449.0585304338590,6.500918969449820,331.2715772473340,219.4846438529690,2.550844751940850,374.8793089066230,36.666052827933500,-27.757473318517300,-1.2853057477938200,-10.845461492438900
54508319,57.253000,0.000000,0.000000,1024.03,1024.28,1027.01,1025.08,0.04,0.01,1.0,1.0,1.0,1.0,1400.46,-0.018652956804033900,-0.00908700049210899,-0.019451218209287300,-0.3921309884869450,-0.06501712700778540,-1.11453679392625,326.11834550615100,449.0887945303540,6.4999747488822400,331.1529005349690,219.5303944318260,2.3065131570728400,379.7171677441,37.930855796760200,-30.527639037362500,-1.256379725289150,-12.45921788052540
54508419,57.354000,0.000000,0.000000,1023.96,1024.23,1026.94,1025.15,0.04,0.01,1.0,1.0,1.0,1.0,1400.4,-0.01957247570996530,-0.027364354010582100,-0.018963668863165600,-0.37529690336244200,-0.02208360211653150,-0.3051446397336630,326.1147093868140,449.09021371111000,6.470815731409960,331.7273013417830,219.54199573515100,2.026884180402770,384.6115714682240,39.259162836447600,-32.873179310954000,-1.4006371898603000,-13.547279287508500
54508520,57.454000,0.000000,0.000000,1023.96,1024.31,1026.92,1025.19,0.05,0.01,1.0,1.0,1.0,1.0,1400.3,-0.02147549610207680,-0.06403738702118420,-0.01937373175410870,-0.3668716445022260,-0.015923907388950100,-0.12864520894740800,326.11941399162600,449.0674234612610,6.4794983761774900,331.993801610085,219.55289415484400,1.9219353755134600,389.3770276990880,41.00207730104750,-34.93315723263460,-1.4661561984302100,-14.884218349021100
54508620,57.554000,0.000000,0.000000,1023.89,1024.32,1026.93,1025.13,0.05,0.01,1.0,1.0,1.0,1.0,1400.35,-0.024502524643049500,-0.1194030540371280,-0.020815862111517700,-0.37286430604415500,-0.013560691921521600,-0.14554287931093200,326.10337700280800,449.1067051366980,6.495791300035670,331.6955223166890,219.5559606554490,1.8706307248637800,393.22751298736500,42.30525378838100,-37.30604338489890,-1.39552134427589,-16.353231031542700
54508720,57.655000,0.000000,0.000000,1023.96,1024.32,1026.99,1025.23,0.05,0.01,1.0,1.0,1.0,1.0,1400.29,-0.025537902477936300,-0.13793782244266800,-0.020605150250638300,-0.3693334034023270,-0.003980323595195820,-0.10867686456245000,326.1093356272980,449.09131000117300,6.4901332373573900,331.1559663773650,219.59309655520100,2.005479537933750,395.7745254499320,43.15779654635830,-39.259025689007000,-1.2597224410775000,-17.595562736609600
54508819,57.756000,0.000000,0.000000,1023.92,1024.25,1026.95,1025.19,0.05,0.0,1.0,1.0,1.0,1.0,1400.4,-0.028560713928691200,-0.19422771473436100,-0.01938933657625940,-0.3768071902492390,0.014172898702046700,0.027476707230857100,326.1158821895870,449.08855412050600,6.496468975347550,330.7142244371790,219.64429989033000,1.9775376744374700,398.86323947675600,44.69082953155330,-41.051002486035100,-1.1483168687845800,-18.985598780687300
54508920,57.855000,0.000000,0.000000,1023.89,1024.34,1027.17,1025.0,0.05,0.0,1.0,1.0,1.0,1.0,1400.27,-0.030396687494206500,-0.2324514192108780,-0.01755973388143530,-0.38465555164682200,0.018525433841447900,-0.15730291350332600,326.11440590233400,449.0865550292840,6.504776583759100,330.0943284591720,219.638134208468,2.0640929626438000,402.1714936354130,46.5074972394276,-43.68373212083760,-0.9942623437520520,-20.614249841632700
54509019,57.955000,0.000000,0.000000,1023.91,1024.34,1027.19,1024.98,0.04,0.0,1.0,1.0,1.0,1.0,1400.55,-0.03199749587948100,-0.27141912879044900,-0.015070666666950700,-0.39485460502010100,0.02029052279565430,-0.2863666793911360,326.1170546467210,449.07583064852800,6.484237050120290,329.57439827138100,219.59285306761000,2.127821964270160,405.3354689349760,48.61251826715920,-46.150942664714400,-0.8631411997844820,-22.171761214770400
54509120,58.055000,0.000000,0.000000,1023.81,1024.33,1027.09,1024.98,0.05,0.0,1.0,1.0,1.0,1.0,1400.38,-0.033317858506082400,-0.3112303726769330,-0.012136950304248700,-0.4022472139807890,0.02325830028644880,-0.2961556427070160,326.1068966527200,449.066827338654,6.490930895115190,328.9605481954350,219.5211323164750,2.1992737024999000,408.49586037077900,50.66170777246210,-48.96984112314140,-0.7090304909288990,-23.80307531075660
54509219,58.154000,0.000000,0.000000,1023.98,1024.34,1027.14,1024.99,0.05,0.01,1.0,1.0,1.0,1.0,1400.43,-0.0338613361651647,-0.3314726122410100,-0.010552951828566300,-0.4103207949268900,0.020305061848596200,-0.617716948714022,326.10562916309500,449.0420399915240,6.508955047589970,328.6402584891270,219.558441389026,2.036409379131250,410.8886478099700,52.32640884158600,-50.99677124998910,-0.6328019040811530,-24.92336968663250
54509319,58.254000,0.000000,0.000000,1023.88,1024.24,1026.94,1025.05,0.05,0.01,1.0,1.0,1.0,1.0,1400.41,-0.0346900154604399,-0.37261894118561500,-0.007145540269921890,-0.4223821564348490,0.017387218199058100,-1.0144051649053600,326.1160705530380,449.0521575970070,6.514681501075060,328.18605182503400,219.5491901302830,2.0856206688849400,413.53842913482400,54.385300080858200,-53.14963608281690,-0.5167600923139160,-26.295217563912700
54509419,58.353000,0.000000,0.000000,1023.89,1024.33,1027.1,1025.1,0.05,0.01,1.0,1.0,1.0,1.0,1400.49,-0.035283585663536200,-0.43578146351899500,-0.0035884911958939500,-0.42819477060424900,0.031582146665354600,-0.4487251188621930,326.10706707959800,449.07693932986800,6.495098565953840,327.7025589929540,219.64818979834500,2.2222459152470800,416.3358021575830,56.01032848464660,-54.92511371779930,-0.39843951326202600,-27.644985231097500
54509519,58.453000,0.000000,0.000000,1024.03,1024.25,1026.98,1025.12,0.04,0.0,1.0,1.0,1.0,1.0,1400.36,-0.03523525641792130,-0.47882699588175500,4.18472369341912E-05,-0.4309496947775260,0.035793205040750100,0.03369715791975620,326.0961859826510,449.13610968805400,6.512490197377860,327.406808647109,219.74865436251700,2.2165317695295600,419.73121706659700,59.680448846002200,-58.36603112338030,-0.3273602297898420,-29.09723874473120
54509619,58.555000,0.000000,0.000000,1023.87,1024.29,1027.11,1025.06,0.04,0.01,1.0,1.0,1.0,1.0,1400.37,-0.03508479383996560,-0.5006241474211570,0.003399110372221890,-0.4381658955652610,0.032227776814295100,-0.3497124414120160,326.0962008904490,449.1190124062860,6.53092707571129,327.7654722177950,219.81361217962500,1.9622401303500200,425.18090508880800,62.18947569968520,-60.28117237121250,-0.41708792028498800,-30.882866960164200
54509720,58.655000,0.000000,0.000000,1023.93,1024.33,1027.02,1025.18,0.05,0.01,1.0,1.0,1.0,1.0,1400.45,-0.034580237905337400,-0.5447423063633470,0.00508939154085485,-0.3805834963842950,0.026587377978580900,-0.8949117714566160,326.0971466189960,449.1092858887300,6.517917369223010,326.7040649366750,219.73587162626900,2.431412666880180,426.23215035684400,63.71680194044530,-62.021568801150400,-0.151603345449168,-32.231515638692500
54509819,58.757000,0.000000,0.000000,1023.98,1024.37,1026.95,1025.3,0.05,0.01,1.0,1.0,1.0,1.0,1400.42,-0.033376370235436800,-0.6119250311001300,0.013388720702253100,-0.618002601049343,0.1395441269642750,-4.365134653850010,326.0934710056600,449.0967003423330,6.517683729280640,325.88327873511300,219.68395942170900,2.4674835820476900,426.6256933017020,64.8274083226029,-62.35895825992750,0.052495456749170500,-33.15113207739510
54509919,58.856000,0.000000,0.000000,1023.93,1024.32,1026.69,1025.46,0.05,0.01,1.0,1.0,1.0,1.0,1400.41,-0.03219126474168950,-0.6572099071359160,0.01362865333178450,-0.46749081153551200,0.05569170965182480,-0.6260689338432390,326.10087019761000,449.1168463942620,6.534796250075270,325.3858914808970,219.83059786529800,2.5094615382446200,428.23960076385700,66.82965902719420,-64.16611095999930,0.17866370266580700,-34.26799257118410
54510020,58.956000,0.000000,0.000000,1023.92,1024.43,1026.37,1025.72,0.05,0.01,1.0,1.0,1.0,1.0,1400.51,-0.0306379319607825,-0.7029070642145210,0.017172949333620900,-0.4646954984876420,0.05245877078613880,-0.4125199532635550,326.09605244744900,449.1562230664670,6.540008467011600,324.3735964904420,219.8910851594440,2.777962307132070,429.0403278323880,68.63879547767500,-64.50591621995030,0.430451837893274,-35.544175592365500
54510121,59.055000,0.000000,0.000000,1023.87,1024.46,1026.24,1025.73,0.05,0.01,1.0,1.0,1.0,1.0,1400.47,-0.02869438860663250,-0.7488695789698110,0.021032658719150500,-0.4627496138079420,0.03933221524618690,-0.011258760451618100,326.09188079690900,449.1838464156880,6.527143280377690,324.01690714509600,219.87021172603100,3.170712819392590,429.9678129505750,70.0889021181276,-65.97332720611700,0.5184340147673150,-36.311336389627500
54510220,59.160000,0.000000,0.000000,1023.8,1024.37,1026.26,1025.82,0.05,0.01,1.0,1.0,1.0,1.0,1400.4,-0.0263932128921946,-0.7947723556537550,0.022671303499369100,-0.4594978747967510,0.034123993824577200,0.009917205621037340,326.088323557223,449.160157855177,6.530016425934900,324.13280615479800,219.81909135888000,3.2962925583847100,431.18596123867400,71.13406378993060,-66.10699526680240,0.4885308175393010,-36.73093245280840
54510323,59.255000,0.000000,0.000000,1023.81,1024.33,1026.47,1025.76,0.05,0.01,1.0,1.0,1.0,1.0,1400.44,-0.023837089281337900,-0.840160682470014,0.026494348365925700,-0.4527181868241240,0.027918195533106000,-0.015232092423706100,326.08385281640500,449.1575808092630,6.5371239182255,323.2730809278810,219.93448765286400,3.9860185235253700,431.53017228975700,72.48815703031910,-67.34444749646240,0.7025352169511570,-37.69168961234770
54510423,59.359000,0.000000,0.000000,1023.81,1024.36,1026.58,1025.43,0.05,0.01,1.0,1.0,1.0,1.0,1400.46,-0.021044545694942300,-0.8848286143003170,0.02893493638256360,-0.44546353463442200,0.026050663105013700,0.03853745233204330,326.0888209582830,449.1735845745540,6.52091118546811,322.83535301313200,219.74233274876200,3.951498059175150,431.9883650429430,73.64304681713290,-68.00028798139650,0.8124328620221640,-38.388836940294600
54510523,59.458000,0.000000,0.000000,1023.91,1024.4,1026.8,1025.36,0.05,0.01,1.0,1.0,1.0,1.0,1400.52,-0.018009326222567500,-0.9286766020112750,0.030449214353577500,-0.4226475302744840,-0.01718827436053880,0.7007506685010040,326.09090470387900,449.1039874767590,6.53109798491021,321.9247454062050,219.8062314645400,4.441524202066270,432.7723395887260,75.40000187828550,-69.55334932088180,1.0409045729635100,-39.59199597134870
54510623,59.562000,0.000000,0.000000,1023.9,1024.29,1026.73,1025.36,0.05,0.02,1.0,1.0,1.0,1.0,1400.35,-0.014695790820371400,-0.9718736365713570,0.03453908385129680,-0.43481496508921000,0.03933062088423770,-0.0993023575479139,326.0944211825730,449.15273315340100,6.5185665107219400,320.98313265929300,219.8892051892180,4.796979331534920,434.71222748904000,78.97040394636740,-72.79734889966310,1.2771623865230400,-41.45973126092080
54510723,59.658000,0.000000,0.000000,1024.0,1024.34,1026.45,1025.4,0.05,0.02,1.0,1.0,1.0,1.0,1400.34,-0.011122801483651100,-1.0144809031142100,0.03658628048778230,-0.4236400889443850,0.02250591021487640,0.04582998034820670,326.08610459299900,449.1633877628760,6.524965236027480,321.12278898056200,219.93204685379700,4.719612988312440,435.9254597842000,80.07828512042680,-73.12310622291810,1.240374064307960,-41.862517472013800
54510823,59.759000,0.000000,0.000000,1023.98,1024.31,1026.44,1025.65,0.04,0.01,1.0,1.0,1.0,1.0,1400.31,-0.00735466096149944,-1.0565991748708900,0.037483156543563200,-0.41257742638561300,-0.020248522298173800,0.3573841881054030,326.08786731499800,449.11970040526800,6.529226118185870,321.71566748401200,219.90993585430000,4.328722481375800,438.8586712721060,83.03892807884980,-73.90384291505390,1.0927903586934300,-42.74461746399760
54510924,59.858000,0.000000,0.000000,1023.98,1024.29,1026.33,1025.69,0.05,0.01,1.0,1.0,1.0,1.0,1400.33,-0.003530875072883410,-1.0980321113665100,0.03849790895216630,-0.4133591296239860,0.009257357769978160,0.004299822628363820,326.0839035413970,449.1576316018000,6.520821721962520,321.33237629003900,220.00814591681400,4.271187584388370,439.8172888107800,84.84677534475200,-75.62564543153210,1.1878859302184400,-43.61416550312640
54511024,59.960000,0.000000,0.000000,1023.89,1024.3,1026.31,1025.75,0.05,0.01,1.0,1.0,1.0,1.0,1400.38,0.0003090888189292640,-1.138704130965850,0.03810341453985390,-0.40083385343672100,-0.00781733716207147,0.14757584512720100,326.0803214151390,449.1596620365680,6.549478238860600,321.3126681279810,219.97699595947800,4.466005388263330,440.4004990352170,85.80018023244150,-75.7934905345533,1.1917437797260900,-43.97395356475700
54511124,60.058000,0.000000,0.000000,1023.91,1024.31,1026.3,1025.88,0.05,0.02,1.0,1.0,1.0,1.0,1400.35,0.003176697358486940,-1.1686418707574700,0.037732768430746500,-0.39231402549940000,0.006910758954681760,-0.006232835218692320,326.09174693901300,449.10388369633800,6.523220711970610,320.45205781292100,219.877681784763,4.62227923925408,441.3380296108470,89.44918394958830,-76.76781268827200,1.409372955853620,-45.64424343523650
54511224,60.158000,0.000000,0.000000,1023.9,1024.44,1026.2,1025.91,0.05,0.02,1.0,1.0,1.0,1.0,1400.42,0.007947860362558260,-1.2175740882312200,0.038881719336202000,-0.39476746820506500,0.030240026288126800,-0.22177309177554000,326.0908543973730,449.0945154970940,6.51156048304264,319.7853440997640,219.85606713390900,4.448083042129170,441.42842324970700,91.38511183760830,-78.08829909027500,1.5755998054231700,-46.5874674942413
54511323,60.259000,0.000000,0.000000,1023.94,1024.31,1026.0,1025.95,0.05,0.02,1.0,1.0,1.0,1.0,1400.47,0.011795839237989500,-1.2560156552175300,0.03942463012499670,-0.3893894478749900,0.04306569064957970,-0.2957903594527070,326.0856883211840,449.1042930155990,6.5456493525695600,318.9179025148770,219.9474286440220,4.857124392359300,441.36672297616300,92.71740285720630,-78.45380618776190,1.7915676272404900,-47.48608833745860
54511423,60.359000,0.000000,0.000000,1023.95,1024.25,1025.86,1026.04,0.05,0.02,1.0,1.0,1.0,1.0,1400.5,0.015714862825612700,-1.2938412692960600,0.039105742965100100,-0.3722279633131330,-0.00588859440832852,0.1929395479620980,326.09536498007100,449.08639824264400,6.506828239278160,318.7842282010450,219.88032045456200,5.042177745092730,441.99993515224000,93.93807461257790,-79.30279207905750,1.826981645123480,-48.02699981550280
54511524,60.458000,0.000000,0.000000,1024.0,1024.27,1025.77,1026.06,0.05,0.02,1.0,1.0,1.0,1.0,1400.48,0.019689434265671,-1.3309608165336500,0.0398354130177707,-0.3685688885329470,0.0033215989881792700,0.0505724549252455,326.09227232199600,449.0676786136440,6.5166168986287900,319.1514594870080,219.89051536440900,4.922583282560430,443.1451634422970,95.42632263367020,-80.06011532083610,1.734718046743400,-48.360938882169100
54511624,60.558000,0.000000,0.000000,1023.93,1024.35,1025.92,1026.12,0.05,0.02,1.0,1.0,1.0,1.0,1400.48,0.023627945288799400,-1.3671524888333400,0.03903425602118890,-0.3582553642301980,0.011140607163180700,-0.10432353564048400,326.09423732461700,449.0415863908070,6.489776084318970,319.2165334027130,219.8917636587030,4.821647460112910,444.04335147190300,96.75062889775160,-80.04941184439480,1.7191597063446900,-48.82780946702240
54511724,60.659000,0.000000,0.000000,1023.99,1024.33,1025.72,1026.11,0.05,0.02,1.0,1.0,1.0,1.0,1400.55,0.027448173423101000,-1.4022269975239200,0.03867302227102810,-0.3545026806616500,0.01606484884221880,-0.11891875620052600,326.08468654200300,449.0549904502630,6.533622288521240,318.16532012795000,219.8863377779790,4.982337645485660,443.76710225240700,98.38647267039190,-81.20833765017580,1.9791789908593400,-49.909387451838100
54511825,60.759000,0.000000,0.000000,1023.97,1024.34,1025.87,1026.11,0.04,0.02,1.0,1.0,1.0,1.0,1400.43,0.03120370834226950,-1.4363203272553300,0.037433056728458900,-0.3374788851512910,-0.012259759546317000,0.17565313325808800,326.08905505247500,449.0166498447590,6.513251066183410,317.39077773309100,219.9490226825410,5.172991298430530,443.66176406649400,100.00977813194200,-81.04781003221030,2.1746208970209400,-50.82238178382340
54511924,60.859000,0.000000,0.000000,1024.02,1024.28,1025.75,1026.14,0.04,0.02,1.0,1.0,1.0,1.0,1400.4,0.03495233129021790,-1.4695824766179700,0.03755725883833020,-0.32961692701524600,-0.0214499093787704,0.289308732775221,326.08834963551500,448.9904370942540,6.500202155512870,317.1503098945820,219.8697753429830,5.283697151663030,444.1674084205730,101.67046839419100,-82.55934966508310,2.2339862799411300,-51.527396960757300
54512024,60.959000,0.000000,0.000000,1024.0,1024.24,1025.62,1026.25,0.04,0.02,1.0,1.0,1.0,1.0,1400.45,0.03870521939839850,-1.5020699394404400,0.03742779335032380,-0.32255897259685200,-0.012550679528953100,0.12536699153682300,326.0925327891900,449.01558014313500,6.505146605146580,317.70348483563000,219.90597670863400,4.678686567719220,445.93263587913100,103.29490792675600,-82.97977585596190,2.096998109777950,-51.91073995844120
54512125,61.059000,0.000000,0.000000,1023.96,1024.25,1025.57,1026.34,0.05,0.02,1.0,1.0,1.0,1.0,1400.45,0.042358696617657100,-1.5336387012774900,0.03602294306651090,-0.31213093477680500,-0.013992498042668900,0.09424177566923350,326.0888343254310,449.019227737072,6.5160285556029000,317.3234928939340,219.96584884109000,4.928071829005860,446.47542621729800,104.7154393045900,-82.9297310299772,2.1915072205086400,-52.63847151355420
54512225,61.160000,0.000000,0.000000,1023.91,1024.23,1025.67,1026.35,0.05,0.02,1.0,1.0,1.0,1.0,1400.36,0.04588665531272740,-1.5643197479362500,0.03487839321588330,-0.3038025180407650,-0.014393902593502600,0.11253480913743300,326.0904391277300,449.009112437928,6.503894849281360,316.92840377453100,219.8765138169910,4.809609402333340,446.9389341872780,105.92803320100400,-83.46146535693580,2.2897940197342900,-53.34645590778700
54512325,61.259000,0.000000,0.000000,1023.99,1024.19,1025.7,1026.37,0.05,0.01,1.0,1.0,1.0,1.0,1400.43,0.04930878517181880,-1.5941625203775700,0.03394209969817350,-0.29603607606871500,0.006055664653279860,-0.05296554538888770,326.096480591599,449.0151205406010,6.514804719325160,316.5625279930190,219.90226644716300,4.827440795987680,447.15081943898100,106.99720364375300,-83.9040699912974,2.382844372294230,-53.91939056268270
54512424,61.359000,0.000000,0.000000,1023.88,1024.26,1025.69,1026.18,0.05,0.01,1.0,1.0,1.0,1.0,1400.46,0.05264527272360900,-1.623209584101740,0.03393371271683930,-0.2948145915880080,0.027152378048994600,-0.21587966851666600,326.09544292736900,449.02215350942600,6.515625274764540,316.0042305996710,220.01553037728400,4.8783795720762500,447.0228992982440,107.83445402828000,-83.5682678745433,2.5231151695683700,-54.47536236049250
54512525,61.458000,0.000000,0.000000,1023.91,1024.34,1025.71,1026.24,0.05,0.01,1.0,1.0,1.0,1.0,1400.48,0.05592157135321130,-1.6514391124769700,0.0326986637581789,-0.27985566472592500,-0.0018891635871654600,0.07211515084266060,326.08683853023800,449.03289430200100,6.524876384927240,315.64632689822600,220.01436447882600,4.8506797240808200,446.8440276311940,108.29151742380400,-84.04929941081850,2.6101964912931500,-54.80397214855920
54512624,61.560000,0.000000,0.000000,1024.04,1024.3,1025.69,1026.35,0.05,0.01,1.0,1.0,1.0,1.0,1400.4,0.05916006457633340,-1.6787970713487800,0.03216527756558700,-0.26964537581545200,-0.0065729243979887800,0.10931058581709200,326.0907600092550,449.0229405834770,6.514482140297620,315.64075386163400,220.0165634875060,4.914857215999090,447.1425868191130,109.07981328806400,-84.44639436332530,2.6127053447229100,-55.07397257801950
54512724,61.659000,0.000000,0.000000,1023.96,1024.37,1025.42,1026.45,0.05,0.01,1.0,1.0,1.0,1.0,1400.35,0.06233557724632370,-1.7051666552592800,0.03136159713399510,-0.2592947073208360,-0.01390207627437980,0.14076026502492800,326.0808563697430,449.00528477204200,6.508234759916320,315.7095851270470,220.02970988119100,5.063922351863510,447.3524344339150,109.53399218804800,-85.25325651500830,2.5933953985685900,-55.17804386239970
54512825,61.759000,0.000000,0.000000,1024.02,1024.36,1025.22,1026.51,0.05,0.01,1.0,1.0,1.0,1.0,1400.37,0.06540406439862290,-1.7304173873832300,0.030233126828121600,-0.24813770283246100,-0.008040595490385790,0.08295754541977240,326.0858039257560,449.0151940418060,6.504760454587570,315.7342148180960,219.99096967479900,5.102006997673990,447.5907682510800,109.74023555263300,-85.32749346743060,2.587931369923450,-55.27546819358750
54512924,61.859000,0.000000,0.000000,1024.02,1024.32,1025.26,1026.34,0.04,0.01,1.0,1.0,1.0,1.0,1400.35,0.06833294454006930,-1.7543984013965000,0.028680846070673900,-0.23477058480100500,-0.012115648852013800,0.09596174399219800,326.08465323431300,449.07094525493300,6.539024812981390,316.1353676946390,220.08949434380300,4.687710109925100,448.1630830290500,108.56382372524500,-83.47425069575740,2.4879471105812600,-54.78764315111010
54513024,61.959000,0.000000,0.000000,1023.92,1024.31,1025.08,1026.33,0.04,0.01,1.0,1.0,1.0,1.0,1400.42,0.07106998122345090,-1.7768614730497400,0.026723747822603500,-0.2196850379146940,0.005035086634729070,-0.05080245831635700,326.0826374144830,449.07251350321200,6.536613243640810,316.1353676946390,220.08949434380300,4.687710109925100,448.1630830290500,108.56382372524500,-83.47425069575740,2.4879471105812600,-54.78764315111010
54513124,62.060000,0.000000,0.000000,1023.96,1024.27,1024.8,1026.5,0.04,0.01,1.0,1.0,1.0,1.0,1400.41,0.07358737104814540,-1.7975966546711200,0.024784302034518600,-0.204338268645455,-0.003094636932431600,0.019143000316603600,326.08502619957300,449.0496237301540,6.515477269933700,316.9217230524840,219.97405720715400,4.506122834475720,448.22136444946500,106.63282121485200,-83.45183994266250,2.289572939225590,-53.77753909033550
54513224,62.159000,0.000000,0.000000,1023.94,1024.35,1024.37,1026.66,0.04,0.01,1.0,1.0,1.0,1.0,1400.28,0.07580648865173110,-1.8161774758091400,0.020682256226643900,-0.17656103793416900,-0.04712607416600330,0.28487090326624200,326.0955289261040,449.0410058008800,6.499117344662790,318.8178168806430,219.9670080688260,4.263462130245040,448.50767883640400,102.50008861403200,-81.60163350528780,1.8196826408247200,-51.470575980735300
54513325,62.259000,0.000000,0.000000,1023.96,1024.26,1024.12,1026.72,0.04,0.0,1.0,1.0,1.0,1.0,1400.42,0.0775338016059396,-1.8317237892956100,0.014968131607462200,-0.14086583157186600,-0.06599782724849140,0.42171946046313300,326.09868317512,449.0241061432420,6.5101941327923800,320.3252135682120,219.84344476599800,3.525072023155010,448.0427251181560,99.05345336741060,-79.84004322358250,1.4430776538667100,-49.48294774071290
54513424,62.360000,0.000000,0.000000,1023.92,1024.35,1023.85,1026.98,0.04,0.0,1.0,1.0,1.0,1.0,1400.49,0.07864911537041490,-1.843568095795630,0.008686893935092050,-0.10329912608579100,-0.07441566349081840,0.5000480596810700,326.09085324355700,448.9941211488730,6.513998998026890,321.4108822360530,219.81688350348800,3.259912917839700,446.6020026534650,95.50329695802060,-77.92228839393100,1.1698601772330300,-47.54123470879820
54513524,62.459000,0.000000,0.000000,1023.87,1024.31,1023.63,1027.24,0.04,0.0,1.0,1.0,1.0,1.0,1400.42,0.07908775600917650,-1.8511812862685800,0.001717081148318710,-0.05907612610186700,-0.07212177952289820,0.45752895174498300,326.0963798650670,448.97164760933200,6.50001729114786,322.1454545586520,219.7550999844740,3.131966380154590,445.7102578832820,93.08191880398540,-77.04283057338210,0.987489485831087,-46.2633053484324
54513625,62.561000,0.000000,0.000000,1023.81,1024.37,1023.5,1027.16,0.04,0.0,1.0,1.0,1.0,1.0,1400.44,0.07882529669280870,-1.854222934304370,-0.005175951173228090,-0.013477488892436400,-0.06888830969933030,0.45766664356725400,326.1056277703010,448.968427810873,6.477026757640460,322.7340740860170,219.5345777621280,3.162273426230980,442.55769506850800,87.76909385276000,-74.52525510787650,0.8419066894059370,-43.96626648080160
54513724,62.660000,0.000000,0.000000,1023.85,1024.32,1023.5,1027.18,0.04,0.0,1.0,1.0,1.0,1.0,1400.35,0.07792173703557280,-1.8524727867531700,-0.011234473582233800,0.03717422785030260,-0.06403399589303170,0.5569917917930640,326.0981263943400,449.0049254991840,6.484942947373760,322.0036429682120,219.7107695701870,3.8356258915440900,436.8967374687070,80.91758214976540,-71.00851033879570,1.0230164315709100,-41.66401348929790
54513824,62.759000,0.000000,0.000000,1023.84,1024.35,1023.33,1027.36,0.04,0.0,1.0,1.0,1.0,1.0,1400.45,0.07652470423836900,-1.8455420480198900,-0.01561439292475550,0.08920723936817730,-0.04310321316646870,0.5355608313184800,326.10460871274800,448.9749180389170,6.450933301198890,322.40899357185800,219.67080238864300,3.8612217969635800,433.58551071642200,76.6439654191414,-68.63047003954220,0.9233363271746010,-39.70503453499020
54513924,62.859000,0.000000,0.000000,1023.88,1024.32,1023.48,1027.21,0.04,0.0,1.0,1.0,1.0,1.0,1400.44,0.07473398725222000,-1.8334627568001400,-0.01904047474669520,0.1379420317468150,-0.023210299672016900,0.4023346909679840,326.09568702947700,448.97249614732400,6.491217906737490,323.0385132061660,219.4715324774870,4.131537478362080,430.4121738806590,72.86572258660130,-66.07468410192290,0.7631898133616070,-37.74531646773510
54514024,62.959000,0.000000,0.000000,1023.91,1024.36,1023.58,1027.18,0.03,0.01,1.0,1.0,1.0,1.0,1400.46,0.07256498588995660,-1.8162378307426400,-0.022270413638747300,0.18499148382050100,-0.0029410157107164800,0.23460444267039400,326.10809176831100,448.9811163618170,6.494809478318070,323.0396322277890,219.4587276341030,14.82538615606260,429.0440779924000,71.32516209620840,-64.96649042802050,0.7659353380664600,-37.11939724300030
54514124,63.059000,0.000000,0.000000,1023.9,1024.19,1023.45,1027.59,0.03,0.0,1.0,1.0,1.0,1.0,1400.41,0.07009302151967790,-1.794303085321870,-0.02548824572806970,0.2346302900638920,-0.01265978362746960,0.34734615139971300,326.10386532607000,448.99811439711100,6.485657616332960,322.655407148621,219.45616787972600,4.434920665717000,424.3142931891910,66.970732402305,-62.65889353754760,0.8602634550743820,-36.023209968423
54514225,63.161000,0.000000,0.000000,1023.85,1024.32,1023.41,1027.43,0.04,0.01,1.0,1.0,1.0,1.0,1400.29,0.06743031525139650,-1.7682088741398300,-0.02696583659766890,0.27344352556087200,0.02863812782382540,-0.046347000591179500,326.10810134323800,449.00022344554700,6.489532470616210,323.5900862178760,219.49636037815300,4.223454846836600,421.95004046799100,64.2810764896252,-59.71007822968780,0.6285987914050990,-33.619640332858700
54514326,63.260000,0.000000,0.000000,1023.82,1024.34,1023.52,1027.35,0.04,0.01,1.0,1.0,1.0,1.0,1400.37,0.06459124005451980,-1.738108454028800,-0.02885092889457030,0.3133351176306740,0.0017085383386533000,0.18898049771316200,326.0948405771770,448.99913347469900,6.47328246495408,323.4545125129230,219.48458809884700,4.489477115039810,418.01164753582100,61.05162075410330,-57.65322464097650,0.6590997593597970,-32.148109441127500
54514424,63.362000,0.000000,0.000000,1023.85,1024.31,1023.59,1027.29,0.04,0.01,1.0,1.0,1.0,1.0,1400.31,0.0616073294222933,-1.7042155026062100,-0.029658032375930300,0.34529023357378200,-0.007091715451946550,0.29903446095963100,326.1041663529310,448.972681377506,6.463717930586990,323.46644975300900,219.37535309520500,4.837305687726530,414.30523897502700,58.39847509877150,-55.45594271381390,0.6582105351521910,-30.75233325553990
54514525,63.459000,0.000000,0.000000,1023.83,1024.39,1023.51,1027.53,0.04,0.01,1.0,1.0,1.0,1.0,1400.35,0.05855033912037570,-1.6670345065633200,-0.03091584876089060,0.3859008151700520,0.02972573433205490,-0.09796481796148450,326.10244938596900,448.975137705482,6.4457793859775300,323.8027388935490,219.29451122552100,4.88062149551587,410.58630398801900,55.7286977084069,-53.42672443359250,0.5736631093527920,-29.09652991174940
54514625,63.560000,0.000000,0.000000,1024.0,1024.33,1023.45,1027.59,0.05,0.01,1.0,1.0,1.0,1.0,1400.4,0.055455594650858900,-1.6268406856141400,-0.030897079363247700,0.4101123976126580,0.03098447202473590,-0.1768819884196170,326.1080064465070,448.96635279336500,6.4599226826076400,324.0285009673480,219.27608642967600,5.051979059265500,408.4884372935040,54.26196700635940,-51.95883703488080,0.5183206976129230,-28.14157902995820
54514725,63.660000,0.000000,0.000000,1023.87,1024.35,1023.63,1027.37,0.05,0.0,1.0,1.0,1.0,1.0,1400.36,0.052329661233698500,-1.5839540501401600,-0.03072757855750800,0.42982099386640700,0.030298804057622300,-0.19563051196797800,326.10247461158800,448.9501368801120,6.42531842885352,324.0845712934150,219.22129970585100,5.481160538732930,403.4046466292260,51.0878297781037,-48.36560302053020,0.5032645079858650,-26.262991310719000
54514824,63.761000,0.000000,0.000000,1023.89,1024.32,1023.58,1027.54,0.05,0.01,1.0,1.0,1.0,1.0,1400.36,0.04920495431078640,-1.5386239729593700,-0.03063261295739870,0.45483324066962400,0.04560014641792360,-0.37818771033424500,326.1093776066420,448.9423191071570,6.441013804593920,323.7617401382770,219.14692728791600,5.8510743372315500,398.6242446610380,48.830361968048300,-46.17568210366880,0.5853252250132470,-24.898500268407200
54514925,63.860000,0.000000,0.000000,1023.89,1024.35,1023.56,1027.44,0.05,0.01,1.0,1.0,1.0,1.0,1400.42,0.04615952533604300,-1.4912676665934100,-0.029641937190917300,0.47504810010190300,0.05489479010218160,-0.4716877745052840,326.0957144357000,448.92633817594300,6.41256272417154,323.18565384870700,219.10895429004600,6.025449604524170,393.0624774096470,46.39737288588490,-43.375901969972700,0.725468528475753,-23.478542308881
54515025,63.960000,0.000000,0.000000,1023.79,1024.33,1023.37,1027.53,0.05,0.01,1.0,1.0,1.0,1.0,1400.42,0.043281993032604300,-1.4421244604122500,-0.0274671876677483,0.48970826515573600,0.051812331496524400,-0.33818389372906600,326.1010035661230,448.9355426877860,6.428686883528640,322.9029617746050,219.1025005716220,6.425600708690930,388.3634026006440,44.301445416212100,-41.11425316018410,0.7971981369292680,-22.124587134785100
54515125,64.060000,0.000000,0.000000,1023.83,1024.38,1023.34,1027.67,0.05,0.01,1.0,1.0,1.0,1.0,1400.49,0.04063632912030920,-1.3913485652041900,-0.0258806815245043,0.5185621808751080,0.09906373643314650,-1.3564675552981500,326.09952227887400,448.9369592682170,6.440777231255410,323.451704117031,219.04325656676500,6.7549072164705100,382.96385929932100,41.813485963326,-36.73169346831210,0.659879309676523,-19.881344447824300
54515224,64.161000,0.000000,0.000000,1023.86,1024.4,1023.3,1027.64,0.05,0.01,1.0,1.0,1.0,1.0,1400.49,0.038182475495347800,-1.33898160779292,-0.023952602273567000,0.5300469780168080,0.01132783224812190,0.2505161579025330,326.0938737099800,448.9109931030690,6.390990412889980,323.78498527641800,219.05780508429400,6.84565409435804,377.19834486267100,39.63049752626320,-33.31038865489190,0.57552002885097,-17.72867791574470
54515324,64.260000,0.000000,0.000000,1023.83,1024.28,1023.02,1027.86,0.05,0.01,1.0,1.0,1.0,1.0,1400.43,0.035875937006046600,-1.285007214096410,-0.023015692562867800,0.5560288520815400,-0.0030750297443528600,0.5325715111781380,326.097885855359,448.92398187930000,6.417766746815190,324.1123370407290,218.9723367230790,7.095296036021200,372.7373526899610,38.07277411859340,-30.623643862616800,0.4947159210657180,-16.03467196528670
54515424,64.360000,0.000000,0.000000,1023.88,1024.31,1022.74,1027.81,0.05,0.01,1.0,1.0,1.0,1.0,1400.41,0.03368354730075830,-1.2295386614545100,-0.021528357421531400,0.5584668742570040,0.011471133280338400,0.046890089940746800,326.1103409483220,448.94679952839500,6.407929510032210,324.66773745938000,219.05437867137100,7.3837860548748500,369.6741078453720,36.98514371891910,-28.58541076413390,0.3996622220799880,-14.733895732286700
54515524,64.459000,0.000000,0.000000,1023.84,1024.32,1023.01,1027.84,0.05,0.01,1.0,1.0,1.0,1.0,1400.55,0.03156391216871510,-1.1725940161224200,-0.021023879881754100,0.57681087332206,0.005649830599020140,0.16886556085672600,326.12833477464500,448.9145651290970,6.421187779204090,324.93179926169000,218.95817478681800,8.096214843529230,358.68740865395700,34.20897630992890,-22.67251813665790,0.29812529292090900,-10.95057659111470
54515625,64.560000,0.000000,0.000000,1023.89,1024.4,1023.24,1027.55,0.05,0.01,1.0,1.0,1.0,1.0,1400.37,0.02949074709477800,-1.1137692903411500,-0.020584256562400200,0.5956251173198260,-0.010575729169102500,0.6101636977578980,326.09380743734400,448.92151828005900,6.405621018657560,324.8307314361290,219.08100981213200,7.9687244398953900,354.45940172923100,33.42668959415730,-20.103935080999500,0.31486266741030100,-9.697125179019460
54515725,64.660000,0.000000,0.000000,1023.79,1024.3,1023.32,1027.35,0.05,0.01,1.0,1.0,1.0,1.0,1400.37,0.0274800345139009,-1.0535113842129600,-0.020153096329187200,0.6173993846996350,-0.011602167173096100,0.7208223651861320,326.1166219947180,448.9604741028780,6.419191947225830,324.6499526681170,219.09301875507100,8.162934930305280,350.93074058851100,32.38296907285630,-18.571060605087300,0.36557076726441900,-8.743299112698850
54515825,64.760000,0.000000,0.000000,1023.86,1024.25,1023.37,1027.46,0.05,0.01,1.0,1.0,1.0,1.0,1400.35,0.025571817459164800,-0.9924536757748980,-0.018730129165060600,0.6156446385014280,0.0025009156537296600,0.34800783163999300,326.108094100784,448.9895733499760,6.440875041084520,324.9655165711830,219.16487941118500,8.54918177517467,346.07521807639300,31.4111466524231,-16.350148852411200,0.28484463421083900,-6.984680933140560
54515925,64.860000,0.000000,0.000000,1023.94,1024.29,1023.53,1027.42,0.06,0.01,1.0,1.0,1.0,1.0,1400.4,0.0237515918936717,-0.9306831447902140,-0.01813337297974040,0.6238784335539610,-0.012201787160982000,0.608086295769671,326.1137895207700,448.97856954996600,6.423593663720600,325.39462475678200,219.17186727834500,8.80006325631278,344.13293111976100,31.007363039044000,-15.195302623116500,0.17930273935628300,-6.045638503264030
54516026,64.961000,0.000000,0.000000,1023.87,1024.34,1023.66,1027.19,0.06,0.01,1.0,1.0,1.0,1.0,1400.55,0.02197469248960920,-0.8685244443932590,-0.01791115663819620,0.632060081195105,5.95676125260794E-05,0.1408382638134210,326.0983795997810,448.93021440773600,6.3812171397364800,325.5175473727060,219.04036455428200,9.050041877426090,338.7916881942770,30.89556544656310,-11.926033036537700,0.14476134733625600,-4.325212611012970
54516126,65.061000,0.000000,0.000000,1023.87,1024.39,1023.75,1026.92,0.06,0.01,1.0,1.0,1.0,1.0,1400.38,0.020246340904793100,-0.8064116667425540,-0.017008111048872800,0.6202370085524920,0.004567633665712360,0.12617106407009800,326.08751045884100,448.8947071736040,6.3752462502281500,325.09995808674,218.99149837875300,9.084012153662140,334.833694857164,30.953268433652200,-10.356427520401500,0.2461132894142580,-3.4554787825149100
54516227,65.161000,0.000000,0.000000,1024.02,1024.4,1023.85,1026.89,0.06,0.01,1.0,1.0,1.0,1.0,1400.29,0.018619198425870000,-0.7445805842624280,-0.015864628157447400,0.6198021371809910,0.007951655314049590,0.16951748043607400,326.09265530040500,448.91394763818600,6.370515187286070,324.86704925911200,219.0427497237620,9.380062907799410,330.88419193492200,30.71943183444480,-8.481138889461260,0.30548145551502500,-2.4410051908064500
54516326,65.262000,0.000000,0.000000,1023.96,1024.35,1024.18,1026.84,0.06,0.01,1.0,1.0,1.0,1.0,1400.48,0.01713361990380670,-0.6833496092204940,-0.014449466075831900,0.6156927826666020,-0.006221866212372900,0.7969665025858200,326.10522457237600,448.9274201992080,6.388507930667470,324.96789311010500,219.02322609021300,9.517100090116480,328.7878412518160,30.584757707264000,-7.250818172844470,0.28343876620332600,-1.7281952587614000
54516426,65.362000,0.000000,0.000000,1023.95,1024.35,1024.19,1026.83,0.06,0.01,1.0,1.0,1.0,1.0,1400.42,0.015784534616567000,-0.6231361521768180,-0.013517142085696800,0.61705291525871,-0.040056870355066600,2.1274597674164600,326.10612997360300,448.98240036939300,6.434601658435030,325.5226957958960,219.12096455316100,9.659810875430460,326.6230715009830,30.41607305832850,-6.314282979842860,0.14542780567358700,-0.6249548957034980
54516526,65.461000,0.000000,0.000000,1023.93,1024.35,1024.4,1026.8,0.06,0.01,1.0,1.0,1.0,1.0,1400.45,0.014508660867960700,-0.5640936287615560,-0.013246183726930700,0.6137679211419300,-0.02905205286228760,1.3140022839513200,326.10338647961700,449.00720639021100,6.4467403250550700,326.1056119982730,219.25125612855100,9.562832016275010,323.4577509269830,30.136125873331700,-4.675531136292660,-0.000554992486904254,0.8032739969925200
54516627,65.562000,0.000000,0.000000,1023.89,1024.29,1024.69,1026.61,0.06,0.01,1.0,1.0,1.0,1.0,1400.43,0.013246448718996700,-0.50627211981875,-0.012731786991134800,0.5792109147560080,-0.0003265116523347240,-0.08226842251492340,326.102539809098,449.03899543208300,6.419466630495660,326.0479330272900,219.29853637726900,9.691283354418070,321.58545215715800,30.13573465366520,-4.012480708676470,0.013618576738062400,1.3241591193450300
54516726,65.663000,0.000000,0.000000,1023.95,1024.32,1024.85,1026.57,0.06,0.01,1.0,1.0,1.0,1.0,1400.4,0.012008263198402100,-0.44994697006803800,-0.012027357155532700,0.5508539141606950,0.011182876792595100,-0.347168157061324,326.1088948621990,448.9906133557960,6.4394983775088300,325.592376833154,219.16701917074200,10.325478785476600,318.49091167667700,30.587279382333300,-3.0218715859851000,0.12876943024217700,1.8990650893856900
54516827,65.763000,0.000000,0.000000,1023.77,1024.35,1025.11,1026.51,0.06,0.01,1.0,1.0,1.0,1.0,1400.41,0.010855136919554500,-0.3953927950482450,-0.01131244293230320,0.5495060960692960,0.008098860772160560,0.04101846933154920,326.1086768571650,448.9651872025920,6.401491462520460,325.28931145475300,219.12625574640100,10.449310421669600,316.5595614186820,31.047424596455100,-1.995867342812810,0.20425599903019700,2.248985932706480
54516927,65.864000,0.000000,0.000000,1023.88,1024.24,1025.2,1026.52,0.05,0.0,1.0,1.0,1.0,1.0,1400.37,0.009830943577308110,-0.3429167767939500,-0.009725159124277660,0.516325182691556,0.015347510113853900,-0.28779059424304300,326.10962987780500,448.9686313719170,6.413855119738740,324.9374712286350,219.063675850575,10.607176627258800,315.70997716241000,31.06590521100520,-1.8698265090142100,0.29211706834750000,2.2257593450781700
54517026,65.964000,0.000000,0.000000,1023.91,1024.27,1025.3,1026.43,0.06,0.0,1.0,1.0,1.0,1.0,1400.39,0.008963371865906220,-0.29288281127778400,-0.008054762598917270,0.49139410814791200,0.016355288862867900,-0.23047246800925900,326.1062723709580,448.9778494339910,6.433387979693910,324.800589711442,219.05881666132500,10.510847137506800,314.9869159509120,30.990019327777700,-1.6608938182426800,0.3253723742937030,2.336314159845930
54517127,66.062000,0.000000,0.000000,1023.94,1024.2,1025.55,1026.27,0.06,0.0,1.0,1.0,1.0,1.0,1400.45,0.008270177944984420,-0.2456082346782400,-0.00627775441709127,0.46349025782269100,0.017167199016539700,-0.2320487768254190,326.10670590924400,448.9342048088920,6.3943365468588100,324.72790763283000,219.00815029910600,10.532147018519900,315.9071245212550,31.49155862449190,-2.0125342368507000,0.3435803450788550,2.006048277700620
54517227,66.163000,0.000000,0.000000,1024.03,1024.36,1025.34,1026.39,0.06,0.0,1.0,1.0,1.0,1.0,1400.51,0.007988449200978010,-0.22311868330904700,-0.005447974763595550,0.4464454286079950,0.015183222614929500,-0.2875139052178730,326.10232384890200,448.94622941169100,6.401178044712460,324.9106278276430,218.9777424789600,10.632754632043300,317.28483444834200,31.363443731117700,-2.433744876336030,0.30396238145265200,1.8679440583046200
54517329,66.262000,0.000000,0.000000,1023.88,1024.36,1025.38,1026.37,0.06,0.0,1.0,1.0,1.0,1.0,1400.53,0.007431495366322150,-0.17050908760308700,-0.0032189721955305600,0.3389148153272600,0.007203829586430220,-0.09919187049240180,326.1004214823890,449.02781110021600,6.432225884513720,324.8251283212320,219.11623255722100,10.854291280026600,314.5803379395020,31.19733340609160,-1.60148903039748,0.32097721838213600,2.478555323566240
54517429,66.365000,0.000000,0.000000,1023.94,1024.19,1025.43,1026.28,0.06,0.0,1.0,1.0,1.0,1.0,1400.52,0.007129132958892560,-0.13200484159383700,-0.002505915278627920,0.3765324091969820,0.014265326081376200,-0.16710157749433600,326.1038887958520,449.0472598859330,6.439633808362120,324.31778099488000,219.25393781203400,10.679120211274800,313.49590564686200,30.79664116849100,-1.4964469012616800,0.44858290137784600,2.3893485065193400
54517529,66.464000,0.000000,0.000000,1023.85,1024.27,1025.36,1026.43,0.06,0.0,1.0,1.0,1.0,1.0,1400.46,0.006978118340948190,-0.09661939819184070,-0.0010018602024142300,0.3472035123664970,0.012189734330630600,-0.006344798281477630,326.104843456876,449.05269570579400,6.465882761764720,324.526918151259,219.24674517957500,10.741641782493900,314.4694710096110,30.762296001888500,-1.872963176979770,0.3938394398679060,2.2667020077078400
54517630,66.564000,0.000000,0.000000,1023.93,1024.17,1025.35,1026.47,0.06,0.0,1.0,1.0,1.0,1.0,1400.34,0.006961359222169230,-0.0644530034004994,0.00037497444967341700,0.31361837264022800,0.015223989686158900,-0.19871221905434500,326.104843456876,449.05269570579400,6.465882761764720,324.2015397972140,219.22943891074800,10.85743351874640,313.56826281586100,30.873831207719800,-1.6120097558658900,0.47448972469253000,2.2821211532350900
54517729,66.664000,0.000000,0.000000,1024.09,1024.1,1025.2,1026.38,0.06,0.0,1.0,1.0,1.0,1.0,1400.37,0.007080478518711430,-0.035381397768487800,0.0015823591524768000,0.2760924586740560,0.010624173617502600,0.0360621092758189,326.105517259301,449.0304775635810,6.418384542985330,325.2443514355760,219.21678790226200,11.323966790044200,312.386675075136,31.242614739894400,-0.929172480940399,0.2146997260663570,3.483610856038120
54517829,66.764000,0.000000,0.000000,1023.96,1024.15,1025.42,1026.34,0.05,0.0,1.0,1.0,1.0,1.0,1400.41,0.007212019500758110,-0.008888898639475660,0.000687445375227796,0.2669255006113910,-0.02470006829256520,-0.22775625483746800,326.1005360778900,449.06252955398900,6.436445025017640,327.5005511050700,219.29114409692100,10.523082630706300,317.0619920436770,30.97226262675160,-6.488587586301300,-0.34910334678427300,3.8708782775543700
54517929,66.864000,0.000000,0.000000,1023.95,1024.26,1025.41,1026.41,0.05,0.0,1.0,1.0,1.0,1.0,1400.43,0.0070885000769401800,0.015334638699610200,-0.00245827440050505,0.23362891194941100,-0.033937632405929200,-0.143895420368088,326.1040760831200,449.03716638516000,6.435715863792410,328.26284772601000,219.2358386973050,10.58383376434030,318.3834603181880,30.895810426556800,-2.0674164287514800,-0.5382252011209350,4.079151938133300
54518030,66.964000,0.000000,0.000000,1023.95,1024.35,1025.49,1026.36,0.05,0.0,1.0,1.0,1.0,1.0,1400.41,0.006636217946020560,0.03739336525344810,-0.005677505848888170,0.2137812395513090,-0.028052525224676300,-0.2196967717550750,326.105516748657,449.0806466755620,6.415461241159010,327.7753061546510,219.2846052738650,10.656685582354000,317.1728687063040,30.61273153615260,-1.5559341720770700,-0.4163265879892320,4.049013244295660
54518130,67.065000,0.000000,0.000000,1023.82,1024.43,1025.37,1026.38,0.05,0.0,1.0,1.0,1.0,1.0,1400.42,0.005951611669294060,0.05735389786073150,-0.007313386568434210,0.19157275900841900,-0.010897583699732300,-0.16709279543182500,326.09437352196900,449.1671210699820,6.448432630816540,326.506245173984,219.44196618584300,10.63646853244740,315.66552050079700,29.979132121387300,-2.0878612640546700,-0.10272484999779800,3.4802410882225300
54518230,67.165000,0.000000,0.000000,1023.63,1024.36,1025.49,1026.39,0.06,0.0,1.0,1.0,1.0,1.0,1400.39,0.005239160788120870,0.07499423041724010,-0.006692541618181350,0.16815639126971800,0.016907026719608600,-0.2278982996372270,326.09062849311600,449.14673414843100,6.459884886926220,324.1934046324500,219.4989030118100,11.463098609603800,310.71133535748800,30.181558164035300,-1.0054242826515800,0.4748166852412980,3.1237587825425100
54518330,67.265000,0.000000,0.000000,1023.73,1024.37,1025.42,1026.43,0.06,0.0,1.0,1.0,1.0,1.0,1400.38,0.004773574552846240,0.09026543336058000,-0.0030945714140501500,0.14373316980033900,0.04654610230447760,-0.25561220281902900,326.08146930037800,449.1622649943030,6.460853896408000,321.7862761202620,219.45108548805600,12.092274084022300,306.07808586548300,30.467881544457800,-0.28898085149629400,1.0733372481619200,2.604799977848140
54518430,67.365000,0.000000,0.000000,1023.69,1024.37,1025.42,1026.39,0.06,0.0,1.0,1.0,1.0,1.0,1400.38,0.004820183227562340,0.10309184961708800,0.0028227924899329400,0.11896198601100900,0.06519818713387660,-0.25437210428509200,326.09423835884500,449.1786226755970,6.458508213077970,319.9329705613780,219.58731644682800,12.570495505750800,301.8241733053010,30.71432209434570,0.5614885196785420,1.5372094929921200,2.4022548355956800
54518530,67.465000,0.000000,0.000000,1023.73,1024.43,1025.42,1026.42,0.06,0.0,1.0,1.0,1.0,1.0,1400.36,0.005528718030129290,0.11357966650298900,0.009622799218407150,0.09674103756626880,0.06673900040709690,-0.21445020475290900,326.0866663890090,449.1491917823160,6.4649341343024700,319.24828278485500,219.60288002067900,13.022780205361200,299.27880084731800,30.802781083789700,1.356835785359080,1.7063862530823700,2.62498225427384
54518630,67.565000,0.000000,0.000000,1023.75,1024.35,1025.41,1026.38,0.06,0.0,1.0,1.0,1.0,1.0,1400.41,0.006894848337426800,0.12200673552734900,0.015918656812675100,0.07636345583510280,0.05799689859552360,-0.21292441497588800,326.0838379576730,449.25438484235700,6.467539465142060,318.65258445239600,219.74601287864100,13.18539107586480,298.48422329708300,30.359455745419400,1.103526789445330,1.854532610183670,2.36962986816431
54518731,67.665000,0.000000,0.000000,1023.8,1024.3,1025.37,1026.3,0.06,0.0,1.0,1.0,1.0,1.0,1400.29,0.008860676396438990,0.12852029388706400,0.021753079063911600,0.05853653504344780,0.048538830929480500,-0.18903406213411700,326.08326427163200,449.22524200000600,6.489933482494160,318.1141989571580,219.83282552749200,13.197940090232100,295.9736449108540,30.48456503729410,2.0306410946798600,1.990841250529970,2.687645868871030
54518831,67.768000,0.000000,0.000000,1023.85,1024.35,1025.46,1026.4,0.06,0.0,1.0,1.0,1.0,1.0,1400.35,0.011367481228632900,0.1333903806443950,0.026926662601569700,0.04273070405941680,0.04061359215496780,-0.17296377746459000,326.07362378942100,449.2391652842420,6.468473104685740,317.26815111231200,219.83744858463300,13.68582281142880,294.9559578933400,30.584888877043700,1.9448198319976300,2.1981913090469500,2.3275442701140900
54518931,67.866000,0.000000,0.000000,1023.95,1024.27,1025.47,1026.36,0.06,0.0,1.0,1.0,1.0,1.0,1400.43,0.014392463309958600,0.13675180733029800,0.0319237851284616,0.02808390550924530,0.04392824104429150,-0.14214014146362200,326.08008178572000,449.1708681550950,6.477985555009540,317.21475323881100,219.7808287437480,13.641336021009400,295.16088385275200,30.60233088224010,1.8127380012661400,2.222448949764850,2.330443073448930
54519031,67.967000,0.000000,0.000000,1023.9,1024.26,1025.45,1026.28,0.06,0.0,1.0,1.0,1.0,1.0,1400.39,0.017838120473294100,0.13874757753623000,0.03566422247633660,0.015175066052882100,0.03410896451940990,-0.12183585374976600,326.07773860144400,449.1867765587340,6.520328029141390,317.4144137067080,219.8056944865910,13.640468951972300,295.20028763966300,30.711253031795800,1.931309938642230,2.162933992291040,2.374321647075900
54519132,68.066000,0.000000,0.000000,1023.89,1024.27,1025.52,1026.16,0.06,0.0,1.0,1.0,1.0,1.0,1400.37,0.021561645781882200,0.13959862652746900,0.038070113928788200,0.004840908688283520,0.01701299864736470,-0.09569954732928640,326.09153756901000,449.19933186313300,6.453330938480320,317.9878962269220,219.78295531604100,13.233971697892300,297.11750634693400,30.354398462200400,1.4109265413638500,2.0230094039468000,2.2412158553221600
54519233,68.167000,0.000000,0.000000,1023.99,1024.25,1025.46,1026.33,0.06,0.0,1.0,1.0,1.0,1.0,1400.41,0.025424495684414300,0.13949112569562400,0.0384779859464104,-0.004521270867473410,-0.010413807264923200,-0.08964281779643160,326.08597205411200,449.1944025079990,6.455728377755400,318.617861417166,219.74451035961700,13.258638244639000,299.12190281356800,30.175747517053000,0.7503686010563990,1.8641988221634700,2.143470163366800
54519333,68.268000,0.000000,0.000000,1023.98,1024.24,1025.48,1026.41,0.06,0.0,1.0,1.0,1.0,1.0,1400.32,0.028319176361351200,0.13881813510774900,0.037732735151539300,-0.010891702386998600,-0.025211534171726800,-0.07602011895564770,326.08492796853600,449.20517297070500,6.449661830732010,319.30228545563500,219.71723753013500,13.23609654524050,299.81069102156400,29.968486790775700,0.6110496463918400,1.6929155436282100,2.4792017454834700
54519433,68.369000,0.000000,0.000000,1023.93,1024.26,1025.36,1026.46,0.06,0.0,1.0,1.0,1.0,1.0,1400.34,0.03296278332045210,0.1368025645635730,0.03658223244286790,-0.01910442978713970,-0.0072761670900390000,-0.056136199823131100,326.08519359631400,449.2226082297630,6.45593271120876,319.5185551415460,219.76202337991500,13.089644669842600,299.8883642026570,29.806417364400300,0.7414375342175140,1.6929155436282100,2.4792017454834700
54519534,68.468000,0.000000,0.000000,1023.94,1024.34,1025.19,1026.49,0.06,0.0,1.0,1.0,1.0,1.0,1400.38,0.03642904361086820,0.1346686473007760,0.03355506766108170,-0.022408245036786000,-0.028350487434831300,-0.02475209118216870,326.0769462135700,449.2542899785370,6.467036091673700,319.5879157001630,219.7996401584470,13.109211447102200,299.2690247891530,29.8818881424614,1.1282588135473300,1.6199061235660600,2.866910401670940
54519633,68.569000,0.000000,0.000000,1023.94,1024.39,1024.96,1026.63,0.06,0.0,1.0,1.0,1.0,1.0,1400.31,0.03885362584786950,0.13294141969874500,0.03178245317716760,-0.023098784653237600,-0.0037347063611351300,-0.01093556188247980,326.08078702423400,449.2207869060270,6.453245217986220,319.0843653457930,219.7541947654490,13.318084359944700,293.40417647840500,31.023166909794100,3.495205939548630,1.6796353970117700,3.909709080235300
54519733,68.668000,0.000000,0.000000,1023.96,1024.36,1024.8,1026.83,0.06,0.0,1.0,1.0,1.0,1.0,1400.46,0.04258009065057490,0.13046438054451700,0.028985685288167400,-0.016767371743600600,-0.021729688126586800,0.08036692012259950,326.0839816261810,449.1858143909600,6.459872482066300,318.64618352975600,219.81293141969800,13.538080309077000,288.7620101599910,31.85911907171550,5.394812307985250,1.8572603827857400,5.319738290853940
54519834,68.768000,0.000000,0.000000,1023.93,1024.37,1024.66,1026.89,0.06,0.0,1.0,1.0,1.0,1.0,1400.42,0.04535381646513310,0.1294382434722690,0.0273476490583085,-0.005839218971898690,-0.02207052918712120,0.13104327761929500,326.0747258933760,449.1531991801500,6.460948526963120,317.97605170992300,219.74910132473100,13.735612636136900,283.8430153306130,33.22610308693060,7.647666781610740,2.0218785458257200,6.3264222659658000
54519934,68.869000,0.000000,0.000000,1023.67,1024.33,1024.6,1026.83,0.05,0.0,1.0,1.0,1.0,1.0,1400.54,0.04800567389039640,0.12972970713242300,0.02639719568478390,0.008381922697655810,0.015702526648843900,0.15209385490381200,326.09045040083300,449.1160523020560,6.456490614136810,317.700667703102,219.77164628422600,13.918403757883600,282.1002174612820,33.75893670711260,8.562958545181080,2.092413548307450,6.649831441160190
54520033,68.968000,0.000000,0.000000,1023.82,1024.33,1024.67,1026.82,0.05,0.0,1.0,1.0,1.0,1.0,1400.5,0.050589277252187600,0.13145505553658700,0.026009860773081300,0.022926907496392700,0.011308778823575100,0.1588657536351190,326.088477038478,449.17925112406900,6.4694794331948800,316.8636965292840,219.88383657531700,14.314963458287300,276.8859694989220,34.6429945447346,10.478829366761300,2.303823276241570,7.570851564507570
54520133,69.069000,0.000000,0.000000,1023.89,1024.35,1024.63,1026.78,0.05,0.0,1.0,1.0,1.0,1.0,1400.49,0.05314637097066950,0.1346263395122990,0.02579009149062310,0.03768624280584550,-0.002157746129343910,0.1543029079800220,326.08006874243600,449.18677736205400,6.4641723342109200,317.10764709406600,219.8895439265990,14.489298898975400,275.7496053966120,34.933645551935800,11.399459956408400,2.240845841513730,8.122881417516790
54520234,69.169000,0.000000,0.000000,1023.82,1024.35,1024.6,1026.81,0.05,0.0,1.0,1.0,1.0,1.0,1400.47,0.05565707745642860,0.13933962459737200,0.02415241281531110,0.05179392180664250,-0.039806394223431600,0.0964942980349471,326.08381228575400,449.14244388583800,6.451583883365830,317.409818051818,219.85016576348300,14.385598162989700,271.6009776005090,36.401222307670600,13.64419532306560,2.1655854307135400,9.171462890206590
54520335,69.269000,0.000000,0.000000,1023.78,1024.3,1024.5,1026.78,0.04,0.0,1.0,1.0,1.0,1.0,1400.46,0.05805599388942590,0.14576067510306,0.023480525868719700,0.07121677005790470,-0.034146925906822900,0.13319463742870700,326.0913227641910,449.11695551113200,6.4452053320238600,317.36101689278500,219.8691009192180,14.701809055685400,268.1601041383050,37.792716862133300,15.252915064994900,2.180906245023340,10.759578692706900
54520435,69.370000,0.000000,0.000000,1023.77,1024.36,1024.4,1026.86,0.04,0.0,1.0,1.0,1.0,1.0,1400.56,0.060322354425811800,0.15419634598805800,0.02184238525730280,0.09112722134841070,-0.020006954115279700,0.18487665328044100,326.08522250327800,449.11687321083300,6.454676443799970,317.3149101452470,219.90712495480700,14.969564805113800,264.7502581932870,38.922206664514300,14.21954752552370,2.191254378624830,11.81272454175040
54520536,69.470000,0.000000,0.000000,1023.86,1024.48,1024.56,1026.77,0.04,0.0,1.0,1.0,1.0,1.0,1400.38,0.06245058760685850,0.16478018583994600,0.02094633641254920,0.11460789036908000,-0.010515429645791600,0.2220418975486800,326.09261490777000,449.1209045320580,6.451280535064810,317.28346938891500,219.8962896144190,15.065585104442000,262.93631330632400,39.53388509540030,17.82354019926960,2.200804681863100,12.36709913225370
54520635,69.570000,0.000000,0.000000,1023.77,1024.4,1024.45,1026.86,0.04,0.0,1.0,1.0,1.0,1.0,1400.46,0.064439877552389,0.17734907983811200,0.019248626448847600,0.13185949361047200,-0.04574038204314190,-0.030080797622086300,326.0828017128080,449.11060039193400,6.4615948288342600,316.5356918281680,219.98108625589800,15.454697613237400,258.3905106557310,41.28802799878860,17.493648582661900,2.3859557117549800,13.252530072785400
54520735,69.675000,0.000000,0.000000,1023.88,1024.46,1024.48,1026.93,0.04,0.0,1.0,1.0,1.0,1.0,1400.46,0.06634008753854230,0.1918513901178140,0.018770695974194200,0.15124740250201400,0.01690499753208230,0.3315792811795210,326.08406708204900,449.1222935459020,6.460650430389650,315.5352282654160,220.05427569384400,15.799821302626100,252.59843370590800,43.241980467914400,20.50213619104050,2.6366720119078500,14.319974624171900
54520835,69.772000,0.000000,0.000000,1023.89,1024.36,1024.71,1026.86,0.04,0.0,1.0,1.0,1.0,1.0,1400.55,0.06825258884524410,0.20826109761001400,0.01979034216935790,0.1749770631641370,-0.1622375479007600,-1.2764052602883700,326.0941685175710,449.1170157179770,6.470368382938170,315.2230776178520,220.01845351266600,15.97606159280140,251.14741643213000,43.83667428148880,22.707873868049900,2.716737974444190,14.552376321393800
54520935,69.870000,0.000000,0.000000,1023.87,1024.37,1024.73,1026.81,0.04,0.0,1.0,1.0,1.0,1.0,1400.51,0.07023198400510150,0.22631846347007100,0.01997125188149140,0.18463076933387100,-0.024253962122248000,-0.1664604599622320,326.076246475173,449.1119382723390,6.462321838013580,314.6053916421980,220.13095037042700,16.262718144338400,246.95907811922800,45.933668390340800,24.732402390415100,2.8678477654232100,15.487070279906200
54521036,69.971000,0.000000,0.000000,1023.87,1024.43,1024.57,1026.91,0.04,0.0,1.0,1.0,1.0,1.0,1400.45,0.07230476989126650,0.2458203640361460,0.020507790545988800,0.1947805363818100,0.012779920363730100,0.16543067885304700,326.07542568406200,449.16460719092600,6.465880902512270,314.09761840817000,220.2227181378520,16.604592230128100,243.2739576354310,47.61891753319940,25.909629623720100,2.9948764619410300,16.31981758610780
54521135,70.070000,0.000000,0.000000,1023.86,1024.32,1024.49,1026.99,0.04,0.0,1.0,1.0,1.0,1.0,1400.44,0.07447587509826940,0.2666430388323500,0.023556061503750300,0.2271428421643390,-0.05374452911893190,-0.4778182181268530,326.0768406238710,449.18643910912600,6.472990900418140,313.82334314854,220.32586551006000,16.817640970581100,239.38614111604700,49.2450204072435,28.010239642586900,3.064765408088270,17.3843063952594
54521235,70.178000,0.000000,0.000000,1023.81,1024.38,1024.59,1026.97,0.04,0.0,1.0,1.0,1.0,1.0,1400.47,0.07674634109749240,0.28874566685503700,0.022472175718721400,0.21971966144946600,-0.017987248878316100,-0.1564522979299520,326.0756292862580,449.2302989446780,6.444459579489860,313.2519406042200,220.44619202333300,16.89969574060280,236.3706504992510,50.45027468587740,29.98197194788380,3.2081565101479400,17.918726318954400
54521335,70.270000,0.000000,0.000000,1023.76,1024.39,1024.75,1026.65,0.04,0.0,1.0,1.0,1.0,1.0,1400.32,0.07913034167413210,0.312003667944999,0.024174291269634400,0.2346644002938250,-0.025822475213542400,-0.2968791956946590,326.0723139560120,449.19895363837300,6.469907744250060,312.7503473791590,220.43782440031000,17.345844474451400,234.01263283175000,51.761291429811700,30.78527900533570,3.332871063165220,18.357287337438300
54521436,70.370000,0.000000,0.000000,1023.85,1024.35,1024.78,1026.63,0.04,0.0,1.0,1.0,1.0,1.0,1400.34,0.08164585402012530,0.33611326002930400,0.025590830440324000,0.24363854460116700,-0.0007516607265686940,-0.04900783261989090,326.0785908913090,449.18059573642700,6.462333899438470,312.63639813433200,220.41248133173100,17.4551099912993,233.0440526338000,52.38299930182920,31.80230099913110,3.362777913491270,18.620462195268200
54521535,70.471000,0.000000,0.000000,1023.84,1024.37,1024.88,1026.59,0.03,0.0,1.0,1.0,1.0,1.0,1400.48,0.0835993601666647,0.35456791575337800,0.026993409860960500,0.25409264814059600,0.03650092483765710,0.30797543309239100,326.0786433670590,449.2336891445090,6.462604516839290,312.45353865802600,220.48120348916700,17.59056090683560,231.9397762737460,52.67580251263090,31.671214330753900,3.40866140545381,18.814571814661300
54521635,70.571000,0.000000,0.000000,1023.89,1024.41,1025.11,1026.34,0.04,0.0,1.0,1.0,1.0,1.0,1400.41,0.08694528582596480,0.38568672493781100,0.026825354930135100,0.24716694478036300,-0.019087127915615200,-0.2282721955162460,326.07462140700800,449.23724624883800,6.459880305361580,312.34209952179400,220.50088511662100,17.618456971074700,231.85307090034300,52.70039029029120,31.719225830596300,3.435711990782310,18.754258699339200
54521735,70.670000,0.000000,0.000000,1023.75,1024.53,1025.2,1026.36,0.04,0.0,1.0,1.0,1.0,1.0,1400.39,0.08967011637858060,0.4104309183745430,0.027280201838321600,0.24506998467355500,-0.015399463127283000,-0.22312016997533600,326.0716938171090,449.22308479465700,6.467256809371970,311.35608366770300,220.55002101107000,17.713073900116000,230.73741956965,52.95471207780570,32.88407574335380,3.6820312344622300,18.32496911959980
54521836,70.771000,0.000000,0.000000,1023.69,1024.46,1025.27,1026.28,0.04,0.0,1.0,1.0,1.0,1.0,1400.46,0.09246710697347820,0.43454558986341000,0.028312806167896900,0.23557640981461800,0.005554593937914560,-0.22331431744339000,326.0754943447630,449.248379341601,6.469852937246200,308.0707522194830,220.97725388627100,18.834637276732200,224.89891536464600,54.518796037869500,33.1058977234673,4.164252386414020,17.835560925684800
54521935,70.871000,0.000000,0.000000,1023.53,1024.7,1025.42,1026.27,0.04,0.0,1.0,1.0,1.0,1.0,1400.38,0.09555147407619470,0.4574880971497010,0.032434737850714500,0.22202565896213200,0.01659332510758580,-0.4422815995484720,326.07260179185800,449.297054141796,6.447526687900540,305.08105664440200,221.3560664123210,20.176623766525300,218.5524904598350,56.63908045735770,33.819108554214200,5.261642791780530,17.190405500350300
54522036,70.971000,0.000000,0.000000,1023.66,1024.63,1025.43,1026.23,0.03,0.0,1.0,1.0,1.0,1.0,1400.39,0.09925577209475670,0.4788351713753560,0.03877949785773160,0.20120225920561000,0.014513101907268600,-0.499293562429477,326.06584201933100,449.28624317109200,6.450268158038290,302.8289589759750,221.68584449746500,21.00366832667070,213.99565930872000,58.1984771004255,34.810488264270900,5.829419584361720,16.859265817297600
54522136,71.070000,0.000000,0.000000,1023.66,1024.54,1025.36,1026.23,0.04,0.0,1.0,1.0,1.0,1.0,1400.32,0.10373709124751700,0.4983704887366580,0.04721424087508440,0.18512228262229800,-0.0026176893731364700,-0.5654063817020190,326.0638279619400,449.27728388701100,6.453546508899460,300.66000392153100,222.00078049763700,21.60312253217210,210.33224629026900,59.652455629681100,35.51056888291820,6.377761381556370,16.335271935492400
54522236,71.171000,0.000000,0.000000,1023.68,1024.5,1025.37,1026.24,0.04,0.0,1.0,1.0,1.0,1.0,1400.32,0.10910057813854000,0.5158558838151780,0.056826257366597400,0.1659422371211400,0.06280902479353630,-0.3094199616927940,326.0606860281090,449.2820477050540,6.498981960661320,298.8502820188290,222.1458775959870,22.050637852917,207.02229532051900,60.806792205692800,36.279055386227300,6.831350036657640,15.98416333476220
54522335,71.271000,0.000000,0.000000,1023.72,1024.58,1025.36,1026.31,0.03,0.0,1.0,1.0,1.0,1.0,1400.4,0.1153767382703850,0.5311621769295970,0.06548603372857470,0.14389959906984000,0.05688379382899680,-0.26645734354939500,326.0665972661170,449.326881367332,6.477427293969730,297.6439165053660,222.46908608576700,22.429273033655400,204.42780810230600,61.73366776069050,36.68996971944550,7.141293256447850,15.82836342130980
54522435,71.370000,0.000000,0.000000,1023.7,1024.45,1025.29,1026.28,0.04,0.0,1.0,1.0,1.0,1.0,1400.41,0.12245808852056800,0.5443410836530530,0.07303337134501930,0.12283333970357700,0.040332990102073800,-0.2654950157908330,326.07011952275400,449.3650793958310,6.466797092254720,296.58508854792000,222.61903892271200,22.740791421535800,201.74537496809600,62.54996236925920,37.31684116438880,7.408911379198080,15.828596971050100
54522535,71.471000,0.000000,0.000000,1023.79,1024.58,1025.34,1026.29,0.04,0.0,1.0,1.0,1.0,1.0,1400.38,0.1302896864528640,0.5554882462164080,0.08047975702081210,0.10349838744021200,0.017636718800578300,-0.2618413027151170,326.0677504535770,449.3419855311320,6.498487919827710,295.5874836754420,222.7724255690530,23.121345051740400,199.855222805122,63.45253921438070,38.16592473908240,7.661965292688860,15.676918997533100
54522635,71.570000,0.000000,0.000000,1023.85,1024.38,1025.43,1026.33,0.04,0.0,1.0,1.0,1.0,1.0,1400.46,0.13877835381079200,0.5647229618782190,0.0870083703482938,0.08547138060719070,0.029943339475914900,-0.20448207727185100,326.0650188099620,449.366947974198,6.4803902666392,295.09820317221800,222.91722402960000,23.17116167517140,198.78143266168100,63.8318365876564,38.33639197288070,7.786852046845700,15.618715543288400
54522735,71.670000,0.000000,0.000000,1023.8,1024.41,1025.33,1026.26,0.04,0.0,1.0,1.0,1.0,1.0,1400.41,0.14778015012713100,0.5721838123415070,0.08937054293824330,0.06637094739963010,-0.13360895777250600,-0.3053518290343230,326.07465425773300,449.41168690956400,6.500167612030160,293.5220766390740,223.33877927765200,23.885010948288800,195.15038807168400,65.04004142772740,39.01541249378290,8.193786347427250,15.47051237561130
54522836,71.770000,0.000000,0.000000,1023.74,1024.47,1025.32,1026.27,0.04,0.0,1.0,1.0,1.0,1.0,1400.29,0.1572524212577260,0.5779793541129140,0.09498550444432310,0.05125503386908590,-0.043196168514200900,-0.20189247166408800,326.06923657385500,449.4064490541490,6.506602349398540,292.0789927156840,223.65159651148300,24.361774256286200,192.10637882922800,66.3018918762409,39.27042794344660,8.56228985437465,15.305380652893000
54522935,71.871000,0.000000,0.000000,1023.77,1024.52,1025.4,1026.29,0.04,0.0,1.0,1.0,1.0,1.0,1400.39,0.1671594737591400,0.5822373938648820,0.10009824286222300,0.0368767058596869,-0.025015094452367100,-0.16935307607251300,326.05856483836600,449.41634752696200,6.450641973004150,290.7812456521860,223.871336065869,24.89106114807550,189.24666073116900,67.78023839871450,40.019583830575300,8.88956412300308,15.264184096788
54523035,71.971000,0.000000,0.000000,1023.79,1024.42,1025.4,1026.38,0.04,0.0,1.0,1.0,1.0,1.0,1400.4,0.17745649074421100,0.5850995179412810,0.10318831012647200,0.023583845261295100,-0.060103722231576300,-0.1443509420854950,325.806810060661,449.79684406153000,6.7801663216594700,289.71301974965900,223.10494304085700,25.38569238522720,186.01539336402900,67.8197150704171,40.30128545618910,9.046673230181240,15.641180921160600
54523135,72.070000,0.000000,0.000000,1023.83,1024.48,1025.13,1026.36,0.04,0.0,1.0,1.0,1.0,1.0,1400.31,0.18803757584078300,0.5868481054518140,0.10471873055151100,0.013842806852646400,-0.07840465126546500,-0.09770461300003250,325.8588420408300,450.556730190922,6.770583799178090,288.74859475894700,223.20230111320600,25.73574634743080,183.09505793254000,68.06701659928600,42.288955213537300,9.270431048289720,15.715617917863500
54523235,72.170000,0.000000,0.000000,1023.68,1024.5,1025.33,1026.31,0.04,0.0,1.0,1.0,1.0,1.0,1400.29,0.1988059614166660,0.5877610706135100,0.10716713408670300,0.006210458449803930,-0.08122605639528850,-0.07988201822005410,325.8588420408300,450.556730190922,6.770583799178090,288.74859475894700,223.20230111320600,25.73574634743080,183.09505793254000,68.06701659928600,42.288955213537300,9.270431048289720,15.715617917863500
54523335,72.271000,0.000000,0.000000,1023.78,1024.35,1025.38,1026.42,0.04,0.0,1.0,1.0,1.0,1.0,1400.42,0.20962348970210100,0.5879595368990760,0.10678809134843900,-0.0004364513390056520,-0.08278982970024680,-0.06221216567869090,325.70590852496200,449.7915979998340,6.3851508622724000,285.9860940143170,223.91299863636800,26.501216668490800,177.75300855318000,70.46546845449300,43.227800999458100,9.973262333881440,15.250423586351600
54523436,72.370000,0.000000,0.000000,1023.76,1024.39,1025.35,1026.37,0.04,0.0,1.0,1.0,1.0,1.0,1400.42,0.220477323251677,0.587457458195823,0.10624115229322000,-0.007765554830293830,-0.14106878516124000,-0.0662125674577647,325.68906118845300,449.2846127858630,6.3959763797195200,284.78785622154100,224.2576509348390,27.01714529977110,175.42770128762000,72.06429588355800,42.31831407564800,10.3016945595856,15.096147877421800
54523535,72.471000,0.000000,0.000000,1023.83,1024.5,1025.48,1026.36,0.04,0.0,1.0,1.0,1.0,1.0,1400.49,0.23149952093219900,0.5861901968229870,0.11010157050986000,-0.015334285575312400,0.02251666034250600,-0.07353875635582960,325.71260357597100,449.029548032241,6.412435914913080,284.181260998657,224.43614362319400,27.093479690752400,174.39044679445100,72.85996148842360,42.567068910816900,10.476670223788400,14.963511452031800
54523636,72.571000,0.000000,0.000000,1023.77,1024.35,1025.39,1026.31,0.04,0.0,1.0,1.0,1.0,1.0,1400.41,0.24265852115393700,0.5842301640870260,0.11234924518939700,-0.02189586832950190,-0.17051352026888800,-0.022539934854411200,325.77125779192800,449.05265453494800,6.4200695888917100,283.42077020883400,225.1233359971720,27.734533380333600,171.6533548588830,75.72897724009620,43.41923511736690,10.709536533203400,15.382440688157400
54523736,72.672000,0.000000,0.000000,1023.81,1024.37,1025.26,1026.34,0.04,0.0,1.0,1.0,1.0,1.0,1400.33,0.25386960839688600,0.5818260948180480,0.1106083877051110,-0.02462995164249560,-0.10637598112377900,0.00386585268013363,325.9161634408940,449.33431028324100,6.47993295355796,283.336237155827,225.60202955865200,27.849626133057300,170.2920369099120,77.17552574060680,45.89515524094550,10.775463826460100,15.742599945697000
54523836,72.772000,0.000000,0.000000,1023.77,1024.32,1025.29,1026.35,0.04,0.0,1.0,1.0,1.0,1.0,1400.38,0.26501001192283900,0.5792811713384340,0.10940688740174200,-0.02524355388545810,-0.11572247258334200,0.02070792898740690,326.0726719443380,449.43734203752500,6.5052182464175000,282.84072289818200,225.91580468734800,28.280520663358400,169.02241193543500,78.2086052162484,46.14688982739190,10.946579991429500,15.723504500420200
54523936,72.872000,0.000000,0.000000,1023.68,1024.35,1025.39,1026.31,0.04,0.0,1.0,1.0,1.0,1.0,1400.35,0.2759941773322200,0.5767142207337080,0.10724346094241500,-0.025252513041261000,-0.10002810640223700,0.018227743650035300,326.077468829716,449.4434739454230,6.48751888277756,281.9371722484440,226.11578136943500,28.52797019806230,167.40991750332700,78.74188037168680,45.0975724136707,11.180303574264600,15.490898390362300
54524037,72.973000,0.000000,0.000000,1023.8,1024.35,1025.34,1026.24,0.05,0.0,1.0,1.0,1.0,1.0,1400.41,0.2867872014021530,0.5741058247530110,0.10374224095619000,-0.02552409151091060,-0.1779074452820520,0.031832543923347800,326.073619440934,449.45866370225400,6.512077398109760,281.2107258368040,226.32156195401000,28.713031218292300,165.4499594683070,79.60372327959080,45.15323692217460,11.36805852466260,15.537417139163900
54524137,73.073000,0.000000,0.000000,1023.81,1024.38,1025.32,1026.32,0.05,0.0,1.0,1.0,1.0,1.0,1400.44,0.2973783733710250,0.5714501390982120,0.10469049928713400,-0.026435199951976700,-0.10523434759695700,0.022982684086045600,326.0758937654860,449.4720076334090,6.484364280407680,280.62999532414400,226.51803431168000,29.117307017369800,163.85826298035700,80.59681543402130,45.562966679444,11.521072579017300,15.625983706275100
54524237,73.172000,0.000000,0.000000,1023.8,1024.32,1025.35,1026.37,0.05,0.0,1.0,1.0,1.0,1.0,1400.34,0.3077227129660740,0.5688372784766050,0.09852220770751520,-0.02471718339820130,-0.2027045311934330,0.058799974264134900,326.0729308875170,449.4845316169040,6.501423356370580,280.5073664536540,226.57579722116600,29.169949445394500,163.12581597577300,81.13535673578980,45.73237664213120,11.55287621633740,15.800428946487300
54524337,73.273000,0.000000,0.000000,1023.84,1024.41,1025.44,1026.39,0.05,0.0,1.0,1.0,1.0,1.0,1400.45,0.3177647522373580,0.5663914200366760,0.09881106697693010,-0.023535158804964500,-0.08635639698552850,0.03615995326851140,326.07811535075900,449.4956975233480,6.494536634547250,279.5363694687630,226.8214895217390,29.530681266831400,160.59105567269600,82.59833314352750,46.16365757835290,11.805591622490900,15.902277455688300
54524438,73.373000,0.000000,0.000000,1023.69,1024.39,1025.43,1026.22,0.05,-0.01,1.0,1.0,1.0,1.0,1400.29,0.3274839879437450,0.5641765780928790,0.09478884667401940,-0.021013400784223800,-0.12804154380423800,0.044008120749605200,326.07713440952900,449.5166167529200,6.521672080558050,278.44468712136400,227.12085040924600,29.78958813453320,158.49117083433600,83.57202592982210,47.078304711656400,12.088897418743600,15.705303688448000
54524537,73.473000,0.000000,0.000000,1023.76,1024.36,1025.42,1026.34,0.05,-0.01,1.0,1.0,1.0,1.0,1400.28,0.33688482867537100,0.5621629625201320,0.0900462969476718,-0.01900551012115690,-0.19001248355530700,0.046475960198646600,326.0724917590500,449.52128775542200,6.507904341390750,277.8979719590880,227.27856148314300,29.75826590597,157.53438193799300,84.05640543285540,46.90131988676420,12.230522548532300,15.582575960545600
54524638,73.572000,0.000000,0.000000,1023.77,1024.31,1025.31,1026.39,0.05,-0.01,1.0,1.0,1.0,1.0,1400.26,0.346012380328218,0.5602532607378410,0.08892123910036660,-0.018586357561483800,-0.09413245540408740,0.01975714908701350,326.0714515996060,449.5008690211780,6.517632228378630,277.0169906968620,227.55077639617400,30.35766636572570,155.38615665039700,85.69016713628970,47.72512637919150,12.462916815117400,15.683847902576000
54524738,73.674000,0.000000,0.000000,1023.92,1024.43,1025.34,1026.36,0.05,-0.01,1.0,1.0,1.0,1.0,1400.27,0.35490220237589300,0.5584339940150270,0.0883084011272647,-0.017737719762896400,-0.08170427386214060,0.026242361718083000,326.07433179408500,449.49528250986000,6.5218861058957,276.86133832470400,227.6074447037920,30.484836207996900,154.89505131611900,86.20587880213870,51.007350249449100,12.505327006033300,15.768843599020600
54524837,73.774000,0.000000,0.000000,1023.93,1024.36,1025.14,1026.36,0.05,-0.01,1.0,1.0,1.0,1.0,1400.28,0.3635196869453380,0.5567814227625890,0.08334312152820450,-0.0154535793672822,-0.11742602877664800,0.03759136606604650,326.0700131087700,449.50265122378300,6.547516481277290,275.9969950375590,227.87364471280400,30.877129010055800,152.44568730287100,88.01700252642160,48.65054547316780,12.731183518934900,15.995460714871900
54524937,73.874000,0.000000,0.000000,1023.86,1024.33,1025.36,1026.37,0.05,-0.01,1.0,1.0,1.0,1.0,1400.21,0.3718633340250220,0.5553763246381440,0.08200996485677640,-0.012870549051314500,-0.07917349974711870,0.038672029447069400,326.0755500882010,449.49585339344600,6.527631205217710,275.3471421281460,228.07077166984400,31.088878634567400,150.78473767315700,89.048936713306,48.669222000030100,12.903760250791000,16.052554242518500
54525037,73.974000,0.000000,0.000000,1023.9,1024.35,1025.35,1026.27,0.05,-0.01,1.0,1.0,1.0,1.0,1400.34,0.3799632053038230,0.554261037312206,0.07893839680219150,-0.010030648464079800,-0.0765495086744053,0.030515859741701000,326.0778199935380,449.5118436089030,6.530074144871430,274.39265926890900,228.3683241262160,31.334129375265100,148.98899594705700,90.16036635905260,49.1286908001216,13.154907487558900,15.909367197975100
54525137,74.073000,0.000000,0.000000,1023.81,1024.41,1025.37,1026.23,0.05,0.0,1.0,1.0,1.0,1.0,1400.3,0.38784657064529000,0.5533603553624170,0.07793937706295390,-0.008448365902504960,-0.0772656467264765,0.01800675582574450,326.08320401628500,449.49723308066700,6.514778492396910,273.2466307064650,228.70965146734900,31.77183064010000,147.08444036311600,91.13494529218400,49.34768786975590,13.458321243103000,15.605580143984200
54525237,74.174000,0.000000,0.000000,1023.84,1024.32,1025.3,1026.21,0.05,0.0,1.0,1.0,1.0,1.0,1400.33,0.395574201613147,0.5525413510862310,0.07571940266370760,-0.007978452549738320,-0.10041103760342700,0.012097739067017200,326.07878456484500,449.52507817065400,6.520053145833840,272.73168198322800,228.8660262169120,31.96115905719580,145.46496656063300,92.19963010160320,49.66505953926320,13.591183501107600,15.777970343313100
54525338,74.274000,0.000000,0.000000,1023.87,1024.36,1025.34,1026.28,0.05,0.0,1.0,1.0,1.0,1.0,1400.37,0.4031629230515960,0.5517898719837050,0.07460491910372980,-0.006920320280994390,-0.09467200940802920,0.023821412884748100,326.0765552358770,449.5447264463860,6.51553324448883,272.56223798963800,228.9881532095480,32.18232838283550,144.27055082067600,92.98226560735100,50.10756494886500,13.638294814855700,16.051561209693700
54525438,74.375000,0.000000,0.000000,1023.93,1024.13,1025.29,1026.3,0.05,0.0,1.0,1.0,1.0,1.0,1400.32,0.4105600894317730,0.5512341890332590,0.07210736295483890,-0.004490582701185060,-0.09906486538015610,0.03333758187472820,326.07344736392000,449.54197950172500,6.538978533938980,272.74676345253800,228.9036313628920,32.170879435374800,144.28080527731100,92.9244713204718,50.03679293094490,13.588451483635600,16.195693241919800
54525537,74.473000,0.000000,0.000000,1023.97,1024.21,1025.41,1026.25,0.05,0.0,1.0,1.0,1.0,1.0,1400.25,0.41766378724439000,0.5509841992723780,0.06891968176009020,-0.0010682029480457400,-0.11763990867448300,0.04223551192067880,326.08184840714800,449.468905592611,6.506212429794770,274.67402122523900,228.30174367465800,31.76069937194520,147.23574153512900,91.8080043170803,50.34717553033560,13.085405447875200,16.86415212366470
54525637,74.572000,0.000000,0.000000,1023.97,1024.13,1025.37,1026.28,0.04,0.0,1.0,1.0,1.0,1.0,1400.36,0.4242669419790630,0.5512085198463020,0.06350226844920610,0.004468609214916130,-0.08143720168699900,0.06105732027016830,326.08013118701400,449.4380144535340,6.503658965361250,276.4662448731770,227.74490599566400,31.477337381482200,150.05233320536600,90.91857821949230,50.291393356835100,12.614670923272100,17.50551565942010
54525738,74.672000,0.000000,0.000000,1024.03,1024.25,1025.34,1026.4,0.04,0.0,1.0,1.0,1.0,1.0,1400.26,0.4301160590628150,0.5521298734273770,0.05461551193808560,0.012355617907012600,-0.1344831966764950,0.08320040211682430,326.0716939702200,449.43969541406800,6.512342384165750,278.45730445563400,227.23378358540000,31.21351708621720,152.2435496419240,90.16828928207220,50.45856092997180,12.09447035771010,18.4508006103775
54525838,74.773000,0.000000,0.000000,1024.01,1024.22,1025.39,1026.13,0.04,0.0,1.0,1.0,1.0,1.0,1400.3,0.434974368362543,0.554083903379403,0.043551459878933700,0.02385015758202190,-0.15940945045820100,0.10457464610777700,326.07780208882100,449.4604746049980,6.4921724890861600,280.26706646580500,226.8450319245580,30.826518797588200,154.3609319727450,89.16870668576690,50.7089092819723,11.628237555398800,19.186698681991600
54525938,74.874000,0.000000,0.000000,1024.04,1024.17,1025.43,1026.14,0.04,0.0,1.0,1.0,1.0,1.0,1400.14,0.43865499438298500,0.5573284384685100,0.031744680629031800,0.036646579321206900,-0.15257332830659500,0.08767598486068850,326.069939772727,449.4318613068490,6.491749001294530,281.46810507045100,226.52463779226900,30.414832203880300,156.67711335020800,87.91925692634380,50.26354689016670,11.314971826335000,19.367806736681500
54526043,74.973000,0.000000,0.000000,1023.98,1024.1,1025.45,1026.25,0.04,0.0,1.0,1.0,1.0,1.0,1400.24,0.4411195436677100,0.5617733493817000,0.020185450418289500,0.04890538895526270,-0.13116011418668800,0.09537703412597240,326.0788914725200,449.41279955115100,6.503132926414900,282.6571842534320,226.24049408634200,30.345699092795500,158.65533065632500,87.18268562313190,50.17155549228370,11.007598807842000,19.70910978115320
54526143,75.077000,0.000000,0.000000,1024.13,1024.21,1025.42,1026.21,0.04,0.0,1.0,1.0,1.0,1.0,1400.32,0.4423758772742740,0.5673045438413660,0.00797780449212889,0.058350128323654200,-0.11474259219033200,0.09805776656062730,326.0729239374470,449.4144010632960,6.459953270767430,284.01956622887200,225.88605248093900,29.965727370296400,160.87487843890700,86.04429461142920,50.11339268039920,10.65476172986470,20.057630396135800
54526243,75.177000,0.000000,0.000000,1024.16,1024.11,1025.43,1026.26,0.05,0.0,1.0,1.0,1.0,1.0,1400.41,0.44248555518437400,0.5737880321433860,-0.003088877970555100,0.0685022094904743,-0.11255813082144300,0.07956972320375630,326.0705046067420,449.39827335175900,6.497399894966000,285.7793416306310,225.42437408493800,29.172440519625000,163.70716641007900,84.91023820091530,50.00253134737670,10.198920163931700,20.584759387922200
54526344,75.279000,0.000000,0.000000,1024.04,1024.09,1025.47,1026.28,0.05,0.0,1.0,1.0,1.0,1.0,1400.4,0.4414166504874880,0.5812018749476200,-0.015381466554183300,0.07734736254103310,-0.11763210222738500,0.038851986924922100,326.0636789038760,449.3857157321630,6.457317957591750,287.854754635316,224.93670727796800,28.528325105293200,167.2150036430910,82.652296625758,49.8358843248005,9.661093242690870,21.115602866415300
54526445,75.379000,0.000000,0.000000,1024.02,1024.13,1025.38,1026.19,0.05,0.0,1.0,1.0,1.0,1.0,1400.32,0.4390492870735120,0.5896314428013500,-0.028108250899517100,0.08659803369827920,-0.09638579886664110,-0.005118859028933730,326.07061892783500,449.4078827084960,6.460976644950660,289.87072085614000,224.53322474885500,28.102082200019600,170.86066649486200,81.63560226137200,49.35006806108440,9.289115170417330,21.374149221944700
54526544,75.480000,0.000000,0.000000,1024.1,1024.1,1025.53,1026.21,0.05,0.0,1.0,1.0,1.0,1.0,1400.31,0.4354260264730690,0.5989488686561880,-0.04012556635056610,0.09473791067292190,-0.07495466833823440,-0.024145284200483800,326.0725260567280,449.41396041968500,6.4617010718887700,290.30757498991200,224.31476886941100,27.744612573629000,172.6899339400680,80.48294794194820,48.83630838290070,9.03637194188506,21.532672160207900
54526644,75.579000,0.000000,0.000000,1024.11,1024.22,1025.55,1026.07,0.05,0.0,1.0,1.0,1.0,1.0,1400.42,0.43067070926066800,0.6089460524906050,-0.05068880453259990,0.10038378632362100,-0.03831660950159770,-0.07885090549592290,326.05905544936200,449.3632096732320,6.467205427917800,291.8082398047470,224.05697140302800,27.40137125202380,175.33196764261900,79.30274180005600,48.47851735660950,8.643863284884870,21.534115546996500
54526744,75.679000,0.000000,0.000000,1024.15,1024.05,1025.7,1026.18,0.04,0.0,1.0,1.0,1.0,1.0,1400.38,0.42491237204410100,0.6193733048725850,-0.06056318979109920,0.10443427083646600,-0.04518072107231540,-0.055813157756748000,326.05916817482200,449.33892168503400,6.465635460338320,292.823821226945,223.7949414072360,27.14873372047460,178.17129839959500,78.2543461540137,47.761460831336700,8.382573860135460,21.46483342600830
54526845,75.778000,0.000000,0.000000,1024.13,1024.14,1025.66,1026.21,0.04,0.0,1.0,1.0,1.0,1.0,1400.27,0.41826253418938300,0.6299892447244080,-0.06914161990570230,0.1056923310417800,-0.09370863533858330,0.02502767367283690,326.059083010602,449.3491384722010,6.487197057412480,293.38299843831700,223.68423840625000,26.91561124318510,179.40277218409900,77.58563201679840,47.35304747677940,8.239115736616980,21.481683375972900
54526945,75.880000,0.000000,0.000000,1024.13,1024.23,1025.69,1026.09,0.05,0.0,1.0,1.0,1.0,1.0,1400.39,0.4108384780541950,0.6406053979397680,-0.0778759819649533,0.10734435616213400,-0.09990437303843050,0.03559760931935520,326.06198939344400,449.3950585350930,6.491190271865850,294.54775111395400,223.49664905779100,26.3904652308937,181.58509336071800,76.13788685638690,49.10302313936180,7.941862120319440,21.589420308668400
54527045,75.979000,0.000000,0.000000,1024.06,1024.17,1025.64,1026.14,0.05,-0.01,1.0,1.0,1.0,1.0,1400.42,0.4027758061146130,0.6510853023159660,-0.0828074877537564,0.10392174571696300,-0.13371127184330100,0.07166248599504830,326.0719320646690,449.38633534303600,6.445178717816700,295.6409938772530,223.31366527566700,26.204634659426600,184.2487897640040,74.83421163594600,46.14901970187090,7.666326008242680,21.545299283423200
54527144,76.080000,0.000000,0.000000,1024.17,1024.2,1025.55,1026.12,0.05,-0.01,1.0,1.0,1.0,1.0,1400.45,0.39413896236608000,0.6613084006750610,-0.08958578054640790,0.10251662397282400,-0.1395444726629100,0.07012919170458900,326.06257847839600,449.3435784007590,6.446338863331490,297.0911876343600,222.9824292991370,25.487230648644900,187.40876368377800,73.3927997453658,44.74805427998490,7.293489980034060,21.662713541482800
54527244,76.179000,0.000000,0.000000,1024.08,1024.18,1025.56,1026.17,0.05,-0.01,1.0,1.0,1.0,1.0,1400.38,0.3850029625267880,0.6712036513959720,-0.09378799391272820,0.09828998840367170,-0.0680600770638058,-0.01538103734552700,326.0640125039150,449.3364516971190,6.457177104013070,298.34979176466000,222.7195481622940,25.053323091922000,190.24381491791000,72.17545673163660,43.98085460595490,6.972391726263170,21.73741048457470
54527344,76.279000,0.000000,0.000000,1024.14,1024.21,1025.54,1026.18,0.05,-0.01,1.0,1.0,1.0,1.0,1400.44,0.3753896076483220,0.6807251700601720,-0.09776955441411430,0.09360955946832480,0.009073653337443390,-0.09462694758403540,326.0681160064330,449.34015270501700,6.45517350812371,299.3432967516120,222.56807138304700,24.615100172093200,192.71833157283400,70.9083810155483,44.56355601816440,6.721238055846290,21.666816135213100
54527444,76.379000,0.000000,0.000000,1024.13,1024.23,1025.65,1026.16,0.06,0.0,1.0,1.0,1.0,1.0,1400.34,0.36536964004951900,0.6898030930500590,-0.10092908263816600,0.08844339130016840,0.073238811487065,-0.14503043047456200,326.0661966553480,449.3187795913620,6.491130843443690,300.1558211651620,222.4255366078250,24.407799518365500,194.8692805371330,69.81152831001900,44.026689975978500,6.514746346988760,21.571827054107900
54527544,76.479000,0.000000,0.000000,1024.11,1024.15,1025.54,1026.18,0.06,0.0,1.0,1.0,1.0,1.0,1400.31,0.35504994081896600,0.6983373038003130,-0.10388981794919300,0.08278904676636490,0.010199837857180300,-0.0939123147593254,326.0576675648420,449.3045047430070,6.468525429187000,300.4732784757080,222.36222484677300,24.147320809656500,196.07769806424300,69.1993429461909,42.30793505999460,6.433220361429430,21.41184035639000
54527645,76.580000,0.000000,0.000000,1024.08,1024.15,1025.59,1026.14,0.06,0.0,1.0,1.0,1.0,1.0,1400.38,0.3445325218246700,0.7062051934961700,-0.10552882824599700,0.075968036288484,0.17211771699174700,-0.20641935849591500,326.0665778538970,449.2981137761070,6.442868142431090,301.21164089428300,222.2081934306830,23.73314627199980,198.72823949843200,67.34798090083530,42.28770993511290,6.112225667254700,21.03819732320100
54527745,76.686000,0.000000,0.000000,1024.19,1024.09,1025.52,1026.16,0.06,0.0,1.0,1.0,1.0,1.0,1400.41,0.33392011437345900,0.7133031623707660,-0.10403950229129900,0.06620084315340880,-0.24200183172830100,0.06912859736705580,326.0666041934760,449.3270726532870,6.450068943737090,303.65625147322400,221.80083409370900,22.718401272701300,204.92385900451900,65.07735736826670,40.2656254550066,5.625242962548940,20.959552527741300
54527844,76.779000,0.000000,0.000000,1024.21,1024.15,1025.52,1026.26,0.05,0.0,1.0,1.0,1.0,1.0,1400.36,0.3232063976914750,0.7195033032956600,-0.11900212229733800,0.06490638101998450,-0.4575939216509560,0.14550133172021000,326.0684321431450,449.3026519122020,6.453589754239110,305.2053182364020,221.64349154368300,21.98921001098220,208.73914881040800,63.74734932509000,41.49289267400920,5.2360678388448,20.950581985396400
54527945,76.881000,0.000000,0.000000,1024.24,1024.08,1025.45,1026.14,0.05,0.0,1.0,1.0,1.0,1.0,1400.43,0.3123271000634980,0.7248751096188620,-0.10984778117050400,0.050935700000851000,-0.09976100624104790,-0.03884696694169150,326.05869918668100,449.27440488182700,6.449068696204130,307.1421130839410,221.2928093677660,21.492474679177600,212.94328340438200,62.23561332044200,38.47177489141110,4.7432050708943700,21.148982806505900
54528044,76.980000,0.000000,0.000000,1024.04,1024.15,1025.48,1026.12,0.05,0.0,1.0,1.0,1.0,1.0,1400.39,0.30124582188019100,0.729520878748535,-0.11284826949145000,0.044465836632938100,-0.0303316298294962,-0.06307753686493790,326.06652066732200,449.23399785069700,6.44878393121621,308.72026300487000,221.08748582466000,21.1021926347174,216.4009562344810,61.10304507371900,37.96294139760000,4.347902855604890,21.29136612718440
54528147,77.079000,0.000000,0.000000,1024.23,1024.17,1025.41,1026.29,0.05,0.0,1.0,1.0,1.0,1.0,1400.43,0.2899329753945330,0.7335472469168960,-0.11347694551444500,0.03806890855730070,0.014488432603172200,-0.063167502269066,326.0655071503570,449.2311591426680,6.45709834238192,310.00304089418700,220.89618027960500,20.484452287194600,219.3665353015040,60.19465656041640,37.423523939047800,4.023903592595730,21.375419990857500
54528247,77.185000,0.000000,0.000000,1024.12,1024.04,1025.46,1026.27,0.05,0.0,1.0,1.0,1.0,1.0,1400.3,0.27840046316104000,0.7370864096659180,-0.11229593051140400,0.03261443923096910,0.16116540603284000,-0.09562722411633970,326.0692648971910,449.2243455197420,6.4545762327210900,310.46942429716700,220.81716006235700,19.916914293393000,221.41698798447100,58.638795793667800,39.24057816323700,3.9081732058215700,21.063193938113900
54528348,77.283000,0.000000,0.000000,1024.22,1024.03,1025.42,1026.28,0.05,0.0,1.0,1.0,1.0,1.0,1400.28,0.26672077696470100,0.7400983249602250,-0.11581226231414900,0.027326417468129700,0.0449732978457921,-0.0793089214325072,326.0709979605340,449.2203426660260,6.450502174431220,311.438489393001,220.64741771949000,19.40015417575040,224.53561647337800,58.12848344556110,39.53066387359800,3.660824086648600,20.81286397131140
54528447,77.383000,0.000000,0.000000,1024.14,1024.07,1025.43,1026.19,0.05,0.0,1.0,1.0,1.0,1.0,1400.26,0.25497073684791200,0.7424529553977820,-0.11767486700741000,0.021150029603332700,-0.0654595531234252,-0.050738221630490100,326.0601591002820,449.2418975112630,6.4382125676258,313.36227416619400,220.48177338228000,18.471421764717400,228.99493983911600,56.578311249473800,38.267897767010400,3.1770807954060300,20.882438238800100
54528548,77.483000,0.000000,0.000000,1024.23,1024.1,1025.47,1026.25,0.05,0.0,1.0,1.0,1.0,1.0,1400.4,0.2431684475500690,0.7442124641824440,-0.11999305428336300,0.015846506472939200,0.022208405622957000,-0.055870436757903400,326.07284223786700,449.2628565967970,6.413031672242020,315.08785969099200,220.37207226985600,18.110825267658500,232.39643254831900,55.5936394008329,37.704611582552700,2.747644859316350,21.15376610318580
54528648,77.582000,0.000000,0.000000,1024.17,1024.01,1025.5,1026.27,0.05,0.0,1.0,1.0,1.0,1.0,1400.4,0.23129012500320300,0.7455271173809220,-0.11791864329493900,0.011802100884895400,0.07399968849437470,-0.03694018148244590,326.06641010272300,449.27408614409700,6.440941150207520,316.66623665227800,220.2882263724210,17.490535621648100,234.746989558883,54.91759467911760,37.667936021973100,2.35074788163692,21.65082701562690
54528747,77.683000,0.000000,0.000000,1024.17,1024.04,1025.52,1026.2,0.05,0.01,1.0,1.0,1.0,1.0,1400.39,0.2193103183329090,0.7466320507608240,-0.11909505005230400,0.010659499551466700,0.009062082021773210,-0.008081113771374190,326.0688015204080,449.28230095261200,6.409594579545690,317.86408083577700,220.2344929617180,16.791304809810200,238.45004820821900,53.6824532380977,36.97438637656490,2.051514743709950,21.38934289447290
54528848,77.782000,0.000000,0.000000,1024.05,1024.14,1025.56,1026.16,0.05,0.01,1.0,1.0,1.0,1.0,1400.36,0.20724548630023600,0.7476193205807430,-0.1204798417183100,0.009117962537099600,0.021692495035992800,-0.024669008336178200,326.0791930668350,449.23583697639300,6.417060291165210,318.90127286640700,219.98467417805200,15.917438330811900,242.79221551648900,52.10306712712660,36.10523456868030,1.793361546837720,20.800420547383600
54528948,77.883000,0.000000,0.000000,1024.14,1023.98,1025.55,1026.21,0.05,0.01,1.0,1.0,1.0,1.0,1400.35,0.19513885940794100,0.7483013850063740,-0.12002462734833000,0.005104255198731850,0.10156267974326600,-0.05195995238131220,326.07284641787400,449.23791853025300,6.4175268365140600,320.328226738026,219.94045883044500,15.756947619713300,246.26298613086800,50.82877583218000,32.564893193291300,1.4351385566565800,20.781527957364200
54529047,77.983000,0.000000,0.000000,1024.13,1024.06,1025.41,1026.29,0.05,0.01,1.0,1.0,1.0,1.0,1400.43,0.18302268306331000,0.7485251548831590,-0.12013816706758900,0.0007344179031039560,0.03835068664033380,-0.03538115271305970,326.08158098445400,449.2517629097010,6.400102700828970,322.1388045686650,219.88375989383800,15.315008532967100,249.14654501849400,50.06743846797520,34.44771766232640,0.9848025816163550,21.289910156323100
54529147,78.083000,0.000000,0.000000,1024.28,1024.0,1025.4,1026.35,0.05,0.0,1.0,1.0,1.0,1.0,1400.39,0.1708717465196910,0.7484759434522720,-0.12173066333690200,-0.0008265243280738750,0.05846968861737530,-0.003298783679408070,326.07770076346500,449.2241107847980,6.419371951743190,323.0206379691390,219.87785130938300,14.829284800301400,250.60958263837000,49.78451462108390,34.25112368739730,0.7636768251142510,21.532762959393100
54529248,78.182000,0.000000,0.000000,1024.26,1023.9,1025.53,1026.26,0.05,0.0,1.0,1.0,1.0,1.0,1400.44,0.15866475802850300,0.7484228905227050,-0.1214024753064380,-0.0003284363135377030,0.03578009888664300,0.0047025405617997300,326.0826749677200,449.18558201329500,6.414691384691600,324.2100550496570,219.72313416253500,13.730053894765000,254.68423887130300,48.72123173559610,33.37991970090020,0.46757470391301900,21.19048674912580
54529348,78.283000,0.000000,0.000000,1024.15,1023.97,1025.55,1026.23,0.05,0.0,1.0,1.0,1.0,1.0,1400.36,0.1464541742963500,0.7483306074749720,-0.12214331218334800,-0.001702547690288980,-0.008528190679450330,-0.02688923605698560,326.08186094531500,449.1655590837470,6.426345805866410,325.5024624919690,219.54192653603500,12.969161412241900,259.95301483022300,47.34063458670550,32.39109365309250,0.14457142416895300,20.55048231778060
54529448,78.383000,0.000000,0.000000,1024.15,1024.02,1025.48,1026.24,0.05,0.0,1.0,1.0,1.0,1.0,1400.33,0.1342491247222580,0.7479203315261030,-0.12194470202084900,-0.00568285548186429,0.028282441118371200,-0.04170980824653230,326.0771669291490,449.1521261880390,6.435395380266560,328.0285922652030,219.48608917381200,12.0832075217274,266.1794169733470,45.75535609390170,28.78084552896690,-0.2955310471775060,20.47469479568300
54529547,78.482000,0.000000,0.000000,1024.22,1024.04,1025.57,1026.22,0.05,0.0,1.0,1.0,1.0,1.0,1400.46,0.12201928107071300,0.7471076482402010,-0.12125765301079900,-0.009329438643725510,0.17701270709497000,-0.018423474270129200,326.08886842213500,449.127218921045,6.410601139594200,329.2532127521240,219.54151705939300,11.498854323094800,269.2589955146830,44.99572221350720,28.213324710454100,-0.7896488950190110,20.547973609407000
54529647,78.583000,0.000000,0.000000,1024.11,1024.07,1025.56,1026.25,0.05,0.0,1.0,1.0,1.0,1.0,1400.4,0.10972778640020300,0.7459896758282750,-0.12184314672301700,-0.012028782924407800,0.2039577747560220,-0.004908564042249070,326.0830874634140,449.14941448190600,6.399687856335990,329.4950801989630,219.56661186365700,11.145873447639200,270.3773226375010,44.69094102150400,27.948170464119200,-0.8514505019476530,20.381030209313800
54529747,78.684000,0.000000,0.000000,1023.94,1024.3,1025.45,1026.24,0.06,0.0,1.0,1.0,1.0,1.0,1400.38,0.0974503558729149,0.7446136925179340,-0.1216625375298190,-0.014821656996401200,0.006683490486643890,-0.03444475657212910,326.0957304923170,449.1175558475600,6.439898266189010,329.4879732465000,219.5433172921740,11.015732577678700,271.41046057034600,44.13207599281350,27.4858373994851,-0.8465542586762510,20.012477445712800
54529847,78.783000,0.000000,0.000000,1023.83,1024.3,1025.42,1026.18,0.06,0.0,1.0,1.0,1.0,1.0,1400.4,0.08532078119776120,0.742885201932143,-0.12129889405002800,-0.018875186001334100,0.026892008956010300,-0.03917584330410750,326.09555357237000,449.10144992338800,6.421577049522640,328.9768848766160,219.50001356381500,11.38829601579600,270.7147179180510,44.37979216468140,27.62985941594900,-0.7189826870742300,19.840151984173400
54529947,78.882000,0.000000,0.000000,1023.72,1024.46,1025.55,1026.18,0.05,0.0,1.0,1.0,1.0,1.0,1400.39,0.07351932463998180,0.7407813003490760,-0.1153730988913320,-0.022349836734755500,0.11392673736929800,-0.0296367501865886,326.09456761846300,449.08750566371800,6.422819573464640,326.94635685141300,219.42681485993500,11.808383548149700,267.77112269220300,44.68423786783240,29.97075686903560,-0.21250351608765100,19.133283458939300
54530047,78.983000,0.000000,0.000000,1023.77,1024.49,1025.5,1026.26,0.06,0.0,1.0,1.0,1.0,1.0,1400.34,0.06233885651339550,0.7381500899153730,-0.10618330588896600,-0.028117196429201100,0.10449916896836400,-0.05772503887382830,326.0972627451690,449.0528587819140,6.426022777259720,323.9457930281590,219.42681753484200,12.84203989049350,262.94621122527900,45.36290650998630,28.138433809584800,0.5338786384073130,18.244927959655400
54530148,79.083000,0.000000,0.000000,1023.65,1024.46,1025.51,1026.15,0.06,0.01,1.0,1.0,1.0,1.0,1400.4,0.05217693982340160,0.7346957975213680,-0.09881929303465710,-0.039475138741577200,0.20919959487201000,-0.10048168804571200,326.0818872431970,449.08435922966800,6.464493516248330,319.31297855913800,219.54594558107300,13.98799115224230,255.45164733097400,46.23206614570300,29.905918280655800,1.6891183100244700,16.84919863328690
54530247,79.183000,0.000000,0.000000,1023.63,1024.47,1025.55,1026.26,0.06,0.01,1.0,1.0,1.0,1.0,1400.39,0.04350969920666570,0.7299954298545510,-0.07986333899355520,-0.05184353298850320,0.21614534237870300,-0.10948248119030700,326.0740196983500,449.1282568074980,6.448097475902390,317.60796539575200,219.72116785745900,14.42672800446700,251.04656017835700,46.90986211293740,29.02719817440030,2.113488104423080,16.838117848749900
54530348,79.282000,0.000000,0.000000,1023.73,1024.42,1025.53,1026.27,0.07,0.01,1.0,1.0,1.0,1.0,1400.46,0.03656290817480530,0.7239987875495440,-0.06264780081245210,-0.0638646900362518,0.19844277924792500,-0.07981049476773870,326.0718074389500,449.15382739288900,6.469631181775960,316.7979216319390,219.84603616732400,15.22900289195360,247.74477367049000,47.80985083521620,29.498338717623300,2.3159487832298100,17.238004214675000
54530448,79.383000,0.000000,0.000000,1023.71,1024.33,1025.42,1026.25,0.07,0.01,1.0,1.0,1.0,1.0,1400.33,0.031329875181154200,0.7170688813647840,-0.0459615238103703,-0.07149868684943020,0.16885679701951300,-0.04783835678785060,326.0746670229620,449.17245025945300,6.472242400807080,315.9386666101320,219.89529569898600,15.502997924961000,245.31317607841200,48.4423325607849,29.991516875504100,2.531312599375220,17.325284639645100
54530547,79.483000,0.000000,0.000000,1023.74,1024.37,1025.49,1026.3,0.06,0.01,1.0,1.0,1.0,1.0,1400.32,0.027708532964485700,0.7096175162460440,-0.02987456086992170,-0.07464420259343630,0.17861731730103800,0.03198005507387350,326.0737696053130,449.1546686051540,6.482671446756370,315.21065413728500,219.99050581410000,15.871724222229700,244.01096067612800,48.786376120496500,30.078508417414700,2.713971896116770,17.153311294538200
54530647,79.582000,0.000000,0.000000,1023.78,1024.29,1025.35,1026.15,0.06,0.01,1.0,1.0,1.0,1.0,1400.25,0.025594945402657000,0.7018127057826050,-0.015333957293642000,-0.0776166667280474,0.16571455246198300,0.07520142215002870,326.0790196466930,449.1810205023540,6.484244666599950,313.94124316478900,220.00598738600900,15.95030279261900,242.28396020263800,49.06562306836600,30.333165759625200,3.0317185608791300,16.67973237707210
54530748,79.682000,0.000000,0.000000,1023.8,1024.29,1025.43,1026.22,0.06,0.01,1.0,1.0,1.0,1.0,1400.35,0.024899256665905100,0.6936857497954250,-0.0017938991284508900,-0.0814441772752156,0.13534160790957500,0.006924417595665920,326.0756522920360,449.16879137337100,6.495436455765100,312.56373885869900,220.16659578387000,16.34037279912180,240.65458901386700,49.30850534107680,31.293361432388000,3.37673216124289,16.071331017945400
54530848,79.783000,0.000000,0.000000,1023.75,1024.2,1025.35,1026.27,0.06,0.01,1.0,1.0,1.0,1.0,1400.29,0.025553551568917900,0.6851648121740660,0.01145684590565400,-0.08669783022271740,0.1283530988557680,-0.029311600435281900,326.0770843048390,449.1200721469600,6.449528532924250,311.45997104206300,220.13073155825400,16.386836006508600,239.06004007343700,49.868095351055400,31.372419273418200,3.6524152530197500,15.731580301109300
54530948,79.888000,0.000000,0.000000,1023.78,1024.39,1025.42,1026.31,0.06,0.01,1.0,1.0,1.0,1.0,1400.38,0.027500118168011500,0.6761307819013490,0.023866174153278200,-0.09127432549292110,0.13164824487659500,-0.09819715116580400,326.09029492113500,449.1327381820110,6.449367626710540,310.57308241255000,220.2498609594980,16.95860748560520,236.82999456222500,50.419452638025100,30.73195184856580,3.8784570508703800,15.714344949060200
54531047,79.982000,0.000000,0.000000,1023.79,1024.26,1025.48,1026.27,0.06,0.01,1.0,1.0,1.0,1.0,1400.27,0.0306255124766506,0.6667154627184860,0.03625430642541130,-0.09745706036072270,0.010116125027496500,0.2747686027299960,326.08512927284800,449.1353506667150,6.487326485991480,310.1755426220160,220.29371447644400,17.217546474690700,235.28036012811100,50.932196090505800,31.461009702455800,3.9769327528120900,15.902144572724700
54531148,80.082000,0.000000,0.000000,1023.69,1024.37,1025.13,1026.35,0.06,0.01,1.0,1.0,1.0,1.0,1400.31,0.03477566163803630,0.6571643167532870,0.044787292119888700,-0.09513030209383390,0.077149258935916,0.029096106105318000,326.0700237720460,449.1351507582860,6.482468761672350,309.34412768797400,220.3934313403740,17.322826265411000,234.10416989416000,51.17451733712280,32.35340620119820,4.182100015088370,15.607209213060900
54531247,80.183000,0.000000,0.000000,1023.76,1024.32,1025.26,1026.46,0.06,0.01,1.0,1.0,1.0,1.0,1400.46,0.039808370639167300,0.6476156454920120,0.05321421061185710,-0.09507475289260500,0.062434458335401400,0.03528529776203930,326.0763606446670,449.0993348976250,6.472160636655230,308.42199431038400,220.4231511381820,17.606674580466000,232.1654805639140,51.86701696423040,31.6232904239509,4.414618923115510,15.513242980642900
54531347,80.283000,0.000000,0.000000,1023.84,1024.35,1025.29,1026.27,0.06,0.01,1.0,1.0,1.0,1.0,1400.5,0.04562078236885430,0.6381082303024440,0.06065182397327190,-0.09440384737672190,0.054381998204792900,0.03892934368983540,326.0850353177060,449.07289439133200,6.471982355190640,307.4110086807900,220.47274735917600,17.84557357249360,230.14656737399700,52.41363113937590,32.250577172237500,4.670042826442550,15.350313588455900
54531447,80.383000,0.000000,0.000000,1023.9,1024.37,1025.41,1026.26,0.06,0.0,1.0,1.0,1.0,1.0,1400.3,0.05211949318283980,0.6287244142713030,0.06693434902108040,-0.09267930371865240,0.03717264733213760,0.05008604566746620,326.07931214009500,449.0760190444740,6.459049835809490,306.63873911595100,220.58062782206600,18.25118889722790,228.12069302975400,53.11600618256910,33.617081675558800,4.86305976166564,15.3940459983175
54531547,80.482000,0.000000,0.000000,1023.85,1024.38,1025.38,1026.36,0.06,0.01,1.0,1.0,1.0,1.0,1400.33,0.05922264776018710,0.619533254644898,0.07272572655909300,-0.09037125839676250,-0.03851416998663550,0.14851126301462100,326.07380455498900,449.1113055267220,6.485687926839060,305.98214008072000,220.70637444336800,18.5422684397527,226.25108336991300,53.68346312196980,32.78714919576720,5.027089784864170,15.464042683774700
54531648,80.582000,0.000000,0.000000,1023.8,1024.35,1025.4,1026.35,0.06,0.0,1.0,1.0,1.0,1.0,1400.38,0.06681856999844080,0.6106881443290140,0.07694612862622200,-0.0863306079540434,-0.010484009124841700,0.09627661411963510,326.0771681337760,449.10921465739700,6.483771064770840,305.1282558866150,220.82863671053900,18.849007995613800,224.25194060129400,54.22098520537430,33.34139436613190,5.243248582199380,15.406819904754200
54531748,80.682000,0.000000,0.000000,1023.78,1024.39,1025.27,1026.24,0.06,0.0,1.0,1.0,1.0,1.0,1400.28,0.07481749007520390,0.6022402656507790,0.0810984769475787,-0.08249319987181350,-0.06526367129566170,0.1539286638262280,326.0721713970380,449.10142731185500,6.477359254820600,304.0109400858210,221.0078159377490,19.361250138564800,221.26533336433400,55.19524822137820,33.81947796450740,5.524468169178770,15.471680620688700
54531848,80.783000,0.000000,0.000000,1023.81,1024.39,1025.32,1026.26,0.06,0.0,1.0,1.0,1.0,1.0,1400.41,0.08314411589045260,0.5942897925970950,0.083493862124635,-0.07680333737957100,-0.008986743314128650,0.08420876900779850,326.08004036459900,449.1022196417260,6.485017816645930,302.3006831343280,221.17872200532300,19.513491957442200,218.21856539994700,56.238540164237900,34.479621941286700,5.956145304201220,15.098986831335000
54531947,80.883000,0.000000,0.000000,1023.84,1024.41,1025.36,1026.31,0.05,0.0,1.0,1.0,1.0,1.0,1400.31,0.09180691809047870,0.5867650088542880,0.08796951173470220,-0.07400194914303320,0.022452484859688800,0.042649568487897100,326.07896187312000,449.0829052652350,6.48167421667839,301.098094892472,221.3217077520230,20.088280060261200,215.64541339051500,57.378413786846100,35.12307402338850,6.2591870900918200,15.011645694023800
54532048,80.982000,0.000000,0.000000,1023.8,1024.44,1025.38,1026.29,0.05,0.0,1.0,1.0,1.0,1.0,1400.41,0.100789172440058,0.5795986151680060,0.09051687709156340,-0.06988537726582710,0.007412758463530480,0.05621666592367920,326.0733944776550,449.123867613253,6.5017830261681600,299.94976479918400,221.53486091987100,20.418781683482800,212.8956111051960,58.24058085757720,36.64620806695720,6.547994950392690,14.966626692108400
54532147,81.082000,0.000000,0.000000,1023.73,1024.57,1025.54,1026.19,0.05,0.0,1.0,1.0,1.0,1.0,1400.35,0.11007209853448300,0.5728034745381470,0.09416336340439050,-0.0668038143708571,-0.028992461771710000,0.07678349413719140,326.0627970577840,449.1312179123710,6.4862931463782800,298.46634539367800,221.79534788950900,21.039908834018400,209.41501698092600,59.44539686694470,36.35017759591550,6.921308392706770,14.902797297483100
54532248,81.182000,0.000000,0.000000,1023.68,1024.44,1025.44,1026.23,0.05,0.0,1.0,1.0,1.0,1.0,1400.37,0.11965452059225100,0.5663674433066270,0.09697822060949500,-0.06291986203766570,0.025709197614655900,0.04273927159438220,326.07211259789500,449.1360786326790,6.506910952577510,297.1542245184740,222.00686133630800,21.663895918408800,206.43794963919700,60.5707540556475,37.01063220215040,7.255809343164530,14.82145022629080
54532348,81.283000,0.000000,0.000000,1023.77,1024.46,1025.35,1026.22,0.05,0.0,1.0,1.0,1.0,1.0,1400.29,0.12952841833382000,0.5603150283069600,0.099657834982858,-0.05908069277717580,0.014822992688710800,0.04386489070213320,326.0777779749500,449.1202602938810,6.490452846598760,296.1573623237000,222.15736218743800,21.81466949214770,204.05061336276000,61.75986875556230,37.578615567276,7.5099710309532800,14.846248765459700
54532447,81.383000,0.000000,0.000000,1023.62,1024.47,1025.47,1026.3,0.05,0.0,1.0,1.0,1.0,1.0,1400.29,0.1396591973814080,0.5546390986932640,0.10167887034475000,-0.05502140339551570,-0.031678605234373600,0.06906545971764490,326.0665146621140,449.1136877951400,6.511419489071900,294.9191354682770,222.31334073335300,22.18690324126800,201.21964062521700,62.788679566596400,37.73093878061440,7.819736807163820,14.78908962890270
54532547,81.482000,0.000000,0.000000,1023.76,1024.35,1025.48,1026.35,0.05,0.0,1.0,1.0,1.0,1.0,1400.33,0.15000875568819800,0.5493485999108920,0.10381500365002200,-0.05130292135940430,-0.011944584093151800,0.0520756396161573,326.0715265413450,449.09890816149700,6.501663648511080,293.69538434962500,222.5214129010550,22.815484187412600,198.42250864727800,64.12705025195080,38.27609401752640,8.132067186010610,14.762420023239800
54532651,81.582000,0.000000,0.000000,1023.76,1024.39,1025.49,1026.26,0.05,0.0,1.0,1.0,1.0,1.0,1400.31,0.15790088977698300,0.5456209403799250,0.10627521496998800,-0.049055345971458200,0.05324337038174210,0.020498438400790700,326.0759933242760,449.1073361432740,6.509474705585050,292.7269681230250,222.74046304467400,23.09845288202320,195.98990997652000,65.17877503758070,38.840847360605100,8.380695984526890,14.786996495406400
54532747,81.687000,0.000000,0.000000,1023.75,1024.39,1025.33,1026.3,0.05,0.0,1.0,1.0,1.0,1.0,1400.35,0.17122110837840500,0.5398937505609280,0.10607543443673000,-0.04345679801917000,-0.07533795940304140,0.0721830080550958,326.0733872265530,449.12513332927500,6.514514777079290,291.7069702726520,223.001367905487,23.66954560771650,193.80943948328100,66.16300281687300,39.244471985577500,8.641714012510010,14.688725399513200
54532847,81.783000,0.000000,0.000000,1023.8,1024.45,1025.34,1026.29,0.05,0.0,1.0,1.0,1.0,1.0,1400.34,0.18197847248420100,0.5357329402598240,0.1063904300310230,-0.03961625265436220,-0.13483150486902100,0.09415201874755600,326.06788695073800,449.1323500961190,6.520165308418500,290.95749677546200,223.14854921258700,24.074718973059800,191.4640683631570,67.1976909170569,39.091778992805300,8.831257392186330,14.874520208559100
54532948,81.883000,0.000000,0.000000,1023.87,1024.37,1025.48,1026.2,0.06,0.0,1.0,1.0,1.0,1.0,1400.34,0.19276904666929900,0.5319954874019100,0.10651752538102900,-0.03522865958616120,-0.08836175013773150,0.07443964134536560,326.06167696723800,449.1488948949660,6.541937312495820,289.930098963841,223.44923698781000,24.17784233528690,189.30005147768300,67.96754371275080,39.56373610445060,9.095136388540180,14.721267610962900
54533048,81.983000,0.000000,0.000000,1023.87,1024.4,1025.46,1026.27,0.06,0.0,1.0,1.0,1.0,1.0,1400.29,0.2035500061374380,0.5286658422972270,0.1068752142769160,-0.03176041814107520,-0.05772649813048970,0.05011766070164610,326.05821881879400,449.16928314114100,6.527850075652070,289.0423553736780,223.62543506834800,24.480608781969800,187.48428144310500,68.54342005183580,40.60508300413190,9.320197002474610,14.579066756547600
54533148,82.084000,0.000000,0.000000,1023.76,1024.44,1025.46,1026.2,0.06,0.0,1.0,1.0,1.0,1.0,1400.32,0.21428741576550100,0.5256426044226380,0.10628853061133100,-0.029060877141648400,-0.06529886701868930,0.04036654334726220,326.0661658480740,449.1506439507870,6.532826078096520,288.25306548938200,223.7656235957480,24.818468624884000,185.80276723383900,69.26621143503390,39.676617135972800,9.523882146754940,14.501041440181700
54533247,82.183000,0.000000,0.000000,1023.84,1024.36,1025.49,1026.23,0.06,0.0,1.0,1.0,1.0,1.0,1400.28,0.22494393552311200,0.5228523787444400,0.10552492640962400,-0.026947288876775600,-0.0527352569253809,0.031406076608313200,326.07135615737900,449.1434102629580,6.52190193079871,287.6747477107420,223.90738164235400,25.283745908508700,184.27780586438800,70.05800632938530,41.50245396077830,9.674369826295890,14.554968062034900
54533347,82.283000,0.000000,0.000000,1023.91,1024.41,1025.48,1026.2,0.06,0.0,1.0,1.0,1.0,1.0,1400.25,0.23547189475565200,0.5202834282886990,0.1050015458995110,-0.02489266122610620,-0.020338261927322900,0.02387856579039040,326.06483906976,449.1623510185690,6.5167248695847900,286.9812072453640,224.06395690781200,25.24050589725980,182.92400974597000,70.35733829182370,40.76624464482270,9.850015098850290,14.3974119952376
54533447,82.383000,0.000000,0.000000,1023.87,1024.36,1025.46,1026.21,0.06,0.0,1.0,1.0,1.0,1.0,1400.46,0.24581929641584600,0.5179118597450590,0.10246869808144700,-0.023163512668821500,-0.050778381998559200,0.017920134579396900,326.0725335357750,449.1569767967870,6.553038235013630,286.55683586774000,224.17434237577500,25.369355224381100,182.05082013724000,70.58437813338120,39.762623951325600,9.96175899204749,14.30872095582780
54533548,82.482000,0.000000,0.000000,1023.98,1024.33,1025.56,1026.22,0.06,0.0,1.0,1.0,1.0,1.0,1400.39,0.2559382159631980,0.5156642942423350,0.0996184549884474,-0.02182489218919600,-0.0702340513279778,0.02449197104847090,326.0616353040850,449.1855348481650,6.530823673958020,286.6511350829650,224.10649594689900,25.452612803028900,182.00410759203700,70.53729780996650,41.21391286824430,9.93159739345971,14.408590435320000
54533648,82.584000,0.000000,0.000000,1024.0,1024.25,1025.58,1026.27,0.07,0.0,1.0,1.0,1.0,1.0,1400.41,0.26572616868103200,0.5135828664743690,0.09583340935270970,-0.019997705896542000,-0.0029986548809001500,0.010587618085210400,326.06695081490200,449.1856326090010,6.526540952094700,287.320397839764,223.99730449094000,25.369053883954400,183.39338838908200,69.77385282811570,41.38964133273980,9.762880640273100,14.449202254338600
54533748,82.684000,0.000000,0.000000,1023.99,1024.23,1025.45,1026.28,0.07,0.0,1.0,1.0,1.0,1.0,1400.41,0.2750382924590960,0.5116984495939900,0.09254889401919270,-0.018380406933712900,-0.008932097293452840,0.010923940032981400,326.0547367732390,449.14967883450400,6.533113117190220,288.12969256048100,223.78519203493600,25.14784740221860,185.41053411274300,69.18088917378280,39.768012526850600,9.552412633562770,14.495253204481600
54533848,82.784000,0.000000,0.000000,1024.0,1024.16,1025.57,1026.24,0.07,0.0,1.0,1.0,1.0,1.0,1400.52,0.28371841014508500,0.5100282541952510,0.08351742288675890,-0.015733960973954200,-0.14668046894634800,0.037076492600828000,326.06571476271500,449.13943422838200,6.52196729235527,288.9321783560440,223.59821823911500,24.862920662306400,186.9194377196370,68.48155146117560,40.07973640804660,9.349410631162640,14.632166716150500
54533948,82.885000,0.000000,0.000000,1024.02,1024.31,1025.48,1026.24,0.07,0.0,1.0,1.0,1.0,1.0,1400.4,0.29163897919648900,0.5086123839316820,0.07619101709981490,-0.013026158316029100,-0.11710885373031100,0.038341942174401400,326.07793281551600,449.12173414111000,6.5152526577230000,289.79142220939800,223.43260406967300,24.72150433972190,188.21501913303800,68.21526386178770,39.690437029330900,9.133899325867740,14.933499241733300
54534049,82.983000,0.000000,0.000000,1024.08,1024.23,1025.47,1026.16,0.07,0.0,1.0,1.0,1.0,1.0,1400.46,0.2987035864406750,0.5075488329810350,0.0669592540748674,-0.009078944086260310,-0.10119364789042600,0.041972288114343400,326.0653420201750,449.13537997369900,6.52469035642212,290.4880311155410,223.26931220597900,24.563580771858400,189.6240720349810,67.38863244576810,39.88547825491200,8.951401555110010,15.002437176294100
54534148,83.084000,0.000000,0.000000,1024.04,1024.21,1025.74,1026.21,0.07,0.0,1.0,1.0,1.0,1.0,1400.31,0.3048493800112530,0.5068834513789500,0.0580640489297014,-0.005209084501318620,-0.09289988350728760,0.038798696691128300,326.0615443680020,449.14445044279800,6.514128716477790,291.2738530551690,223.12155396225700,24.34323432620470,191.24561620110500,66.56859383212500,39.40849671990450,8.749861388985700,15.076488889051700
54534248,83.183000,0.000000,0.000000,1024.04,1024.33,1026.17,1025.98,0.07,0.0,1.0,1.0,1.0,1.0,1400.31,0.3100409133649350,0.5065915995374860,0.048187896115031800,-0.0016844967022499900,-0.10560736954173300,0.0305033890390792,326.0677431709350,449.1544275634670,6.518656336643260,291.9132661972320,223.03721489438800,24.127037447528500,193.34709434784300,65.72098055955470,38.33819242702740,8.589462464252630,14.890193732966100
54534348,83.283000,0.000000,0.000000,1023.88,1024.21,1026.4,1025.73,0.07,0.0,1.0,1.0,1.0,1.0,1400.42,0.3142707527907590,0.5065664302644210,0.038285563023011400,0.0004228985095236600,-0.1159096783159430,0.015092367542448800,326.06471591738300,449.14608960195900,6.544282819532500,292.25270833470900,223.04311579826600,24.020001164887900,194.40605631561900,65.1072231310963,37.29449859147340,8.505128779975120,14.769364158911800
54534449,83.384000,0.000000,0.000000,1023.93,1024.32,1026.38,1025.65,0.07,0.0,1.0,1.0,1.0,1.0,1400.39,0.3175671670665300,0.5066735304676490,0.029357728294634200,0.001171455334295070,-0.1094959499581650,-0.004669111493804210,326.07138641589600,449.1245137223030,6.497825930842690,292.4898001262110,222.9667162381320,24.19170618860930,197.7093307805780,63.1530204158939,34.33361681534660,8.4459890623911,13.778866456571500
54534549,83.484000,0.000000,0.000000,1024.0,1024.15,1026.39,1025.82,0.07,0.0,1.0,1.0,1.0,1.0,1400.41,0.3200025583168200,0.5066194846141450,0.021301122611457100,-0.0022033253633988000,-0.0870687481140585,-0.05328114393321000,326.0630904085220,449.1397968831660,6.50729511003874,292.67002142674300,222.93773725936500,23.888511575639100,200.0384577665890,61.43181160630890,33.76536294755950,8.397633863013810,13.041116297255800
54534649,83.584000,0.000000,0.000000,1023.96,1024.23,1026.31,1025.69,0.07,0.0,1.0,1.0,1.0,1.0,1400.48,0.3216604854960200,0.5059833877330440,0.013518208010156400,-0.008885092120305710,-0.09568823386644310,-0.05948051674670780,326.0570195085520,449.12965572341300,6.514313375634160,293.53308305358600,222.68191964476500,23.47780529392800,203.1939396906680,59.65376186770150,32.400214464367600,8.173307079417740,12.645631794917000
54534749,83.684000,0.000000,0.000000,1024.01,1024.21,1026.17,1025.83,0.07,0.0,1.0,1.0,1.0,1.0,1400.41,0.3225622677517350,0.5045986342782330,0.00615846186900857,-0.01679686257991650,-0.0787330795866802,-0.07437669377099770,326.0687301856030,449.10455250250700,6.510631419771230,294.6020784030860,222.48849039291400,22.883400486275600,206.77901555021100,58.08833621874870,29.676497749159700,7.905227607069550,12.300813293841100
54534849,83.784000,0.000000,0.000000,1024.08,1024.11,1026.12,1025.99,0.07,0.01,1.0,1.0,1.0,1.0,1400.57,0.322695919121645,0.502407033607732,-0.0016283047729242400,-0.024754666000845600,-0.07972239233838510,-0.05560148430472670,326.0760512359400,449.1071605496960,6.485010950989420,296.05093482702800,222.23149494541200,22.492020757501500,211.29381868696100,56.31546927943910,29.830054249482400,7.538353655489470,11.983212533758500
54534950,83.884000,0.000000,0.000000,1024.11,1024.2,1026.15,1025.92,0.06,0.01,1.0,1.0,1.0,1.0,1400.45,0.3220133594142620,0.4994202370704550,-0.009995981656074280,-0.03284616147978290,-0.0845275350648722,-0.07632166898430360,326.0707507938280,449.1071910358130,6.496863462450640,297.53531241934000,221.94846474403900,22.045449395279200,216.16257493020400,54.29578876230370,28.7418206208958,7.159930746990380,11.570450799126200
54535049,83.985000,0.000000,0.000000,1023.99,1024.15,1026.2,1025.81,0.06,0.0,1.0,1.0,1.0,1.0,1400.36,0.3204696893250310,0.49561828297937900,-0.018155275103678400,-0.03997718079034340,-0.07133541715576790,-0.05547030952353050,326.07821015448600,449.1246428956870,6.470011664213780,298.4726469615500,221.8163103624830,21.574884600601700,219.79074627457800,52.62957205234580,25.717227794230800,6.924402045814910,11.09242672879470
54535149,84.086000,0.000000,0.000000,1024.07,1024.21,1026.09,1025.78,0.06,0.0,1.0,1.0,1.0,1.0,1400.41,0.31807928477070100,0.4909635036105330,-0.02704397220365940,-0.04995714262237530,-0.0688281234935769,-0.06333651029763670,326.0690944122860,449.1259606926860,6.516537387461190,299.4151227397980,221.67193796745600,21.291143006997300,223.62790133933300,50.65413557992790,23.13425740582360,6.683666158510640,10.533385370822500
54535249,84.185000,0.000000,0.000000,1024.05,1024.17,1026.06,1025.89,0.06,0.0,1.0,1.0,1.0,1.0,1400.4,0.31489605837103700,0.4853986545159760,-0.03424114992531070,-0.05869098165263760,-0.05405946300380500,-0.07014021493020570,326.0618672762810,449.1517197137500,6.4929605798142700,299.82609047363700,221.62282120611200,20.975642302972600,226.66744960558700,49.21391894309220,24.403667170097800,6.577581384442110,9.837910856269230
54535349,84.285000,0.000000,0.000000,1024.13,1024.2,1025.86,1025.95,0.06,0.0,1.0,1.0,1.0,1.0,1400.37,0.31101748380965200,0.47880423655925900,-0.04090050718410930,-0.06956349843203790,-0.03857166940534470,-0.07039925188207830,326.0589425275370,449.1784905790670,6.531169782510800,300.00113553151900,221.5989505926640,20.75488580541500,228.8579616187600,48.20648254417320,23.6739270154235,6.531242925537190,9.245925967654850
54535450,84.385000,0.000000,0.000000,1023.98,1024.15,1025.84,1025.98,0.06,0.0,1.0,1.0,1.0,1.0,1400.33,0.3065759063800820,0.4711402954263250,-0.04599675631321330,-0.08022774040360730,-0.03709106260905060,-0.08912953160666860,326.0690506966900,449.1618643385930,6.514732481950460,300.2132239886220,221.56408947128200,20.530711014796700,230.89252679990000,47.41603845275250,23.006956756847600,6.481195579106930,8.742940033430240
54535550,84.486000,0.000000,0.000000,1024.08,1024.12,1025.91,1025.86,0.06,0.0,1.0,1.0,1.0,1.0,1400.33,0.3017040693357480,0.46243151404990100,-0.050097950756592500,-0.09098010301035470,-0.02193610450901100,-0.08048476691756550,326.06621280688000,449.17365723430100,6.5031844122756900,300.003748703458,221.53409807757600,20.24979998865170,233.20156434561000,46.34267994759750,19.51827342892560,6.531358014429990,7.809617396552280
54535649,84.586000,0.000000,0.000000,1023.97,1024.22,1026.14,1025.87,0.05,0.01,1.0,1.0,1.0,1.0,1400.27,0.29654903839788600,0.45262660210614400,-0.051943420966506000,-0.10164958937980800,-0.024522515578891600,-0.12148778300239500,326.06660086897800,449.18149236663800,6.505469114608430,300.56662447023800,221.49133121031200,20.01187556750590,235.61718764172100,45.40770561921540,20.674381851146900,6.390166855428640,7.46644634141105
54535749,84.684000,0.000000,0.000000,1023.94,1024.18,1026.09,1025.84,0.05,0.01,1.0,1.0,1.0,1.0,1400.43,0.29120414764979300,0.4417138471756290,-0.05451018938744950,-0.1140319298384500,-0.02363522020089180,-0.12441298230407300,326.0693003723450,449.1939230051390,6.469954818023200,300.8751194049130,221.39205179734700,19.823749793725000,240.00897291727300,43.67499640700650,18.386271535691000,6.311087322711690,6.2835961624962600
54535849,84.785000,0.000000,0.000000,1024.1,1024.26,1025.91,1025.85,0.05,0.01,1.0,1.0,1.0,1.0,1400.22,0.2857231480225180,0.4296825452389710,-0.05491069004269560,-0.12425015388537600,0.06418813509919120,0.04221763140619770,326.0668181657960,449.2009485525630,6.500226117460580,301.0525043181160,221.37686762522700,19.53812224945010,242.96699494162400,42.59779984945880,17.174950887050500,6.2657846850916700,5.467465028221820
54535949,84.884000,0.000000,0.000000,1024.0,1024.2,1025.97,1025.88,0.05,0.01,1.0,1.0,1.0,1.0,1400.25,0.28018311743439300,0.41645420196543400,-0.0550714126467974,-0.13594076411320700,0.02934485481098510,-0.04820751888616650,326.06358093743200,449.19333357919900,6.526100283094370,301.623058240899,221.2757008940680,19.162077568859500,246.13818421164800,41.63474622381160,16.111928542441600,6.12066716373259,4.922774204430280
54536050,84.984000,0.000000,0.000000,1024.01,1024.19,1025.76,1025.81,0.05,0.01,1.0,1.0,1.0,1.0,1400.31,0.2746279917332050,0.4020215683579030,-0.05534063106777920,-0.14789363223562100,0.032306416738868600,-0.021211271627889000,326.0721805413050,449.1764966010930,6.512763908521910,302.57946487015800,221.05423079153000,18.601443021227100,250.44445050181100,40.44903344449440,14.712525765444600,5.879763873360950,4.342230120857530
54536149,85.084000,0.000000,0.000000,1024.12,1024.15,1025.99,1025.89,0.05,0.01,1.0,1.0,1.0,1.0,1400.31,0.26904588183158200,0.38651119872712200,-0.05508954889357400,-0.1563791660393610,0.03956972339467320,0.025879838035515700,326.07418714403200,449.1885309895800,6.512383197637010,303.6794782266640,220.9385523560170,18.066847318939700,255.6596671112880,38.91340906594000,12.697940391385700,5.603630706088230,3.5711676178318000
54536249,85.183000,0.000000,0.000000,1024.07,1024.12,1025.96,1025.77,0.05,0.01,1.0,1.0,1.0,1.0,1400.31,0.26339805828762000,0.369976364552648,-0.05649382105289320,-0.16812452032603,0.016248349553052500,-0.02093034415924680,326.08169103436500,449.1895192475330,6.4850338334410900,304.71452273039400,220.79244268766800,17.48290651311400,260.67235149393700,37.58632521879140,11.177275249845900,5.344620143358240,2.827989837088240
54536349,85.284000,0.000000,0.000000,1023.93,1024.14,1025.91,1025.69,0.05,0.01,1.0,1.0,1.0,1.0,1400.37,0.2576365109646490,0.3524445918970890,-0.057788076468376800,-0.1780011104607650,0.03536816731942290,0.05232611955712840,326.064412549438,449.19552859841500,6.525504885634870,305.33415918193200,220.74728222194800,17.09237928207530,264.15586544552500,36.515434547749000,9.652709208261350,5.185033780872320,2.2292206075099000
54536449,85.384000,0.000000,0.000000,1023.99,1024.17,1025.96,1025.7,0.05,0.01,1.0,1.0,1.0,1.0,1400.27,0.25175230259540100,0.3339860619245670,-0.058187943020185000,-0.18454086682145700,0.028850176633786500,0.03617561767696070,326.0748614394120,449.2160679274280,6.492657707710970,305.43440256558400,220.71766186117600,16.99177098318730,265.7901613935200,36.04601602284430,8.918044121149310,5.161568900995970,1.7928999560261700
54536550,85.484000,0.000000,0.000000,1023.95,1024.09,1025.92,1025.66,0.05,0.01,1.0,1.0,1.0,1.0,1400.31,0.24579825494602900,0.31468052389829300,-0.05966478495289170,-0.19630345806845300,-0.009742885023110350,-0.11474709772184100,326.06987313285700,449.2047437819940,6.504264222165940,305.4865714912300,220.66252392248300,16.02941812058760,272.4269197701610,34.37066040330780,6.09581397485873,5.146370955871880,-0.22970566254177500
54536649,85.584000,0.000000,0.000000,1024.09,1024.21,1025.87,1025.59,0.05,0.01,1.0,1.0,1.0,1.0,1400.34,0.2398624472707540,0.2944076720529970,-0.05960052572538250,-0.20892748197459500,0.014023825057171500,-0.10114815106111800,326.0658610367510,449.2020474872040,6.5128276062103000,305.67872800683100,220.64914930429100,16.127581746965100,274.4562325978730,33.93778450856950,5.395111235869860,5.097346341021590,-0.7013410580834860
54536750,85.684000,0.000000,0.000000,1024.03,1024.19,1025.96,1025.73,0.05,0.01,1.0,1.0,1.0,1.0,1400.35,0.23400818601591000,0.27298677296801500,-0.05718884045376450,-0.21437999483294900,0.038042516816932200,0.012440517535127200,326.0652325240210,449.2029012088480,6.50365586904538,307.02456375316900,220.4813493823450,15.452055909478900,280.4958106707490,32.91952497033500,2.8078342771811100,4.758800322043720,-1.4670838207910600
54536850,85.786000,0.000000,0.000000,1024.05,1024.2,1025.89,1025.77,0.05,0.01,1.0,1.0,1.0,1.0,1400.32,0.22821212925522800,0.2505694021129390,-0.057694867844286000,-0.22684360954710700,-0.013174080551039600,-0.14244125504685300,326.0745028168210,449.2186670416040,6.495365362888380,307.9193148019670,220.40492993430000,14.957437631488300,284.64185694859700,32.23642582323980,1.4922395820346900,4.53661979957813,-2.0212694742641300
54536950,85.886000,0.000000,0.000000,1024.14,1024.15,1025.9,1025.73,0.05,0.01,1.0,1.0,1.0,1.0,1400.4,0.22242375842555100,0.2273585543653450,-0.05798125183305840,-0.23502040455130800,0.005351993351318120,-0.045598340762679900,326.0727136244440,449.25776115203300,6.53528901720391,308.1089471483790,220.32218428616300,14.222103980609600,289.04020494143000,31.392588477666300,-0.3183446191776140,4.486604620906970,-3.2098400299232900
54537051,85.986000,0.000000,0.000000,1023.99,1024.11,1025.82,1025.72,0.05,0.01,1.0,1.0,1.0,1.0,1400.35,0.21663998400362500,0.2033870137307480,-0.05683090319840340,-0.23914293622546600,0.06105638259072950,0.15508779935066100,326.0742573234370,449.2265881484200,6.508302079494470,308.98762518376300,220.22349522391600,13.690323715766800,293.0882947337020,30.92484615492750,-1.694403333495830,4.267109317765310,-3.7331730792146800
54537151,86.087000,0.000000,0.000000,1024.08,1024.04,1025.81,1025.85,0.05,0.01,1.0,1.0,1.0,1.0,1400.34,0.2108894238523850,0.1786456814488090,-0.05719985096918910,-0.24858170356323700,0.02010663064315830,0.03332554993158290,326.0880090938980,449.1877696050260,6.529480816646700,310.50987115623400,220.1399802017150,13.219090483509300,297.2450667555570,30.80968911773070,-6.978474613636670,3.8908435692036600,-3.7739955945559200
54537254,86.186000,0.000000,0.000000,1024.16,1024.13,1025.7,1025.98,0.05,0.01,1.0,1.0,1.0,1.0,1400.47,0.20510580636057600,0.153460653352976,-0.05794458159795300,-0.2513092843567170,-0.07788525013034100,-0.2922089214027400,326.0710670742300,449.1930646710140,6.500122248837400,312.92692133601300,219.85952056088800,12.308343559069500,302.36920989991100,30.336593379129700,-4.308661968478130,3.2802923036128800,-3.3721168702181100
54537355,86.290000,0.000000,0.000000,1024.11,1024.11,1025.63,1026.15,0.05,0.01,1.0,1.0,1.0,1.0,1400.45,0.1991372159640390,0.1283454205578710,-0.06264593626112190,-0.2573459504402480,-0.09117781879779890,-0.19141858102773000,326.07974705761700,449.2034194751060,6.470574676124100,313.83294593806,219.8225142953010,11.31665184677570,307.34216725648800,29.959030926963800,-5.421927420436930,3.057099051672720,-3.4163246707467700
54537454,86.391000,0.000000,0.000000,1024.14,1024.13,1025.51,1026.09,0.05,0.01,1.0,1.0,1.0,1.0,1400.39,0.19285138547499600,0.10373453965428800,-0.06392482195940710,-0.24321824858363300,-0.06629953322146500,-0.06898901426456670,326.0797970615280,449.2457811456820,6.513495832224830,314.99719289615100,219.86640069057600,10.744291857589600,310.99241597321500,29.71884104642700,-6.383920572701230,2.766129329739310,-4.325706772628560
54537554,86.491000,0.000000,0.000000,1024.04,1024.15,1025.53,1026.24,0.05,0.01,1.0,1.0,1.0,1.0,1400.24,0.18625980860896500,0.07969887444252400,-0.06862225139341640,-0.24447276499600500,-0.11483141173673900,-0.2630121694515100,326.08371582689600,449.2400327673640,6.503400788716410,315.0395208372510,219.86772308089600,10.527872841654500,312.0140337734020,29.66510502530510,-6.634797669579020,2.7566423630474700,-4.601977492325380
54537654,86.590000,0.000000,0.000000,1024.06,1024.18,1025.38,1026.18,0.05,0.01,1.0,1.0,1.0,1.0,1400.31,0.17944521506278700,0.0561936355602769,-0.06999282345253380,-0.23719956694401300,-0.0486137666168938,-0.05580751699843030,326.0734979826180,449.28575596533000,6.471965086337660,315.4087654723820,219.85819304008900,10.25514145705860,313.4132931229840,29.500643141258000,-6.968722872709760,2.661426620016200,-4.722257381486010
54537755,86.690000,0.000000,0.000000,1024.08,1024.19,1025.48,1026.22,0.05,0.01,1.0,1.0,1.0,1.0,1400.41,0.17251009613413100,0.03333978842140950,-0.0690505834370505,-0.22376238996232600,-0.0021896072425286600,0.09241737858317260,326.0803698201790,449.2382198166800,6.494184230547520,316.56670423884000,219.75532576885900,10.115177619587000,316.18080462708800,29.52024897614410,-7.455935708387610,2.373950046459450,-4.631673426869610
54537854,86.790000,0.000000,0.000000,1024.06,1024.1,1025.37,1026.22,0.05,0.01,1.0,1.0,1.0,1.0,1400.31,0.16550096298406700,0.011360371732225000,-0.0703917464713343,-0.21593180115718100,-0.03227562195714860,0.03542870684018760,326.0833972142340,449.2224049154180,6.498324438618800,317.9553074485670,219.69130077972000,9.448233107648290,318.30525886850300,29.533820807958900,-7.464912493235640,2.028094292516270,-4.161631277920690
54537955,86.890000,0.000000,0.000000,1024.06,1024.05,1025.42,1026.26,0.05,0.01,1.0,1.0,1.0,1.0,1400.33,0.15837660134225800,-0.00944434188501284,-0.07044453429312800,-0.19902710807257100,0.04602233480057120,0.31370111827620700,326.0832327137700,449.18952195264000,6.487712401267440,319.36510402582800,219.60034217181200,9.30787435475972,321.12823898976000,29.5369300814267,-7.884341679765370,1.6760834105067600,-3.8836594077940100
54538054,86.990000,0.000000,0.000000,1024.09,1024.17,1025.46,1026.24,0.04,0.01,1.0,1.0,1.0,1.0,1400.38,0.15108413166849000,-0.028790030582162700,-0.07180814413383300,-0.1827126550235550,0.10299031355239100,0.4788672721375210,326.0890912614260,449.1838173053040,6.48777847961249,321.3514277014500,219.51548103781000,8.598296724230790,324.82229148067300,29.439823856314800,-8.43894808443092,1.1817459830343700,-3.4096214372597200
54538155,87.092000,0.000000,0.000000,1023.97,1024.16,1025.39,1026.27,0.04,0.0,1.0,1.0,1.0,1.0,1400.38,0.14354716086473500,-0.04645312672854680,-0.07639263030815990,-0.1696123070405820,-0.03665168265148380,0.16954052387698400,326.0889345483180,449.23219490120000,6.496616197983140,322.2034432416280,219.510780960338,8.326227321892550,327.70202267906,29.247427134798900,-8.791895945847360,0.9690042547839190,-3.5933863003635000
54538256,87.191000,0.000000,0.000000,1024.03,1024.2,1025.3,1026.26,0.05,0.0,1.0,1.0,1.0,1.0,1400.39,0.1357198709701270,-0.06234128751596760,-0.07893903612028580,-0.1518907774499730,-0.013411870274056500,0.18897148233898600,326.0848739600710,449.2203953688360,6.483630387965200,322.5948775297390,219.54986492743700,7.993978752340560,328.8127249470900,29.440302880942200,-8.962952002225360,0.8705804648032460,-3.614446313896710
54538357,87.292000,0.000000,0.000000,1023.93,1024.18,1025.4,1026.2,0.05,0.0,1.0,1.0,1.0,1.0,1400.31,0.12767505326934300,-0.07656085665605130,-0.08099176918742580,-0.13599892266806300,-0.012224796692209200,0.16589223438869400,326.0808078668400,449.16171172244000,6.495307389916610,323.0190559006790,219.46160772844500,7.525366329141250,330.36962891648300,29.689773121988600,-8.775852515327150,0.7636699952203040,-3.7455109860505900
54538456,87.393000,0.000000,0.000000,1024.01,1024.19,1025.49,1026.18,0.05,0.0,1.0,1.0,1.0,1.0,1400.23,0.11950813822079500,-0.08918187948229500,-0.08235928147359810,-0.12120921339980700,-0.023911109582591800,0.11996219498349900,326.0877508354270,449.1160418862380,6.48293464115537,323.4844994220120,219.3492594852730,7.387276127819580,331.97597694062900,30.089442735078300,-9.248374487383440,0.6491318530131670,-3.867217657569220
54538557,87.492000,0.000000,0.000000,1023.97,1024.17,1025.43,1026.12,0.05,0.0,1.0,1.0,1.0,1.0,1400.48,0.11130517601240500,-0.10036134841693900,-0.08257424457651700,-0.10747999181315200,-0.020229825471115800,0.10390587030015700,326.0912627953250,449.1095362642590,6.481715861091840,323.8157962110120,219.2888486493820,7.06598881825144,333.0175519022270,30.110631484006300,-9.469209418749760,0.5672699575622050,-3.9192504121829800
54538657,87.593000,0.000000,0.000000,1024.02,1024.18,1025.26,1026.34,0.05,0.0,1.0,1.0,1.0,1.0,1400.46,0.10314439215948500,-0.11024359786649500,-0.08151079421555840,-0.09430958220185890,0.007194359090612790,0.12674121437984300,326.09619669256500,449.0897007029840,6.479553972082840,324.67049361892200,219.21024534102200,7.019569205164980,332.76511106993900,30.22271172919140,-8.866118234587990,0.35534154851983800,-3.1632476021569900
54538756,87.693000,0.000000,0.000000,1023.97,1024.28,1025.14,1026.46,0.05,0.0,1.0,1.0,1.0,1.0,1400.36,0.0950658339259862,-0.11877248067479500,-0.07917957878517610,-0.07835469141340150,-0.027798569390327900,0.1118357655084480,326.0811816104370,449.17161699715800,6.498031581063400,325.3340069479600,219.23222225846600,7.179593980864070,332.1407653575590,30.05327785509560,-8.421568995863060,0.18859565640859200,-2.4378348147063400
54538856,87.793000,0.000000,0.000000,1024.05,1024.25,1025.35,1026.31,0.05,0.0,1.0,1.0,1.0,1.0,1400.37,0.08708934405168730,-0.12570570565704300,-0.08182011311901000,-0.06409717413917270,-0.07922155190040920,0.14389094615767800,326.0837512290030,449.2030922423230,6.47334028662371,326.26908394619300,219.35948385345300,6.781104895388180,330.2636563524660,29.32538805659890,-7.0316008880404200,-0.04620002389349360,-1.111796696768890
54538956,87.889000,0.000000,0.000000,1024.05,1024.21,1025.38,1026.33,0.05,0.0,1.0,1.0,1.0,1.0,1400.4,0.07919368627031020,-0.13060775136566800,-0.07783016561435920,-0.0403517841872046,0.05279272523586280,0.24537251966472300,326.0932875990730,449.22026223925400,6.457938268430150,328.0059801014730,219.3274078462030,6.54205034102508,334.7696055243570,29.4527653152003,-8.358924225628,-0.4766858876697590,-1.0867289996463300
54539057,87.992000,0.000000,0.000000,1024.06,1024.23,1025.25,1026.34,0.05,0.0,1.0,1.0,1.0,1.0,1400.41,0.07133739829167170,-0.13337867166146800,-0.07800451949063830,-0.020160558130581300,-0.005019852027247340,0.18777030180359700,326.08607140701900,449.2067805843550,6.486433709724670,328.41675767302100,219.33996111416800,6.443656859832500,334.7097485036260,29.336358089749000,-8.089180786112750,-0.5809185982170750,-0.7351271533393730
54539157,88.093000,0.000000,0.000000,1023.93,1024.18,1025.4,1026.2,0.05,0.0,1.0,1.0,1.0,1.0,1400.28,0.06346810489468430,-0.13425897667480700,-0.07877564885323330,-0.0019496782029237300,0.019083806615470900,0.18454393414899500,326.09257147899100,449.16837664566400,6.4928637123071900,329.0055237599280,219.32428803495000,6.422932408816750,334.4251327714480,29.425053291439400,-7.650792619117920,-0.7261049769098060,-0.18253311664161200
54539257,88.192000,0.000000,0.000000,1023.98,1024.19,1025.44,1026.24,0.05,0.0,1.0,1.0,1.0,1.0,1400.31,0.055649130548723000,-0.1333235540465370,-0.0772280300476877,0.015912620689879200,0.03837650937974700,0.1687554001554370,326.0926842196280,449.1194847161610,6.453346402084220,330.14720906245100,219.2511245868000,6.167689811602550,336.9053755557720,29.757894857919300,-8.140770270733780,-1.010504770397460,-0.02154559670880160
54539357,88.293000,0.000000,0.000000,1023.95,1024.26,1025.47,1026.19,0.05,0.0,1.0,1.0,1.0,1.0,1400.39,0.047887495375344600,-0.13067585881446600,-0.07743672615023210,0.03242725434109040,-0.008848945916719890,0.15955800775412100,326.09420405317600,449.12793032734800,6.458626849719950,330.9939624015080,219.33370617255900,6.070846299558950,337.4346184001640,29.67453886435160,-7.651413030386560,-1.2214969360660800,0.49802778092919200
54539457,88.393000,0.000000,0.000000,1023.94,1024.31,1025.4,1026.2,0.06,0.0,1.0,1.0,1.0,1.0,1400.38,0.04014358766404380,-0.12646712436914700,-0.07743433721596430,0.04778633768442590,-0.004989712881760570,0.15283707272074800,326.0919956005410,449.10043521178200,6.453927373511490,331.1913179077740,219.35036911258400,6.027113480846720,337.9514474826280,29.788117485488500,-8.065233914722300,-1.2693973039556900,0.49638996564310400
54539557,88.493000,0.000000,0.000000,1024.01,1024.26,1025.46,1026.21,0.06,0.0,1.0,1.0,1.0,1.0,1400.39,0.03245584487603090,-0.12087529983729400,-0.0766264293831792,0.06049859925262500,0.0995533740432689,0.04790706560845320,326.0909652569490,449.15109338790300,6.436171020881960,331.4965329399860,219.31161542096100,6.036400935666260,338.05146934179500,29.539932150348900,-8.011824630354710,-1.3472843331444400,0.7162917820583050
54539658,88.593000,0.000000,0.000000,1023.83,1024.19,1025.53,1026.12,0.06,0.0,1.0,1.0,1.0,1.0,1400.39,0.024888781670904700,-0.11417664283728100,-0.07414162921944030,0.06999211025522650,0.04210420730108540,0.0781856536079984,326.09310081082500,449.1592061767560,6.449219474332280,332.4276294832290,219.48603066450800,5.796915770525840,338.50403199231300,29.164313316586500,-7.818697395222810,-1.5798526341060900,1.3310437727601700
54539758,88.694000,0.000000,0.000000,1024.0,1024.26,1025.49,1026.24,0.06,0.0,1.0,1.0,1.0,1.0,1400.45,0.01746546207160250,-0.10640831595188300,-0.07329403697366060,0.08107907444606530,0.04762971971058990,0.06072299557347960,326.097882015302,449.1776835429110,6.444812512467970,333.0304350929010,219.56754566953400,5.34962620854875,340.28528547206800,29.115475408169400,-8.354401427979740,-1.7293896714807300,1.277278103329260
54539859,88.795000,0.000000,0.000000,1023.97,1024.33,1025.47,1026.22,0.07,0.0,1.0,1.0,1.0,1.0,1400.38,0.010178008087249800,-0.09774883348723810,-0.07231815152857590,0.08933533924587710,0.0054511982084131800,0.08204954217582850,326.0976339068790,449.1790588708340,6.454798442915590,333.0687863993610,219.5391701967270,5.427273495407370,340.113696372442,29.06688487049990,-8.347420634905410,-1.73878759943905,1.3593683597691000
54539959,88.895000,0.000000,0.000000,1023.88,1024.3,1025.49,1026.18,0.07,0.0,1.0,1.0,1.0,1.0,1400.41,0.0030604224785026200,-0.08843453574831880,-0.07033283128124740,0.09518366210769030,0.02559878546468230,0.05043004525327240,326.0872395186300,449.15271259908500,6.438480038573580,332.74313150382400,219.40502353376900,5.651246994525320,339.43845386795900,29.040923130328200,-7.91254570355873,-1.6594198893864800,1.3045122214867700
54540059,88.995000,0.000000,0.000000,1023.92,1024.36,1025.48,1026.35,0.07,0.0,1.0,1.0,1.0,1.0,1400.4,-0.0038082155989761300,-0.07864037935437980,-0.06691946370587940,0.098188195626916,0.02667168504425520,0.030916963939969200,326.08895463510100,449.15574248147100,6.455857130743800,332.4225431406600,219.38788504403100,5.895891940743940,338.4129505532310,29.071097124797600,-7.829894855129820,-1.5789676782346200,1.3550897706370800
54540160,89.095000,0.000000,0.000000,1023.93,1024.2,1025.66,1026.08,0.07,0.0,1.0,1.0,1.0,1.0,1400.41,-0.01032282815176500,-0.0686603340305847,-0.06450543978650190,0.10155545625835800,0.00959858446291809,0.061033069350154900,326.09631163364700,449.2244267096300,6.428206333879420,332.57418099983400,219.46260037685600,5.797837601523080,338.53947908600300,29.05901185150090,-7.845731683711570,-1.614960522404820,1.4354451890601200
54540260,89.195000,0.000000,0.000000,1024.0,1024.24,1025.57,1026.27,0.07,0.0,1.0,1.0,1.0,1.0,1400.41,-0.016424024047376400,-0.0586162853411672,-0.05918291333565240,0.09980945269371660,0.051372161906107500,-0.028845223538403900,326.0931144773450,449.21493390440000,6.433980249234330,333.58003223794100,219.5559162953990,5.317803210407980,343.45947866474100,29.175483183427800,-9.691195763709910,-1.8671895645199100,0.7637834222255960
54540359,89.295000,0.000000,0.000000,1023.85,1024.33,1025.49,1026.28,0.07,0.0,1.0,1.0,1.0,1.0,1400.41,-0.02216336265109590,-0.04878419399378760,-0.056434269808293200,0.09704422731284700,0.025370390183235100,-0.0378834218674754,326.0905243635850,449.25539411094800,6.448324336929680,333.40145498238400,219.6215810006120,5.532394429655650,341.5874879397510,28.866496251890700,-8.956372635813300,-1.8235294679657600,1.189784786557130
54540460,89.394000,0.000000,0.000000,1023.94,1024.3,1025.46,1026.27,0.07,0.0,1.0,1.0,1.0,1.0,1400.43,-0.027584482585728300,-0.03935082452783980,-0.053376965849419300,0.09385514785479340,-0.03733470800726040,0.0943080462936265,326.08630138376100,449.2332744300510,6.436874372077520,332.5353447058650,219.5429706942730,5.640116869928830,340.59968806894400,28.90163369786930,-8.538943572196890,-1.6082782251228600,0.794324497936
54540560,89.495000,0.000000,0.000000,1023.97,1024.31,1025.38,1026.33,0.07,0.0,1.0,1.0,1.0,1.0,1400.4,-0.03259543613862380,-0.03036858732832770,-0.04979688152243180,0.09024503274217790,-0.004055533378470980,0.03268298940916440,326.0997285012710,449.2214450513770,6.438898733926420,332.17416106027000,219.49718509028300,5.707577917897270,339.95742074769600,28.9219969602774,-8.802848787765430,-1.5146779315400500,0.6906451454038410
54540659,89.595000,0.000000,0.000000,1023.89,1024.32,1025.31,1026.45,0.07,0.0,1.0,1.0,1.0,1.0,1400.41,-0.03710867148520110,-0.02204423534247060,-0.04324879640805080,0.08075665348996500,0.05645473056216120,-0.0767439120050575,326.09349056056300,449.21814928086200,6.428034462064340,332.35243929672800,219.48324425448000,5.673607709325650,339.2348179182070,28.86663490247550,-8.182088991875350,-1.5605928932844800,1.0533700346195500
54540760,89.694000,0.000000,0.000000,1023.96,1024.28,1025.15,1026.59,0.08,0.01,1.0,1.0,1.0,1.0,1400.38,-0.041127634732854800,-0.0143349060608218,-0.03837002699093370,0.07504759460857500,0.029330641270807600,-0.01610124209184340,326.10214441211300,449.1268043543460,6.425826280666780,331.9877968256450,219.28770863053900,5.769878874973250,338.16775842284800,29.23478616307370,-7.727036199212680,-1.4668929976336200,1.0713521372475800
54540860,89.795000,0.000000,0.000000,1023.81,1024.32,1025.23,1026.46,0.08,0.01,1.0,1.0,1.0,1.0,1400.25,-0.04466688104455060,-0.007138362085100470,-0.03440820485281180,0.07188152781300100,0.00838702293248764,0.0382183427685959,326.09847776014300,449.0914966200100,6.444614327877850,332.0416254090910,219.31588695866400,5.990810276531530,335.8677140432520,29.529378524699600,-6.737339334491380,-1.4816253695748000,1.8083264969460900
54540961,89.905000,0.000000,0.000000,1023.94,1024.27,1025.21,1026.56,0.08,0.0,1.0,1.0,1.0,1.0,1400.31,-0.04773308460870020,-0.0003070041603750300,-0.029104571803944600,0.06798758126025240,0.04297478788328210,-0.006991744302334120,326.1063737835710,449.10017982687700,6.426403743732270,331.20089372052600,219.28486640584300,6.41653008906414,333.5561054930130,29.54544822856250,-5.6020431330405600,-1.2699183835168900,1.8286679141129500
54541060,90.001000,0.000000,0.000000,1023.96,1024.39,1025.09,1026.57,0.08,0.0,1.0,1.0,1.0,1.0,1400.3,-0.05030368960241540,0.006334563085201420,-0.023875362253572200,0.06597831855581500,0.0510701103821741,-0.019182737622502900,326.09542146890200,449.1006527071240,6.446591715995290,330.99039584349700,219.27368662355000,6.373723998295840,333.39233209481900,29.588187985421500,-5.470604419900310,-1.220130868559450,1.7147795259576600
54541160,90.095000,0.000000,0.000000,1023.98,1024.29,1025.09,1026.62,0.08,0.0,1.0,1.0,1.0,1.0,1400.28,-0.052350099021838400,0.012680483671240500,-0.01860737311541990,0.062227221629523700,0.048448711754473,-0.033073330661145300,326.0973515986190,449.10765031831900,6.455913745492270,331.7635007381210,219.28622094451800,6.15681352958662,332.9051777819700,29.622027996989200,-4.541881859074590,-1.4123168500542900,2.4797479042217000
54541260,90.195000,0.000000,0.000000,1024.01,1024.37,1024.79,1026.75,0.08,0.0,1.0,1.0,1.0,1.0,1400.41,-0.053954102899507600,0.01879884465228540,-0.014639753765815200,0.060821196585636400,0.04212547695795250,-0.032299102774336100,326.1086803644640,449.111048597997,6.446807118006970,332.51548852322600,219.36194633218200,6.125714003572160,331.3609602457020,29.52922345364000,-2.927777029881950,-1.5973423016095700,3.5431428724452100
54541360,90.295000,0.000000,0.000000,1023.94,1024.32,1024.7,1026.82,0.07,0.0,1.0,1.0,1.0,1.0,1400.43,-0.055266300268449000,0.02510698866418460,-0.012321272833956200,0.06482675681676530,0.021167672369462500,0.0454553662691542,326.09907977012200,449.1430884815670,6.468249755952200,332.64871085700200,219.340457568894,5.909729941054860,329.97445877472400,29.683009905159000,-1.9986741209756200,-1.6325516177787000,4.072944984098950
54541461,90.396000,0.000000,0.000000,1023.92,1024.32,1024.44,1026.97,0.07,0.0,1.0,1.0,1.0,1.0,1400.44,-0.05638080004397700,0.03192275368815460,-0.010466612425067100,0.07043573626142190,0.01683122837357440,0.0719042792494489,326.0896729198670,449.15499331776100,6.4632171991988000,332.6036928096150,219.32679187221200,5.982296608417030,328.9529303439540,29.50028276460790,-1.1145091790812100,-1.623499433648640,4.348781219833390
54541560,90.496000,0.000000,0.000000,1023.87,1024.27,1024.49,1027.03,0.07,0.0,1.0,1.0,1.0,1.0,1400.4,-0.05731908063882120,0.03932855781725090,-0.008693488941837250,0.07553054718977270,0.01723766085336020,0.04374601702962780,326.0955711596450,449.16325935641200,6.460481032072890,332.4591683882060,219.42131490490400,6.178958647244370,324.37637787604800,29.591223879233600,1.6069673616050500,-1.5866239044079600,5.611376639161100
54541660,90.595000,0.000000,0.000000,1023.92,1024.29,1024.36,1027.17,0.07,0.0,1.0,1.0,1.0,1.0,1400.38,-0.05809003665340570,0.04740893161219270,-0.007094560305548750,0.08439196395576610,0.015123182033433800,0.11185142833406300,326.08740348343000,449.1579428666840,6.458782120988070,332.67203342822200,219.46811277385400,6.134554525297190,321.4219924168000,29.87299075892250,3.7973251982611300,-1.6420762117269700,6.679941069382880
54541761,90.695000,0.000000,0.000000,1023.81,1024.36,1024.37,1027.28,0.07,0.0,1.0,1.0,1.0,1.0,1400.33,-0.05870721560198480,0.05647053151739580,-0.005731152463099970,0.09558586909232120,0.010251037562863400,0.15071610589241900,326.09730782775100,449.17445754830500,6.42176083967901,333.36713014356400,219.47363366044000,6.650534275181350,318.7166246671490,30.14841191671380,5.823337702115170,-1.812754253263630,8.050395092563350
54541861,90.796000,0.000000,0.000000,1023.8,1024.25,1024.18,1027.22,0.07,0.0,1.0,1.0,1.0,1.0,1400.34,-0.05923072017093880,0.06685901443975660,-0.0050106982673418500,0.10783523842784700,0.0021465894137934200,0.15253935361362400,326.0944247512890,449.1908335441860,6.44202096913822,334.0508698587560,219.5179916294480,6.643560031559530,316.35899892207200,30.51575312917330,7.71453151471568,-1.9840765146924700,9.31583753934401
54541961,90.896000,0.000000,0.000000,1023.8,1024.31,1024.13,1027.32,0.07,0.0,1.0,1.0,1.0,1.0,1400.33,-0.05974833040806160,0.07883112275303330,-0.005520779516635990,0.12937982512924600,-0.012351250618466100,0.2898853925728030,326.0877570762800,449.2366593191120,6.462675801139860,334.47578749546500,219.60562724268600,6.429178664821810,314.1424899882000,30.90153647482030,3.551444980562190,-2.0919870939789600,10.333997036312000
54542061,90.997000,0.000000,0.000000,1023.93,1024.28,1024.09,1027.34,0.07,0.0,1.0,1.0,1.0,1.0,1400.35,-0.06034854943648630,0.09269918886327220,-0.006371639521701280,0.14574985733293600,-0.009625882468068390,0.18130723796924900,326.09398947376300,449.24810579884500,6.439021113083790,334.77124897046800,219.60591782231900,6.362208147394710,311.05951753082400,31.398245101920000,11.748877520499400,-2.1639487798991400,11.508591457309600
54542162,91.097000,0.000000,0.000000,1023.86,1024.27,1024.17,1027.21,0.08,0.0,1.0,1.0,1.0,1.0,1400.39,-0.06104914948479450,0.10844651939874500,-0.0074587340798005400,0.16626347068754300,-0.01483923302130770,0.30192353760406600,326.0955039145500,449.2905176057320,6.432417225589270,334.67518702432900,219.64678056995000,6.458193152823030,307.60713218989200,31.997212710196100,13.983863285122200,-2.139623351042900,12.487424251998800
54542261,91.199000,0.000000,0.000000,1023.87,1024.27,1024.01,1027.15,0.07,0.0,1.0,1.0,1.0,1.0,1400.32,-0.06184159179200110,0.12610702616489900,-0.008321711757016970,0.18670381053467100,-0.011390332019785900,0.3075204309812050,326.0916065359320,449.2596496210560,6.4306595173045500,334.4043850556260,219.5860408434680,6.598351059868750,304.47328777558900,32.53768543438630,15.494968738906100,-2.0728516125810300,13.23698379617110
54542362,91.298000,0.000000,0.000000,1023.89,1024.27,1024.15,1027.06,0.07,0.0,1.0,1.0,1.0,1.0,1400.36,-0.06267716914770940,0.1455127383109940,-0.008483230681338080,0.20222832922753800,-0.005804141852926330,0.2924530053124200,326.0961544802810,449.2884409683550,6.422984493924810,334.1056186201940,219.61818172942400,6.932805744280620,300.65183417055400,33.302159211272600,17.298807757981000,-1.997309491818330,14.173838035957600
54542461,91.398000,0.000000,0.000000,1023.98,1024.29,1024.18,1027.16,0.06,-0.01,1.0,1.0,1.0,1.0,1400.28,-0.06350378646856070,0.1665061388802140,-0.008182000994545040,0.21734684418380700,0.0017965402955952000,0.23167672194399500,326.0904758936670,449.34321725671700,6.433693056423710,334.3333699575300,219.70153831715700,7.045256321852620,296.6084449799460,34.07923150265250,19.32395651090490,-2.0557259746560500,15.599488696249800
54542561,91.499000,0.000000,0.000000,1023.84,1024.27,1024.1,1027.08,0.06,-0.01,1.0,1.0,1.0,1.0,1400.26,-0.06429121876108630,0.1890931410228520,-0.00782345515620634,0.23294429454793800,-0.00653772174714478,0.38982286013280400,326.08648390845200,449.35726287074300,6.409884405525600,334.89152089859800,219.8004623631440,7.058432032079770,293.23725660950300,35.20548661073800,21.700567297956600,-2.196599127323610,17.109145029293700
54542662,91.604000,0.000000,0.000000,1023.86,1024.27,1024.04,1027.03,0.06,-0.01,1.0,1.0,1.0,1.0,1400.38,-0.06508489133625130,0.2134364169043170,-0.008242077321423710,0.2546251915795750,-0.011608763071162300,0.3717982426281340,326.0948448913230,449.3296570181550,6.403710656098220,335.61737597835500,219.8491235183620,6.91408436295473,290.7846153096800,36.14073473284260,23.560798216712400,-2.37618414064706,18.46693461970500
54542761,91.697000,0.000000,0.000000,1023.87,1024.33,1024.08,1026.91,0.06,-0.01,1.0,1.0,1.0,1.0,1400.31,-0.06573071810971180,0.23295180337702,-0.008395301123958610,0.24989910636098700,-0.006982184976662990,0.061600801172892,326.08720127050400,449.3278343804110,6.407295646272830,336.220921417067,219.77552300061700,7.075849810207270,288.24291824374100,37.282448754711300,25.231227149126700,-2.527714295196660,19.785339832648300
54542862,91.797000,0.000000,0.000000,1023.95,1024.27,1024.23,1026.84,0.06,-0.01,1.0,1.0,1.0,1.0,1400.35,-0.06697957052867490,0.2678816165586980,-0.011069234753855100,0.2967899101864630,-0.011135999487631200,0.05853264079679500,326.09838561693600,449.314241801104,6.410139334956290,336.2496333801670,219.77846952451000,7.219694238776730,285.4454627661260,38.43739113217500,26.6487443238692,-2.5322628384043200,20.715171300451600
54542962,91.897000,0.000000,0.000000,1023.87,1024.3,1024.48,1026.64,0.06,0.0,1.0,1.0,1.0,1.0,1400.32,-0.06814141641754920,0.2978376139522430,-0.012105107232161000,0.30658763203244700,-0.01188618403778340,0.1789282025898010,326.09402735058600,449.30601941954100,6.401382029023200,335.9912743934640,219.7242092851810,7.442740275789560,282.53937546117200,39.395186048337100,27.5039685132004,-2.468486427962580,21.4474904147231
54543062,91.997000,0.000000,0.000000,1023.86,1024.28,1024.41,1026.69,0.06,0.0,1.0,1.0,1.0,1.0,1400.36,-0.06938903040634750,0.329235329680874,-0.012280499746333700,0.30899677165215300,0.009230867431113460,-0.22700293086972500,326.0899340335170,449.32608613468000,6.421160240377550,335.77357331739300,219.89667446809400,7.654912452296590,279.91884192688200,40.33361641637510,28.689876337183800,-2.4168764440924600,22.112536558852000
54543161,92.097000,0.000000,0.000000,1023.71,1024.26,1024.26,1026.78,0.06,0.0,1.0,1.0,1.0,1.0,1400.39,-0.07067030558962570,0.3617170186001850,-0.012786381461874500,0.3267988213719300,0.009566921207808190,-0.14391918705257900,326.0893282894950,449.3182962203770,6.397870331888070,335.5714419666310,219.89043637941100,7.925902710280350,276.5350056979530,41.60500587946310,30.165924053455300,-2.3666527674410300,23.054788208091400
54543262,92.197000,0.000000,0.000000,1023.89,1024.35,1024.31,1026.75,0.06,0.0,1.0,1.0,1.0,1.0,1400.39,-0.0719308318828651,0.3949612742248590,-0.012347261659982700,0.3327389761889620,0.00895586112620511,-0.0282552588446872,326.0983225310510,449.3209545455260,6.417284730330380,335.19382755193800,219.8702908496210,8.400215738290130,271.74539362747900,43.70679639142660,32.38914321241990,-2.27003633932026,24.3474642762044
54543362,92.297000,0.000000,0.000000,1023.87,1024.27,1024.45,1026.69,0.06,0.0,1.0,1.0,1.0,1.0,1400.32,-0.07311667080595680,0.42889536539016000,-0.011504335600812800,0.3426900979645440,0.017103919533884100,-0.12768803879037000,326.08813247071,449.3206384761490,6.381155779865130,335.16975795814500,219.89609387978200,8.448424473385190,270.20539502858600,44.584001507599000,33.42618910154350,-2.2668337029346700,24.866563181205900
54543463,92.398000,0.000000,0.000000,1023.91,1024.22,1024.32,1026.77,0.06,0.0,1.0,1.0,1.0,1.0,1400.26,-0.07419903064147380,0.4634025275709000,-0.010333127098258300,0.34340000065445400,0.01365103775340040,-0.07463677432358520,326.0824243690980,449.28590387526,6.41003054941319,335.2372494873900,219.8849176612600,8.389701990179800,267.1316263874420,46.50453076649950,35.132658950709500,-2.285319941631850,26.01605721762510
54543564,92.499000,0.000000,0.000000,1023.82,1024.23,1024.08,1026.85,0.06,0.0,1.0,1.0,1.0,1.0,1400.17,-0.07563390725874470,0.5160473608470460,-0.008894754610416200,0.35592829354346400,0.007070445825848680,0.18584042516918500,326.08772889021200,449.32497915240800,6.415867178870230,334.8695046365920,219.9464966123660,8.738942517649900,264.70874210730000,47.83240147267740,36.96400891543410,-2.191670825599030,26.561165364743200
54543663,92.600000,0.000000,0.000000,1023.77,1024.28,1023.82,1027.06,0.06,0.0,1.0,1.0,1.0,1.0,1400.26,-0.07604640109356980,0.5337625677922080,-0.008078613956933980,0.35616583046372000,0.01256112505893860,0.19667061328747900,326.0866538663360,449.29768366303100,6.398658823505660,334.3253494525930,219.8515398191560,8.815329676205350,262.17290667939100,49.420009905925300,38.84488499893240,-2.0564293035874900,27.058301089143100
54543763,92.699000,0.000000,0.000000,1023.83,1024.31,1023.72,1027.09,0.05,0.0,1.0,1.0,1.0,1.0,1400.22,-0.07672807937732730,0.5692077869564770,-0.006048502413315280,0.35705536117630500,0.020533436101630800,0.15187095748927700,326.0864315289040,449.2830614177250,6.404296678551880,333.496654581551,219.7355040772200,9.11406878236558,258.2862321289510,52.39893924690480,42.04733388669040,-1.848957932897470,27.770865650125300
54543864,92.799000,0.000000,0.000000,1023.97,1024.31,1023.73,1027.21,0.05,0.0,1.0,1.0,1.0,1.0,1400.34,-0.07716044890616720,0.6045321831809080,-0.0032065659870736200,0.3484388551033930,0.02996995223716940,-0.1148337514055740,326.0840406195030,449.33953600616,6.40072376142287,333.16424105008900,219.79025347958600,9.189967225960290,253.70653221265900,53.95740845269580,44.09464041009130,-1.7698516301586400,28.71253196643880
54543964,92.900000,0.000000,0.000000,1024.1,1024.41,1023.82,1026.89,0.05,0.0,1.0,1.0,1.0,1.0,1400.37,-0.07730808855786410,0.6396705887660530,-0.0004737559017737650,0.35147051893288400,0.026046086789197000,0.01895133058470520,326.09307272786200,449.37004784479800,6.4074697166956100,333.62276824769000,219.8819014313140,9.303532034726510,253.05908109534100,54.673602540207500,44.932930712291900,-1.8792476471791000,29.75463336418260
54544063,93.001000,0.000000,0.000000,1023.98,1024.27,1024.16,1026.62,0.05,0.0,1.0,1.0,1.0,1.0,1400.32,-0.07723649280907310,0.6746498510036010,0.0011875245786770500,0.34940547946194400,0.009473155859732600,0.1731931839874740,326.11243711856600,449.4819753302220,6.416252280708530,334.8289426191010,220.117267452451,8.811676122424900,252.7229711763360,55.60195263927890,46.91840666202640,-2.176353839921280,30.87548111303480
54544163,93.099000,0.000000,0.000000,1023.9,1024.28,1024.58,1026.59,0.05,0.0,1.0,1.0,1.0,1.0,1400.37,-0.07710390031108370,0.7095570962200820,0.0013578119787878000,0.3525575867966430,3.00652694920149E-05,-0.16020466862253800,326.10508805822400,449.51503767412400,6.418567626271150,334.44451108474000,220.11447365554900,8.993446606501580,251.57819077975900,56.12514588624400,47.62213927652670,-2.081962732434450,30.92734320964550
54544264,93.201000,0.000000,0.000000,1023.98,1024.26,1024.61,1026.69,0.05,0.0,1.0,1.0,1.0,1.0,1400.35,-0.07695133224072330,0.7441251365002620,0.0016728505967979100,0.3441008732611840,0.0032686220240579900,-0.18104592816094900,326.1022115526080,449.4623245116000,6.415191645330870,334.7418164094400,220.14890099664900,8.86093173553497,251.19325894643000,56.685116156730800,48.03926612204390,-2.157653340165310,31.387498295651400
54544367,93.300000,0.000000,0.000000,1023.94,1024.24,1024.48,1026.74,0.06,0.0,1.0,1.0,1.0,1.0,1400.29,-0.07670628918991360,0.7947677833724090,0.001339844212717710,0.33430684177068300,-0.008660614902938720,0.06150685983575070,326.1086341088980,449.43635346766400,6.406311168059480,335.8774420047230,220.0301071852250,9.172915668811270,247.67194798377900,61.73794964589130,52.23708767339350,-2.438353485875620,34.00466859781020
54544467,93.405000,0.000000,0.000000,1023.87,1024.32,1024.67,1026.83,0.05,0.0,1.0,1.0,1.0,1.0,1400.21,-0.0766573951522315,0.8281849782686900,-0.00011718422527715500,0.3381671856158340,-0.01758681370456390,0.15349540506254500,326.10357060321200,449.4215581673560,6.405738394907540,336.2411215708300,220.07794799865,9.14906098260177,245.85329305102700,63.8790311819472,53.68882155216940,-2.5309666809674000,35.118667531133300
54544567,93.501000,0.000000,0.000000,1023.96,1024.35,1024.8,1026.65,0.06,0.0,1.0,1.0,1.0,1.0,1400.35,-0.07669617953889110,0.8449833167452590,-0.000988109365477819,0.33591483671973300,-0.017371124682615600,0.2211131948571820,326.1069604414890,449.46915183879800,6.404212071847860,336.76672992053100,220.17960721540800,9.599702925631430,241.81322009618700,68.21735567405890,56.75014125677730,-2.6617888248531300,37.322752278206200
54544667,93.602000,0.000000,0.000000,1023.8,1024.29,1024.84,1026.62,0.06,0.0,1.0,1.0,1.0,1.0,1400.37,-0.07691962845170530,0.8788959955463940,-0.003069970972939420,0.34703362404651300,-0.02366460183650750,0.405995196728551,326.1047583729730,449.43974530089800,6.394475685924200,336.81213890308600,220.17777687636600,9.871331274612030,240.04019276040300,70.04706570278760,57.93035850108260,-2.6739814173371700,38.15316811397210
54544767,93.702000,0.000000,0.000000,1023.83,1024.32,1024.88,1026.64,0.06,0.0,1.0,1.0,1.0,1.0,1400.42,-0.07733878818865170,0.9134381106883460,-0.004858752695433010,0.34783198486571400,-0.0170096975330214,0.039951976715192800,326.1040846910280,449.44405510074600,6.39049588046917,336.81004919240700,220.18014061311800,10.533532020909000,235.07534601186000,74.60424950762290,60.46090397851580,-2.6736056403786700,40.2947193750801
54544867,93.802000,0.000000,0.000000,1023.88,1024.36,1024.99,1026.53,0.07,0.0,1.0,1.0,1.0,1.0,1400.43,-0.07826553387403030,0.9667408617256560,-0.006945225001391000,0.3584752988786010,-0.008954266778257920,-0.0584878050808622,326.1092298827480,449.5137534835860,6.403517436989140,336.5760151631500,220.41996015346300,10.846630587853800,232.1999886048160,76.35914387551730,62.02417063238660,-2.6158974764515700,41.156158724041500
54544968,93.903000,0.000000,0.000000,1023.96,1024.34,1025.22,1026.53,0.07,0.0,1.0,1.0,1.0,1.0,1400.37,-0.07863191592618300,0.984915816510168,-0.007423079070505890,0.3643624125871910,-0.006560631883267460,0.015192206314871700,326.1046971284020,449.51280483270100,6.406274549574500,336.327663677919,220.45828821445700,11.092220361864400,229.7155555642650,78.20852109671110,63.97347210239910,-2.555480657544700,41.96146446161580
54545068,94.003000,0.000000,0.000000,1023.99,1024.34,1025.17,1026.63,0.07,0.0,1.0,1.0,1.0,1.0,1400.22,-0.07940553923631270,1.0217138972459600,-0.007796817586820130,0.3679506461325370,-0.0006976945906048950,0.0007798720888647430,326.0987368725360,449.53780509494600,6.414275308918250,336.3766585047620,220.47916151313300,11.11048755192510,228.9282000482840,79.18654479988410,64.78911073807790,-2.569153439773500,42.39011982266170
54545168,94.103000,0.000000,0.000000,1023.93,1024.33,1025.04,1026.73,0.07,0.0,1.0,1.0,1.0,1.0,1400.23,-0.08061627671338,1.0776307814367600,-0.008411888168994760,0.37609468693217700,-0.00757206873300034,0.08416605597063060,326.10472918270900,449.5997482416620,6.415920497716220,337.11110411933400,220.6302553951040,11.249663776778700,227.68748646725700,81.48102622667750,66.44355052196270,-2.7496255432459200,43.67991275410300
54545269,94.203000,0.000000,0.000000,1023.96,1024.4,1024.99,1026.59,0.07,0.0,1.0,1.0,1.0,1.0,1400.29,-0.08105179790331710,1.0964284599999000,-0.00892940059854124,0.3802561843213720,-0.012598924826072000,0.12892390760646800,326.1111538806580,449.5866033243180,6.417926143833280,338.09413536196300,220.79131041007500,11.06266769423700,227.12985988544300,83.70750770468110,68.59595398095780,-2.998084075140720,44.98505967952190
54545368,94.305000,0.000000,0.000000,1023.9,1024.4,1025.09,1026.55,0.06,0.0,1.0,1.0,1.0,1.0,1400.31,-0.0825683365876508,1.1532385864041300,-0.011245382141370500,0.383444938426646,-0.03282598062878780,0.5672714354079710,326.10658315013000,449.57242177316100,6.3809854062364000,338.06069294352400,220.81728954182000,11.396348813869700,225.35325144105600,86.0101735349061,70.04717326716900,-2.991397779099700,45.88059345994920
54545468,94.405000,0.000000,0.000000,1023.82,1024.42,1024.97,1026.45,0.06,0.01,1.0,1.0,1.0,1.0,1400.31,-0.08374742024769580,1.1913639463544100,-0.012133849550163900,0.3894604668543820,0.008571110823222040,-0.20657503131671800,326.1093803347120,449.5542511667930,6.377031095799100,336.86154937678800,220.66509002758500,11.671594916853300,222.9210503539190,87.5876438679631,70.86761437198100,-2.6895173000793700,45.94907084200430
54545569,94.505000,0.000000,0.000000,1023.86,1024.42,1025.12,1026.46,0.07,0.01,1.0,1.0,1.0,1.0,1400.43,-0.08488084944330680,1.2292420720458000,-0.010557817971022600,0.36864864075871900,0.012537918201426900,-0.20171402393235100,326.09981100683400,449.5271253851440,6.399498357483420,335.2589455856850,220.6046749102120,12.14268763941650,219.63899140088200,89.16382035380030,72.00860957125750,-2.2911689248489300,45.918321617533600
54545669,94.606000,0.000000,0.000000,1023.87,1024.43,1025.17,1026.5,0.07,0.01,1.0,1.0,1.0,1.0,1400.38,-0.08578405291624440,1.2663491549425800,-0.0077467915254743300,0.36633756016395300,0.04288978327183130,-0.39905834112814100,326.1009684920910,449.4854746778170,6.391342412535100,333.3828056074460,220.3823982887800,12.579962817467600,216.10812800456100,91.12318657990910,74.00008634019600,-1.8204824220729800,45.85788663139170
54545769,94.707000,0.000000,0.000000,1023.92,1024.35,1025.26,1026.46,0.07,0.01,1.0,1.0,1.0,1.0,1400.35,-0.08628954628997280,1.302247913216700,-0.003348115969685290,0.3537243938675350,0.04566847279544140,-0.13759408794657900,326.10410050000500,449.45170963556600,6.411929928800990,333.1025941825520,220.3645857237720,12.739642664671100,214.91813354191000,92.61884772038090,75.18731577114390,-1.7498123492051500,46.273199955424400
54545869,94.807000,0.000000,0.000000,1023.89,1024.39,1025.35,1026.45,0.07,0.01,1.0,1.0,1.0,1.0,1400.34,-0.08635860876274590,1.3367366229355200,0.0007691341183769330,0.3401530352837880,0.0368434180241464,-0.2762052767219910,326.1004879943840,449.4820655193850,6.399059702954600,333.3609216891800,220.36187051369100,12.84690819716950,214.3703408141910,93.49184308463650,76.09165550661970,-1.8149995573589800,46.79438760323860
54545969,94.905000,0.000000,0.000000,1023.93,1024.3,1025.1,1026.43,0.08,0.01,1.0,1.0,1.0,1.0,1400.37,-0.08607881489783300,1.3698635585266700,0.003916076352229150,0.32567020339425000,0.02856920951196800,-0.12528014982960800,326.10376306811500,449.51010838370400,6.38392737038208,333.3060466361620,220.48845359494700,13.18003468785410,212.20736754915300,96.00022628324620,78.03701669366120,-1.801246675829910,47.811757068225700
54546069,95.005000,0.000000,0.000000,1023.83,1024.31,1025.34,1026.35,0.08,0.01,1.0,1.0,1.0,1.0,1400.4,-0.08551505861551940,1.4017399953341400,0.006688191332889640,0.31512365551347500,0.02885829139623000,-0.07536511126752720,326.1001998081220,449.4895293131420,6.394256160752170,332.55515940747100,220.57026172681900,13.734503858071800,210.4205571909760,97.99824048560510,79.4178620864263,-1.6151718989143500,48.127926311339400
54546169,95.104000,0.000000,0.000000,1023.87,1024.36,1025.35,1026.32,0.07,0.01,1.0,1.0,1.0,1.0,1400.41,-0.08465976897472130,1.4324075960918900,0.009607944559223290,0.29837275519183600,0.02514486525818100,-0.31427063849639500,326.10591559542400,449.4729508304020,6.4060357670134,331.8441086290300,220.48923987640000,14.052390295581100,208.61337004447300,99.19434888646060,79.66229858845860,-1.43549707938693,48.324580885116600
54546270,95.205000,0.000000,0.000000,1023.86,1024.31,1025.41,1026.25,0.07,0.0,1.0,1.0,1.0,1.0,1400.49,-0.0834794132914029,1.4617299461464300,0.013045674806605400,0.28600143676650800,0.03185330719857530,-0.24540205966471100,326.10159680327700,449.4747460698760,6.362507587712440,330.79226232447500,220.4235355118360,14.305235187455700,207.52078875546700,99.27942007537500,79.82811709101230,-1.173177720418540,47.845037072260000
54546370,95.305000,0.000000,0.000000,1023.78,1024.41,1025.38,1026.19,0.07,0.0,1.0,1.0,1.0,1.0,1400.44,-0.08192309416685720,1.4893824128419100,0.016821387192146900,0.26471575701380900,0.027752109043769800,-0.4220700546032690,326.09949927305400,449.47150173623400,6.4099257859277800,329.25001002063800,220.45084503466400,14.572195074525000,205.54925847147800,99.5283538409044,79.72488651477200,-0.7881366965582190,47.22697096079300
54546469,95.405000,0.000000,0.000000,1023.8,1024.4,1025.28,1026.2,0.06,0.0,1.0,1.0,1.0,1.0,1400.38,-0.0799078198303998,1.5149506004315200,0.021787637663955500,0.24314058304592300,0.039550478963535800,-0.3961520646805350,326.0903221630250,449.49737655734600,6.422289855001790,327.1577573179790,220.4936167756790,15.263187352643300,202.64051354751900,100.70710875506700,99.74888704399410,-0.2670658613254900,46.64347744230150
54546569,95.504000,0.000000,0.000000,1023.76,1024.37,1025.36,1026.3,0.06,0.0,1.0,1.0,1.0,1.0,1400.38,-0.07730043024031280,1.5381072579540400,0.028107277036427400,0.21802296708487400,0.04007304993990400,-0.4824888164305420,326.09830626892400,449.45415579180800,6.3894871302506900,325.0050184578870,220.47199121052700,16.11387229939870,198.78849135284600,102.59883053695200,99.08290226548590,0.27355973987088400,46.41057746772500
54546669,95.604000,0.000000,0.000000,1023.66,1024.48,1025.42,1026.14,0.06,0.0,1.0,1.0,1.0,1.0,1400.32,-0.07396018716781000,1.5587128836879000,0.035893418578733200,0.19363462682088400,0.05236091295764290,-0.4125432427684950,326.09831740186700,449.46503635187600,6.420711266978190,322.59652830442700,220.52553616946100,17.08522878479770,194.91179046476500,104.16974322019400,98.59804054410660,0.8763105148213410,45.90527784252650
54546770,95.704000,0.000000,0.000000,1023.67,1024.5,1025.59,1026.24,0.06,0.0,1.0,1.0,1.0,1.0,1400.27,-0.06976424432243130,1.576694422764430,0.04080373952438580,0.1834605077140820,0.05251119870339210,-0.4452687562156670,326.0902744328430,449.475703756914,6.391508065595560,320.1487676103580,220.61388989577200,17.873090682966400,191.04451663981100,105.00658381519100,97.9421881814173,1.4871280212319000,45.182665790382400
54546870,95.804000,0.000000,0.000000,1023.59,1024.57,1025.27,1026.17,0.06,0.0,1.0,1.0,1.0,1.0,1400.42,-0.06459845206901000,1.5918682151892600,0.054493326047102400,0.1384481861750930,0.062303949752240300,-0.3846019578326970,326.09846884978900,449.4705821695430,6.415922792189090,318.05553694985800,220.71389734350600,18.48930895494910,187.732691484192,105.35094168856400,97.89785062278580,2.013651780657390,44.45715331945260
54546970,95.905000,0.000000,0.000000,1023.49,1024.61,1025.53,1026.23,0.06,0.0,1.0,1.0,1.0,1.0,1400.31,-0.05840025941921860,1.6041020974515700,0.06576006399064920,0.11097119943156400,0.060598719448188800,-0.3707071845454690,326.0904036463630,449.4515355477610,6.431180248398560,316.18907165788000,220.80920876369300,19.342151837002100,184.13883061302100,106.64768928530100,97.6743857576923,2.4796384652692800,44.196293917414000
54547070,96.006000,0.000000,0.000000,1023.45,1024.7,1025.63,1026.11,0.06,0.0,1.0,1.0,1.0,1.0,1400.38,-0.05118703182691010,1.6135003793198700,0.07539051668273280,0.08366296023811230,0.08926075237488160,-0.2599487089769330,326.0968591837460,449.4204226407500,6.416362669140370,314.5538533731350,220.9745452443470,20.669473175797400,179.7242745798180,109.45283058556600,97.93790644325460,2.892604303355360,44.619588581039400
54547170,96.105000,0.000000,0.000000,1023.34,1024.73,1025.62,1026.19,0.06,0.0,1.0,1.0,1.0,1.0,1400.41,-0.04302606632058050,1.6204846531028000,0.08498724583824760,0.06194664481785240,0.0749731782375594,-0.212396091860587,326.0912577037780,449.4115267158140,6.406862459160010,312.79995876681200,221.24203911141700,21.981059731815000,174.86093482882000,113.31599470116000,97.96080212346910,3.333818746845380,45.29207872606300
54547271,96.206000,0.000000,0.000000,1023.39,1024.68,1025.71,1026.2,0.06,0.0,1.0,1.0,1.0,1.0,1400.39,-0.03396474136441390,1.6256270428941100,0.0936923318050398,0.04569249167795020,0.05658252401643400,-0.1569017109070050,326.08393379504000,449.385212486169,6.416221381145710,310.48394250099600,221.55282446232400,23.463025039472200,169.49136052627000,117.85828987270600,98.82829817367640,3.9170056355948300,45.83295988686590
54547370,96.306000,0.000000,0.000000,1023.42,1024.73,1025.59,1026.16,0.06,0.0,1.0,1.0,1.0,1.0,1400.35,-0.0239850877318408,1.6294903527178300,0.10302141840892700,0.034710199225252700,0.04617912502278180,-0.11196752522738100,326.09958787140900,449.42874866443600,6.415637921681470,308.3043840150440,221.93814176321700,24.85453211153550,164.4744554319780,121.65618469234400,94.36082358203990,4.47279153788103,46.169208263439000
54547470,96.405000,0.000000,0.000000,1023.37,1024.65,1025.62,1026.22,0.06,0.0,1.0,1.0,1.0,1.0,1400.32,-0.01590191180021160,1.6317723899240600,0.10632272756574300,0.02736897501013610,0.038841133449849200,-0.09872206703229830,326.0940392670030,449.4649458357260,6.43451433273384,305.7630505786530,222.32558785459300,25.96599958374100,159.60486328926300,124.81223752368800,98.90335420276710,5.114850115982050,46.060002268225600
54547570,96.506000,0.000000,0.000000,1023.53,1024.58,1025.54,1026.15,0.06,0.0,1.0,1.0,1.0,1.0,1400.21,-0.0013157303136609800,1.6345348292959700,0.12484148740657600,0.018456756094368100,0.17682696104897200,-0.07917172376735220,326.0943407123690,449.45130561397000,6.424387062565430,303.35212270304800,222.69015226938400,26.670963926132000,155.76492322875000,127.09408231339500,98.7617261879837,5.727129465901030,45.61356041499230
54547670,96.606000,0.000000,0.000000,1023.47,1024.56,1025.62,1026.1,0.05,0.0,1.0,1.0,1.0,1.0,1400.33,0.011378212848938200,1.6357411144985800,0.12853150682934800,0.008349816530968260,-0.008100707090192450,-0.1048152408298290,326.0960768595980,449.44550558655300,6.434346968909620,301.2402997999430,222.91143335446400,27.28340652541150,152.7390392807450,128.65561314468500,98.36034828257390,6.261561611213360,45.07301120429380
54547771,96.705000,0.000000,0.000000,1023.7,1024.53,1025.62,1026.09,0.05,0.0,1.0,1.0,1.0,1.0,1400.32,0.024955441038153800,1.635896683547860,0.1373622416835800,-0.002720629693674670,-0.06632605029422450,-0.11428726413212500,326.0945252219350,449.4415622273860,6.458992953486530,298.9180901379990,223.27627878748900,28.169569202238500,149.3912676101070,130.55447052998700,97.87934363619410,6.851913975251380,44.49305829906250
54547871,96.806000,0.000000,0.000000,1023.64,1024.52,1025.58,1026.07,0.05,0.0,1.0,1.0,1.0,1.0,1400.38,0.039387829129475300,1.634846390237350,0.1472767335751570,-0.015393468073839100,0.042871486034872200,-0.13112714444334900,326.0866752066980,449.4485887354690,6.466430416641610,296.4871374238190,223.70490383736100,28.812689175267600,146.26747813187300,131.83793205338500,97.05670280905500,7.470014313168750,43.612061809973700
54547971,96.905000,0.000000,0.000000,1023.59,1024.5,1025.56,1026.03,0.05,0.0,1.0,1.0,1.0,1.0,1400.32,0.05463015184229880,1.632406679060480,0.15485623060241600,-0.029830692124213600,0.023983566591879300,-0.13920560571403300,326.0893770195270,449.4327997472970,6.448570560903710,294.4808464782140,224.02292302898600,29.32826418231210,143.54889335166700,132.7667510055640,96.00579062876340,7.98236107268053,42.87736576197070
54548070,97.006000,0.000000,0.000000,1023.71,1024.43,1025.58,1026.1,0.05,0.0,1.0,1.0,1.0,1.0,1400.33,0.07059900598361240,1.6284454510205000,0.16000400045884100,-0.0449542393699754,-0.08935979194335280,-0.11662109598529800,326.0878892819790,449.448739216998,6.46194897611076,292.6480737404240,224.35653267511600,29.758025919221400,141.32741098394000,133.40143863334400,95.29183589104210,8.450087447986760,42.09079368710240
54548170,97.105000,0.000000,0.000000,1023.7,1024.34,1025.49,1026.14,0.05,0.0,1.0,1.0,1.0,1.0,1400.4,0.08717775994257620,1.622881611066100,0.16850829948006700,-0.06191132030047020,0.052290892629855100,-0.16095464429641100,326.0845835565110,449.4546355484500,6.4769594044563600,291.7718149555320,224.4941570122050,30.13240501079480,140.21425150446100,133.2099958178120,95.18201701454070,8.672368453545930,41.59441889267140
54548271,97.205000,0.000000,0.000000,1023.86,1024.28,1025.53,1026.11,0.05,0.0,1.0,1.0,1.0,1.0,1400.36,0.10415009638304300,1.6158020334171100,0.17080941984138000,-0.07603360546989530,0.030622512624801200,-0.1372309311036400,326.08427432298900,449.4417264084960,6.448621093898780,292.36337776668500,224.41437270556700,29.898324041536400,141.11457935913700,132.4587405898650,94.333625157337,8.522496543286790,41.656411588890900
54548370,97.306000,0.000000,0.000000,1023.92,1024.18,1025.61,1026.14,0.05,0.0,1.0,1.0,1.0,1.0,1400.3,0.12117143446973500,1.6075229580442700,0.16974311910322500,-0.08654740403845380,-0.013191859220602800,-0.0969623289975412,326.08696157436400,449.4617142663710,6.455510991203920,293.27519997847200,224.33471289191300,29.695889929908700,142.72684761897400,131.54111028676900,94.83467913704780,8.29234537579983,41.766842890182600
54548471,97.406000,0.000000,0.000000,1024.04,1024.14,1025.64,1025.99,0.05,0.0,1.0,1.0,1.0,1.0,1400.47,0.13786272021516400,1.598431673600960,0.16097240879938300,-0.09086563458490800,-0.11443586005771500,-0.016959316608277800,326.08959614888400,449.4815402271930,6.486226242496120,294.6075102964860,224.15134006225500,29.449391155982300,144.63807015186000,130.30079368970800,93.06531633417800,7.953613560980110,42.05453074915470
54548570,97.506000,0.000000,0.000000,1024.1,1024.11,1025.6,1026.13,0.05,0.0,1.0,1.0,1.0,1.0,1400.43,0.15389011522768800,1.5888777823501300,0.15885242909392100,-0.09794898608549030,-0.06263945201965740,-0.052841010605445500,326.08738296372100,449.4721628424880,6.4252136734725900,296.4678798687470,223.76910618661500,28.766779148134000,148.27712272696300,126.75164231223300,91.70300968961680,7.4763263190211400,41.83539713564640
54548670,97.606000,0.000000,0.000000,1024.23,1023.91,1025.74,1026.08,0.05,0.0,1.0,1.0,1.0,1.0,1400.35,0.168904358961528,1.5790411037838500,0.1467045982382750,-0.09978608890655690,-0.11090265651527200,-0.027140484304106200,326.0740468932010,449.5179545069530,6.482636757608220,298.4140618226980,223.45512138095900,27.921487799029800,151.95775390985300,123.46027128605700,90.17635283814740,6.975769017473680,41.724672676209400
54548770,97.705000,0.000000,0.000000,1024.28,1023.88,1025.56,1026.22,0.05,0.0,1.0,1.0,1.0,1.0,1400.27,0.1826226876870510,1.5690467767954400,0.13174490621902800,-0.10037095288985300,-0.07942852720335710,-0.06175714890162050,326.0843702155130,449.47908472775500,6.4410541567782300,300.71508712152100,222.92609088220800,26.597832923577700,156.96630970858200,119.98373410767100,88.49181629917610,6.389333331456700,41.61386595510480
54548871,97.806000,0.000000,0.000000,1024.37,1023.93,1025.67,1026.17,0.05,0.0,1.0,1.0,1.0,1.0,1400.26,0.19472261327282400,1.5590086857206300,0.1145947896151380,-0.10061722210642400,-0.221288488830854,0.03363588690724870,326.0782065394760,449.420095799997,6.458107403750400,303.5767553889210,222.18169544847300,25.063415399375900,163.58460634378200,116.1001625441430,89.23058788838700,5.655069928340890,41.53618570313310
54548970,97.906000,0.000000,0.000000,1024.32,1023.91,1025.92,1026.04,0.05,0.0,1.0,1.0,1.0,1.0,1400.34,0.20495479810315400,1.5490317657285300,0.09312253497270070,-0.09734774952419670,-0.039997556484346000,-0.13875981407523000,326.09330041970500,449.4664879509120,6.426632906547690,306.2449365210730,221.87339842613800,24.098174767946000,168.86909574495400,112.1889572054960,87.22381840820850,4.984147299469100,41.42692982312430
54549071,98.006000,0.000000,0.000000,1024.25,1023.93,1025.88,1025.84,0.05,0.0,1.0,1.0,1.0,1.0,1400.4,0.213141990262168,1.5391680869450400,0.07786936249140680,-0.10370148440978900,-0.1186717948409280,-0.14388975425329000,326.08244830301200,449.41222455603400,6.425284913958030,308.0813250328780,221.60365396042,23.361986421741200,173.62479863793400,107.78951024065800,85.2520971027373,4.518046662407250,40.7168130746359
54549170,98.105000,0.000000,0.000000,1024.27,1023.87,1025.94,1025.87,0.05,0.0,1.0,1.0,1.0,1.0,1400.35,0.21923268046946700,1.5292241922568500,0.0538294047825692,-0.10159694647209000,-0.06432922753335150,-0.27731364705344600,326.07517782082300,449.32697672031100,6.435317728085380,308.87555978489300,221.30784871798400,22.60612129015720,177.54089133360100,104.4748207335600,83.28459504295510,4.313685700883220,39.716895479797200
54549271,98.205000,0.000000,0.000000,1024.23,1023.98,1025.7,1025.93,0.05,0.0,1.0,1.0,1.0,1.0,1400.31,0.22335094524489200,1.5188998853898200,0.035916041907324700,-0.11049224290346900,-0.056641525364964600,-0.45174905617726500,326.0752214502230,449.29814825377900,6.4381777514663800,309.7563639370590,221.14082605580300,22.06524813751810,180.3879578450190,101.91070967117300,72.23105612598130,4.091089922401100,39.153149807933100
54549371,98.306000,0.000000,0.000000,1024.17,1024.06,1025.7,1025.96,0.05,0.0,1.0,1.0,1.0,1.0,1400.32,0.22563308998681500,1.5081216339734800,0.016740344589205600,-0.1136854624275070,-0.12091582362762300,-0.42497031547795200,326.0794153708190,449.30726214519700,6.4391024739822200,311.7493340656710,220.929831308548,21.357717859532600,184.31724925553100,98.90625987854530,80.27715439997040,3.590451803793910,39.06114659030610
54549470,98.406000,0.000000,0.000000,1024.15,1024.0,1025.67,1026.04,0.05,0.01,1.0,1.0,1.0,1.0,1400.32,0.2261211111538200,1.4970260902585200,-0.001944894719001420,-0.11843542690267900,-0.19446358709688700,-0.28934984934919900,326.07742114087300,449.29816979881200,6.435880963557690,313.82543384320200,220.7493486927400,20.72309689153930,188.45207400760900,96.27493175001120,79.87237689076310,3.0685604145843000,39.0690263385099
54549570,98.506000,0.000000,0.000000,1024.12,1024.19,1025.71,1025.84,0.05,0.01,1.0,1.0,1.0,1.0,1400.52,0.22484726354459700,1.48579864088406,-0.019055361476973400,-0.11211591677902300,-0.16619195516048000,-0.0008889263532445750,326.07947740155100,449.3049772429300,6.406074479882460,315.10156207572200,220.5909617466140,20.374421929299900,191.3447074689270,94.30262343617390,79.15109278752870,2.7479988480993500,38.923953652549500
54549670,98.605000,0.000000,0.000000,1023.85,1024.27,1025.96,1025.52,0.05,0.01,1.0,1.0,1.0,1.0,1400.52,0.22194706723047400,1.4745264972103200,-0.034559365524013000,-0.11295081749803500,-0.142101498142088,-0.00808815141280534,326.08171441117500,449.3272300061760,6.424313211175760,315.2774039750500,220.5848616658180,20.232439585134300,193.29782597137800,90.93918507537770,75.84179036049040,2.7042722625165400,37.84640300899320
54549770,98.705000,0.000000,0.000000,1023.93,1024.26,1026.14,1025.35,0.05,0.01,1.0,1.0,1.0,1.0,1400.33,0.2176831825790590,1.4629226795393800,-0.04706839329855450,-0.11874618848542800,-0.11192045209112400,-0.08367590298774420,326.0789385807030,449.33790966305400,6.440336004093280,314.378918562137,220.66052300967700,19.960592277865300,194.7685391036280,87.29620929039470,60.57687655181470,2.9289198616872500,36.030120597228700
54549871,98.806000,0.000000,0.000000,1023.77,1024.32,1026.11,1025.33,0.06,0.01,1.0,1.0,1.0,1.0,1400.34,0.21242483855663900,1.4503736090343700,-0.055351170943999900,-0.12994573884863000,-0.07384264530713120,-0.1398819603060630,326.0757324805630,449.3095143008810,6.440059680454940,313.5197684129,220.66107763077600,20.389589184294400,196.19075364163800,84.38399165308030,57.70973932213780,3.1431744601107400,34.440760455972800
54549970,98.906000,0.000000,0.000000,1023.78,1024.27,1026.13,1025.3,0.05,0.01,1.0,1.0,1.0,1.0,1400.31,0.206513633609413,1.4363822670365700,-0.06097322067905790,-0.14592532527300100,-0.04807430409784760,-0.16716482767158000,326.07710891525100,449.30659438347800,6.440750891278590,313.746460793424,220.60327445027500,20.09913183597520,199.5049685195580,80.76121702867830,64.23712539275930,3.086141135112680,33.074213607298600
54550070,99.006000,0.000000,0.000000,1024.0,1024.28,1026.36,1025.36,0.05,0.01,1.0,1.0,1.0,1.0,1400.4,0.20013689225930900,1.420688323218270,-0.06520492576587290,-0.1631704782410390,-0.03550831243722330,-0.1603063980259900,326.0756283977540,449.32933972858000,6.423841094052910,314.6799204340260,220.59905009589800,19.96485378632980,203.36290386874100,77.46381878753600,61.41661063980470,2.8522088001941400,32.16797567303360
54550170,99.106000,0.000000,0.000000,1023.89,1024.41,1026.47,1025.25,0.05,0.01,1.0,1.0,1.0,1.0,1400.33,0.1933687958609720,1.4032700797838500,-0.06877150838455630,-0.18017789376287400,-0.02347071300676160,-0.15096808207759500,326.07836241195800,449.35800887042200,6.416327878598540,315.1891112147660,220.54893418899900,19.879949998934300,207.0970325635640,73.95986402153440,49.4860982568164,2.7247072485821500,30.95496476224670
54550270,99.205000,0.000000,0.000000,1023.94,1024.3,1026.58,1025.18,0.05,0.01,1.0,1.0,1.0,1.0,1400.36,0.18629526114225400,1.3840698071981400,-0.07144106433510920,-0.19845725434732000,-0.006040164086368450,-0.14704094074627500,326.0792155241480,449.3829884703450,6.416379335951190,315.2825983727280,220.6085582804270,19.71415220035490,210.942391879258,69.93096668860320,46.5365518547533,2.7019713594800300,29.297623957282200
54550371,99.306000,0.000000,0.000000,1023.89,1024.21,1026.65,1025.14,0.05,0.01,1.0,1.0,1.0,1.0,1400.25,0.1790419168052500,1.362871172824020,-0.07228826802189610,-0.21834714879490800,0.0031022032545875100,-0.1909506206739440,326.07860790710100,449.3863995171290,6.412848268427910,314.8564593081000,220.64475294351500,19.306052058100200,214.32207612350600,66.28422170963170,43.52169366926500,2.808699844191790,27.458634058407700
54550471,99.405000,0.000000,0.000000,1024.01,1024.27,1026.56,1025.34,0.06,0.01,1.0,1.0,1.0,1.0,1400.4,0.17177845739806900,1.3394631230206400,-0.07260574576189680,-0.2432049046765770,0.006283077723394240,-0.23401063727226600,326.07567910469000,449.3514628312810,6.430248985500640,315.3612754189670,220.50632753927600,19.084700306073200,219.61105799838200,62.64993944702370,46.276123659537800,2.6805994277380700,25.878350547762800
54550571,99.506000,0.000000,0.000000,1024.09,1024.24,1026.44,1025.5,0.06,0.01,1.0,1.0,1.0,1.0,1400.35,0.16457952352821600,1.31372424782299,-0.07170846809129500,-0.2659493445307000,0.030772507701012200,-0.13927762360008400,326.0806558014080,449.36071802611300,6.413953665956220,316.17754763747300,220.38512083940900,18.55251745708510,224.03710221961900,59.763705529725400,39.084447188646200,2.4764775018557900,24.887774959447900
54550670,99.607000,0.000000,0.000000,1023.9,1024.18,1026.45,1025.49,0.06,0.01,1.0,1.0,1.0,1.0,1400.31,0.15744834005548000,1.2858333921205900,-0.07102440372822610,-0.28613065200480500,0.010284558309719900,-0.17906307685035100,326.0856813573000,449.3850007252800,6.425523262173780,316.8991521262600,220.31573245798600,17.983989720119400,228.51724775309200,57.07032825524810,37.73662817741880,2.296543102249330,23.83825685484990
54550771,99.706000,0.000000,0.000000,1023.97,1024.21,1026.4,1025.54,0.06,0.01,1.0,1.0,1.0,1.0,1400.41,0.15039675653060300,1.2560501353484500,-0.06907062263653150,-0.3002488912845380,0.06290069056127450,0.038628074820037000,326.0811928192320,449.37874130298100,6.420250022647190,316.9096423992690,220.28945199792800,17.70356607652120,232.22451485446400,54.68085574929980,38.60090420596490,2.2926023810405000,22.498048137955900
54550871,99.806000,0.000000,0.000000,1023.99,1024.25,1026.28,1025.66,0.06,0.01,1.0,1.0,1.0,1.0,1400.37,0.14347575038321000,1.2244049583614400,-0.0686382813148651,-0.3234471947963900,0.029437829780924000,-0.12044477455940000,326.09987505827800,449.43293490084900,6.4160229551054800,317.2497418156560,220.33830676948900,17.3631380141068,235.4856949452200,52.16210984712260,33.830030965660200,2.212287859383940,21.50355784583070
54550972,99.905000,0.000000,0.000000,1023.95,1024.31,1026.36,1025.63,0.07,0.01,1.0,1.0,1.0,1.0,1400.29,0.13672276252235700,1.1911492432930700,-0.06672466426064880,-0.33627272858694700,0.027946097692126700,-0.05240744588106160,326.10218074475000,449.46375235832100,6.4298183517825700,318.03036634379300,220.3485430771290,17.238953958701900,237.7445682288780,50.650638870222200,32.583863102762400,2.017717206312200,21.283871127375700
54551073,100.008000,0.000000,0.000000,1023.92,1024.22,1026.42,1025.57,0.07,0.0,1.0,1.0,1.0,1.0,1400.43,0.13012271017903300,1.156831669107590,-0.06564642216706280,-0.3472960192401820,-0.04682455510962950,-0.3990844062034530,326.0902285800410,449.4191818554840,6.420589215648480,318.6181290901070,220.28859760464900,17.1957735963521,241.22496113084700,49.350209031165800,32.96928061748710,1.8677912465686400,20.62328375892940
54551172,100.108000,0.000000,0.000000,1023.93,1024.26,1026.71,1025.52,0.07,0.0,1.0,1.0,1.0,1.0,1400.32,0.12367484618737900,1.121817123156600,-0.0651038503681641,-0.35923772348335000,-0.03036357002319780,-0.3250970517387630,326.0980419405980,449.4448223000970,6.41949782513268,318.61478296603000,220.28901742074800,17.159580507970600,244.13114830149000,48.03996229295770,30.261531218457200,1.8701210195459500,19.64429434668970
54551273,100.207000,0.000000,0.000000,1023.99,1024.27,1026.79,1025.38,0.07,0.0,1.0,1.0,1.0,1.0,1400.3,0.1174255717583430,1.086263658710680,-0.06115533604479900,-0.3546324568092290,0.038440937685225000,0.03935338981892390,326.09035034081300,449.4868656951060,6.425515446581100,318.83867208029300,220.3127360001810,16.84659916729040,248.1042645144060,45.433542531645400,26.850997918156600,1.8123859419628000,18.397370295526600
54551373,100.310000,0.000000,0.000000,1023.89,1024.32,1026.74,1025.35,0.07,0.0,1.0,1.0,1.0,1.0,1400.3,0.11141162202323500,1.0501441800973400,-0.05941620446241690,-0.36486088720855600,0.029883242745125400,-0.039548951035293600,326.0934104917980,449.50547446273800,6.429627562379500,319.02738702282800,220.2822532309970,16.444407618024900,253.15684775829900,42.9129708769229,23.150394786751600,1.7664312640966500,16.84088159288770
54551473,100.408000,0.000000,0.000000,1024.0,1024.18,1026.6,1025.25,0.07,0.0,1.0,1.0,1.0,1.0,1400.41,0.10566156342237100,1.0133187353810900,-0.056114195287421900,-0.36916072333994200,0.06572090321049360,0.15959959492184000,326.0854570904680,449.51763948806700,6.427981640761560,319.000185144052,220.29734487076400,16.368596056057300,256.354738743471,41.47394245415350,20.49151006658060,1.7704669824819300,15.765453538659900
54551573,100.507000,0.000000,0.000000,1023.81,1024.21,1026.36,1025.37,0.07,0.0,1.0,1.0,1.0,1.0,1400.27,0.10021269889584200,0.9758581435751390,-0.052673110429404400,-0.37164335377847800,0.04577289486657200,0.06895045985541740,326.0936529837150,449.50935566264400,6.445488795603590,319.2432952455230,220.18509644848700,16.180503467284900,259.72803855106500,40.051656738845000,18.266337389055200,1.7110265813082200,14.861263397135400
54551673,100.608000,0.000000,0.000000,1023.99,1024.22,1026.43,1025.54,0.07,0.0,1.0,1.0,1.0,1.0,1400.33,0.09507020035622740,0.9379503571350190,-0.05073241012257890,-0.38424090594598800,0.017060613676565000,-0.1528068903446950,326.09118658494400,449.5324960325970,6.430399466002540,319.3388790096890,220.26660174194700,15.706080019038700,263.5711935392370,38.329694615009100,15.681924411181700,1.6869797590514200,13.6675008593356
54551773,100.713000,0.000000,0.000000,1023.98,1024.27,1026.33,1025.45,0.07,0.0,1.0,1.0,1.0,1.0,1400.31,0.09023993168918350,0.8996395038480290,-0.047122857354836100,-0.3841658509951960,0.06250540858807190,0.22712917587780800,326.0857392321200,449.5374838454010,6.429479271575630,319.5493825397690,220.2404708314200,15.602978569054700,265.9770975831630,37.49893726810760,17.808005710649800,1.6328353159540500,13.07329165582030
54551873,100.808000,0.000000,0.000000,1023.97,1024.22,1026.08,1025.36,0.07,0.0,1.0,1.0,1.0,1.0,1400.34,0.08570665478162550,0.8611401525852420,-0.04321132058001970,-0.37540935053461500,0.0772089286972534,0.45067552095299400,326.10332476993300,449.5629749840490,6.454272349078600,320.24821995736400,220.2151844150220,15.112106755845000,271.2927131353770,36.043715240998500,15.56867861476570,1.4624075544555900,11.961025767412500
54551973,100.910000,0.000000,0.000000,1023.97,1024.21,1026.34,1025.21,0.07,0.0,1.0,1.0,1.0,1.0,1400.33,0.08143243785388320,0.8226370669493450,-0.041858335484759000,-0.38556915986190400,0.03350009489305390,0.07681797795592900,326.1008649484500,449.47382843501500,6.423322256801560,320.4375848479690,220.18914458659500,14.886836976973300,274.7235438389310,34.876993017429000,14.105411088680000,1.411778520209670,11.033875827260000
54552074,101.008000,0.000000,0.000000,1023.99,1024.2,1026.58,1024.98,0.07,0.0,1.0,1.0,1.0,1.0,1400.35,0.0773990458375867,0.784111601928588,-0.03849506252377070,-0.3762932761649410,0.06452151744006380,0.38660318936734200,326.0904194682970,449.50214248751300,6.457800229370410,320.13769059239200,220.0833139767610,14.33598000624770,282.31780462045200,33.063616090217600,5.019099863616650,1.486319731224980,8.459769558519960
54552174,101.109000,0.000000,0.000000,1023.88,1024.24,1026.87,1024.92,0.07,0.0,1.0,1.0,1.0,1.0,1400.36,0.07363283740854230,0.7452820568685270,-0.036387541417478200,-0.38842760288570000,0.044132636359945600,0.10502988535868000,326.09926246425000,449.4842086508880,6.448377116128020,320.085615351966,219.99898666672300,14.261318436330200,284.94492677301000,32.673265646785900,8.75373666811979,1.5010890881006800,7.622534316510220
54552273,101.208000,0.000000,0.000000,1023.8,1024.18,1026.98,1024.75,0.08,0.0,1.0,1.0,1.0,1.0,1400.38,0.07016758942881650,0.7059440462239510,-0.033467207984569000,-0.3945188825217440,0.03453523771547180,0.010468738824972200,326.09596618717200,449.42464714925000,6.4327931903569300,320.3038133665800,219.9515708082020,13.972198508027500,289.2686130476770,32.16904247964960,6.347750743502200,1.4479674180142100,6.488622877903400
54552373,101.308000,0.000000,0.000000,1023.95,1024.18,1026.97,1024.57,0.08,0.0,1.0,1.0,1.0,1.0,1400.23,0.06699308052891540,0.6661058597352990,-0.030529255459522900,-0.3988827963163730,0.045068570808441500,0.13821713362150300,326.09884064787300,449.40718629240100,6.42893995111552,319.96976865924500,219.91001567803800,13.620977465040500,293.99138200508600,31.47842228565460,3.7096471958304700,1.5290452695943200,4.7915889534983500
54552473,101.408000,0.000000,0.000000,1024.0,1024.14,1026.95,1024.42,0.08,0.0,1.0,1.0,1.0,1.0,1400.27,0.06413431817426580,0.6256240415480200,-0.02726605188139660,-0.40785135569984000,0.032260133783461700,-0.14671837477976000,326.07813242787300,449.3370098807610,6.4341525397899800,319.5505406149130,219.84661222468900,13.6665777979052,297.97689711856800,30.89138149962020,0.9001183959961830,1.6291196744593700,3.2552048737745300
54552574,101.508000,0.000000,0.000000,1023.85,1024.18,1026.79,1024.56,0.0,0.01,1.0,1.0,1.0,1.0,1400.34,0.06163191668730940,0.5843730187423650,-0.023825245090632400,-0.41752323131037200,0.03854631909559350,-0.028458845542680600,326.08735711023,449.41646326004800,6.454051305820690,319.2891631138720,219.7744069979260,13.595890034492900,301.0110883386140,30.53197356987700,-1.1944849913549300,1.6965029272655400,2.1238229873925300
54552673,101.609000,0.000000,0.000000,1023.98,1024.34,1026.83,1024.65,-0.06,0.01,1.0,1.0,1.0,1.0,1400.26,0.059495526061240900,0.5425381399891330,-0.019808679720222000,-0.4168168199556330,0.03798903381975850,-0.036564714381603800,326.07460103109500,449.39039548662400,6.437057482934040,319.1998969678090,219.79609769701100,13.350745715254700,305.62910138297300,29.91526587316530,-3.306956959256990,1.7150855999306700,0.6578109692840330
54552773,101.708000,0.000000,0.000000,1023.98,1024.22,1026.64,1024.9,-0.07,0.01,1.0,1.0,1.0,1.0,1400.26,0.057717601004643800,0.5002428639569960,-0.016476321490099700,-0.4224948523319940,0.02826068846885260,-0.10845887229902500,326.09606466995200,449.44904596751400,6.449690589047590,319.4337750852890,219.78738518122200,13.182323157029100,307.1501915144640,29.85368744444310,-3.960488910715090,1.660127157884810,0.380082830385724
54552874,101.807000,0.000000,0.000000,1023.98,1024.16,1026.25,1025.03,-0.08,0.01,1.0,1.0,1.0,1.0,1400.33,0.056238524898824800,0.4577935873883140,-0.014089109234557000,-0.4322207442182750,0.007731355101163270,-0.5044018395249360,326.0849425756390,449.37283040325200,6.453259321911520,320.01928961902800,219.80787595340400,12.726259653402600,312.0223900713830,29.360108573854900,-5.786501219546760,1.5135388260830900,-0.6226410046661880
54552973,101.908000,0.000000,0.000000,1023.97,1024.16,1025.95,1025.43,-0.09,0.01,1.0,1.0,1.0,1.0,1400.18,0.054977180924338000,0.41543855997244200,-0.011986402169025000,-0.4228117282167560,0.016006081766355000,0.03767739544608880,326.0872917963820,449.46574559361600,6.437612541576580,320.5342323593540,219.85953016451500,12.215548027749400,314.6165688936890,29.187836608120500,-6.745204321857800,1.3854366098583700,-0.9932189971273090
54553074,102.009000,0.000000,0.000000,1023.92,1024.15,1025.65,1025.79,-0.1,0.01,1.0,1.0,1.0,1.0,1400.43,0.05385337551344740,0.373532265101654,-0.010905523638319300,-0.4172321059023500,0.009717169593714470,0.12274931411421300,326.098387427893,449.4682295284790,6.462607598741170,320.74120912421100,219.88171023890300,11.84198761610450,315.65001400829400,29.04016891325780,-6.89903808990009,1.3366987666582600,-1.1452458586522600
54553174,102.109000,0.000000,0.000000,1024.01,1024.11,1025.31,1026.28,-0.11,0.01,1.0,1.0,1.0,1.0,1400.33,0.0527996937908345,0.3325106748827300,-0.010453276131045400,-0.4043802128738400,0.0015604018234403900,0.2510973494713310,326.0942313773460,449.4325267039860,6.442895633572150,322.041412644218,219.70820838804700,11.805015897681900,315.69573814108100,29.081790580088200,-6.025661185292070,1.0107128557822500,-0.11483709235620400
54553273,102.210000,0.000000,0.000000,1023.98,1024.2,1025.05,1026.59,-0.12,0.01,1.0,1.0,1.0,1.0,1400.32,0.05171151096532970,0.29309916848651100,-0.011197472576669900,-0.38563402053259200,-0.00652861409720456,0.3372512008054310,326.07544862090700,449.38292873748600,6.454054895426920,322.6353574631030,219.70870453032000,11.466062216051100,314.98554910584400,29.216671122012800,-4.665216892607640,0.8581196584509500,0.5834177330489540
54553374,102.307000,0.000000,0.000000,1023.98,1024.16,1024.78,1026.75,-0.13,0.01,1.0,1.0,1.0,1.0,1400.43,0.05051416175625130,0.25604323984807900,-0.012495519336753200,-0.3607458979325180,-0.014905890751671200,0.2649009112262160,326.07833364465400,449.4012213423320,6.4195547340472400,323.3197812567660,219.7511754653890,11.02839960318060,314.0562616653720,29.132176864333800,-2.7972443602673600,0.6882028162620160,1.4058109535532200
54553479,102.410000,0.000000,0.000000,1023.86,1024.22,1024.56,1026.78,-0.13,0.01,1.0,1.0,1.0,1.0,1400.37,0.04916141671121530,0.2218764347521910,-0.01386298926895070,-0.3221952307812460,-0.000277494360729154,0.7239316842301830,326.08823537901700,449.4271336818330,6.432200277283310,323.5565361713540,219.72699613129300,10.93615681836910,313.0263046197970,29.334883254508200,-7.841264833251760,0.6314746165338330,1.902747819623850
54553579,102.513000,0.000000,0.000000,1023.87,1024.17,1024.58,1026.89,-0.14,0.01,1.0,1.0,1.0,1.0,1400.29,0.04764116429621080,0.19099860244217400,-0.01575318364216780,-0.29532411658781200,0.10218997347094500,2.681687046291840,326.07553662995000,449.37842426823000,6.444030330197100,323.8845028028030,219.72134087724700,10.8188978115559,310.5480958991640,29.27111599885070,-0.505962064936512,0.5466114112991430,2.912414416484980
54553679,102.614000,0.000000,0.000000,1023.94,1024.42,1024.61,1026.92,-0.14,0.01,1.0,1.0,1.0,1.0,1400.3,0.045970725753163500,0.16371903159662600,-0.016899789601707700,-0.25501076899483000,0.020442359048640800,0.8420523547500330,326.0893614657760,449.42499562212900,6.446433907590270,323.4482261577670,219.77421447857800,10.96778062054200,307.90344947485600,29.56923544902720,0.9023137773789120,0.6589101693142810,3.3543762782526300
54553779,102.713000,0.000000,0.000000,1023.91,1024.34,1024.4,1027.04,-0.15,0.01,1.0,1.0,1.0,1.0,1400.3,0.04422136114014390,0.1401356135020100,-0.017266797944530000,-0.2180485909311520,0.02843645129124020,0.7402182241107660,326.09234360624300,449.33251561415400,6.424298289585830,322.9934114991330,219.67055565698000,11.293041355528800,303.17416749027900,30.05955865235880,3.2328913787302800,0.7730708032771470,4.421077495691900
54553879,102.815000,0.000000,0.000000,1023.85,1024.28,1024.21,1027.06,-0.17,0.0,1.0,1.0,1.0,1.0,1400.35,0.04248775788123100,0.12038485238830400,-0.017081102232766500,-0.18206338388961300,0.015633081809016500,0.5044847737723980,326.099291329013,449.4119578505630,6.348737386717690,322.9383894857800,219.83392093580100,11.414328516296000,301.38245336247000,30.232554949311300,4.568840220228600,0.7888162775326810,4.908521864767690
54553979,102.915000,0.000000,0.000000,1023.82,1024.41,1024.13,1027.17,-0.17,0.0,1.0,1.0,1.0,1.0,1400.41,0.0408202775141299,0.10456353744214400,-0.015533769536589400,-0.1363665939622810,0.05124994657609770,0.7541563078660140,326.1045827569260,449.5155769365860,6.396512928380850,323.19184463752700,219.7532542799250,11.729446226669900,295.14659864828100,31.174297566332000,8.318357900853770,0.726309952752967,7.006343139561
54554079,103.019000,0.000000,0.000000,1023.95,1024.31,1023.88,1027.33,-0.18,0.0,1.0,1.0,1.0,1.0,1400.36,0.03922674216531630,0.09290063998570760,-0.015690288749738200,-0.10014548181259700,0.015375992849236300,0.4936344499082560,326.0958517428670,449.4876085890390,6.41706143457982,323.04236645118100,219.8742819738400,11.905790850163600,290.91429752522500,32.10026270415720,5.8481290269219600,0.7618961427984850,8.185477463707650
54554179,103.114000,0.000000,0.000000,1023.84,1024.22,1023.76,1027.37,-0.11,0.0,1.0,1.0,1.0,1.0,1400.25,0.03770074460239070,0.08565259230577530,-0.014935899613056300,-0.055103631174176700,0.027021253445429800,0.5504397698022980,326.0940939458020,449.394002510745,6.424513463352990,323.76966699515200,219.82137175569100,11.727420509464900,287.3787345865750,33.01740101052950,13.498499093998200,0.5801009592448400,9.86341612720188
54554280,103.214000,0.000000,0.000000,1023.83,1024.39,1023.61,1027.49,-0.07,0.0,1.0,1.0,1.0,1.0,1400.31,0.03620375116513940,0.08302352426958210,-0.014955445857365000,-0.008580125177081000,0.013896957212890800,0.4917844462074660,326.08836572821600,449.46800803075200,6.440811204008100,324.2446150624810,219.75922533176100,11.750815952479900,283.384263481741,34.15306501413800,12.228058625365800,0.4598729830641130,11.495621229974500
54554379,103.314000,0.000000,0.000000,1023.85,1024.39,1023.62,1027.44,-0.06,0.0,1.0,1.0,1.0,1.0,1400.32,0.034678108129312500,0.08513675965215550,-0.015318224267162700,0.03879490996820210,0.005599619362159810,0.4551389544628550,326.0854264778810,449.50947233802700,6.399945645541950,324.3048067847320,219.8256597254190,11.958571102614700,278.1697881006740,35.572318642502900,15.638758227611600,0.44417561853666500,13.16886989971070
54554479,103.415000,0.000000,0.000000,1023.79,1024.35,1023.49,1027.42,-0.06,0.0,1.0,1.0,1.0,1.0,1400.26,0.033124495000009800,0.09201414864630290,-0.01540432452162960,0.08591890002099010,0.0090419843335205,0.4327787843242630,326.0956417705470,449.44623581789800,6.448021771052130,323.8805916233550,219.89626260302800,12.152029525424800,275.31187096434200,36.35432842768730,17.223948190006900,0.5528603823450960,13.716118040855000
54554579,103.515000,0.000000,0.000000,1023.91,1024.37,1023.47,1027.46,-0.05,0.0,1.0,1.0,1.0,1.0,1400.3,0.031627015870888200,0.10337604704615900,-0.014451560536383400,0.1290778997780110,0.023044036386533200,0.35379529814675800,326.0922804920070,449.4536474122220,6.424293311859920,322.74184066015000,219.89167787430200,12.633239582482400,268.4916574082250,38.285703668827400,21.384166963833500,0.8361682627899920,14.959846137382100
54554679,103.614000,0.000000,0.000000,1023.9,1024.32,1023.36,1027.6,-0.05,0.0,1.0,1.0,1.0,1.0,1400.38,0.0302946581742357,0.11881142756129000,-0.012490137601699200,0.16744241599738100,0.026498999570872700,0.2794138336070200,326.0788510399000,449.32712895790200,6.437495510332680,323.1605690885830,219.7280004494660,12.811937459924300,265.47735585057400,39.64111116163240,24.46815147668510,0.7282093666901310,16.304242588456600
54554779,103.715000,0.000000,0.000000,1023.97,1024.34,1023.43,1027.45,-0.04,0.0,1.0,1.0,1.0,1.0,1400.27,0.029130836510483600,0.13799034633251500,-0.011118407485543400,0.20434561228074800,0.01846688070707890,0.2258227497645680,326.0814729486590,449.40584084877300,6.424349598908480,323.47368988523600,219.8092382014470,12.730738012309500,262.3410345305010,41.329750954910200,27.720741906929300,0.6507436827074690,17.605830442424800
54554880,103.815000,0.000000,0.000000,1023.96,1024.33,1023.72,1027.12,-0.03,0.0,1.0,1.0,1.0,1.0,1400.3,0.028075099140033500,0.16069936481363600,-0.010068996273337500,0.2373435679707170,0.01873605206160100,0.14508465552940200,326.091287574272,449.3210985919060,6.446855784802610,323.35260873392400,219.73897587004200,13.028502726831700,259.5877083491100,42.589669028743100,28.553149320442300,0.6834473641048410,18.429447591911900
54554979,103.915000,0.000000,0.000000,1023.91,1024.37,1024.31,1026.81,-0.03,0.0,1.0,1.0,1.0,1.0,1400.31,0.02712830918079630,0.18652658800950700,-0.008971127988030310,0.2659645290609250,0.021690584097750400,-0.05599805426493410,326.07960093490600,449.33506118750900,6.43044193164424,322.8544181139520,219.78642019288100,13.348509364036800,258.89029436832800,43.02350452138180,28.79362220989830,0.8049588312086800,18.28344519532590
54555079,104.015000,0.000000,0.000000,1023.88,1024.41,1024.67,1026.58,-0.02,0.0,1.0,1.0,1.0,1.0,1400.4,0.026318268998961100,0.21470699094181500,-0.007292460797698250,0.28512019415161600,0.033130764811391000,-0.2917275020166300,326.09344887173000,449.3362984440050,6.443787192661530,321.76719673481900,219.76254905847800,13.57168920472010,257.75563197974400,43.31145129526960,30.6694271991423,1.0795949157361000,17.78017755502260
54555180,104.115000,0.000000,0.000000,1023.73,1024.48,1024.85,1026.45,-0.01,0.0,1.0,1.0,1.0,1.0,1400.31,0.025751164996849300,0.24426985471941100,-0.004474272194183180,0.29711556545173400,0.034229857543891700,-0.019953517884110000,326.0801272077480,449.32727561590400,6.420469799734590,321.22137572877200,219.7474262202730,13.926690993256000,256.232381615432,43.599351133935000,29.019795209125100,1.212407806042310,17.826483727712800
54555280,104.215000,0.000000,0.000000,1023.71,1024.6,1024.94,1026.5,0.0,0.0,1.0,1.0,1.0,1.0,1400.43,0.025535924561067100,0.27449059301796300,-0.0004518764077221340,0.30345950120832800,0.05105930424315670,-0.1321431193934570,326.0846152642110,449.3230004033160,6.461244050171670,318.589478447418,219.92105127905400,15.026506696759300,248.72675593531800,46.026696384410500,32.182476332536600,1.8713310762703500,18.145321518497100
54555380,104.316000,0.000000,0.000000,1023.7,1024.47,1025.14,1026.38,0.02,0.0,1.0,1.0,1.0,1.0,1400.4,0.025850568733292500,0.3049191502421750,0.005479295387727310,0.3014481499187930,0.0636192667490918,-0.19075777820286300,326.0802571380130,449.37786500691400,6.439285169279260,316.46018535650100,220.0661518795490,15.685151113343100,244.4388126470560,47.03264866958610,33.52298914024070,2.4022606043191000,17.793920075768000
54555481,104.416000,0.000000,0.000000,1023.69,1024.5,1025.13,1026.44,0.03,0.0,1.0,1.0,1.0,1.0,1400.33,0.02686161525466830,0.33501836368337300,0.012904241296698100,0.29708616887417000,0.07191196896398070,-0.199752729790492,326.0866074417090,449.3796427115830,6.435763158798480,314.9721751088030,220.18310959427900,16.18093996690200,240.8337052566170,47.8614746018202,31.943833696287500,2.776270610858370,17.726433789773000
54555581,104.516000,0.000000,0.000000,1023.63,1024.47,1025.14,1026.3,0.05,0.0,1.0,1.0,1.0,1.0,1400.31,0.02865449028716800,0.36433094419103700,0.020435064541794100,0.28250206748276500,0.05671200667086750,-0.4088630497514550,326.0880236816270,449.3699519041350,6.447288955807650,313.5140256737520,220.2828325247810,16.793381507609300,237.5891766547640,48.969829670871000,34.50860867626430,3.1416644238929900,17.61929209481490
54555681,104.616000,0.000000,0.000000,1023.68,1024.55,1025.34,1026.38,0.05,0.01,1.0,1.0,1.0,1.0,1400.42,0.031253005398963200,0.39252370432729300,0.02882262985442870,0.2757883236469100,0.058441154775224500,-0.32803230054530900,326.07681299870100,449.37915874066700,6.447201372983760,311.835744484883,220.37904101601400,17.29844674609570,233.8688556703230,50.125659780934400,35.2144686449276,3.5585295951630900,17.488172423305000
54555780,104.716000,0.000000,0.000000,1023.75,1024.54,1025.3,1026.29,0.06,0.01,1.0,1.0,1.0,1.0,1400.32,0.03466891224730090,0.41930543800614100,0.03671983896255260,0.2580895467214970,0.05031569149436550,-0.3750566917739870,326.0749535154920,449.40270034453600,6.4607558548571000,309.84062011271800,220.62945437472400,17.946287191278500,230.1228606045420,50.81179372778670,33.770989227336400,4.059050503250030,17.028738562481000
54555881,104.815000,0.000000,0.000000,1023.64,1024.56,1025.44,1026.24,0.07,0.01,1.0,1.0,1.0,1.0,1400.38,0.038960001256453600,0.4443657081416630,0.04663530148580650,0.24461818035695700,0.07025619711171050,-0.3352406775675460,326.0725494567820,449.3922253437160,6.45748593898449,308.0317953360880,220.81450843523700,18.385573654537400,226.68838203143800,51.56591383864670,34.03286833142600,4.512779002143870,16.644079528124700
54555980,104.916000,0.000000,0.000000,1023.61,1024.55,1025.48,1026.18,0.08,0.01,1.0,1.0,1.0,1.0,1400.48,0.04418639174043230,0.46738117802562200,0.055057598211861900,0.21878474771252900,0.03933890921507370,-0.4516789437925990,326.08683315744900,449.40199776890000,6.472919240704720,305.82048245274200,221.01985660743800,19.161381514650800,222.82356927403100,52.67492122858200,33.867298648544400,5.071074097085850,16.10193215395200
54556080,105.016000,0.000000,0.000000,1023.58,1024.47,1025.5,1026.25,0.09,0.01,1.0,1.0,1.0,1.0,1400.27,0.050373129488563100,0.4881110592866490,0.06466895765879470,0.19651109552344200,0.02136324874154850,-0.44003431499344200,326.0756103499330,449.3478126104330,6.467806357341360,303.48740723207400,221.2917176968710,19.933423680231500,218.59776641038900,53.877789849391900,34.232995187831200,5.656508650922990,15.57492571549160
54556180,105.119000,0.000000,0.000000,1023.61,1024.56,1025.45,1026.21,0.09,0.01,1.0,1.0,1.0,1.0,1400.23,0.05748265127957660,0.5064468021674080,0.07398205933465500,0.17170589977547800,0.016789546193308600,-0.46774093951680500,326.07505737491400,449.39785114935100,6.488102571871880,301.1013548445270,221.63729026418400,20.621842156021800,214.1302631276930,55.08508741133640,34.99258170389580,6.257423564593430,15.058049135931000
54556280,105.215000,0.000000,0.000000,1023.59,1024.52,1025.41,1026.27,0.08,0.01,1.0,1.0,1.0,1.0,1400.24,0.06563491859177630,0.5221930166880740,0.08434626884910110,0.14580705370334500,-0.03114295903772900,-0.4955719909196430,326.0829129293130,449.40846045900400,6.451650760405730,299.459659965896,221.90154409941500,21.4205387076641,209.76385153840700,56.63302868315250,35.52146657820410,6.674494680303540,15.140922463869300
54556380,105.316000,0.000000,0.000000,1023.61,1024.5,1025.39,1026.24,0.08,0.01,1.0,1.0,1.0,1.0,1400.2,0.07479886006699570,0.5354576970329930,0.09365287035140940,0.12206716511222700,-0.007960251465385910,-0.3496836553053970,326.07115343329600,449.376572954061,6.475413448047160,298.3159974279060,222.1084996058000,22.02524244375460,206.25046761341300,58.0956227202987,35.56187938494190,6.9627788107988900,15.381295174679
54556480,105.415000,0.000000,0.000000,1023.59,1024.5,1025.39,1026.28,0.08,0.01,1.0,1.0,1.0,1.0,1400.34,0.08484931524345180,0.5465535649984940,0.10289195259565300,0.10256815519205600,0.0018913433468276200,-0.2846638409579460,326.0797337166740,449.4281924675790,6.469450328123960,296.4728944061510,222.4534789192100,22.66180524773160,202.49578893438000,59.3137196511628,36.92214178522390,7.43176586209302,15.0806797766334
54556580,105.516000,0.000000,0.000000,1023.67,1024.44,1025.51,1026.4,0.07,0.01,1.0,1.0,1.0,1.0,1400.25,0.0956897953841344,0.5556147848208390,0.10980684254058200,0.08214455723423670,0.02783620946778040,-0.22503999111329100,326.0770220327960,449.416650540565,6.49719872374507,295.1399397843040,222.63748241109400,23.1496207044498,199.66676773388800,60.21690455378310,37.42833510577500,7.768303730750480,14.911022647871100
54556680,105.616000,0.000000,0.000000,1023.66,1024.49,1025.28,1026.4,0.07,0.01,1.0,1.0,1.0,1.0,1400.29,0.10722641185621800,0.5627216820311490,0.11710454230359100,0.06363398060142010,-0.037377693849101000,-0.24282632078692000,326.08838295673300,449.4340863462530,6.492177776142000,294.0640388405330,222.9605012022450,23.62744369599870,197.38145455416500,61.11834932736090,37.637221864207200,8.048510209216420,14.756574183088000
54556781,105.715000,0.000000,0.000000,1023.72,1024.35,1025.37,1026.32,0.07,0.0,1.0,1.0,1.0,1.0,1400.35,0.11934667070953900,0.5680032725915550,0.12136828508431100,0.04566032803615740,-0.021522847227370900,-0.19474171152939100,326.07091824781600,449.36468708763500,6.484118927569100,292.76572396950600,223.09030873600900,23.922745367870700,194.96820069564600,62.12456460100530,38.390948781739000,8.373210159370860,14.53507702071810
54556881,105.815000,0.000000,0.000000,1023.59,1024.51,1025.36,1026.32,0.06,0.0,1.0,1.0,1.0,1.0,1400.37,0.13193655462135000,0.5715919077364030,0.12753008072245300,0.02967668719325900,-0.05044149912081970,-0.1905407691858690,326.0778182437710,449.39188805405100,6.481471440775830,291.4208320465470,223.34978287365300,24.345755691859100,192.35839458464800,63.068901971399700,38.77713801367500,8.716762731208740,14.284829789062800
54556982,105.915000,0.000000,0.000000,1023.68,1024.4,1025.43,1026.26,0.05,0.0,1.0,1.0,1.0,1.0,1400.21,0.1449160795567730,0.573571793360653,0.1292580997504740,0.013965995417727000,-0.1212371220040710,-0.16314316276306400,326.07916778494600,449.4168318491700,6.499795866524220,290.39790254932300,223.58000709248200,24.538893171997000,189.49683212521200,64.38962987833360,38.08887615079310,8.978275040484990,14.41156720722030
54557082,106.018000,0.000000,0.000000,1023.77,1024.35,1025.51,1026.31,0.03,0.0,1.0,1.0,1.0,1.0,1400.2,0.15818461904102100,0.5741862113831880,0.13064363803067900,0.0017987135703756000,-0.24914882675537800,-0.11298859974916400,326.0653706730270,449.3790684425220,6.499927354490260,289.7725212855090,223.73594606668700,24.976304962637600,187.18506993465900,65.86287117438920,40.15684866081310,9.137299261977710,14.741602376626000
54557183,106.118000,0.000000,0.000000,1023.73,1024.34,1025.39,1026.26,0.02,0.0,1.0,1.0,1.0,1.0,1400.25,0.1716079711040300,0.573803470854139,0.1331458720372710,-0.006837374756725210,-0.2719277684935970,-0.06726458894942230,326.0729142878090,449.38348754860000,6.49683608360504,289.00580660108000,223.93943539374900,25.430448065418200,185.47087977392400,67.10057239319310,40.78789736746860,9.336931467935010,14.756362316417600
54557283,106.219000,0.000000,0.000000,1023.75,1024.32,1025.39,1026.29,0.01,0.0,1.0,1.0,1.0,1.0,1400.34,0.18505570265750100,0.5726446364294570,0.132857995440749,-0.014111327831195100,-0.1353676240417410,-0.0562174614250827,326.05634835426900,449.34269129829600,6.503496311104430,287.88835353945500,224.0990330274780,25.671203735267300,183.22421585585300,67.99739925503380,41.09502050257000,9.61752797666357,14.606288475478500
54557383,106.319000,0.000000,0.000000,1023.86,1024.3,1025.41,1026.26,0.0,0.0,1.0,1.0,1.0,1.0,1400.31,0.1984406328025970,0.5707935206258080,0.1324020903327310,-0.020892233430105000,-0.1532028784670200,-0.04695096130219180,326.085049220055,449.4379700609760,6.466915590236190,286.70772270510300,224.47751271031200,25.99503987949690,180.93090268083400,68.70659821018040,39.86649901520040,9.928530521939780,14.321550472160200
54557483,106.418000,0.000000,0.000000,1023.76,1024.38,1025.34,1026.29,0.0,0.0,1.0,1.0,1.0,1.0,1400.3,0.21172974036801100,0.5682667589853820,0.13078959085293800,-0.027317731920291700,-0.17632976020034700,-0.02798182284644660,326.0759146562940,449.41676794061000,6.507985479450460,286.1455332077280,224.5907138073440,26.1851101784188,179.58943189709900,69.16065881859410,41.80222554382310,10.071038633769400,14.290766690056500
54557584,106.519000,0.000000,0.000000,1023.89,1024.33,1025.38,1026.34,-0.01,0.0,1.0,1.0,1.0,1.0,1400.23,0.22485291647198000,0.5651520281757280,0.12806909426609000,-0.03255932078231240,-0.18815633644533000,-0.010792125461281200,326.07973891882200,449.4762364436660,6.5125406917697500,285.44711062009200,224.78629229309700,26.33244005115260,178.0176479344570,69.61445718156170,40.068369565691700,10.250510541688900,14.19483324010620
54557684,106.619000,0.000000,0.000000,1023.81,1024.3,1025.44,1026.25,-0.01,0.0,1.0,1.0,1.0,1.0,1400.37,0.23772939581596700,0.5615447519033680,0.12509825284691700,-0.03685808558262720,-0.20633531656618600,0.013660282137774900,326.0930385984720,449.47784688685600,6.502319921520380,284.94907441899300,224.93948611288900,26.594311618270500,176.49325524155700,70.20504057461310,42.29708677553640,10.383574143422300,14.260072888781100
54557784,106.719000,0.000000,0.000000,1023.79,1024.25,1025.45,1026.19,-0.02,0.0,1.0,1.0,1.0,1.0,1400.23,0.2502887033524900,0.5575902702020270,0.12151602871173500,-0.039623087846204100,-0.13536803377863000,0.009480400643778790,326.0765436920230,449.44231978170200,6.522287608926270,284.588823651379,224.99584841400100,26.84104932523460,175.76012293036100,70.9875941424863,40.26053921752690,10.472609236844800,14.301413962133000
54557884,106.818000,0.000000,0.000000,1023.84,1024.16,1025.38,1026.23,-0.02,0.0,1.0,1.0,1.0,1.0,1400.35,0.25945620566926000,0.5544838945248560,0.1226126886355510,-0.04229755386960930,0.5957123715058050,-0.23156310933318800,326.0707963933270,449.39986721345900,6.502613344952220,284.2568142798090,225.08764214030300,27.01893628083360,175.02839891288100,71.63288025898480,42.93036550225860,10.505836777506500,14.358329867732200
54557984,106.920000,0.000000,0.000000,1023.78,1024.33,1025.38,1026.24,-0.02,0.0,1.0,1.0,1.0,1.0,1400.21,0.27415350901901000,0.5491881269967490,0.11390788447103600,-0.042169266085979600,-0.7879822353395230,0.26685225912528600,326.06998803835800,449.475670622783,6.4918939340653100,284.0228894558350,225.18792909113700,27.1681187341363,174.02010200172500,72.03544953127280,40.49513876958160,10.617964089870300,14.45212069887710
54558085,107.020000,0.000000,0.000000,1023.9,1024.23,1025.41,1026.31,-0.02,0.0,1.0,1.0,1.0,1.0,1400.31,0.2853248734685420,0.5449591770173610,0.10894809387324100,-0.041708671098771300,-0.12987390669716600,0.03772257613967010,326.0740491155410,449.40919808945100,6.514058989570780,283.4977787768940,225.27009653757200,27.293846733526700,172.90747284810100,72.45600447148980,40.92614249218320,10.755460655795200,14.382029900782200
54558185,107.120000,0.000000,0.000000,1023.82,1024.28,1025.27,1026.25,-0.02,0.0,1.0,1.0,1.0,1.0,1400.4,0.2959505880412300,0.5408174700265040,0.10353958319832200,-0.04080842734594040,-0.10706462090910700,0.030146726299294600,326.078197998863,449.4267756438680,6.518437754967910,283.22412387853400,225.2993621586660,27.406505869826700,172.4017239073170,72.48552898190850,40.69127484949950,10.824536905234000,14.300992754645900
54558285,107.221000,0.000000,0.000000,1023.85,1024.27,1025.31,1026.19,-0.02,0.0,1.0,1.0,1.0,1.0,1400.33,0.3060186379616530,0.536763950708502,0.09789324635062820,-0.03998202041208730,-0.1183177462937860,0.03289780045322130,326.07589693081400,449.4573325347560,6.510526962604880,282.37394756845500,225.5957658101330,27.692417735355800,170.02971190456600,73.3381829408193,41.323734700679500,11.046276455107100,14.329446637797100
54558385,107.321000,0.000000,0.000000,1023.79,1024.19,1025.32,1026.14,-0.03,0.0,1.0,1.0,1.0,1.0,1400.32,0.3155665328518650,0.5328151746884980,0.09265141782180050,-0.03848377623746880,-0.17962060283838800,0.07125965331654100,326.07827113256400,449.4500045466950,6.536641793176900,282.1673865318740,225.65063717117200,27.624457202640200,169.42095810490800,73.96259275956550,44.433220235065500,11.100787490245900,14.421045537128400
54558486,107.420000,0.000000,0.000000,1023.81,1024.28,1025.38,1026.2,-0.03,0.0,1.0,1.0,1.0,1.0,1400.27,0.32459590191214900,0.5290663212059700,0.0875216808278592,-0.036298693410575000,-0.07948727014798320,0.03436422663026000,326.07703407946600,449.44854073731700,6.515633836111410,281.94843366653200,225.70984498284400,27.798293188214900,168.8771241229440,74.33603815211560,41.44388750755130,11.157398593529000,14.443737756217800
54558586,107.520000,0.000000,0.000000,1023.79,1024.27,1025.42,1026.18,-0.03,0.0,1.0,1.0,1.0,1.0,1400.27,0.3330756778977060,0.525567520982082,0.08235961259408410,-0.03387893337852480,-0.0690610458368596,0.0309000633113304,326.0808774689290,449.44053731064800,6.511600570916190,281.5631200987490,225.78608092224700,27.938289079749100,168.53626826848300,74.32307106093720,41.15230357003470,11.257422263496200,14.216707724958000
54558686,107.620000,0.000000,0.000000,1023.91,1024.32,1025.29,1026.09,-0.03,0.0,1.0,1.0,1.0,1.0,1400.31,0.3410236340351890,0.5222511999105250,0.0761926944220524,-0.03241317353832810,-0.1286673905995430,0.03405049559497290,326.0763188795200,449.4333630241870,6.504829415754130,280.9017803355230,225.91986616147700,28.080299058694900,168.215515611155,74.19268686656470,44.292843725197800,11.426185071343800,13.748534494144300
54558786,107.720000,0.000000,0.000000,1024.0,1024.2,1025.46,1026.11,-0.03,0.0,1.0,1.0,1.0,1.0,1400.27,0.34849480690005500,0.5189130239853570,0.07212277445739480,-0.03320051872282910,-0.07097949688970820,0.006936982011576760,326.0734690933810,449.41369894583300,6.531514291445090,280.95161525299000,225.8690678709890,28.02138630906430,168.24787104504600,74.12460713824190,44.246997451092000,11.411661359351100,13.77871220196670
54558886,107.820000,0.000000,0.000000,1023.9,1024.2,1025.32,1026.24,-0.03,0.0,1.0,1.0,1.0,1.0,1400.22,0.3554721436988110,0.5155661298375980,0.06723624209005680,-0.03295657832094480,-0.0764546692394001,0.02054157281781490,326.07556488247900,449.39541761694500,6.511891439070370,281.2078194087860,225.81730181778700,27.877889819969500,168.17701703708500,74.05865405954070,44.32107729922980,11.347412168327300,13.984150027496800
54558985,107.922000,0.000000,0.000000,1023.97,1024.21,1025.39,1026.11,-0.02,0.0,1.0,1.0,1.0,1.0,1400.27,0.36191035499828400,0.5123382183880030,0.06267846086598980,-0.03174968482829590,-0.06977281661169110,0.028331551440027100,326.0776550099820,449.43872374016400,6.504145102859200,281.24445718308500,225.87003283162400,28.00728060919490,167.77120205681200,74.64621379803090,41.68774553754680,11.339366852337800,14.204592953901200
54559086,108.021000,0.000000,0.000000,1024.01,1024.22,1025.34,1026.24,-0.02,0.0,1.0,1.0,1.0,1.0,1400.33,0.36778774916189300,0.5093564903491280,0.05738256826442290,-0.02902963497706720,-0.11428949675411100,0.06086904731400140,326.06746092701200,449.374821157395,6.5137320014033300,281.187303973812,225.7968721175350,28.094943636244500,167.61994244738000,74.81664131086650,44.86061813779060,11.350477904705500,14.249536875260300
54559185,108.121000,0.000000,0.000000,1023.92,1024.22,1025.45,1026.19,-0.02,0.0,1.0,1.0,1.0,1.0,1400.4,0.3731243845649440,0.5066685964733090,0.050950282384008500,-0.025668912689853000,-0.09663606253412260,0.047568148934306500,326.073437805041,449.4295508230820,6.494710128709840,280.95143133930100,225.8907832234380,28.330432213575200,167.31793077537300,74.92785360203530,44.88833537806680,11.41199042436740,14.145692893351100
54559285,108.220000,0.000000,0.000000,1023.92,1024.28,1025.34,1026.21,-0.02,0.0,1.0,1.0,1.0,1.0,1400.42,0.3779560705988190,0.5042408091847400,0.04624492195687910,-0.023121005324119100,-0.08636388816792280,0.04715468232539450,326.0788431202600,449.4081834846890,6.50037374464605,280.77225464005000,225.96609363377300,28.309680231103000,166.7287987348660,75.20952232653710,41.65656195622380,11.462267780242500,14.182029452206400
54559386,108.320000,0.000000,0.000000,1023.92,1024.38,1025.32,1026.22,-0.02,0.0,1.0,1.0,1.0,1.0,1400.4,0.38232231972974100,0.5020691493122960,0.041838579411635400,-0.020810559461493500,-0.07547281225173340,0.03650559810696990,326.06466182336000,449.4067422906220,6.515394506781730,280.11589101100200,226.07896055566100,28.304089271853400,165.79201244286300,75.46454990914620,45.242746578135300,11.58287569585510,14.017659102094600
54559485,108.423000,0.000000,0.000000,1023.98,1024.36,1025.34,1026.24,-0.02,0.0,1.0,1.0,1.0,1.0,1400.33,0.386288231463224,0.5000754656885380,0.03745712867079620,-0.01901820652939930,-0.0719007104121558,0.030499976562182900,326.0773219411700,449.42994819897700,6.520686003593680,279.80608442027400,226.16374443174200,28.381089337319000,165.29395488237300,75.65078366834840,45.35626331029850,11.708619511225700,13.847089049492600
54559585,108.527000,0.000000,0.000000,1023.95,1024.26,1025.37,1026.23,-0.02,0.0,1.0,1.0,1.0,1.0,1400.4,0.3899179586620670,0.4981836467651040,0.03513862709783310,-0.01863318906160140,-0.042246687172725100,0.013670800664847200,326.0726142571330,449.46436378552000,6.5260442354598700,279.5255031525220,226.25776679633800,28.533450281465000,164.53405588162400,75.98782736182100,45.81310757138390,11.779540446220700,13.86531158133080
54559686,108.621000,0.000000,0.000000,1023.92,1024.26,1025.36,1026.24,-0.01,0.0,1.0,1.0,1.0,1.0,1400.36,0.393254402777813,0.49639718769100800,0.031993196176494700,-0.0170869701704574,-0.05650119675158820,0.033132773413099200,326.07777265040500,449.4596576904370,6.523792401567890,279.6656701386800,226.18817743827400,28.442243165534400,164.3965896151160,76.23193766211460,46.1627919946763,11.743578277970700,14.061777053007100
54559786,108.721000,0.000000,0.000000,1024.06,1024.21,1025.39,1026.28,-0.01,0.0,1.0,1.0,1.0,1.0,1400.46,0.39629218076745500,0.4948155268878650,0.029077385425576400,-0.014772437052207600,-0.05043461288760320,0.037350070669144600,326.07642911155000,449.4311058114880,6.494205735410790,279.65980144933900,226.23793600082600,28.56182383460980,163.95513255029800,76.73949199653540,46.04764214395350,11.748125370401400,14.241912227579000
54559885,108.823000,0.000000,0.000000,1023.91,1024.23,1025.33,1026.22,0.0,0.0,1.0,1.0,1.0,1.0,1400.22,0.3990371754921900,0.4935073368795890,0.026269548632353800,-0.011961936134026900,-0.046587854668748500,0.03669623767216700,326.0770278067460,449.4346070575690,6.516471842948240,279.2208492795000,226.33107993917200,28.631069026749100,163.0905287696000,76.99298372298150,42.742943514700000,11.860870670002200,14.148094643719400
54559985,108.920000,0.000000,0.000000,1023.91,1024.31,1025.35,1026.1,-0.01,0.0,1.0,1.0,1.0,1.0,1400.3,0.4009258254801220,0.4926938566512170,0.024578813752180600,-0.01030715157020360,-0.08086427374920320,0.04558310280085890,326.0678021194570,449.40378798345900,6.512479313358370,278.4789454441320,226.5473466433800,28.911706790585600,161.4412216066320,78.06891124655320,46.80962948557540,12.055352848904600,14.136144071632800
54560088,109.020000,0.000000,0.000000,1023.98,1024.41,1025.4,1026.21,0.0,0.0,1.0,1.0,1.0,1.0,1400.29,0.4038837309084880,0.49156680999206200,0.023893475065057200,-0.008503970782641580,0.007551243265842090,0.008570883707090830,326.06786375457600,449.4011165065610,6.515768198944140,277.48860687203100,226.7656190590030,29.54285006783980,159.68685981558600,79.33965204771090,43.009215374200400,12.306921210801000,14.013004684274500
54560186,109.123000,0.000000,0.000000,1023.86,1024.3,1025.42,1026.34,0.0,0.0,1.0,1.0,1.0,1.0,1400.27,0.4062070693123670,0.4908074545214100,0.023078366152521200,-0.007114791526463630,-0.018761373635405700,0.017719649861983600,326.07836730209100,449.4188879533070,6.521421813590920,276.83026779136300,227.04292185444600,29.715312583461300,157.59958400542600,80.43681281551310,47.57428120040490,12.460290154087300,14.14578097658900
54560286,109.222000,0.000000,0.000000,1023.92,1024.33,1025.49,1026.21,0.0,0.0,1.0,1.0,1.0,1.0,1400.24,0.4085549609051840,0.4901696543780970,0.023483591156679700,-0.005798502388082680,-0.007441030469361950,0.017802889579617100,326.0694105465560,449.4394451627030,6.5117525886843000,276.2974220835450,227.2091070783060,29.975516608929800,156.60557929826900,81.02337310278870,43.386804785524500,12.623969256491900,14.061496703985900
54560387,109.320000,0.000000,0.000000,1023.9,1024.29,1025.31,1026.32,0.0,0.0,1.0,1.0,1.0,1.0,1400.31,0.4109465670538610,0.48965797810023700,0.0239643446216975,-0.004724032192605970,0.013714484365379900,0.006644616108657650,326.0713868347310,449.43936979252200,6.509114152961600,275.4648296262750,227.4675010024110,29.97037439873410,155.176390512877,81.70008935978990,48.04560705292980,12.843139659558700,13.843443495806700
54560487,109.421000,0.000000,0.000000,1024.04,1024.34,1025.37,1026.32,0.0,0.0,1.0,1.0,1.0,1.0,1400.27,0.4134245426366670,0.48919135776216100,0.02585547898003100,-0.004839252756687390,0.0410476364033273,-0.008220413597191630,326.0717728444920,449.4263598194360,6.537035729309040,274.3710266801920,227.76053743175000,30.458322659842300,153.34233655764900,82.76103270678450,48.35087446705810,13.128806014976900,13.593582234956500
54560587,109.521000,0.000000,0.000000,1024.08,1024.41,1025.38,1026.24,-0.01,0.0,1.0,1.0,1.0,1.0,1400.3,0.41606220084624800,0.48866216549697300,0.027270671731027600,-0.005794661750655890,0.06063557303956400,-0.022507523072144600,326.0747767105030,449.44753952887500,6.5307786945857700,273.50860289538700,227.99702469207800,30.540528702537800,152.07669217257500,83.43836440552530,43.53127549823470,13.353281411984600,13.324309018822400
54560688,109.622000,0.000000,0.000000,1023.97,1024.26,1025.39,1026.19,-0.01,0.0,1.0,1.0,1.0,1.0,1400.31,0.4189225535202030,0.48796195609690600,0.03061516687951550,-0.008162556295891970,0.07178626131833860,-0.0379810961823604,326.0865086537590,449.4373238722630,6.51456147116921,272.7281867708870,228.2525767647530,30.79383888959910,150.74386260685800,84.02783757715770,43.66924283360630,13.56282156753560,13.098675943047800
54560788,109.723000,0.000000,0.000000,1023.98,1024.28,1025.33,1026.3,-0.01,0.0,1.0,1.0,1.0,1.0,1400.33,0.4220428138119670,0.48699648914539100,0.03194271152153790,-0.010658622738257000,0.007688685363130340,-0.0225402452993564,326.08487391666500,449.4740154619160,6.537160601771040,272.72144363169600,228.3008378019980,30.85550011758390,150.41279294442900,84.16380738398820,49.213305031182400,13.56475538117020,13.18703092236940
54560887,109.824000,0.000000,0.000000,1023.89,1024.32,1025.39,1026.44,-0.01,0.0,1.0,1.0,1.0,1.0,1400.26,0.4253985940966500,0.4857751138716620,0.03405717179523870,-0.012869006263546300,0.0003354255579720730,-0.01112253340281580,326.0696062607770,449.49937541621400,6.562349304042820,272.4633811670440,228.42557016734300,30.96105104140790,149.47605702194700,84.43560596156630,43.95440248172260,13.6300730672647,13.241758152594700
54560987,109.924000,0.000000,0.000000,1023.95,1024.33,1025.47,1026.3,-0.02,0.0,1.0,1.0,1.0,1.0,1400.26,0.42891347864623100,0.48439889770571800,0.03575995607536290,-0.014219151236105700,0.0027390693004536000,-0.005952848148477500,326.065410121365,449.47984584657700,6.514410719485380,272.2988924681990,228.47314933115600,30.93366782187340,148.91261087513700,84.69977107898240,44.089321744317800,13.673297563108100,13.289590750029800
54561087,110.024000,0.000000,0.000000,1023.93,1024.29,1025.31,1026.31,-0.02,0.0,1.0,1.0,1.0,1.0,1400.35,0.43254504970718100,0.48294298947700500,0.03654065828997640,-0.014666974266449300,-0.017239312305789700,0.00745542162903133,326.0841666347240,449.4583846274750,6.5493775605189500,272.1985309754520,228.49879670166600,31.137002952356900,148.50459671320900,85.200252774119,50.089242499204700,13.705260807584100,13.389924984109300
54561187,110.126000,0.000000,0.000000,1023.87,1024.31,1025.36,1026.34,-0.02,0.0,1.0,1.0,1.0,1.0,1400.31,0.43623534093620600,0.4814833820101500,0.03701981000167660,-0.014495740455349600,-0.010002660035860300,0.007866361169143540,326.07102770557300,449.4218737741930,6.532486000971460,271.94156299464200,228.51509261820400,31.23036718510870,148.19255089999500,85.51668319313040,44.38412988695180,13.768087645942200,13.336322023901500
54561287,110.223000,0.000000,0.000000,1023.81,1024.29,1025.47,1026.35,-0.02,0.0,1.0,1.0,1.0,1.0,1400.41,0.43994885407047100,0.4800420567103970,0.03709451684572040,-0.014405721906876300,-0.013294254526198700,0.003433710156461970,326.0723505271560,449.4568581809180,6.555914591616050,271.2547629541540,228.78894735844900,31.37853861881930,147.21385773091800,86.09788922192440,44.79123972757020,13.950829942036000,13.09867420961490
54561387,110.323000,0.000000,0.000000,1023.99,1024.32,1025.38,1026.37,-0.03,0.0,1.0,1.0,1.0,1.0,1400.25,0.44370233727253300,0.4785489784518310,0.03763228053707290,-0.015261448286285200,-0.010253281576183100,-0.004656728525118800,326.0691374021940,449.44364452320300,6.511978664483170,270.58809481221400,228.97984012856500,31.648038626444700,145.5820117576060,86.66134599496370,44.74511518310490,14.125509980073500,13.043578786504900
54561488,110.423000,0.000000,0.000000,1023.94,1024.26,1025.41,1026.37,-0.03,0.0,1.0,1.0,1.0,1.0,1400.27,0.4475327391630850,0.47694709005372800,0.03838193579067920,-0.016205334078619400,-0.009274133962986540,0.0020584495120737900,326.0748439784790,449.4710460143780,6.550487469814250,270.26336981655500,229.09684599273200,31.86834177326400,144.47460740099000,87.96278692285970,51.38190358458230,14.211783987968600,13.286140022321900
54561588,110.526000,0.000000,0.000000,1023.91,1024.28,1025.35,1026.35,-0.04,0.0,1.0,1.0,1.0,1.0,1400.31,0.4514137867010180,0.47534392837940300,0.038869498780080100,-0.015672539223865600,-0.010311746136161000,0.016677671694587300,326.085692594002,449.4494090638830,6.533421399821120,270.0440813081100,229.1094464126660,32.02806995584830,143.45477610407100,88.599796605777,45.50603469400590,14.270124135273900,13.476377819793000
54561688,110.626000,0.000000,0.000000,1023.98,1024.37,1025.36,1026.37,-0.04,0.0,1.0,1.0,1.0,1.0,1400.36,0.4553217563413470,0.4738774464351050,0.03894095136790470,-0.013906636817687400,-0.017731577981288400,0.025535522477652900,326.0636274861800,449.4987154876240,6.53834981111397,269.50125949270300,229.34917998361900,32.03021678882610,142.18772956475100,89.08606131562160,52.396497139915400,14.409173905892200,13.410938306170300
54561787,110.724000,0.000000,0.000000,1023.85,1024.35,1025.18,1026.41,-0.03,0.0,1.0,1.0,1.0,1.0,1400.38,0.45923751354869800,0.4725868588011060,0.03901216724962010,-0.012281707438651400,-0.014317488014649800,0.018892862856819700,326.08388025575600,449.48355518700700,6.534351972853420,269.26405691712700,229.4465482476670,32.02783751446810,141.53828736897800,89.2504190476356,45.98870594344770,14.479101973305100,13.376901234843800
54561887,110.823000,0.000000,0.000000,1023.87,1024.37,1025.32,1026.26,-0.03,0.0,1.0,1.0,1.0,1.0,1400.37,0.46316261381053600,0.47142808605338400,0.03921251508305120,-0.011100562213872400,-0.011752493282195800,0.01675908778189740,326.06454081673500,449.46928086938400,6.526087643954180,268.9841204965320,229.51793102568300,32.19350558306730,140.7397979670990,89.83821116803310,46.43377337903260,14.54812217805850,13.459769762438100
54561987,110.923000,0.000000,0.000000,1023.83,1024.3,1025.36,1026.22,-0.03,0.0,1.0,1.0,1.0,1.0,1400.32,0.4670700270720230,0.4704185996129680,0.038744575389998300,-0.009437785008675980,-0.030719616529182200,0.02257776768221850,326.06237439343100,449.47595090351800,6.532059931654790,268.5702209876930,229.71270366091200,32.35523635418140,139.9096019116460,90.51636846820250,46.426183922741800,14.660560709705000,13.426403740864700
54562088,111.022000,0.000000,0.000000,1023.77,1024.29,1025.37,1026.21,-0.03,0.0,1.0,1.0,1.0,1.0,1400.38,0.4709517904474480,0.46955768248748300,0.03875792536684110,-0.008113163815143190,-0.01735857061260610,0.016413132848948900,326.06998498788300,449.4942372096900,6.522427526344710,268.08030057804400,229.82720193849700,32.549290212297800,138.9777242136950,91.08086909390670,46.521010068533800,14.788089260871800,13.361808335017700
54562188,111.123000,0.000000,0.000000,1023.83,1024.33,1025.31,1026.17,-0.03,0.0,1.0,1.0,1.0,1.0,1400.37,0.47481451313413700,0.4688189923908860,0.038040289752429400,-0.0069437157618492500,-0.03517690826217720,0.014094626611676200,326.06032462701900,449.5110194286410,6.555071129981020,267.53994783372500,230.0681376608540,32.75715913916290,137.87351773470900,91.6404336825641,54.0609359549762,14.931971733238600,13.26430566155750
54562289,111.224000,0.000000,0.000000,1023.89,1024.41,1025.28,1026.27,-0.03,0.0,1.0,1.0,1.0,1.0,1400.33,0.47867641768562200,0.4681456176887020,0.03848642390999270,-0.006582351671540750,-0.044160432113575000,0.010146447221317300,326.06360661209500,449.49179509265800,6.562677014370020,267.0683501281510,230.20065504030100,32.906493230950300,136.87917419845900,92.22357815214620,46.705006329900200,15.057606179507700,13.221310340460900
54562389,111.324000,0.000000,0.000000,1023.75,1024.31,1025.24,1026.24,-0.03,0.0,1.0,1.0,1.0,1.0,1400.26,0.48255225697210000,0.46748831421202900,0.03845689837156320,-0.006460866060077380,-0.011942476291602000,0.004144113999000230,326.0720281548250,449.51454280819,6.556767161306250,266.61903985463900,230.40898076839400,33.05014381087220,135.66683772463700,92.84752050037940,46.80045058948460,15.18132618755650,13.227340606438000
54562490,111.425000,0.000000,0.000000,1023.85,1024.27,1025.23,1026.28,-0.03,0.0,1.0,1.0,1.0,1.0,1400.28,0.4864413526457160,0.46685100518300800,0.0365342606672465,-0.005887155002952450,-0.02757073278345400,0.0070132858002008400,326.0697806705560,449.51503932828000,6.549992514038120,266.1313556463110,230.6221475144010,33.30999289973470,134.2124259562360,93.67139812776070,46.92109231121710,15.313662452938800,13.300526008414200
54562589,111.524000,0.000000,0.000000,1023.89,1024.3,1025.26,1026.4,-0.03,0.0,1.0,1.0,1.0,1.0,1400.23,0.4903610685431920,0.46625548419734300,0.040999533274143700,-0.005931017905900030,0.07221392082542110,-0.001992793120450490,326.07975747591000,449.5195619812800,6.549133295916150,265.79571040689400,230.7231365965500,33.48251768492030,133.08617333937800,94.48053373124680,47.248765119198300,15.40425231510060,13.438877762463000
54562690,111.624000,0.000000,0.000000,1023.88,1024.31,1025.26,1026.29,-0.02,0.0,1.0,1.0,1.0,1.0,1400.25,0.4942993165129530,0.4657554447216210,0.03800527478829000,-0.0043589543274844500,-0.061780092972230600,0.020125354046592400,326.06468723216400,449.49705144176100,6.539451170305970,265.57199565332300,230.76161232021100,33.694936008985700,132.57054425445700,94.87953699121950,47.377024505724800,15.459125098697900,13.46794767944960
54562789,111.724000,0.000000,0.000000,1023.88,1024.33,1025.31,1026.25,-0.02,0.0,1.0,1.0,1.0,1.0,1400.28,0.49823573274030400,0.46538952920963100,0.038826267902597400,-0.0030889759187421200,-0.04765227879513720,0.01793129614820540,326.0548623343770,449.53390976941100,6.541357531861370,264.8211025790910,231.1212766367080,33.8921546129405,130.87904063916500,96.19866424842280,47.9808040115811,15.661272837384600,13.468497334691800
54562889,111.824000,0.000000,0.000000,1023.81,1024.33,1025.35,1026.3,-0.02,0.0,1.0,1.0,1.0,1.0,1400.22,0.5021832219009150,0.46515138068192400,0.038949224720453300,-0.0019176176760896600,-0.040911323797191700,0.013570104565126400,326.06474664968200,449.53695645330800,6.580128063101560,264.70646233040600,231.2185983633520,34.036363578003000,130.3875368119770,96.59595127788700,48.00061558524490,15.697996167503100,13.539302322596200
54562989,111.934000,0.000000,0.000000,1023.75,1024.28,1025.4,1026.23,-0.02,0.0,1.0,1.0,1.0,1.0,1400.26,0.5061356103922440,0.4650418868739900,0.03906742763867420,-0.0004922858672035790,-0.024727805638321100,0.017411658801981500,326.0672512784340,449.5490418488820,6.57241757199259,264.7564796710530,231.23186329152600,34.14597060411150,130.1669566186860,96.68925445722760,48.131382429136000,15.686519620868500,13.63694836787460
54563089,112.023000,0.000000,0.000000,1023.76,1024.34,1025.3,1026.32,-0.02,0.0,1.0,1.0,1.0,1.0,1400.36,0.5100457677787780,0.4650966191392310,0.03726664733756870,0.0010573427593469500,-0.06990926431277630,0.011212566499756400,326.07239996636500,449.5403120702430,6.5894070153691,264.5391620009770,231.25405861850100,34.23548682489720,129.9118577255670,96.84955441767780,48.20372877228050,15.742741377075200,13.561967029215100
54563190,112.123000,0.000000,0.000000,1023.87,1024.28,1025.34,1026.2,-0.01,0.0,1.0,1.0,1.0,1.0,1400.42,0.5138818176053110,0.46527938716157900,0.03792055515700220,0.0022205677482232300,-0.016533398598550800,0.009998566282436560,326.08032280292700,449.60104515526,6.5663343220878900,264.79395768908000,231.20032146598100,34.137359886407500,129.99174083402800,96.63457562799940,48.06509177860110,15.674878964969000,13.700540508077100
54563289,112.225000,0.000000,0.000000,1023.94,1024.26,1025.35,1026.22,-0.01,0.0,1.0,1.0,1.0,1.0,1400.39,0.5175959555218970,0.46557638189555100,0.03648810519303160,0.0034847400672651900,-0.04421113242163960,0.01241295889396440,326.076839689097,449.59285042568300,6.586575405723380,264.87058534513200,231.20614014029700,34.19950938127160,130.16831469581600,96.56744842257950,48.0938317010329,15.65635008499120,13.700824710700000
54563389,112.325000,0.000000,0.000000,1023.97,1024.29,1025.35,1026.23,-0.01,0.0,1.0,1.0,1.0,1.0,1400.2,0.5211285324868020,0.46601106656242100,0.034298105695174000,0.0047598969758958500,-0.03720656439280500,0.008745497104714050,326.05412161103800,449.5348867574920,6.54554135305502,264.9246651405990,231.13641130806900,34.107727654395000,130.57508935618500,96.63948152416580,48.005875855605300,15.636865940058500,13.69486447042220
54563489,112.425000,0.000000,0.000000,1024.03,1024.19,1025.35,1026.23,-0.02,0.0,1.0,1.0,1.0,1.0,1400.35,0.5244471017030500,0.46655081739277300,0.03224173836321410,0.005714434633179470,-0.0364502588931044,0.006263944070938750,326.0745092588290,449.5741616592770,6.564018404450040,265.18813080802000,231.05708397182700,34.167277798404600,131.009141850791,96.28401384792250,48.12261077047840,15.569666823146700,13.734107411209200
54563589,112.524000,0.000000,0.000000,1023.8,1024.13,1025.36,1026.28,-0.02,0.0,1.0,1.0,1.0,1.0,1400.28,0.5275240068371100,0.4671762246647990,0.029554390343286700,0.006529677877939970,-0.03656123727461720,0.0067784068288174600,326.0801823034770,449.57326639999300,6.552915182287860,265.59725265506200,230.98636824927200,34.117902764296800,131.43182751122200,96.01256012811580,48.22110928402650,15.466750620895500,13.894406443810700
54563689,112.625000,0.000000,0.000000,1023.88,1024.23,1025.43,1026.19,-0.03,0.0,1.0,1.0,1.0,1.0,1400.3,0.5303146473506090,0.46790315244874400,0.026812576737398700,0.007750615402600630,-0.027567894194653400,0.013125333989538500,326.07066511074300,449.5564835993860,6.565094426435400,265.3878524298290,231.03626676662300,34.02930897689300,131.79264900988400,95.66803458714930,48.07619097078810,15.5199125673521,13.582481915391200
54563789,112.724000,0.000000,0.000000,1023.95,1024.25,1025.35,1026.17,-0.03,0.0,1.0,1.0,1.0,1.0,1400.32,0.5328014853029950,0.4686914016917240,0.02373765848206110,0.007733799905026950,-0.03405438622022980,-0.007892438904437850,326.05299897167900,449.54328810966600,6.5661545687073000,265.77368449289400,230.86836937349300,33.94034983481480,132.74204212363900,95.1577562243006,47.89132525250040,15.411252394549300,13.60635824991150
54563890,112.824000,0.000000,0.000000,1024.09,1024.27,1025.41,1026.23,-0.03,0.0,1.0,1.0,1.0,1.0,1400.35,0.53499452232545,0.46942491593623300,0.02061320016803260,0.007127647651207870,-0.04644894905658790,-0.007664110117990570,326.0768840957620,449.55655092050900,6.541765501677190,266.2146847174700,230.73455261485400,33.5966744224259,133.82092967147500,94.36503543775250,47.669088311246100,15.299823311623400,13.552850014773400
54563989,112.924000,0.000000,0.000000,1023.96,1024.25,1025.53,1026.24,-0.03,0.0,1.0,1.0,1.0,1.0,1400.33,0.5368446182250470,0.47011019386828600,0.01703447269893560,0.006559446064013240,-0.007069480979502080,0.0040041664128946900,326.067467679968,449.53692173610200,6.548536256483410,266.73230219290200,230.56442305950100,33.501486987038000,134.99649009890400,93.32415936171920,47.34407393365320,15.161408815972400,13.504818510596900
54564089,113.024000,0.000000,0.000000,1023.93,1024.15,1025.48,1026.28,-0.04,-0.01,1.0,1.0,1.0,1.0,1400.13,0.5383204648506080,0.4707242216657120,0.013956285018595500,0.006108531530400530,-0.011271069934582800,0.0037012271045677100,326.0767434356490,449.47751145665200,6.537975018243950,267.38040191565000,230.24699540885400,33.33174713279920,136.60843441472900,92.5073730381579,47.12799062823630,14.98870993820670,13.536135356311700
54564190,113.124000,0.000000,0.000000,1024.06,1024.23,1025.57,1026.14,-0.04,-0.01,1.0,1.0,1.0,1.0,1400.32,0.5393777408686970,0.47125826375945800,0.008861176646347480,0.005072699380566,-0.04276433248928500,-0.005056314345680810,326.06465061288100,449.4942934173440,6.548794477867840,267.79257010015400,230.11726221503500,33.38105841115580,137.66650480071200,91.96086229117970,46.98542077613740,14.87569580978150,13.534120832072800
54564289,113.225000,0.000000,0.000000,1023.91,1024.26,1025.61,1026.12,-0.04,-0.01,1.0,1.0,1.0,1.0,1400.31,0.5399702162486170,0.4717298188798450,0.004076307083667960,0.004555936944738540,-0.05279858912752830,-0.004834841374692510,326.0716238834850,449.5320034858460,6.55406177529604,269.26441154603700,229.71355186284900,33.043562382866300,139.98483301714800,90.50321128621830,46.07984527456790,14.48981066622820,13.902118534044400
54564389,113.324000,0.000000,0.000000,1024.03,1024.2,1025.76,1026.2,-0.04,-0.01,1.0,1.0,1.0,1.0,1400.29,0.5400358991582660,0.47224852407944600,-0.0014960875090043900,0.005615993353944290,-0.05773769582364410,0.011153866791397000,326.06491643461300,449.52640054955600,6.5424196222002600,270.15165311370800,229.42675251322700,32.621545013722300,141.9793886322380,89.05273054773550,45.73589945432080,14.253686133999100,13.891107091264100
54564489,113.424000,0.000000,0.000000,1024.01,1024.2,1025.64,1026.18,-0.04,-0.01,1.0,1.0,1.0,1.0,1400.41,0.5395199640900960,0.47287591450531700,-0.0070867285790736100,0.006370602267559070,-0.048251992189086000,0.0012456858007666700,326.07049225440500,449.5281171936610,6.550783852875460,270.9108467343050,229.19021074319600,32.518886666216900,144.1002540219300,87.71670845262420,44.760158906012800,14.054638808733900,13.762367648678400
54564589,113.524000,0.000000,0.000000,1023.96,1024.15,1025.54,1026.06,-0.04,-0.01,1.0,1.0,1.0,1.0,1400.35,0.5384295414478520,0.473540540760111,-0.013096638800613700,0.006643569401982850,-0.05682708490867540,-0.001552700433257110,326.07377281991400,449.4683348444920,6.524737856353680,271.7491745317010,228.8782607300270,32.15985755862020,146.52946315569200,86.27773529538520,44.06656008082780,13.834896514111100,13.617071747187700
54564689,113.624000,0.000000,0.000000,1024.05,1024.13,1025.57,1026.13,-0.04,-0.01,1.0,1.0,1.0,1.0,1400.29,0.5367624654380630,0.47416174413259800,-0.018865702393154100,0.005981136775128610,-0.03934735941290330,-0.011377703155693000,326.0779211656070,449.4683279086060,6.517914445190310,273.49175394430600,228.3732249857750,31.740374944585800,149.6259422134550,84.80590672507380,43.65203645571740,13.378880136926100,14.028933265463500
54564790,113.724000,0.000000,0.000000,1024.01,1024.22,1025.6,1026.3,-0.05,-0.01,1.0,1.0,1.0,1.0,1400.44,0.5344561319175600,0.47480724525344600,-0.025128696527584400,0.006786164032957170,-0.036021498461245800,0.004388381810874840,326.07613006120300,449.4671286471230,6.514393556622790,274.45035675171200,228.10029514830500,31.518551836428900,151.0307873951620,84.13740798398750,43.49963960710890,13.127520344464900,14.351486587583600
54564889,113.824000,0.000000,0.000000,1024.02,1024.23,1025.54,1026.25,-0.05,-0.01,1.0,1.0,1.0,1.0,1400.37,0.5314901999142880,0.47564324206658000,-0.03163656470660830,0.009483885477225480,-0.033045389339745700,0.030138110143175000,326.0733837257220,449.52858176679300,6.528551907807500,276.55111436664900,227.58601958806200,31.178974209081000,153.7527611265920,82.6140666128721,43.31207209554320,12.578417833736700,15.109399542019600
54564990,113.924000,0.000000,0.000000,1023.96,1024.2,1025.55,1026.14,-0.06,-0.01,1.0,1.0,1.0,1.0,1400.43,0.5277666120170120,0.47696297648397400,-0.0400544952145854,0.015249510909114600,-0.059318511005857800,0.0473728979019841,326.07446780515800,449.50903942204200,6.514120912138020,276.65567031857200,227.53582326890700,31.062278790599700,154.51853496510400,81.86102097962480,42.986625521319800,12.551291681137300,14.874666061257200
54565089,114.025000,0.000000,0.000000,1023.96,1024.16,1025.43,1026.27,-0.06,-0.01,1.0,1.0,1.0,1.0,1400.39,0.5233486085866250,0.47875905659825300,-0.04535498260856330,0.018794264023074400,0.011209848404257000,0.0006478652851024380,326.0805213108560,449.4813810644770,6.491623774242650,276.21727715005,227.57724258339000,31.094597154996500,154.98910271535,81.47165172148310,42.546368003860800,12.66436219047890,14.354783770900900
54565189,114.124000,0.000000,0.000000,1024.0,1024.27,1025.46,1026.21,-0.06,0.0,1.0,1.0,1.0,1.0,1400.37,0.5184462560845670,0.48072142775189400,-0.04989778601126910,0.019362035322017600,0.041898178573349400,-0.033460346529135200,326.0721382837680,449.51518597701700,6.525147064882030,276.2030346637850,227.603940928141,31.00129199122070,155.37625111935500,81.33157708702190,42.172614700485600,12.665409849236900,14.227239815920500
54565289,114.224000,0.000000,0.000000,1024.0,1024.22,1025.68,1026.11,-0.05,0.0,1.0,1.0,1.0,1.0,1400.31,0.5132376949340370,0.482624945194826,-0.05259463162818690,0.01851703973577580,0.030454670493419400,-0.02942134115693740,326.0725614266110,449.4725533756090,6.508271761773430,276.35428433957600,227.5312820123200,30.86636861054940,155.96883791828600,80.91641888186840,42.07949853363810,12.626680614735900,14.136052522530600
54565389,114.323000,0.000000,0.000000,1023.87,1024.03,1025.63,1026.07,-0.05,-0.01,1.0,1.0,1.0,1.0,1400.31,0.5078345319568840,0.48439976371759000,-0.05423229821779070,0.017015185474476200,0.006532221906157550,-0.023681260205625000,326.0718208516780,449.5066892999000,6.531357240168960,276.57022791522,227.4997591689300,30.62156846160110,156.7491023782750,80.63764994494870,41.3891071889408,12.569803536211900,14.070539034156100
54565489,114.424000,0.000000,0.000000,1024.01,1024.23,1025.58,1026.13,-0.05,0.0,1.0,1.0,1.0,1.0,1400.31,0.502323730294693,0.48598784256998800,-0.05171175327128040,0.01404615978657350,-0.017437569875798200,-0.018029429952653900,326.08279314649500,449.449820455628,6.502707875645810,276.64702491012900,227.42095232949800,30.705270360574200,157.90066251044100,80.06375862187580,40.75210271544130,12.552417933754300,13.75843058738550
54565590,114.524000,0.000000,0.000000,1024.01,1024.3,1025.58,1026.06,-0.05,0.0,1.0,1.0,1.0,1.0,1400.38,0.4967859616124680,0.48729423914843300,-0.05862434277570120,0.01248546271084400,-0.12684712705728700,-0.009517505587021240,326.0711765910120,449.4660643806210,6.515711449045670,276.7291626386700,227.39772846890100,30.605532350559600,158.71786787869200,79.69529291250110,44.624911483583000,12.5272082933868,13.569739415219300
54565689,114.624000,0.000000,0.000000,1024.07,1024.3,1025.46,1026.05,-0.05,0.0,1.0,1.0,1.0,1.0,1400.35,0.4912941972833150,0.4882288505257770,-0.054541719950484800,0.00773830494821396,0.26177713337411000,-0.08547373251253790,326.07057897420100,449.4248753512740,6.518280059259710,276.8472343201400,227.33566285510000,30.694342310165400,159.66754495131200,79.15027201913500,48.24823790958500,12.496889726623900,13.341902895340900
54565789,114.724000,0.000000,0.000000,1023.99,1024.36,1025.58,1026.07,-0.05,0.0,1.0,1.0,1.0,1.0,1400.31,0.48590790023964700,0.48872342995865800,-0.055193906686206200,0.003400671724111400,0.005172681542727350,-0.04622851791110250,326.07452821828800,449.46352132170200,6.494726577996080,277.27387702128000,227.23502209599600,30.561251831161300,160.88045850857100,78.52801358491210,39.57361908967190,12.3853775468113,13.279637423773300
54565889,114.824000,0.000000,0.000000,1024.0,1024.3,1025.52,1026.23,-0.05,0.0,1.0,1.0,1.0,1.0,1400.33,0.48064348465177700,0.48878851407509300,-0.05201978034848760,-0.0008941205398443710,0.046740593305953600,-0.040588450583753100,326.07834620640100,449.4382762899550,6.489357582332410,277.6744556116050,227.03754317875000,30.442738897248100,162.2447404674010,77.62613629941220,42.84084568066950,12.278525585380800,13.131293287009300
54565989,114.923000,0.000000,0.000000,1023.97,1024.25,1025.47,1026.05,-0.05,0.0,1.0,1.0,1.0,1.0,1400.3,0.47550521890231600,0.488435157975755,-0.05052877804420900,-0.005147185005130620,0.05335825331049190,-0.04123630853901850,326.0667534855480,449.4498585444840,6.506236398479170,277.7801323552870,227.03710496934700,29.993565679781500,163.26476078023300,76.89243587626630,38.71394338751880,12.249035281566300,12.834703232979600
54566090,115.023000,0.000000,0.000000,1024.01,1024.3,1025.63,1026.17,-0.05,0.0,1.0,1.0,1.0,1.0,1400.39,0.4705172383637970,0.4876104879342130,-0.048593715188587600,-0.010065383997676100,0.04806431412895860,-0.046752709439523,326.0737056531760,449.42815917995000,6.509277880159360,278.2060226580230,226.9202414454820,30.024870030376800,164.9687879439660,75.68428207474640,37.75991996960400,12.140889735066500,12.54208657477010
54566190,115.123000,0.000000,0.000000,1023.92,1024.34,1025.55,1026.06,-0.06,0.0,1.0,1.0,1.0,1.0,1400.31,0.4656899416818390,0.48625030481019900,-0.04712253749858230,-0.015379035762778100,0.05263836113924210,-0.038280025902630300,326.071694337703,449.4312692382530,6.488262891989410,279.0185115742400,226.68136128370800,29.8260231512306,167.25551317014100,74.4767461060764,40.730451028369300,11.927683027792100,12.43426392597820
54566290,115.224000,0.000000,0.000000,1023.93,1024.15,1025.63,1026.16,-0.06,0.0,1.0,1.0,1.0,1.0,1400.34,0.4609721666704180,0.48438436520167100,-0.046581181561375200,-0.020276078551826800,0.03588718118716390,-0.03236667540692680,326.0585029458530,449.4182640604110,6.498547104911740,280.04477595768700,226.39285084175800,29.589586943352600,169.61443581087600,73.22236184532030,39.54986314852990,11.657471663106800,12.475286373697100
54566389,115.324000,0.000000,0.000000,1023.97,1024.2,1025.64,1026.23,-0.06,0.0,1.0,1.0,1.0,1.0,1400.35,0.45629368391711300,0.4820996526678300,-0.045829169486645100,-0.02369174277570550,0.03914840022589820,-0.013666460130123000,326.0780386125110,449.4414577080530,6.482809520810640,280.7717702147880,226.29168169483700,29.234641831052000,171.501906944032,71.92674755892080,39.25758079910660,11.476805607445600,12.339811336235500
54566489,115.423000,0.000000,0.000000,1024.05,1024.2,1025.81,1026.15,-0.06,0.0,1.0,1.0,1.0,1.0,1400.42,0.4516020050881280,0.47946683382705000,-0.047117852494681100,-0.027672120924288500,0.02091704120283630,-0.020989701705513800,326.0773808606430,449.4431319627510,6.500300247252780,281.39178800667,226.08305976668100,29.020489351957600,173.89266050871800,70.48126481052200,38.04798776128150,11.313281571160500,12.01249825494540
54566589,115.525000,0.000000,0.000000,1023.93,1024.3,1025.81,1026.06,-0.06,0.0,1.0,1.0,1.0,1.0,1400.28,0.446883662326197,0.47646863931767500,-0.04659499685825690,-0.030984444997344700,0.06531634431509260,0.006660381281121820,326.06930949060900,449.4375000086730,6.504819663793730,281.4934268245280,226.0345933962040,28.97247437906880,175.51278989923600,69.4769624074512,33.62247679941250,11.28411101989240,11.527549890225900
54566689,115.624000,0.000000,0.000000,1023.97,1024.29,1025.66,1026.08,-0.05,0.0,1.0,1.0,1.0,1.0,1400.28,0.4421762031762780,0.47305519540274600,-0.04659518290251060,-0.03594403929553490,0.25889031978213200,0.12748332571418500,326.0726122352390,449.43516722267800,6.490739246995180,281.5508753862240,225.94262979810900,28.713562523996900,177.0321863048880,68.5454794676111,32.644009997925000,11.266350954265900,11.053222240540500
54566790,115.724000,0.000000,0.000000,1024.02,1024.17,1025.54,1026.14,-0.05,0.0,1.0,1.0,1.0,1.0,1400.46,0.43753267523342400,0.4690374637792410,-0.04571640921948430,-0.04222742174751780,0.04704485564007250,-0.029061505888856500,326.0824267302030,449.44141589768000,6.5015954166738900,282.016456359633,225.87869417277500,28.461077300561900,178.46241226872700,67.55294255773560,35.48326944224990,11.15051034050730,10.885947252323800
54566890,115.825000,0.000000,0.000000,1023.99,1024.17,1025.55,1026.13,-0.05,0.0,1.0,1.0,1.0,1.0,1400.43,0.4329778104827340,0.464417640493024,-0.04515787952230340,-0.048040211404690200,0.03609894974617990,-0.01818642465928820,326.0722760959290,449.40589636464400,6.485193466763020,282.92498512631200,225.66489377309500,28.303758927416800,180.43672672184500,66.83161457456310,35.0293686615761,10.915201108375600,11.002004647098100
54566989,115.925000,0.000000,0.000000,1023.97,1024.11,1025.43,1026.24,-0.05,0.0,1.0,1.0,1.0,1.0,1400.47,0.42846212826522600,0.45935582386334000,-0.0445332859407965,-0.0511356108467634,-0.006428452461702340,-0.035684266304820200,326.07207648843400,449.430853774662,6.470405277793550,284.09081538725100,225.35627204343900,27.989827264691100,182.70752968193700,65.78450543651890,34.59655319231920,10.611571982170700,11.206529383749000
54567090,116.024000,0.000000,0.000000,1023.98,1024.09,1025.6,1026.24,-0.05,0.0,1.0,1.0,1.0,1.0,1400.31,0.42392756626276800,0.45408600491167300,-0.046659903236102200,-0.054099105127015200,-0.030282965891235200,-0.024335514502834500,326.06415012519900,449.4174375067630,6.488595443992520,285.00651389410400,225.12120714372900,27.755149829431200,184.61614952997600,64.87304429346030,31.412776666650200,10.373203332306700,11.319425077801800
54567189,116.125000,0.000000,0.000000,1023.98,1024.17,1025.54,1026.21,-0.06,0.0,1.0,1.0,1.0,1.0,1400.32,0.4192829375108010,0.44880630904995900,-0.04642140986700030,-0.05210208709843800,0.029766620535656100,0.05129655579574400,326.0655107784960,449.40264526470800,6.481263950248920,285.4289240601020,224.96441102089400,27.284626402249000,186.4116038562020,63.99461190928800,33.907353887985200,10.26274091592150,11.071429588536000
54567289,116.224000,0.000000,0.000000,1024.01,1024.1,1025.49,1026.21,-0.06,0.0,1.0,1.0,1.0,1.0,1400.29,0.4145312733499630,0.4435398216773760,-0.04775248749921990,-0.052775430982060700,0.013965570130269100,0.016053077080775800,326.0666690379730,449.38746490276200,6.484856735840720,285.89653428642200,224.84865357476100,26.864843579883500,188.62201643432400,62.79526061321160,33.25373421222440,10.14294957695250,10.688900226017300
54567389,116.324000,0.000000,0.000000,1024.05,1024.15,1025.57,1026.13,-0.06,0.0,1.0,1.0,1.0,1.0,1400.27,0.4097047774828100,0.4381766876905570,-0.04816981405450650,-0.05379455619274790,0.024562736469118700,0.01878688461606640,326.06084107535500,449.3739572059830,6.488148238675970,286.60635712354900,224.5645112518610,26.586861621873000,191.3306134652730,61.4678396140326,29.513200323272500,9.954145137063350,10.383785695697100
54567489,116.424000,0.000000,0.000000,1024.01,1024.06,1025.56,1026.12,-0.06,0.0,1.0,1.0,1.0,1.0,1400.31,0.4047997330433240,0.4326461067873850,-0.049046108969219700,-0.05552341412652130,0.026690290421162100,0.02614523682320550,326.0547992954870,449.35958980048700,6.476877414697400,287.64365518431600,224.27442857248700,26.222815155507800,193.94057707730200,60.41105160018840,31.328855227909200,9.68432698998876,10.393848334547400
54567589,116.524000,0.000000,0.000000,1024.02,1024.14,1025.65,1026.11,-0.05,0.0,1.0,1.0,1.0,1.0,1400.33,0.39977894163602500,0.4269985051047720,-0.050464932137351600,-0.05629380000855610,0.012637699190688600,0.029882309961045200,326.05899236185400,449.35079136142100,6.508420032070120,288.89528699737200,224.080230118861,26.121146589621900,196.9280020016680,59.563401296392400,30.52486862535280,9.367915022836360,10.469991239970100
54567690,116.624000,0.000000,0.000000,1024.01,1024.03,1025.53,1026.06,-0.05,0.0,1.0,1.0,1.0,1.0,1400.37,0.39458302421937900,0.42136064789240000,-0.05250536262390940,-0.055874116850027600,0.005597499484107420,0.03642014388799380,326.0562058875680,449.3290757396270,6.480735778624620,289.7304449373320,223.88006980499300,25.724766862231700,199.23714405261700,58.78623938323300,30.103635055889500,9.153186492668310,10.422208206833900
54567790,116.724000,0.000000,0.000000,1023.9,1024.07,1025.61,1025.99,-0.05,0.0,1.0,1.0,1.0,1.0,1400.37,0.38918507504608900,0.41581442204955700,-0.054371373571771400,-0.05471672607138450,0.012357120246121700,0.04246075697684520,326.0666906703130,449.3402196904810,6.486958479068810,290.06260360792900,223.82483989260900,25.623407921701300,200.9600238611450,58.02239610489740,29.146018579159500,9.070860804535630,10.111955413156400
54567891,116.825000,0.000000,0.000000,1023.94,1024.11,1025.69,1025.99,-0.05,0.0,1.0,1.0,1.0,1.0,1400.27,0.38363156988164600,0.41034503000073200,-0.05534671899126240,-0.054095288803188000,0.03762209374708620,0.0441090004142422,326.05991791212100,449.32096392782600,6.488952213416560,289.8971424027850,223.7994758094890,25.339985743347700,202.88067015394500,56.85844540279350,25.321797463191700,9.109929106602960,9.310504712716600
54567991,116.925000,0.000000,0.000000,1023.99,1024.2,1025.68,1026.0,-0.04,0.0,1.0,1.0,1.0,1.0,1400.33,0.3780238318360610,0.4047206772719000,-0.055665532707044000,-0.05718902866171530,0.02147561520904430,-0.018643525573960500,326.0567646400540,449.3484527324860,6.480287621066720,290.1520202461640,223.7382275405350,24.960712832263700,205.0814705081370,55.71187272223840,27.263300571707300,9.042506719691150,8.767756172775370
54568091,117.026000,0.000000,0.000000,1023.95,1024.25,1025.49,1026.06,-0.04,0.0,1.0,1.0,1.0,1.0,1400.39,0.37243611798000000,0.3986840548299420,-0.05510808665936720,-0.061321963472014500,0.045768606539988800,0.0038395404575638300,326.05955830899900,449.3050101481850,6.499720624543240,290.8505626018320,223.54511110204500,24.8795173329092,207.0526977281110,54.94154186785100,27.037521318950700,8.864310269644340,8.699271130769010
54568191,117.126000,0.000000,0.000000,1023.83,1024.06,1025.66,1025.99,-0.04,0.0,1.0,1.0,1.0,1.0,1400.39,0.3668857586755380,0.3922603659360750,-0.05538414498205750,-0.06546440334791650,0.032923926995767500,0.002222776999807390,326.05416418855000,449.31032585730800,6.503849355677030,291.60169059950400,223.43027685089400,24.56037554954570,209.63724818157300,53.938287981275500,25.96899459509820,8.672230814970020,8.463433058723700
54568292,117.226000,0.000000,0.000000,1024.03,1024.17,1025.57,1025.9,-0.04,0.0,1.0,1.0,1.0,1.0,1400.48,0.3613503109479370,0.3855160532457700,-0.05454656793639480,-0.06755191109930860,0.055258864144508300,0.039737131637080000,326.05090645143000,449.2138958000980,6.5173485971117900,292.1919623592720,223.20152446097300,24.16807844796780,212.30487087708400,53.08781824241120,22.07345926843160,8.520126287009130,8.114965158736050
54568391,117.327000,0.000000,0.000000,1023.93,1024.05,1025.44,1025.99,-0.04,0.0,1.0,1.0,1.0,1.0,1400.41,0.3558204179864230,0.37846336024173300,-0.0545826175609456,-0.07099116333158780,0.03154665471056700,0.0016213537774855200,326.05156878890100,449.21141456571400,6.520020373231250,292.5309377585050,223.0579829136960,24.00722826058610,214.5813834088200,52.17293361059700,24.484167842174600,8.431039365214020,7.658115708960130
54568491,117.426000,0.000000,0.000000,1024.0,1024.18,1025.53,1026.06,-0.04,0.0,1.0,1.0,1.0,1.0,1400.27,0.35031801990757500,0.3710293316714000,-0.05460955053607530,-0.07553391560341330,0.04172790434095870,0.008978830566658460,326.0566488217860,449.185170772234,6.499445825946970,292.84083414021600,222.96083847838500,23.65776731347800,216.19993754125100,51.498609161008900,24.006055704801500,8.352878064965880,7.378129648847080
54568592,117.526000,0.000000,0.000000,1024.0,1024.21,1025.52,1026.14,-0.03,0.0,1.0,1.0,1.0,1.0,1400.29,0.34623197747840600,0.3651994852199440,-0.04848366741870680,-0.07020301332638380,0.19610903398183500,0.24374276926502400,326.05342249871800,449.22035412221700,6.4964717902956500,293.2116355162310,222.7447438855300,23.345309863702100,217.8140037573870,50.68391127806020,23.679044299288300,8.251166073769160,7.160861151105680
54568694,117.628000,0.000000,0.000000,1023.98,1024.19,1025.56,1026.03,-0.03,0.0,1.0,1.0,1.0,1.0,1400.29,0.3395090156086380,0.3550551380949280,-0.06027492771181840,-0.09335568322982460,-0.27271864664374100,-0.4691413495119090,326.05627717183300,449.15193928576600,6.491363529314220,293.88271741699500,222.684464787268,23.05095185773990,220.10092354744800,49.951830149368100,23.05002927198710,8.085400502129360,6.958683006512200
54568794,117.727000,0.000000,0.000000,1023.99,1024.17,1025.61,1026.15,-0.03,0.0,1.0,1.0,1.0,1.0,1400.23,0.33419784390159700,0.346604468382697,-0.05260642203981070,-0.08497235910460800,0.04599493437900490,0.041839653216087,326.05322215085800,449.16460344734100,6.5269862976911000,294.68901501056900,222.44896506404400,22.77447206446600,222.72107693864300,49.20834782813530,22.380544270108700,7.876397246854860,6.806271670222930
54568894,117.828000,0.000000,0.000000,1023.97,1024.19,1025.58,1026.13,-0.03,0.0,1.0,1.0,1.0,1.0,1400.34,0.3289073278043280,0.33796512404196300,-0.052706161717616700,-0.08614817197773980,0.031865832697120500,0.057390481145648600,326.0636546124960,449.1585536491600,6.492505097468560,296.5497522466050,222.22935902429500,22.213388537930700,226.3308512008450,48.290359079856300,21.6406371162902,7.548847902904380,7.129015850619790
54568994,117.929000,0.000000,0.000000,1024.03,1024.12,1025.4,1026.07,-0.04,0.0,1.0,1.0,1.0,1.0,1400.33,0.3235593202391450,0.32939913053224600,-0.05266907846528290,-0.08304313889568560,0.07894921147475220,0.16241420709096400,326.06308328133400,449.1366759520190,6.496074360206370,297.44320955708600,222.03810300762300,21.941144867220100,229.31278451269900,47.65663978518340,20.95208651607960,7.295559112718640,6.974913693529280
54569094,118.032000,0.000000,0.000000,1023.98,1024.2,1025.55,1026.03,-0.04,0.0,1.0,1.0,1.0,1.0,1400.34,0.3181005414857360,0.3210352539833390,-0.05465821412832550,-0.08227528550959160,0.057658099042220500,0.12731528154214800,326.071654355,449.07251235074900,6.4561896472946900,298.091805377432,221.82107089879500,21.718181233908400,231.58081156605800,47.338843342130200,20.430298354571800,7.019094836947290,6.828189122619120
54569194,118.129000,0.000000,0.000000,1024.02,1024.16,1025.5,1026.02,-0.04,0.0,1.0,1.0,1.0,1.0,1400.39,0.3125235852812640,0.3128854960530650,-0.055046547599007,-0.0791418238761722,0.03150089759813950,0.07655066876668090,326.0789282722010,449.07106184200200,6.479681962680520,298.17581743660400,221.77122446412700,21.577093487611500,232.86494656622000,46.90837924725910,20.02137183240760,6.998559722967320,6.483425224567270
54569294,118.230000,0.000000,0.000000,1023.99,1024.25,1025.75,1025.99,-0.03,0.0,1.0,1.0,1.0,1.0,1400.39,0.3068776839655340,0.3048238080497100,-0.05602714382977400,-0.08034045733050450,0.04140150552740750,0.04123683702808990,326.06840321731100,449.1212515309550,6.491939741112220,297.98562636136100,221.77882357386600,21.252549707367900,235.1530696062250,45.7972389938748,18.27434855479640,7.041865522841320,5.564892730424180
54569394,118.329000,0.000000,0.000000,1023.97,1024.21,1025.76,1025.95,-0.04,0.0,1.0,1.0,1.0,1.0,1400.35,0.3012631583862780,0.2965305841863040,-0.05471488426464080,-0.08263870524065520,0.0029888044025017100,-0.04630101610250700,326.06632939814500,449.1041907884670,6.490234823262710,297.9714198445540,221.74395201291500,21.04825466165720,237.78440575732600,44.61739817706950,17.644466283494200,7.044330947200220,4.67892818232048
54569494,118.433000,0.000000,0.000000,1023.94,1024.19,1025.53,1026.07,-0.04,0.0,1.0,1.0,1.0,1.0,1400.34,0.29575890771764100,0.2877990351832560,-0.055651463989010400,-0.09136289002294730,-0.01369471370558370,-0.11263972128470100,326.0649417368540,449.1196239752500,6.501089024594980,298.3637036151010,221.6325034555320,20.46659185975370,241.14470806417100,43.303719125180300,16.379598558870600,6.945038557878120,3.89940358017585
54569594,118.528000,0.000000,0.000000,1023.95,1024.21,1025.55,1026.12,-0.04,0.0,1.0,1.0,1.0,1.0,1400.41,0.29038838766856200,0.27837049675994400,-0.05260745644048500,-0.09614878043133200,0.043986517664406800,-0.02338330175892990,326.06650290729600,449.1114126525920,6.516952790847000,299.1497922033880,221.45777087860600,19.77334284020780,245.7263411273250,41.83824406287690,15.24436840500360,6.743081645418440,3.0776636984078400
54569695,118.629000,0.000000,0.000000,1023.86,1024.23,1025.7,1026.04,-0.04,0.0,1.0,1.0,1.0,1.0,1400.34,0.2851415310573690,0.2681340059547530,-0.0520670665065442,-0.10521377235028300,0.01901461156946800,-0.05318880313923620,326.068191640326,449.0740933832880,6.500486286860490,299.7576459730060,221.37392169782300,19.401634765998500,248.1571896412340,41.07749928447,14.55260671655680,6.59069849773914,3.1914437709043000
54569796,118.732000,0.000000,0.000000,1023.96,1024.19,1025.55,1026.18,-0.04,0.0,1.0,1.0,1.0,1.0,1400.47,0.2799751298169070,0.2572676500219260,-0.05053013427833980,-0.10848639910664400,0.06505177174200140,0.08396368263757180,326.0705175167440,449.0992618456260,6.490062501453640,300.9590792117270,221.15746687092900,19.014987411868800,251.14075709489200,40.20823661544630,13.559197010256900,6.2866963367341300,2.8197202861837600
54569895,118.833000,0.000000,0.000000,1023.98,1024.08,1025.56,1026.15,-0.04,0.0,1.0,1.0,1.0,1.0,1400.37,0.27483708756771000,0.24596736590005700,-0.050740890624955900,-0.11307241828408100,0.008979693856328210,-0.018175067085144000,326.0781919821080,449.0744295847290,6.465956782829220,301.88363472582500,220.9922859855830,18.55049137697100,254.31529402495000,39.297080657756900,12.569885635197700,6.055192217913560,2.560549607982290
54569996,118.932000,0.000000,0.000000,1023.98,1024.09,1025.65,1026.13,-0.04,0.0,1.0,1.0,1.0,1.0,1400.33,0.26969340514424900,0.2343119466527050,-0.05197509734716490,-0.1185705152881170,-0.016626387361766400,-0.053701859898014900,326.07486888020900,449.0739883953760,6.458947813598990,302.89808571749100,220.8518914000030,18.047469021725700,257.4576642076100,38.382730291533300,11.831048771705300,5.798714794256780,2.386531624718310
54570096,119.029000,0.000000,0.000000,1024.03,1024.14,1025.54,1025.98,-0.04,0.0,1.0,1.0,1.0,1.0,1400.38,0.2644944253151890,0.22243235130370600,-0.05136536732332110,-0.11727770480346700,-0.03271445678819600,-0.07066478387253070,326.0724649835260,449.08107427549800,6.4674703991453200,303.5021598999130,220.78510989247700,17.976454474486700,259.10207449809900,38.03021544045680,11.494609973496100,5.646155483886290,2.3630680633923700
54570196,119.132000,0.000000,0.000000,1024.04,1024.12,1025.59,1025.93,-0.04,0.0,1.0,1.0,1.0,1.0,1400.4,0.25921212259596700,0.21047896985778800,-0.05503901536934490,-0.12342300548556400,-0.07639558140004240,-0.1347991134737610,326.0642083108330,449.13359387226100,6.492721681151980,304.4680263274390,220.68844240636200,17.508374925206800,261.8222158376890,36.98226892044590,10.202034145968900,5.4004368334945400,2.2683656578106000
54570297,119.234000,0.000000,0.000000,1024.15,1024.25,1025.72,1026.08,-0.04,0.0,1.0,1.0,1.0,1.0,1400.29,0.25380840198521300,0.1986054392798770,-0.05479686760568390,-0.11901793778698000,-0.028550302644480400,-0.026893671525944900,326.06077469914600,449.156770522252,6.463986294290330,305.65080904561200,220.56953722779800,16.88138093624710,266.73479872597200,35.618654072325500,8.957517286543930,5.102262544775410,1.6778980789459700
54570397,119.334000,0.000000,0.000000,1024.16,1024.12,1025.51,1026.11,-0.05,0.0,1.0,1.0,1.0,1.0,1400.39,0.24826263271316700,0.18676227387609700,-0.05571617512114210,-0.1177783847637770,-0.008895261247839620,0.013013507444375300,326.06624370257900,449.10881382271600,6.472941649678920,306.09970292625800,220.48276975494500,16.507437548676600,269.5598386008550,35.25562389865920,8.283091665248580,4.991134457692590,1.177214822034990
54570498,119.431000,0.000000,0.000000,1024.1,1024.1,1025.52,1026.07,-0.05,0.0,1.0,1.0,1.0,1.0,1400.36,0.2425805565649070,0.1749027579284110,-0.057544699796248900,-0.11948606252970900,-0.07581972185318730,-0.14453826223161200,326.06958918140200,449.0812563147030,6.474494341862450,306.309959315235,220.4029795152080,16.486872584567700,270.8825395472080,35.29046002612620,7.963989379091780,4.938546465752750,0.9573429774175220
54570598,119.532000,0.000000,0.000000,1024.0,1024.13,1025.59,1026.09,-0.05,-0.01,1.0,1.0,1.0,1.0,1400.22,0.23682263917494200,0.16299738229765100,-0.05934227517306830,-0.12252603410163800,-0.05801946861805540,-0.11673529787797700,326.08583222363900,449.07662062498800,6.488324551425820,307.2085609292860,220.2687110572260,15.494660180922900,275.47545328088200,34.59642250494160,6.584471814482330,4.716375129274720,0.2659191562225130
54570699,119.635000,0.000000,0.000000,1024.07,1024.18,1025.58,1026.18,-0.05,0.0,1.0,1.0,1.0,1.0,1400.37,0.2310118117263350,0.15098342751175500,-0.05801898593054770,-0.1201793051449540,0.013354814308608900,0.02020916773498690,326.06773208990800,449.1353924027290,6.500697406637270,308.0717006525410,220.19159465615800,14.886589212868700,279.25877021100700,33.59560896727350,5.4449808566694800,4.494469350299300,-0.21102684241610500
54570799,119.733000,0.000000,0.000000,1024.17,1024.05,1025.45,1026.19,-0.05,0.0,1.0,1.0,1.0,1.0,1400.23,0.22514437708556500,0.1387850717845060,-0.05903756894294990,-0.12285231457051100,0.00155941606816097,0.004664093961575830,326.06502208496200,449.1729329339800,6.498726636231820,309.4562952906850,220.13023299644400,14.363470726692200,283.4855841085130,32.851171733205100,4.629123336061260,4.147467971893720,-0.3998604231990400
54570898,119.833000,0.000000,0.000000,1024.18,1024.1,1025.48,1026.18,-0.05,0.0,1.0,1.0,1.0,1.0,1400.26,0.21916480576385400,0.12646890379963800,-0.06016726202018360,-0.12308040979412700,0.0036604071510853100,0.031089823557603800,326.08916655857700,449.1076501676960,6.464178951663940,310.92126414453700,219.93421994253300,13.87077157613190,287.7190445382780,32.26638677968550,3.783555268036420,3.786613273570640,-0.5252565684481550
54570998,119.933000,0.000000,0.000000,1024.07,1024.05,1025.47,1026.24,-0.05,0.0,1.0,1.0,1.0,1.0,1400.34,0.21300893997425200,0.11411051912279700,-0.06133171930704000,-0.12151808965189000,-0.1239670502816170,-0.2036580212214590,326.0749110142850,449.08787828054600,6.458462421429620,311.4214684620650,219.89132874369300,13.43547649548630,289.79014901435300,32.14329635265450,3.498397112614150,3.6570216154941400,-0.7417104353529050
54571098,120.033000,0.000000,0.000000,1024.08,1024.11,1025.58,1026.15,-0.06,0.0,1.0,1.0,1.0,1.0,1400.39,0.20664755382914800,0.10177561420002600,-0.06950223565738210,-0.13313026457053800,-0.2767836165775200,-0.48860959024753100,326.0825767114650,449.07354417040400,6.457184038586640,312.40207875725300,219.73925292801100,12.74734486710210,294.40504679597500,31.692152659657500,1.9840166793335200,3.413824483131750,-1.3608116588542500
54571198,120.133000,0.000000,0.000000,1024.01,1024.08,1025.65,1026.11,-0.05,0.0,1.0,1.0,1.0,1.0,1400.33,0.2001050102638270,0.08943859490505860,-0.06795114687451040,-0.12714218918418000,-0.11052899823880400,-0.18282812590272800,326.0888708378660,449.0697915969550,6.479048579443430,312.59858062056200,219.71512018188500,12.397305336200600,296.49683290961900,31.459815686713200,1.4399940599434100,3.366171620002430,-1.8436506984845300
54571298,120.233000,0.000000,0.000000,1024.08,1024.01,1025.58,1026.05,-0.06,0.0,1.0,1.0,1.0,1.0,1400.31,0.19344952434793100,0.07707086631687790,-0.06696541022275790,-0.1243760985487220,-0.18825568924914200,-0.3536862526660180,326.0817183678530,449.08180147648000,6.456922774168020,312.6798116742440,219.73796129179500,12.194325553191800,297.94785120305600,31.234932893143100,0.5313383880112310,3.344325469800090,-2.2199325902044100
54571399,120.333000,0.000000,0.000000,1023.99,1024.16,1025.47,1026.16,-0.06,0.0,1.0,1.0,1.0,1.0,1400.3,0.18677885374977300,0.06459341064697250,-0.07250860172202320,-0.13630300981760200,-0.342928252458993,-0.6626114849133340,326.0854194651990,449.0859823226780,6.480006465623840,313.15636273362000,219.64704124069900,11.921200650283300,299.6241468887060,30.978195237744900,0.2605368110987660,3.225249287267730,-2.3480015207755600
54571498,120.434000,0.000000,0.000000,1023.96,1024.14,1025.38,1026.24,-0.06,0.0,1.0,1.0,1.0,1.0,1400.3,0.18016108207448500,0.05206510314548660,-0.06854781249337980,-0.13017719258589200,-0.09101618117745310,-0.18185581459128500,326.0748958614450,449.09022441211300,6.4808787566941000,314.06127965960600,219.65587973596100,11.678291776684500,302.5214371799360,30.814205425809200,-0.4906281367664750,2.997378003806590,-2.497841984713650
54571600,120.533000,0.000000,0.000000,1023.98,1024.16,1025.57,1026.05,-0.06,-0.01,1.0,1.0,1.0,1.0,1400.29,0.17360406829896600,0.039599833482047500,-0.06557200921808430,-0.12444614698587000,-0.10838716684354800,-0.19628781148446800,326.07056807970900,449.0795185605950,6.492306932162930,315.1953122394260,219.5755753411750,11.002132343379400,305.8052174265280,30.468402915868500,-1.3329760961955500,2.7129839243326900,-2.5832873095909400
54571698,120.637000,0.000000,0.000000,1023.96,1024.06,1025.58,1025.95,-0.06,-0.01,1.0,1.0,1.0,1.0,1400.32,0.16706201200826000,0.0273153600046441,-0.06808994562168160,-0.126719400584277,-0.3084064031581830,-0.541185797999407,326.07820587900200,449.07048976132100,6.490689777527730,316.3792668326730,219.50593567740900,10.911729787135900,308.8334621035190,30.332171719838300,-2.270164296931260,2.419267130052940,-2.5543185330635700
54571799,120.733000,0.000000,0.000000,1024.08,1024.1,1025.75,1025.74,-0.06,-0.01,1.0,1.0,1.0,1.0,1400.29,0.16047651060510900,0.015363395256988200,-0.0713321943192577,-0.12733125735904200,-0.1845735174556600,-0.2699983955874410,326.08019826299700,449.05953796498200,6.4650914440110600,317.66539919197000,219.4195474835090,10.478792509525800,312.56392271245400,30.12620334442170,-3.946184173252170,2.0985754779863800,-2.6533970604613300
54571899,120.834000,0.000000,0.000000,1023.97,1024.13,1025.98,1025.74,-0.07,-0.01,1.0,1.0,1.0,1.0,1400.29,0.1538001099106460,0.0038315577001535000,-0.06720764728191040,-0.1137563654885540,-0.005256906813866620,0.05102375098112750,326.0733586990080,449.05077840819800,6.45524857981434,318.23034239561100,219.41102908876400,10.119412658943800,316.55182131910700,30.14958255001900,-5.582840780528560,1.9560948430237800,-3.404058453332600
54571998,120.933000,0.000000,0.000000,1023.99,1024.15,1025.94,1025.78,-0.07,-0.01,1.0,1.0,1.0,1.0,1400.23,0.1470248494208200,-0.00738335922855384,-0.06792986692229550,-0.11126406533197700,-0.0033414886305225100,0.022794905279345000,326.0811791610970,449.0439282577790,6.477670847841740,318.7680941303920,219.30403750550100,9.838535493668810,320.0410636857770,30.233353458152900,-7.052503504962030,1.8232248129819700,-4.032203140873210
54572098,121.034000,0.000000,0.000000,1024.05,1024.16,1025.47,1025.96,-0.07,-0.01,1.0,1.0,1.0,1.0,1400.25,0.1401968942929640,-0.01847616940971140,-0.068205274834965,-0.11059143141375200,-0.02440651268267110,-0.03563671470661780,326.080365544332,449.0632020011780,6.478922737103370,319.1040854997990,219.37436408509800,9.623280913168720,321.1382505883990,30.124500966789400,-7.188255629631800,1.7401507067975600,-4.096125300749820
54572198,121.135000,0.000000,0.000000,1024.1,1024.18,1025.58,1025.92,-0.07,-0.01,1.0,1.0,1.0,1.0,1400.17,0.13334492080912200,-0.0295279628247843,-0.07005391340283920,-0.11229894913067900,-0.04742806784698300,-0.049820594343697400,326.0881923828730,449.07208654012800,6.472501366940120,321.1624712138450,219.33982611698000,8.834285511753060,323.760288865433,29.945588598121500,-7.273348793865570,1.2282985304917000,-3.2424427964403500
54572299,121.233000,0.000000,0.000000,1024.11,1024.13,1025.51,1026.17,-0.06,-0.01,1.0,1.0,1.0,1.0,1400.27,0.1264430269307000,-0.04023085015608770,-0.069551742640158,-0.10485978201986100,0.017980434633918600,0.11396570671995,326.0835604083940,449.06330347107500,6.467780276097250,321.57255909550100,219.28677045633300,8.702091758740590,324.7156977527800,29.92691644184550,-7.7220586527256500,1.1246933508798600,-3.200338232079440
54572399,121.333000,0.000000,0.000000,1024.01,1024.07,1025.44,1026.2,-0.06,-0.01,1.0,1.0,1.0,1.0,1400.27,0.11943928410481400,-0.050257329237689300,-0.07013491966669330,-0.09724026427484650,0.043620409141103700,0.14576655894078400,326.085930642375,449.0874543517120,6.4752757742349800,322.6214720680450,219.35946978884300,8.039324977447060,327.62364115816900,29.70839191165390,-8.284188721095510,0.8639949068734030,-3.239862279289960
54572499,121.435000,0.000000,0.000000,1024.02,1024.09,1025.41,1026.26,-0.06,-0.01,1.0,1.0,1.0,1.0,1400.29,0.11231754810130800,-0.05955781783428630,-0.07208170176764270,-0.09048844069117830,-0.0017404436423544700,0.10119857709118700,326.06612787127100,449.14009730932300,6.491116232755870,324.6519992843060,219.37297395060200,7.316656316782130,331.495143849848,29.59663073303000,-8.695570511547710,0.3526291121267020,-2.770391804178120
54572599,121.537000,0.000000,0.000000,1023.97,1024.09,1025.41,1026.31,-0.06,-0.01,1.0,1.0,1.0,1.0,1400.28,0.10502442574073000,-0.06799682148028240,-0.07408388604866350,-0.0810716748297071,-0.07252351310955110,0.04938911772488160,326.0776833270230,449.11054876741800,6.4637209580613500,326.51656841836300,219.43302213594400,7.118959020744120,333.8973411682230,29.342104823230700,-8.93368565070418,-0.10948495130187000,-2.00457035787774
54572699,121.633000,0.000000,0.000000,1024.04,1024.13,1025.39,1026.22,-0.06,-0.01,1.0,1.0,1.0,1.0,1400.33,0.09745655535659920,-0.07526756620324940,-0.07814831516390340,-0.06891793672822270,-0.08468960895735920,0.08476116773920160,326.06521912184300,449.177934692704,6.478941322318750,327.2168336169520,219.31830660254000,18.063220607435000,335.7838050282930,29.342026234599700,-9.113985328585290,-0.2870538801366770,-2.0078934515081500
54572800,121.734000,0.000000,0.000000,1024.05,1024.15,1025.35,1026.32,-0.06,-0.01,1.0,1.0,1.0,1.0,1400.37,0.08960604433557650,-0.08127984477021070,-0.08042411035596550,-0.05643103608780280,-0.07781505475968990,0.07762631415783130,326.0680219370870,449.1890848359580,6.472993684277390,327.3716436469260,219.27791999323600,6.637303357353460,335.8288391633940,29.382950694165900,-9.162856905366210,-0.32486991951262100,-1.9003099113747100
54572899,121.835000,0.000000,0.000000,1024.09,1024.07,1025.27,1026.44,-0.06,-0.01,1.0,1.0,1.0,1.0,1400.34,0.08159429809032270,-0.08614659143908410,-0.08071983639104980,-0.04461398702198930,-0.014471080573893100,0.10938716318576600,326.07180393904300,449.1789918714290,6.491535565143310,328.2930756269680,219.34101491211500,5.957977463346470,336.85972543416800,29.659204181681000,-9.381198919820180,-0.5537184599971880,-1.4784703097562900
54573000,121.934000,0.000000,0.000000,1023.94,1024.16,1025.35,1026.32,-0.06,-0.01,1.0,1.0,1.0,1.0,1400.36,0.07350619942724280,-0.08987541836613320,-0.0809160480588571,-0.032736042681148000,-0.0034625725714516700,0.12100952906949400,326.0739610261820,449.20679899045700,6.488299635556840,328.9212472568710,219.33272383448300,5.264482089963490,338.8041494240720,29.83235341473620,-9.341585166248120,-0.7096456696343740,-1.5661173087723500
54573100,122.035000,0.000000,0.000000,1023.92,1024.27,1025.37,1026.32,-0.07,-0.01,1.0,1.0,1.0,1.0,1400.28,0.06535910669426400,-0.09246419793684350,-0.08170212706978920,-0.021948402137937800,-0.006196621900863100,0.10397560332484800,326.080452355093,449.23031932159500,6.4659436646291900,329.5103818124180,219.49081631869200,5.077541995447120,339.39086811985600,29.77165612686580,-9.353357753181120,-0.8553421602108710,-1.2705600598112400
54573199,122.135000,0.000000,0.000000,1023.9,1024.25,1025.28,1026.35,-0.06,-0.02,1.0,1.0,1.0,1.0,1400.33,0.057193498349499100,-0.09398262671738800,-0.08156137111075960,-0.01138184682732660,0.025916163328319600,0.09975543159652060,326.08440985603700,449.22280961153000,6.442226921917440,329.63512655738200,219.4753335264880,4.873823892903680,340.27247426345600,29.930781722499900,-9.608205593423700,-0.8854281645330930,-1.4412459362161000
54573299,122.235000,0.000000,0.000000,1023.88,1024.21,1025.21,1026.3,-0.06,-0.01,1.0,1.0,1.0,1.0,1400.41,0.04910857982288860,-0.09460974430054870,-0.08110917268912350,-0.0032464772371161000,-0.02865666514487500,0.08254360696238070,326.079245309993,449.16285838838400,6.4651945307412900,330.4759279802230,219.39554780081000,4.740318618109360,341.32102210621900,30.15653145540930,-9.347219342991870,-1.0962421945386700,-1.0874903397193500
54573399,122.333000,0.000000,0.000000,1023.95,1024.2,1025.44,1026.35,-0.06,-0.01,1.0,1.0,1.0,1.0,1400.31,0.04112055108453270,-0.09436758336907950,-0.0797747035275993,0.00560316080020443,-0.001359564482010240,0.08110081688255580,326.0793933879310,449.14747849201200,6.471178843653120,330.08914535035400,219.33966885203200,4.889684614087480,340.7083080791490,30.416142047757300,-9.359141649843110,-0.9996116082990240,-1.2179179281454300
54573499,122.433000,0.000000,0.000000,1023.91,1024.26,1025.33,1026.21,-0.06,-0.01,1.0,1.0,1.0,1.0,1400.29,0.033304622668201400,-0.09338024244161600,-0.07726167879674500,0.012244786541516600,0.016709961648668200,0.06219712718379020,326.0776266076640,449.1844182121100,6.491054622845700,329.64086280103600,219.351524883012,4.967236723652390,339.30692768505700,30.04375806052500,-9.151978145633240,-0.8882194250761420,-1.146548334142700
54573600,122.534000,0.000000,0.000000,1023.91,1024.3,1025.42,1026.19,-0.06,-0.01,1.0,1.0,1.0,1.0,1400.37,0.025796890399699500,-0.0918083572539612,-0.07398851977879390,0.017769612496631200,0.028917178763152000,0.05324023523663710,326.0802015817580,449.1466054006070,6.454489450086810,329.7948139279310,219.29997991270900,4.9430167922596600,339.0640826985110,30.17020745188530,-9.004664429921630,-0.9258917020559480,-0.9540433061602570
54573700,122.634000,0.000000,0.000000,1023.89,1024.2,1025.34,1026.24,-0.06,-0.01,1.0,1.0,1.0,1.0,1400.29,0.018695917514862600,-0.0897543588100793,-0.06760954518833060,0.02178624498961870,-0.050092879328710200,0.0743693999419121,326.080348736572,449.1832157619510,6.453307585148980,330.1709259261760,219.47550992988800,4.867059208524690,340.1519666590280,30.156125270083100,-8.918028253365570,-1.0202010339638200,-0.9774746243494770
54573800,122.734000,0.000000,0.000000,1024.07,1024.18,1025.46,1026.19,-0.06,-0.01,1.0,1.0,1.0,1.0,1400.38,0.012004702375480200,-0.0872451618278423,-0.0700159047534595,0.028551844940987400,-0.15055755678923400,0.12505619999164100,326.0725090482640,449.2495471744560,6.477062572547220,331.1533243539660,219.49086747537500,4.417086490131870,341.3325439010070,30.07697838605650,-8.764030982081340,-1.2668154058380100,-0.5425207284996270
54573899,122.834000,0.000000,0.000000,1023.94,1024.15,1025.5,1026.12,-0.06,-0.01,1.0,1.0,1.0,1.0,1400.31,0.005651844753188990,-0.0842463823930349,-0.06219478416914830,0.031685740106557200,0.03927057241305630,0.03807277856142950,326.0818843385290,449.34401169533500,6.468651887913090,329.9226285019570,219.64497253375600,4.603218496770830,340.9763163256630,29.09444471684560,-9.264529045199010,-0.9579401233911900,-1.4040826994384100
54574000,122.934000,0.000000,0.000000,1023.8,1024.37,1025.76,1026.14,-0.06,-0.01,1.0,1.0,1.0,1.0,1400.29,-0.0003077065505115570,-0.08099733294919120,-0.05743856289090660,0.032262508087689900,0.05125422077841460,-0.005684512222119220,326.07620864621300,449.32725258020100,6.459403661776870,329.9880138997200,219.64047641842200,4.887275031356650,340.5850298258480,29.212934482912700,-9.593587902200650,-0.9757125277774700,-1.2337166329309200
54574100,123.034000,0.000000,0.000000,1023.83,1024.45,1025.83,1025.82,-0.05,-0.01,1.0,1.0,1.0,1.0,1400.35,-0.0057727356695057600,-0.07778507407461950,-0.052870900493412800,0.031656943767609300,0.019141180862760700,-0.003476159433158610,326.0810858599170,449.42866526339500,6.476516242279730,327.0219144673440,219.67247449522700,5.712660545312240,337.9597875089040,28.997827258478300,-10.186883402811400,-0.23461917162721100,-2.8138825014662200
54574201,123.135000,0.000000,0.000000,1023.84,1024.35,1025.69,1026.03,-0.05,-0.01,1.0,1.0,1.0,1.0,1400.34,-0.010524887522297000,-0.07506491370574820,-0.045180060938611300,0.024619494182094800,0.07308852131426620,-0.0761782794781426,326.0778014187920,449.4715503649970,6.4740012885664500,326.8171111229240,219.694123140423,5.818331238749700,337.42073001747100,28.659509580370900,-10.86848637962530,-0.18434874191001100,-2.808317479246770
54574300,123.236000,0.000000,0.000000,1023.86,1024.39,1025.77,1025.95,-0.05,0.0,1.0,1.0,1.0,1.0,1400.4,-0.014461791168949200,-0.0731138382342825,-0.03522846070557510,0.016305185798844800,0.11188631310853700,-0.08296709194444350,326.0788133066710,449.3909069457910,6.478310858453290,326.0244375732010,219.68533253561300,6.190829522133810,335.8818727343750,28.826790536276900,-10.889663361354500,0.013563014243771700,-2.9837033746238500
54574400,123.336000,0.000000,0.000000,1023.86,1024.32,1025.29,1026.19,-0.05,0.0,1.0,1.0,1.0,1.0,1400.34,-0.017612104561882300,-0.07185311069642040,-0.02897401978469590,0.009977360821985150,0.0642074721755744,-0.07371892739791470,326.09241186153200,449.42052815779400,6.446808018823980,326.90557950228900,219.68494437850100,5.930223221439100,337.7234575516880,28.829987645433000,-11.379104529518400,-0.2028021889900100,-2.8385149676918400
54574500,123.435000,0.000000,0.000000,1023.86,1024.37,1025.51,1026.06,-0.05,0.0,1.0,1.0,1.0,1.0,1400.29,-0.020033664273341300,-0.07127708249329720,-0.02187599041045760,0.004093364074800940,0.07735453143799370,-0.03527754709396190,326.08356283009000,449.4049462926930,6.448003476107650,327.6266635321260,219.72358660914300,5.59644695512519,337.92800753326800,28.892636529157300,-11.152950761912100,-0.3849325321825590,-2.3200489669830400
54574600,123.534000,0.000000,0.000000,1023.81,1024.38,1025.53,1026.11,-0.05,0.0,1.0,1.0,1.0,1.0,1400.31,-0.02193060842416810,-0.07102383444661370,-0.01686328852875210,0.001165866437524420,0.05820690134403440,-0.04662419644257240,326.077723626722,449.36915145018600,6.48891398761803,325.7530068396940,219.77168450185100,6.50665656688956,335.89265922730300,29.054978310673000,-11.388785199232600,0.08103264063182210,-3.205389803530250
54574700,123.635000,0.000000,0.000000,1023.9,1024.34,1025.45,1026.24,-0.05,0.0,1.0,1.0,1.0,1.0,1400.31,-0.02323735059325150,-0.07128369492163690,-0.01074273938106370,-0.004455413081219620,0.05975012283491590,-0.04109687434610080,326.0876816575990,449.46570631968200,6.481761054493320,326.3911327705950,219.70974630901300,6.113512937843250,335.99652529578000,28.532741769363100,-10.979929727854500,-0.0756735884146129,-2.7249718295708000
54574800,123.735000,0.000000,0.000000,1023.9,1024.24,1025.56,1026.27,-0.05,0.0,1.0,1.0,1.0,1.0,1400.28,-0.024001415362473200,-0.07193694227560520,-0.005739591442597510,-0.007814228843557320,0.05095317847330520,-0.038704505013024000,326.0899980893200,449.4852153480270,6.46549790870713,325.47618301343500,219.81893402526600,6.050874256993620,336.6069009130720,28.458219868801400,-11.855908503066200,0.15313057410996600,-3.6351857499548400
54574901,123.834000,0.000000,0.000000,1024.01,1024.32,1025.39,1026.25,-0.05,0.0,1.0,1.0,1.0,1.0,1400.33,-0.024272451890344700,-0.0730428978303119,-0.0008497633873441740,-0.012878561477229700,0.04775883442566710,-0.045317240851957100,326.0809823638730,449.46911577564900,6.488774359110660,326.43594422716500,219.75275276608300,6.072929054451240,336.7389224266910,28.414471743486900,-11.580590635394000,-0.0885344004295117,-2.905156119106340
54575000,123.935000,0.000000,0.000000,1023.83,1024.31,1025.48,1026.28,-0.05,0.0,1.0,1.0,1.0,1.0,1400.35,-0.024132843190808400,-0.07455488637950440,0.0025065203633452200,-0.015528169894910800,0.02440972914569810,0.017823653735131300,326.0858293419070,449.43281360797400,6.473905530099260,326.01930767103100,219.7002458013810,6.0428302459248500,337.27339859147500,28.809973353918100,-12.033307428538400,0.016590642403105200,-3.4071949600465600
54575101,124.035000,0.000000,0.000000,1023.84,1024.26,1025.25,1026.19,-0.05,0.0,1.0,1.0,1.0,1.0,1400.27,-0.023699361381575400,-0.07628971998598040,0.005382392914854280,-0.018395267212843000,0.02698831691374850,-0.027396396901870700,326.08412616708800,449.43200990822900,6.476019954999490,326.23408018401500,219.67775965598200,6.149053354336340,336.708027683112,28.75035820154870,-11.861290538093600,-0.0373953085155954,-3.0652095468179400
54575201,124.135000,0.000000,0.000000,1023.84,1024.34,1025.39,1026.21,-0.05,0.0,1.0,1.0,1.0,1.0,1400.3,-0.022992385684839300,-0.0783049810917149,0.007784048230617110,-0.02020123683259230,0.013516012898073600,0.015825911818962000,326.07205292257900,449.41160238534700,6.4639831571017000,325.6593798089980,219.72724314211900,6.2737837443342600,335.318511579105,28.818416371512800,-11.37788248621630,0.10294302303544800,-3.102326072527220
54575301,124.236000,0.000000,0.000000,1023.86,1024.3,1025.46,1026.19,-0.05,0.0,1.0,1.0,1.0,1.0,1400.41,-0.022060079617767800,-0.08039892820098870,0.010184838190581500,-0.02119005129631590,0.018931342883383700,0.0022186830484358700,326.0744705761150,449.41326116990700,6.465042216874760,325.01090018430600,219.6319440754800,6.69518407125143,334.5056643183810,28.955484659279000,-11.578203815692100,0.2651984950741280,-3.381094696274240
54575400,124.336000,0.000000,0.000000,1023.87,1024.36,1025.5,1026.22,-0.05,0.0,1.0,1.0,1.0,1.0,1400.46,-0.020880495844471700,-0.08261031678265330,0.012740636724115200,-0.02269764831509960,0.014151456532974100,0.003468959634858100,326.08701094962500,449.43165835609100,6.4578754090143600,324.5445010704080,219.75179351846600,6.6340457463968900,333.9509134246350,28.850218048632600,-11.683278851831800,0.38478765779791700,-3.590464523127780
54575500,124.436000,0.000000,0.000000,1023.87,1024.38,1025.59,1026.17,-0.05,0.0,1.0,1.0,1.0,1.0,1400.43,-0.019420246467517400,-0.0850449554785548,0.015643780271559600,-0.025227689910541,0.027649809388374900,-0.023738047168300100,326.087300713399,449.4446296225550,6.481349748458070,324.20111504177200,219.66454038294800,6.797574585652370,333.4307287496760,28.629104826496100,-11.753871759784100,0.4703107718424180,-3.7066373307848700
54575601,124.536000,0.000000,0.000000,1023.8,1024.29,1025.55,1026.26,-0.05,0.0,1.0,1.0,1.0,1.0,1400.45,-0.01769358703827740,-0.08771198320066660,0.0182244072927682,-0.027626509163408600,0.027328568453454100,-0.030662046372064500,326.0776475224370,449.40252306105100,6.467857211589420,323.8188952433660,219.76998511539900,6.736499879645230,334.14128464079100,29.05117206405590,-12.493125382007500,0.5635647285560320,-4.225160775518780
54575700,124.636000,0.000000,0.000000,1024.08,1024.25,1025.5,1026.27,-0.05,0.0,1.0,1.0,1.0,1.0,1400.33,-0.015729104458133000,-0.09069251598785110,0.020445313695697900,-0.03125270525665540,0.02111932682899420,-0.03991638628542840,326.08083217563800,449.43248449539400,6.464429430034030,324.66244298301100,219.7186109318230,6.642305626982920,335.3986660427330,29.028709115638900,-12.596589861322000,0.3537735027261820,-3.93001193916422
54575800,124.736000,0.000000,0.000000,1024.03,1024.13,1025.37,1026.29,-0.05,0.0,1.0,1.0,1.0,1.0,1400.25,-0.013641100355833300,-0.09392293388121370,0.020956963797116200,-0.032597595313187200,-0.0007148453215596450,-0.0031605870593351400,326.08623523248200,449.4325325398690,6.463907720365180,326.02572859239900,219.7430530984830,6.086267790018590,337.66528949714600,28.79321026348340,-12.99598915939250,0.015093312229812600,-3.518398796576290
54575901,124.835000,0.000000,0.000000,1024.07,1024.18,1025.56,1026.24,-0.05,0.0,1.0,1.0,1.0,1.0,1400.33,-0.012110656027433300,-0.09633366394492260,0.019884472653842500,-0.03163349464293000,-0.019476388744842800,0.016495929723060900,326.0865542053780,449.4791484626510,6.476718560567490,326.89649365777200,219.8120022490040,5.4493671311271300,341.70922366599800,28.67090688508640,-14.068010693035000,-0.20205728450587100,-4.027240115785350
54576001,124.936000,0.000000,0.000000,1024.04,1024.09,1025.43,1026.25,-0.05,0.0,1.0,1.0,1.0,1.0,1400.26,-0.00983072427841757,-0.10032114915258100,0.01711688142560950,-0.03318974485727800,-0.018415120619072300,-0.04843984073696420,326.08886044331100,449.45550020389800,6.47642867306396,326.98101063090300,219.84339525941900,5.053070502823190,345.3965387750000,28.999585627139600,-15.3812967009391,-0.2226197230459290,-5.06646837263747
54576101,125.036000,0.000000,0.000000,1024.03,1024.21,1025.61,1026.19,-0.05,0.0,1.0,1.0,1.0,1.0,1400.35,-0.008290056122360240,-0.10394177345844300,0.014490307678463200,-0.038615244763133200,-0.012342377267679500,-0.09915909325274500,326.08141782276200,449.43991413547100,6.464574856966220,327.7272502252260,219.82462026194600,4.4873018899913500,348.54417061839300,29.336997556458100,-16.107586363505100,-0.41067663205442300,-5.415310972496540
54576200,125.136000,0.000000,0.000000,1023.97,1024.17,1025.63,1026.18,-0.05,0.0,1.0,1.0,1.0,1.0,1400.23,-0.007043101318883470,-0.10812590891164800,0.011488304859514300,-0.045049116035007000,-0.02452913226504190,-0.10406548894892000,326.0828966381900,449.4886747102430,6.493940163346360,327.9038887010350,219.95531228968100,4.367805092477990,351.049206957291,29.445699176919300,-16.982084334923800,-0.45454381781394000,-6.017920210540110
54576300,125.235000,0.000000,0.000000,1023.95,1024.15,1025.6,1026.05,-0.05,-0.01,1.0,1.0,1.0,1.0,1400.2,-0.006116833608249550,-0.1129924401567610,0.008083562001505610,-0.05135019801974560,-0.03307486176757440,-0.05975283405851670,326.085455230047,449.4643586766900,6.482094870642640,327.5694098275640,219.83324911822200,4.117917642742640,352.46630149981200,29.44863323628840,-17.76472386311390,-0.3702597266920780,-6.709860368905010
54576401,125.336000,0.000000,0.000000,1023.92,1024.28,1025.58,1026.14,-0.05,0.0,1.0,1.0,1.0,1.0,1400.09,-0.005465101288441850,-0.11866605863506400,0.0056707246736193200,-0.05982467930814050,-0.021044771229161400,-0.08406155203229630,326.0830487456660,449.4743954962690,6.48384952174853,327.59192834487100,219.86338347143600,4.110664597902310,353.20791446791000,29.657300043338500,-18.43147183165220,-0.376511508055517,-6.91713076010118
54576501,125.437000,0.000000,0.000000,1023.85,1024.24,1025.6,1026.16,-0.05,0.0,1.0,1.0,1.0,1.0,1400.34,-0.0050255246029757000,-0.12516549343768800,0.0036008990755231100,-0.0680219030669905,-0.021994985753531700,-0.07756165395515370,326.0912574369320,449.5045936768040,6.465457617359660,328.01667200310100,220.05619193284900,4.045460011466090,354.5966218087270,29.569867277660900,-19.097246475719200,-0.4807858250312350,-6.982036660193330
54576601,125.537000,0.000000,0.000000,1023.93,1024.25,1025.65,1026.21,-0.06,-0.01,1.0,1.0,1.0,1.0,1400.42,-0.004809555928121470,-0.13230451682949200,0.0012998216855983400,-0.0719165851063537,-0.022562270504490500,0.019655554648792100,326.08891330096000,449.509914776244,6.48839061651795,328.1066301166430,220.0082870876380,4.189606682538450,355.6012420219290,29.766110488255800,-19.887498149736400,-0.5037161631721870,-7.216257125438700
54576700,125.636000,0.000000,0.000000,1023.91,1024.22,1025.98,1026.0,-0.05,-0.01,1.0,1.0,1.0,1.0,1400.41,-0.0048055154700114300,-0.1399738804326330,-0.0006988081381155590,-0.0782541624311892,-0.01887318430831920,0.004063816496569650,326.09503779467900,449.4673839379420,6.480582118500560,328.1821560591230,219.94876549845800,4.212293906955640,356.8392767075640,30.342452556611700,-21.339728722828600,-0.5210024908908050,-7.552636461845700
54576800,125.735000,0.000000,0.000000,1023.87,1024.2,1026.17,1025.91,-0.05,-0.01,1.0,1.0,1.0,1.0,1400.26,-0.00498873037359696,-0.14813677160560300,-0.002434335130735560,-0.08220920940887530,-0.014097372239363600,0.018157265858983100,326.0888889863070,449.46278691920500,6.476153907403160,328.0873967152890,219.94284221652000,3.9862105600596400,360.55042465022900,31.360852888624000,-23.565614993998100,-0.498881108618238,-8.769564498869570
54576900,125.836000,0.000000,0.000000,1023.89,1024.2,1026.08,1025.72,-0.05,-0.01,1.0,1.0,1.0,1.0,1400.28,-0.005327629196851000,-0.15702213732909400,-0.003883222727008500,-0.09200264383245170,0.008536822406629360,0.45174501293090700,326.0947956237690,449.4388476968880,6.4618513702794200,328.0798469789390,219.99653549048300,3.6980359287422000,363.73221344305400,32.20359243329220,-25.53471071694420,-0.49568985807935300,-9.758255773638390
54577000,125.936000,0.000000,0.000000,1023.91,1024.2,1026.02,1025.76,-0.05,-0.01,1.0,1.0,1.0,1.0,1400.38,-0.00579082084603235,-0.16687067180948500,-0.004873731163863270,-0.09945260442998760,-0.004271047416256470,-0.0038463427603010600,326.0843537912340,449.4733952105330,6.476102259295830,328.0482296437060,220.01935783956100,3.406374695118430,367.21422073169600,32.77204592086480,-27.613892172786700,-0.4903772958340740,-10.833314928180600
54577100,126.035000,0.000000,0.000000,1023.82,1024.16,1025.85,1025.8,-0.06,-0.01,1.0,1.0,1.0,1.0,1400.23,-0.006342761935666300,-0.17788880267794100,-0.0058305157336197600,-0.11549754075138600,-0.005074584557367180,-0.07881814318013520,326.0881865935240,449.4488433011660,6.497800797874570,327.7774461772880,220.00004383768500,3.2600524768026200,369.3039668064920,33.27117486409900,-28.861426991953500,-0.4218182715277830,-11.694298519713100
54577200,126.135000,0.000000,0.000000,1023.86,1024.19,1025.8,1025.77,-0.06,-0.01,1.0,1.0,1.0,1.0,1400.25,-0.006950419535695070,-0.19014883057571100,-0.006167261570516340,-0.12722594413747700,0.0015487459621899500,-0.050587349497884600,326.08782049767000,449.4530350821410,6.479613092036480,328.0421661191390,220.03226027630300,3.009036369939250,371.03140703714400,33.78691634291360,-29.452692599113600,-0.4880684735857880,-12.021268070475000
54577300,126.236000,0.000000,0.000000,1024.03,1024.12,1025.71,1025.95,-0.05,-0.01,1.0,1.0,1.0,1.0,1400.24,-0.007592641706932730,-0.20366060907204300,-0.006658695898469950,-0.1405850329454600,-0.0054437327691128,-0.11536518076133700,326.08108888830200,449.47367250450900,6.507162602537350,328.35982794430000,220.02527803838,2.9999498015894800,373.42160319429200,33.893315700194900,-30.240574902415800,-0.5690074168116240,-12.471207477740000
54577401,126.335000,0.000000,0.000000,1024.12,1024.15,1025.83,1025.97,-0.05,-0.01,1.0,1.0,1.0,1.0,1400.42,-0.008295602705302550,-0.2182282971310410,-0.007355256586916670,-0.14901269793850300,-0.012898582464955600,-0.14088479407158800,326.0871682682070,449.4633606861540,6.475695920365610,329.3433215827960,220.04260383676000,2.5296393997631200,376.4865924813300,34.4225343555895,-31.4139731943379,-0.8131405342332180,-12.62423470300380
54577500,126.435000,0.000000,0.000000,1023.96,1024.09,1025.91,1025.78,-0.05,-0.01,1.0,1.0,1.0,1.0,1400.34,-0.009123526298151800,-0.23361476104412500,-0.009010022772722420,-0.15898645782180200,-0.019137836358545900,-0.13213142460588500,326.0949271240300,449.4695018179710,6.483279907623550,329.59679296988200,220.18056115527400,2.2906507738076000,380.3865695121600,35.27678827168460,-33.03496867568740,-0.8749943833547340,-13.609333126426200
54577601,126.536000,0.000000,0.000000,1023.92,1024.32,1025.99,1025.66,-0.05,-0.01,1.0,1.0,1.0,1.0,1400.28,-0.010107483078607700,-0.24976752802382900,-0.010350292628652700,-0.16289909475429900,-0.011664717578714300,0.004298129532036200,326.08813038180900,449.4601579976300,6.47336938221052,329.85634158799100,220.15728754172900,2.2517190545431600,383.5261123156590,36.17640256460050,-35.44331936685220,-0.9414760748006020,-14.379743539550300
54577702,126.636000,0.000000,0.000000,1023.93,1024.28,1026.17,1025.51,-0.05,-0.01,1.0,1.0,1.0,1.0,1400.3,-0.011248380247625000,-0.26678954762400000,-0.011750397598810100,-0.17249182888972300,-0.0010109080174082800,0.01608414399190980,326.0803968985870,449.4846813540640,6.4964106704388000,328.97192974014600,220.12514649156700,2.491094796759620,385.1325611548810,37.0054471853898,-36.1506758973199,-0.7222889249334520,-15.605575238263500
54577802,126.739000,0.000000,0.000000,1023.95,1024.23,1026.43,1025.33,-0.05,-0.01,1.0,1.0,1.0,1.0,1400.26,-0.01244317762744690,-0.2848555259450370,-0.011379004273880800,-0.17774078648980000,-0.00044113615628196600,-0.18724380466236800,326.0818719217680,449.4919158307610,6.51056922138352,328.21612445798200,220.14855250528400,2.282580111857310,388.0452939132880,38.03444621646600,-38.58237670571300,-0.533174935684393,-17.120332517879900
54577904,126.837000,0.000000,0.000000,1023.91,1024.15,1026.4,1025.34,-0.05,-0.01,1.0,1.0,1.0,1.0,1400.27,-0.013566776005347700,-0.30421932198060300,-0.01141725955181020,-0.21099674484266300,-0.015647555159414200,-0.7065967492927050,326.0769199994260,449.5754514465880,6.471236559904800,327.74209918564200,220.35627492080400,2.358793707732150,392.37976789636800,39.514639296722200,-41.39118871981360,-0.4162219874133630,-18.835813222397000
54578002,126.939000,0.000000,0.000000,1023.91,1024.25,1026.46,1025.44,-0.05,-0.01,1.0,1.0,1.0,1.0,1400.26,-0.014544366558928200,-0.32510543314834300,-0.009180945667556110,-0.21537638306335900,0.018624469370917000,-0.10628612749131200,326.07983715809300,449.6035455018780,6.532253279199890,327.9148606507530,220.40567396710900,2.2347946265555600,393.98421652421600,40.05985113234850,-42.67901615623180,-0.4587165418509350,-19.202781066998600
54578102,127.036000,0.000000,0.000000,1023.98,1024.13,1026.25,1025.37,-0.05,-0.01,1.0,1.0,1.0,1.0,1400.29,-0.015369621489980200,-0.34747582012524200,-0.007728010571265020,-0.2290723876786880,0.018936512838650900,-0.01709807418655590,326.07944960840700,449.61789478911300,6.509752973458950,327.92391054178700,220.46626914402200,2.0562948120431000,397.53157024823700,41.53102299954890,-44.6030169247309,-0.4611686454204450,-20.334212123949800
54578207,127.141000,0.000000,0.000000,1023.97,1024.26,1026.32,1025.37,-0.05,-0.01,1.0,1.0,1.0,1.0,1400.26,-0.016061805780521300,-0.3712506501489470,-0.006496046153787790,-0.2432140556194100,0.011310241197734600,-0.13393886311752000,326.0792786116300,449.5501907097440,6.522501316834850,328.07428342876500,220.36114420956100,1.8145563524334700,401.0364877153120,43.22700907656630,-46.70689896910080,-0.49872570707559300,-21.3894921897962
54578305,127.241000,0.000000,0.000000,1023.91,1024.22,1026.19,1025.47,-0.05,-0.01,1.0,1.0,1.0,1.0,1400.23,-0.016651440894184100,-0.39639609391166400,-0.005537266700286510,-0.2544956409410500,0.009103162469364000,-0.07650739504873520,326.08578604507900,449.48967901404100,6.49863266245629,328.42437827099300,220.33144058243600,1.437669408872910,404.4162465127370,45.31681686244470,-48.480918521054800,-0.584691234515333,-22.30124605898270
54578405,127.340000,0.000000,0.000000,1023.92,1024.24,1026.05,1025.47,-0.04,-0.01,1.0,1.0,1.0,1.0,1400.18,-0.017172385326926300,-0.4227158998491540,-0.005077486938293840,-0.26690826056942500,0.007241850829063170,0.16562525525068600,326.077843687338,449.50962040967600,6.528895414749000,328.80419756093600,220.3301010979840,1.2667787638141200,407.405795819921,46.649234918959900,-50.460153927758400,-0.6815670209823540,-22.98663153335680
54578505,127.440000,0.000000,0.000000,1024.03,1024.11,1026.26,1025.49,-0.05,0.0,1.0,1.0,1.0,1.0,1400.27,-0.01768250356604800,-0.45009655133063300,-0.005175640662449980,-0.27943655190447400,-0.004975422014489440,-0.3048099877016090,326.0853537478870,449.535889447886,6.503639135910160,328.9359692785430,220.334479093844,1.1997806667108100,409.1012133118990,47.46181170577140,-50.81872491675300,-0.7125602677586020,-23.45317674939140
54578606,127.539000,0.000000,0.000000,1024.01,1024.23,1026.26,1025.34,-0.05,0.0,1.0,1.0,1.0,1.0,1400.27,-0.018206813445738300,-0.4782250883520280,-0.005430286300333410,-0.2869979330968330,-0.012473233081361200,-0.4864387712311120,326.08031213754800,449.5956301768280,6.519710444998780,329.7459299954420,220.57002526108900,0.27994192627127800,418.1502474082960,51.73287591603150,-54.562225435292000,-0.8914911084929740,-25.072355543014900
54578705,127.641000,0.000000,0.000000,1023.95,1024.25,1026.63,1025.17,-0.05,0.0,1.0,1.0,1.0,1.0,1400.27,-0.01864166391917000,-0.49986037532840400,-0.006033202340678870,-0.2906547228165150,-0.009398279711972530,-0.08131598084920740,326.08231094780000,449.6408069057140,6.502629297994170,330.00854422986700,220.70864403295000,0.14679492796694800,421.2574153689030,53.42360522314020,-56.18419793692480,-0.9825379800654360,-26.64604001421400
54578805,127.741000,0.000000,0.000000,1024.06,1024.17,1026.8,1025.09,-0.06,0.0,1.0,1.0,1.0,1.0,1400.22,-0.019489426637810700,-0.5371634209380670,-0.0072480237135146000,-0.30103061335652400,-0.009550231460170020,-0.05302044763986300,326.10022821886800,449.71676330252900,6.5187741969615300,329.95539967447900,220.90913333088600,-0.39950367371057300,428.9899135615290,58.05695630581490,-60.0454779178121,-0.9652831731110980,-29.374272362050900
54578906,127.844000,0.000000,0.000000,1023.99,1024.22,1026.79,1025.01,-0.06,0.0,1.0,1.0,1.0,1.0,1400.36,-0.02028035719181410,-0.5684173610154570,-0.008236112629002630,-0.3190387466779060,-0.006881350523321410,-0.13824471139725300,326.0818193826370,449.6680056682550,6.528639867491500,330.2436169568100,220.95361240108200,-0.8918702554266040,433.25517444635700,61.260485278266800,-62.276467069302800,-1.0424666316143700,-30.739487411713800
54579009,127.946000,0.000000,0.000000,1024.1,1024.12,1026.81,1024.98,-0.06,0.0,1.0,1.0,1.0,1.0,1400.35,-0.021143933084578700,-0.6012682230738560,-0.008727595432491190,-0.32778068261412200,-0.0006997049381584280,0.1080060961017030,326.0818294534770,449.62067549734200,6.525942698626900,331.02965746330300,220.9406743058210,-1.5079395075413700,438.14481103817800,65.5945484671211,-64.82784132579840,-1.2394850286248200,-32.10829300327870
54579106,128.047000,0.000000,0.000000,1024.01,1024.16,1026.8,1024.94,-0.06,0.0,1.0,1.0,1.0,1.0,1400.32,-0.022110890336161300,-0.63568505458085,-0.010073430870549300,-0.3450498248983260,-0.008717093965890360,0.0640367824187833,326.08174372548500,449.5934625986870,6.509258916015900,331.335486196293,220.92452331862800,-1.7219288604530600,440.43950887608300,67.62887982330680,-65.75972874651180,-1.3161574213235100,-32.8080148602251
54579206,128.141000,0.000000,0.000000,1023.97,1024.18,1026.67,1025.03,-0.06,0.0,1.0,1.0,1.0,1.0,1400.28,-0.023236539322585500,-0.6716051741645060,-0.011723101745408500,-0.35913358459163400,-0.007985714067558440,0.13743927021351600,326.083789109662,449.6800031235530,6.50922623042264,332.3000086854740,221.14430569375800,-2.645681527038330,446.6123164296970,71.99739040121350,-68.29382791280490,-1.465426897242730,-33.94770944026030
54579305,128.242000,0.000000,0.000000,1023.98,1024.23,1026.36,1025.24,-0.06,0.0,1.0,1.0,1.0,1.0,1400.31,-0.024549500950718000,-0.7088996862616340,-0.013785990333592000,-0.373554401330026,-0.00975924878453438,0.22061763307294200,326.08186921775700,449.6878886245410,6.522551880691680,332.173424316154,221.1366701629440,-2.288240161303070,447.59202834572500,72.62968924666940,-68.74540588674540,-1.5615376462300400,-34.587447939165800
54579405,128.341000,0.000000,0.000000,1023.91,1024.22,1026.18,1025.39,-0.06,0.0,1.0,1.0,1.0,1.0,1400.34,-0.026069278527344100,-0.7472197779633390,-0.015779452195773800,-0.3839502835687050,-0.008258747807422640,0.12936432554616100,326.0791978082940,449.628623075939,6.510672711524060,331.75490345455700,221.13420730078400,-2.544736799191390,448.48539260306000,73.97681192077450,-69.65648331813300,-1.4781406173874900,-35.15964660341040
54579505,128.441000,0.000000,0.000000,1023.99,1024.22,1026.13,1025.39,-0.06,0.0,1.0,1.0,1.0,1.0,1400.28,-0.027726202448646200,-0.7861251631634450,-0.016862740212977900,-0.39047200977040800,-0.0011810261134185900,0.08188758487403810,326.0783767492040,449.586303888278,6.493744494124300,331.95742090725800,221.0231712458860,-2.59579644931174,450.3292210765190,76.34303362215770,-70.92470244115330,-1.4734229314728800,-36.341883050742600
54579605,128.541000,0.000000,0.000000,1023.93,1024.15,1025.84,1025.51,-0.06,0.0,1.0,1.0,1.0,1.0,1400.33,-0.029436263361805200,-0.8253356835445570,-0.01708508247075520,-0.3893329370081380,0.004921397061914790,0.1902856000123700,326.08146954150500,449.61601370379500,6.521813804487030,333.04483313475000,221.1128337957080,-2.9424871319403600,452.6423081198160,77.86774979595990,-71.4480942123825,-1.745480793774600,-36.36805158014050
54579705,128.641000,0.000000,0.000000,1024.0,1024.18,1025.89,1025.65,-0.06,0.0,1.0,1.0,1.0,1.0,1400.19,-0.031215636281334600,-0.8645387580724720,-0.018170635757428000,-0.3890012893937150,-0.00758686633932977,0.17390635662825100,326.0895694580700,449.6390073785730,6.508926060490400,333.2117154098780,221.21533127410300,-3.3113422677150000,454.2292911938250,79.33070024020120,-72.26352762732260,-1.7858776792661600,-36.890082144557600
54579805,128.741000,0.000000,0.000000,1024.12,1024.2,1025.78,1025.71,-0.06,0.0,1.0,1.0,1.0,1.0,1400.38,-0.03313004938005600,-0.9032471516953860,-0.019557803961905100,-0.38302863865385100,-0.007650555781349290,0.15877469253115800,326.08491198316500,449.62790303120400,6.527992825286760,333.3197845424390,221.26434706726800,-3.5255327781089300,457.11174603453400,82.62852029595850,-73.83568794666590,-1.8146024052642400,-38.13338827186470
54579906,128.841000,0.000000,0.000000,1024.04,1024.2,1026.07,1025.69,-0.06,0.0,1.0,1.0,1.0,1.0,1400.38,-0.03515839614213320,-0.9413141698112270,-0.020638467947303400,-0.37867645848359400,-0.026130761049168500,-0.2688981850044830,326.09774285920000,449.6479719638050,6.523288146202960,333.5174703926380,221.36446887369300,-3.9421930044515600,458.88893548269400,84.48290859120290,-74.48020739274430,-1.8635204820770700,-38.759901582972900
54580009,128.942000,0.000000,0.000000,1024.1,1024.17,1026.01,1025.59,-0.06,0.0,1.0,1.0,1.0,1.0,1400.47,-0.03728457854840400,-0.9789576697562200,-0.022149166290242700,-0.3826094110062570,-0.03773156118693400,-0.3695509121141890,326.08600000755500,449.6008606151800,6.527024897009580,334.8410774907170,221.41767231174600,-4.549153158398150,462.95320540055900,88.46213232157990,-75.97436111694610,-2.197283033678960,-39.542585969963600
54580105,129.044000,0.000000,0.000000,1024.0,1024.22,1026.04,1025.7,-0.06,0.0,1.0,1.0,1.0,1.0,1400.34,-0.03955305444833310,-1.016073722934760,-0.02354813016082800,-0.3715357137337320,-0.028810934946158600,-0.07477288596403540,326.0901927989620,449.57756826795400,6.5291671182950700,335.7274472259550,221.45751561592800,-5.017464773969020,467.99910761376300,94.19151297889380,-78.04204616457100,-2.4191027942959300,-41.26671115286570
54580206,129.140000,0.000000,0.000000,1024.03,1024.25,1026.13,1025.57,-0.06,0.0,1.0,1.0,1.0,1.0,1400.33,-0.042040330572860300,-1.0527134449254100,-0.02584910718702600,-0.36652238513897200,0.07488985972549220,1.4444506657697900,326.0784075086200,449.61404993813900,6.514992828563680,335.9912512623330,221.53168071606800,-5.247951506826760,470.4176534479920,96.839461731711,-79.39418131795710,-2.4886049027773900,-42.17418120911830
54580305,129.241000,0.000000,0.000000,1023.98,1024.21,1026.06,1025.61,-0.06,0.0,1.0,1.0,1.0,1.0,1400.25,-0.04474072948533140,-1.0891094547411500,-0.027764225915008400,-0.3635709644935840,-0.014904172955891000,0.08747322072702740,326.08376748881800,449.5866823747950,6.506202158474790,336.8574521674050,221.65110902643500,-5.842933849239870,473.44060115693400,100.54268569639300,-80.83513183595220,-2.706148816006010,-43.02426405302340
54580405,129.341000,0.000000,0.000000,1024.02,1024.1,1026.1,1025.65,-0.05,0.0,1.0,1.0,1.0,1.0,1400.31,-0.04765032449481850,-1.1252599403113200,-0.02966020708345590,-0.3569418270390770,-0.013861930648414200,0.1369529907600130,326.08522111774700,449.5501397208060,6.502614240099770,337.3709028913100,221.68296691390500,-6.419932129666320,476.3677744873610,104.84154919849800,-83.05099474563610,-2.8353974328565100,-44.27863978941810
54580506,129.440000,0.000000,0.000000,1023.99,1024.11,1026.24,1025.53,-0.05,0.0,1.0,1.0,1.0,1.0,1400.29,-0.05078841928990180,-1.161193009383600,-0.032288789092949400,-0.3599110919024970,-0.014641333987680400,0.08315760281900550,326.0827017796160,449.55044936521300,6.570185504902570,337.58057748813200,221.76601836185200,-6.880362740978560,479.4424000695770,109.46303751853000,-84.76267126216840,-2.8896667545642600,-45.854247571150700
54580605,129.540000,0.000000,0.000000,1023.99,1024.11,1026.32,1025.43,-0.05,0.0,1.0,1.0,1.0,1.0,1400.39,-0.05412608694561780,-1.197140619446960,-0.03388515545813430,-0.3591674461029760,-0.00746215591310575,0.050032433006583800,326.0806132063480,449.59877571493000,6.557800764546050,337.0810015496180,221.94552124890700,-7.335809823294290,481.5742722323370,113.98090331378700,-86.53914816209070,-2.766426374748940,-47.700253554512500
54580705,129.640000,0.000000,0.000000,1023.97,1024.16,1026.33,1025.48,-0.05,0.0,1.0,1.0,1.0,1.0,1400.25,-0.05757222353848210,-1.2334270349338000,-0.0338684176683492,-0.35764053213415000,0.03163648623668000,0.2729756478883860,326.0744954074800,449.6024907137210,6.511065396651570,336.0900361432270,221.960405462858,-7.54606436943916,482.4320566322350,117.1688009879450,-87.51451699684910,-2.519210679838560,-49.35614112937970
54580805,129.741000,0.000000,0.000000,1023.9,1024.27,1026.26,1025.37,-0.05,0.0,1.0,1.0,1.0,1.0,1400.37,-0.06097117212550360,-1.2703715017373900,-0.033415018133067200,-0.37223467106650100,0.022463809427407600,-0.03109847264486670,326.07641412005100,449.5835899219590,6.576548226146610,335.0509419767870,221.9453243343630,-7.400924528306990,482.54329765520800,119.40900296575800,-89.11177869931950,-2.257689009937780,-50.677690721957300
54580906,129.840000,0.000000,0.000000,1024.02,1024.09,1026.18,1025.46,-0.05,0.0,1.0,1.0,1.0,1.0,1400.15,-0.064150482194891,-1.3081106198832200,-0.030504533326088300,-0.3782848637140050,0.03946285664160260,0.024939933417795100,326.0800371352400,449.61879963125800,6.547574901253810,335.0995771784170,222.03542051227100,-7.616864589074400,483.7582955042810,121.99782131450000,-90.4036167253403,-2.2695473991428200,-51.52292954297130
54581005,129.941000,0.000000,0.000000,1024.04,1024.22,1026.11,1025.46,-0.05,0.0,1.0,1.0,1.0,1.0,1400.29,-0.067020474030292,-1.3465431139166000,-0.02764315151479370,-0.38683225220669900,0.025699514859148100,-0.07123029687157160,326.08112126460000,449.60410742319800,6.557591536895870,336.1965019990220,222.1009508860740,-8.144261738787100,486.4627919772020,124.9960644133010,-91.39792964584820,-2.545842285088780,-52.03701521360250
54581105,130.040000,0.000000,0.000000,1024.13,1024.11,1026.05,1025.5,-0.05,0.0,1.0,1.0,1.0,1.0,1400.24,-0.06965817499150130,-1.385365867272380,-0.025922689660735900,-0.3904514743949300,0.007724501100377130,-0.08378859147295020,326.09018675781600,449.5790948728720,6.543988405701920,337.4881023153700,222.2085567175980,-8.755048106998640,489.42342024135900,129.07253710229500,-93.38498938187980,-2.869792443728940,-52.75220845600760
54581206,130.140000,0.000000,0.000000,1024.01,1024.08,1025.84,1025.68,-0.05,0.0,1.0,1.0,1.0,1.0,1400.19,-0.07220702507039890,-1.4242349914982200,-0.025320925853352800,-0.38646437415807700,-0.01801567425642870,-0.25973414750266000,326.0707178646410,449.5480981063550,6.5501360457417400,338.2409609773150,222.3093838396960,-9.011028066723730,491.07003769132600,131.3412272530600,-94.54617352664160,-3.0656660205184700,-53.10637249802590
54581305,130.242000,0.000000,0.000000,1024.12,1024.22,1025.77,1025.93,-0.05,0.0,1.0,1.0,1.0,1.0,1400.23,-0.07476649068331490,-1.4628453553990800,-0.026672011504455700,-0.39572911851285100,-0.06566002376451970,-0.7411917975692200,326.08494853265100,449.56718846079100,6.5579552540841500,339.3118160449290,222.47655913065000,-9.671051017311470,493.515672132639,134.8950920168030,-94.91462568113060,-3.3334199679140900,-53.738361389636700
54581405,130.341000,0.000000,0.000000,1024.01,1024.21,1025.25,1026.15,-0.05,0.0,1.0,1.0,1.0,1.0,1400.28,-0.07746884675161540,-1.501038816925970,-0.02827832443819840,-0.38760758494868900,-0.07492133430691840,-0.7046933256912490,326.080674256047,449.57670503435800,6.499903288464160,340.25110155611100,222.5979457581110,-9.884649289774470,494.42128686739500,134.29243311184500,-94.99164223855570,-3.5723753060630100,-53.05205498770950
54581506,130.441000,0.000000,0.000000,1023.96,1024.33,1024.78,1026.65,-0.05,0.0,1.0,1.0,1.0,1.0,1400.21,-0.08035827727975650,-1.5383406076695900,-0.030511559782927500,-0.3788665040500290,-0.05128529406995810,-0.22947970218867100,326.07393425445000,449.56276470265100,6.494424776217720,340.3890918089750,222.57342040022200,-10.001415877268200,493.22175904934800,130.59650811849600,-92.66495502613570,-3.608598135868980,-51.74266567154200
54581605,130.541000,0.000000,0.000000,1023.88,1024.28,1024.22,1026.89,-0.04,0.0,1.0,1.0,1.0,1.0,1400.28,-0.08342309494322120,-1.5738777686895700,-0.030984261790388800,-0.34452483308860100,-0.0006820664087794370,0.3800685794515510,326.06915347933200,449.5555020451200,6.495665257276610,340.55601160928600,222.44722509390200,-9.620685993969130,490.7763795041970,123.67395725213700,-89.99763784245840,-3.6498571919464300,-49.374466875831800
54581706,130.642000,0.000000,0.000000,1023.74,1024.23,1023.92,1027.28,-0.05,0.0,1.0,1.0,1.0,1.0,1400.22,-0.08660978848966340,-1.606650179184910,-0.03236769207249350,-0.3158135809336010,-0.04032296492097250,0.05353087952486520,326.0746011067960,449.5847348738190,6.526570730199910,340.9485841487640,222.4828547716050,-9.33272847562333,489.6126197430370,119.82829029394600,-88.52922672299850,-3.747221438988720,-47.87994383566100
54581806,130.743000,0.000000,0.000000,1023.74,1024.4,1023.79,1027.38,-0.05,0.01,1.0,1.0,1.0,1.0,1400.33,-0.08989129454810960,-1.635461717239710,-0.03399529083523990,-0.2768552579396170,-0.06136032257254040,0.09208730649386300,326.0776633993380,449.4671745942220,6.496881940654860,341.5142403997650,222.0992080364850,-8.621651386914470,483.649769902146,108.06473028175900,-83.74953500294590,-3.8839927431596,-43.49215284173760
54581906,130.841000,0.000000,0.000000,1023.67,1024.49,1023.47,1027.63,-0.05,0.0,1.0,1.0,1.0,1.0,1400.25,-0.09328076333455040,-1.6591909145164500,-0.03502209845444390,-0.22031477174934300,-0.13282484825833800,-0.20707753414228500,326.0763629344830,449.4605203928050,6.4925748542646700,340.3935799676620,221.8095818346800,-7.421429767568430,483.649769902146,108.06473028175900,-83.74953500294590,-3.8839927431596,-43.49215284173760
54582006,130.943000,0.000000,0.000000,1023.56,1024.5,1023.29,1027.55,-0.05,0.0,1.0,1.0,1.0,1.0,1400.27,-0.09672910817318230,-1.6771258392793800,-0.03731808287269690,-0.17132788315202700,0.24383062954320700,1.8509669469629100,326.0758017582550,449.4849126667520,6.524832391995880,339.85945055999100,221.67539396993900,-6.929723051378910,473.669412569905,94.97229056448550,-79.25394383921290,-3.46246855641405,-39.637717856135300
54582106,131.042000,0.000000,0.000000,1023.6,1024.44,1023.21,1027.63,-0.05,0.0,1.0,1.0,1.0,1.0,1400.19,-0.10008851289821800,-1.6890413772251400,-0.03409480603818770,-0.09778120105765310,-0.059989445411229000,0.44579015604051,326.0812104231450,449.46628295410100,6.48075141173622,338.2311080800910,221.3817583166900,-5.6132012150711100,463.98430582886100,85.01164041265960,-74.73064263817860,-3.049222738350870,-36.58214087922810
54582207,131.142000,0.000000,0.000000,1023.48,1024.37,1023.18,1027.68,-0.06,0.0,1.0,1.0,1.0,1.0,1400.23,-0.10308478638955900,-1.6938776976033400,-0.02897158740187450,-0.021881710961999000,-0.012771043681954000,0.6666953596895170,326.0755317820020,449.37123179727200,6.462595772613800,337.9132908729890,221.17680888425500,-4.825090652447840,458.04264853932600,79.25912342808170,-72.34409726714510,-2.969600184724830,-34.307781804566400
54582306,131.242000,0.000000,0.000000,1023.63,1024.47,1022.96,1027.94,-0.05,0.0,1.0,1.0,1.0,1.0,1400.41,-0.10562927907895600,-1.6915823519396900,-0.024485755774317700,0.051652839366047700,0.014940934515990500,0.8143045269324620,326.0773709849400,449.4051109290460,6.4870060549327900,338.3804438270190,221.0641207608360,-4.404435318827190,455.48335409778900,76.72524872157120,-71.04054860857450,-3.048621426296060,-32.98938274789980
54582406,131.340000,0.000000,0.000000,1023.6,1024.44,1022.72,1028.23,-0.05,0.0,1.0,1.0,1.0,1.0,1400.35,-0.10775679488555700,-1.682161223852620,-0.019790508506364700,0.11888429639541600,0.03378278117503090,0.6581563141360350,326.0858132263290,449.4059754304680,6.4618039210290500,337.8683813076520,220.90513189304300,-3.771718130269340,455.48335409778900,76.72524872157120,-71.04054860857450,-3.048621426296060,-32.98938274789980
54582506,131.440000,0.000000,0.000000,1023.67,1024.41,1022.68,1028.2,-0.05,0.0,1.0,1.0,1.0,1.0,1400.38,-0.10951854807181800,-1.6666060760761200,-0.016538844128168900,0.17813600230954100,0.010450335571859700,0.7654004601540790,326.0801164974270,449.4201229911660,6.432730931690210,337.70210555110600,220.88716873208300,-3.4743708560503400,442.5422514536220,64.51433615669720,-63.259918633835100,-3.048621426296060,-32.98938274789980
54582607,131.541000,0.000000,0.000000,1023.56,1024.47,1022.71,1028.22,-0.05,0.0,1.0,1.0,1.0,1.0,1400.27,-0.11094203636050500,-1.6459252323904000,-0.013152542683904300,0.23173996528014100,0.025548370395194600,0.8446292136982630,326.07256234522100,449.37748665212600,6.464778727744280,336.08924732161300,220.54770666822500,-2.18410593202648,431.6346101028220,57.415205021750300,-59.23128079580690,-2.5064378945527500,-25.344278903675000
54582706,131.642000,0.000000,0.000000,1023.61,1024.46,1022.51,1028.28,-0.05,0.0,1.0,1.0,1.0,1.0,1400.3,-0.11194713790485400,-1.6189635405969100,-0.008141274023004820,0.29695951378690200,0.054859978917425900,0.7186572698945260,326.08086739731300,449.3795511691010,6.454072126960700,335.5213817272860,220.46904828694300,-1.4643182352836700,424.54238553540800,53.381210754956100,-55.71336120494060,-2.36160103384505,-23.3245819177171
54582807,131.741000,0.000000,0.000000,1023.6,1024.48,1022.35,1028.44,-0.05,0.0,1.0,1.0,1.0,1.0,1400.12,-0.11241030844011900,-1.5854089849340100,-0.00259166082513758,0.3582858063249850,0.05413507698337350,0.5384465746806190,326.0769224759920,449.39644649458400,6.462797123964210,335.1623852443800,220.34071472320300,-0.8206938740899780,421.11529508177200,51.40562980561370,-54.32837497890380,-2.3286810854345300,-22.239751464628800
54582907,131.841000,0.000000,0.000000,1023.68,1024.44,1022.51,1028.4,-0.04,0.0,1.0,1.0,1.0,1.0,1400.13,-0.11235629546789000,-1.5458692564091000,0.002325379071102010,0.416132455933188,0.04649189619449820,0.5962423942417480,326.0765529487020,449.3661601416190,6.459148924996140,334.65866923961400,220.19572342200100,0.0667072247553558,409.212437460066,45.25347422231960,-47.60297831123760,-2.144645622324400,-18.792577228210500
54583007,131.941000,0.000000,0.000000,1023.7,1024.44,1022.56,1028.2,-0.04,0.01,1.0,1.0,1.0,1.0,1400.22,-0.11184211748122400,-1.501270366102700,0.006911772373624970,0.46624201941428600,0.047965449513847,0.5547506123368380,326.07265771709900,449.3797966367160,6.460354552057900,334.38524587277000,220.18287227897700,0.4913928761343360,404.7040257588370,43.215439931692600,-45.10514687007910,-2.0771114371832600,-17.516391387271000
54583107,132.042000,0.000000,0.000000,1023.75,1024.47,1022.57,1028.29,-0.04,0.01,1.0,1.0,1.0,1.0,1400.24,-0.1108709587554960,-1.4515507383045500,0.011303230290862400,0.5132185743181180,0.03719926260557990,0.19159423563205100,326.0847417194720,449.4265573857150,6.460477848258670,333.8054403005140,220.21216183749400,0.8946035631222200,399.3053192900920,40.799779301145900,-42.231583704661300,-1.9291818893623800,-16.19776485367880
54583207,132.143000,0.000000,0.000000,1023.71,1024.53,1022.6,1028.14,-0.05,0.01,1.0,1.0,1.0,1.0,1400.29,-0.1094756761456640,-1.3975210264805000,0.015489403600857800,0.5538245045350000,0.04112158937281830,0.36279300653165900,326.07771556292100,449.4325019412050,6.450838399819360,333.2379352464450,220.16061692158100,1.6086783637577700,392.4166928708710,38.00821449056510,-38.507589654546300,-1.7887804685178900,-14.420690537697200
54583307,132.242000,0.000000,0.000000,1023.65,1024.44,1022.73,1028.11,-0.05,0.01,1.0,1.0,1.0,1.0,1400.28,-0.10767203341283300,-1.3399074432154200,0.0195881946768488,0.5900148511496770,0.03360853076397230,0.11718584062112500,326.0763553266440,449.4142484391650,6.452759012716670,332.5044229674600,220.04094192543700,2.2211255903009400,386.70694172671900,36.284654266533900,-35.51403383121030,-1.6052642720720400,-13.223928345969500
54583408,132.342000,0.000000,0.000000,1023.77,1024.37,1022.81,1027.96,-0.05,0.01,1.0,1.0,1.0,1.0,1400.23,-0.10546998151656700,-1.2793527174784400,0.023420220276110100,0.6126346674679250,0.1194591440655040,2.402967819081130,326.08411397629500,449.41179799936600,6.4462218647114100,331.8614990776560,220.0080612715570,2.547852813364780,381.965481820058,34.99308167925030,-33.0703468082155,-1.4426522905893800,-12.267539883543900
54583509,132.443000,0.000000,0.000000,1023.8,1024.35,1022.62,1028.14,-0.05,0.01,1.0,1.0,1.0,1.0,1400.27,-0.10287703851691600,-1.2166723263098800,0.03037872706513400,0.703567431806763,-0.033402956691367900,-1.6784870771952000,326.0740803784600,449.41210601359800,6.466471474014780,331.797345911637,219.97248854555600,2.849405660886860,376.75436646535500,33.521305372337000,-29.4873596320188,-1.4289204951048600,-10.698527398360200
54583609,132.544000,0.000000,0.000000,1023.78,1024.3,1022.71,1027.97,-0.05,0.01,1.0,1.0,1.0,1.0,1400.19,-0.09994536712292550,-1.1525832285283900,0.030349439170686400,0.6448115011183490,0.028477854738997500,0.16147958578717300,326.06897854091400,449.36644345506400,6.474322337996550,331.7618745708650,219.8967653523580,2.89461340786328,372.1674447948120,32.37095527493900,-26.159313868444500,-1.4211551781252300,-9.317126666748260
54583709,132.644000,0.000000,0.000000,1023.75,1024.39,1022.8,1027.87,-0.05,0.01,1.0,1.0,1.0,1.0,1400.25,-0.0967653374456123,-1.0873773454091700,0.03241312672334360,0.6516429596482470,0.037795536288522600,0.4244551680148900,326.0677142492730,449.3174796496080,6.464616634604920,330.8343269853310,219.86973338845000,3.4027172186182300,367.0581490102900,31.71579196645810,-23.885249747809600,-1.190107633024330,-8.517166699515240
54583810,132.744000,0.000000,0.000000,1023.71,1024.34,1022.82,1027.93,-0.05,0.01,1.0,1.0,1.0,1.0,1400.27,-0.09338407433871250,-1.0215766308139000,0.03526700531784210,0.6720476117683270,0.053032895372404600,0.5975593853213480,326.07248125231600,449.32939793299700,6.453771025400650,330.29404612671700,219.79794466428600,3.640376419377450,361.8196285371720,30.8731444104072,-21.213691739615900,-1.0536707673568300,-7.366227348184120
54583910,132.846000,0.000000,0.000000,1023.78,1024.35,1022.91,1027.99,-0.05,0.01,1.0,1.0,1.0,1.0,1400.32,-0.08978575717139510,-0.9557908686208790,0.03662467237680410,0.6545247963196800,0.003401490792762150,-0.3156965606300060,326.07686126722800,449.3272232599250,6.472452304537580,330.2776555127470,219.7910151199580,3.959344436639810,356.45772430422300,29.913282439168400,-18.30976077642910,-1.0484660204160700,-5.753430934060700
54584009,132.946000,0.000000,0.000000,1023.7,1024.34,1022.88,1027.84,-0.05,0.01,1.0,1.0,1.0,1.0,1400.18,-0.08600614394240660,-0.8901572216576230,0.03800762222739370,0.6501563707307960,0.005453906463501930,-0.1556952876242770,326.0739273637460,449.3125217147800,6.465464045559060,330.1307179599030,219.7760380809800,4.1486997379944900,353.2692255819120,29.553519270582800,-16.625208258340300,-1.012530900069790,-4.9102773923834900
54584109,133.045000,0.000000,0.000000,1023.66,1024.43,1022.83,1027.78,-0.05,0.01,1.0,1.0,1.0,1.0,1400.36,-0.08211918018673750,-0.8250713029966820,0.0390244181327083,0.6455325257446660,0.0010651093147867700,-0.19481652036499000,326.0717494817000,449.26742312457500,6.458724429852580,329.0837760034270,219.54817568368700,4.821637398986480,343.7223063586770,29.076717996738200,-12.05397822959210,-0.7512061819890910,-2.892369483889920
54584210,133.145000,0.000000,0.000000,1023.76,1024.48,1023.17,1027.63,-0.05,0.01,1.0,1.0,1.0,1.0,1400.37,-0.07811704211959390,-0.7605730077339540,0.04009683725698520,0.6358431242425720,0.010333569139545400,-0.10603699492893600,326.0646153175410,449.25589993888200,6.4803972406020200,328.2593516016500,219.53591327128600,5.771722619824400,337.1734810004310,28.77283917664990,-9.085574079788150,-0.5473851109147320,-1.580646561585400
54584310,133.245000,0.000000,0.000000,1023.64,1024.48,1023.53,1027.46,-0.04,0.0,1.0,1.0,1.0,1.0,1400.49,-0.07396922779762500,-0.6967543201321180,0.04202063831701590,0.633200079489789,0.07860230600672670,0.8149994570433620,326.0686864409570,449.2784907603570,6.463849240798100,326.92274744228200,219.57840108767900,6.5781805155187500,331.4058864111670,28.571396183133600,-6.970003445327050,-0.21303372321146600,-0.9184789977821
54584410,133.345000,0.000000,0.000000,1023.61,1024.44,1023.67,1027.1,-0.04,0.0,1.0,1.0,1.0,1.0,1400.44,-0.06961745803740290,-0.6338857692469980,0.04625957490892280,0.6492435145351710,0.12839102881582800,1.2676345413116200,326.0706625355510,449.24951946163500,6.4681287768018900,325.69758712107100,219.683670132306,7.592738785591990,326.7199311643280,28.568720400728100,-5.620816115929590,0.09311327418317200,-0.492719788425261
54584510,133.445000,0.000000,0.000000,1023.71,1024.57,1023.86,1026.99,-0.05,0.0,1.0,1.0,1.0,1.0,1400.39,-0.06500149728438480,-0.5724515755172000,0.04749965511350980,0.6118512191873720,0.035148533686719100,-0.09180058808313010,326.06134969446900,449.2323632301210,6.488192007556270,324.88409634911200,219.46664680687100,7.802774123321490,322.7096683145990,28.728640572874100,-3.8053492997068100,0.2935645008729110,0.06601902571765770
54584611,133.545000,0.000000,0.000000,1023.71,1024.47,1024.14,1026.94,-0.05,0.0,1.0,1.0,1.0,1.0,1400.34,-0.06010968598513940,-0.5128743641641840,0.04979630245769320,0.5866018843027790,0.017803204942872400,-0.3084123732552320,326.06598651179000,449.2450245999800,6.463983103666320,324.4118906444760,219.54035546088000,7.947801187067520,318.5967851848310,28.944486723953100,-2.282339883431620,0.412577917552311,0.9224039500651310
54584711,133.647000,0.000000,0.000000,1023.71,1024.43,1024.4,1026.66,-0.05,0.0,1.0,1.0,1.0,1.0,1400.29,-0.0549632030943634,-0.45529434720780900,0.05235323179629750,0.5687333964365260,0.02187382867489880,-0.20040699185896000,326.06036274884800,449.23574116072800,6.483156489428980,323.8782819806820,219.56451439718800,8.34283881846943,315.5898181397000,29.263401130342600,-1.338112013853550,0.5443444470388160,1.4052221499511900
54584811,133.748000,0.000000,0.000000,1023.74,1024.44,1024.81,1026.43,-0.05,0.0,1.0,1.0,1.0,1.0,1400.25,-0.04961250476246920,-0.3999267344583220,0.05489779499317580,0.5512584223228010,-0.0055049284705480600,-0.5198776834465380,326.06566837197100,449.2531681333110,6.483027887571300,322.52072693501800,219.5812720972070,8.683603469887990,313.56414557018200,29.225282982023700,-1.1430599455551600,0.884279093644052,0.9253214004350400
54584911,133.847000,0.000000,0.000000,1023.69,1024.44,1025.18,1026.33,-0.05,0.0,1.0,1.0,1.0,1.0,1400.4,-0.04406016304556130,-0.34718444118501400,0.05664037382170750,0.518014305508512,0.040059812038200900,-0.19391684970946600,326.0660738380450,449.2751637052250,6.484657332637590,321.52477141329700,219.5397093120750,8.634075010946530,313.0141316872870,29.152491083047500,-1.3164148943580700,1.1324485368976700,0.29461996386318800
54585012,133.946000,0.000000,0.000000,1023.77,1024.38,1025.39,1026.18,-0.05,0.0,1.0,1.0,1.0,1.0,1400.19,-0.03825751496697980,-0.29773371973718400,0.059654123423355000,0.4870303506587550,0.08412848696818610,0.13928295695980000,326.0648449108040,449.29776378812400,6.45750805082872,321.3822178728840,219.56669018768100,8.460663956993370,313.5205951759950,28.995122163656800,-2.1511529128954600,1.167702806683180,0.02686987065176180
54585111,134.046000,0.000000,0.000000,1023.82,1024.29,1025.26,1026.18,-0.05,0.0,1.0,1.0,1.0,1.0,1400.26,-0.032258409903377800,-0.25196426413572900,0.061383489786744900,0.4497039883427230,0.04709052400557180,-0.14460700815930800,326.06647944881700,449.283421392459,6.491234766486480,321.3086536749860,219.60606993015600,8.612838594306260,313.91810454296600,28.869948727979100,-2.304484139480080,1.1867271694064100,-0.15449578671777800
54585212,134.146000,0.000000,0.000000,1023.81,1024.29,1025.43,1026.23,-0.05,0.0,1.0,1.0,1.0,1.0,1400.38,-0.026166234455614600,-0.2100859008706600,0.06099967098020360,0.4039153312814990,0.027981597386422600,-0.2109969596036980,326.06554820899300,449.30938744966100,6.476222527576850,320.83807470200800,219.63216371521800,8.632235194921810,313.4670586672810,28.97620451525190,-2.5219479918004000,1.3038317981537700,-0.3936342950862720
54585311,134.247000,0.000000,0.000000,1023.88,1024.36,1025.44,1026.18,-0.05,0.0,1.0,1.0,1.0,1.0,1400.43,-0.020056384882303700,-0.1721314620780620,0.06203238269182740,0.37001120345189200,0.05031824001671620,-0.10708427649622300,326.0682955472730,449.34678467884500,6.469687622659490,320.5364456388280,219.72031204822700,8.56755626562187,313.760464752092,28.78554286997970,-2.735401188166800,1.380025373804430,-0.7275647498487150
54585411,134.346000,0.000000,0.000000,1023.86,1024.38,1025.53,1026.16,-0.05,0.0,1.0,1.0,1.0,1.0,1400.29,-0.013964575920606900,-0.13815870658287900,0.06037415897990590,0.3232576838526720,-0.01637271274652730,-0.4385832103902700,326.07796529418700,449.3833114296280,6.450865494900000,320.70508142308400,219.76897312044900,8.561257516495160,314.45739725565900,28.57932306176930,-3.0757335671602300,1.3404537567390100,-0.8092654121822690
54585511,134.447000,0.000000,0.000000,1023.95,1024.25,1025.52,1026.19,-0.05,0.0,1.0,1.0,1.0,1.0,1400.24,-0.0050437384314859400,-0.09446687560130690,0.05759718520818010,0.2647050631797500,-0.08123408814927550,-0.6350759231563700,326.0753483611700,449.41292333307700,6.476729715552210,320.98944559440100,219.79758487015300,8.842831669291040,313.9981183684570,28.268698467932000,-2.839642307829770,1.2688717256663700,-0.6199923878356070
54585611,134.553000,0.000000,0.000000,1023.93,1024.23,1025.53,1026.21,-0.05,0.0,1.0,1.0,1.0,1.0,1400.31,-0.0021759386345357500,-0.08173269333897090,0.056763708519928900,0.24914314920440000,-0.028591690766730700,-0.3588512945935350,326.0793723052210,449.3971801613170,6.459156539280140,320.7866706530770,219.81363254477700,8.87344486671737,313.3466392927000,28.305035012196400,-2.9005696199342300,1.3206336654845700,-0.4164683689808820
54585717,134.646000,0.000000,0.000000,1023.88,1024.18,1025.46,1026.21,-0.05,0.0,1.0,1.0,1.0,1.0,1400.24,0.003369131580879610,-0.05875894250061250,0.05441225507892260,0.2171806904576950,-0.033562278562101900,-0.36028458838805800,326.05617877174800,449.31763284108200,6.489661923715730,320.19888991916400,219.72317606908000,9.018758564662200,312.2184731699770,28.60509739462700,-2.7045850153731100,1.4575287732740500,-0.7506066456486230
54585812,134.753000,0.000000,0.000000,1023.91,1024.22,1025.54,1026.16,-0.05,0.0,1.0,1.0,1.0,1.0,1400.22,0.008673315228709330,-0.03898694893332190,0.05225823022519480,0.1865602246950090,-0.024611035267925200,-0.3027716951884330,326.06890384710300,449.2375963772140,6.4893655035808700,319.84829668499200,219.64215136160400,9.352661898970110,311.8563383000860,28.991996042723600,-2.5033259127681100,1.5519792362727400,-0.7035536581279990
54585916,134.847000,0.000000,0.000000,1024.05,1024.11,1025.46,1026.28,-0.05,0.0,1.0,1.0,1.0,1.0,1400.21,0.016196218712258600,-0.014913756778867900,0.04863670167125500,0.14237728340462000,-0.04083217481457340,-0.3173955991915580,326.06031783062900,449.27457672342,6.491463201292860,320.3891318966790,219.4986579403230,8.792384517622910,314.1739334149620,29.84390708645540,-3.593397646975760,1.4164940100177200,-0.9560129206358830
54586016,134.951000,0.000000,0.000000,1024.24,1023.86,1025.47,1026.1,-0.05,0.0,1.0,1.0,1.0,1.0,1400.29,0.018549403853595100,-0.008291721621105870,0.04623422683367640,0.12866961910056400,-0.043228268901307800,-0.23589981819455400,326.0704274564660,449.1893147432390,6.470411733191150,325.3082156898350,219.4917325415400,7.361103724010330,316.6424972662100,29.300568604131300,-4.021587664099370,1.0449011104750800,-0.5156504582958950
54586115,135.052000,0.000000,0.000000,1024.39,1023.85,1025.49,1026.17,-0.05,0.01,1.0,1.0,1.0,1.0,1400.23,0.021836249558073100,0.0005205259063637050,0.04081091610388450,0.10724262115777300,-0.10800218623509400,-0.3717341441671210,326.0750243595470,449.17185919616600,6.485411949035340,327.23615455989600,219.3810521527940,6.540896240649040,316.6424972662100,29.300568604131300,-4.021587664099370,1.0449011104750800,-0.5156504582958950
54586215,135.150000,0.000000,0.000000,1024.24,1023.73,1025.51,1026.19,-0.05,0.01,1.0,1.0,1.0,1.0,1400.25,0.02667866196728360,0.012468198222092400,0.03743658433929570,0.08800567290441050,0.004403995611769450,-0.07842582161207660,326.07322946194800,449.28532039826400,6.477966081484370,329.93200273084300,219.59686289302600,4.877884101404250,339.1868375019130,29.200622649551700,-9.30453559519135,-0.9624803438970010,-0.8578985422625260
54586315,135.251000,0.000000,0.000000,1024.0,1024.04,1025.41,1026.21,-0.05,0.01,1.0,1.0,1.0,1.0,1400.35,0.029593295379802700,0.01973868972007040,0.02353520999370710,0.06513697184147650,-0.1840031873396390,-0.27550978858711500,326.0718159160680,449.18020702318000,6.4877701234474600,331.0616883979770,219.50823867165900,4.323960325961310,342.34961037175300,29.61794195424520,-9.67037254772024,-1.2446171152637600,-0.9126779067743610
54586416,135.352000,0.000000,0.000000,1023.78,1024.24,1025.42,1026.31,-0.06,0.01,1.0,1.0,1.0,1.0,1400.3,0.03128869045999920,0.027105878837520000,0.0035287983527640600,0.038072331912881500,-0.11353747969133400,-0.18878396064216500,326.0744263093420,449.22728937655300,6.469068306038100,329.68949508771600,219.51297031624900,4.972393010828600,339.5828715539860,29.367567790397000,-9.765457838132230,-0.9007623433058730,-1.176922425760470
54586516,135.452000,0.000000,0.000000,1023.56,1024.26,1025.4,1026.29,-0.06,0.01,1.0,1.0,1.0,1.0,1400.33,0.03128743610209800,0.028685962187191200,-0.0010924793209774600,0.02938786695914110,-0.08644306771875150,-0.2108007192681220,326.0648634265010,449.1834794786990,6.4801664879594600,326.7397154110640,219.3484774156100,6.520305487846440,332.23874140979900,29.2702105482645,-7.750556203926490,-0.16823398979415600,-1.3206553174426100
54586616,135.552000,0.000000,0.000000,1023.61,1024.45,1025.3,1026.32,-0.07,0.01,1.0,1.0,1.0,1.0,1400.3,0.030813864449370400,0.030652452890338100,-0.0061822681580868800,0.013763465910401500,-0.03018434549970870,-0.15082200943560800,326.0695970627510,449.26148047107000,6.498996806076910,323.78329462985100,219.48483711146800,7.700708422529390,324.0568091384060,29.150770417293200,-5.793683075442600,0.5700803849479660,-1.2224960893726500
54586716,135.653000,0.000000,0.000000,1023.61,1024.34,1025.44,1026.26,-0.08,0.0,1.0,1.0,1.0,1.0,1400.28,0.030115434013797800,0.031196653909055400,-0.00719009187612952,0.000771185261887589,0.0026139995245059800,-0.12486607997146800,326.06591634723800,449.2046471123650,6.475858364047690,321.73284071823800,219.50311561803100,8.572996409974550,318.18518376320200,29.25070841238960,-4.290230136508140,1.080695901660700,-1.0931150908663200
54586816,135.752000,0.000000,0.000000,1023.85,1024.25,1025.39,1026.38,-0.09,0.0,1.0,1.0,1.0,1.0,1400.17,0.02923695304246170,0.02996619831133110,-0.004327770810400590,-0.01362351929765770,0.025363682710927900,-0.07074314412231900,326.06064453102500,449.2404305015110,6.517836495881200,321.64409985883900,219.47577907118700,8.507211410981340,317.2285797021490,29.35895354551000,-3.9320151382621700,1.1012059903601000,-0.8719395493424650
54586917,135.853000,0.000000,0.000000,1024.0,1023.99,1025.42,1026.21,-0.09,0.0,1.0,1.0,1.0,1.0,1400.27,0.028907953729157000,0.028196199181712300,-0.003818866546397100,-0.015485414040437600,0.020430521747835800,-0.07474781353823780,326.0730390255620,449.22147035255000,6.492070059070220,323.27452427295900,219.4336444103230,8.04162955412019,321.02494098100900,29.16024403439130,-5.139605284380580,0.6977530549698800,-0.7181354264426630
54587016,135.953000,0.000000,0.000000,1024.25,1023.97,1025.53,1026.36,-0.08,0.0,1.0,1.0,1.0,1.0,1400.29,0.028752618702253000,0.027117395465042500,-0.0031605956347383300,-0.022045625968452400,-0.003550575788348500,-0.032302886385029500,326.07731879304700,449.2339828673110,6.510322028860340,325.85258283171400,219.39143116765400,6.986192856251490,327.76027463153400,29.333511873955700,-6.356543116337580,0.05602277685488590,-0.6871282370603350
54587116,136.053000,0.000000,0.000000,1024.15,1023.95,1025.45,1026.21,-0.07,0.0,1.0,1.0,1.0,1.0,1400.26,0.02829259610462210,0.02465081047850630,-0.005943995021248600,-0.02559697415342950,-0.038572552921160000,0.004056643732473520,326.0736570431930,449.24231465469900,6.47657463199949,328.2721226454190,219.47186516105500,5.646144120829260,334.6491986253470,29.05430143034850,-8.262528010066390,-0.5481947613421270,-0.8217267661978550
54587216,136.152000,0.000000,0.000000,1024.05,1024.05,1025.42,1026.2,-0.07,0.0,1.0,1.0,1.0,1.0,1400.4,0.026615001052653300,0.020373619936138400,-0.015020602243597700,-0.02968531194759780,-0.06654839430964710,-0.028494833301976900,326.0721696047970,449.24353970109600,6.493217060519160,329.67986242764200,219.48379600664400,4.981166456510040,338.80271890328500,29.264697966335400,-9.059095132166870,-0.8995857312578790,-0.94661468364056
54587316,136.251000,0.000000,0.000000,1023.9,1024.21,1025.38,1026.14,-0.07,0.0,1.0,1.0,1.0,1.0,1400.47,0.02573673764015070,0.01881998570947760,-0.018020703415895600,-0.030900876134461400,-0.047026346482651700,-0.005595983766787570,326.07119018362500,449.23097697270500,6.474542175899210,328.48149841426600,219.4323031147930,5.623122485848080,336.12256266769100,29.325921368696600,-8.555329810052830,-0.6009409132036090,-1.0998041941727400
54587424,136.352000,0.000000,0.000000,1023.81,1024.39,1025.46,1026.19,-0.07,0.0,1.0,1.0,1.0,1.0,1400.25,0.022407783259416000,0.013798276313523600,-0.02351530280051380,-0.034441394369838400,0.02729200915759870,0.03512862962044420,326.07370305910600,449.21571072199100,6.487172614335340,327.36740361609700,219.3665245179240,6.271581237429200,333.61412274317200,29.477340254833600,-8.25157591074454,-0.3224844967683450,-1.2391910645519300
54587524,136.460000,0.000000,0.000000,1023.61,1024.47,1025.42,1026.26,-0.07,0.0,1.0,1.0,1.0,1.0,1400.24,0.020001123304237800,0.010135152508260400,-0.023386000104899200,-0.03705830059154910,0.04031154550339540,0.01351413068560470,326.07318344430900,449.24284218631600,6.494548265130000,325.0415808792030,219.37918418051100,17.105352264581300,327.2437890452630,29.146835149755600,-6.629847546411020,0.2571353680220400,-1.1775206940215800
54587624,136.560000,0.000000,0.000000,1023.74,1024.41,1025.34,1026.2,-0.07,0.0,1.0,1.0,1.0,1.0,1400.22,0.017825623147985200,0.006323803741318060,-0.020162275848129900,-0.03813145890944150,0.05832280246679390,0.021434098090016200,326.0665094913260,449.23545739265600,6.49487117028186,322.6772145172970,219.4455318537510,7.976606488194040,320.64087604580800,29.344928427291500,-4.823912462747240,0.8450249366517730,-1.0763267408223700
54587724,136.659000,0.000000,0.000000,1023.79,1024.17,1025.36,1026.19,-0.07,0.0,1.0,1.0,1.0,1.0,1400.15,0.016106452499995000,0.0024941482456378800,-0.01512303228782910,-0.037697780774868100,0.06797860617084090,0.04987387567683890,326.07606981379800,449.2487762185980,6.48539924710967,322.5385450585720,219.53196281523700,8.22363071136976,319.9666454453820,29.14782371362860,-4.4990141443494700,0.8822567915890240,-0.9905518926557780
54587824,136.759000,0.000000,0.000000,1024.0,1024.06,1025.49,1026.25,-0.07,-0.01,1.0,1.0,1.0,1.0,1400.25,0.01487010987377090,-0.0012482967911477500,-0.01071207450748050,-0.03663573738291500,0.043809747775813800,0.03509725996785400,326.07165813598100,449.2181706330380,6.510729665303270,324.1817679659370,219.34651103997600,7.318678430320150,323.71968346662900,29.38537482046370,-5.358461345289330,0.47104671822601700,-0.8027205105161080
54587924,136.860000,0.000000,0.000000,1024.04,1024.05,1025.34,1026.25,-0.07,-0.01,1.0,1.0,1.0,1.0,1400.28,0.013946675926294500,-0.004784108386308820,-0.008479721928434700,-0.03413026041704740,0.020235404507752600,0.04475100548325900,326.07496387873900,449.2358848440530,6.482650274801740,326.25814646864900,219.4726854352970,6.715151225405780,328.96333235894300,29.112861991322000,-6.784604781792730,-0.04568001788506370,-0.7228101971147470
54588024,136.960000,0.000000,0.000000,1024.08,1023.95,1025.43,1026.21,-0.07,-0.01,1.0,1.0,1.0,1.0,1400.25,0.013067211002658700,-0.008056815467186900,-0.009123865556861100,-0.03126466184093650,-0.008067016793046560,0.050079450705358800,326.07561641817200,449.21883899490700,6.4691529737707000,327.9805263227190,219.33036901719700,5.927033436657800,333.8093485552150,29.4021560856848,-7.704390190089980,-0.4747554325314910,-0.8083223624452880
54588125,137.059000,0.000000,0.000000,1024.0,1024.12,1025.43,1026.22,-0.06,-0.01,1.0,1.0,1.0,1.0,1400.19,0.011984076047770800,-0.011085948576219600,-0.011824890748536400,-0.029037579691399100,-0.019939929372935000,0.055517238274393100,326.0724051280970,449.2564756655430,6.492719816930280,328.7802740770550,219.6037059003040,5.168233935778650,336.1153307775520,29.16284638386100,-8.34578385508204,-0.6755514980673010,-0.8546219479342040
54588225,137.160000,0.000000,0.000000,1023.96,1024.2,1025.33,1026.25,-0.06,-0.01,1.0,1.0,1.0,1.0,1400.32,0.010593154445905100,-0.013871353390640900,-0.014802915815962500,-0.0266657513376407,-0.012098014982314700,0.04936630316802590,326.06959794755500,449.2013795344650,6.48991754301722,328.18060994342300,219.33994787652200,5.819385633396640,335.14045106689700,29.33877869858450,-8.203804900656800,-0.5261808241438940,-1.0454744440356800
54588324,137.259000,0.000000,0.000000,1023.82,1024.34,1025.52,1026.3,-0.06,-0.01,1.0,1.0,1.0,1.0,1400.3,0.008977470098161780,-0.016485873866642500,-0.016432485668229200,-0.025504255004350100,0.002188557369052220,0.02475713353221600,326.07111774804600,449.2371939932600,6.490701053438120,326.5888246972700,219.497151873537,6.4727036659369300,331.28545121426500,29.33684109018610,-12.865711620939700,-0.1291127690791400,-1.15659219961004
54588425,137.359000,0.000000,0.000000,1023.83,1024.35,1025.47,1026.18,-0.04,-0.01,1.0,1.0,1.0,1.0,1400.29,0.007354755566516230,-0.01899567777306660,-0.015687469276566000,-0.024603495268925500,0.031713778306128200,0.036115690910103800,326.07273476883100,449.2282847383850,6.482015210341840,325.82542775144400,219.42853368333800,6.950796898214440,328.96325768224400,29.14404962488510,-7.035472455720240,0.06166082776355620,-1.0680551126161500
54588524,137.459000,0.000000,0.000000,1023.75,1024.39,1025.45,1026.17,-0.04,-0.01,1.0,1.0,1.0,1.0,1400.17,0.005910830404854550,-0.021372636102605200,-0.013414120656360200,-0.023087153683828700,0.03516511376810530,0.024673346744790800,326.07582297525500,449.2195536942680,6.503364100547630,324.1332174957200,219.3144674478430,17.79557703694600,324.57371082095100,29.231014489669100,-5.746805135881240,0.4841147636741680,-1.1010046998760800
54588624,137.559000,0.000000,0.000000,1023.84,1024.3,1025.39,1026.13,-0.04,-0.01,1.0,1.0,1.0,1.0,1400.26,0.004795632839376400,-0.023598445508714900,-0.009447399279140380,-0.021256301749454500,0.0513090583912948,0.039006313491530900,326.0767562552640,449.21519310177000,6.498302596463410,323.4999046008950,219.46277241719300,7.714709928553730,322.18890638808900,29.287713321306600,-4.910485647902940,0.6425896772532510,-0.8902091882757150
54588725,137.659000,0.000000,0.000000,1023.95,1024.16,1025.4,1026.17,-0.04,-0.01,1.0,1.0,1.0,1.0,1400.33,0.0041036164137521,-0.025583582807164300,-0.005432369567703240,-0.01868474575658980,0.040375525948120500,0.04169650414180940,326.07698858680400,449.22687908800800,6.480817507021460,324.21245311594200,219.35569568907300,17.78381879674690,323.91190465815300,29.253308795341200,-5.282963711014000,0.4647284139616930,-0.838873305514159
54588824,137.759000,0.000000,0.000000,1023.99,1023.96,1025.3,1026.11,-0.04,-0.01,1.0,1.0,1.0,1.0,1400.38,0.0037308915295326900,-0.027297217343814900,-0.0028917233323153800,-0.015949556009199200,0.019737493415495500,0.038636369613187000,326.070827156766,449.2074197562530,6.45349169891364,325.7562367254160,219.46509380092700,7.033442423947630,327.6326940714200,29.253846057155200,-6.227980331506380,0.078456125361279,-0.7221238251874010
54588924,137.859000,0.000000,0.000000,1024.0,1024.1,1025.37,1026.18,-0.05,-0.01,1.0,1.0,1.0,1.0,1400.33,0.003484624455718340,-0.02872898152200250,-0.002298334145437470,-0.013013140811547000,0.005439044568338030,0.04326675360919630,326.0748636758400,449.21919279042,6.486061921153610,326.49456152832000,219.46281276323600,6.5688982529756200,329.68540371208100,29.302050630814000,-6.610812605947430,-0.10466255112456300,-0.7519911688863450
54589024,137.959000,0.000000,0.000000,1023.98,1024.16,1025.51,1026.05,-0.04,-0.01,1.0,1.0,1.0,1.0,1400.26,0.0032256638608672800,-0.02989132896729120,-0.002902237402100190,-0.010630687041006400,-0.011436727400842700,0.020495545355448300,326.0807540410840,449.2332539654780,6.481294859695660,327.5213523746050,219.45843960813500,5.911794703928630,333.0188280931880,29.147642211444400,-7.549940796778140,-0.3592174505453170,-0.9361984282741150
54589124,138.058000,0.000000,0.000000,1023.84,1024.15,1025.39,1026.1,-0.04,-0.01,1.0,1.0,1.0,1.0,1400.28,0.002808702891395570,-0.030885312305097600,-0.004914256020190200,-0.009328737019039270,-0.014748341727108300,0.026222993884858300,326.0791537321150,449.23572407072900,6.486298668987970,327.6446911376160,219.33142990176100,5.936686991231240,333.83818118178300,29.289950945550500,-7.851761606539290,-0.39015060566445000,-1.0863191015773700
54589225,138.159000,0.000000,0.000000,1023.82,1024.25,1025.48,1026.13,-0.04,-0.01,1.0,1.0,1.0,1.0,1400.25,0.002207638337021570,-0.03177726363495740,-0.00647756072148462,-0.008572747470861350,-0.005418642739287470,0.018199742246772100,326.0757549766260,449.2257113404500,6.499264061902820,327.3947380592520,219.46903947747000,6.296994327239130,332.83676178882500,29.160918415604700,-7.618362796245520,-0.32891899541888,-0.9801375280781710
54589325,138.258000,0.000000,0.000000,1023.77,1024.3,1025.37,1026.13,-0.06,-0.01,1.0,1.0,1.0,1.0,1400.26,0.0015255846783165000,-0.032584078052640400,-0.006628770120683290,-0.007777837280241570,0.014094035413239700,0.011400562492830300,326.07244242813600,449.2230608163660,6.481317451043420,325.4764847459880,219.39372448528600,7.209823626908010,328.03216020864700,29.234299264364700,-6.595574836837440,0.14857016936999000,-1.0671290067932600
54589426,138.359000,0.000000,0.000000,1023.78,1024.32,1025.4,1026.19,-0.06,-0.01,1.0,1.0,1.0,1.0,1400.26,0.0009485539302021260,-0.03333901275687720,-0.004941448326290360,-0.007237109994779920,0.024941511787544400,0.00864221737984055,326.07630639006200,449.2183309874240,6.50893973416278,324.3253448341500,219.36411520615200,7.1642335184373800,324.83454401255300,29.17129179803430,-5.816977878897330,0.4364538906264150,-1.0263041798371800
54589526,138.461000,0.000000,0.000000,1023.83,1024.33,1025.32,1026.19,-0.06,-0.01,1.0,1.0,1.0,1.0,1400.22,0.0006221359029526020,-0.0340261662372584,-0.0021567770598300700,-0.0065872453664100800,0.03434391258405100,0.016882092299038700,326.0748641353310,449.2207584020250,6.472815305612860,323.97085601946700,219.35086226320700,7.25822579110137,323.66453635539500,29.200431185768900,-5.364851181032260,0.5244158577883330,-0.9565321154564970
54589626,138.561000,0.000000,0.000000,1023.91,1024.1,1025.43,1026.08,-0.06,0.0,1.0,1.0,1.0,1.0,1400.21,0.0005904542376306450,-0.0346122704543164,0.0006888689158523490,-0.005241755208496440,0.024647613627225100,0.021595350332864600,326.06854769530200,449.2184402746840,6.475411976522280,324.3853681062450,219.38912922087100,7.1501866100142100,324.4688292559480,29.172434813309500,-5.622813260573230,0.41960427959150000,-0.8643481576778790
54589726,138.661000,0.000000,0.000000,1023.95,1024.24,1025.44,1026.21,-0.06,-0.01,1.0,1.0,1.0,1.0,1400.21,0.0007871061582042280,-0.03505615682879880,0.0025133392625329300,-0.0038283587257447500,0.011031607857224800,0.0171092417895301,326.07042435771200,449.2146786355170,6.495145683196210,325.5178550395750,219.38367799592400,7.269675560971320,327.09486192146900,29.24253970328180,-6.2360677015585700,0.13775264750079500,-0.7506984472161790
54589826,138.761000,0.000000,0.000000,1023.99,1024.14,1025.49,1026.14,-0.06,0.0,1.0,1.0,1.0,1.0,1400.29,0.00106614092004927,-0.03533803272851150,0.0026970758531417300,-0.0021478239553907400,-0.006082070599046470,0.01771231832244990,326.07597644988500,449.2341415546090,6.499536595611050,326.5277468301560,219.46643109543800,6.5247450022627400,330.18795514421200,29.1726889642156,-6.959080444585370,-0.1126550927921180,-0.8766106104890980
54589927,138.861000,0.000000,0.000000,1024.03,1024.31,1025.45,1026.19,-0.07,0.0,1.0,1.0,1.0,1.0,1400.32,0.001274871653845780,-0.035478793000031500,0.0016284188521304300,-0.0010437827587862400,-0.013158744815238600,0.008899802222498080,326.0822930177720,449.2210908331320,6.490789997442480,327.2786276139230,219.36106740802800,6.367486203756110,332.36266250016300,29.216962105701000,-7.237559437081960,-0.2982001973050520,-0.9351977315395190
54590026,138.962000,0.000000,0.000000,1023.99,1024.15,1025.44,1026.15,-0.07,0.0,1.0,1.0,1.0,1.0,1400.3,0.0013259093950319800,-0.035546702307788000,-0.00023086265029081800,-0.00045770508730878600,-0.019667283968735000,0.0058799433370599300,326.0704634361480,449.23702093652000,6.494977267810480,327.35866498251600,219.37677537788900,6.238800761315470,332.6500520010280,29.154815514895600,-7.500968913576740,-0.32109832163064300,-0.9511839721630600
54590126,139.061000,0.000000,0.000000,1023.87,1024.23,1025.51,1026.21,-0.07,0.0,1.0,1.0,1.0,1.0,1400.41,0.0011915106736845100,-0.03557077484197890,-0.0018961975935781400,-0.00023691177966067600,-0.012069676173383400,-0.0024651605713585800,326.0757679087890,449.2008945745420,6.494082798542540,326.6282814392970,219.38017450459100,6.385039365759310,331.2342990808120,29.21859333275200,-7.250142468830200,-0.13774490143253500,-1.1120343116477200
54590226,139.162000,0.000000,0.000000,1023.73,1024.37,1025.48,1026.17,-0.08,0.0,1.0,1.0,1.0,1.0,1400.26,0.0009593999601946290,-0.03561869190305940,-0.002427191959097610,-0.0005612752481964900,-0.00030562370993757100,-0.0007007550724630930,326.0771876244960,449.226907550731,6.479297489658520,325.80323409238100,219.40438114318300,7.011980317052990,328.65153735125800,29.211820713490700,-6.817708637878350,0.06829780345651020,-0.9945868785466620
54590326,139.261000,0.000000,0.000000,1023.83,1024.29,1025.35,1026.23,-0.08,0.0,1.0,1.0,1.0,1.0,1400.25,0.000741766768471104,-0.0356651032104169,-0.0019149265611091900,-0.0003673150805702480,0.007021575543825030,0.0027952256040541200,326.08004618692,449.2017012342750,6.4989085979696400,324.782114926792,219.4479523506280,7.134900160500930,326.24877993774700,29.1837741474231,-5.930904156116060,0.323673465961589,-1.0890067937756500
54590426,139.360000,0.000000,0.000000,1023.92,1024.26,1025.51,1026.19,-0.09,0.0,1.0,1.0,1.0,1.0,1400.25,0.0006494068056902840,-0.035700764542295100,-0.0001956130840941620,-0.000386432230818508,0.020479797376134200,0.0002530100156307500,326.0851462395650,449.1947681256150,6.538952850649400,324.36052725204800,219.3473963968410,7.109818852403760,324.72569997001500,29.173735807688500,-5.7004052561806500,0.4299006518074400,-0.9698209022938930
54590526,139.461000,0.000000,0.000000,1023.88,1024.25,1025.46,1026.3,-0.11,0.0,1.0,1.0,1.0,1.0,1400.38,0.0007620747566275100,-0.035728950309569700,0.0019125739822982100,-0.0002778090188934040,0.01973323947373200,-0.0016698405399160400,326.03424930271000,449.2532450180340,6.457378638559250,324.0680956551720,219.2902448799160,17.894371555279100,324.1132048197790,29.19503019445020,-5.506268867573340,0.48985950330983000,-0.9933151652873260
54590626,139.566000,0.000000,0.000000,1024.07,1024.2,1025.44,1026.2,-0.11,0.0,1.0,1.0,1.0,1.0,1400.34,0.0010857712347288800,-0.03575251148245580,0.0038654626103798400,-1.86096117638E-05,0.014060449105696600,0.009696434966664220,326.0667346969370,449.22090377050200,6.484472662964660,325.15977869956600,219.3616385361350,7.316519773385480,326.3819385330320,29.171868685279200,-5.9886858260795700,0.22607085744767200,-0.8203194385087560
54590726,139.661000,0.000000,0.000000,1024.06,1024.16,1025.36,1026.22,-0.12,0.0,1.0,1.0,1.0,1.0,1400.25,0.00150769384268976,-0.03567096854477510,0.004257464053224490,0.0009501186545503190,-0.0017647915328727300,-0.002160748027739320,326.0653563206020,449.1914709324810,6.499848155186530,326.49868442062000,219.3556885753750,6.61043017044973,329.5084686845210,29.134875197906300,-6.558351275112580,-0.10802426672930700,-0.6904429468982260
54590826,139.761000,0.000000,0.000000,1024.11,1024.15,1025.47,1026.14,-0.12,0.0,1.0,1.0,1.0,1.0,1400.22,0.0018510367728889100,-0.0355265464309001,0.002693900119147660,0.001988776092621180,-0.022450957504684600,0.0139354113207923,326.07720571687600,449.23887421361300,6.482191642430730,326.9403717871290,219.33650774979800,6.225083098219480,332.45949804469000,29.239778090033900,-7.552916310007730,-0.2151154041068200,-1.2327848337688000
54590926,139.862000,0.000000,0.000000,1023.91,1024.22,1025.47,1026.23,-0.12,0.0,1.0,1.0,1.0,1.0,1400.17,0.001999763926791000,-0.03533702900455700,0.0006855731107082030,0.0015303590332893000,-0.022331521979079600,-0.010604291940710900,326.078878619276,449.2029167565660,6.5112399479656300,327.7474478235560,219.39448961701100,6.252081819492640,332.3452264356510,29.15980819536910,-7.080404116971750,-0.41599994613517200,-0.5525112371375570
54591026,139.961000,0.000000,0.000000,1023.89,1024.25,1025.38,1026.25,-0.11,0.0,1.0,1.0,1.0,1.0,1400.26,0.0019238299007211400,-0.035122385259036500,-0.0015988577082342300,0.0027301683737612100,-0.020372788388625100,0.012705585478700500,326.0657233766480,449.2455272485600,6.500891467868920,326.4395729147500,219.36005603180800,6.360328698678790,331.8687731377830,29.300332772326500,-7.642400198695880,-0.2555404676708820,-1.017057333773460
54591127,140.062000,0.000000,0.000000,1023.78,1024.27,1025.4,1026.15,-0.1,0.0,1.0,1.0,1.0,1.0,1400.23,0.0016902855146945200,-0.03488524965395390,-0.002563504434382910,0.0020480174895684300,-0.0030277650322084100,-0.0048411092268692000,326.07135383635300,449.208577209269,6.482272366453440,326.1304224521440,219.3964006504130,6.717045032176670,328.4662900147080,29.184507928654200,-6.231126952994580,-0.014726731901684600,-0.6741230779526750
54591226,140.162000,0.000000,0.000000,1023.76,1024.41,1025.35,1026.24,-0.1,0.0,1.0,1.0,1.0,1.0,1400.22,0.0014527391589362000,-0.034677348415988200,-0.0019517399397971300,0.0016604835417468700,0.015513549992109500,-0.018252861880500200,326.07307969204000,449.2245307201730,6.499992037697360,324.820234290701,219.416875410407,7.148494658428780,326.85394319116200,29.26663288452290,-6.850725436494490,0.3123570563351620,-1.2374847961867000
54591326,140.261000,0.000000,0.000000,1023.87,1024.37,1025.54,1026.18,-0.09,0.0,1.0,1.0,1.0,1.0,1400.27,0.0013500791321188100,-0.03458222899355730,-0.0004032021414059530,0.0008482718391683180,0.016739042299413400,0.004515540053765020,326.08145197139600,449.2097327580710,6.481815287667980,324.5075061735630,219.47766530727600,7.190025521458620,324.82943090659200,29.186652756443000,-5.516560196874120,0.39254006389788600,-0.8820101439835790
54591426,140.362000,0.000000,0.000000,1024.0,1024.29,1025.38,1026.22,-0.09,0.0,1.0,1.0,1.0,1.0,1400.29,0.0014304843556728400,-0.034503440821758700,0.001513657848223120,0.00040113954591220900,0.016763205703187700,-0.012408727359850800,326.07075359482100,449.2259504530610,6.5160818498468100,324.6416024006080,219.45797902662800,7.202565981431220,325.33655551998800,29.21711463223370,-5.673736549384360,0.35637375935233700,-0.9220490465920450
54591527,140.461000,0.000000,0.000000,1023.89,1024.29,1025.48,1026.08,-0.09,0.0,1.0,1.0,1.0,1.0,1400.31,0.001668961863648660,-0.034444802922144300,0.0027253256366520100,0.000905011651409593,0.0068585275644210400,0.01099907243248790,326.0750019921900,449.2168161395740,6.515595861603730,325.09193731929000,219.31885267752400,17.082208506794200,326.7376494784020,29.19848650498760,-6.202798323352410,0.24500048890529300,-0.9859499807197570
54591626,140.562000,0.000000,0.000000,1023.89,1024.24,1025.34,1026.13,-0.08,0.0,1.0,1.0,1.0,1.0,1400.31,0.001965483926751330,-0.0343524985890018,0.002976845379243550,0.0008838273198156490,-0.005262673392783680,0.0006159763111550310,326.0803622237590,449.2259351211360,6.485576232259720,326.2601737543150,219.42850986720600,6.712047519682120,328.51248919821900,29.280696996918100,-6.4520726571967400,-0.044832702953895900,-0.5889757639479410
54591726,140.661000,0.000000,0.000000,1023.9,1024.15,1025.44,1026.15,-0.08,0.0,1.0,1.0,1.0,1.0,1400.28,0.002199072379233060,-0.0341703688999513,0.001907911642460210,0.002264971256862630,-0.012158400046204100,0.006122004076679440,326.0764528031680,449.228788118821,6.499452368035660,326.4380678426970,219.44397711330300,6.435773198388220,330.90996514224100,29.211794421008400,-7.312204164647000,-0.09016696264147370,-1.1663028913600300
54591826,140.762000,0.000000,0.000000,1024.09,1024.19,1025.35,1026.17,-0.07,0.0,1.0,1.0,1.0,1.0,1400.36,0.002310816880132780,-0.033992345203732100,0.0005721944798439290,0.0016093846960787600,-0.015173785818597900,-0.00047181230816669000,326.0807603771380,449.20800093701800,6.487851648089450,326.98691354422600,219.31955600229900,6.478795982846230,330.9966845421570,29.245820294041800,-7.0555918176848100,-0.22584207394799700,-0.756840964525886
54591927,140.862000,0.000000,0.000000,1023.9,1024.25,1025.4,1026.26,-0.06,0.0,1.0,1.0,1.0,1.0,1400.32,0.0022785772549520800,-0.03382492282107320,-0.0007516274561133110,0.0013906579954433300,-0.010191402501973100,-0.01068285220066980,326.0707025535150,449.2205531146280,6.4919080799869100,326.5401869179510,219.47833699704500,6.4280669703930600,331.1585090706630,29.182696698607700,-7.417587845232920,-0.11708529516333600,-1.1560789940808300
54592027,140.962000,0.000000,0.000000,1023.98,1024.22,1025.42,1026.08,-0.06,0.0,1.0,1.0,1.0,1.0,1400.22,0.0021507889960089100,-0.03372060438692360,-0.0016060824909575500,0.0011978909218983200,-0.01035061609624380,0.00946839619923803,326.06978570656800,449.21288200853500,6.472198300207240,326.560228933606,219.4622894605850,6.564954763931650,330.02354184057400,29.146103490399100,-6.818370137235380,-0.12230777734066200,-0.7979195925890350
54592127,141.063000,0.000000,0.000000,1023.82,1024.31,1025.34,1026.16,-0.05,0.0,1.0,1.0,1.0,1.0,1400.25,0.001957041128129320,-0.03356740845946100,-0.002070352989810900,0.0016501019638061000,0.0005038744771649920,-0.0010470139666367900,326.06966190560500,449.22187619923400,6.49841223929469,325.4074769112980,219.36363189260900,7.319659907971200,327.54056950368100,29.19683264157300,-6.46865707267582,0.16505955915047600,-0.9727763956434350
54592228,141.162000,0.000000,0.000000,1023.89,1024.32,1025.43,1026.12,-0.04,-0.01,1.0,1.0,1.0,1.0,1400.26,0.0018680019045014500,-0.03349572150206580,-0.001637008517500230,0.0013802215223797000,0.010055237845922000,-0.003163353205219390,326.07007020137000,449.22021593016500,6.498914807369550,324.79119143632600,219.44135855557700,7.114408453283410,326.20988701861900,29.206465666577900,-5.816124598186960,0.31888747290273400,-1.0650559833712000
54592328,141.263000,0.000000,0.000000,1023.97,1024.32,1025.29,1026.26,-0.04,-0.01,1.0,1.0,1.0,1.0,1400.2,0.0018680019045014500,-0.03349572150206580,-0.001637008517500230,0.0013802215223797000,0.010055237845922000,-0.003163353205219390,326.0722945041060,449.21893835454500,6.50863256396894,324.99925207099200,219.3468163182580,7.422507968854630,325.8899042180220,29.188508655495500,-5.81719751078551,0.26745459848504600,-0.8032657915946310
54592427,141.363000,0.000000,0.000000,1024.03,1024.2,1025.51,1026.18,-0.04,-0.01,1.0,1.0,1.0,1.0,1400.19,0.0018680019045014500,-0.03349572150206580,-0.001637008517500230,0.0013802215223797000,0.010055237845922000,-0.003163353205219390,326.07296032343000,449.2228158524800,6.492743439108900,325.1655048849110,219.36276700034900,7.313891990439230,326.98649241741300,29.21399932726260,-6.225559307141540,0.22619457739381600,-1.0010738084804000
54592528,141.463000,0.000000,0.000000,1023.96,1024.28,1025.45,1026.25,-0.04,-0.01,1.0,1.0,1.0,1.0,1400.32,0.0018680019045014500,-0.03349572150206580,-0.001637008517500230,0.0013802215223797000,0.010055237845922000,-0.003163353205219390,326.0724693985580,449.211945106252,6.489407394252080,326.07854389770000,219.4533483530750,6.730941807387050,328.2289879313010,29.2141876447847,-6.166980107991830,-0.001514821070288380,-0.6446084111546410
54592635,141.564000,0.000000,0.000000,1023.96,1024.15,1025.41,1026.24,-0.04,-0.01,1.0,1.0,1.0,1.0,1400.33,0.0018680019045014500,-0.03349572150206580,-0.001637008517500230,0.0013802215223797000,0.010055237845922000,-0.003163353205219390,326.0691602238310,449.216648053102,6.493964470624240,326.2772427567870,219.36708188196100,6.388511990866020,330.1115472218440,29.17725007370270,-6.975993106167580,-0.05186978540070160,-1.0512102217678200
54592731,141.669000,0.000000,0.000000,1023.95,1024.23,1025.49,1026.04,-0.04,-0.01,1.0,1.0,1.0,1.0,1400.25,0.0018680019045014500,-0.03349572150206580,-0.001637008517500230,0.0013802215223797000,0.010055237845922000,-0.003163353205219390,326.0743131906710,449.218019669448,6.496166735642160,326.64877626707800,219.36757920278000,6.379325312792810,330.3919473417450,29.147961936737900,-6.82416444861944,-0.14319851275949100,-0.8409326963029390
54592830,141.766000,0.000000,0.000000,1023.91,1024.25,1025.49,1026.16,-0.04,-0.01,1.0,1.0,1.0,1.0,1400.27,0.0018680019045014500,-0.03349572150206580,-0.001637008517500230,0.0013802215223797000,0.010055237845922000,-0.003163353205219390,326.0792858292480,449.22009327401200,6.453102168578550,326.51697073952300,219.4672860340550,6.515783221636340,330.495539563358,29.234019813502600,-7.18524171266736,-0.10914977745095100,-0.9798188359100220
54592931,141.866000,0.000000,0.000000,1023.88,1024.25,1025.48,1026.17,-0.05,0.0,1.0,1.0,1.0,1.0,1400.28,0.0018680019045014500,-0.03349572150206580,-0.001637008517500230,0.0013802215223797000,0.010055237845922000,-0.003163353205219390,326.0738124431870,449.2145839242420,6.496571766533840,326.0374935984550,219.3511453951880,6.679468852457660,329.2489423678240,29.236509337647600,-7.032646525450140,0.009052838137078070,-0.9858636879624690
54593031,141.965000,0.000000,0.000000,1023.83,1024.25,1025.43,1026.2,-0.05,0.0,1.0,1.0,1.0,1.0,1400.28,0.0018680019045014500,-0.03349572150206580,-0.001637008517500230,0.0013802215223797000,0.010055237845922000,-0.003163353205219390,326.07923166541900,449.22440267366500,6.497290982881100,325.61419260531500,219.45604889878700,7.310470502574520,327.83118240990500,29.190880259103900,-6.3328014585905300,0.11596348510479200,-0.8995132217911450
54593131,142.070000,0.000000,0.000000,1023.76,1024.34,1025.43,1026.2,-0.05,-0.01,1.0,1.0,1.0,1.0,1400.37,0.0018680019045014500,-0.03349572150206580,-0.001637008517500230,0.0013802215223797000,0.010055237845922000,-0.003163353205219390,326.0774637848640,449.2017612777070,6.506453042865050,325.0422346708350,219.34784436979900,7.2721907735579200,326.6516821025300,29.214306519120500,-6.2561252491642800,0.258050238203025,-1.0010877323604100
54593231,142.165000,0.000000,0.000000,1023.88,1024.3,1025.34,1026.23,-0.05,-0.01,1.0,1.0,1.0,1.0,1400.32,0.0018680019045014500,-0.03349572150206580,-0.001637008517500230,0.0013802215223797000,0.010055237845922000,-0.003163353205219390,326.07163963116400,449.2172909446690,6.476304089764130,325.2202283142320,219.3175063212920,7.56257601834693,326.40202415800500,29.155061138562800,-5.832521837920760,0.21218833307002400,-0.7804461430809070
54593330,142.265000,0.000000,0.000000,1023.89,1024.24,1025.32,1026.23,-0.05,-0.01,1.0,1.0,1.0,1.0,1400.38,0.0018680019045014500,-0.03349572150206580,-0.001637008517500230,0.0013802215223797000,0.010055237845922000,-0.003163353205219390,326.07163963116400,449.2172909446690,6.476304089764130,325.2202283142320,219.3175063212920,7.56257601834693,326.40202415800500,29.155061138562800,-5.832521837920760,0.21218833307002400,-0.7804461430809070