ezloophw-py logger started on:,2026-3-26_085228
ctrl_params:,{'n_inputs': 2, 'bidirectional': True, 'u_offset': array([1020., 1020., 1020., 1020.]), 'u_max': 1350.0, 'cmd_separator': ',', 'cmd_bookends': ('<', '>')}
Timestamp (millisec since midnight today),Test time,u_t(0),u_t(1),MPRpressure_0,MPRpressure_1,MPRpressure_2,MPRpressure_3,ForcePlate_0,ForcePlate_1,ValveOpening_0,ValveOpening_1,ValveOpening_2,ValveOpening_3,RPRpressure_0,smoothed_q_0,smoothed_q_1,smoothed_dq_0,smoothed_dq_1,smoothed_ddq_0,smoothed_ddq_1,tagid_x_102,tagid_y_102,tagid_rotation102,tagid_x_103,tagid_y_103,tagid_rotation103,tagid_x_104,tagid_y_104,tagid_rotation104,theta_0,theta_1
31951609,0.000000,0.000000,0.000000,1013.71,1014.03,1015.24,1016.12,0.0,0.0,1.0,1.0,1.0,1.0,1402.9,0.0,0.0,0.0,0.0,0.0,0.0,0.0,0.0,0.0,0.0,0.0,0.0,0.0,0.0,0.0,0.0,0.0
31951708,0.000000,0.000000,0.000000,1013.6,1014.05,1015.28,1016.12,0.0,0.0,1.0,1.0,1.0,1.0,1402.22,0.0,0.0,0.0,0.0,0.0,0.0,0.0,0.0,0.0,0.0,0.0,0.0,0.0,0.0,0.0,0.0,0.0
31951809,0.099000,0.000000,0.000000,1013.79,1014.06,1015.15,1016.16,0.0,0.0,1.0,1.0,1.0,1.0,1401.51,0.0,0.0,0.0,0.0,0.0,0.0,0.0,0.0,0.0,0.0,0.0,0.0,0.0,0.0,0.0,0.0,0.0
31951909,0.199000,0.000000,0.000000,1013.79,1014.12,1015.29,1016.12,0.0,0.0,1.0,1.0,1.0,1.0,1400.95,0.0,0.0,0.0,0.0,0.0,0.0,326.08611765432966,448.94451793301135,6.564042335965983,313.7711763496893,219.88686626836108,11.508113620442398,299.4185187386647,29.77889204680388,-0.5658755862808554,3.0774588403146526,-1.8374259429322244
31952009,0.301000,0.000000,0.000000,1013.83,1014.13,1015.26,1016.12,0.0,0.0,1.0,1.0,1.0,1.0,1400.37,0.0,0.0,0.0,0.0,0.0,0.0,326.08611765432966,448.94451793301135,6.564042335965983,313.7711763496893,219.88686626836108,11.508113620442398,299.4185187386647,29.77889204680388,-0.5658755862808554,3.0774588403146526,-1.8374259429322244
31952109,0.404000,0.000000,0.000000,1013.76,1014.12,1015.28,1016.11,0.0,0.0,1.0,1.0,1.0,1.0,1399.69,0.0,0.0,0.0,0.0,0.0,0.0,326.09041673688165,448.9447421630505,6.582399893211896,313.7706921601409,219.87416800734778,11.530330275640042,299.4450366786023,29.78060856307014,-0.59164988912043,3.0784785225434166,-1.8472317698088716
31952209,0.501000,0.000000,0.000000,1013.77,1014.0,1015.29,1016.17,0.0,0.0,1.0,1.0,1.0,1.0,1399.05,0.0,0.0,0.0,0.0,0.0,0.0,326.08143678185553,448.94009108390287,6.5661237061197255,313.7659229059627,219.91406129563094,11.606808100272543,299.43745810044857,29.785184157601336,-0.5452274966460405,3.0780257595386553,-1.8462819720801127
31952309,0.601000,0.000000,0.000000,1013.8,1014.11,1015.3,1016.09,0.0,0.0,1.0,1.0,1.0,1.0,1399.03,0.0,0.0,0.0,0.0,0.0,0.0,326.082177621505,448.9371795373175,6.5504822559161,313.76891932713363,219.88893064102285,11.518541913129168,299.4170603953709,29.777925053093544,-0.5539319924621905,3.0771651447013717,-1.8371464772396546
31952409,0.701000,0.000000,0.000000,1013.88,1014.04,1015.27,1016.05,0.0,0.0,1.0,1.0,1.0,1.0,1399.21,0.0,0.0,0.0,0.0,0.0,0.0,326.0827946974667,448.93649707200547,6.577283949034378,313.7492780371252,219.86877926297697,11.518774682695428,299.40924082672313,29.77457422876677,-0.5767054570695603,3.0819566327922274,-1.8498923173315651
31952509,0.800000,0.000000,0.000000,1013.78,1014.06,1015.29,1016.17,0.0,0.0,1.0,1.0,1.0,1.0,1399.22,0.0,0.0,0.0,0.0,0.0,0.0,326.07877090030445,448.9386064524939,6.576553136738143,313.7510835374908,219.87402477076952,11.52659163237341,299.4005308181313,29.798458244865156,-0.5878168022600933,3.0805448809108227,-1.8434955754389692
31952609,0.905000,0.000000,0.000000,1013.78,1014.1,1015.34,1016.09,0.0,0.0,1.0,1.0,1.0,1.0,1399.28,0.0,0.0,0.0,0.0,0.0,0.0,326.07234895633434,448.9327310248913,6.568087590134344,313.76308479324365,219.88192613253605,11.512593301479084,299.3939231325184,29.775524438344004,-0.4947862755115371,3.076134640804639,-1.8297960674389264
31952709,1.002000,0.000000,0.000000,1013.8,1014.08,1015.25,1016.26,0.0,0.0,1.0,1.0,1.0,1.0,1399.43,0.0,0.0,0.0,0.0,0.0,0.0,326.08506623132865,448.9293505910224,6.560971777560228,313.7742344878894,219.91396779469687,11.589973464015706,299.43905997698107,29.774463161887724,-0.563604818150068,3.0770005686738098,-1.8424611193232145
31952809,1.102000,0.000000,0.000000,1013.74,1014.06,1015.12,1016.16,0.0,0.0,1.0,1.0,1.0,1.0,1399.43,0.0,0.0,0.0,0.0,0.0,0.0,326.08038549013145,448.9335036558458,6.574169162936381,313.7872464554073,219.91712202935787,11.606514013853785,299.4367098153018,29.779531278385004,-0.5202127566159848,3.072573512477162,-1.8289607628874878
31952910,1.200000,0.000000,0.000000,1013.82,1014.07,1015.25,1016.19,0.0,0.0,1.0,1.0,1.0,1.0,1399.45,0.0,0.0,0.0,0.0,0.0,0.0,326.08512963228276,448.93450504279616,6.54850604942354,313.77912512268915,219.89377141109514,11.534625805462719,299.4269352083662,29.790397818626126,-0.5164991855054015,3.0754565709976736,-1.83345747468886
31953009,1.300000,0.000000,0.000000,1013.79,1013.9,1015.14,1016.21,0.0,0.0,1.0,1.0,1.0,1.0,1399.72,0.0,0.0,0.0,0.0,0.0,0.0,326.07494910775546,448.9339941036455,6.58523817747422,313.7621611762195,219.87996448733315,11.510532907510742,299.42478440364175,29.77651425745143,-0.5688465783125266,3.0769703164405096,-1.8409259945174767
31953109,1.405000,0.000000,0.000000,1013.79,1014.01,1015.35,1016.12,0.0,0.0,1.0,1.0,1.0,1.0,1399.69,0.0,0.0,0.0,0.0,0.0,0.0,326.0839621938855,448.93552636694733,6.55379445607292,313.7679174942526,219.88242341024463,11.502697784356043,299.37457814256436,29.7965718004849,-0.49513971330338047,3.077795047043051,-1.82540517483175
31953209,1.501000,0.000000,0.000000,1013.84,1013.96,1015.18,1016.27,0.0,0.0,1.0,1.0,1.0,1.0,1399.71,0.0,0.0,0.0,0.0,0.0,0.0,326.08341829644723,448.9343315358007,6.563545873344739,313.75693683052424,219.87538759832847,11.502838453682045,299.4015469805416,29.80012218945202,-0.546952541388715,3.0803197886214617,-1.841588752081928
31953309,1.602000,0.000000,0.000000,1013.76,1014.0,1015.22,1016.15,0.0,0.0,1.0,1.0,1.0,1.0,1399.85,0.0,0.0,0.0,0.0,0.0,0.0,326.0830748288511,448.9455261875494,6.58127253417374,313.77208089174013,219.9017354588179,11.570445772070833,299.44036487859444,29.772237245240603,-0.5704247869294324,3.0766601226797174,-1.842590502017348
31953410,1.701000,0.000000,0.000000,1013.76,1014.03,1015.2,1016.22,-0.0,-0.0,1.0,1.0,1.0,1.0,1399.71,0.0,0.0,0.0,0.0,0.0,0.0,326.0837926026734,448.93214623790317,6.56082128249181,313.77714848329566,219.91441537417307,11.576028423312778,299.4746397624094,29.78210654156509,-0.5782381700596008,3.075924437021594,-1.84993451509962
31953510,1.801000,0.000000,0.000000,1013.73,1014.09,1015.22,1016.21,-0.0,-0.0,1.0,1.0,1.0,1.0,1399.63,0.0,0.0,0.0,0.0,0.0,0.0,326.06423140616323,448.9441225083043,6.532461304308047,313.7782475495213,219.9201336893591,11.578055756237813,299.4619512829183,29.77801371052482,-0.5030497776572527,3.070686752473623,-1.8355490649674868
31953610,1.901000,0.000000,0.000000,1013.72,1013.97,1015.13,1016.29,0.0,-0.01,1.0,1.0,1.0,1.0,1399.72,0.0,0.0,0.0,0.0,0.0,0.0,325.7785962130069,448.7865863957518,6.219676667813788,313.3143769503866,218.99409069891453,11.768522005199033,299.0366243734912,28.710396867836295,-0.3454385712553505,3.1047490234282322,-1.9184057981898768
31953709,2.001000,0.000000,0.000000,1013.69,1014.1,1015.19,1016.17,0.0,-0.02,1.0,1.0,1.0,1.0,1399.93,0.0,0.0,0.0,0.0,0.0,0.0,325.724410763483,449.49554286820364,6.642931054275984,313.2591251026544,218.89028019614895,11.606183388857394,298.8505645222806,27.54948164963932,-0.776173552188435,3.0940918318551227,-1.881759938204615
31953810,2.101000,0.000000,0.000000,1013.73,1014.08,1015.24,1016.18,0.0,-0.02,1.0,1.0,1.0,1.0,1399.87,0.0,0.0,0.0,0.0,0.0,0.0,325.8989535543294,450.2400063250685,6.810598749673892,313.19362020246314,218.8483981248899,11.6460802896145,298.9138437599814,27.42284273857498,-0.8106263706396556,3.1562898888507482,-2.046386904921512
31953911,2.202000,0.000000,0.000000,1013.72,1014.01,1015.2,1016.27,0.0,-0.03,1.0,1.0,1.0,1.0,1399.82,0.0,0.0,0.0,0.0,0.0,0.0,325.7364975567979,449.45069669950755,6.617097876023183,313.2103020518742,218.86276815397053,11.611703081774978,298.9138437599814,27.42284273857498,-0.8106263706396556,3.1562898888507482,-2.046386904921512
31954011,2.302000,0.000000,0.000000,1013.7,1013.98,1015.23,1016.25,0.0,-0.04,1.0,1.0,1.0,1.0,1399.74,0.0,0.0,0.0,0.0,0.0,0.0,325.73669096784414,448.9368777804142,6.373162483638046,313.3351986279913,218.92460416097083,11.756641642597542,299.0193421748803,28.067723016209108,-0.6720008440457295,3.086208534216235,-1.882788977665209
31954112,2.403000,0.000000,0.000000,1013.73,1014.11,1015.23,1016.15,0.0,-0.05,1.0,1.0,1.0,1.0,1399.85,0.0,0.0,0.0,0.0,0.0,0.0,325.8728842424599,448.6622044314004,6.311763393663567,313.34791290707153,219.01294345246623,11.780366077336772,299.0484045307798,28.566951455048027,-0.24360122277234436,3.1217941509879417,-1.9496306759775095
31954211,2.505000,0.000000,0.000000,1013.7,1014.0,1015.32,1016.19,0.0,-0.06,1.0,1.0,1.0,1.0,1399.77,0.0,0.0,0.0,0.0,0.0,0.0,325.94375899313934,448.74697122367655,6.440680606277882,313.444406474132,219.26528064897622,11.756425963787487,299.15327968573644,29.056794259415344,-0.3521523310779321,3.117691798173806,-1.938594944046784
31954311,2.603000,0.000000,0.000000,1013.79,1013.98,1015.17,1016.18,0.0,-0.06,1.0,1.0,1.0,1.0,1399.93,0.0,0.0,0.0,0.0,0.0,0.0,325.86268502039803,448.87400883452904,6.281928010097423,313.52505495177866,219.6625546445873,11.605628009344318,299.16896809751,29.545373379807106,-0.4883491439555062,3.0810529441218764,-1.843794832670568
31954412,2.705000,0.000000,0.000000,1013.75,1013.98,1015.22,1016.13,0.0,-0.07,1.0,1.0,1.0,1.0,1399.92,0.0,0.0,0.0,0.0,0.0,0.0,326.0582012350999,448.9260704321952,6.526278017301055,313.72089940774515,219.8665277082277,11.507043672719842,299.44519739509684,29.816793521359543,-0.48442675392923834,3.0830104794950235,-1.87028068371822
31954511,2.804000,0.000000,0.000000,1013.79,1013.97,1015.28,1016.12,0.0,-0.08,1.0,1.0,1.0,1.0,1399.91,0.0,0.0,0.0,0.0,0.0,0.0,326.06301401892057,448.92299541311166,6.531848933158408,313.7387081755351,219.87144412586068,11.514011400616113,299.48700776016807,29.816071057465756,-0.4641032948818165,3.079876367854549,-1.8713346438337375
31954611,2.903000,0.000000,0.000000,1013.77,1013.94,1015.25,1016.15,0.0,-0.09,1.0,1.0,1.0,1.0,1400.12,0.0,0.0,0.0,0.0,0.0,0.0,326.0779365605073,448.9283576787439,6.541087636493356,313.77824899251425,219.91097584653403,11.625935534908468,299.43794970242857,29.766033691716263,-0.5667539061832825,3.0741937277537033,-1.8354347654022458
31954712,3.002000,0.000000,0.000000,1013.74,1014.03,1015.17,1016.1,0.0,-0.09,1.0,1.0,1.0,1.0,1399.93,0.0,0.0,0.0,0.0,0.0,0.0,326.07486221470515,448.93798365980564,6.536386048072357,313.8587627134088,219.89918687840589,11.527597596929487,299.458022763898,29.761631697990804,-0.6569961323368086,3.0530563815807823,-1.774883489613381
31954812,3.104000,0.000000,0.000000,1013.83,1013.88,1015.23,1016.15,0.0,-0.1,1.0,1.0,1.0,1.0,1400.04,0.0,0.0,0.0,0.0,0.0,0.0,326.06477905141156,448.92592054817385,6.531468775018381,314.3042451809479,219.89088161249254,11.344706197058889,300.32408052383636,29.747414204448155,-0.6372214652619437,2.939452757483054,-1.6738400258263084
31954912,3.205000,0.000000,0.000000,1013.87,1013.79,1015.23,1016.17,0.0,-0.1,1.0,1.0,1.0,1.0,1399.96,0.0,0.0,0.0,0.0,0.0,0.0,326.077337305276,448.9306872840893,6.584243936825686,315.37321174334636,219.81326943295608,10.661904553966847,302.83401412380573,29.524024184026086,-1.2412190660671196,2.6748537838525195,-1.5796262653837907
31955012,3.304000,0.000000,0.000000,1014.01,1013.76,1015.22,1016.06,0.0,-0.11,1.0,1.0,1.0,1.0,1399.9,0.0,0.0,0.0,0.0,0.0,0.0,326.07886839070153,448.92019038929755,6.52521091610884,317.40177937325853,219.72566415514473,10.035545363693318,307.8343824955342,29.23600614780667,-2.5277114101056712,2.168128808541882,-1.460976990985023
31955112,3.404000,0.000000,0.000000,1014.04,1013.75,1015.24,1016.04,0.0,-0.11,1.0,1.0,1.0,1.0,1399.88,0.0,0.0,0.0,0.0,0.0,0.0,326.0717737569089,448.9240599818743,6.540178342516575,320.25079850486634,219.66782197010534,8.714032336529785,314.95534376454236,28.65641573738912,-3.90833464448414,1.4544671661910762,-1.320916536296682
31955212,3.504000,0.000000,0.000000,1014.03,1013.88,1015.19,1016.11,0.0,-0.11,1.0,1.0,1.0,1.0,1400.01,0.0,0.0,0.0,0.0,0.0,0.0,326.06919345067274,448.927730980887,6.530664666051861,323.0111230473653,219.60927989052382,7.949466306708049,322.6353295660813,28.50650793634486,-5.800499133452307,0.764021130528055,-1.4153732899435558
31955312,3.604000,0.000000,0.000000,1013.81,1013.99,1015.09,1016.05,0.0,-0.12,1.0,1.0,1.0,1.0,1399.83,0.0,0.0,0.0,0.0,0.0,0.0,326.0823326743734,448.9303346811247,6.546038699529861,324.03612556550235,219.54224001421838,7.20540710663328,326.55774682789075,28.514295948246605,-6.587482733685384,0.5110811092396238,-1.7784383005103341
31955413,3.704000,0.000000,0.000000,1013.71,1014.12,1015.24,1016.13,0.0,-0.12,1.0,1.0,1.0,1.0,1399.89,0.0,0.0,0.0,0.0,0.0,0.0,326.0765864148656,448.9333612722439,6.541463261428212,323.14332639629777,219.57019523417918,7.61878167262227,324.2774224932776,28.576561536937778,-6.436843584555861,0.7326994161914295,-1.805609943059411
31955512,3.810000,0.000000,0.000000,1013.69,1014.15,1015.17,1016.13,0.0,-0.11,1.0,1.0,1.0,1.0,1399.93,0.0,0.0,0.0,0.0,0.0,0.0,326.0850556473718,448.93491896165375,6.537293729687222,320.6548308512876,219.63744763830613,8.413603275726341,317.7085606085321,28.77179123205403,-4.831138016867582,1.356625592613174,-1.8288833669187103
31955612,3.903000,0.000000,0.000000,1013.76,1014.12,1015.05,1016.01,0.0,-0.11,1.0,1.0,1.0,1.0,1399.93,0.0,0.0,0.0,0.0,0.0,0.0,326.07743515732693,448.9273670525049,6.5342605069691535,318.7363831112878,219.60116830880943,9.143013189194113,312.34725090854477,28.92010782056905,-3.2954922752926388,1.8334918515810705,-1.747897434281598
31955714,4.005000,0.000000,0.000000,1013.82,1014.03,1015.26,1015.98,0.0,-0.11,1.0,1.0,1.0,1.0,1399.82,0.0,0.0,0.0,0.0,0.0,0.0,326.06980231468094,448.92996128918406,6.534479199297901,318.82153515787013,219.56509941957233,9.36892065085259,311.547508825215,28.920680003492297,-2.9004909426411922,1.810028576400881,-1.4350000623347636
31955817,4.105000,0.000000,0.000000,1013.93,1014.0,1015.31,1015.98,0.0,-0.11,1.0,1.0,1.0,1.0,1399.98,0.0,0.0,0.0,0.0,0.0,0.0,326.08006088353704,448.93026202428297,6.544964129187174,320.15484916752786,219.64716695724167,8.620922290787698,315.4927607460056,28.859247505822353,-4.223631872794823,1.480327543656638,-1.5608555444451113
31955919,4.211000,0.000000,0.000000,1013.89,1014.01,1015.31,1016.02,0.0,-0.11,1.0,1.0,1.0,1.0,1399.95,0.0,0.0,0.0,0.0,0.0,0.0,326.07285670793044,448.9282157170637,6.546070134628524,321.7330985859557,219.61307406750106,8.219860032453008,319.65703633465284,28.684382461965193,-4.939314269306032,1.0860821279856265,-1.5491834120793087
31956020,4.316000,0.000000,0.000000,1013.83,1014.05,1015.09,1016.06,-0.0,-0.11,1.0,1.0,1.0,1.0,1399.86,0.0,0.0,0.0,0.0,0.0,0.0,326.08052670643036,448.9289497165296,6.556438912442862,322.04427635034426,219.50129177477118,8.19152183109868,321.4074085304814,28.55397903413008,-5.505856037660672,1.0078830879054723,-1.8246678966290548
31956120,4.413000,0.000000,0.000000,1013.71,1014.1,1015.24,1016.18,-0.0,-0.11,1.0,1.0,1.0,1.0,1399.88,0.0,0.0,0.0,0.0,0.0,0.0,326.0787261181235,448.9266611085855,6.54713686260699,321.2962364512093,219.54666329711324,8.301027888082405,319.436803513914,28.63012336398573,-5.021906733151368,1.1944243761322424,-1.8308337621847488
31956220,4.511000,0.000000,0.000000,1013.68,1014.16,1015.22,1016.04,-0.0,-0.11,1.0,1.0,1.0,1.0,1399.9,0.0,0.0,0.0,0.0,0.0,0.0,326.07396633840125,448.9246362819529,6.5473193592502,319.9551643993284,219.67574894686447,8.918244799571713,315.3776616955458,28.858093918560396,-4.189554238117562,1.5288986396888073,-1.6835989985625357
31956321,4.612000,0.000000,0.000000,1013.75,1014.08,1015.18,1016.09,-0.0,-0.1,1.0,1.0,1.0,1.0,1399.94,0.0,0.0,0.0,0.0,0.0,0.0,326.077807880975,448.9292158026739,6.540986527148864,318.90567970525694,219.57531692965594,9.233318513380132,312.7939582022543,28.95045823847621,-3.192599984660129,1.7904076781914955,-1.7444549919971228
31956421,4.718000,0.000000,0.000000,1013.82,1014.06,1015.28,1015.97,-0.0,-0.1,1.0,1.0,1.0,1.0,1399.97,0.0,0.0,0.0,0.0,0.0,0.0,326.0849120376752,448.91905095500414,6.537809489795419,320.0914744249834,219.66516777077717,8.787228487974108,315.24588917369215,28.856373543175494,-3.8305097255305354,1.4975557805471862,-1.5403991282476004
31956521,4.815000,0.000000,0.000000,1013.78,1014.03,1015.21,1016.04,-0.0,-0.09,1.0,1.0,1.0,1.0,1399.94,0.0,0.0,0.0,0.0,0.0,0.0,326.0856784732151,448.927957583311,6.538146107792636,320.706287909169,219.64123040040622,8.423418843591332,317.1628288980325,28.825165667013056,-4.626564825872645,1.3419257649956216,-1.6199897746501017
31956621,4.913000,0.000000,0.000000,1013.73,1014.1,1015.3,1016.1,-0.0,-0.08,1.0,1.0,1.0,1.0,1400.06,0.0,0.0,0.0,0.0,0.0,0.0,326.0806945412784,448.9192375442263,6.5475516511047385,321.73575969557936,219.6202414263574,8.146539443535035,320.4557459001043,28.58183293202741,-5.304727178933763,1.085554862036957,-1.787216813175561
31956721,5.014000,0.000000,0.000000,1013.75,1014.08,1015.32,1016.06,-0.0,-0.07,1.0,1.0,1.0,1.0,1400.14,0.0,0.0,0.0,0.0,0.0,0.0,326.07576165976866,448.93069192941266,6.53290741569188,321.2746357109031,219.5388043681974,8.270698380853768,318.9200249599948,28.696750732600425,-4.7437746321303145,1.1990140531163476,-1.6911481974642715
31956821,5.113000,0.000000,0.000000,1013.71,1014.13,1015.19,1016.13,-0.0,-0.07,1.0,1.0,1.0,1.0,1399.9,0.0,0.0,0.0,0.0,0.0,0.0,326.06888391218905,448.9208377938774,6.532656602714831,320.0367880075708,219.67322141472508,8.78768209722495,315.8368611847777,28.751301319738722,-4.146842967657122,1.5072519115130374,-1.7543065864657335
31956921,5.213000,0.000000,0.000000,1013.79,1014.07,1015.31,1016.12,-0.0,-0.06,1.0,1.0,1.0,1.0,1399.98,0.0,0.0,0.0,0.0,0.0,0.0,326.0785425272399,448.9214006970699,6.548414809583888,319.36805103040507,219.58215617298174,9.093299920418703,313.49189146141293,28.86718821644878,-3.4299934896726483,1.6760026084675692,-1.5872110461836018
31957021,5.314000,0.000000,0.000000,1013.76,1014.1,1015.31,1016.04,-0.0,-0.05,1.0,1.0,1.0,1.0,1399.93,0.0,0.0,0.0,0.0,0.0,0.0,326.075323667211,448.92317208484064,6.555975003692684,319.72815750518265,219.6533490380434,9.112162111042764,314.1201947277706,28.797574441122887,-3.5918877549134716,1.5857864069836685,-1.4885209061083122
31957122,5.412000,0.000000,0.000000,1013.82,1013.94,1015.24,1016.14,-0.0,-0.04,1.0,1.0,1.0,1.0,1399.96,0.0,0.0,0.0,0.0,0.0,0.0,326.0770112797865,448.9268939279375,6.550070885431564,320.54233928324436,219.64457148109042,8.377378081815408,316.7846993249049,28.695764641908937,-4.214825891345912,1.3828007797939759,-1.6382359111799965
31957221,5.513000,0.000000,0.000000,1013.84,1013.95,1015.33,1016.06,0.0,-0.03,1.0,1.0,1.0,1.0,1400.1,0.0,0.0,0.0,0.0,0.0,0.0,326.07470962226824,448.9211133940886,6.524246208116684,321.4527182894841,219.57807439942513,8.346399822473646,319.1637575276891,28.682789987514553,-4.733220879633617,1.246519009762242,-1.6092509062815563
31957322,5.613000,0.000000,0.000000,1013.8,1014.07,1015.28,1016.13,0.0,-0.02,1.0,1.0,1.0,1.0,1399.91,0.0,0.0,0.0,0.0,0.0,0.0,326.08464424939535,448.92517842801544,6.530040643200847,321.4005295109991,219.51121286632198,8.227680046913486,319.43876951769266,28.677187373371197,-4.932120172085866,1.1696878151263275,-1.7503999032405129
31957421,5.714000,0.000000,0.000000,1013.76,1014.1,1015.21,1016.2,0.0,-0.01,1.0,1.0,1.0,1.0,1400.02,0.0,0.0,0.0,0.0,0.0,0.0,326.0736262854916,448.9263657747803,6.549035313993949,320.5885111482471,219.64437527028855,8.375554673927983,317.493152908479,28.72402678402669,-4.573235805267974,1.3704260562117956,-1.8120070320600046
31957521,5.813000,0.000000,0.000000,1013.77,1014.01,1015.21,1016.13,0.0,-0.0,1.0,1.0,1.0,1.0,1399.98,0.0,0.0,0.0,0.0,0.0,0.0,326.07425355814127,448.9236099064056,6.557858510062098,319.8407011294139,219.70289277299997,8.989523670646754,315.09527597405844,28.838412016138182,-4.024579107260931,1.5577485530287307,-1.6912570967213167
31957621,5.913000,0.000000,0.000000,1013.73,1014.08,1015.28,1016.14,0.0,0.0,1.0,1.0,1.0,1.0,1400.0,0.0,0.0,0.0,0.0,0.0,0.0,326.0818298643937,448.9189928995652,6.517886452017307,319.6598449670062,219.66100249668844,9.127397336095767,314.1325428737391,28.776163263027964,-3.4578216261323145,1.6045522964220387,-1.550499244012832
31957722,6.013000,0.000000,0.000000,1013.84,1014.03,1015.28,1016.14,0.01,0.01,1.0,1.0,1.0,1.0,1399.98,0.0,0.0,0.0,0.0,0.0,0.0,326.10666370981676,448.9386106525879,6.58000074706788,320.1518661623734,219.63743731611788,8.620599017730036,315.42729038595485,28.79336968681758,-4.039829585650932,1.4875985777084266,-1.5570604811781084
31957822,6.114000,0.000000,0.000000,1013.75,1013.96,1015.22,1016.1,0.01,0.02,1.0,1.0,1.0,1.0,1399.99,0.0,0.0,0.0,0.0,0.0,0.0,326.08199166297806,448.9164136772595,6.547351928391308,320.9000419922367,219.58603127056298,8.443373613987397,317.7076359650499,28.73715179801635,-4.551304660089238,1.2944352473376965,-1.6305503027121424
31957922,6.215000,0.000000,0.000000,1013.79,1014.08,1015.23,1016.11,0.01,0.02,1.0,1.0,1.0,1.0,1399.96,0.0,0.0,0.0,0.0,0.0,0.0,326.0780540302144,448.93234929221074,6.548650253609291,321.32969139613846,219.5231408657804,8.188233694604268,319.06551842951177,28.666327371832878,-4.703737473005447,1.1857514289161135,-1.6918233250238406
31958023,6.314000,0.000000,0.000000,1013.85,1014.05,1015.28,1016.11,0.01,0.02,1.0,1.0,1.0,1.0,1399.88,0.0,0.0,0.0,0.0,0.0,0.0,326.0772315544549,448.92903419792617,6.546123193859346,320.9743113409433,219.55092179367574,8.50603655728725,318.4135585728113,28.6872361714795,-4.5665235308184675,1.2744353357281308,-1.7801989206451925
31958123,6.414000,0.000000,0.000000,1013.81,1014.07,1015.2,1016.19,0.01,0.02,1.0,1.0,1.0,1.0,1399.89,0.0,0.0,0.0,0.0,0.0,0.0,326.0816063506128,448.92666703033996,6.549376219541786,320.2224001667062,219.63613517914447,8.515624590441739,316.40681242983953,28.744751725550934,-4.15515225078043,1.4637967842311483,-1.782502774119562
31958222,6.514000,0.000000,0.000000,1013.78,1014.1,1015.23,1016.17,0.01,0.02,1.0,1.0,1.0,1.0,1400.02,0.0,0.0,0.0,0.0,0.0,0.0,326.0713886832967,448.9219569607698,6.524860861511128,319.8197707551327,219.69487665116148,9.012895846399534,314.90951399611413,28.787116681833826,-3.711640191080557,1.5622174946269443,-1.6510796160313364
31958323,6.613000,0.000000,0.000000,1013.79,1014.04,1015.1,1016.09,0.01,0.02,1.0,1.0,1.0,1.0,1399.93,0.0,0.0,0.0,0.0,0.0,0.0,326.0787011158451,448.9153937434109,6.538583688521331,320.0054361816367,219.68448947965246,8.811865602609396,315.0037733387055,28.7764585662589,-3.7029899999277935,1.517644689938332,-1.5345215576923525
31958423,6.716000,0.000000,0.000000,1013.93,1014.07,1015.37,1016.08,0.01,0.02,1.0,1.0,1.0,1.0,1399.89,0.0,0.0,0.0,0.0,0.0,0.0,326.08204593875007,448.91919418650224,6.52892576427593,320.4325047557315,219.65625391092436,8.403133708009564,316.621899957976,28.757292393818755,-4.032364664147947,1.4116078662726292,-1.6796653487709694
31958523,6.814000,0.000000,0.000000,1013.83,1014.0,1015.38,1016.1,0.01,0.02,1.0,1.0,1.0,1.0,1399.96,0.0,0.0,0.0,0.0,0.0,0.0,326.07624904974244,448.9170626899401,6.523029473809974,321.104920977549,219.54555374083114,8.253840850779891,318.27062939105423,28.66092679804783,-4.415189040883349,1.241616844589106,-1.6325574676206684
31958624,6.915000,0.000000,0.000000,1013.76,1014.04,1015.21,1016.19,0.01,0.02,1.0,1.0,1.0,1.0,1399.96,0.0,0.0,0.0,0.0,0.0,0.0,326.0786633138116,448.92511408365993,6.532454183424206,321.11523266149425,219.54358498976217,8.214305683785367,318.50206137502903,28.687477162461505,-4.7519355454977115,1.2395909011083104,-1.6947461739401581
31958723,7.017000,0.000000,0.000000,1013.75,1014.04,1015.22,1016.25,0.01,0.02,1.0,1.0,1.0,1.0,1399.99,0.0,0.0,0.0,0.0,0.0,0.0,326.07772758897573,448.9321755260399,6.52936928799063,320.5506887299776,219.6503141571616,8.359620312458107,317.3382268706396,28.72309216351836,-4.486382826241246,1.3808972062207243,-1.7978504644648516
31958824,7.115000,0.000000,0.000000,1013.76,1014.06,1015.25,1016.14,0.01,0.01,1.0,1.0,1.0,1.0,1400.03,0.0,0.0,0.0,0.0,0.0,0.0,326.08170544073334,448.92310074862104,6.5268814541861655,320.09958828304593,219.62738640835653,8.625754154559218,315.6151380282734,28.7907209066099,-3.9833273422156212,1.4944559046570982,-1.6427721977453122
31958923,7.216000,0.000000,0.000000,1013.75,1014.07,1015.31,1016.12,0.01,0.01,1.0,1.0,1.0,1.0,1400.04,0.0,0.0,0.0,0.0,0.0,0.0,326.0720433000589,448.9234028230638,6.5488188343221205,319.98184405168655,219.6804231505183,8.875716034404716,315.0937357515235,28.801481936580757,-3.814054542511523,1.5217942813832948,-1.57665472680321
31959023,7.316000,0.000000,0.000000,1013.79,1013.99,1015.35,1016.13,0.01,0.01,1.0,1.0,1.0,1.0,1399.87,0.0,0.0,0.0,0.0,0.0,0.0,326.07782224891224,448.92991653566145,6.529099961757229,320.19531284497833,219.6310768122831,8.564183411685478,315.7626944938106,28.800175356826482,-3.9673817961381994,1.4695628217863985,-1.6084990999629565
31959123,7.415000,0.000000,0.000000,1013.76,1013.93,1015.27,1016.14,0.01,0.01,1.0,1.0,1.0,1.0,1399.98,0.0,0.0,0.0,0.0,0.0,0.0,326.07918530191387,448.9249799628195,6.536872073470995,320.72836072059084,219.64072586176655,8.360434835820797,317.3249913064697,28.73116040359742,-4.408814889767491,1.336873429941273,-1.6524358022795542
31959223,7.515000,0.000000,0.000000,1013.75,1014.07,1015.31,1016.22,0.01,0.01,1.0,1.0,1.0,1.0,1400.0,0.0,0.0,0.0,0.0,0.0,0.0,326.0706185189482,448.91998574720134,6.549040590997899,321.0807820291605,219.5593235477442,8.330583241144424,318.29333466449566,28.750438919349588,-4.371829553807822,1.2462968872711042,-1.6556431777428133
31959323,7.614000,0.000000,0.000000,1013.78,1014.06,1015.25,1016.18,0.01,0.01,1.0,1.0,1.0,1.0,1400.09,0.0,0.0,0.0,0.0,0.0,0.0,326.07347916652884,448.9214775942429,6.570441589277279,320.79263508207134,219.6427057710119,8.367949495878989,317.8012216064504,28.668051864624683,-4.500104054060017,1.3194269545139274,-1.7414502603816966
31959423,7.715000,0.000000,0.000000,1013.72,1014.07,1015.3,1016.21,0.01,0.01,1.0,1.0,1.0,1.0,1400.03,0.0,0.0,0.0,0.0,0.0,0.0,326.07904709927635,448.91765644344724,6.529752619343088,320.30297527187247,219.63687286595706,8.46646969827472,316.5427392368829,28.723264640857828,-4.157230695397602,1.4430976236032573,-1.7578429846913073
31959523,7.813000,0.000000,0.000000,1013.71,1014.02,1015.21,1016.26,0.01,0.01,1.0,1.0,1.0,1.0,1400.02,0.0,0.0,0.0,0.0,0.0,0.0,326.07412992016964,448.92309640402823,6.54772474066603,320.05670306257224,219.66383158494745,8.793558350764187,315.4245264261488,28.782191563355926,-3.995323952642573,1.5035118511540504,-1.6168842907031042
31959624,7.915000,0.000000,0.000000,1013.76,1014.01,1015.25,1016.1,0.01,0.01,1.0,1.0,1.0,1.0,1400.04,0.0,0.0,0.0,0.0,0.0,0.0,326.0824541786666,448.9215049736178,6.534305774923488,320.1362827287087,219.6337429731865,8.627770142098592,315.4801999419647,28.786820837919812,-3.97913534818357,1.4855314607962322,-1.5734979007830618
31959725,8.015000,0.000000,0.000000,1013.78,1014.0,1015.22,1016.12,0.01,0.01,1.0,1.0,1.0,1.0,1399.98,0.0,0.0,0.0,0.0,0.0,0.0,326.0803103799054,448.9229735532357,6.519481078898231,320.4518622742651,219.64800472838112,8.402706097728714,316.62310256667104,28.730446415149697,-4.122587786795342,1.4062658683044744,-1.6636464701292502
31959824,8.115000,0.000000,0.000000,1013.74,1014.14,1015.19,1016.13,0.01,0.01,1.0,1.0,1.0,1.0,1399.97,0.0,0.0,0.0,0.0,0.0,0.0,326.07926870022,448.9220585043063,6.51550166997831,320.82431008492466,219.62611212534466,8.39044390158712,317.69357387401595,28.67581119630167,-4.429101652622111,1.3128633919549026,-1.6864148254795148
31959924,8.216000,0.000000,0.000000,1013.75,1013.99,1015.25,1016.12,0.01,0.01,1.0,1.0,1.0,1.0,1399.97,0.0,0.0,0.0,0.0,0.0,0.0,326.07674934828776,448.92825711101955,6.513701517377192,320.8340795779695,219.6099963330218,8.382955319740692,317.9211064473286,28.654363405366574,-4.417156970348009,1.30966689214732,-1.7453709733346205
31960025,8.315000,0.000000,0.000000,1013.68,1013.96,1015.21,1016.17,0.01,0.01,1.0,1.0,1.0,1.0,1399.9,0.0,0.0,0.0,0.0,0.0,0.0,326.0850164146748,448.9287416653053,6.567664551690027,320.5084831538375,219.6462731020416,8.375289128668681,317.1475402650572,28.668732591722048,-4.267508623032414,1.3932545421799691,-1.7782859932234731
31960125,8.415000,0.000000,0.000000,1013.73,1014.12,1015.26,1016.06,0.01,0.0,1.0,1.0,1.0,1.0,1399.88,0.0,0.0,0.0,0.0,0.0,0.0,326.0743478804397,448.9275343624415,6.553838991867483,320.1759258500934,219.63157475302768,8.540366998172722,316.064694162779,28.749064506878398,-4.008135002805864,1.4735548489346726,-1.7132627082260006
31960224,8.516000,0.000000,0.000000,1013.73,1014.01,1015.25,1016.18,0.01,0.01,1.0,1.0,1.0,1.0,1400.04,0.0,0.0,0.0,0.0,0.0,0.0,326.0814308041013,448.92613229268403,6.554749954163843,320.13941849855627,219.64400544337127,8.63051495193235,315.5498445807654,28.811226508099672,-3.974765251318407,1.4845293158504784,-1.5913470363778894
31960324,8.615000,0.000000,0.000000,1013.8,1014.07,1015.26,1016.07,0.01,0.01,1.0,1.0,1.0,1.0,1399.94,0.0,0.0,0.0,0.0,0.0,0.0,326.08353517755967,448.91622794494197,6.540677512731482,320.27345591909494,219.63244028114994,8.48886673186495,316.24654998379634,28.79913075502025,-3.945891333820202,1.4515714275062528,-1.6942843046047524
31960424,8.715000,0.000000,0.000000,1013.81,1013.99,1015.19,1016.07,0.01,0.01,1.0,1.0,1.0,1.0,1399.94,0.0,0.0,0.0,0.0,0.0,0.0,326.0736486109909,448.92488338262336,6.550487946324609,320.59579142401026,219.651072052443,8.383322972265052,317.1673910082367,28.67941741979347,-4.181932310333583,1.3686621928413518,-1.708837849002152
31960524,8.816000,0.000000,0.000000,1013.79,1014.06,1015.26,1016.04,0.01,0.01,1.0,1.0,1.0,1.0,1399.92,0.0,0.0,0.0,0.0,0.0,0.0,326.0791962929297,448.9259628328384,6.538243640551754,320.79588888978685,219.6281968628836,8.393892451571077,317.6697640171265,28.7032168729718,-4.559459190617578,1.3199328921858542,-1.7018127460794175
31960624,8.920000,0.000000,0.000000,1013.62,1014.15,1015.25,1016.08,0.01,0.01,1.0,1.0,1.0,1.0,1399.96,0.0,0.0,0.0,0.0,0.0,0.0,326.07858337030603,448.92831909364116,6.543482046291857,320.6767497346,219.6459778612427,8.363996803742621,317.4123820898109,28.723710528469258,-4.450945961308373,1.3496243194384216,-1.7197072323951854
31960725,9.017000,0.000000,0.000000,1013.71,1014.06,1015.28,1016.04,0.01,0.01,1.0,1.0,1.0,1.0,1399.98,0.0,0.0,0.0,0.0,0.0,0.0,326.070537576638,448.9180100558128,6.548960584713994,320.3249656438791,219.6420844085418,8.439402776331491,316.6064278553452,28.736219692471778,-4.171854406297169,1.4355111088968404,-1.7551341196746506
31960825,9.118000,0.000000,0.000000,1013.69,1014.15,1015.33,1015.99,0.01,0.01,1.0,1.0,1.0,1.0,1399.99,0.0,0.0,0.0,0.0,0.0,0.0,326.07263645532925,448.9206468703839,6.544235704449903,320.1738632601245,219.63080687641204,8.571116444039442,315.836798972501,28.78500918499212,-3.96107829170256,1.4736818522527895,-1.6455131157522618
31960924,9.216000,0.000000,0.000000,1013.76,1014.08,1015.23,1016.06,0.01,0.01,1.0,1.0,1.0,1.0,1400.01,0.0,0.0,0.0,0.0,0.0,0.0,326.06862087269894,448.92431101361734,6.544689777335964,320.182325464445,219.63457785302137,8.565955848048254,316.03160233900667,28.7392209724565,-3.935041320378461,1.4705666002263613,-1.6955217143968366
31961024,9.317000,0.000000,0.000000,1013.82,1014.07,1015.25,1016.06,0.01,0.01,1.0,1.0,1.0,1.0,1399.91,0.0,0.0,0.0,0.0,0.0,0.0,326.0675187100479,448.92876730658475,6.560338803115396,320.44966558360204,219.64488761893702,8.400424307211482,316.6467068195818,28.724889978143665,-4.140001843733043,1.4035652479944993,-1.6659997688714543
31961124,9.415000,0.000000,0.000000,1013.77,1014.14,1015.3,1015.99,0.01,0.01,1.0,1.0,1.0,1.0,1400.08,0.0,0.0,0.0,0.0,0.0,0.0,326.07806606429136,448.92159481520554,6.551887887315538,320.7007406624778,219.63961307089448,8.35287500819471,317.39124884530514,28.71842042901568,-4.46212658733429,1.3435054003260478,-1.6939260520192994
31961224,9.517000,0.000000,0.000000,1013.84,1014.19,1015.29,1016.14,0.01,0.01,1.0,1.0,1.0,1.0,1400.07,0.0,0.0,0.0,0.0,0.0,0.0,326.07525683528775,448.9272774301534,6.548847115721117,320.71210554491677,219.63874096403944,8.3716466709571,317.4750758451051,28.740420838247367,-4.444590215861103,1.3399270505130796,-1.7083926090042938
31961324,9.616000,0.000000,0.000000,1013.62,1014.07,1015.26,1016.1,0.0,0.01,1.0,1.0,1.0,1.0,1400.03,0.0,0.0,0.0,0.0,0.0,0.0,326.07532228807884,448.9241766350093,6.52727034398988,320.46672870604687,219.6448011091298,8.381475500820594,316.96755953310054,28.68114014402578,-4.063251336944408,1.4012802816161605,-1.752804864314641
31961424,9.715000,0.000000,0.000000,1013.69,1014.12,1015.25,1016.08,0.0,0.01,1.0,1.0,1.0,1.0,1399.79,0.0,0.0,0.0,0.0,0.0,0.0,326.07316759215627,448.91802278010977,6.572483506687292,320.2326653329148,219.62866601201188,8.507479002649918,316.3402807896378,28.726749574208757,-4.144068222755899,1.4591335084313122,-1.7501995951674951
31961524,9.817000,0.000000,0.000000,1013.91,1014.04,1015.3,1016.21,0.0,0.01,1.0,1.0,1.0,1.0,1400.15,0.0,0.0,0.0,0.0,0.0,0.0,326.07308815359687,448.9197786067629,6.550080076170724,320.21376368802504,219.63317728703217,8.549549043874414,316.012890578755,28.749229881296873,-3.9007979681708163,1.463851404141284,-1.6669710604453594
31961624,9.916000,0.000000,0.000000,1013.81,1014.09,1015.32,1016.15,0.0,0.02,1.0,1.0,1.0,1.0,1399.97,0.0,0.0,0.0,0.0,0.0,0.0,326.07871563736245,448.9191901949448,6.533946195554753,320.3236884856883,219.6399103279559,8.457558334751885,316.42686990963756,28.735697211177758,-4.177003765812959,1.437851445058472,-1.7063192913877416
31961725,10.015000,0.000000,0.000000,1013.79,1014.08,1015.3,1016.17,0.0,0.02,1.0,1.0,1.0,1.0,1400.03,0.0,0.0,0.0,0.0,0.0,0.0,326.071571539964,448.9201262605263,6.5416582703466375,320.5577929341691,219.65228585973193,8.368620359481584,317.05816493832936,28.67821229641027,-4.077833197787977,1.3776697047322612,-1.7055033250125526
31961824,10.118000,0.000000,0.000000,1013.75,1014.12,1015.29,1015.97,-0.0,0.02,1.0,1.0,1.0,1.0,1400.07,0.0,0.0,0.0,0.0,0.0,0.0,326.0799077959032,448.9217992585316,6.525465809165169,320.68643240214215,219.6366844335479,8.365094591997016,317.3965646123413,28.726079524906105,-4.503565349399236,1.3475205253852054,-1.7077890097914064
31961924,10.217000,0.000000,0.000000,1013.68,1014.05,1015.31,1016.16,-0.0,0.01,1.0,1.0,1.0,1.0,1399.98,0.0,0.0,0.0,0.0,0.0,0.0,326.0743498004561,448.9245542404871,6.54192156260631,320.5465085689755,219.65220003573785,8.359799720913243,317.1947188696127,28.66700902401583,-4.232492612366551,1.3811548438451313,-1.756872095366226
31962025,10.315000,0.000000,0.000000,1013.71,1014.08,1015.37,1016.19,-0.0,0.01,1.0,1.0,1.0,1.0,1399.91,0.0,0.0,0.0,0.0,0.0,0.0,326.076222066718,448.93242708199307,6.539528928340697,320.3451342039338,219.64025775443565,8.445222744582026,316.58231023527367,28.7302611808711,-4.203823397876913,1.4317924259983668,-1.734434861232208
31962124,10.416000,0.000000,0.000000,1013.81,1014.14,1015.26,1016.12,-0.0,0.01,1.0,1.0,1.0,1.0,1400.11,0.0,0.0,0.0,0.0,0.0,0.0,326.076506625633,448.9216358470715,6.52020518316907,320.2207166535863,219.64309471141033,8.531019994169997,316.23679485855274,28.72911293741516,-3.9730910558828967,1.463020163274774,-1.7305868637642852
31962225,10.517000,0.000000,0.000000,1013.81,1014.0,1015.26,1016.18,-0.0,0.01,1.0,1.0,1.0,1.0,1400.06,0.0,0.0,0.0,0.0,0.0,0.0,326.0692875227195,448.93028712246917,6.539856220908427,320.2905055601306,219.64048562160286,8.467098485891855,316.3725979630018,28.729595421225373,-4.049000344683647,1.4437176797202171,-1.71176610539672
31962325,10.617000,0.000000,0.000000,1013.82,1014.05,1015.27,1016.09,-0.0,0.01,1.0,1.0,1.0,1.0,1400.1,0.0,0.0,0.0,0.0,0.0,0.0,326.0831119309558,448.9265138172437,6.5329947515142965,320.45605210138,219.65233065075498,8.389468703357311,316.7983923096528,28.69660920143891,-4.015257024971522,1.405923962985698,-1.7145105790328898
31962425,10.715000,0.000000,0.000000,1013.85,1013.91,1015.24,1016.07,0.0,0.01,1.0,1.0,1.0,1.0,1400.03,0.0,0.0,0.0,0.0,0.0,0.0,326.0773815931871,448.9234980240806,6.541847789907106,320.5885719596666,219.6577199785516,8.387371806628554,317.2412592349972,28.670407848376396,-4.274586416682177,1.3714456910348343,-1.738807623629858
31962524,10.816000,0.000000,0.000000,1013.81,1013.96,1015.28,1016.17,0.0,0.01,1.0,1.0,1.0,1.0,1400.0,0.0,0.0,0.0,0.0,0.0,0.0,326.07366544009125,448.9230928930881,6.53653915160117,320.5524646000205,219.65928683875305,8.368160171945979,317.2693718887707,28.68982135197614,-4.315610079983695,1.3795477700079144,-1.77417982648673
31962624,10.915000,0.000000,0.000000,1013.75,1014.1,1015.25,1016.12,-0.0,0.01,1.0,1.0,1.0,1.0,1399.95,0.0,0.0,0.0,0.0,0.0,0.0,326.08048529401185,448.93702161505723,6.546283766653049,320.4420884863734,219.6459688225372,8.378347457163535,316.9063762863578,28.739593176249667,-4.158883035240054,1.4086517682500852,-1.7562691529987473
31962724,11.016000,0.000000,0.000000,1013.72,1014.07,1015.27,1016.26,-0.0,0.01,1.0,1.0,1.0,1.0,1400.13,0.0,0.0,0.0,0.0,0.0,0.0,326.0788712844501,448.9293055361535,6.536456209780895,320.2833126454576,219.6450842954598,8.44765582447621,316.43712564751473,28.75270306194933,-4.17594624840639,1.4479424522689495,-1.7416195142334034
31962825,11.117000,0.000000,0.000000,1013.7,1014.04,1015.22,1016.21,-0.0,0.01,1.0,1.0,1.0,1.0,1400.02,0.0,0.0,0.0,0.0,0.0,0.0,326.07677795083293,448.9259489582342,6.546493978839982,320.27780984261943,219.6411675855663,8.487086716695162,316.3553580003326,28.728972793,-3.9545689161115156,1.4487903615731634,-1.7205562754479642
31962930,11.217000,0.000000,0.000000,1013.8,1013.85,1015.28,1016.14,-0.0,0.01,1.0,1.0,1.0,1.0,1399.89,0.0,0.0,0.0,0.0,0.0,0.0,326.07242584882454,448.923936813172,6.543227356330134,320.38107403154123,219.64706862474904,8.421229810319181,316.56670661454007,28.74877076667314,-4.146498535841778,1.421964147320412,-1.6992450826544583
31963027,11.323000,0.000000,0.000000,1013.79,1014.05,1015.25,1016.12,-0.0,0.01,1.0,1.0,1.0,1.0,1400.04,0.0,0.0,0.0,0.0,0.0,0.0,326.0826475542631,448.92126665776925,6.535399098889845,320.51704877090214,219.6428631276135,8.360438923529308,316.92827290470166,28.6465327035882,-4.204385248070582,1.3905483634159632,-1.7046492536548277
31963127,11.421000,0.000000,0.000000,1013.73,1013.93,1015.2,1016.17,-0.0,0.01,1.0,1.0,1.0,1.0,1400.12,0.0,0.0,0.0,0.0,0.0,0.0,326.0808154833748,448.92610528958727,6.546420561482935,320.56530909967637,219.6490279704095,8.355635109657134,317.20207697547147,28.67505577532579,-4.217875554279402,1.378045741568186,-1.7471629565822957
31963227,11.521000,0.000000,0.000000,1013.76,1013.96,1015.25,1016.12,-0.0,0.01,1.0,1.0,1.0,1.0,1400.01,0.0,0.0,0.0,0.0,0.0,0.0,326.07591945181923,448.93330668263553,6.551067956246424,320.47246052171056,219.64663748358868,8.37358092127003,316.94880502527,28.64420056209612,-4.244319229537372,1.3999534075839795,-1.7430214019425478
31963328,11.621000,0.000000,0.000000,1013.82,1014.04,1015.31,1016.26,-0.0,0.01,1.0,1.0,1.0,1.0,1400.07,0.0,0.0,0.0,0.0,0.0,0.0,326.07834931604776,448.9289637237366,6.54086286072137,320.35178937334507,219.63967621604726,8.411674401984055,316.5585968667152,28.73992308825361,-4.187405536918432,1.430679663981625,-1.7230376584053568
31963427,11.722000,0.000000,0.000000,1013.76,1014.0,1015.3,1016.07,-0.0,0.01,1.0,1.0,1.0,1.0,1399.99,0.0,0.0,0.0,0.0,0.0,0.0,326.0861214027775,448.92867516984757,6.551715323569388,320.3084255018308,219.63229139685006,8.470068602790802,316.399756891751,28.730307886255467,-4.200289447814307,1.4434050442693391,-1.7138577483171489
31963527,11.821000,0.000000,0.000000,1013.84,1013.92,1015.14,1016.1,-0.0,0.01,1.0,1.0,1.0,1.0,1400.01,0.0,0.0,0.0,0.0,0.0,0.0,326.0691622522822,448.92024662507947,6.560406142433996,320.3507410031156,219.64244818262011,8.45942095950265,316.47242318648375,28.74247038025571,-4.131694863512892,1.4287187582616967,-1.6935784060385048
31963627,11.921000,0.000000,0.000000,1013.68,1013.94,1015.3,1016.26,0.0,0.01,1.0,1.0,1.0,1.0,1400.06,0.0,0.0,0.0,0.0,0.0,0.0,326.08056721634597,448.926115241296,6.553268553500448,320.4455628330755,219.65116222258706,8.393121602941411,316.9033202600013,28.807191340090316,-4.090348466706325,1.4079033901577058,-1.7524656294162932
31963727,12.020000,0.000000,0.000000,1013.78,1013.89,1015.26,1016.14,0.0,0.01,1.0,1.0,1.0,1.0,1400.01,0.0,0.0,0.0,0.0,0.0,0.0,326.0712586035325,448.93131390087757,6.533941180826827,320.5477647412523,219.65279643737597,8.356327575579517,316.98901009550804,28.647655891200223,-4.245560927377861,1.3800319718155925,-1.692668418853107
31963827,12.119000,0.000000,0.000000,1013.76,1014.0,1015.31,1016.05,-0.0,0.01,1.0,1.0,1.0,1.0,1400.01,0.0,0.0,0.0,0.0,0.0,0.0,326.077662378441,448.9229101032368,6.538235732426731,320.50628775612006,219.6429029956821,8.355715462076581,317.1104027745182,28.656878541594654,-4.174908502818526,1.3919811404747746,-1.7653046240454155
31963928,12.219000,0.000000,0.000000,1013.73,1013.9,1015.3,1016.2,-0.0,0.01,1.0,1.0,1.0,1.0,1400.09,0.0,0.0,0.0,0.0,0.0,0.0,326.0741687981087,448.9227344116925,6.533098555038498,320.42473419513976,219.64535128238387,8.4023115530875,316.7927662977613,28.674504595894806,-4.096285999989051,1.411492363038384,-1.7334396393285005
31964028,12.320000,0.000000,0.000000,1013.87,1013.92,1015.29,1016.11,0.0,0.01,1.0,1.0,1.0,1.0,1399.94,0.0,0.0,0.0,0.0,0.0,0.0,326.0699033666206,448.9345807213059,6.541566185386606,320.3300258886487,219.6455141061736,8.44713927232485,316.48943358295855,28.740455197653027,-4.2589738651941635,1.4340068077679804,-1.7155032956636511
31964128,12.420000,0.000000,0.000000,1013.73,1014.07,1015.15,1016.04,-0.0,0.01,1.0,1.0,1.0,1.0,1400.03,0.0,0.0,0.0,0.0,0.0,0.0,326.065895879615,448.93040365850743,6.519140131588501,320.32190152135644,219.64161681848864,8.446046554407701,316.471201823923,28.74894542822901,-4.111062505325374,1.435036657800871,-1.7144557583381013
31964229,12.520000,0.000000,0.000000,1013.8,1014.04,1015.23,1016.05,-0.0,0.01,1.0,1.0,1.0,1.0,1400.09,0.0,0.0,0.0,0.0,0.0,0.0,326.0780700113013,448.91696272257246,6.544986474548571,320.40799019043243,219.6453712222663,8.406654421999619,316.64764282064004,28.748130629935517,-4.097282157648062,1.4166841749800827,-1.7048859639283387
31964328,12.621000,0.000000,0.000000,1013.8,1013.99,1015.23,1016.1,-0.0,0.01,1.0,1.0,1.0,1.0,1399.96,0.0,0.0,0.0,0.0,0.0,0.0,326.0815648417219,448.936722896951,6.550180855583321,320.49146417106846,219.6475230910603,8.370746871061213,316.9101610939209,28.668601412074317,-4.039496673891745,1.3966019306523116,-1.7188994165677416
31964428,12.720000,0.000000,0.000000,1013.78,1014.04,1015.18,1016.12,-0.0,0.01,1.0,1.0,1.0,1.0,1400.05,0.0,0.0,0.0,0.0,0.0,0.0,326.07778309727723,448.9246363231378,6.542250227130133,320.5220697755113,219.6458220340291,8.371534463965409,317.01224216280224,28.647033356601685,-4.248140976590084,1.3880769914825366,-1.723395066965939
31964528,12.820000,0.000000,0.000000,1013.75,1014.02,1015.2,1016.11,-0.0,0.01,1.0,1.0,1.0,1.0,1400.08,0.0,0.0,0.0,0.0,0.0,0.0,326.074539954337,448.93104576626257,6.5429891630422095,320.45497456936664,219.64911059520418,8.380505083374631,316.869227906453,28.68682091908914,-4.031545221409126,1.4040047700675609,-1.7322787785462401
31964629,12.921000,-0.241185,0.302961,1013.8,1014.01,1015.21,1016.04,-0.0,0.01,1.0,1.0,1.0,1.0,1400.1,0.048040720460430696,-0.06043855188346135,0.0009814476485354468,-0.0007678904841197249,0.06048345823116625,-0.003342937359271521,326.07657721015704,448.92752613794676,6.54888036035791,320.37300976710674,219.64595401489854,8.422923893791355,316.6203577629355,28.73407474219626,-4.1435714315181045,1.4249856976461899,-1.7238841276455763
31964728,13.021000,-0.241185,0.302961,1013.82,1013.99,1015.28,1016.07,0.0,0.01,1.0,1.0,1.0,1.0,1400.06,0.048040720460430696,-0.06043855188346135,0.0009814476485354468,-0.0007678904841197249,0.06048345823116625,-0.003342937359271521,326.07489769561965,448.9335435924578,6.550936694904666,320.33434511333013,219.64666034748257,8.440351709107683,316.4852981944583,28.746365474131043,-4.15900135277926,1.434189051338777,-1.7133025360898813
31964829,13.121000,-0.247097,0.300176,1013.83,1013.97,1015.14,1016.06,0.0,0.01,1.0,1.0,1.0,1.0,1399.99,0.04885316494938833,-0.06028475592161072,0.002831489544973238,0.0012472809065049023,0.026562606268068032,0.00702675109841546,326.0743075812302,448.92900615606834,6.547717337397116,320.3745666925334,219.6471372040297,8.4337783148499,316.57806636506035,28.739869539815167,-4.134466992948237,1.424028218003954,-1.7087871985068512
31964928,13.221000,-0.248608,0.300251,1013.74,1014.05,1015.33,1016.05,0.0,0.01,1.0,1.0,1.0,1.0,1400.11,0.049015959835395286,-0.060239384369603695,0.0035277596109786857,0.0009459005551094255,-0.006254883389589556,0.01807713463526093,326.07773454548106,448.91951880694387,6.520643758879521,320.45778895036466,219.64504562909784,8.404340530686916,316.78901593520965,28.716910181535628,-4.08917177433875,1.40414540428915,-1.70746120401403
31965029,13.320000,-0.246424,0.300614,1013.73,1014.04,1015.22,1016.13,0.0,0.01,1.0,1.0,1.0,1.0,1400.16,0.049101852718217126,-0.060208226723854306,0.000914378670338661,0.00042704078474865127,0.007272225507635869,0.0063468039066029045,326.0660315157405,448.92243510370906,6.541199424545756,320.4913112018418,219.6495181959033,8.37239038683097,317.01488707146416,28.669736983203443,-4.133023916600887,1.3928597717346711,-1.7428738900406382
31965130,13.425000,-0.246135,0.300798,1013.84,1013.93,1015.32,1016.04,0.0,0.01,1.0,1.0,1.0,1.0,1400.01,0.049144262781426314,-0.060189497844692186,0.00041416909251601263,0.00014970286413378505,-0.0016518790787567218,-0.001656697089260476,326.07905152481896,448.92473360807907,6.5169751199072605,320.4890536082186,219.65425854263282,8.396399895947258,316.893044445466,28.67381184972777,-4.07354764401682,1.396690283827148,-1.7146743043048434
31965230,13.524000,-0.246101,0.300872,1013.84,1014.07,1015.33,1016.03,0.0,0.01,1.0,1.0,1.0,1.0,1400.04,0.049172679785807465,-0.06018270409905025,0.00023758416140467995,4.1319872175925423e-05,-0.00109233636166973,-0.0005079852148641146,326.0749668798975,448.9202667940925,6.558216405357903,320.39773354731074,219.65286187886448,8.409537010667293,316.8087027695193,28.75587906797636,-3.9618121448458465,1.418496660405049,-1.7599092870115063
31965330,13.623000,-0.246205,0.301069,1013.8,1014.06,1015.25,1016.03,0.0,0.02,1.0,1.0,1.0,1.0,1400.07,0.0491954621122343,-0.06018861511256009,0.00022816067196634526,-0.00012601041620730364,1.3402059749779512e-05,-0.0017059874640805686,326.0781116951277,448.934196072776,6.558912637603733,320.36769243084603,219.64515129547019,8.418273659157421,316.52538002719626,28.748601080586404,-4.184941425156784,1.4266503796501746,-1.700223021250282
31965430,13.722000,-0.246369,0.301108,1013.78,1014.1,1015.24,1016.07,0.0,0.02,1.0,1.0,1.0,1.0,1399.98,0.04922038170213169,-0.06020172488574466,0.0002674387586262912,-9.915068470239805e-05,0.0008012102407877007,0.0007470478268850672,326.095657265895,448.9420768083696,6.57725498348546,320.36209724889324,219.64738183274136,8.410463133399572,316.5995481199183,28.7468954961078,-4.165362869719367,1.4323940135475794,-1.7356642559348916
31965530,13.822000,-0.246582,0.301152,1013.93,1014.05,1015.28,1016.12,0.0,0.02,1.0,1.0,1.0,1.0,1400.05,0.049251149513612265,-0.060211337762929626,0.00032621519709543,-9.567648018154558e-05,0.00041099208620628777,0.00021970289510632733,326.07251233132274,448.92221343875684,6.512939468584187,320.44257786699666,219.65118271702326,8.381028117860788,316.8339840705412,28.762611282222277,-3.8941268327100054,1.4083761641068766,-1.6815830151426203
31965630,13.925000,-0.246658,0.301030,1013.75,1014.01,1015.3,1016.04,0.0,0.02,1.0,1.0,1.0,1.0,1400.11,0.049280322977957126,-0.060212161987031165,0.0002564491770271205,3.0549977093974295e-05,-0.0003390376600520583,0.00033411390341144963,326.07656268131524,448.92796662109873,6.53257883572781,320.4540839133126,219.65223893520417,8.380599736703546,316.90319834678655,28.684348916291572,-4.0544653672285405,1.4047703815572412,-1.7442972074904195
31965731,14.022000,-0.246687,0.301048,1013.83,1014.01,1015.29,1016.09,0.0,0.02,1.0,1.0,1.0,1.0,1400.1,0.049301584297749085,-0.060211153109767844,0.00017891026291578033,8.043865445782192e-06,-0.0007153124885291113,0.00035441511906491305,326.07505599100347,448.9337412626928,6.557134406843215,320.4895540142252,219.662962097928,8.380515979169383,316.9270571295046,28.666762871678493,-4.074167164694227,1.39556554380184,-1.7225086650720842
31965830,14.124000,-0.246614,0.301027,1013.92,1014.05,1015.37,1016.13,0.0,0.01,1.0,1.0,1.0,1.0,1400.13,0.04931088587833051,-0.06020879699451552,5.931889966069181e-05,1.658629202967046e-05,-0.0008339998014482056,-0.00044159755221744685,326.0761596374195,448.92056355497624,6.521122749861859,320.4401350495504,219.64184762146868,8.385107608620814,316.9167207580949,28.77074582554411,-4.132804592281666,1.4084440943662337,-1.7593480962992885
31965931,14.222000,-0.246597,0.301143,1013.81,1014.1,1015.19,1016.13,0.0,0.01,1.0,1.0,1.0,1.0,1400.02,0.04931406263887131,-0.06021381363218182,2.6729074218939975e-05,-7.361499309683336e-05,1.4147463932183833e-06,2.7284023451242425e-05,326.07744913824394,448.93214636180676,6.550605202951895,320.36041803681303,219.6496670155418,8.41887238921057,316.5984249713628,28.769320133234427,-4.126318748372339,1.428342431993238,-1.7276088382972168
31966035,14.322000,-0.246672,0.301125,1013.9,1014.15,1015.33,1016.14,0.01,0.01,1.0,1.0,1.0,1.0,1400.18,0.049319344016897394,-0.060218205707141856,7.56507276376633e-05,-3.4045094685239904e-05,0.0007302354129344153,4.138081571375863e-05,326.07101844166755,448.9386031096848,6.541265949055242,320.3925950228029,219.6389131798585,8.430707756437945,316.5745519760585,28.744606903144643,-4.161711576222566,1.4185942081178353,-1.6913784979346522
31966131,14.429000,-0.246796,0.301091,1013.85,1014.02,1015.31,1016.16,0.01,0.01,1.0,1.0,1.0,1.0,1399.98,0.04933118963311504,-0.06022035562672445,0.0001396620461868394,1.0645643176300516e-05,0.00033365966349751353,0.0014631359278270873,326.07836264052804,448.9290718013415,6.535264672190061,320.3905956613204,219.65214672546193,8.420925925437261,316.6292666522761,28.759205751501838,-4.131254220043837,1.4210685031275045,-1.713334688262267
31966231,14.524000,-0.246870,0.300941,1013.92,1014.11,1015.22,1016.08,0.0,0.0,1.0,1.0,1.0,1.0,1400.04,0.04934524853856427,-0.06021105620507018,0.0001435515669057702,0.00011443523924576212,4.6196113295756745e-05,0.00015766196990428503,326.0800840557472,448.92756869666357,6.535340307668963,320.4582906682769,219.65329255124414,8.402536759951948,316.85292051368936,28.76641655521967,-3.8813856755793257,1.4046080975455297,-1.7271725310914436
31966331,14.623000,-0.246870,0.300932,1013.79,1014.13,1015.26,1016.11,0.0,-0.0,1.0,1.0,1.0,1.0,1400.07,0.04935656973104488,-0.06020172819554842,8.716038057727825e-05,7.667580141998895e-05,-0.0007225864231037629,-0.0005619063614427154,326.0814454532427,448.9330336100057,6.551841068378183,320.48038129306116,219.65425845903064,8.370896234139819,316.9439231900402,28.67144717571444,-4.039771819002768,1.399403503049358,-1.7379734776438491
31966431,14.723000,-0.246798,0.301040,1013.84,1014.14,1015.21,1016.13,0.0,-0.01,1.0,1.0,1.0,1.0,1399.97,0.04935979166767807,-0.06020151792382254,-8.819452628298069e-07,-3.2462152946416506e-05,-0.0008008557338751962,-0.0006456223190934941,326.062899711867,448.93058350095873,6.533589521353988,320.470829852848,219.65074453628753,8.375459025621087,316.89586688596154,28.687449959484304,-4.039804742905977,1.3971507243086376,-1.7218107018417783
31966531,14.823000,-0.246661,0.301036,1013.83,1014.03,1015.12,1015.87,0.0,-0.01,1.0,1.0,1.0,1.0,1399.97,0.04935346307844573,-0.06020388094192611,-0.00010639843470986372,-1.684373820698862e-05,-0.001552113245348715,8.958021720588081e-05,326.07383930217117,448.93586978110125,6.558195504920383,320.40832256365957,219.67143195856886,8.397768487339544,316.72186077118556,28.71894641374961,-4.106312806813157,1.4155886919488712,-1.7251825269331826
31966631,14.923000,-0.246607,0.301091,1013.83,1014.12,1015.17,1016.09,0.0,-0.02,1.0,1.0,1.0,1.0,1399.91,0.04934254996638523,-0.0602081848711117,-0.0001054545662068989,-5.022678896113637e-05,0.0002706514432759915,0.000269357236757876,326.0746240498161,448.9375805782693,6.547238185344235,320.35729173291276,219.6534552592043,8.42224434359906,316.58916142364285,28.75235181725652,-4.156146890448136,1.4301636884854483,-1.7224927471018683
31966731,15.023000,-0.246673,0.301074,1013.84,1014.08,1015.33,1016.08,0.0,-0.03,1.0,1.0,1.0,1.0,1399.98,0.04933760414802238,-0.06021067381963058,-1.4534557064231026e-05,-2.0446268517889148e-05,0.0008927068578749296,2.5594037168879447e-05,326.07201624038515,448.9275835213079,6.543860257430478,320.41389108365877,219.66201037177282,8.406161457434763,316.6398671994499,28.75998647717122,-4.136517132509968,1.4137355798063709,-1.6949138820099154
31966832,15.126000,-0.246729,0.300971,1013.83,1014.09,1015.13,1016.14,0.0,-0.03,1.0,1.0,1.0,1.0,1400.12,0.049339633635731676,-0.060208283358540594,3.0504862094208288e-05,7.090712800488915e-05,5.84752139903491e-05,0.0014073831027431219,326.06935718128364,448.9253206457159,6.529977908700505,320.41167579045276,219.65904263397343,8.366318057347405,316.85838991434827,28.74048190121651,-3.907843696360843,1.4136204014117288,-1.7610019767061376
31966931,15.223000,-0.246739,0.301010,1013.8,1014.02,1015.32,1016.06,0.0,-0.04,1.0,1.0,1.0,1.0,1400.11,0.04934242460256265,-0.06020270170696078,2.6763472923671667e-05,3.374971581472975e-06,-3.238386840295119e-05,-0.0017938933478316597,326.0796593998728,448.92857939616715,6.536767321076249,320.5003423439886,219.64470095104056,8.376930056469606,316.93248164364286,28.77697201805322,-4.09354762292473,1.3939412098037682,-1.716986065789186
31967031,15.324000,-0.246674,0.300991,1013.79,1014.11,1015.21,1016.15,-0.0,-0.04,1.0,1.0,1.0,1.0,1400.06,0.04934195295216592,-0.06020293748149516,-3.5585958481488655e-05,2.364004075859858e-05,-0.000931892526349879,0.000576754028925438,326.07181368652465,448.9248482690601,6.532241803912388,320.48689717606413,219.6555624942555,8.395563269856854,316.88496460102255,28.688650415614028,-4.044131522888439,1.3954284057018569,-1.7102975440684454
31967131,15.423000,-0.246615,0.301049,1013.82,1013.94,1015.18,1016.2,-0.0,-0.04,1.0,1.0,1.0,1.0,1400.09,0.04933683087032144,-0.06020425491974315,-6.942218557706333e-05,-2.8120339522011714e-05,-0.0004376050703593777,-0.0001603056931854356,326.0706268996499,448.934296684917,6.5425969699379625,320.40212002145404,219.6485558233045,8.368564497309652,316.862716222172,28.682385198115465,-4.040716375088776,1.4162039666625266,-1.7705984886272532
31967233,15.526000,-0.246477,0.300976,1013.82,1014.04,1015.26,1016.16,-0.0,-0.04,1.0,1.0,1.0,1.0,1399.9,0.04932363967564533,-0.06020093159093619,-0.00014107345163030333,2.887205743284618e-05,0.00017616447737117978,-0.0013993367316759966,326.0768488287392,448.93593960919003,6.538512148384931,320.4385267201955,219.6423072753948,8.39798726275049,316.6235678654836,28.737742592788447,-4.103709420195199,1.4086172728840263,-1.672411464211565
31967333,15.627000,-0.246453,0.301148,1013.85,1014.05,1015.24,1016.16,-0.0,-0.04,1.0,1.0,1.0,1.0,1400.07,0.049311665648230266,-0.06021053378365863,-0.00010556316358844541,-9.567709405614806e-05,0.00030637522638270225,0.0017496666071322156,326.0850007808661,448.9262776966874,6.530569258145826,320.3341707390211,219.64698683372836,8.430992855338328,316.596073519563,28.744209975347054,-4.208450454468255,1.4368031987068444,-1.751832107330443
31967432,15.729000,-0.246495,0.301087,1013.81,1014.1,1015.3,1016.16,-0.0,-0.04,1.0,1.0,1.0,1.0,1399.98,0.049304619809543246,-0.060212373292425445,-2.829279853644733e-05,-2.527551748266755e-05,0.0012514232536316673,-0.0008835622804093866,326.0753232423438,448.9398453962542,6.547864463840014,320.40308091244407,219.64582711059242,8.417344079041714,316.56847133291427,28.75432493878346,-4.1505188867864495,1.4170857038421105,-1.6833742411431691
31967532,15.828000,-0.246564,0.301034,1013.82,1014.04,1015.33,1016.16,-0.0,-0.04,1.0,1.0,1.0,1.0,1399.88,0.04930645819589372,-0.06021363478135806,3.130032469986395e-05,3.4495271282519094e-05,0.00020877305997493717,0.0015032904511457475,326.07334629209254,448.93284331025365,6.5438833716771265,320.4157729435967,219.64735717235178,8.386490092168032,316.9089869643073,28.77097968546315,-4.153111946798725,1.4134750429495433,-1.7744288811519882
31967633,15.924000,-0.246584,0.301033,1013.74,1014.08,1015.29,1016.17,-0.0,-0.04,1.0,1.0,1.0,1.0,1400.04,0.04930990320039466,-0.06020872119101413,3.459272510132855e-05,1.0301432391897019e-05,-3.385588252879663e-05,-0.001977803380531559,326.08136723020806,448.9373027616923,6.5370057246715065,320.49351339211415,219.64763630034471,8.387592127743307,316.90309016782,28.746320458328064,-4.149866892252303,1.3960379756477783,-1.714598587739095
31967732,16.026000,-0.246525,0.301067,1013.78,1014.1,1015.32,1016.25,-0.0,-0.04,1.0,1.0,1.0,1.0,1400.21,0.04931020450096683,-0.06021151262042566,-2.6200005642631517e-05,-9.366212831077193e-06,-0.0008079338965375933,0.000600058401478724,326.0788922479067,448.92953978246936,6.527896148715401,320.45428504941276,219.6571367137864,8.384243973535394,316.8906489459744,28.68871972893314,-4.045227311331549,1.4053223241908257,-1.7415798465857366
31967832,16.126000,-0.246467,0.301190,1013.71,1014.14,1015.25,1016.12,-0.0,-0.04,1.0,1.0,1.0,1.0,1400.02,0.04930502627073739,-0.0602174457653783,-5.84576565751522e-05,-0.0001030377171400287,-0.0001444551096451034,-0.0008284524608913582,326.07520274285355,448.92253493051044,6.542755215205607,320.4095639101901,219.64690680774459,8.388922222280279,316.7622986903992,28.734203201064744,-4.004269281203903,1.415550121749334,-1.736634123277397
31967933,16.225000,-0.246395,0.301201,1013.68,1014.06,1015.37,1016.24,-0.0,-0.04,1.0,1.0,1.0,1.0,1400.03,0.04929673661822245,-0.06022595849483918,-8.913669589983782e-05,-7.094268084997847e-05,2.2738782661787286e-05,-0.00012281458779641008,326.07362087732366,448.92771008176936,6.549037452985365,320.40176425052084,219.65063402366437,8.431032299354959,316.6217263654314,28.750884008676536,-4.154429280842474,1.4170940481334675,-1.6998130234060858
31968033,16.325000,-0.246416,0.301288,1013.76,1014.05,1015.3,1016.11,-0.0,-0.03,1.0,1.0,1.0,1.0,1400.02,0.049290995850719,-0.06023666927888791,-3.927761314790464e-05,-0.00010428712431346635,0.00043054259747444813,0.0009286139433955336,326.0780817074782,448.92525428064783,6.5326172432954595,320.3743581669566,219.6448573156312,8.418679171242479,316.66064982222935,28.75048856300697,-4.100540826782028,1.4250319819694057,-1.7355576612242727
31968134,16.425000,-0.246449,0.301213,1013.75,1014.11,1015.37,1016.14,-0.0,-0.03,1.0,1.0,1.0,1.0,1400.12,0.049289929127703996,-0.0602392374921454,-3.407570342919721e-07,-1.671461862626978e-05,0.0003831260631253624,0.00014167721409882167,326.0727168772045,448.9307644959545,6.531624269482909,320.4338892367712,219.6475161536676,8.410507482832342,316.6959631113987,28.71372171740853,-4.087603438526498,1.408807293365345,-1.6960738071466606
31968233,16.527000,-0.246486,0.301186,1013.75,1014.14,1015.38,1016.17,-0.0,-0.03,1.0,1.0,1.0,1.0,1399.94,0.04929204663689676,-0.06023992771534847,2.6258867843439427e-05,1.3633559226502535e-05,2.402650892216231e-05,0.000705590639198446,326.0796085862458,448.9305355085076,6.547985651934104,320.44296584417907,219.6491056241423,8.394458408713707,316.93771544903854,28.734412134079395,-4.178953759576357,1.4082728018070088,-1.7646962809678302
31968333,16.624000,-0.246479,0.301325,1013.8,1014.1,1015.2,1016.2,-0.0,-0.02,1.0,1.0,1.0,1.0,1400.07,0.04929389217780169,-0.06024391934577185,9.85095730217218e-06,-0.00010558352043076434,-0.0003308464330944949,-0.002033419008308093,326.07538436608706,448.9310627773881,6.5493502003280035,320.46945408916275,219.64735129559662,8.386746785425322,316.911647183537,28.771772096159474,-4.105745646118124,1.4005886563849783,-1.7333418232268893
31968433,16.725000,-0.246413,0.301490,1013.83,1014.08,1015.29,1016.11,-0.01,-0.02,1.0,1.0,1.0,1.0,1400.11,0.04929154710762032,-0.06026061077257405,-4.4442173734018036e-05,-0.00018662783722029773,-0.0005573744371580992,-0.00046880025461265915,326.0770942960421,448.92772770557116,6.533773501034136,320.4258068110857,219.64511184409537,8.389020968074348,316.87301452055397,28.75991948217915,-3.903202171051244,1.4119229011738224,-1.7575687340740214
31968534,16.827000,-0.246366,0.301681,1013.77,1014.05,1015.26,1016.13,-0.01,-0.02,1.0,1.0,1.0,1.0,1400.09,0.04928557741267545,-0.06028370617043501,-6.226001462316184e-05,-0.0002627519872857886,2.4049909575385184e-05,-0.0010223272976038183,326.0760451214151,448.9225860492463,6.536348859692311,320.4106980824158,219.64861694157864,8.40130557968679,316.66631251367613,28.735995811461844,-4.117484531190948,1.4154874854209702,-1.707372004728019
31968633,16.928000,-0.246375,0.301748,1013.78,1014.07,1015.23,1016.04,-0.0,-0.02,1.0,1.0,1.0,1.0,1399.85,0.04928122205182003,-0.06030810723110868,-3.160969430501441e-05,-0.0002072125970725301,0.0003702821716725953,0.0012625413216867966,326.0798285152237,448.9278852698789,6.556274998574169,320.3881139807274,219.64267353196763,8.418230031090445,316.6643321896024,28.729017577916398,-4.171686049173698,1.4220030072641363,-1.726590245910125
31968734,17.025000,-0.246459,0.301768,1013.76,1014.03,1015.23,1016.05,-0.0,-0.02,1.0,1.0,1.0,1.0,1400.11,0.049283532337024184,-0.06033151417687127,4.0842275221058386e-05,-0.00011067018840274632,0.00019971766581669483,0.0012990931048009347,326.07417423848625,448.9331295732942,6.530549636865221,320.4070928792331,219.64763640666754,8.395080610934052,316.6855257458865,28.732319876253573,-4.067782733967708,1.4158494928727767,-1.714957324383813
31968834,17.126000,-0.246483,0.301760,1013.81,1014.11,1015.2,1016.12,-0.0,-0.03,1.0,1.0,1.0,1.0,1400.07,0.04928797787682513,-0.06033816230140363,4.337141646570086e-05,-6.91041158442744e-05,-6.878289428710542e-05,-0.00034190467534542344,326.073388335329,448.9338162439883,6.532280977633596,320.44297887418367,219.6494724149479,8.391152573112238,316.8145064505934,28.75880395724532,-3.959234910072214,1.4066982189607848,-1.7244426151035857
31968934,17.226000,-0.246468,0.301790,1013.82,1014.06,1015.39,1016.11,-0.0,-0.03,1.0,1.0,1.0,1.0,1399.97,0.04928980212154273,-0.060341714901877785,3.2100635182604154e-05,-6.697605441119359e-05,-0.0002735891841863372,0.00018443653471027268,326.0769143300785,448.9307221780164,6.542738030625134,320.4501500612178,219.64867198291333,8.384199097966132,316.92216166334856,28.752255798067306,-4.158619915607347,1.405801929039094,-1.7528315648114097
31969034,17.327000,-0.246442,0.301888,1013.8,1014.09,1015.37,1016.04,-0.0,-0.03,1.0,1.0,1.0,1.0,1400.1,0.04929077304795783,-0.060349965332762365,-3.902864210002331e-06,-0.00011777119572775167,-0.00035417018816322004,-0.0012602269270699286,326.07334664907904,448.92788385369846,6.5362721581869145,320.4501299214716,219.6393119439282,8.379408793336673,316.88781991944774,28.799300579534016,-4.096223483467736,1.4048760152680217,-1.7403660775389853
31969134,17.428000,-0.246423,0.301952,1013.75,1014.03,1015.19,1016.03,-0.0,-0.03,1.0,1.0,1.0,1.0,1400.09,0.04928926122579,-0.060361865495333025,-2.3496436047012168e-05,-0.0001430276026179137,-0.00022999856614219175,-0.00032437620266368073,326.0723823981241,448.9364022334464,6.536439388167618,320.4075357955423,219.64038518950343,8.393402883908445,316.7664685638099,28.6877201017126,-4.06781745416679,1.4152264635039487,-1.7380748379773514
31969234,17.525000,-0.246408,0.302099,1013.76,1014.12,1015.36,1016.01,-0.0,-0.03,1.0,1.0,1.0,1.0,1400.13,0.04928626211351481,-0.06038086520413686,-2.293150707178578e-05,-0.0001946065327039501,0.0002117943525564305,-0.00018371207480750111,326.07454887506367,448.93330264945484,6.533140753451503,320.3996200822819,219.64177122646203,8.410616953242823,316.64084626681563,28.72970915566837,-4.131493681632641,1.4177719544880711,-1.707621176030415
31969334,17.624000,-0.246436,0.302068,1013.79,1014.16,1015.36,1016.13,-0.0,-0.03,1.0,1.0,1.0,1.0,1400.13,0.049285740598442304,-0.06039512216818473,6.830892634565562e-06,-9.239416002971812e-05,0.00032810219771187783,0.0014699174383915711,326.07350755776326,448.9202433885082,6.550159441059417,320.4160287154996,219.6438512630216,8.409249211708188,316.66583690577744,28.735200612037676,-4.150042301574791,1.4135074816635307,-1.7016467284551828
31969435,17.725000,-0.246470,0.301959,1013.81,1014.17,1015.32,1016.06,-0.0,-0.03,1.0,1.0,1.0,1.0,1400.05,0.04928818878963838,-0.06039737045865231,2.9129275153974778e-05,2.7600077618045763e-05,1.406344414154399e-05,0.0015586700089017264,326.0704781487797,448.9345739902235,6.548682888208576,320.4333847718214,219.65477863432497,8.394670684588116,316.7892756612622,28.756298667064918,-3.9580703076742085,1.4083953804920601,-1.7231900342757716
31969534,17.828000,-0.246475,0.301861,1013.78,1014.13,1015.38,1016.0,-0.0,-0.03,1.0,1.0,1.0,1.0,1400.18,0.049290897568658225,-0.060389712320767654,2.02416179833396e-05,8.740804852378894e-05,-0.00024107769632711866,0.00020996537944433156,326.07983107837845,448.92980016097385,6.548800820941073,320.4450014208688,219.6515349769484,8.398502162197936,316.87122434791286,28.75682241040066,-3.887071850746932,1.4078394227451092,-1.743158692564105
31969634,17.927000,-0.246450,0.301866,1013.72,1014.13,1015.38,1016.14,-0.0,-0.03,1.0,1.0,1.0,1.0,1400.21,0.04929125968001711,-0.06038249916241502,-5.921186218952304e-06,4.673041731535453e-05,-0.0002365794152740871,-0.0008280561363547314,326.07373270111833,448.92906888998647,6.537590230271535,320.4366446561421,219.64874963175836,8.396239385347295,316.884339441041,28.772228708947058,-4.192550634559006,1.4083908319989744,-1.7506023221542473
31969734,18.027000,-0.246392,0.302005,1013.71,1014.09,1015.36,1016.2,-0.0,-0.03,1.0,1.0,1.0,1.0,1399.97,0.04928696936236921,-0.060386248012632864,-4.2739983480950485e-05,-7.33374019964096e-05,-0.00017523548447299342,-0.0009907712746904378,326.07645225369987,448.9301542664902,6.539655656643455,320.42327841170936,219.641821439289,8.390455569595174,316.7776034881898,28.757972740938154,-3.9694572424553796,1.4123587978000907,-1.730563240830684
31969835,18.126000,-0.246376,0.302011,1013.8,1014.02,1015.3,1016.11,-0.0,-0.03,1.0,1.0,1.0,1.0,1400.15,0.04928271745694161,-0.06039310034690708,-3.731115683545821e-05,-4.5920649748405145e-05,5.78441260851623e-05,0.00014889068903556048,326.0767811356236,448.9341940756957,6.519380563327039,320.3963867040672,219.64732039223622,8.3981315983726,316.6969909814624,28.710928948767197,-4.096948682859774,1.4191656978139473,-1.7283636026373745
31969936,18.227000,-0.246385,0.301993,1013.81,1014.06,1015.29,1016.2,-0.0,-0.04,1.0,1.0,1.0,1.0,1400.12,0.049281376250122674,-0.060394404159832646,-2.1991360021093656e-05,-2.0746504196896613e-05,0.00038004577888268255,0.0004198558479047142,326.07436608548966,448.9271413968577,6.54386918127804,320.4153494019144,219.64371244061124,8.399558127595968,316.6405170248729,28.733948721540735,-4.1327244330235455,1.4138481761991915,-1.6949424289299653
31970035,18.328000,-0.246412,0.301856,1013.83,1014.11,1015.33,1016.14,-0.0,-0.04,1.0,1.0,1.0,1.0,1400.05,0.04928189044092626,-0.060383003846892803,1.3649207656050642e-05,0.00015094754199220339,0.0001006458033233499,0.0017290900295428644,326.0760854129186,448.9259751407948,6.530983090408097,320.41322796898584,219.65529744181117,8.384037763365262,316.7656021320998,28.75121087762493,-3.926696804728794,1.4148860163076407,-1.7351483303053203
31970136,18.431000,-0.246437,0.301735,1013.96,1014.15,1015.37,1016.03,-0.0,-0.04,1.0,1.0,1.0,1.0,1400.14,0.04928285512578148,-0.060376024167353846,2.2729177081423593e-05,0.0001455289713990931,0.0002189833712805406,2.3952970454308576e-06,326.07272353126626,448.93648710554834,6.559389950721246,320.44671771250364,219.64949454592644,8.391117692512122,316.8024398127119,28.74894779468519,-3.9340871264514092,1.405582226056683,-1.7175249214291304
31970236,18.527000,-0.246408,0.301686,1013.91,1014.07,1015.22,1016.04,-0.0,-0.04,1.0,1.0,1.0,1.0,1400.04,0.04928395317359349,-0.060358601438247415,-1.2013387340650038e-05,0.00010664601225235199,-0.00029170399791373606,-0.0009169768867985962,326.0796582470526,448.9263482640012,6.544430418847757,320.4329041104654,219.64529606077488,8.371681988287628,316.9547042371658,28.725494361211336,-4.158168993684725,1.41080036060789,-1.777894788296441
31970335,18.627000,-0.246375,0.301842,1013.87,1014.12,1015.31,1016.01,-0.0,-0.04,1.0,1.0,1.0,1.0,1400.03,0.049283119721693164,-0.060357427915020835,-1.8473793937064073e-05,-4.633941323632885e-06,-0.0001351399687509145,-0.00228056899878679,326.07853472621025,448.9282014650308,6.5497147832414075,320.44398925012337,219.64551973159885,8.387062817645038,316.8067396308695,28.745058552851305,-3.894753673980311,1.4077413435605064,-1.7239513275330778
31970436,18.727000,-0.246361,0.301897,1013.9,1014.08,1015.35,1016.15,-0.0,-0.03,1.0,1.0,1.0,1.0,1400.04,0.04927807702131473,-0.06036463404300279,-2.9681270636129697e-05,-7.398150175018309e-05,0.00027784934442344234,-0.0007736075823379793,326.07473852461254,448.9239577680409,6.556993781706862,320.40673677484887,219.63885919786415,8.404508425591386,316.7897232549179,28.73584462421878,-3.9799559657851407,1.4160817833836554,-1.746718078169148
31970535,18.827000,-0.246370,0.301953,1013.91,1013.99,1015.35,1016.08,-0.0,-0.03,1.0,1.0,1.0,1.0,1400.06,0.04927710584565434,-0.06036959147686413,-1.597512390266856e-05,-0.00010465319710715768,0.0002801960541884872,-0.0004226523323137545,326.0798838406687,448.9290917778962,6.545741817881987,320.4082145288448,219.6566539864942,8.412911542600527,316.63736448994007,28.74296976518922,-4.14517947738876,1.417075922910987,-1.702615864908728
31970636,18.927000,-0.246399,0.301878,1013.79,1014.11,1015.26,1016.13,-0.0,-0.03,1.0,1.0,1.0,1.0,1400.14,0.049277287993635434,-0.06037482559157483,1.2716253924948835e-05,-3.984867253502319e-06,0.00029637480952319866,0.0013638403361245033,326.06898330395524,448.9234526734158,6.537739793198213,320.4068409077296,219.64371997019794,8.401711789336318,316.7208115227165,28.71363594990353,-4.083602511449686,1.4146515828800292,-1.7233082882399462
31970735,19.028000,-0.246433,0.301798,1013.75,1014.08,1015.25,1016.18,-0.0,-0.03,1.0,1.0,1.0,1.0,1400.0,0.049280086853292444,-0.06037077271293483,3.27905587101456e-05,5.5853082170054095e-05,6.153820748927727e-05,0.00032924762936614624,326.0721280621129,448.93827760354077,6.554660790229514,320.42774519148776,219.6489481315986,8.390010960344815,316.73912029993886,28.713979730721412,-4.053994551872572,1.4101572688864497,-1.7135693766785012
31970835,19.127000,-0.246431,0.301689,1013.73,1014.09,1015.26,1016.18,0.0,-0.02,1.0,1.0,1.0,1.0,1400.17,0.04928384287402311,-0.06035647316335733,1.158984065052532e-05,9.301975966231386e-05,-0.00029807789759008944,-0.000657080680501181,326.07775378537195,448.9172541235396,6.5517465565246615,320.4535489125565,219.6390416874714,8.375115160865652,316.92000112661776,28.739050094243712,-4.255099271074047,1.4051862516891658,-1.7499520389212087
31970935,19.227000,-0.246412,0.301732,1013.75,1014.05,1015.3,1016.17,0.0,-0.02,1.0,1.0,1.0,1.0,1400.04,0.049283740956050925,-0.06035386466300597,-6.959079621868711e-06,3.71957471913516e-05,-0.0003920490636110561,-0.001160853278850826,326.07757423091266,448.9388352234708,6.548906585728309,320.4395271556758,219.65074387430946,8.394906705686555,316.85938297405306,28.76316979346059,-3.8677711984532497,1.4085826145506006,-1.742694531276304
31971035,19.327000,-0.246356,0.301821,1013.83,1014.0,1015.2,1016.1,0.0,-0.02,1.0,1.0,1.0,1.0,1400.02,0.049279011564536256,-0.06035717538491691,-3.890027524108768e-05,-3.53115775795443e-05,-9.687094298231436e-05,1.5984572441379407e-06,326.0663452676775,448.92460705600615,6.539612160624531,320.3999732484869,219.65219374314577,8.405879693497353,316.76458418528773,28.68022930556194,-4.076360038497422,1.4157530756311991,-1.7409413866985075
31971135,19.427000,-0.246371,0.301817,1013.81,1014.08,1015.19,1016.02,0.0,-0.02,1.0,1.0,1.0,1.0,1399.95,0.04927676573750798,-0.06036066737353576,-2.7717352549486575e-05,-5.180940803762274e-05,0.0002371960288902089,-0.00035451646828963047,326.0723704706887,448.93306909616643,6.551997887946831,320.40583207312403,219.6561069209017,8.396319009366142,316.6590761406957,28.724649256788222,-4.1462167242951455,1.4157665506639134,-1.7073299186207183
31971236,19.527000,-0.246384,0.301757,1013.8,1014.13,1015.33,1016.02,0.0,-0.01,1.0,1.0,1.0,1.0,1400.11,0.04927663754183962,-0.06035932838290279,1.0115129075318675e-06,3.939017497529482e-05,0.0002726854113611232,0.0010418135221805,326.07053041321404,448.9285800449858,6.536649669714911,320.41025026771064,219.64394140719122,8.397541079100455,316.6630834497105,28.76215140727564,-4.092232200414778,1.4141562532856145,-1.7036935945685707
31971336,19.627000,-0.246419,0.301629,1013.8,1014.0,1015.3,1016.26,0.0,-0.01,1.0,1.0,1.0,1.0,1400.09,0.04927856524007386,-0.060351242513105294,2.64119710256649e-05,0.00012720164528136113,0.00019686978104953406,0.0018587512916141465,326.07383536425453,448.93572586192386,6.545907420767816,320.4211531981119,219.64529778584776,8.397647896670048,316.81296981866694,28.75761797544503,-3.8905130021750125,1.4122231101338354,-1.7415630110911204
31971436,19.728000,-0.246422,0.301569,1013.82,1014.12,1015.17,1016.26,0.0,-0.01,1.0,1.0,1.0,1.0,1400.15,0.049280613804928486,-0.060338022665451393,1.9262218604100963e-05,0.00012088710868963066,-1.2139797712711327e-05,-0.0003268473138191559,326.07111984156575,448.9319864937437,6.530550417485608,320.4515475914606,219.6459160206659,8.37332218773965,316.84322655721184,28.745515791411485,-3.901299358565889,1.4039811726777862,-1.7251099754317
31971536,19.828000,-0.246363,0.301533,1013.72,1014.03,1015.3,1016.21,0.0,-0.01,1.0,1.0,1.0,1.0,1400.02,0.0492790473873784,-0.06032360769796438,-3.261107193665675e-05,8.553535924437395e-05,-0.0003050460044979766,-0.0003405736708335902,326.0822879282937,448.92613883128604,6.535776490448637,320.4325977041858,219.65480847905962,8.388668251302798,316.92799028875265,28.766283734850344,-4.139941107182632,1.4115934533797871,-1.77138634668628
31971637,19.928000,-0.246342,0.301564,1013.74,1014.04,1015.22,1016.19,0.0,-0.01,1.0,1.0,1.0,1.0,1400.1,0.04927539066051015,-0.06031985190183853,-3.459948659318998e-05,3.514483898882772e-05,5.168409267151324e-05,0.0005097900135052885,326.0801523969276,448.92420012559194,6.546574850411193,320.43433694583507,219.64753331941347,8.394636965524997,316.7309749655326,28.713850591608573,-4.08459377072761,1.410592900769097,-1.7100125099223806
31971736,20.027000,-0.246339,0.301498,1013.84,1014.06,1015.3,1016.19,0.0,-0.01,1.0,1.0,1.0,1.0,1400.0,0.049272385811518285,-0.06031310181274113,-2.2982707474574483e-05,6.724930582069592e-05,0.00025191241280930965,-0.0003312193126736161,326.07236291252764,448.9323431472631,6.5428260434305034,320.3955151500588,219.64155002413744,8.377209146557941,316.7571467081523,28.681852051393985,-4.0856570494248405,1.4182557412313108,-1.7449830691583743
31971836,20.132000,-0.246380,0.301508,1013.75,1014.13,1015.31,1016.22,0.0,-0.01,1.0,1.0,1.0,1.0,1400.04,0.04927251159826411,-0.06030945920195593,1.708825903616839e-05,3.904446834652252e-05,0.00040141345477773656,0.0004699583422577221,326.0810611811939,448.935437294328,6.551230207031466,320.4150573892477,219.65650280040353,8.403234448433642,316.64865926740737,28.750742429279978,-4.089873565648012,1.415620862811417,-1.7009944062145301
31971936,20.227000,-0.246398,0.301438,1013.69,1014.04,1015.3,1016.18,0.0,-0.01,1.0,1.0,1.0,1.0,1400.11,0.049273819366199234,-0.06030559780167547,2.914776629243256e-05,8.963842974423217e-05,0.00021784481405113032,0.0009324946762107945,326.07455851102293,448.9244103576458,6.54424931620901,320.4102137704551,219.64602072073177,8.402708366316876,316.7801489459227,28.759331416170664,-3.955906555880142,1.4152098879855497,-1.7409654627560571
31972036,20.328000,-0.246437,0.301442,1013.76,1014.09,1015.25,1016.22,0.0,-0.01,1.0,1.0,1.0,1.0,1400.11,0.04927811185636683,-0.06029855006195325,4.623955448024716e-05,5.0966988369648684e-05,8.257412683033467e-05,-0.0002670534789081685,326.0738493441792,448.932704197508,6.532264690354309,320.43479745421666,219.6470731263528,8.399278686131634,316.8015233265324,28.74650722888877,-3.952509782330691,1.4088486624293315,-1.7273593121590638
31972136,20.428000,-0.246426,0.301390,1013.72,1014.03,1015.28,1016.2,0.0,-0.01,1.0,1.0,1.0,1.0,1400.08,0.04928094343153164,-0.06029137991485261,2.0794980363156765e-05,6.666446673723291e-05,-0.0001345349379994515,-0.0006333107773415535,326.0712707442112,448.9360852772319,6.543792292052282,320.44414704522677,219.65272688587615,8.380246060012537,316.91697099134154,28.766315639497485,-4.123629163939121,1.4058836755146955,-1.7531833239237704
31972236,20.528000,-0.246408,0.301579,1013.76,1014.07,1015.18,1016.09,-0.0,-0.02,1.0,1.0,1.0,1.0,1400.05,0.04928187715655738,-0.06029623572365908,-1.0182533751951325e-06,-9.815834295454636e-05,-0.00032727663074027884,-0.0008736374226177172,326.0680116826755,448.92750579961705,6.556452188276496,320.43140759218085,219.65084826829582,8.389057806705614,316.7669404866997,28.713449070161474,-4.099891914931292,1.4082924498348115,-1.7171003160875646
31972336,20.636000,-0.246381,0.301593,1013.76,1014.07,1015.25,1016.24,-0.0,-0.02,1.0,1.0,1.0,1.0,1400.03,0.04928029262719133,-0.060304536391322786,-2.0753695128021648e-05,-7.08173900031227e-05,-5.0487060350332736e-05,0.00010015047569418801,326.07074111677224,448.9301488292078,6.556090010819428,320.42620631371534,219.64777632594803,8.408105983907486,316.762607319267,28.739924097913228,-3.9883339874827555,1.4102379827806963,-1.721081699488132
31972436,20.727000,-0.246385,0.301689,1013.82,1014.12,1015.26,1016.21,-0.0,-0.02,1.0,1.0,1.0,1.0,1400.03,0.04927902823336152,-0.06031595144719621,-9.981705507196802e-06,-0.00010928296875532711,7.035693073882683e-05,0.000601569658698689,326.0741493159276,448.93046458154413,6.546537026152991,320.39223663242984,219.65464785495575,8.388076220294577,316.6404059786294,28.743780652817172,-4.129929907178861,1.4196132866129587,-1.7133797442302923
31972536,20.827000,-0.246430,0.301656,1013.85,1014.14,1015.31,1016.14,-0.0,-0.02,1.0,1.0,1.0,1.0,1400.01,0.04928036950422049,-0.06032308731721824,2.7917942104441016e-05,-4.093521916814458e-05,0.00035946919402768325,0.000872544930919511,326.0764868689018,448.9349352469971,6.534053018817452,320.40574907346746,219.64678878600512,8.421420939459534,316.708704687406,28.69861096256196,-4.070246776080605,1.4167462476566324,-1.7242984744284517
31972636,20.927000,-0.246478,0.301586,1013.83,1014.07,1015.22,1016.16,-0.0,-0.02,1.0,1.0,1.0,1.0,1399.95,0.049284702354740195,-0.06032350443877198,4.970585811477978e-05,9.110167009892978e-06,9.430064679396556e-05,0.0002812331462695133,326.08027986086324,448.9323940662291,6.5464003544349705,320.4322058367683,219.65647620088052,8.38971305129778,316.8105350605706,28.742685496744677,-3.927397045838871,1.4111615792148324,-1.7355417204821542
31972737,21.028000,-0.246467,0.301634,1013.79,1014.12,1015.24,1016.16,-0.0,-0.03,1.0,1.0,1.0,1.0,1400.12,0.04928975204226289,-0.06032249819408864,1.8469619105709548e-05,-2.1654414238107587e-05,-0.0003507986275154954,-0.0005681321289563117,326.0779422142175,448.9217130959585,6.521889699127733,320.4595138114142,219.64934301098987,8.391208504734518,316.89373821195613,28.805871262756508,-4.092084098661264,1.403779356408024,-1.7371520528997462
31972836,21.140000,-0.246432,0.301739,1013.77,1014.09,1015.25,1016.06,-0.0,-0.03,1.0,1.0,1.0,1.0,1399.92,0.04928927188555056,-0.06032872913050152,-1.4777568673225783e-05,-9.521743290140989e-05,-0.0002037376930785046,-0.0009334764332056608,326.07258513533554,448.93155398715425,6.508523419797781,320.43790512195073,219.63731332246962,8.380994160435502,316.8864812789018,28.768922114148268,-4.194360475689088,1.4077040043288203,-1.7494477480581696
31972936,21.228000,-0.246404,0.301875,1013.76,1014.03,1015.28,1016.1,-0.0,-0.03,1.0,1.0,1.0,1.0,1400.01,0.04928669576508384,-0.060343082204322135,-2.9911102421627256e-05,-0.00015927865733152748,-5.613637136069621e-05,-0.0001861093161377514,326.07432021282943,448.9286398873181,6.530601448306825,320.41315325506247,219.65486048408573,8.406290107105262,316.74133128807165,28.71075285037745,-4.083047352719578,1.4144446860213724,-1.727237279559818
31973037,21.332000,-0.246401,0.301912,1013.8,1014.07,1015.26,1016.11,-0.0,-0.04,1.0,1.0,1.0,1.0,1400.04,0.04928535141061848,-0.06035096961736597,-2.5345603281965818e-05,-0.00015697251666192154,0.00015302652057520697,0.00022781667770278562,326.0755713466162,448.9387817622532,6.539336001437827,320.39855220463664,219.64822844323942,8.410644635389877,316.723223537367,28.70832661189356,-4.075188168771053,1.418300022479172,-1.733871818208883
31973138,21.429000,-0.246414,0.301902,1013.76,1014.02,1015.17,1016.08,-0.0,-0.04,1.0,1.0,1.0,1.0,1400.0,0.049284217512163137,-0.0603608401176294,-7.2825435739641206e-06,-9.817317338617105e-05,0.00016046837756677774,0.0001332480588993674,326.06924789705005,448.93388395543127,6.53962164486858,320.40590932625423,219.65138114932842,8.40113108253962,316.6857299563992,28.70408985942597,-4.131359609806748,1.4149332303499902,-1.7137280093379204
31973236,21.533000,-0.246442,0.301828,1013.85,1014.06,1015.18,1016.07,-0.0,-0.04,1.0,1.0,1.0,1.0,1400.04,0.04928539059928305,-0.06036643504473518,1.5483631619447002e-05,4.178823707785218e-06,5.303468470378432e-05,0.0003356458684763381,326.0749243153929,448.92697937252444,6.548310005193168,320.42484283193573,219.64628735461983,8.397168868282751,316.78526005762905,28.7580851713068,-3.9503653702411943,1.4116335543833005,-1.7309656165689646
31973337,21.628000,-0.246444,0.301839,1013.7,1014.01,1015.18,1016.01,0.0,-0.04,1.0,1.0,1.0,1.0,1400.05,0.049286704272676785,-0.06036649571666506,1.0161637284748488e-05,-7.005670497408394e-06,-0.00011457479518674736,-0.00017160710007750845,326.07673404719435,448.93564993243075,6.519376756210395,320.4438308601047,219.65180060310354,8.38633328855247,316.8321264193862,28.752429765831007,-3.9142910777230058,1.4073240334641628,-1.7307747401260716
31973437,21.728000,-0.246423,0.301911,1013.72,1014.01,1015.28,1016.1,0.0,-0.04,1.0,1.0,1.0,1.0,1400.08,0.04928642080173821,-0.06036966748708728,-9.581235807993461e-06,-6.233761430688955e-05,-0.00015233940268083364,-0.0009644913405709702,326.07247829088146,448.9290660503746,6.5407880810737655,320.4363474755028,219.65292695678178,8.392429588408257,316.8900219767285,28.775284750753094,-4.126213004158758,1.4081774336315662,-1.7519760993123819
31973538,21.828000,-0.246391,0.302015,1013.78,1014.05,1015.15,1016.08,-0.0,-0.04,1.0,1.0,1.0,1.0,1400.07,0.049284184964734884,-0.060380395764618254,-2.9720463545117228e-05,-0.00011259843928023169,-0.00015570540110334486,0.00010262796315923644,326.0746094566241,448.9317844111666,6.532847348908129,320.4202101167704,219.6615216619508,8.397747461471878,316.78783137058196,28.753046505595957,-3.9339125924380314,1.4127761405300607,-1.735528055868307
31973638,21.930000,-0.246381,0.302059,1013.8,1014.0,1015.28,1016.09,-0.0,-0.05,1.0,1.0,1.0,1.0,1400.08,0.04928138802435247,-0.06039146222941293,-2.602327709604963e-05,-0.00010149304057584779,8.865484819149991e-05,0.0003906374506864992,326.0646158983719,448.93193879266636,6.523335302452945,320.3958268658576,219.64877233045297,8.397958160821807,316.7291048731105,28.698862228853073,-4.069707626664644,1.4162903261029849,-1.7324917438456409
31973738,22.030000,-0.246400,0.302066,1013.74,1014.14,1015.32,1016.13,-0.0,-0.05,1.0,1.0,1.0,1.0,1400.17,0.049280329074667326,-0.060400030716892414,-1.3681308637452642e-06,-6.5579693473778e-05,0.00021317151879656287,0.0007596877975785314,326.0596493073765,448.9258190771131,6.558782413552062,320.40605100021776,219.65366861765827,8.406334723055025,316.68362080992654,28.73203630554862,-4.077763968275218,1.4125644544212963,-1.7081652746054483
31973839,22.129000,-0.246411,0.301970,1013.81,1014.06,1015.34,1016.08,-0.0,-0.05,1.0,1.0,1.0,1.0,1399.95,0.04928070860968363,-0.06040000171025358,7.5982224233255055e-06,3.0418808856612483e-05,0.00012747253450851723,0.0005330640560841659,326.08067563035564,448.933275519419,6.5180880901995435,320.4302406977775,219.65208893112322,8.392290141693937,316.75089409016925,28.686621223725183,-4.092864817570156,1.4117187815341772,-1.7196518653586201
31973939,22.230000,-0.246422,0.301969,1013.77,1014.05,1015.22,1016.07,-0.0,-0.05,1.0,1.0,1.0,1.0,1400.09,0.049281784445390796,-0.06039664657545101,1.3112980429405057e-05,1.37563395867417e-05,4.990638202314585e-05,-0.000779205916490929,326.0606910061388,448.9297496641137,6.529531151868794,320.436740817333,219.64732899950303,8.39464923371764,316.84305528648605,28.751964549906543,-3.9219698741993034,1.4089023681698658,-1.7393149793322935
31974039,22.331000,-0.246400,0.302002,1013.75,1014.03,1015.24,1016.09,-0.0,-0.05,1.0,1.0,1.0,1.0,1399.99,0.04928189385842433,-0.06039765133734145,-9.422253523126951e-06,-1.4204303357248037e-05,-0.00030248652593154894,1.1677100659546016e-05,326.07354842458716,448.92901812635057,6.54161992720043,320.44588760688777,219.65043347090162,8.389816108999902,316.8324464521165,28.769976998045887,-3.881649551471993,1.406047078179333,-1.7275923386030938
31974139,22.431000,-0.246360,0.301999,1013.75,1014.13,1015.27,1016.06,-0.0,-0.05,1.0,1.0,1.0,1.0,1400.07,0.049279213816146764,-0.06039838215137665,-3.578576327591747e-05,-7.1935942706856704e-06,-0.00019419716026617575,-0.00015187098440298702,326.0719502503317,448.92029488578027,6.523699374456489,320.43285468979406,219.6473357372975,8.388995671913493,316.8757350240352,28.756989199964167,-3.859575990710591,1.4089374049153554,-1.75032811283644
31974239,22.531000,-0.246336,0.302046,1013.8,1014.05,1015.27,1016.22,-0.0,-0.05,1.0,1.0,1.0,1.0,1400.0,0.049275211115988655,-0.06040249831231927,-4.0447099484930304e-05,-3.387893319917641e-05,-1.4200562395374541e-05,0.0007888142854613905,326.06773120859145,448.92178836196894,6.54654217964285,320.41924458082474,219.65680106060384,8.400605340364725,316.76402354814763,28.68898554894132,-4.0648062717917,1.41259449639729,-1.728652552621309
31974339,22.631000,-0.246331,0.302053,1013.8,1014.09,1015.29,1016.05,-0.0,-0.05,1.0,1.0,1.0,1.0,1400.02,0.04927179814395431,-0.060405100749332814,-2.8202518195530555e-05,-2.7695473803482015e-05,0.00013480026275575124,0.00015162194272239126,326.0732874046764,448.93263713914354,6.552507009581097,320.4172966112245,219.6414028696112,8.403268183455596,316.7360221994529,28.696844605752553,-4.074715711878475,1.412975849958417,-1.7214669099731672
31974440,22.731000,-0.246342,0.302011,1013.76,1014.07,1015.31,1016.07,-0.0,-0.05,1.0,1.0,1.0,1.0,1399.9,0.04926997241497059,-0.06040443059662259,-7.537975568371727e-06,1.1189208539366852e-05,0.00042234276085711194,-0.0005096736900361815,326.0719241171249,448.92966734170426,6.541118779066401,320.3903571982382,219.67285789809415,8.38393299851729,316.75968269160984,28.72065215871358,-4.021403354639803,1.420959310434808,-1.7526551427322066
31974540,22.831000,-0.246372,0.302076,1013.73,1014.01,1015.33,1016.08,-0.01,-0.05,1.0,1.0,1.0,1.0,1400.04,0.0492713297590881,-0.06040812415699478,1.538841108199133e-05,-3.5761355947707234e-05,-0.00010557955018702009,0.0005485422075316115,326.06920564951173,448.93431552676384,6.552065795958999,320.4323216602661,219.6439900553,8.406642697940843,316.76086958104963,28.751562139742436,-3.9638649261005856,1.4094319251993037,-1.7170245642038788
31974640,22.932000,-0.246365,0.302056,1013.77,1014.02,1015.38,1016.11,-0.01,-0.05,1.0,1.0,1.0,1.0,1400.04,0.049272094411053485,-0.06040876878573276,4.368380105189658e-06,-1.2110830553592482e-05,-5.303137616743379e-05,-0.0005823221139708699,326.07152672154297,448.9377562125528,6.563418229919473,320.4252342008387,219.65560490793766,8.385719536079852,316.8213121337639,28.758822922048225,-3.9044367125711306,1.4106783162332905,-1.7398035785997126
31974749,23.033000,-0.246351,0.302087,1013.75,1014.03,1015.24,1016.15,-0.01,-0.05,1.0,1.0,1.0,1.0,1400.02,0.04927200187397144,-0.06041241452198214,-8.896375380111566e-06,-2.501223067205789e-05,-0.0003119725308932547,0.0008239673881564974,326.0706323206684,448.93464381599097,6.523360368332766,320.41131362955474,219.64062258917167,8.373948373972985,316.8083213858855,28.75066192648686,-3.9315519851577503,1.4138583092112589,-1.7464039130196751
31974848,23.158000,-0.246329,0.302068,1013.83,1014.02,1015.25,1016.16,-0.01,-0.05,1.0,1.0,1.0,1.0,1400.11,0.04926980687587887,-0.06041182993362124,-1.9544374768417906e-05,-8.842057948787815e-06,0.00018415284255530147,-0.0007478827474326249,326.0695189220218,448.93444409353987,6.5575462017232224,320.40995304935893,219.66162855718719,8.392016126735825,316.7960944808035,28.751675367612286,-3.962677507140487,1.4140507590032287,-1.7436419930813327
31974948,23.240000,-0.246336,0.302115,1013.77,1014.04,1015.4,1016.19,-0.01,-0.04,1.0,1.0,1.0,1.0,1400.1,0.04926891701334677,-0.060414617338666016,-8.884270752643025e-06,-4.2402004071865497e-05,7.528798217158802e-05,-6.19909089231929e-05,326.0692882816418,448.9222195577834,6.540956499357247,320.42874962455295,219.63414345924357,8.401942790913171,316.7640750657271,28.69038756387558,-4.0699491526188405,1.4092049421388066,-1.718899667756586
31975047,23.340000,-0.246328,0.302076,1013.76,1014.03,1015.29,1016.15,-0.01,-0.04,1.0,1.0,1.0,1.0,1400.15,0.04926735918693636,-0.06041430588156924,-8.55996662538404e-06,-4.2439731818898026e-06,0.00025291893488323683,-0.0008582023371702705,326.075199004858,448.9386634456118,6.54141602724074,320.44373234734337,219.66409144170092,8.401300605141977,316.6868135070433,28.722655576630924,-4.096697421421031,1.4070221836304375,-1.6868515120949688
31975147,23.439000,-0.246313,0.301899,1013.71,1014.07,1015.29,1016.17,-0.01,-0.04,1.0,1.0,1.0,1.0,1400.15,0.04926614536273577,-0.060407084212025404,-1.7571213955494863e-05,0.00013594092697052188,-9.777406437143786e-05,0.0012767954266871488,326.0697671383881,448.93584829675297,6.539001958392382,320.4081567854762,219.64655869884123,8.405676614649572,316.83517347262466,28.737927649047894,-3.9642271215392206,1.4137665244795947,-1.7413833171882127
31975248,23.541000,-0.246318,0.301932,1013.78,1014.18,1015.27,1016.13,-0.01,-0.04,1.0,1.0,1.0,1.0,1400.09,0.04926507476053679,-0.060397583245381,-6.922962418726056e-06,5.635652722491493e-05,2.995474013788645e-05,-0.0008154490595094288,326.06617293430537,448.92566503692626,6.5428082352840145,320.4305875072522,219.64418443093535,8.389276283953329,316.751121362644,28.705796706385797,-4.030907162940542,1.4031598114653299,-1.700430912755187
31975347,23.641000,-0.246296,0.301854,1013.8,1014.1,1015.27,1016.18,-0.01,-0.04,1.0,1.0,1.0,1.0,1400.09,0.04926306480586488,-0.0603879961357328,-1.9254800851397214e-05,8.56405845515739e-05,0.00023363567809778755,-0.0012460045254923998,326.08158832246767,448.9309925511628,6.539068450540529,320.4273271863617,219.65193926023125,8.389743030731493,316.8471269393499,28.755816326737122,-3.8888681291796496,1.4126874812614918,-1.7509355495541166
31975447,23.740000,1.115242,-2.169186,1013.87,1014.05,1015.39,1016.2,-0.01,-0.04,1.0,1.0,1.0,1.0,1400.03,0.049262203784229464,-0.06038780959175312,-6.9451082440382245e-06,-2.9910118580442547e-05,-1.8711095555595447e-05,-0.00046792967402728327,326.0640474514734,448.9329067816396,6.566008713556069,320.44365733275924,219.64446750526974,8.379390213409105,316.77199169821967,28.757246690385532,-3.926960422691648,1.4041709243298102,-1.7064084374248913
31975547,23.839000,9.071802,-16.610073,1013.92,1014.1,1015.31,1016.14,-0.01,-0.04,0.17,1.0,1.0,0.06,1398.31,0.04926010496677824,-0.06038570171954065,-2.1484992756820208e-05,3.603853596030323e-05,0.000207936183449055,-0.00016602045008229488,326.072825045107,448.9303410715337,6.544084394936057,320.4135172098664,219.6585334214358,8.390298844301025,316.75191830321575,28.717691707354284,-4.061109936162031,1.4139925275584115,-1.7293806357367703
31975647,23.939000,9.074705,-16.610089,1013.86,1014.08,1015.31,1016.21,-0.01,-0.04,0.18,1.0,1.0,0.07,1397.76,0.049259257690072306,-0.06038297374369485,-5.789509481001043e-06,3.486971409722915e-05,8.349202028117515e-06,0.00030560881492730507,326.07619811828437,448.93623579624443,6.529813966474385,320.4176019468862,219.64275541338156,8.393655117883117,316.79507314097816,28.743080774151633,-3.9244259898027645,1.4136812096962923,-1.740243206188619
31975747,24.040000,9.106738,-16.610065,1013.82,1014.1,1015.3,1016.23,-0.01,-0.04,0.18,1.0,1.0,0.06,1398.0,0.04925933207985615,-0.060382014069661136,3.4304554511566993e-06,1.6590446725744553e-07,3.308692572062851e-06,0.00010339893019936023,326.0728457028618,448.9319928120943,6.533097940668899,320.43453167736146,219.66038854337972,8.395146393644353,316.7915949159374,28.76329328264155,-3.9412314554450707,1.40875053738177,-1.72424415762784
31975848,24.139000,9.121531,-16.609752,1013.8,1014.03,1015.31,1016.17,-0.01,-0.04,0.19,1.0,1.0,0.07,1398.4,0.04925921869348804,-0.060381105072979405,-1.2244715247224201e-06,-8.948877905531774e-06,7.526940269359345e-05,-0.0009736787202436118,326.0743495791295,448.93226746350354,6.5289479835553035,320.416694970995,219.65691856225345,8.403945548054653,316.7818937037288,28.760054849362387,-3.962173237986847,1.4135578077076467,-1.7362982726128726
31975947,24.240000,9.121414,-16.609414,1013.68,1014.06,1015.27,1016.18,-0.01,-0.05,0.2,1.0,1.0,0.07,1398.87,0.04925966687881482,-0.060384666994964475,3.817332383518756e-06,-1.2543199029793174e-05,-0.00010466819463817921,0.0012192144398791916,326.0774613655139,448.9250057302791,6.534760214912321,320.4158991413267,219.66613404900008,8.385970552416483,316.77103181051706,28.704955215264942,-4.074776892271691,1.4146353476813036,-1.7358015340311836
31976047,24.339000,9.122627,-16.608961,1013.84,1014.12,1015.33,1016.14,-0.02,-0.05,0.2,1.0,1.0,0.07,1398.85,0.04926008335481156,-0.06038368763453414,9.174230993439683e-06,1.5358201400883157e-06,0.0001736502254373171,-0.0006419556510875776,326.078206362908,448.94139444285435,6.532807261123762,320.43647169495847,219.6512878432394,8.404865679504884,316.72689310260733,28.698522929312684,-4.083755215009468,1.409491150227075,-1.7060554171270526
31976148,24.439000,9.125586,-16.608139,1013.87,1014.1,1015.23,1016.18,-0.02,-0.05,0.2,1.0,1.0,0.07,1399.24,0.049261640647426976,-0.06038175986946798,1.010592868677473e-05,5.464026384511025e-05,-8.603828766827114e-05,0.0009568174934646613,326.07245590430534,448.9240496901026,6.531203339267754,320.39495571158193,219.64197592881416,8.39345933444581,316.83686078087544,28.75128049306641,-3.9109441581324274,1.4184725912838922,-1.7691078125033848
31976248,24.540000,9.129504,-16.605991,1014.12,1014.76,1015.81,1017.04,-0.02,-0.05,0.86,1.0,1.0,1.0,1399.26,0.04926395534848432,-0.060380383149554406,3.347413234642435e-05,-5.381667744432919e-05,0.0002446925292657002,-0.0016769875640094201,326.0708497880735,448.9297729958056,6.547964757400472,320.44479683286653,219.65506466584563,8.396866387338727,316.70832097733523,28.704383213685837,-4.071041042203017,1.4056692773579291,-1.6903319296244061
31976348,24.642000,9.133522,-16.602547,1027.53,1017.43,1019.71,1031.4,-0.02,-0.05,0.18,1.0,1.0,0.41,1396.63,0.04926599059010256,-0.060382009271403594,2.0892616237424573e-05,1.7021939072043033e-05,-0.00019715496728694637,0.001526098000618832,326.0668354303896,448.93187566904453,6.526855951471431,320.3190153364597,219.61093598106342,8.61661118893291,317.0322381923793,28.656034275155815,-4.683946838376031,1.435790796314386,-1.8854855937741921
31976450,24.740000,9.135893,-16.595768,1023.21,1016.32,1018.6,1028.41,-0.02,-0.05,0.13,1.0,1.0,0.12,1394.64,0.04927605424284597,-0.06042821554390013,0.00019474492489439719,-0.001095034013227856,0.00334974003553228,-0.02132549448575363,326.07766564512985,448.9389079094275,6.540302578923977,319.7138277775255,219.60933254787972,9.202645448719613,318.1553186591346,28.77138270696062,-6.257543746804778,1.5895355058258382,-2.71116612276494
31976548,24.843000,9.136829,-16.584771,1022.65,1015.55,1017.83,1027.58,-0.02,-0.05,0.15,1.0,1.0,0.31,1394.66,0.04931646638871237,-0.06065653079518721,0.0007560065124972436,-0.004210956910991817,0.009241096708916288,-0.04879278421977686,326.068044735855,448.9297065126563,6.5239178657332415,319.5934331201732,219.63974516284298,9.330632257560792,316.7750369955205,28.62220568282602,-6.005932845547881,1.6174688396190842,-2.389620088474124
31976648,24.941000,9.135598,-16.571184,1022.46,1014.98,1016.98,1027.18,-0.02,-0.05,0.19,1.0,1.0,0.37,1395.69,0.049492981771802516,-0.06149271214153452,0.0018577420834273353,-0.007893905658800519,0.00889229480312057,-0.020394094850026044,326.0735456692331,448.9308671075324,6.531396392129195,319.093684504317,219.53882041259413,9.255104841867682,316.69348675651423,28.744741259273876,-6.046539566133406,1.7428382577390702,-2.7649311566156816
31976748,25.040000,9.133728,-16.557312,1022.39,1014.52,1016.94,1028.64,-0.02,-0.05,0.21,1.0,1.0,0.34,1396.27,0.04976324008841374,-0.06252151908402234,0.003118999480394027,-0.011358300813432578,0.005576753767123545,-0.0075127469633632085,326.07192895069977,448.92675510948885,6.527399900797027,319.29227813181797,219.55896019069158,9.346688310157667,316.48790758967726,28.71440080360633,-5.781424885865186,1.6930550905161652,-2.5442363900966236
31976849,25.141000,9.132466,-16.545149,1022.2,1014.25,1016.31,1027.85,-0.02,-0.05,0.23,1.0,1.0,0.33,1396.96,0.0501309959634802,-0.06379801281235244,0.00394535436003526,-0.013563288511226195,0.004461861286168605,-0.016070464562729855,326.0756423444645,448.9328271439989,6.5245124709780455,319.37725303446894,219.53743019891962,9.347939398523467,317.77939714951054,28.84475253928058,-6.642085003785095,1.6725724159198117,-2.865062129833942
31976948,25.240000,9.131913,-16.531693,1022.16,1014.15,1016.05,1027.87,-0.02,-0.05,0.25,1.0,1.0,0.36,1397.48,0.05056537893005894,-0.06535025018551799,0.004204685924096952,-0.015490297705964757,-0.030692069658405822,0.09711433597663473,326.07250075395024,448.93352849095197,6.533849987311746,319.71634150202124,219.6221812036772,9.327121996715132,318.36852554225794,28.72817802541168,-6.710081901782326,1.587744688228461,-2.7709565909036526
31977048,25.341000,9.130818,-16.517583,1022.1,1013.97,1015.71,1028.47,-0.02,-0.05,0.25,1.0,1.0,0.33,1397.97,0.05100992044980282,-0.06710819846369158,0.004378085501153823,-0.018145741256339807,-0.005384998153612996,-0.002207859464494438,326.0743013376405,448.9319705614337,6.548415765650539,319.7307115313697,219.63271735982406,9.312921774682298,318.8075867243661,28.64460639762147,-7.156877523662528,1.5846900257113061,-2.8924479258304316
31977148,25.444000,9.129605,-16.501350,1022.03,1014.08,1015.69,1028.12,-0.02,-0.05,0.25,1.0,1.0,0.32,1398.31,0.05144991988891669,-0.06907580376171811,0.004312267117786894,-0.02000490854466918,-0.004837171419993203,0.005557128062565343,326.0779784680559,448.93367379046373,6.540066528518618,319.3677068013703,219.5633644300989,9.295649111697278,318.4911422175271,28.777649918220696,-7.130097690018821,1.675720882264157,-3.0881982724147305
31977248,25.540000,9.127205,-16.483120,1021.83,1013.69,1015.64,1027.95,-0.02,-0.05,0.26,1.0,1.0,0.37,1398.65,0.05189725214319478,-0.07121283513038669,0.004524292792477011,-0.021798712466634448,-0.0012672918793321729,0.0036450136961194237,326.065670078024,448.9371607991367,6.53232322757544,319.2808774824789,219.5648964230296,9.365258536081221,317.72085949409296,28.77279217659959,-6.914356706424584,1.6943053817083653,-2.9201403556744667
31977349,25.641000,9.123523,-16.462473,1022.0,1014.01,1015.62,1029.76,-0.02,-0.05,0.27,1.0,1.0,0.29,1398.76,0.05237626301177604,-0.0734945091665933,0.004844626498007935,-0.02279548978363282,-0.0008580561457504634,0.012742577557947143,326.0712061566819,448.93612058462475,6.526517845830653,319.0612417043955,219.55893527955118,9.262072987562144,317.8729713856016,28.80073520970523,-7.015464497653261,1.7504635751303588,-3.1440250953081716
31977449,25.742000,9.120012,-16.440913,1022.03,1014.04,1015.5,1029.04,-0.02,-0.05,0.27,1.0,1.0,0.28,1399.22,0.05289012310687844,-0.07586872695480179,0.005235356807804838,-0.024060433442901954,-0.0011436295384667956,0.0065559604525285,326.06970916652836,448.93050077721097,6.5291781283676125,319.3613487823463,219.5689554133796,9.341103300213694,318.25491346275237,28.7087477926033,-7.053003499877624,1.6753078350044792,-3.0184701443710873
31977548,25.842000,9.117604,-16.421307,1022.01,1014.07,1015.48,1029.01,-0.02,-0.05,0.28,1.0,1.0,0.3,1399.32,0.05341539745755422,-0.07831319657434407,0.005094843001399883,-0.024066689429164092,-0.008596182682160463,0.02802283498047816,326.07242186418944,448.9238824616495,6.546567348529672,319.55173109820277,219.62527144293634,9.320111762711866,319.2447659813125,28.744220504512416,-7.361313944536775,1.6289126044651006,-3.1656851541286106
31977648,25.941000,9.115917,-16.402300,1022.02,1013.99,1015.37,1028.92,-0.02,-0.05,0.29,1.0,1.0,0.31,1399.45,0.05391414743046809,-0.08079837283018099,0.004612329353683174,-0.023913314588945193,-0.014417995100936795,0.0471460152311357,326.0729564589904,448.93215407738035,6.536372467134183,319.7254669777865,219.63406550434232,9.33949643211233,319.4439580898744,28.668902082929357,-7.392852954645956,1.5856717546345838,-3.0868817194829274
31977749,26.041000,9.113971,-16.382933,1022.02,1014.04,1015.42,1028.91,-0.02,-0.05,0.29,1.0,1.0,0.32,1399.57,0.05435819870630706,-0.08327587951966964,0.004200947142507807,-0.02446956765422524,-0.009044740479741853,0.025489560098920505,326.0705806029186,448.92373843060966,6.525164061871985,319.5434868180018,219.60853405298107,9.334580701615154,319.23926506357054,28.744953580746763,-7.406282603341611,1.6303933379383957,-3.169461721369901
31977851,26.141000,9.111310,-16.362843,1021.93,1014.04,1015.36,1028.95,-0.02,-0.05,0.31,1.0,1.0,0.32,1399.66,0.054761422068594176,-0.08574340818957495,0.003838353692208645,-0.023964397957052977,-0.008731525624620593,0.0454806639863487,326.0800140261925,448.93333604175064,6.53051239449735,319.2631852894127,219.5733452566353,9.320037070504387,318.506944031595,28.67666988628763,-7.144969818713808,1.7023918242715657,-3.1778063812909823
31977950,26.244000,9.107888,-16.343355,1022.0,1014.09,1015.33,1028.87,-0.02,-0.05,0.31,1.0,1.0,0.34,1399.75,0.05515095279878861,-0.08816384698288135,0.0038422844173577305,-0.02364093950060325,-0.007263124428477644,0.05235935609832724,326.07316055252653,448.92288057235555,6.527841632995623,319.1659426726893,219.55763018715186,9.303488408404785,318.2903588994407,28.739012463475976,-7.119247380808287,1.7249119594735702,-3.186920312733315
31978049,26.342000,9.105849,-16.332553,1022.02,1014.17,1015.46,1029.06,-0.02,-0.05,0.31,1.0,1.0,0.33,1399.88,0.055446318383196136,-0.08993866651802121,0.0032755941470337963,-0.019436221587259207,-0.01872346223325879,0.12069775685620819,326.07496104271337,448.93469777478464,6.537206825834453,319.22200207237427,219.5748944392324,9.334171680613105,318.3881003753417,28.774443586840647,-7.171908658115678,1.7114108070755352,-3.1724095038063433
31978150,26.443000,9.103077,-16.315749,1022.07,1014.14,1015.32,1028.99,-0.02,-0.05,0.32,1.0,1.0,0.33,1399.87,0.055839136106483264,-0.09222144205564485,0.003262479883475099,-0.01887432563593323,0.0003096929740949406,-0.0019099141985778573,326.0677558456648,448.93400288810517,6.514548626647963,319.48708450839746,219.5905574711423,9.404230524219937,318.8555085501976,28.674016939744543,-7.598137792575495,1.6435667845851862,-3.097592606707252
31978250,26.546000,9.100645,-16.297841,1021.94,1014.1,1015.35,1029.13,-0.02,-0.05,0.33,1.0,1.0,0.33,1400.01,0.05620249871133843,-0.09437628363225939,0.0034404029422440995,-0.020935133528244033,-0.009944732571772051,0.04251535525969735,326.0695186017636,448.932420903647,6.51974104611463,319.6147532832758,219.64470261784183,9.294115113607585,319.4228056546012,28.684265083271928,-7.5050397047913,1.6125292828772508,-3.167466608757233
31978351,26.643000,9.099051,-16.283767,1022.04,1014.13,1015.36,1029.21,-0.02,-0.05,0.33,1.0,1.0,0.33,1400.02,0.0565138754340404,-0.09640475232166645,0.0028658378005223645,-0.019581109883085274,-0.011927101458981198,0.05448385993722013,326.0767403684951,448.9358524928758,6.555027027965635,319.5696015563575,219.62795755729093,9.325937973382318,319.27740251231205,28.74199105565344,-7.385920940518534,1.6254632760602634,-3.1632210008327144
31978451,26.743000,9.097248,-16.269780,1022.01,1014.07,1015.11,1029.2,-0.02,-0.05,0.34,1.0,1.0,0.34,1400.01,0.056773650257781104,-0.09830124309913277,0.002434600159835975,-0.018325003351693236,-0.006277359679250255,0.035321193502337304,326.06563016033834,448.9295251194885,6.538079430118046,319.35373316794283,219.56732331640958,9.331269348363199,318.83837011551526,28.664163791086455,-7.591166392786376,1.676185749188673,-3.1976959227479207
31978551,26.843000,9.094811,-16.255673,1022.15,1014.09,1015.22,1029.34,-0.02,-0.05,0.34,1.0,1.0,0.33,1400.02,0.05700916184126356,-0.10008712856761441,0.0022801899715262997,-0.017146585345497588,-0.0036177445812530366,0.03429435366038178,326.0739867041363,448.9286061461556,6.526119494623209,319.1818228732384,219.55993338144032,9.297959541196139,318.4225343731224,28.81075250049061,-7.211448927456464,1.7211291699086382,-3.2141902741036406
31978652,26.943000,9.092402,-16.243282,1022.14,1014.13,1015.26,1029.28,-0.02,-0.05,0.34,1.0,1.0,0.33,1399.91,0.05724063804758292,-0.10174235545143215,0.0023120169721002216,-0.01594726436730898,-0.001015932420672819,0.022873195838430463,326.06980403413917,448.9267830596281,6.547055976731809,319.2530524926308,219.56408117013214,9.366389647264924,318.40161902791783,28.793651322521292,-7.2256705769175475,1.7023524468755953,-3.1489880083207114
31978752,27.044000,9.090643,-16.233076,1022.12,1014.05,1015.4,1029.46,-0.02,-0.05,0.33,1.0,1.0,0.34,1399.95,0.057472174712665816,-0.10326869571516742,0.0022596429844256656,-0.014608827002069856,-0.003322299125440405,0.02761415750537919,326.0671575418941,448.9243581480933,6.537056492386028,319.35471039267367,219.56718480587534,9.298837379425855,318.85578311186833,28.67194109553016,-7.622531203932712,1.6763597943948865,-3.2029706383841217
31978853,27.144000,9.089857,-16.224830,1022.17,1014.21,1015.29,1029.42,-0.02,-0.04,0.34,1.0,1.0,0.33,1399.92,0.05768534444207017,-0.10465360996942172,0.0020147726624187142,-0.013329991178148693,-0.005128926114601622,0.024274106295661083,326.06990252099416,448.93563263151725,6.537861321055865,319.5623317140517,219.63123161169278,9.348249341617148,319.24163973204,28.721160695092493,-7.413033984167328,1.6255958847077476,-3.154946035902288
31978953,27.244000,9.089185,-16.214120,1022.25,1014.12,1015.32,1029.41,-0.02,-0.04,0.34,1.0,1.0,0.34,1400.03,0.0578608247454718,-0.10590873987158213,0.0015650546338085878,-0.011910085758266466,-0.00574216649103577,0.02224356638395929,326.0704791580422,448.9296603619465,6.531360857270662,319.49588101141575,219.6053143845415,9.38991391765932,319.37531583633614,28.700170216874,-7.565819625670645,1.6421874797873384,-3.248190105572782
31979052,27.344000,9.088950,-16.210214,1022.36,1014.16,1015.36,1029.64,-0.02,-0.04,0.34,1.0,1.0,0.34,1400.17,0.057995838148214976,-0.10704613205472659,0.0012252135511576796,-0.010939554242478878,-0.004110814745971856,0.020582069061844455,326.0682956513405,448.9303360329321,6.536108102564501,319.3826964147526,219.61098555402262,9.381731259456105,318.9180967823823,28.664647828776637,-7.749121419044124,1.6699338563796358,-3.2004591968144216
31979152,27.443000,9.088970,-16.208786,1022.38,1014.2,1015.28,1029.55,-0.02,-0.04,0.35,1.0,1.0,0.33,1400.06,0.058107704169828946,-0.10807867642159973,0.0010765218932441024,-0.009859614032821795,-0.001154549956882805,0.016655782335533952,326.07124809579807,448.92577639402543,6.532106718462674,319.2034807278924,219.56641330282514,9.328315975263587,318.5572543106401,28.663823222177356,-7.514765539085876,1.715110038063405,-3.2362682555836684
31979252,27.544000,9.088396,-16.211764,1022.42,1014.13,1015.37,1029.56,-0.02,-0.04,0.34,1.0,1.0,0.33,1399.97,0.058219015096056904,-0.10901096363742513,0.0011365244180114064,-0.008907238558207638,-7.3080439822945725e-06,0.016861908280958873,326.06734872518996,448.922968339481,6.5232464848580936,319.18012853993287,219.56350397225654,9.33978831767017,318.46061642048556,28.78529168173214,-7.396463327865216,1.7199643809697989,-3.223841129083446
31979353,27.643000,9.088221,-16.215255,1022.52,1014.17,1015.37,1029.76,-0.02,-0.04,0.34,1.0,1.0,0.33,1399.98,0.058337762299125344,-0.10984403973572412,0.0011862622350620993,-0.00782532189915283,-0.0007335560950053383,0.017023090451149674,326.05749149901624,448.9245419296485,6.528961118321282,319.2859556772763,219.55176840255348,9.337906238727175,318.6933876933412,28.64503818330115,-7.594691734025694,1.6909930590463185,-3.2041425424428556
31979452,27.746000,9.088000,-16.218081,1022.67,1014.22,1015.33,1029.69,-0.03,-0.04,0.35,1.0,1.0,0.33,1400.15,0.058453896176501874,-0.11057928282349934,0.0010884451346377284,-0.006872495274750579,-0.0026050747374427746,0.015748047642537115,326.07395316446883,448.93463398054604,6.546771378975763,319.4002004139944,219.5806334305669,9.444122521699079,319.11734706479945,28.745206205636823,-7.507723896507617,1.6667248040226612,-3.2485267428416624
31979552,27.845000,9.088288,-16.220325,1022.68,1014.16,1015.32,1029.68,-0.03,-0.04,0.33,1.0,1.0,0.34,1400.1,0.05855127545366134,-0.11122523545641433,0.0008799998041081864,-0.0061685312562818895,-0.0036672242805705817,0.014405347181361132,326.0672499724771,448.9270831323526,6.505392691336949,319.4534193825755,219.59657002720706,9.419284930042672,319.25879947597235,28.704669436001005,-7.55609257377728,1.651937051926744,-3.2454593918647023
31979652,27.945000,9.088200,-16.220217,1022.68,1014.28,1015.47,1029.88,-0.03,-0.04,0.34,1.0,1.0,0.34,1399.99,0.058624326365565776,-0.11180390624515105,0.0006359237894818056,-0.005429091900528442,-0.0028123139088575655,0.01337369925233584,326.0703506314256,448.9272447880494,6.527042176213148,319.26643999235677,219.55895037737588,9.342956464047756,318.8635586752783,28.673893391023032,-7.734756878820516,1.6766776629654476,-3.255505463782189
31979757,28.054000,9.087813,-16.219450,1022.71,1014.18,1015.33,1029.92,-0.03,-0.04,0.34,1.0,1.0,0.33,1400.06,0.05868252084677654,-0.11231919651757319,0.0005644982729396541,-0.004836662652285633,-0.0006679398153370308,0.013440287742838033,326.08035446661273,448.9193510097213,6.530279138006522,319.20260013246144,219.5525560502522,9.393647477532824,318.4559384339933,28.722722197381337,-7.3225407295038,1.726829510167908,-3.242847200037307
31979852,28.154000,9.086598,-16.217148,1022.8,1014.22,1015.27,1029.93,-0.03,-0.04,0.34,1.0,1.0,0.33,1400.02,0.058746189089724794,-0.11277391354338652,0.0006714105275604724,-0.004226926476500044,0.0005035849310700032,0.011669260894298582,326.0745216211886,448.93634937358814,6.557868652317467,319.14744122800954,219.57866351280154,9.345613650002008,318.43699144344305,28.749375296030173,-7.311142667592528,1.7299261549692897,-3.2465434068500345
31979952,28.245000,9.084928,-16.213368,1022.88,1014.08,1015.36,1029.88,-0.03,-0.04,0.34,1.0,1.0,0.34,1400.07,0.058821042645111184,-0.11316316306473778,0.0007502456587777975,-0.0035319163985110796,6.68701114748032e-05,0.008237673913949573,326.0709053442529,448.9267102445323,6.529356842064559,319.19337430958757,219.56002277009375,9.352970833557215,318.62649607122734,28.64387931607793,-7.517318566045172,1.7174920774080198,-3.264859017587435
31980052,28.344000,9.083376,-16.209917,1022.89,1014.09,1015.35,1030.1,-0.03,-0.04,0.34,1.0,1.0,0.33,1400.04,0.05888026793119785,-0.11341725975460869,0.0006504393373515207,-0.002708813690877985,-0.004076399184883849,0.019336964975332428,326.07192394045853,448.9380996126266,6.533215111705652,319.308832798564,219.56128578055555,9.35170052757901,318.97805197796333,28.71271168798451,-7.707654754314862,1.6888557380106923,-3.278405908365454
31980153,28.444000,9.081700,-16.203838,1023.04,1014.06,1015.35,1030.0,-0.03,-0.04,0.34,1.0,1.0,0.33,1400.02,0.058950230451091795,-0.11371541836990343,0.0005399779720220797,-0.002387476469310519,-0.001011560077363385,0.0016791390126238374,326.0678238824104,448.93542058790496,6.522697711246336,319.37305916907945,219.57113849905014,9.502890926677756,319.1452558979079,28.689744154055774,-7.70560382947494,1.671894520777679,-3.275410665309779
31980253,28.545000,9.080437,-16.198696,1022.93,1014.14,1015.32,1030.13,-0.03,-0.04,0.34,1.0,1.0,0.33,1399.9,0.0590025741183919,-0.11397549724630505,0.00046040042576729406,-0.002465742596105637,-0.0015838503547965295,0.0039031076481514087,326.0718486090752,448.9399094050321,6.531251210917789,319.2914649025068,219.55423944255108,9.331501352324878,319.07083500037436,28.7347750454764,-7.67555028147487,1.693106135100204,-3.3199655870677565
31980354,28.646000,9.079719,-16.194951,1022.95,1014.13,1015.35,1030.06,-0.03,-0.04,0.33,1.0,1.0,0.33,1400.01,0.059044781448975125,-0.11421217319004164,0.0004047775464987088,-0.0022561861005705943,-0.0004662597152160507,0.004821497837320965,326.0756144111406,448.92509961592356,6.535149840158629,319.19911004922267,219.55606816281758,9.340206614639454,318.683050729906,28.645101816735153,-7.670014971704935,1.7172183066339866,-3.279558402110739
31980455,28.746000,9.079001,-16.191638,1023.07,1014.11,1015.25,1030.17,-0.03,-0.04,0.34,1.0,1.0,0.33,1400.07,0.059089809943231555,-0.11441968785311298,0.0004879046279465737,-0.001966172912923493,0.0011689893888687688,0.002957224633621929,326.06221018708385,448.9260847877348,6.539679914495762,319.0848541619563,219.56169668232775,9.328506425512778,318.50569895735765,28.71863499104876,-7.540489633730258,1.7439181106236652,-3.313960122498824
31980555,28.848000,9.078401,-16.188335,1023.28,1014.13,1015.29,1030.16,-0.03,-0.04,0.32,1.0,1.0,0.33,1400.08,0.05914868795518938,-0.11460267776092846,0.0006386349105226295,-0.001714615853230696,0.0009566394257500623,0.004114449769715018,326.06946779624155,448.9352354013795,6.51644384061195,319.14199535995476,219.56273323006926,9.344801650943767,318.51887090769026,28.69769222359889,-7.404270433226609,1.729912318942052,-3.272769563818093
31980657,28.946000,9.077468,-16.184381,1023.29,1014.16,1015.33,1030.24,-0.03,-0.04,0.33,1.0,1.0,0.33,1400.1,0.05921771283347472,-0.11475407945227427,0.0007068458187040885,-0.0014019097010467023,-2.3447634198946567e-05,0.0032910899642894257,326.0723801598513,448.93768016959734,6.53905209651406,319.2854782527896,219.55120006850404,9.377776257914926,318.82721389690806,28.674728346944075,-7.76333823854459,1.7078341600067952,-3.2951810017352967
31980755,29.048000,9.076318,-16.180343,1023.22,1014.06,1015.3,1030.36,-0.03,-0.05,0.33,1.0,1.0,0.33,1399.84,0.05928523535080399,-0.11487937135969384,0.0006262817028050848,-0.00113318653750048,-0.0014650365029202817,0.0033789988186177645,326.07085309039564,448.9232704368999,6.529734516114222,319.30822359664563,219.54358227601105,9.364863752610875,318.9836188672349,28.702515012649894,-7.7558709135122825,1.688719374439864,-3.2799835033390745
31980855,29.146000,9.075016,-16.176782,1023.18,1014.17,1015.32,1030.1,-0.03,-0.05,0.33,1.0,1.0,0.33,1400.12,0.05934031524675487,-0.1149833720165797,0.0005095013022854637,-0.0010389674731553099,-0.0010029373815940994,-0.00043324912018739966,326.07070740178625,448.9369544473403,6.528408159165487,319.2686054659003,219.55483805929862,9.360934834273891,318.9812281588778,28.715189986745667,-7.782333698594969,1.6975773328831805,-3.3088754541833625
31980955,29.247000,9.074031,-16.173781,1023.19,1014.09,1015.34,1030.27,-0.02,-0.05,0.34,1.0,1.0,0.32,1400.0,0.059386201394399936,-0.11507977159072702,0.0004351520754385549,-0.0008845208244415186,-0.0003647436507963796,0.0020419672869967107,326.0686581630162,448.9340933550707,6.5267338194955355,319.17473601822627,219.55134426674363,9.3514759729653,318.731945194717,28.64920359112531,-7.774356299340882,1.721936304242075,-3.3109772946426643
31981055,29.348000,9.073481,-16.172544,1023.3,1014.17,1015.3,1030.27,-0.02,-0.05,0.33,1.0,1.0,0.33,1399.94,0.05943434862935193,-0.11516972890554869,0.0005293246941230476,-0.0009524134502475933,0.0011170194828923506,-0.0010047958811646056,326.0692240654665,448.92901891876204,6.5384705822174185,319.07361638059996,219.54485566635668,9.37563145986983,318.51892974396526,28.7010700212412,-7.482287869830089,1.7468240748742596,-3.327118683611455
31981156,29.447000,9.073275,-16.172311,1023.27,1014.15,1015.28,1030.37,-0.02,-0.05,0.32,1.0,1.0,0.33,1400.0,0.05949510482610963,-0.11526215301162568,0.0006449680954095368,-0.0008762564236929716,0.000596568685079656,0.001832272089163467,326.06596098569895,448.93134137664725,6.53024115528812,319.0604086078062,219.56350899421537,9.378051863884783,318.62922166753805,28.688786627073238,-7.654974355314594,1.7503433573997182,-3.335999292599025
31981255,29.549000,9.073092,-16.172599,1023.37,1014.12,1015.26,1030.29,-0.02,-0.05,0.33,1.0,1.0,0.33,1400.03,0.05956553343361526,-0.1153484165171316,0.0007116089818970428,-0.0008278399620620959,-0.0007254952313847215,0.002075400940297875,326.0641560481892,448.9267427723755,6.5413270480473145,319.19784771462275,219.55818778999446,9.403342211938849,318.69579145933466,28.652709836458666,-7.7328846008106105,1.71467720917934,-3.2786744143155038
31981355,29.647000,9.072565,-16.172185,1023.41,1014.1,1015.36,1030.48,-0.02,-0.05,0.32,1.0,1.0,0.34,1400.04,0.05963261743463568,-0.11541856168852416,0.0006358698220928969,-0.0006425953086180858,-0.0011768878498396192,0.0013049301521398866,326.0742126575023,448.9224893542634,6.522439757489174,319.23748036720934,219.57236160446715,9.35717564304153,318.9952983314815,28.70988082551792,-7.807839802881262,1.7063465320516709,-3.3252740469987834
31981455,29.747000,9.071834,-16.172123,1023.44,1014.23,1015.14,1030.42,-0.02,-0.05,0.32,1.0,1.0,0.33,1400.0,0.05968910371679274,-0.11548278383156936,0.0005147694013924784,-0.0006437358676096123,-0.0018399359969332786,0.0006912236093730096,326.0797703298335,448.941248157579,6.531929733787075,319.21542344679466,219.5551421791956,9.33332100859042,318.8577100909965,28.670728267472743,-7.879484120412818,1.7027244281516036,-3.3019634556459394
31981555,29.847000,9.071182,-16.172001,1023.52,1014.14,1015.39,1030.46,-0.02,-0.05,0.31,1.0,1.0,0.33,1400.05,0.05973491648123419,-0.11554264233264963,0.000430252836776266,-0.000578576693105647,-0.0007664428215485356,0.00043612526490088805,326.05648293818143,448.9328310648419,6.537534899562442,319.12108692047207,219.5538913616518,9.417497096620599,318.674843046154,28.65499041488064,-7.796491501599195,1.7264005726682148,-3.351505070493504
31981655,29.947000,9.071042,-16.173569,1023.43,1014.23,1015.31,1030.41,-0.02,-0.05,0.33,1.0,1.0,0.33,1400.06,0.05977874194080772,-0.11560455920216334,0.0004462348805547132,-0.0006157761356423491,6.951017463712738e-05,0.0008301890188219694,326.06469109996794,448.92954324052084,6.522775623846091,319.1123221581119,219.5382333828228,9.406263671419431,318.5558722135229,28.654588415407417,-7.602532677450497,1.7359833614226343,-3.304942758954544
31981755,30.047000,9.071371,-16.175613,1023.52,1014.17,1015.44,1030.38,-0.02,-0.05,0.32,1.0,1.0,0.33,1399.93,0.059827194058524436,-0.11566091544336095,0.00051334917693444,-0.0005591054735360592,0.0008679312332729135,-0.0005795094219936955,326.07847701385424,448.931558092832,6.510231054898266,319.11026569634953,219.54364977422364,9.428492170804352,318.5768602774608,28.678544977352267,-7.5648901687314245,1.7399625063010336,-3.3198025023092477
31981855,30.147000,9.071582,-16.177548,1023.61,1014.19,1015.36,1030.45,-0.02,-0.05,0.32,1.0,1.0,0.33,1400.01,0.059885924267622535,-0.11572411520843925,0.0005992672048138737,-0.0006153935487151552,-0.00034357881201141805,0.001494843562980854,326.0728018099455,448.92820093402,6.512377407513645,319.1460231870066,219.55666266460673,9.329316426509008,318.78916556924065,28.671182769654028,-7.7994785666935575,1.729746431315716,-3.3523793641272333
31981956,30.249000,9.071280,-16.177287,1023.65,1014.19,1015.32,1030.43,-0.02,-0.05,0.32,1.0,1.0,0.33,1400.07,0.059945378910694985,-0.11578341025308035,0.0005680717023082971,-0.0005965348873893395,-0.0010795042559835835,-0.00017771763267071931,326.06516744921174,448.9414912750338,6.5429679691283065,319.17087701429136,219.56996945662405,9.361184455443114,318.85715310617366,28.687823220995515,-7.868963482253053,1.7216385393679694,-3.349108818178461
31982056,30.348000,9.070722,-16.175925,1023.58,1014.21,1015.38,1030.47,-0.02,-0.05,0.31,1.0,1.0,0.33,1400.05,0.059986203379945285,-0.11583136502535062,0.00043964802256451954,-0.0005430953715856044,-0.003394527902549492,0.003196403037439797,326.07502616436307,448.93777437726055,6.5206086774598155,319.1980146987987,219.5667923195156,9.351180355892511,318.88769257953635,28.66060210726803,-7.915978013645841,1.7173302702192002,-3.341525100234681
31982156,30.448000,9.069932,-16.173782,1023.7,1014.08,1015.31,1030.53,-0.02,-0.05,0.32,1.0,1.0,0.32,1400.05,0.06003156178005648,-0.11589166194532574,0.0003501359358014304,-0.000500845373887553,-0.0005959225721361123,-0.0001369053055488933,326.070768969733,448.938999681078,6.51385053013345,319.15369466929025,219.57168498855302,9.33838879932013,318.9144956405471,28.67659027463122,-7.976923160642273,1.7273563369719815,-3.382918856201639
31982256,30.548000,9.069344,-16.171978,1023.62,1014.19,1015.33,1030.5,-0.02,-0.04,0.31,1.0,1.0,0.34,1400.14,0.06007002981271142,-0.11595903595156036,0.0003672245882952529,-0.00071490916226915,-0.0009278178025719965,0.0002347949255981253,326.0762346132677,448.9252909210507,6.54126375457494,319.13861541258206,219.56332685358603,9.389994800285757,318.71715760377236,28.678944820448685,-7.795109052667872,1.7325241515558405,-3.338543901907707
31982356,30.648000,9.069226,-16.170901,1023.59,1014.06,1015.38,1030.5,-0.02,-0.04,0.31,1.0,1.0,0.33,1400.05,0.06010654944614314,-0.11603458546166834,0.000383334706403409,-0.0007997824706348501,0.000909683910341419,-0.0018392793462750716,326.06986230954396,448.92849654045904,6.530093167515212,319.0593243263724,219.54961613545834,9.38840815823639,318.56602339490075,28.662773999994368,-7.663386815200006,1.7505937739961968,-3.353120776245487
31982457,30.748000,9.069038,-16.169241,1023.61,1014.12,1015.33,1030.6,-0.02,-0.04,0.31,1.0,1.0,0.32,1400.06,0.06015127296703134,-0.11612101276013813,0.00048779112299758895,-0.0009108647009370866,0.0013991909227204608,-0.0022163873466043787,326.07672162686134,448.92933184596666,6.538514970202729,319.07628687790657,219.55111247493278,9.369100595706174,318.67792775022264,28.664199183049206,-7.816735040639566,1.748077507409651,-3.3765854580628085
31982556,30.850000,9.068642,-16.166728,1023.69,1014.16,1015.31,1030.66,-0.02,-0.04,0.31,1.0,1.0,0.33,1400.06,0.060205052587411434,-0.11622139129078979,0.0005490195866061844,-0.0010262366559639139,-0.00037487696383133734,0.000671327640964269,326.07207203737045,448.9279824996418,6.537364009477225,319.1420647602891,219.54318862557878,9.406736250569192,318.79007365697794,28.658516035343897,-7.954903388520511,1.730452252901478,-3.3552512780533674
31982656,30.949000,9.068016,-16.163944,1023.69,1014.15,1015.28,1030.62,-0.02,-0.04,0.31,1.0,1.0,0.33,1400.21,0.06025567773380514,-0.11631976116715309,0.0004704254252796312,-0.0009583919452294909,-0.0012916691513904489,0.0010886948686970094,326.08489572995734,448.9381166187644,6.523090014110445,319.1663077964745,219.57654094555676,9.364614480310932,318.93025599437357,28.68144508604044,-7.925238309970887,1.727777302376238,-3.384705403244469
31982756,31.049000,9.067129,-16.160597,1023.75,1014.08,1015.34,1030.62,-0.02,-0.04,0.3,1.0,1.0,0.32,1400.22,0.060298710090224826,-0.1164206363619076,0.0003975963211849122,-0.0010220293030802367,-0.001126737831297411,0.0003531966606513345,326.0594713612966,448.9262567928877,6.526049152236152,319.1635646667458,219.54568569928182,9.366944980973553,318.87386958969205,28.66915378641822,-7.944867750595615,1.72197401263476,-3.3569897577959456
31982856,31.148000,9.066136,-16.156449,1023.69,1014.12,1015.3,1030.68,-0.02,-0.04,0.31,1.0,1.0,0.32,1400.02,0.060333290710752004,-0.11652175571838523,0.00031902032612023877,-0.000998572404865485,-0.0007411214147211361,0.0007124251914571656,326.0766296134595,448.9479225335142,6.532406894257461,319.06446200550874,219.54690190275414,9.364532480288657,318.7763395781449,28.69072922855285,-7.855361871784538,1.7508315630602995,-3.415167697133057
31982956,31.249000,9.065663,-16.153685,1023.72,1014.13,1015.34,1030.71,-0.02,-0.04,0.31,1.0,1.0,0.32,1400.16,0.06036526050498923,-0.11662787810102071,0.00033375196304831766,-0.0011220974276664381,0.0003341239357633837,-0.0012235539054875233,326.0655079678693,448.9200660766272,6.540004130891511,319.05716470901416,219.554481062806,9.403540365133173,318.5937866092302,28.67120566218682,-7.755680229307206,1.7589157405979234,-3.4071759224484413
31983057,31.350000,9.072053,-16.179733,1023.77,1014.1,1015.28,1030.8,-0.02,-0.04,0.31,1.0,1.0,0.33,1400.09,0.06039310464837921,-0.11671740463538625,0.00032687510708112816,-0.0010098842365511278,-0.0013965941118124373,0.006092913876587125,326.0723277843196,448.93477614482083,6.546467631467751,319.0152955908962,219.5500524755179,9.35996200897615,318.6203725534029,28.695200615220724,-7.7582698916536605,1.7626838529709181,-3.4068095935040374
31983158,31.449000,9.086390,-16.225369,1023.75,1014.18,1015.46,1030.73,-0.02,-0.04,0.31,1.0,1.0,0.33,1400.07,0.06043738281620061,-0.11684281925908814,0.00038888817940047434,-0.0010657431244602297,0.0006695508793346702,-0.0012988082576626844,326.0654241530998,448.9304299994977,6.515570772939205,319.1348732016121,219.5398345592156,9.421743427096196,318.73821874566823,28.67884276620004,-7.845011578780933,1.7305441861076478,-3.3420143104181643
31983258,31.549000,9.102397,-16.260614,1023.78,1014.13,1015.41,1030.73,-0.02,-0.04,0.3,1.0,1.0,0.32,1400.19,0.060480593068150165,-0.11696093488872951,0.00041620703316897444,-0.0011655463159069579,-0.0004983484990302966,-7.37528199145489e-06,326.07020367717325,448.9362328917978,6.525562766045626,319.16648561761025,219.56908465282655,9.393276277856145,318.86172417670167,28.67972706932431,-7.982638113116646,1.7240242343022318,-3.356573858875467
31983357,31.653000,9.113729,-16.311807,1023.73,1014.2,1015.41,1030.71,-0.02,-0.04,0.3,1.0,1.0,0.34,1399.99,0.060515508050738374,-0.1170706026703113,0.00031626077704266953,-0.001065785715856554,-0.0011737601459431478,0.002007549182800481,326.07232414433565,448.92920160634037,6.525988229866779,319.15580911600466,219.57511287259987,9.388213778930629,318.84174302036826,28.678641883579733,-7.918770407134091,1.7273162996971376,-3.3603687010660317
31983457,31.752000,9.125952,-16.407685,1023.77,1014.16,1015.36,1030.82,-0.02,-0.04,0.31,1.0,1.0,0.32,1400.26,0.060543134733132234,-0.11717307053550852,0.00027845654924418524,-0.0010844146598043372,0.0002602516553716459,-0.0021316503331584046,326.06593755438297,448.92428483413767,6.5444620893985865,319.0732115998169,219.5397915778843,9.405181547202028,318.6710720970816,28.66101879888927,-7.842801511366022,1.7461060084786952,-3.3715026166521618
31983558,31.851000,9.142387,-16.504598,1023.78,1014.15,1015.35,1030.87,-0.02,-0.03,0.32,1.0,1.0,0.34,1400.19,0.0605724548965866,-0.11728483320769229,0.00030195086720879045,-0.0010988702367485976,2.5187234146028488e-05,0.001757068996217518,326.06823301758857,448.9258530097403,6.53264548105798,319.00748985327965,219.55050934649597,9.36540029255285,318.71873825847,28.68433033569463,-7.8175863030632735,1.763149738662492,-3.4396197147061613
31983657,31.950000,9.158209,-16.645212,1023.86,1014.19,1015.39,1030.97,-0.02,-0.03,0.31,1.0,1.0,0.33,1400.08,0.060606451165693756,-0.11739705650130593,0.00035915292576300657,-0.0011506453715710028,0.0003457181273749347,-0.0005719272241547105,326.06720832953636,448.9339452415585,6.546130283769335,319.0474140604826,219.54334758757,9.391998402716796,318.69574386616347,28.685056528241912,-7.8625148677192565,1.7528142276681624,-3.400056960377644
31983758,32.050000,9.164426,-16.865275,1023.82,1014.16,1015.35,1030.94,-0.02,-0.03,0.31,1.0,1.0,0.35,1400.09,0.06064559915962843,-0.11751864868329998,0.0003899699075499598,-0.0012006219201025565,-0.00018873407848758394,0.0004504984873519477,326.06644127281004,448.93225263758046,6.522063759883408,319.07697893451467,219.5360817169125,9.38788726394091,318.8883156494573,28.67452554013853,-7.952456435760144,1.7452027861583659,-3.4337697223387993
31983858,32.150000,9.163659,-17.201752,1023.88,1014.2,1015.48,1031.35,-0.02,-0.03,0.31,1.0,1.0,0.36,1399.95,0.06068404729060324,-0.1176438045135368,0.0003738452206517793,-0.0012874583662008748,-0.0007648189123241412,0.00030976600940396367,326.07585208146463,448.9336142170001,6.549011586379244,319.1499016338504,219.54332747534207,9.411200672078103,318.89043559486777,28.67723224083672,-7.950239742328187,1.7293984735473538,-3.3809083111651668
31983957,32.251000,9.172214,-17.597049,1023.82,1014.09,1015.43,1031.42,-0.02,-0.03,0.31,1.0,1.0,0.34,1400.07,0.06071659874756868,-0.11776922619699452,0.00028462154773999885,-0.0011880486756850825,0.00019029488013719973,-0.0032143061673503685,326.06745496487616,448.94086526999325,6.5442942234575545,319.1151468275106,219.5572613169127,9.367209185526152,318.9369995474606,28.689209596378696,-8.011001880256895,1.736026470401903,-3.4185757652229074
31984057,32.348000,9.193190,-17.903327,1023.86,1014.13,1015.5,1032.01,-0.02,-0.03,0.31,1.0,1.0,0.36,1400.02,0.06073541976922908,-0.11785810746762637,0.00019888202313860233,-0.0010010379325772118,-0.0015398838349167203,0.005334479224272663,326.0799776046531,448.9373228482182,6.528500801130803,319.0421964897303,219.53025868436168,9.338322846546001,318.9185364922514,28.67813080717752,-8.060313658551737,1.7571766002644376,-3.477229197577259
31984158,32.449000,9.224739,-18.293094,1023.95,1014.13,1015.39,1031.98,-0.02,-0.03,0.31,1.0,1.0,0.36,1399.57,0.06076120143951046,-0.1179955424947153,0.00022734468850057107,-0.0012303816775426394,0.0002287897386636291,-0.0015370933280503118,326.0653783883599,448.9425098723718,6.519845939217226,319.0180903248902,219.54802317303816,9.377496804408938,318.9287731194274,28.710271015007365,-8.068353234181522,1.7596451952560295,-3.492474425225366
31984257,32.550000,9.258914,-18.788058,1023.96,1014.15,1015.54,1032.14,-0.02,-0.03,0.31,1.0,1.0,0.39,1398.51,0.060791319204289505,-0.11816247212761127,0.000314881735986432,-0.0017901658026735433,0.0003146930342409561,-0.0035519875128943623,326.0615474520961,448.93262656570136,6.523773588147154,319.0507144207533,219.53880625615392,9.36428534942839,319.1980912368891,28.73172533214019,-8.089785696855722,1.750553458212048,-3.545361395044997
31984357,32.650000,9.283096,-19.346310,1023.88,1014.08,1015.64,1033.51,-0.02,-0.03,0.32,1.0,1.0,0.28,1398.49,0.060823160858493056,-0.11837310066001672,0.0003134499618446843,-0.002286549910415943,-0.00013217091376284873,-0.00501363059845942,326.0684762032699,448.92963005754126,6.522308101578759,319.05325345909364,219.5574668994926,9.341479956304733,319.3784257015404,28.78034988439587,-8.135893037805655,1.7518141409554717,-3.6012866350528023
31984458,32.749000,9.292223,-19.919295,1023.95,1014.18,1015.53,1033.26,-0.02,-0.03,0.31,1.0,1.0,0.34,1397.54,0.060854318006181046,-0.11864625183010126,0.00031068424676783163,-0.003022660624446865,0.00013005645497884017,-0.009591818371426416,326.07312211360346,448.9320585158653,6.524057031797205,319.05621193345894,219.53625025484445,9.369294584437888,319.7334830656104,28.881525780026884,-8.401749136117234,1.7520547581801162,-3.707642968461822
31984557,32.850000,9.291550,-20.567578,1023.91,1014.09,1015.51,1033.66,-0.02,-0.03,0.31,1.0,1.0,0.34,1397.65,0.06088384696643435,-0.11899897291410759,0.0002741724888204719,-0.003883634490460681,-0.000874471189443823,-0.009968161301900643,326.06868131072684,448.9397338471593,6.540295310210388,319.1532212360826,219.53596350503955,9.404807633611561,320.03806615509393,28.82933039098629,-8.703222325238777,1.726679198622464,-3.719198734062927
31984657,32.949000,9.284669,-21.309706,1023.96,1014.17,1015.43,1033.54,-0.02,-0.03,0.31,1.0,1.0,0.32,1397.72,0.060902688723431894,-0.11943478390246555,0.00013962962452503415,-0.004673026900708326,-0.0012678181079456565,-0.007580338300759434,326.07306146340574,448.9310334635424,6.509186432084162,319.1152437026635,219.54693869741618,9.402338574525803,320.03962161096496,28.858222473794438,-8.727829020391624,1.7373976930878847,-3.7525388154512482
31984758,33.049000,9.266886,-22.114022,1023.96,1014.24,1015.33,1035.01,-0.02,-0.03,0.32,1.0,1.0,0.53,1396.08,0.0609111027940044,-0.11995605630897015,6.355727591698966e-05,-0.005536845446508484,-0.00036766236643201997,-0.0071634450847672644,326.06889520450284,448.9346508550388,6.521394078641403,319.03853010411245,219.55165998652095,9.382120845535452,319.97592564346127,28.845909796324538,-8.70799412330511,1.7555102489914896,-3.7926500531257785
31984858,33.150000,9.232962,-22.975389,1023.96,1014.16,1016.53,1038.37,-0.02,-0.03,0.31,1.0,1.0,0.13,1395.68,0.06091875946756523,-0.12056302974039583,8.986192953095428e-05,-0.006326312176166412,0.00031614148360490084,-0.0014257895489691306,326.07637662420257,448.9379808798402,6.5348919785422535,318.96949561873566,219.54926740738597,9.396294122063274,319.9518499164882,28.843834581078767,-8.8279814734661,1.7745601818656753,-3.84425751107479
31984958,33.251000,9.183740,-23.813690,1023.93,1014.03,1016.0,1036.31,-0.02,-0.03,0.31,1.0,1.0,0.36,1395.85,0.06093233099519115,-0.12124068431143713,0.00019259497975789697,-0.0071685057812264875,0.0020913178492883598,-0.012640096178164162,326.07200759128233,448.92973759440235,6.521191220090715,318.8144291641088,219.5458656580554,9.537410309146185,320.94888238991786,28.845241024498808,-9.465035238994798,1.812202128401841,-4.26567145311761
31985058,33.351000,9.130970,-24.472333,1023.97,1013.99,1016.67,1039.72,-0.02,-0.03,0.31,1.0,1.0,0.44,1395.21,0.06097258638875831,-0.12210621624387541,0.0004853167465807076,-0.009358662964641508,0.001449414718434252,-0.01988272546398651,326.06890244610497,448.93540028737766,6.519773398739853,319.26308751804504,219.55434511790514,9.437674435256342,321.4130126061152,28.799791304858182,-9.52788470265391,1.6994869306826401,-4.044706379639541
31985159,33.450000,9.060394,-25.262794,1024.05,1014.06,1016.51,1040.31,-0.02,-0.03,0.31,1.0,1.0,0.06,1395.18,0.06101074305284512,-0.12314421645818628,0.0002817828694958288,-0.011022744914872002,-0.0027480099044092563,-0.02071076223671561,326.0733554882048,448.93209057900367,6.517530655022509,319.1545711106476,219.54795738176094,9.359796091003668,322.81977507918225,28.96464856395414,-10.603349325800094,1.7276565199498475,-4.557061329677555
31985258,33.550000,8.956146,-26.158049,1023.97,1014.16,1016.0,1039.32,-0.02,-0.03,0.29,1.0,1.0,0.33,1394.47,0.06102745448027501,-0.12439339400620668,0.00010433190464615423,-0.013543191318849136,-0.0018137020875695355,-0.028478877509064648,326.07032162012234,448.9353330592693,6.546508898679831,319.28267413046837,219.54644729343002,9.400670047895115,322.97762575288874,28.965780146862837,-10.696337622104098,1.6948951445914664,-4.500493786710012
31985359,33.650000,8.844181,-26.968841,1023.93,1014.14,1015.91,1039.57,-0.02,-0.03,0.3,1.0,1.0,0.35,1394.27,0.06102059398852047,-0.12591602907125715,-0.00017374609774073224,-0.016047521326762775,-0.002735980846285221,-0.021523579279738993,326.0742567682358,448.9306381162329,6.518716595035027,319.22878573899,219.56722982146334,9.369327408814486,323.19916420015886,28.944176802790892,-10.811814056820825,1.7095150771219632,-4.612238623069139
31985458,33.750000,8.699060,-27.752705,1023.99,1013.98,1015.82,1040.64,-0.02,-0.03,0.27,1.0,1.0,0.36,1394.58,0.060990957317838886,-0.12766799044506139,-0.0003489924215821917,-0.018361675604783002,-0.001244725468316309,-0.024355102504161237,326.0727788238778,448.93710547468265,6.555312350498932,319.02620731460723,219.56080567761376,9.342064706302633,323.00826372832734,29.009079966377715,-11.007283295544292,1.7596058082560027,-4.716376438416178
31985559,33.850000,8.510625,-28.461216,1023.9,1013.99,1015.93,1041.25,-0.02,-0.04,0.27,1.0,1.0,0.42,1394.3,0.06095672009579659,-0.1296342637501829,-0.0002810511590781298,-0.02059136164231094,0.0025478785680574058,-0.022951999293185095,326.06001056767207,448.92286631565764,6.5190328248191465,318.89657343443645,219.568951324645,9.488672901656823,323.11262137825713,29.004634617257096,-11.091128219516081,1.7889440950278421,-4.845294158666149
31985659,33.950000,8.279402,-29.084749,1023.96,1013.99,1016.14,1043.48,-0.02,-0.04,0.25,1.0,1.0,0.2,1395.16,0.06094418224128593,-0.1318295608909257,-5.724952438888785e-05,-0.022531012739362567,0.0013256023183528453,-0.0016919359717041823,326.07784885233895,448.9380724686192,6.5214628230558755,319.02215649572156,219.55173551042657,9.39728641600936,323.18555389388274,29.016987116935194,-11.15899803477835,1.7618049034535133,-4.775387480434578
31985758,34.050000,8.004583,-29.659469,1024.04,1014.06,1015.82,1043.16,-0.02,-0.04,0.22,1.0,1.0,0.37,1395.66,0.060946376820942325,-0.1342031227821633,7.924773767516171e-05,-0.024170797626749795,0.0013407254043109143,-0.0010461935798063838,326.06970130752956,448.937099149372,6.550000693480742,319.2829779987298,219.5560301148469,9.435301306767851,324.5765666485385,28.90165369560955,-11.761957103579148,1.6947222247811822,-4.979874159066936
31985859,34.150000,7.715212,-30.184135,1023.97,1014.07,1015.93,1044.1,-0.02,-0.03,0.2,1.0,1.0,0.35,1395.1,0.06094480479190961,-0.1367953034488135,-0.0001289610427239213,-0.025829163961954137,-0.0032924582662528018,0.010866349330421477,326.0760193307065,448.9359230275582,6.53482737471728,319.2996954827087,219.55615753840948,9.36497587395315,325.3634670348006,28.95344438273611,-12.281687829824886,1.6921364823142824,-5.2064473258491395
31985959,34.250000,7.401579,-30.682854,1023.91,1014.03,1015.81,1044.55,-0.02,-0.03,0.2,1.0,1.0,0.31,1395.4,0.060923500689035334,-0.13884497159777393,-0.00034219873836868346,-0.027194125199190688,-0.002319198825232817,-0.004664738458474192,326.07452307893897,448.93204200728616,6.517828107254315,319.3488558458859,219.5527457161767,9.399646932447018,325.42278062074104,28.9958873869354,-12.409557090689903,1.6794975700575046,-5.184657418300653
31986059,34.350000,7.149688,-31.041350,1023.95,1014.04,1015.62,1044.16,-0.02,-0.03,0.2,1.0,1.0,0.34,1395.21,0.0608540463118331,-0.14246552904476475,-0.0006783267695715475,-0.029757157187300407,-0.0013776260705038056,0.01573819037661241,326.0728624633381,448.93675332455206,6.539893605934344,319.12320531129257,219.57411269758532,9.397723900504062,325.3442877376337,29.000729217466894,-12.472086457266968,1.7355234229970793,-5.3407477950474345
31986160,34.451000,6.811259,-31.452107,1023.86,1014.0,1015.63,1044.56,-0.02,-0.03,0.2,1.0,1.0,0.31,1395.65,0.060787024207331355,-0.14550025994417845,-0.00065131457816517,-0.030613616896804825,0.0015750063678689604,0.051827671347733015,326.0736373836555,448.934799232555,6.52996652972766,319.0455237661525,219.5492722563377,9.421524569395455,324.9224035966524,28.935987065130288,-12.435019913063654,1.7549290056018816,-5.275809311905906
31986260,34.552000,6.390788,-31.882659,1023.98,1014.05,1015.41,1044.39,-0.02,-0.02,0.19,1.0,1.0,0.32,1396.24,0.06072757239390041,-0.1485952790292474,-0.000499998520308663,-0.03066174599690213,0.0033956970189783935,0.011846228219819004,326.06822479327707,448.92856652194706,6.524077580177182,318.9115465417172,219.5507567580101,9.522212168711253,325.08678233925974,28.96614571335048,-12.442194831244475,1.7870712152251045,-5.429964922953981
31986361,34.653000,6.014578,-32.258297,1023.96,1014.11,1015.42,1044.44,-0.01,-0.02,0.05,1.0,1.0,0.5,1395.75,0.06069594032136245,-0.15175639818984774,-0.00023085817237959824,-0.031460514646952896,0.0033105563689380577,0.2174612254925951,326.07054225337896,448.9311453740511,6.548229974552974,319.18275713651775,219.5589839556095,9.404371726477228,325.38068177063406,28.993968921284324,-12.524769411934653,1.7200102177366783,-5.302848134094554
31986460,34.753000,5.599150,-32.588694,1024.01,1014.04,1016.66,1048.82,-0.01,-0.02,0.04,1.0,1.0,0.15,1396.03,0.060670736994606955,-0.1548933591061501,-0.000273020756463888,-0.031194339806087063,-0.0005143190166141883,0.00925503631107351,326.0681025281369,448.93604123152403,6.541503868197202,319.18931896003033,219.56974201679105,9.356775548514392,325.7215789475843,29.0433569222692,-12.767354738633417,1.7178075851196983,-5.399250712458138
31986561,34.852000,5.158713,-32.847980,1023.89,1014.03,1016.51,1049.2,-0.01,-0.02,0.03,1.0,1.0,0.07,1395.95,0.06063922810777491,-0.1579756056946922,-0.00034910125643829344,-0.030462261402749914,-0.000630471387962976,0.049171825186396866,326.0729109794565,448.9329230743114,6.525587181620304,318.8814052572828,219.52779517560845,17.756666514908698,327.2921554663044,29.12317303879946,-13.810380232662746,1.795548487200595,-6.120381260191081
31986661,34.952000,4.710791,-33.040873,1023.91,1014.14,1016.19,1049.01,-0.01,-0.01,0.03,1.0,1.0,0.11,1396.8,0.06061424482455018,-0.16115568933655336,-0.00019105183793747624,-0.0324594756473593,0.00045031243331554547,-0.010073189880975456,326.0729177924488,448.9408191897525,6.52128914339074,319.4581573784433,219.59151788433505,9.588084845118425,327.2972402182672,29.014678637597516,-13.569513172779997,1.652033895453342,-5.659513016746997
31986762,35.054000,4.254965,-33.197870,1023.95,1014.05,1015.5,1048.65,-0.02,-0.01,0.01,1.0,1.0,0.13,1397.44,0.060579304175106694,-0.16445310060021534,-0.00044675744895868684,-0.03243959307073413,-0.001707520899831183,0.03362491872043178,326.0698578595738,448.9280133675679,6.535194016028125,319.22697078668085,219.56367365620844,9.33378385125249,328.362660353483,29.16662466312496,-14.269146275473357,1.7088632346798271,-6.164803217619646
31986862,35.154000,3.705957,-33.311691,1023.97,1014.06,1015.6,1048.57,-0.02,-0.01,0.16,1.0,1.0,0.24,1397.96,0.060523581601112125,-0.16782227334142472,-0.0005895780462825391,-0.031587550671341294,-0.0008478667912100752,0.0834738889617741,326.0761869373365,448.94780100963476,6.543412427702295,319.409474993661,219.5648214598246,9.562718855229917,327.6718258956104,29.036972768945336,-13.783984677953288,1.6647571756294697,-5.812623356142021
31986961,35.254000,3.278950,-33.357915,1023.96,1014.14,1015.4,1048.52,-0.01,-0.01,0.22,1.0,1.0,0.25,1398.39,0.06044279582175247,-0.17119421783843267,-0.0008669739986793167,-0.03316372676966606,-0.0008211600084965927,0.012309365755560606,326.0631808742141,448.92740086937835,6.516333872964063,319.1283831000395,219.54182066350634,9.43138501897716,327.8008593320024,29.078113445019422,-14.141917427662374,1.7316417998664353,-6.0703593261407045
31987061,35.353000,2.768979,-33.381073,1023.91,1014.21,1015.34,1048.4,-0.01,-0.01,0.24,1.0,1.0,0.26,1398.72,0.060381741543993395,-0.17371932347687405,-0.0006673809214628175,-0.02873749238410162,0.005288208070798282,0.18931800995295134,326.0768034971473,448.93188411204505,6.531035835118233,319.02312741299016,219.54710378464117,9.385673047141609,327.1625206131647,29.084619460130064,-13.65676324390538,1.7613137026648258,-5.969667277532453
31987161,35.453000,2.223316,-33.306609,1023.92,1014.09,1015.42,1048.38,-0.01,-0.01,0.25,1.0,1.0,0.26,1398.99,0.06031150097898041,-0.17702701717501323,-0.0004937040581801589,-0.027780739131906963,0.002680933833789759,-0.01614261405912372,326.0811401726952,448.9506032601862,6.541884958284021,318.90346244775964,219.56831523610288,9.503965548372195,327.46317500425226,29.127323238449762,-13.938764484140542,1.7922765426424665,-6.158082745873998
31987261,35.554000,1.651482,-33.151585,1023.93,1014.18,1015.34,1048.49,-0.01,-0.0,0.27,1.0,1.0,0.25,1399.16,0.06027694007592468,-0.18030827685168144,-0.0002603738367242865,-0.03242917921051012,0.0009657681674089011,0.018863750792568853,326.06701247197316,448.9325606632023,6.512329344582014,319.2637734364658,219.53391014813417,9.441268681169468,327.3029217040383,29.057177148963806,-13.714168851434643,1.6987138504821906,-5.814185156889958
31987361,35.653000,1.055593,-32.965434,1023.94,1014.06,1015.32,1048.4,-0.01,0.0,0.29,1.0,1.0,0.26,1399.43,0.06024659401060278,-0.18343590660435086,-0.0003108519719696557,-0.03054476970344368,0.000559805126631122,0.04207282701649176,326.06984298802183,448.9377051023085,6.5381227956625905,319.43728705923803,219.57641614274445,9.562234527814597,327.87177961775166,29.068181577745015,-14.010719935433556,1.6563893175638882,-5.847815729479304
31987462,35.753000,0.440761,-32.759871,1023.92,1014.09,1015.28,1048.42,-0.01,0.0,0.31,1.0,1.0,0.26,1399.59,0.0602104478033544,-0.18641713213441824,-0.00043470066635365,-0.029160870434502165,-0.0021852863936775682,0.01415983156256729,326.07641917961183,448.93080185429557,6.538028447044529,319.3510831891301,219.5516404564093,9.368932118434563,327.9490676537592,29.069305030539343,-14.09351872778835,1.679415888372574,-5.943292237833163
31987561,35.854000,-0.215677,-32.561143,1023.94,1014.1,1015.33,1048.4,-0.01,0.0,0.32,1.0,1.0,0.26,1399.71,0.060158546036402825,-0.18922340433409723,-0.000541044244514267,-0.027570642819667222,-0.00022714278464686243,-0.003991686007517899,326.0726093398148,448.9320683521374,6.5488197688971646,319.30105435855137,219.54782737070806,9.43519293919399,327.5245999726478,29.06800074538335,-13.678460481401167,1.6909133529429523,-5.853910246263518
31987661,35.953000,-0.852323,-32.416409,1023.92,1014.1,1015.24,1048.33,-0.01,0.0,1.0,1.0,1.0,0.2,1399.86,0.060105358885741346,-0.19187701414520913,-0.0005156513073323719,-0.026346852922344656,0.0012353758513878217,0.0008188816302874735,326.0656267358112,448.909111945209,6.5226074352403085,319.0691564951065,219.5285239504688,9.355131326235211,327.59807643838434,29.104582018997828,-13.848017894931576,1.7470701148026164,-6.0586535764896965
31987761,36.053000,-1.509347,-32.359014,1022.53,1013.8,1015.3,1048.29,-0.01,0.0,1.0,1.0,1.0,0.2,1399.85,0.06006858853631163,-0.1943675291375441,-0.00028709474684096467,-0.024356708778287217,0.0021896430264942415,0.024413241205318865,326.07898078825775,448.9427737697452,6.520137654230614,319.18433561518486,219.56850829478958,9.442081164156054,327.2965100403986,29.055534224286507,-13.692333765325932,1.7217064890589262,-5.881634084596405
31987861,36.153000,-2.162146,-32.408266,1021.24,1013.5,1015.23,1048.48,-0.01,0.0,1.0,1.0,1.0,0.18,1399.89,0.06004462166854073,-0.19664906227078272,-0.0002146690895264235,-0.02143788808928956,0.0007737651403635937,0.042877327187329416,326.06399290591753,448.9263524875653,6.5359840911356635,319.04452122396873,219.55245021092654,9.371986556851054,327.62725403962224,29.071420247426623,-14.034712029930823,1.7528612253970817,-6.0856222892743155
31987961,36.253000,-2.801952,-32.524163,1019.88,1013.35,1015.31,1048.43,-0.01,0.0,1.0,1.0,1.0,0.18,1399.99,0.06003228456932083,-0.1987253113221006,-6.111595310741435e-05,-0.02021613565966325,0.0013928688114709844,0.02035564835470532,326.0697398129616,448.93874848749476,6.524680454121658,319.44373124931377,219.6058367924901,9.498192565569612,327.9189770245174,29.08077831893533,-14.02135441369641,1.654959755731906,-5.856964498621992
31988061,36.353000,-3.467278,-32.671563,1018.81,1013.24,1015.28,1048.38,-0.01,0.0,1.0,1.0,1.0,0.18,1399.98,0.060013801783483,-0.20060535757381415,-0.00029642415625770994,-0.017651117099390833,-0.0028637926890582107,0.038343790595259525,326.072123867381,448.9337002409735,6.530062302427019,319.6468734051009,219.65953426386582,9.28321770914307,329.1326970251828,29.124957501757095,-14.433845511772876,1.6052229359262793,-6.06058100630719
31988162,36.453000,-4.135771,-32.789245,1017.94,1013.24,1015.32,1048.38,-0.01,0.0,1.0,1.0,1.0,0.18,1400.08,0.05995310936304138,-0.2022724312516317,-0.0008515283639031006,-0.015787847839380677,-0.006663029831021704,0.04646541616669254,326.06093582524767,448.94088064285046,6.550836371177224,320.0201472215324,219.66970557418657,9.000923247890817,329.76414052577843,29.122627992686862,-14.594258589106559,1.5092679410118388,-5.945916460184103
31988262,36.556000,-4.826699,-32.852062,1017.08,1013.32,1015.4,1048.34,-0.01,0.0,1.0,1.0,1.0,0.18,1400.07,0.05980965081196624,-0.20375809148539364,-0.0017448426407792456,-0.01411986013219399,-0.007821189557251002,0.018159636726155413,326.0730405754883,448.93034747412094,6.526250721420523,320.08016837095573,219.65279091935972,8.929181474654024,330.3336432299465,29.08450347663549,-14.600737395954258,1.4972600279492336,-6.074334207257893
31988362,36.654000,-5.549440,-32.865124,1015.95,1013.43,1015.32,1048.4,-0.01,0.0,1.0,1.0,1.0,0.18,1399.92,0.05958289186407715,-0.20509727526514793,-0.002556504460418549,-0.012772310333367627,-0.008087682712793086,0.013561419264118075,326.06602642401754,448.9460055341653,6.544420772294488,320.05633131887157,219.68848627915847,8.96327983674493,330.2469955218833,29.09523707610086,-14.554837174372437,1.501592311407902,-6.063768329665969
31988462,36.754000,-6.271201,-32.837460,1015.64,1013.41,1015.27,1048.33,-0.01,0.0,1.0,0.58,1.0,0.2,1400.03,0.059284569417542524,-0.20629432969547726,-0.0032250655469678235,-0.011552476833918843,-0.006224230955891216,0.01120563218380867,326.07301020734326,448.9340532917093,6.531197621429144,320.1126925367933,219.609111005591,8.728219474500637,330.2449003197025,29.01376039046228,-14.674542776669904,1.4888227082936034,-6.020672386884771
31988562,36.855000,-6.993708,-32.763169,1016.46,1019.41,1015.28,1048.41,-0.01,0.0,1.0,0.15,1.0,0.19,1398.21,0.05893194044274097,-0.20735990562990173,-0.003647460728742395,-0.010066365833832584,-0.0003872824404558059,0.02127897165641531,326.0726126180059,448.93569323707067,6.530628432461318,320.2535260288067,219.63453801900917,8.597428902307906,330.7666615479026,29.083338902969505,-14.664172920409982,1.4537107579276105,-6.065356093876794
31988662,36.954000,-7.730660,-32.652093,1015.98,1017.42,1015.47,1048.27,-0.01,0.0,1.0,0.33,1.0,0.2,1398.18,0.05852933459060942,-0.20832031717452376,-0.0041654187321037576,-0.009073405252518237,-0.0017596270172553527,0.01789331851172697,326.07191160097733,448.9363351071345,6.535380891783416,320.4631159772568,219.6086610105866,8.43219945544821,331.60705564944817,29.137351417461222,-14.994225453055426,1.401035724814883,-6.1504689372057495
31988763,37.054000,-8.441090,-32.517937,1015.47,1017.12,1015.31,1048.39,-0.01,0.01,1.0,0.49,1.0,0.17,1398.54,0.05806995188389135,-0.2091836553923107,-0.004887012807164904,-0.008371725567782916,-0.006286127177466129,0.011207875340763366,326.07343328517595,448.94021132935404,6.512858364571798,321.1154622915939,219.53241019951318,8.30374691957117,332.89165491189306,29.100079355870957,-15.115068012730452,1.2380860454931517,-6.014794073413027
31988863,37.155000,-9.164189,-32.370102,1016.26,1021.95,1015.22,1048.28,-0.01,0.01,1.0,0.1,1.0,0.18,1398.42,0.05750571329403391,-0.2099568513513938,-0.0061199174743526924,-0.007274181256483844,-0.010416966634365182,0.014661944564633801,326.07012837878784,448.94101707682245,6.541426464536915,321.31811736493785,219.51095453080924,8.191852131182365,333.98363036059925,29.085990056948027,-15.387092725332801,1.1865544032474233,-6.178351356131282
31988963,37.255000,-9.862596,-32.245091,1015.77,1021.29,1015.27,1048.41,-0.01,0.01,1.0,0.16,1.0,0.16,1398.38,0.05680865442525581,-0.21064821549281126,-0.007400918253406889,-0.0066830283096909,-0.0042930195318572955,0.013114236905607536,326.0698930346547,448.9335383010846,6.559142097227267,321.48469240842775,219.4736090220021,8.172801888956743,334.1857518753776,29.08950674864108,-15.624520520654558,1.1447649528872397,-6.106237159038886
31989062,37.354000,-10.346148,-32.169186,1014.97,1021.13,1015.35,1048.38,-0.01,0.0,1.0,0.17,1.0,0.16,1397.45,0.05620429222637533,-0.2111277605777034,-0.0069835036317176585,-0.005201950415512935,0.036458866014547044,0.04002849269582092,326.0736267183154,448.9372885878279,6.53453013939031,321.4640552220621,219.50655924818804,8.050376922648441,334.517294186451,29.191352846189133,-15.825601399618954,1.1509943089857815,-6.2256164484500225
31989162,37.454000,-11.015589,-32.064554,1014.45,1020.78,1015.39,1048.33,-0.01,0.0,1.0,0.21,1.0,0.16,1397.83,0.05530925953894339,-0.2117222044834098,-0.00767893855155917,-0.004784104297909459,-0.005930972095806505,0.0034816596268710436,326.0741858510605,448.93631928783844,6.5383928269607665,321.60051394992075,219.5400976618486,8.17204146895719,334.5916758517411,29.174417402289734,-15.804923853476843,1.117237368192879,-6.1384687233973665
31989262,37.554000,-11.677683,-31.976558,1014.12,1020.61,1015.25,1048.31,-0.01,-0.0,1.0,0.23,1.0,0.16,1398.22,0.05432928640557451,-0.2122663066037789,-0.010150596330559276,-0.005322695307257081,-0.004869877071083399,0.0042515200980022564,326.0694577183729,448.92573202900184,6.52192534695906,321.634322988437,219.56580571060528,8.07846752703812,334.88273799850344,29.158147592311245,-15.680133121300916,1.107790885524132,-6.1957622530555145
31989362,37.654000,-12.352758,-31.894068,1013.89,1020.5,1015.19,1048.39,-0.01,-0.0,1.0,0.24,1.0,0.15,1398.67,0.05328779570478784,-0.21277652204794967,-0.010482909355926391,-0.004899174127934569,-0.0019571715561450165,0.005842262985566929,326.0681626196416,448.9395679934295,6.556631862820356,321.6738070459914,219.55447578227705,8.130132161652526,334.94262217171115,29.199913027861093,-15.727455904610087,1.0974873388128483,-6.182372464893161
31989462,37.754000,-12.955765,-31.823380,1013.85,1020.37,1015.31,1048.39,-0.01,-0.0,1.0,0.26,1.0,0.15,1398.88,0.05220146207160064,-0.2132444036875272,-0.011005596139601458,-0.004547466935800803,0.0028519272385641517,0.005584668573799913,326.0780097332179,448.93857402873175,6.540911608824193,321.67686813461427,219.57211387902194,8.165044496858313,335.0397141849733,29.138834338530476,-15.808286607397939,1.0992709960925806,-6.212450367174476
31989562,37.854000,-13.555685,-31.768966,1013.77,1020.34,1015.29,1048.42,-0.01,-0.0,1.0,0.27,1.0,0.15,1399.06,0.05109178420948493,-0.21368255649146436,-0.011125236859329184,-0.004236573356870223,0.004157230124013001,0.006582255651819025,326.07170271782604,448.93983377604167,6.54878630188869,321.6395230381952,219.55421115289244,8.056544489235408,334.9760937988498,29.169731345814828,-15.723727361937712,1.106928984420664,-6.2209230326435785
31989663,37.954000,-14.167206,-31.734661,1013.76,1020.39,1015.22,1048.41,-0.01,-0.0,1.0,0.27,1.0,0.14,1399.36,0.04997924498044413,-0.21408692168387755,-0.01068136016572616,-0.003820815147773018,0.018209313478672762,0.007918239426042565,326.0705749868899,448.93142857169016,6.531558122962755,321.6736234204776,219.5724308798738,8.150537339490578,334.9236656739702,29.157273588533627,-15.66918553651026,1.0982604334736812,-6.1770323773748705
31989763,38.055000,-14.704617,-31.706613,1013.75,1020.38,1015.33,1048.39,-0.01,-0.01,1.0,0.28,1.0,0.14,1399.39,0.04888178041980908,-0.21446123447836057,-0.010899318757668986,-0.0035804935372533288,-0.003129165933735583,0.0025772506254876197,326.07277071374176,448.9417447585057,6.550941152852239,321.6588170613298,219.558895148224,8.1247274996508,334.89812378393907,29.144793719855826,-15.621220445427868,1.1019698126427104,-6.181258359615393
31989864,38.155000,-15.256937,-31.679902,1013.81,1020.35,1015.24,1048.35,-0.01,-0.01,1.0,0.87,1.0,0.06,1399.71,0.04781218386178867,-0.2147949098985639,-0.01059390642510988,-0.0032364934156922645,-0.017218080864034764,-0.0042905610349269355,326.06648375925727,448.933160264324,6.5260601712872095,321.6676678182152,219.58009169140072,8.130514377102804,335.0605127669315,29.168515776546194,-15.764051602062109,1.0987543952852212,-6.220855663380046
31989963,38.256000,-15.788451,-31.629970,1016.46,1030.27,1015.23,1048.44,-0.01,-0.01,1.0,0.07,1.0,0.05,1398.82,0.046782430658314354,-0.21510387507446269,-0.010754241478431546,-0.0031544517531297573,-0.02438141506641297,-0.004510500799447321,326.07364518234994,448.9297127216906,6.521606212909379,321.68566927869114,219.55896059566186,8.10122617594752,335.12176867464757,29.17763058396478,-15.951731201120458,1.0959629071676646,-6.228863010940847
31990063,38.355000,-16.186305,-31.585365,1016.73,1030.27,1015.35,1048.32,-0.01,-0.01,1.0,0.06,1.0,0.05,1398.36,0.0457959662784945,-0.21538466736711165,-0.009884193986469494,-0.0027810055010116064,0.006352889629740978,0.0029321057392015337,326.07784314835214,448.93711314627734,6.535112218949049,321.8972007729779,219.45497976187482,7.904570319305675,335.55789924300205,29.126343829094832,-15.829394138716752,1.0420740067507874,-6.189470704177424
31990163,38.456000,-16.667318,-31.537539,1015.86,1029.89,1015.29,1048.42,-0.01,-0.01,1.0,0.09,1.0,0.04,1398.7,0.04484568421057369,-0.2156402338047819,-0.009219887052747783,-0.002437131769894835,0.01133435485268076,0.003115592246207651,326.07265635463534,448.92031630580243,6.527838691888553,322.88156595013226,219.4970588551027,7.456043611940565,337.7786544271667,29.270958348560065,-16.270533209292438,0.796886178009554,-6.071611138327573
31990263,38.555000,-17.222272,-31.486299,1015.14,1029.43,1015.39,1048.32,-0.01,-0.01,1.0,0.13,1.0,0.04,1399.01,0.043863980897051874,-0.2158536216000316,-0.009864341451414087,-0.0017420221354655957,0.010416120252939913,0.012690114997043452,326.0741526983536,448.9364546232074,6.525775861831686,323.84408267581426,219.46524148231427,7.047240276449604,340.60131834861255,29.335526339035955,-16.90961773527581,0.5568000284151837,-6.150394859001931
31990363,38.656000,-17.705636,-31.438528,1014.73,1028.97,1015.3,1048.26,-0.01,-0.01,1.0,0.17,1.0,0.04,1397.79,0.042757009518590405,-0.2159940756911229,-0.011640185951033881,-0.0012309519314316912,-0.007640138974090737,0.00501869302846958,326.07716234224574,448.93868112263203,6.551826595476226,324.78540714518215,219.38661802407188,6.602827207424055,343.2039780990866,29.557479437180003,-17.52112971253392,0.32241635618674097,-6.186728582501288
31990463,38.755000,-18.180051,-31.393832,1014.26,1028.88,1015.25,1048.22,-0.01,-0.01,1.0,0.18,1.0,0.04,1398.22,0.04141507486914394,-0.21609955300316527,-0.014098772855069311,-0.0008637701253665669,-0.006292945248543433,0.007274706714085035,326.0694549267112,448.9435086026964,6.554226297452366,325.3728138128881,219.4312728388299,6.656119624367923,344.5901141865278,29.607703006146835,-17.977629683345313,0.17391000068440515,-6.128616987230259
31990563,38.855000,-18.614851,-31.372980,1013.92,1028.8,1015.24,1048.32,-0.01,-0.01,1.0,0.18,1.0,0.03,1398.55,0.03980254279644413,-0.21615395271488538,-0.01656792817341872,-0.00037459451761339774,0.004467695399714846,0.004317929922803474,326.0751794872646,448.93433990593064,6.542917470719715,325.1611148418365,219.30229528302053,16.503089541330752,344.25635288056526,29.599462838328346,-18.004718662676233,0.2280682117526942,-6.2040934422613905
31990663,38.955000,-19.057447,-31.383141,1013.92,1028.68,1015.23,1048.3,-0.01,-0.01,1.0,0.2,1.0,0.02,1398.95,0.037977791008173806,-0.21618717341293633,-0.018615820321792386,-0.00034452764065616827,0.007456836977864451,-0.000601368885024433,326.07776602013496,448.94381482575835,6.532744393964055,324.48866801970127,219.4841624901258,6.542865787765506,342.8328057688905,29.53126403344335,-17.586562505970548,0.39733290872119037,-6.310730322351554
31990764,39.055000,-19.478444,-31.447968,1013.83,1028.75,1015.28,1048.24,-0.01,-0.01,1.0,0.19,1.0,0.02,1399.0,0.03606258292788717,-0.21624774605076225,-0.019099864952752312,-0.0007528559032523606,0.019605479571179998,-0.002512238160635816,326.07898944451983,448.92966353503573,6.547733997083591,324.114942246631,219.4487689414206,6.831582898305676,341.55047244774386,29.45895783632202,-17.230078561949394,0.48922667702904127,-6.221850009488884
31990863,39.155000,-19.872045,-31.564457,1013.93,1028.62,1015.32,1048.25,-0.0,-0.01,1.0,0.21,1.0,0.01,1399.4,0.03416815037789951,-0.21632973589874857,-0.01866838279282891,-0.0008344220479588691,0.01767909176094636,-0.00010263739721166052,326.07494147868636,448.93842640865404,6.535686990492553,324.2307257869979,219.46983845620989,6.733633544431871,341.79709045565403,29.397013755089937,-17.119162086749025,0.4604704357635646,-6.2011676018252
31990963,39.255000,-20.263139,-31.708876,1013.78,1028.55,1015.28,1048.25,-0.0,-0.01,1.0,0.21,1.0,0.01,1399.63,0.032330268059904,-0.2164103854731532,-0.01772097975804562,-0.0007450647945647441,0.004450296179618814,0.001050890863731879,326.07390292282787,448.9305816954538,6.538981542751978,324.70039280342786,219.45139636689575,6.488835478838413,342.93796462974535,29.525500551413625,-17.508844582230754,0.3429304192530972,-6.170851965295933
31991064,39.356000,-20.630119,-31.854414,1013.69,1028.42,1015.17,1048.22,-0.0,-0.01,1.0,0.23,1.0,0.01,1399.76,0.030524499551619767,-0.2164719683756283,-0.018677929726120136,-0.0004912042514823725,0.0009654582089001429,0.0048675239764031444,326.07375065926067,448.9414951949871,6.5524602037237765,325.2542887535615,219.29944256557624,16.78388269747472,344.2439792805471,29.550269709323732,-17.94684051268774,0.2044551894678604,-6.123920174846793
31991163,39.455000,-21.017510,-32.007425,1013.76,1028.62,1015.3,1048.04,-0.0,-0.01,1.0,0.21,1.0,0.02,1399.78,0.028690786583470327,-0.21648381491215635,-0.018005039322688886,0.00012073846760375779,-0.015267159654153713,0.006028664539180109,326.07111868587975,448.9353392225757,6.529677375544343,325.2518839943769,219.3138463260932,16.891689704540326,344.3240839101531,29.574247165369282,-17.850184602135666,0.20441680133517817,-6.148797104334003
31991263,39.554000,-21.358504,-32.168422,1013.73,1028.67,1015.32,1048.12,-0.0,-0.01,1.0,0.21,1.0,0.0,1399.73,0.026841740353913568,-0.21645712002105766,-0.019308799608595224,0.0002738326408802281,-0.02536921214723047,-0.0015547287322456996,326.0777944708448,448.94116748914405,6.527249299086227,324.7486679468561,219.43099350847356,6.48500606342221,343.3852186225135,29.54093270139373,-17.60824582020418,0.3318044147353317,-6.268888834747404
31991363,39.655000,-21.751984,-32.368431,1013.71,1028.71,1015.2,1048.21,-0.0,-0.01,1.0,0.21,1.0,0.01,1399.9,0.025054201901616897,-0.2164548435384794,-0.017389994473433184,-0.00011621335721384636,0.019884199577171725,-0.003546380046409643,326.076110782706,448.9292227941654,6.541957123435624,324.3073211352628,219.49234255087404,6.67950626284214,342.22894474669823,29.494744166823857,-17.401068129537734,0.44169958154720423,-6.27191043015508
31991463,39.755000,-22.111699,-32.609692,1013.84,1028.62,1015.33,1048.18,-0.0,-0.01,1.0,0.22,1.0,0.01,1399.94,0.023380415032827197,-0.21648528424148156,-0.016041305697199918,-0.0003659235294200532,0.020436962138690555,-0.0005659586701885268,326.0744191381037,448.9449117209889,6.561007353598752,324.2493282376633,219.4831862882271,6.71126275683547,341.9143450904605,29.42887573117588,-17.096857949462244,0.4557091191508694,-6.221643836346089
31991564,39.855000,-22.483417,-32.914750,1013.91,1028.59,1015.47,1048.22,-0.0,-0.01,1.0,0.23,1.0,0.02,1400.0,0.0218645672998769,-0.21652149864813897,-0.014641839519066254,-0.0003206305796999052,0.015158288606094915,0.002137540062727289,326.0765967247204,448.9351227065431,6.53347319971456,324.5681144902762,219.47822673852968,6.5424010669314105,342.7007998220145,29.513722164278327,-17.443066578626464,0.3766651685376698,-6.2058656155027565
31991664,39.955000,-22.841551,-33.227390,1013.79,1028.52,1015.17,1048.11,0.0,-0.01,1.0,0.24,1.0,0.02,1399.9,0.02048179928284763,-0.2165446817229894,-0.013513524925589047,-0.00019849094232654818,0.004871367978404255,0.0010861239520761653,326.0805709558332,448.93732603423126,6.551571213500456,325.06392614370424,219.3892813735157,6.585344987780096,343.8399748222766,29.567911479599744,-17.71112836463172,0.2537554882353678,-6.156507614132348
31991765,40.056000,-23.182676,-33.528707,1013.75,1028.54,1015.29,1048.17,0.0,-0.01,1.0,0.24,1.0,0.03,1400.05,0.019188459828956294,-0.21655294544726222,-0.012673700782477506,9.818529747449908e-06,0.004098917377957747,0.002750121364170037,326.07682617544344,448.92960332814,6.537703216900768,325.0623886009792,219.3575365308235,16.73187838245703,344.13090164166874,29.604184863741956,-17.974263578924273,0.25317807218020394,-6.244804300375982
31991865,40.156000,-23.605015,-33.810805,1013.85,1028.54,1015.31,1048.18,0.0,-0.02,1.0,0.24,1.0,0.03,1400.16,0.01794974809877987,-0.21654474739620144,-0.012199924002114516,3.3083597240267016e-05,0.0021188239746892015,-0.0023662514843021515,326.07023267416014,448.93344572601535,6.54272061896341,324.6958794855758,219.43474426164602,6.436812438904082,343.17857559551675,29.52290978710794,-17.557711495297518,0.343111727721691,-6.244886606100569
31991966,40.257000,-23.972795,-34.072905,1013.84,1028.5,1015.25,1048.16,0.0,-0.02,1.0,0.25,1.0,0.04,1399.98,0.016794456130232085,-0.21655905252022142,-0.011059301014764706,-0.00023211892114447807,0.016882097621428376,-0.0019332527897074304,326.07659135095025,448.9409387448886,6.5423806476268975,324.35839226369944,219.50895807202775,6.6064211153677865,342.3495357060817,29.471011958121412,-17.314734161812133,0.4290758220747292,-6.266300097269745
31992065,40.357000,-24.312866,-34.269177,1013.83,1028.51,1015.22,1048.39,-0.0,-0.02,1.0,0.25,1.0,0.06,1400.0,0.01601472665968367,-0.21658483811739562,-0.008323200279384747,-0.00033020195510032854,0.07749538275586226,0.0008196540924500907,326.0754291847513,448.9356460262593,6.534250680573295,324.4041356994251,219.4757814586408,6.470717747435587,342.21275512951564,29.463927875420215,-17.32797439314441,0.4173120642418424,-6.188957051927643
31992166,40.457000,-24.681164,-34.486240,1013.9,1028.48,1015.32,1048.18,-0.0,-0.02,1.0,0.25,1.0,0.05,1399.89,0.015109926936138975,-0.2166245442751249,-0.007094960631300998,-0.00029467660402276085,0.005727614289405756,0.0009145840637706234,326.078753549387,448.9390400257186,6.5490193950182185,324.52908604819595,219.4496137846924,6.437396685849978,342.52367789444764,29.519821139964822,-17.311812556308137,0.3868938948515148,-6.186028600636458
31992265,40.557000,-25.113659,-34.683663,1013.87,1028.49,1015.3,1048.24,-0.0,-0.02,1.0,0.26,1.0,0.06,1400.08,0.014340249324828396,-0.21665090600447584,-0.007378990195641276,-0.00022214674524957757,0.009006178949294471,0.0009389491263467969,326.0721907407022,448.93805791906226,6.5420538338073495,325.0690343627901,219.31277181864013,16.041684459106097,343.8338435619699,29.550825773931397,-17.687668214523942,0.2503045808862361,-6.148002622392864
31992365,40.657000,-25.554426,-34.865054,1013.83,1028.51,1015.32,1048.09,-0.0,-0.02,1.0,0.26,1.0,0.05,1400.12,0.01365163839544422,-0.2166636254826371,-0.006741591452854277,-2.264877703650122e-05,0.004993977663868874,0.0034084137772455217,326.07276012277356,448.94062637065156,6.538832484447547,325.1154189066905,219.3285895745284,16.554307783876386,344.07198983315834,29.55623063990674,-17.872769675433783,0.2388868378216781,-6.1821893850436
31992466,40.756000,-26.015499,-35.042885,1013.91,1028.49,1015.11,1048.15,-0.01,-0.02,1.0,0.26,1.0,0.06,1400.15,0.013004347247772288,-0.21665546737046293,-0.0062939899864298925,8.66685836739316e-05,0.0057229228745047335,-0.0006787522293966307,326.0720468836755,448.92746402573414,6.526067019641166,324.79484811604146,219.41793687979563,6.486608063416874,343.47892515447495,29.540338926564022,-17.668694617090104,0.31884229169698164,-6.257534105803024
31992565,40.857000,-26.497760,-35.196779,1013.84,1028.57,1015.16,1048.24,-0.0,-0.02,1.0,0.26,1.0,0.08,1400.19,0.012407528625660334,-0.2166556441912151,-0.005850503628325303,-8.86473193108538e-05,-0.006620829422132098,-0.002915270811238887,326.0798735370522,448.937572502871,6.5517508622604455,324.6399880639474,219.44785948428841,6.423777979290382,343.05580620733724,29.50680953798962,-17.473098272498145,0.35948573447833604,-6.256799767419258
31992665,40.957000,-26.983561,-35.296307,1013.9,1028.54,1015.28,1048.13,-0.0,-0.02,1.0,0.27,1.0,0.07,1400.07,0.011900232803180982,-0.21667959584536534,-0.005070287185543782,-0.0003537465526270286,-0.006463263736125851,-0.0037336779441630163,326.0742905618806,448.9377333528681,6.534906803389029,324.4511644738898,219.4461872143633,6.45034002377099,342.36939828492126,29.451026484731692,-17.390721679091833,0.40522940989141365,-6.1980255853260395
31992765,41.057000,-27.474674,-35.325390,1013.8,1028.54,1015.26,1048.2,-0.0,-0.02,1.0,0.27,1.0,0.08,1400.24,0.011498505209279315,-0.2167136187411878,-0.003619480322575023,-0.000297319582863216,0.01903067988240448,0.002140689358013744,326.0688541817797,448.94187940256194,6.55741414008739,324.4768104350232,219.44080339573443,6.427238687459672,342.5157346035285,29.55420911867339,-17.416940196739784,0.3974531446279621,-6.221628392267023
31992865,41.158000,-27.986736,-35.324259,1013.81,1028.38,1015.38,1048.2,-0.0,-0.02,1.0,0.28,1.0,0.09,1400.12,0.011201393444211004,-0.21673758241801125,-0.0026162289853693707,-0.0002367258135205544,0.00706467833554146,-0.00044585717734573236,326.0774416906346,448.93706279726354,6.545300669463663,324.7461280122634,219.42005301032876,6.4725086054446175,343.13247182602817,29.530736568637145,-17.420924470526586,0.3323405074899933,-6.195198030878126
31992965,41.257000,-28.578319,-35.296710,1013.79,1028.48,1015.37,1048.12,-0.0,-0.02,1.0,0.28,1.0,0.09,1400.13,0.010979261176173078,-0.2167606329795497,-0.002031978266765955,-0.00019894964967184575,0.005245378450561412,0.001242411795732446,326.06977153697846,448.9344840230516,6.547724962996664,325.042638146717,219.4061785582935,6.672114602155085,343.91505800226076,29.54664073587991,-17.741785870908526,0.25639545985487644,-6.189459033395979
31993065,41.356000,-29.008130,-35.255293,1013.87,1028.38,1015.33,1048.11,-0.0,-0.02,1.0,0.29,1.0,0.09,1400.2,0.010838317975948489,-0.21677294566502406,-0.0015207529136300661,-0.00012115472474941654,0.010899239650042759,0.0014563184330550136,326.0816159039849,448.9389969411212,6.546932272978951,325.0635899202575,219.37430544502314,6.724184918835614,343.89062765589495,29.54559295449069,-17.783384439433473,0.2540817996475208,-6.172183607072196
31993165,41.457000,-29.512200,-35.194632,1013.9,1028.47,1015.2,1048.19,-0.0,-0.02,1.0,0.29,1.0,0.1,1399.99,0.01065717983943151,-0.21678082310683916,-0.0014602713112212638,-6.978350623252536e-05,0.0021686854856944582,-0.0011178901010914556,326.07722226811006,448.94507968582155,6.5383754284987585,324.6301478762295,219.44717183297652,6.446585475338205,342.9554687807878,29.498191817117686,-17.496241397923715,0.361267591951449,-6.233089300861098
31993266,41.557000,-30.102055,-35.099728,1013.85,1028.47,1015.3,1048.17,-0.0,-0.02,1.0,0.29,1.0,0.11,1400.09,0.01051464658315011,-0.21680731024965472,-0.0012143512207160407,-0.00032235619355585845,0.0050417394345909005,-0.001073080985383082,326.0656832500817,448.9417175041289,6.546959828444656,324.51475049130784,219.46155166475813,6.539182533690129,342.714600657321,29.51937619808278,-17.49520397239313,0.3872253975533896,-6.2476997253706426
31993366,41.657000,-30.763908,-34.963576,1013.89,1028.47,1015.31,1048.24,-0.0,-0.02,1.0,0.29,1.0,0.12,1400.13,0.010433548169283095,-0.21684646388872458,-0.0005778344799793712,-0.00042230750341979735,0.006043450471942817,-0.0005593024223351026,326.0747706081643,448.93667915563924,6.5620978629950795,324.4898616323398,219.477844232002,6.518594428324361,342.55625291907387,29.540002509713407,-17.419065250910954,0.3957448453606434,-6.224967764836561
31993466,41.758000,-31.440926,-34.783179,1013.84,1028.47,1015.29,1048.22,-0.0,-0.02,1.0,0.3,1.0,0.12,1400.12,0.010413563458495197,-0.21688842118932436,7.329300707500202e-06,-0.0004134185136768972,0.004903451641287054,-0.00036808880799562974,326.06776132884414,448.9362217289506,6.5539196196531915,324.684189497399,219.43316736796257,6.433270284285123,342.954379022885,29.517641073139657,-17.439949203431013,0.3454065850521272,-6.18585234013379
31993566,41.858000,-31.930339,-34.595229,1013.97,1028.36,1015.22,1048.11,-0.0,-0.02,1.0,0.31,1.0,0.12,1400.22,0.010432638427105923,-0.2169238559772022,0.000258817779969937,-0.00032006237066360146,0.0027732193332929513,0.0017123327131018805,326.0780087422737,448.93564159060526,6.541441438587096,324.898189981809,219.4132602506068,6.517680843372255,343.61601863222955,29.538661375254062,-17.615229632302274,0.2945161155776216,-6.219056851070452
31993667,41.958000,-32.572628,-34.373125,1013.84,1028.51,1015.22,1048.23,0.0,-0.01,1.0,0.3,1.0,0.13,1400.14,0.010449222483112272,-0.21694532040718137,0.00016631560078822247,-0.00022524377711988106,-0.000654961645153947,0.0005468286077613636,326.06665586512287,448.93048582129893,6.53424890072907,324.9108119350349,219.40830408329597,6.495118391460069,343.82062915541974,29.55703386217495,-17.717791539012296,0.2885316733019694,-6.265152661762228
31993766,42.058000,-33.165274,-34.160828,1013.85,1028.44,1015.27,1048.24,0.0,-0.01,1.0,0.31,1.0,0.14,1400.05,0.01045818794955736,-0.216965013830737,5.731009394332762e-05,-0.00024921650261611834,-0.0003113465006751777,-0.002605337723639972,326.07562004107666,448.9366242521219,6.551574514314162,324.69644115959926,219.43656406780212,6.444128429765617,343.1802100717359,29.533388934378163,-17.478590436065915,0.34431441021424464,-6.247864489640385
31993867,42.158000,-33.717846,-33.966887,1013.83,1028.64,1015.31,1048.34,0.0,-0.01,1.0,0.3,1.0,0.15,1400.2,0.010471000032681189,-0.21700265525111687,0.0002020060580903096,-0.00043273905231163453,0.002245228193871841,-0.001144298939179425,326.0685031553001,448.9431883138679,6.559643470601389,324.6183021601012,219.45224383172882,6.449284437307026,342.8967130176723,29.492029601157938,-17.468004921841548,0.36205912475206004,-6.22032960607201
31993966,42.258000,-34.338577,-33.787574,1013.83,1028.52,1015.21,1048.18,0.0,-0.01,1.0,0.31,1.0,0.15,1400.09,0.010505153136658112,-0.21704812707349772,0.0004465508840228065,-0.0004535258611184107,0.0035462522332878293,-0.00038514933275026755,326.07593280005875,448.93797996142234,6.562313725144298,324.5538317135232,219.4669282011694,6.460155938108764,342.7339028492757,29.521563752687836,-17.40271730380885,0.38004222580291913,-6.227330052014302
31994067,42.358000,-34.992606,-33.661084,1013.94,1028.53,1015.25,1048.28,0.0,-0.01,1.0,0.31,1.0,0.16,1400.07,0.01055039456673039,-0.2170818800919637,0.0005713607960594914,-0.0003703597919703019,-0.001137285101543234,0.0028432287632608067,326.07422581362965,448.9399548593785,6.518653459228548,324.64091265768155,219.44004178750706,6.441852803775605,342.86915588427394,29.467179765189243,-17.57416413796122,0.3578290107248846,-6.196513559178302
31994167,42.458000,-35.498861,-33.516157,1013.84,1028.55,1015.33,1048.25,0.0,-0.01,1.0,1.0,1.0,0.0,1400.07,0.010628839047995704,-0.21711578985289065,0.0006748005517152496,-0.0002360149121399445,0.0006031211296210085,0.0006198527996098401,326.0766154308041,448.9353167446412,6.552857302529447,324.89313020897634,219.41183602934257,6.534997141816633,343.6214599851531,29.51138805068157,-17.740480797347963,0.2954299367490348,-6.223260904182631
31994266,42.559000,-35.951382,-33.398893,1016.83,1039.09,1015.22,1048.31,0.0,-0.0,1.0,0.89,1.0,0.01,1397.96,0.010705808062004643,-0.21714266797006862,0.0007300659179464037,-0.00026847181518049754,-0.0015668514959695857,0.00017696739118732175,326.07651867104676,448.9388263423138,6.5419217517232555,324.95972864838296,219.42611580228765,6.529283037253627,343.78470491780666,29.498631895949224,-17.699938380950545,0.2787943628249406,-6.218066473235845
31994366,42.658000,-36.484022,-33.287085,1019.67,1049.68,1015.34,1048.27,0.0,-0.0,1.0,0.03,1.0,0.0,1396.79,0.010760644203638708,-0.21716209261621644,0.00045430578514607934,-0.00017914989634768718,-0.0022934780714229737,-0.00044098430384341885,326.07241283678866,448.9346562337406,6.532528279673338,325.29353715639735,219.1837872044153,6.366942111089581,344.2980356137851,29.582745178063725,-17.728337464123896,0.19423699454419222,-6.112349547322823
31994469,42.759000,-37.049551,-33.200888,1018.85,1046.06,1015.29,1048.33,0.0,-0.0,1.0,0.34,1.0,0.01,1397.11,0.010785150287047433,-0.21717861366760327,1.008921717854779e-05,-1.2734643323069538e-05,-0.008280922071875191,0.005913622852119167,326.07812243863833,448.93725803752267,6.554382393744523,326.5629348568833,219.2026584242695,5.389321322500578,347.63527919064273,29.80713181825583,-18.61365073966152,-0.12091197508987978,-6.106853509333701
31994567,42.861000,-37.611669,-33.129425,1018.08,1045.19,1015.23,1048.2,0.0,-0.0,1.0,0.42,1.0,0.0,1397.69,0.010695108018316359,-0.21714980949170293,-0.0016300805989038479,0.00048690035708583986,-0.021074559117912242,0.005524842601078805,326.08357660769576,448.9265009217495,6.553904355935576,329.0298247086442,219.33965495490128,4.555654310575885,353.3607880263103,30.15095687283164,-20.150022886230254,-0.7352264250861626,-5.85795053498074
31994666,42.958000,-38.107052,-33.083191,1017.9,1048.37,1015.27,1048.16,0.0,0.0,1.0,0.39,1.0,0.04,1397.64,0.010316101913737458,-0.21703207059203766,-0.005573040182878788,0.001785826342330797,-0.05309961647977092,0.018195949626151287,326.0759823475604,448.93910371484134,6.552924285723083,331.81348302739235,219.40073158348176,3.1662144580676834,360.3057627551644,30.855505526416795,-21.538620693925992,-1.4318570486491795,-5.729599876662915
31994766,43.058000,-38.488592,-33.104982,1018.04,1048.26,1015.25,1048.18,0.0,0.0,1.0,0.41,1.0,0.04,1397.6,0.00934608294293965,-0.21672866680842642,-0.01259307279742206,0.0038376498233719447,-0.08061034333690645,0.02138666257165705,326.0901471553079,448.9316080425206,6.542734697045642,333.26927269745784,219.5360580768613,2.805330948718519,364.0101320768558,31.241589223382146,-22.192155594878358,-1.792534259492986,-5.687208796532781
31994866,43.159000,-38.670992,-33.211959,1018.32,1052.56,1015.29,1048.13,0.0,0.01,1.0,0.13,1.0,0.04,1397.35,0.0075637499694327665,-0.21622390559023008,-0.021101521828319356,0.005713898607302286,-0.09081616169817486,0.016603840116851426,326.0881693886702,448.94119660889874,6.5279752490246805,335.7138927712032,219.62557545049367,1.8362529978283302,370.32559571342244,32.0776034736035,-23.733969834130182,-2.403629314226152,-5.64894630481719
31994967,43.257000,-39.085216,-33.374474,1017.26,1050.93,1015.27,1048.22,0.0,0.01,1.0,0.29,1.0,0.04,1396.53,0.004857549412529921,-0.21554774146168199,-0.030629322083464694,0.007376975909798252,-0.10877220551812639,0.01889882035734495,326.0865306827756,448.9453964052724,6.548653527582472,338.2225821082027,219.7494548397081,0.5517764105009761,377.20136483117113,33.14090906659663,-25.138812008621585,-3.031012473466162,-5.7362764642705155
31995066,43.358000,-34.567121,-33.543213,1016.39,1050.46,1015.32,1048.1,0.0,0.0,1.0,0.37,1.0,0.01,1397.27,0.0021411991237276,-0.21494491676396443,-0.03281356244438291,0.00700330868724645,0.12612415545538544,-0.03723524590236544,326.08774517104433,448.94238683161666,6.53527676305436,338.89351872338096,219.834072529879,0.322504398443675,378.5615667906552,33.29389604061887,-25.36216753155041,-3.1991598918409854,-5.606884463513999
31995166,43.458000,-39.827953,-33.742172,1015.87,1050.88,1015.23,1048.17,0.01,0.0,1.0,0.35,1.0,0.02,1396.53,-0.002385477671966354,-0.21403142879823317,-0.04071114968831768,0.007978503005108625,-0.05945711132094408,0.006110785746845143,326.0788084473418,448.9497951071199,6.522939350532235,339.33485912676696,219.8799545818795,0.021936512331036037,380.09586337051746,33.61847763039261,-25.886342956722846,-3.3119577250477614,-5.719958609714603
31995266,43.558000,-40.474291,-34.021642,1015.49,1051.93,1015.3,1048.2,0.0,-0.0,1.0,0.27,1.0,0.02,1395.68,-0.007790573829853681,-0.2130377309071396,-0.05669454818150258,0.01005626019593557,-0.03957043072782469,-0.0018874423894824903,326.0918870090295,448.94263660775204,6.577139456324021,339.04219577863313,219.88411550737447,0.23218835027719636,379.34548088296714,33.423317957613136,-25.436932058813067,-3.2358934285331986,-5.724993858883804
31995366,43.658000,-40.956656,-34.373539,1014.9,1051.35,1015.26,1048.14,0.0,-0.01,1.0,0.32,1.0,0.02,1394.71,-0.01385887649610504,-0.2120078208715611,-0.06269957896350638,0.010377523274938833,-0.07308504492895322,0.005225104792969728,326.0885794458686,448.950880554205,6.5516578806252825,338.8716172788294,219.86405073251183,0.2603669760676227,378.6977405911604,33.369889165748006,-25.421156373276766,-3.193790658397889,-5.666953712181725
31995466,43.760000,-41.315770,-34.817466,1014.42,1051.09,1015.33,1048.09,0.0,-0.01,1.0,0.35,1.0,0.01,1395.52,-0.020360888099948633,-0.21096501051255095,-0.06672510908364737,0.010584072941343198,-0.03916648750381149,0.004021277172677951,326.08518060038,448.9505852850312,6.550864815662793,338.9671768657232,219.8821361974828,0.19286382320076662,378.9288228764069,33.37482694093546,-25.330941889533822,-3.2187209576412306,-5.656079790568468
31995567,43.859000,-41.671050,-35.338144,1014.25,1051.46,1015.21,1048.13,0.0,-0.02,1.0,0.51,1.0,0.11,1396.21,-0.027122363602410385,-0.2099041587686886,-0.06823781647417874,0.010648051688140052,0.007138454463864574,-0.0025745425978924807,326.0859154205483,448.94176140575837,6.555543961899271,339.11403001211676,219.90480515394847,0.1852210798867826,379.324733429654,33.440010476458845,-25.38908008658514,-3.2555989225227044,-5.658148236054503
31995666,43.959000,-41.981549,-35.928485,1015.18,1056.0,1015.32,1048.05,0.0,-0.03,1.0,0.15,1.0,0.12,1396.27,-0.03402760006212925,-0.20883729857695804,-0.06940428430318232,0.01064814309708997,-0.02674330962920677,0.0018054560651177476,326.0896614978077,448.9594354908685,6.549454579735677,339.6552449541248,219.90570744442593,-0.1837526978788647,380.8186594490918,33.71026208460243,-25.77342381070604,-3.389352567622436,-5.687524835610338
31995767,44.058000,-42.272204,-36.641654,1015.01,1056.51,1015.24,1048.04,0.0,-0.03,1.0,0.16,1.0,0.22,1396.53,-0.04099849055929544,-0.20778914660852987,-0.0700305761641042,0.010394283853215053,0.027695894663126684,-0.007789261951503699,326.0831949829901,448.93699835525973,6.5524902659460995,340.2224998057287,219.880356495043,-0.48548543622785,381.9404751745015,33.91954507774587,-26.03340912508049,-3.5322960646883423,-5.579654443134569
31995866,44.159000,-42.536409,-37.449123,1014.45,1056.27,1015.36,1048.09,-0.0,-0.04,1.0,0.18,1.0,0.22,1395.85,-0.047975458378880155,-0.20676523213161216,-0.06849596910884495,0.010069870299015763,0.04139044256164138,-0.004622330134715599,326.0909542282185,448.9528784174006,6.547749999588585,341.10458723123276,219.97999083885384,-0.7249830940936478,384.1859032001699,34.333551894535766,-26.541029933582855,-3.751484253636303,-5.561904248860489
31995966,44.258000,-42.780383,-38.363826,1013.99,1056.04,1015.24,1048.0,-0.0,-0.04,1.0,0.2,1.0,0.24,1396.57,-0.05493475856587006,-0.20574053232308975,-0.07019645476764087,0.010353434470944453,-0.088786875172565,0.014108119733707406,326.0904939867589,448.9551225035162,6.535182936336668,342.0436856616221,220.116985533854,-1.304631484063404,386.69178998246025,34.744456767057976,-27.16633420945755,-3.9878583998500443,-5.5663869208734935
31996067,44.358000,-42.951770,-39.082539,1013.98,1055.91,1015.28,1048.04,-0.01,-0.04,1.0,0.28,1.0,0.44,1397.25,-0.060170200409800624,-0.20496838995845365,-0.05917816863937583,0.008704678979013893,0.36079504965928755,-0.054184094505571434,326.09369937818553,448.953881186223,6.561783149225852,342.88730701137337,220.15182412843993,-1.6197130141165348,388.6676601423742,35.18898140522863,-27.52421963893083,-4.197866646946131,-5.506215717424173
31996167,44.460000,-43.140766,-40.098885,1013.87,1055.81,1016.04,1051.14,-0.01,-0.04,1.0,0.31,1.0,0.26,1397.48,-0.06719518812467928,-0.20393744765220645,-0.058772487286649515,0.00863228733863791,-0.02028222699385448,0.0033922117760669343,326.0944012960746,448.95898826352243,6.540702915354851,343.4116458330022,220.17250025505942,-1.7412894243569248,389.98956185391,35.427544079351186,-27.705293476446617,-4.328562674523064,-5.493388053709422
31996267,44.559000,-43.323552,-41.244530,1013.85,1055.86,1015.94,1051.67,-0.01,-0.05,1.0,0.33,1.0,0.31,1397.73,-0.07425503892872973,-0.2029062080660456,-0.0713841989512677,0.010242546521312823,-0.038436912591656235,-0.002473668691194961,326.0979761440262,448.94579977423666,6.5362361543197185,343.37853804943,220.19349337890057,-1.937699792891236,391.4126069824795,35.859679256543856,-28.780564662917225,-4.320071333115885,-5.965302320818244
31996367,44.660000,-43.494890,-42.460119,1013.97,1055.91,1015.72,1051.15,-0.01,-0.05,1.0,0.33,1.0,0.36,1398.13,-0.08127611960924791,-0.2019889510911371,-0.07086320342841446,0.008483270224847435,-0.05189585509958885,-0.016595908323264193,326.09993529007977,448.95423677878773,6.556634775958848,343.73410702399934,220.23175780296037,-1.7415880702415367,391.6775275684728,35.76561574749054,-28.643578841662844,-4.408700009987632,-5.751644265641733
31996467,44.760000,-43.632510,-43.708612,1013.92,1056.06,1015.56,1052.61,-0.01,-0.06,1.0,0.35,1.0,0.45,1398.41,-0.0881819815935826,-0.20125486273050233,-0.06862700129356111,0.0067920774268972,0.03292966625888872,-0.018073105111374787,326.0915490072677,448.94896865114316,6.54480860434208,343.5815892349847,220.19240651314368,-2.0097248971560693,392.3089931618109,36.083504426039326,-28.87283883559447,-4.372157193161515,-6.080040935171013
31996567,44.859000,-43.762546,-45.122335,1014.04,1056.39,1016.18,1055.27,-0.01,-0.06,1.0,0.33,1.0,0.24,1398.26,-0.09490705538878674,-0.20070162628294314,-0.06650099001402832,0.004678923812742187,0.024298770140489527,-0.023643061464797877,326.0962353175361,448.946226769431,6.557468845728491,343.7524261227604,220.22741525572906,-1.7675934320328284,392.31554604811595,36.031466519522205,-28.912392710602855,-4.414253731051488,-5.941380309247457
31996668,44.960000,-43.856740,-46.543664,1013.94,1056.77,1016.12,1056.64,-0.01,-0.06,1.0,0.33,1.0,0.35,1397.82,-0.10138539570329512,-0.20036195412752353,-0.06381129407991841,0.0025605727773186414,0.025126872999604498,-0.025094644877058158,326.0965600446288,448.9559782932449,6.555143187547407,343.4469156952123,220.18174060847636,-1.901725088453094,393.5508829594758,36.50064834169474,-30.507658972254646,-4.337038816527008,-6.583690034461561
31996769,45.060000,-43.927009,-48.026237,1013.94,1056.62,1015.73,1056.72,-0.01,-0.06,1.0,0.35,1.0,0.35,1397.08,-0.10755401085700347,-0.20031438119029332,-0.06039808968864048,-0.0010926444882940602,0.0931570329057167,-0.045219806148757646,326.0864647644167,448.9541873000394,6.550787977758872,344.1156938061514,220.2428321274165,-2.043976057792137,394.28421239895846,36.61337739310377,-30.310034398409616,-4.507283652941908,-6.266034796146494
31996868,45.161000,-43.995599,-49.628591,1013.96,1057.02,1015.74,1058.42,-0.01,-0.06,1.0,0.32,1.0,0.22,1397.41,-0.11339515883763701,-0.20062509819547772,-0.05591017295585453,-0.0040908954359843526,0.07180858223570626,-0.026779077609935868,326.09867785246547,448.9525981002995,6.550687250474617,344.1256498556098,220.30498096308622,-2.166682285786423,395.8967392401069,37.04003507550651,-31.304143693442676,-4.5079728415504166,-6.758676089297849
31996968,45.261000,-44.056169,-51.188296,1013.87,1057.06,1015.52,1057.9,-0.01,-0.05,1.0,0.32,1.0,0.27,1397.88,-0.11891913401528295,-0.20129204462075612,-0.053131170534219285,-0.008116034079529794,0.09973999137912906,-0.031162083236245454,326.08545971591525,448.9533657291339,6.534247887732402,344.51944233384785,220.28352647170323,-2.77348598204109,396.5261197705206,37.25473987462861,-31.34595287859182,-4.608873497707056,-6.644476208044146
31997068,45.361000,-44.091967,-52.387704,1013.87,1057.13,1015.42,1057.77,-0.01,-0.06,1.0,0.32,1.0,0.29,1398.19,-0.1241163136548768,-0.2023316747011428,-0.050780334191952395,-0.011519693024698446,0.03520198333233738,-0.028112287931368156,326.09993489627385,448.9522930620734,6.555713821159079,344.5305538971589,220.2294861443224,-2.495430046129546,397.08634467970296,37.29992046367518,-31.68514952504026,-4.606973610985558,-6.815447842864694
31997169,45.461000,-44.140283,-53.970626,1013.97,1057.12,1015.37,1057.79,-0.01,-0.06,1.0,0.32,1.0,0.29,1398.59,-0.12899657735935438,-0.20367492658346686,-0.047525400176099644,-0.01443350750853287,0.07970720069286055,-0.010381574006636595,326.0943063811943,448.9432950432241,6.537552514737354,344.51683453633785,220.28101056604288,-2.8432085921332195,396.86533480312113,37.32589795157093,-31.63501507186111,-4.606173497362547,-6.754938391437623
31997269,45.562000,-44.199493,-55.732429,1013.88,1057.33,1015.25,1057.82,-0.01,-0.06,1.0,0.31,1.0,0.29,1398.91,-0.13354640161834586,-0.20525486918544528,-0.044401429283990074,-0.016648591161842398,0.059021865499839746,-0.011412825377920398,326.0936945392948,448.95706314340504,6.541908957907549,344.41115844029883,220.27424610761344,-2.487194996890455,396.9194990889812,37.37274084947218,-31.555856025170673,-4.579606951820134,-6.858782512112867
31997369,45.661000,-44.259522,-57.476073,1013.82,1057.17,1015.43,1057.7,-0.01,-0.05,1.0,0.33,1.0,0.31,1399.16,-0.13774494228719272,-0.20703279064080807,-0.04042806374553948,-0.01828212547369719,0.07325365756400072,0.004279667699154987,326.0911493530093,448.9506429778615,6.570080663476115,344.4262712065462,220.23756639240938,-2.5329761445133747,396.76750905231563,37.29521183017371,-31.72118913087894,-4.583398970819451,-6.7994418035755935
31997470,45.761000,-44.319834,-59.325778,1013.93,1057.4,1015.39,1057.6,-0.01,-0.05,1.0,0.31,1.0,0.33,1399.38,-0.1415884883063804,-0.20892464232394445,-0.03699279852923503,-0.01926679976585615,0.02207743610725701,-0.018414236872430795,326.0894517729322,448.95954828644454,6.563501630247661,344.63309100155305,220.25579155272888,-2.779689000731629,396.8977269382677,37.30412348876866,-31.631244091464133,-4.635486171597459,-6.672318814581759
31997570,45.862000,-44.382540,-61.233627,1013.89,1057.44,1015.3,1057.71,-0.01,-0.05,1.0,0.31,1.0,0.33,1399.55,-0.14508317768406273,-0.21090137045209387,-0.0342423940276384,-0.020181393050905667,0.0427170481353572,0.004604734702165911,326.094600756631,448.9506141785399,6.527415329052506,344.62703677489543,220.25598009218623,-2.8544685703553436,397.3415426839375,37.42305019749029,-31.659534426311478,-4.632881812941679,-6.817599279546906
31997669,45.961000,-44.451406,-63.265465,1013.88,1057.38,1015.25,1057.77,-0.0,-0.06,1.0,0.32,1.0,0.33,1399.56,-0.14825172013710577,-0.21290907935491682,-0.03104674555951898,-0.020590294434162184,0.007559378465632968,-0.019054432811060392,326.09148367065893,448.95262205403225,6.532640098686365,344.8742203577484,220.42547081982963,-2.7595076943174885,397.4011461083083,37.43340969945515,-31.68338608977977,-4.698601613209274,-6.61864909076936
31997769,46.061000,-44.518414,-65.354714,1013.89,1057.48,1015.31,1057.75,-0.0,-0.05,1.0,0.38,1.0,1.0,1399.7,-0.15111667348266294,-0.21490835810744652,-0.027642323192781846,-0.019868177135456726,0.028131879357749405,0.0025541605950312064,326.095468131154,448.95613539896164,6.551435422834191,344.728792753093,220.31654444955228,-2.8207974901041704,397.64298204240527,37.45147714275146,-31.801948069588626,-4.659108482439133,-6.820213794032275
31997869,46.162000,-44.586370,-67.480358,1013.98,1058.34,1016.89,1067.22,-0.01,-0.05,1.0,0.31,1.0,1.0,1398.79,-0.15368832174051653,-0.21687804534677663,-0.024505396060198865,-0.01943515417216604,0.04892313832003994,0.023164103987561042,326.09222831597395,448.94432341224183,6.544010496490151,344.8793132705533,220.34573240909543,-2.57867200211793,397.5658473616955,37.48678416746661,-31.72263087995821,-4.698222352352849,-6.676655726116955
31997970,46.261000,-44.657597,-69.721864,1013.95,1058.93,1018.25,1077.41,-0.01,-0.05,1.0,0.27,1.0,0.42,1397.28,-0.15598259004721715,-0.21879649110973048,-0.021855610361760727,-0.019279012191533048,0.050365345557368865,0.006667454917317125,326.09407421851114,448.9668625990231,6.545258050445055,344.2037451422345,220.273217279569,-2.2784270772068855,399.8609543288408,38.41238128794183,-34.3086029613025,-4.527659733259454,-7.961036316876273
31998070,46.362000,-44.714402,-71.524108,1013.99,1058.75,1017.95,1079.62,-0.01,-0.05,1.0,0.29,1.0,0.24,1396.0,-0.1575016842710711,-0.22038772390592726,-0.016250663011822767,-0.018888263583463134,0.1309175982867115,0.07098027334171596,326.0974745235386,448.95289919979217,6.543190107293301,344.862288223232,220.40928376034668,-2.788036151953213,403.7362445175621,39.95180447385911,-37.06929015506068,-4.6938014749169215,-8.681227394095727
31998171,46.462000,-44.770777,-73.588886,1014.04,1058.59,1016.68,1077.26,-0.01,-0.06,1.0,0.3,1.0,0.45,1396.73,-0.1592864847999638,-0.22313709085572928,-0.01404894282170714,-0.0252419515336466,0.01830943336808532,-0.04945952573884992,326.10250878188464,448.95625871794215,6.5698800086797124,346.023271283894,220.4708739091364,-3.2311474091812054,408.0494195976661,41.068827061309136,-38.52154054046901,-4.982798827783285,-9.106627211401252
31998270,46.564000,-44.837235,-75.900281,1013.91,1058.41,1016.58,1081.55,-0.01,-0.06,1.0,0.32,1.0,0.11,1396.86,-0.16093934624959416,-0.22673254339166274,-0.01633654370168076,-0.03845679762915982,0.008176252083775657,-0.04307247408078927,326.09582382665053,448.95143272961883,6.54550533621269,347.48283008385727,220.6422384266444,-3.611765931887815,411.2752495431445,42.03934538342954,-39.35152259779175,-5.3516007143973665,-8.9522363392768
31998371,46.663000,-44.901555,-78.201107,1013.77,1058.44,1015.51,1079.97,-0.01,-0.06,1.0,0.32,1.0,0.24,1397.36,-0.16263437576396497,-0.23099193843240662,-0.01725757915840206,-0.04499423990037682,-0.0035782435056308276,-0.05722267140486858,326.10430196392656,448.9540068226561,6.569303426340358,348.08987033252197,220.7955746270436,-4.038223799925858,414.6831685984365,43.15059372619044,-40.582173645324616,-5.504083063726673,-9.541214133753083
31998471,46.763000,-44.954130,-80.511465,1013.82,1058.37,1015.4,1079.63,-0.01,-0.06,1.0,0.33,1.0,0.28,1397.96,-0.16444159130106265,-0.23596361326678567,-0.01849920093271228,-0.0521315670323134,-0.01802731737729495,-0.08119922176436267,326.10309395097346,448.9622983650547,6.5490471643774875,348.7349333073376,220.8615075137693,-4.390549246212699,415.64667418253214,43.35966396613144,-40.565931346674674,-5.671087263785631,-9.118068914369912
31998572,46.864000,-44.994694,-82.800543,1013.85,1058.59,1015.21,1079.73,-0.01,-0.06,1.0,0.35,1.0,1.0,1398.3,-0.16638765852352622,-0.2414508216973858,-0.02042818847333281,-0.057159426655143473,-0.02493004250662685,-0.06012692393323712,326.10047013390573,448.9509443226222,6.579958339410076,348.57632461126167,220.90193648405318,-4.590631060963482,416.2203053430885,43.75132830795288,-41.05039507184011,-5.626085235732053,-9.646909756018216
31998670,46.965000,-45.036650,-85.180620,1013.81,1058.99,1016.28,1088.64,-0.01,-0.06,1.0,0.32,1.0,0.55,1397.83,-0.16846710892621128,-0.24726410869009405,-0.020681675776567758,-0.057929838533554656,0.018286320424556565,0.04998755868123317,326.1048992223587,448.959374054528,6.552846774581216,348.21661594271,220.7832764568911,-4.066576463259409,414.9536455634964,43.24473611445526,-40.71423230578471,-5.535042789107748,-9.531237638460608
31998770,47.063000,-45.080988,-87.497022,1013.84,1059.03,1016.66,1095.34,-0.01,-0.06,1.0,0.32,1.0,0.01,1397.22,-0.17059777796754394,-0.2533328445242175,-0.020320879148561104,-0.05916264407222615,0.05496554531325617,0.11578862007642995,326.09957626159974,448.96219254347193,6.544310522615991,347.4944372558705,220.68094578207987,-3.8643702308437775,417.5964814982737,45.07586645287765,-44.10809087473569,-5.358022620291577,-10.528018708594397
31998871,47.162000,-45.125449,-89.753869,1013.79,1058.9,1015.58,1092.08,-0.01,-0.06,1.0,0.33,1.0,0.29,1396.51,-0.172657670622666,-0.25985096965749727,-0.019307344633614942,-0.06498463244229055,0.06628036558333406,0.10628930340269042,326.10245820291,448.954118800761,6.539184854989934,348.1092111795573,220.7630625684758,-4.056921484056829,419.0701732778145,45.508352172237245,-44.17413375127784,-5.508571194561699,-11.025975341764783
31998970,47.264000,-45.167251,-91.941653,1013.9,1058.99,1015.4,1091.66,-0.01,-0.06,1.0,0.32,1.0,0.33,1396.71,-0.17460494031418913,-0.2670591370774644,-0.01926402167994539,-0.0739572341919546,0.009988240360731326,-0.0026848793188817203,326.1080348936185,448.9642264684356,6.557943293987352,349.39312267978676,220.95085015830094,-4.561601902991571,422.203421097615,46.291997944005836,-44.849185002843335,-5.830922106195092,-10.968020184147916
31999071,47.362000,-45.218220,-94.312412,1013.79,1058.97,1015.28,1091.68,-0.01,-0.06,1.0,0.33,1.0,0.34,1397.27,-0.1765783586612143,-0.2747089098197056,-0.0194566253502786,-0.07566773998418345,-0.10815893046412549,-0.42407916631680165,326.10233652296347,448.95608185522957,6.547590127240198,350.06145859407707,221.10186310181163,-4.854845712721622,423.9720222068101,47.08756949578177,-45.066293372564175,-6.002655882005016,-11.007486650157029
31999171,47.462000,-45.271942,-96.419703,1013.77,1059.2,1015.2,1091.8,-0.01,-0.06,1.0,0.33,1.0,1.0,1397.72,-0.1786507006061162,-0.28271628667316084,-0.026000257327281857,-0.09944887345299125,-0.2545887560677815,-0.9402021288909773,326.1015260932445,448.97369233814516,6.573858687447491,349.7205573396048,220.98549594832735,-4.814867954903602,423.695332536157,46.795036303214964,-45.50286136658656,-5.91460635433981,-11.180628292295989
31999270,47.563000,-45.357897,-98.737271,1013.72,1059.48,1016.17,1100.73,-0.01,-0.06,1.0,0.32,1.0,0.87,1397.47,-0.18080976313063515,-0.2909233982042922,-0.021920840235680444,-0.0833922732850241,-0.015773622955105364,-0.06288819067855234,326.10170645910597,448.940811095758,6.530081758693696,349.2385109241068,220.9642641631434,-4.4541015086100595,422.07507534307763,46.32144582809543,-44.910802991770986,-5.79497290782824,-11.049127565111187
31999371,47.662000,-45.446982,-100.874480,1013.84,1059.57,1016.84,1109.42,-0.01,-0.06,1.0,0.32,1.0,0.37,1396.73,-0.1829643448610756,-0.2992266862099504,-0.021464696750852923,-0.08417448080273056,0.0034704496349298375,-0.04061001111965536,326.1098213765727,448.97355180914076,6.559826058262502,348.0738096842836,220.80679333581185,-4.183420348468556,422.9908577722415,47.472994702411675,-48.73678085476165,-5.498514197820528,-12.37757958530742
31999470,47.763000,-45.540262,-102.965111,1013.83,1059.29,1016.31,1109.59,-0.02,-0.06,1.0,0.34,1.0,0.36,1396.84,-0.18496693797602587,-0.3077933740695896,-0.019136261646052043,-0.08732139771903881,0.02723250762994937,-0.029071345823563837,326.0974295179938,448.95143563136855,6.532086286679731,349.0364350254136,220.90478316819977,-4.3757942266870105,426.7304191249147,49.38076195974071,-49.523710882417014,-5.744009437870722,-12.880734327636793
31999570,47.862000,-45.631308,-105.034907,1013.95,1059.46,1015.68,1108.93,-0.02,-0.06,1.0,0.33,1.0,0.43,1397.32,-0.18680946376926374,-0.3169393657697392,-0.01788071714125192,-0.09249821123213847,0.007932116872055176,-0.05294990192180325,326.1038442119033,448.9671673003042,6.5545659443265825,350.3790361862908,221.13625351871997,-5.073953244417351,431.89547996223445,51.457240209618824,-51.13261476370875,-6.081871049252953,-13.49661341402528
31999670,47.963000,-45.717199,-107.062350,1013.89,1059.73,1015.86,1114.11,-0.02,-0.06,1.0,0.31,1.0,0.01,1397.27,-0.18864227796586136,-0.3266779983028982,-0.018901371864346504,-0.10022054132180272,-0.03094174981243941,-0.13333295296494477,326.1039957670792,448.9474732358977,6.574834904817042,351.4752736960802,221.28638925965777,-5.216177732927474,434.6017508891418,52.4369491204921,-51.99370841554003,-6.3589858681420655,-13.493569879595636
31999770,48.062000,-45.794219,-109.047479,1013.78,1059.71,1015.14,1112.51,-0.02,-0.05,1.0,0.31,1.0,0.15,1396.56,-0.190611310888987,-0.33683553352509354,-0.020331489084606944,-0.10362984431109791,-0.012358998813902107,-0.040748034201624074,326.1031771061185,448.94674379739104,6.552802744629002,351.014771518214,221.15884443357356,-5.313961447336126,435.72825966714777,53.379097592134464,-53.50842800210236,-6.24124148049788,-14.307133716471867
31999870,48.163000,-45.870310,-110.912432,1013.75,1059.88,1015.38,1112.18,-0.02,-0.04,1.0,0.34,1.0,0.95,1396.83,-0.19267304071270988,-0.34748496238148546,-0.020715504780906124,-0.10758252464355218,0.014806043041486576,0.07359352356420766,326.1015877032515,448.97415583097603,6.563837096280166,350.55393846055307,221.13379915462846,-5.04324056185487,433.8888975570563,52.30866474639296,-52.590922556020395,-6.125667917506274,-14.020394564750415
31999970,48.263000,-45.954748,-112.666143,1013.8,1060.27,1016.02,1120.24,-0.02,-0.03,1.0,0.31,1.0,0.32,1396.49,-0.19477229056674591,-0.3583991650469845,-0.020886091527192358,-0.10957865414904791,-0.014176514806635827,-0.12306415516717169,326.10226694569496,448.94031298591267,6.562244386739915,350.0069534231521,221.08446540654572,-4.889823187231992,432.38652050897423,52.086361629386396,-52.759690918119944,-5.989074467884134,-14.009164771635767
32000070,48.363000,-46.025587,-113.918642,1013.89,1060.02,1015.81,1121.22,-0.02,-0.02,1.0,0.34,1.0,0.54,1396.39,-0.196775691928758,-0.3694402812514745,-0.020001449147940595,-0.11359898977557788,0.010495541617604567,-0.03517557693508718,326.10203598640027,448.9637606791045,6.570379563574438,349.546074795442,221.12058933137223,-4.809772512652396,435.9247652480148,54.70131549861703,-54.99734679334962,-5.788022577088707,-15.204420004326721
32000170,48.464000,-46.111754,-115.249247,1013.93,1060.28,1015.98,1124.83,-0.02,-0.01,1.0,0.33,1.0,0.36,1395.47,-0.19858655056747976,-0.38068785006954425,-0.017247656267223403,-0.11439558418402598,0.02691915789907408,-0.023897634052495165,326.0957916399391,448.9401553977225,6.558188370071765,351.0460788936691,221.16059492143555,-5.003181108422616,437.17930490505273,54.79138236140055,-55.254319454008055,-6.251085765121626,-14.8694861790017
32000270,48.563000,-46.224395,-116.561905,1013.82,1060.27,1015.53,1126.04,-0.02,-0.01,1.0,0.34,1.0,0.38,1395.73,-0.20026560766695137,-0.39229271439547286,-0.01661322614661103,-0.11526269866886664,0.014290449810727314,0.0954271579269368,326.10599143012683,448.96681803573216,6.56182050216206,351.57343245073514,221.23555557767082,-5.238589548310161,438.8896905149153,55.40956369020577,-55.83658564559911,-6.380938620343664,-15.007328164687921
32000370,48.663000,-46.359290,-117.576578,1013.78,1060.55,1015.7,1126.01,-0.02,-0.0,1.0,0.33,1.0,0.51,1396.36,-0.20194949303389173,-0.4039277842285065,-0.017110143413853078,-0.1188642462642085,-0.0066337808086747154,-0.09493673992309926,326.10196582360095,448.9449168110093,6.548386202303564,352.39029339274157,221.3607302815797,-5.642822015058774,442.2765532899466,57.35687216074204,-57.41549919528466,-6.589053598694411,-15.547897190499917
32000471,48.763000,-46.519861,-118.272723,1013.76,1060.75,1015.56,1131.91,-0.02,0.0,1.0,0.31,1.0,0.03,1396.4,-0.20365878953806452,-0.41585313364569326,-0.017462512054759956,-0.11950110345266318,-0.009275572926696934,0.023109651690562418,326.10795523034596,448.96414746148616,6.581188426636649,351.8307325305338,221.29699509073484,-5.4700988652798,442.23417850009446,57.47891738219803,-57.74624725444714,-6.44617771839423,-15.999872438571636
32000571,48.863000,-46.712464,-118.743552,1013.74,1060.73,1015.37,1129.6,-0.02,0.0,1.0,0.34,1.0,0.37,1395.83,-0.20544491951829869,-0.4277563824212504,-0.017646827657204007,-0.1176335250304584,0.017264814032887953,0.08232696222555996,326.1127498160172,448.95679935638844,6.550280407065301,351.14680683216557,221.17913468243233,-5.149595758148709,441.61366835614115,57.66817418731124,-58.16179183108289,-6.271958381174877,-16.410831805003696
32000671,48.963000,-46.940287,-118.977924,1013.86,1060.89,1015.32,1130.32,-0.02,0.01,1.0,0.33,1.0,0.32,1396.13,-0.2071651137255134,-0.43981006211731866,-0.016520604785224054,-0.11982789760083631,0.041819495799916465,0.1770762290584674,326.1127414588638,448.9662161486777,6.564789127167672,350.96493180552665,221.20840473578912,-5.4160664749427765,442.6920141397338,58.495491238931116,-59.03729846413731,-6.227291769625948,-16.956925801287273
32000770,49.062000,-47.199433,-118.923947,1013.92,1060.87,1015.39,1131.26,-0.02,0.01,1.0,0.36,1.0,0.31,1396.63,-0.20875525017261323,-0.4520201613960644,-0.01539488985793654,-0.12079673900685145,0.015464807756033542,0.08288702462548166,326.10485432764557,448.9689976599439,6.565442938907245,351.66791850291355,221.36722262533735,-5.507545539803362,443.86254930102166,58.77063298915216,-59.43996090620209,-6.408312015959543,-16.737243115092383
32000870,49.162000,-47.499617,-118.612074,1013.92,1061.49,1015.24,1131.17,-0.02,0.01,1.0,0.32,1.0,0.32,1397.18,-0.2102802850047573,-0.4641421418957554,-0.014866577262974788,-0.11986422131427943,0.03340709078945234,0.20625075952320496,326.1165818085587,448.9632477383434,6.547597139340194,351.93731998549424,221.3769820054629,-5.60124301685966,445.42535794912743,59.988238295310595,-59.37678738095478,-6.475621467246981,-17.131283962114466
32000970,49.263000,-47.858553,-118.011158,1013.89,1061.95,1015.2,1131.07,-0.03,0.02,1.0,0.28,1.0,0.34,1397.53,-0.21175817981317638,-0.4762174201325573,-0.014577173323914235,-0.11860036914407329,0.005060497842488769,0.07203481952790453,326.1123101536877,448.9875903891721,6.594066001933264,351.7803225327355,221.3254242257176,-5.564068063876155,445.14310929670376,59.37407526768189,-59.61783585249792,-6.432708381676205,-17.097457032651135
32001071,49.363000,-48.268654,-117.164631,1013.83,1061.99,1015.37,1131.47,-0.03,0.02,1.0,0.35,1.0,0.23,1397.96,-0.2128498328674691,-0.48508613331942846,-0.012097726347598986,-0.09886551350565687,0.08281255336435984,0.6455959981217699,326.10873323772756,448.9370304801864,6.560190021463898,351.76473789199883,221.21535862018465,-5.525080138268523,444.3692330839129,59.27890442821072,-59.633796883169076,-6.428058230817669,-16.90726627587077
32001171,49.463000,-48.729126,-116.018375,1013.92,1062.2,1015.26,1131.41,-0.03,0.01,1.0,0.33,1.0,0.24,1397.24,-0.2142367634562598,-0.4966067715409922,-0.011289748307382295,-0.0942954074519822,0.007664366815321411,0.054091403065920134,326.10746660230825,448.9795299442308,6.584061657138154,351.13615957107714,221.25409488508419,-5.508371113625598,444.2050097913566,59.369188321077345,-59.54815081771651,-6.2720519242471,-17.350815723554103
32001270,49.563000,-49.245046,-114.614134,1013.89,1062.49,1015.31,1131.12,-0.02,0.01,1.0,0.31,1.0,0.27,1397.68,-0.21552710978691103,-0.507632125754709,-0.01238344592036387,-0.1084858619178871,0.019437397535938355,0.0765538661299457,326.10151093381495,448.9493258500263,6.5684862831907775,351.78052339285426,221.2242285133004,-5.487012973786786,444.0865816260514,58.96954213088096,-59.372168332916964,-6.433678507632545,-16.768021922419976
32001370,49.663000,-49.807577,-113.055461,1013.88,1062.44,1015.25,1131.14,-0.02,0.0,1.0,0.32,1.0,0.27,1398.12,-0.21668106670233456,-0.5181899477568026,-0.011025335882161699,-0.10266544703228554,0.015810658625985005,0.10987747647581766,326.11627623768845,448.95898554265545,6.54501735752452,352.1373330711518,221.36579328621053,-5.635242114094624,445.5120772385922,59.73610025723098,-59.79463378292522,-6.522387708965956,-16.970588561200284
32001470,49.765000,-50.370189,-111.443787,1013.84,1062.49,1015.31,1130.92,-0.02,0.0,1.0,0.31,1.0,0.3,1398.56,-0.21774204806655517,-0.5282041215184022,-0.010400929371425092,-0.0980508069911127,0.0069443840095628675,0.09244808717439178,326.1113868599471,448.97268954164457,6.546608944747099,352.20724354779884,221.37629500707268,-5.836243654911134,445.5624645248648,59.59528633420015,-59.742060862738,-6.540883411780344,-16.905192859953264
32001570,49.863000,-50.981794,-109.681478,1013.81,1062.52,1015.16,1131.18,-0.02,-0.0,1.0,0.52,1.0,0.27,1398.91,-0.21876012914535814,-0.5375632417954878,-0.009981627542780234,-0.09092214846697157,0.00783071121366952,0.08079387008953626,326.10806928101215,448.9526963592521,6.5883561540217945,352.0101620380317,221.35216103789313,-5.581975863219898,445.0974854212643,59.628573156911635,-59.62860440382427,-6.492615923579329,-16.939292952175943
32001670,49.963000,-51.614326,-107.860262,1014.41,1067.38,1015.21,1131.18,-0.02,-0.0,1.0,0.12,1.0,0.28,1398.48,-0.2197209092575845,-0.5463044531323966,-0.00938586501266728,-0.08496073656633658,0.01413989238605503,0.14897987106214908,326.11484523898434,448.9681490333031,6.551205805701345,351.72102146767054,221.29811517134064,-5.56495930681768,444.8566810512727,59.447083243090034,-59.617282424711284,-6.417121024852037,-17.08362934314062
32001770,50.064000,-52.269827,-105.989068,1014.19,1068.13,1015.36,1131.06,-0.02,-0.01,1.0,0.15,1.0,0.59,1398.33,-0.2206190347346591,-0.5543134112675171,-0.00865026501560023,-0.0771494296487164,0.013580032990108947,0.10177508198332313,326.10423594564423,448.96119621280496,6.553692700432775,352.02122785208763,221.25665758381294,-5.840465062025976,445.0901575343635,59.62057037160952,-59.53598830486092,-6.49337680190429,-16.94628312155253
32001871,50.163000,-52.923453,-104.138823,1013.98,1068.04,1015.0,1128.11,-0.02,-0.01,1.0,0.15,1.0,0.37,1398.77,-0.22142115378804114,-0.561626218616276,-0.007691326464776522,-0.07013285372391795,0.0085342610002397,0.09388548697181544,326.11366031910154,448.97101903931315,6.56829339703217,352.90141448790604,221.49339476617578,-6.215155796958396,447.69275063627236,60.678513064756245,-60.13292813536868,-6.7162167354758475,-17.08452680579201
32001971,50.264000,-53.591902,-102.304725,1013.96,1067.57,1015.19,1125.92,-0.02,-0.01,1.0,0.19,1.0,0.2,1398.96,-0.22217780690835456,-0.5682417619897211,-0.007590369766527421,-0.0635060939186363,-0.0024267126090848556,0.07835315679991049,326.11078953731004,448.9593356585053,6.555790536260153,354.731045572213,221.75250293902448,-6.952123307730314,449.58392143705817,60.93192724637199,-59.50147201039506,-7.179486250671515,-16.17336935242897
32002070,50.364000,-54.105474,-100.985139,1013.89,1067.43,1015.24,1126.76,-0.02,-0.01,1.0,0.2,1.0,0.28,1399.28,-0.2228005796934559,-0.5726942693086581,-0.007356388614253879,-0.047526751435159435,0.025942032445924076,0.3680732539190977,326.112510192262,448.9715818601556,6.555832469697275,355.4994444896048,221.88183804551554,-7.493945510213159,452.3462828795277,62.26521060968257,-59.91898303297347,-7.373480941402467,-16.500176056505936
32002171,50.464000,-54.636329,-99.647459,1013.83,1067.37,1015.24,1126.84,-0.02,-0.01,1.0,0.2,1.0,0.3,1399.55,-0.22385782191596648,-0.5777658034537281,-0.009890905953937847,-0.03992901148850003,-0.02575930051223712,0.04762803072636736,326.1129324250656,448.96862510016894,6.590571070059706,356.063985849939,221.95156832730183,-7.559899322654453,452.7563163142285,62.335465453924634,-60.38925474472114,-7.5158002123125875,-16.17506537239801
32002270,50.564000,-55.243614,-98.348152,1013.84,1067.35,1015.19,1126.89,-0.02,-0.02,1.0,0.2,1.0,0.32,1399.57,-0.22524473992232383,-0.5819177309343172,-0.015176751474309441,-0.038052446769311965,-0.03358542745463333,0.09118414121718611,326.1155573285895,448.9760145447063,6.5797578417167815,356.0034643754875,222.029569799585,-7.846818924637992,453.63824191989903,62.89517691837938,-60.220337308529686,-7.502442099539927,-16.52575591975806
32002371,50.663000,-55.756938,-97.440534,1013.91,1067.43,1015.24,1126.88,-0.02,-0.01,1.0,0.19,1.0,0.33,1399.71,-0.2269418846394154,-0.5852405927912994,-0.017918855504400782,-0.03055064541850766,-0.03050325544212954,0.0580352541573946,326.1088373466101,448.9705117725501,6.560314646544382,355.57253068836513,221.93619102975558,-7.6715171269823115,452.3931460535748,62.12683624623205,-59.86856023008192,-7.3943124817525385,-16.42098262028543
32002471,50.764000,-56.231146,-96.831363,1013.79,1067.47,1015.27,1126.61,-0.02,-0.01,1.0,0.18,1.0,0.32,1399.78,-0.2288572585575153,-0.5878468242523717,-0.019759411884443738,-0.023570358463677152,-0.01593041343944818,0.06058121196277994,326.11134358886244,448.95026059535695,6.567179354239264,355.48269216090137,221.85915469920494,-7.3833655710768085,451.49316251843186,61.73551277536241,-59.47410714080236,-7.369569608180609,-16.20785072353172
32002571,50.864000,-56.657003,-96.546449,1013.84,1067.39,1015.26,1126.42,-0.02,-0.01,1.0,0.57,1.0,1.0,1400.01,-0.23087636774700376,-0.5897859412342458,-0.020322717170007408,-0.016740246320476812,-0.003264953241115046,0.07076602730481907,326.1078798367489,448.9708857947926,6.599913280526944,355.390070698163,221.9147505534027,-7.574143635669992,451.700016991973,61.92301359183259,-59.85381707483455,-7.348563113572308,-16.349479301314986
32002670,50.963000,-57.017093,-96.661105,1014.34,1072.82,1014.79,1121.64,-0.02,-0.01,1.0,0.13,1.0,0.84,1398.17,-0.23294397298205383,-0.5910802689607594,-0.020746589987431365,-0.010838369281091047,-0.011158079750513914,0.04771110730905545,326.10942160282264,448.9590888888009,6.569684830951202,355.9676716466269,221.99187385720913,-7.696643274787977,452.2515395883626,61.89108162583273,-59.33466687356829,-7.494404202781695,-16.033695927720085
32002770,51.063000,-57.308768,-97.192296,1014.13,1072.41,1014.54,1116.8,-0.02,-0.02,1.0,0.15,1.0,0.46,1398.19,-0.23504159946757397,-0.5918135455679414,-0.02151158974811195,-0.005175648468587544,-0.06591319499436707,0.04397171811616472,326.1075495875571,448.9629931200305,6.573727544554346,356.26595683297785,222.0254691391229,-7.85184777444075,452.3331326764642,61.64931187512943,-59.105469631777645,-7.5698531038870565,-15.782390900221591
32002870,51.162000,-57.539669,-98.051999,1013.94,1072.19,1014.72,1114.77,-0.02,-0.01,1.0,0.26,1.0,0.28,1398.6,-0.23719842339861177,-0.5919019271205894,-0.023129640325206598,0.0020841982772092063,-0.05881111550796739,0.09114713848244316,326.1169173709059,448.9648615871666,6.592617872327798,357.4658527173999,222.21363368781985,-8.382067751334874,452.53363866901003,60.81323317033536,-57.502172984921614,-7.871390040596983,-14.75608253451129
32002971,51.262000,-57.740744,-99.153510,1013.83,1072.15,1015.14,1115.26,-0.02,-0.01,1.0,0.26,1.0,0.32,1398.68,-0.2394755124412292,-0.5910954915375517,-0.023226084177042625,0.011849894532409762,-0.012673835248864035,0.09981465082689714,326.1168550663861,448.96075793663766,6.552575112737641,357.73777780058526,222.29234141370577,-8.521170785322946,452.98433576676047,61.03696081892832,-56.86681974352574,-7.9416795474886905,-14.685144805643128
32003070,51.363000,-57.882916,-100.126137,1013.84,1072.07,1015.27,1115.19,-0.02,-0.01,1.0,0.3,1.0,0.17,1397.93,-0.24191380973135335,-0.5893006083140088,-0.02518733480676979,0.021630137622238817,-0.04149036683298458,0.11390587831231973,326.11331056469305,448.96789438093464,6.565290894044989,358.1351439244583,222.3989619835004,-8.779844756630984,453.7604150024364,61.22442732671265,-56.79093924429777,-8.044545003894966,-14.591676381682316
32003170,51.462000,-58.028948,-101.327141,1013.8,1071.93,1015.31,1114.95,-0.02,-0.01,1.0,0.31,1.0,0.15,1397.91,-0.24450179473493416,-0.586632308154072,-0.027093181163772805,0.03035851038781302,-0.0757491998467485,0.1437860518782265,326.11244391515663,448.96399216830724,6.544408917663448,358.19652355522805,222.3851386389771,-8.621753284384095,453.5539208297361,61.0561977863927,-57.043501949612015,-8.059628980940007,-14.466986097830404
32003270,51.563000,-58.185596,-102.753589,1013.81,1072.03,1015.17,1115.05,-0.02,-0.01,1.0,0.31,1.0,0.16,1398.31,-0.2471944180933039,-0.5832653679405689,-0.028085628161999904,0.03721708478807822,-0.03050787385298552,0.09595475615215766,326.11265108578584,448.9586846963689,6.564823578454104,357.94352632485925,222.34693058219182,-8.695526271555085,453.1705396894606,61.03397819246781,-56.86319782210495,-7.99570320318196,-14.562994793497277
32003371,51.663000,-58.323631,-104.181904,1013.82,1072.11,1015.36,1115.05,-0.02,-0.01,1.0,0.3,1.0,0.16,1398.71,-0.2499281629681939,-0.5793405521172166,-0.027093810816322186,0.04060296724157316,-0.005019052853088649,0.0516487394845575,326.1157886707748,448.95534996882606,6.5540307919958245,357.91131698749143,222.3386826160222,-8.656759002140126,452.9299794810686,60.84625364761912,-56.66789060773023,-7.986768002385407,-14.498101547514953
32003471,51.764000,-58.433745,-105.635717,1013.78,1071.98,1015.26,1115.09,-0.02,-0.01,1.0,0.32,1.0,0.17,1399.05,-0.25263662514870266,-0.5750058207346321,-0.027374278984463644,0.04544680464628798,-0.0481378833097228,0.1215569508175626,326.11187556671894,448.97027466415983,6.532205384052881,357.8447927177313,222.31551528137692,-8.600811881847333,452.82579311839265,60.929812188266744,-56.578680382342,-7.969920513410417,-14.538424306563497
32003570,51.862000,-58.527148,-107.085779,1013.82,1072.0,1015.32,1115.06,-0.02,-0.01,1.0,0.32,1.0,0.17,1399.22,-0.25527678915355145,-0.5703895899990701,-0.026784980598480657,0.048196164395021474,0.0011125469637407522,0.034288461443907965,326.1179479617698,448.95376693199466,6.532547338456596,358.05527258319245,222.36773418520173,-8.780882504077123,453.1345937929849,60.98968160319558,-56.69154299009775,-8.0229938459098,-14.459384794789809
32003671,51.962000,-58.612920,-108.462770,1013.82,1072.14,1015.24,1115.1,-0.02,-0.01,1.0,0.31,1.0,0.18,1399.45,-0.2578316609330439,-0.5655978456292486,-0.024646779326086894,0.047320678765610545,0.035844960299936855,-0.03997437400850112,326.10672563007313,448.96880065603796,6.567419337360968,358.13821860480346,222.3870655181254,-8.796700394072786,453.6599546295021,61.1643456375274,-56.76000050098932,-8.046491189718237,-14.5530421336932
32003770,52.063000,-58.727833,-110.244123,1013.7,1072.05,1015.32,1115.09,-0.02,-0.01,1.0,0.31,1.0,0.18,1399.52,-0.26029657600635264,-0.5607163999849839,-0.024082154575707896,0.048430712038635554,0.019460373104441823,-0.020794933136881303,326.11763941920884,448.9648583725694,6.547932159876973,358.1242589945148,222.3875945250649,-8.825164637629268,453.66115545651104,61.20997708210367,-57.039419806891985,-8.04048118432032,-14.576081034314857
32003871,52.163000,-58.794212,-111.369695,1013.75,1072.17,1015.14,1115.09,-0.02,-0.01,1.0,0.31,1.0,0.19,1399.66,-0.2626624619094071,-0.5558531164460534,-0.02331569088911962,0.04854131460346519,0.014969546189313676,-0.014561593588027456,326.10271816733837,448.95840614345127,6.570990441271534,358.0533921058215,222.37028911858482,-8.82610767590962,453.2179762132174,61.01671556255812,-56.78320941145092,-8.026230775861373,-14.4791803454928
32003970,52.263000,-58.839159,-112.471541,1013.82,1072.11,1015.29,1115.04,-0.02,-0.01,1.0,0.4,1.0,0.83,1399.69,-0.26490093366623774,-0.5510783132154533,-0.02164564871005468,0.04690481869214554,0.02586157019283642,-0.035851140932752344,326.1125821876113,448.96254920069725,6.5642119124811975,357.92342881961963,222.345790717431,-8.67132582155631,453.04038713433755,61.1067747950426,-56.73811504419944,-7.990562974960847,-14.55577238594357
32004071,52.363000,-58.859932,-113.351029,1013.89,1073.71,1015.87,1122.06,-0.02,-0.01,1.0,0.27,1.0,0.37,1397.8,-0.2669855145539442,-0.5464448390262412,-0.019877735980431355,0.044864321361440224,0.016308733856151857,-0.018840865823525205,326.1130748639173,448.96273925185255,6.5594355379952125,358.0293322995779,222.36503553339963,-8.70819483647054,453.22964073002896,60.973574409441945,-57.00007895420153,-8.017362800425573,-14.500439977263252
32004170,52.463000,-58.890457,-114.219144,1013.94,1074.32,1015.52,1123.44,-0.02,-0.01,1.0,0.22,1.0,0.34,1397.46,-0.2689092847271401,-0.5419988997656338,-0.018982588577451602,0.0444089089744222,0.0022758345954388723,0.006319256440405136,326.12126078981623,448.9647938864421,6.586170890471944,357.6451664307896,222.2391852001634,-8.721108875447346,455.31188130162855,62.96218025859469,-59.05874200741399,-7.915651003413947,-15.684815352033098
32004271,52.562000,-58.938925,-114.963840,1013.9,1074.07,1015.46,1122.57,-0.02,-0.01,1.0,0.24,1.0,0.43,1397.65,-0.27065786288105,-0.5379833793638307,-0.01681732591556142,0.03748699095380266,0.01939869068270707,-0.08239905524946602,326.11910429905254,448.95752501085116,6.544686848634374,359.0124305543113,222.47678760794483,-8.955829268209307,457.27790035777304,63.603668033169136,-59.42828390639511,-8.263672235506316,-15.210084429845779
32004371,52.663000,-58.996094,-115.515950,1013.84,1074.04,1015.62,1127.51,-0.02,-0.01,1.0,0.25,1.0,0.17,1397.67,-0.27227476026654523,-0.5346603258625504,-0.016038545683047127,0.03115463732680912,0.0010129836040238015,-0.05204150693574309,326.11008014977483,448.9700193760959,6.580992970714272,359.3128963391987,222.55658643637392,-9.317901076957263,460.10843583001764,65.39886488371576,-60.20728491427607,-8.342779943171273,-15.989151729485826
32004471,52.763000,-59.054758,-115.927260,1013.9,1073.92,1015.27,1125.8,-0.02,-0.01,1.0,0.26,1.0,0.32,1398.07,-0.27387534090090343,-0.531978216594854,-0.016034538946183334,0.02380160369181497,-0.0009278301601178871,-0.08610185422797831,326.12097392295266,448.9533973983207,6.565738335325841,360.09738852484975,222.68226140859787,-9.655743843641135,461.57201340893556,66.42106238484908,-61.037493814841945,-8.539617290126813,-15.920098923330684
32004571,52.863000,-59.119103,-116.185802,1013.86,1073.94,1015.34,1125.71,-0.02,-0.01,1.0,0.27,1.0,0.42,1398.41,-0.2755041815087749,-0.5301099607204575,-0.016529588535414315,0.015898835481217823,-0.005086617410220612,-0.07312451275011633,326.1106384888729,448.98038863228794,6.582677167120163,360.1296304346936,222.72874854390625,-9.64761829244694,462.3718692473504,66.50976945667797,-61.06189852939518,-8.550886459427474,-16.102182494008154
32004672,52.963000,-59.197645,-116.302339,1013.8,1073.94,1015.54,1128.18,-0.02,-0.01,1.0,0.27,1.0,0.23,1398.58,-0.27719648704367406,-0.5289566698643279,-0.01665332724458199,0.008713630482737583,0.012866556494247838,-0.07442035311927221,326.11904432680853,448.95062982573654,6.557950840529227,360.1011230365233,222.66439603953816,-9.607569871404184,461.8827033721399,66.49073845959413,-61.0459583482891,-8.540458457561442,-16.012196439476256
32004771,53.063000,-59.283385,-116.298447,1013.91,1073.99,1015.25,1128.45,-0.01,-0.01,1.0,0.26,1.0,0.21,1398.73,-0.27892484428931963,-0.5284289440789448,-0.017290270514122987,0.003085299365732738,-0.002385854840311851,-0.05908356724578828,326.121077743426,448.98210111062804,6.579405474826369,359.5584561711813,222.58682534517928,-9.480223144675321,461.9453387608302,66.97842820255198,-61.94632939823396,-8.401543692906628,-16.540944386877527
32004872,53.163000,-59.378364,-116.233420,1013.81,1073.94,1015.33,1128.08,-0.01,-0.01,1.0,0.28,1.0,0.28,1399.0,-0.2806138800269078,-0.5285590226305017,-0.016265612974107516,-0.003869372181273647,0.020886096435408865,-0.06406864725613207,326.11474901728843,448.9684978784263,6.594841948647464,359.8863901712636,222.67728948421987,-9.551147139244712,461.95847484922683,66.64549068628544,-61.60400363725008,-8.48815971494068,-16.215384602703022
32004973,53.265000,-59.471692,-116.173275,1013.81,1073.84,1015.22,1128.2,-0.02,-0.01,1.0,0.29,1.0,0.28,1397.99,-0.2822300529550059,-0.5292843305159082,-0.015579242783224534,-0.00883224267081094,0.02070021102367848,-0.037201593787247925,326.1111592962831,448.97841526698085,6.5884084772812725,360.0286505403039,222.68149705225372,-9.637396899625594,462.87937930902564,67.44797241059229,-62.16562725955672,-8.524068318918884,-16.478521687211614
32005072,53.367000,-59.546813,-116.147131,1013.75,1073.86,1015.23,1128.06,-0.02,-0.01,1.0,0.29,1.0,0.3,1398.4,-0.28340250170688674,-0.5301513426459552,-0.01282655808474899,-0.010563074275666315,0.08701212571947825,0.03047278232244117,326.12102770172186,448.97551144742783,6.552920581758062,360.21662911373755,222.80303718336745,-9.648545698398427,463.10506996516386,67.19616182727337,-61.93835514404611,-8.572812220088071,-16.327354147126897
32005173,53.465000,-59.654108,-116.149412,1013.82,1073.85,1015.17,1128.08,-0.02,-0.01,1.0,0.29,1.0,0.31,1398.57,-0.28493700047331616,-0.5316536436678686,-0.012776964543541148,-0.0137195464217338,-0.0006470801253147529,-0.028964232964338848,326.1243420099606,448.96294077643756,6.56049495068329,360.1191255945319,222.68930819897923,-9.643912286364056,462.95731194838925,67.39714358941225,-61.82610163801255,-8.544073137310615,-16.42533244502011
32005273,53.566000,-59.787096,-116.180598,1013.8,1073.98,1015.23,1128.07,-0.02,-0.01,1.0,0.31,1.0,0.31,1398.93,-0.2864188645520282,-0.5335136153376702,-0.014431565341069817,-0.019580806731901143,0.025390398303639802,-0.003004416172199562,326.1207713841543,448.9698429668614,6.559105993457708,359.7265180581374,222.64925663383096,-9.650087377000876,462.26699071116616,67.00939142897435,-61.7225951520298,-8.445986161633186,-16.48618504759488
32005374,53.667000,-59.942927,-116.250647,1013.72,1073.95,1015.31,1127.99,-0.02,-0.01,1.0,0.33,1.0,0.33,1399.13,-0.2878161830237865,-0.535630803108524,-0.013520755958423796,-0.022059922800548384,0.010933900788584333,-0.027646151425649704,326.11776080212525,448.9675238385117,6.559942492137389,359.84236208293066,222.64744660410793,-9.498888210347115,461.96870274395457,66.66552860406011,-61.714468576767686,-8.47544305938023,-16.263162878449446
32005474,53.766000,-60.119930,-116.362877,1013.78,1073.93,1015.23,1127.95,-0.02,-0.01,1.0,0.33,1.0,0.34,1399.39,-0.2890908054258004,-0.5379414314751285,-0.012419996496594579,-0.023665568422940667,0.0033250313015304018,-0.021415959182484706,326.11714745471403,448.96967540641657,6.577903601708472,359.8470968551238,222.68010626279883,-9.518893006094602,462.3795826392466,67.15403096077229,-61.76790727942437,-8.47789380845014,-16.439573436991004
32005573,53.867000,-60.321930,-116.474898,1013.78,1074.15,1015.16,1128.11,-0.02,-0.01,1.0,0.32,1.0,0.33,1399.4,-0.2902547768153554,-0.5403380783502292,-0.011240224003523954,-0.02431264307756537,0.011723055190907357,-0.006338096128118504,326.1194873744115,448.97179206415996,6.567164106298789,360.20116992622513,222.74855642759482,-9.523614532114504,462.8812713504027,67.16689830058411,-61.87877473676719,-8.567470195869754,-16.288897793671747
32005674,53.966000,-60.558351,-116.575768,1013.8,1073.98,1015.27,1128.27,-0.02,-0.01,1.0,0.33,1.0,0.33,1399.66,-0.29133156179463865,-0.5427930967945525,-0.010429755737023167,-0.02436654308787166,0.028089544772479862,0.04997646046302497,326.11532199572804,448.97007420226174,6.56058970675977,360.1261472662465,222.71627791180654,-9.67401941574701,463.2855123053245,67.59726409530539,-61.8532288717063,-8.548783781644095,-16.527675669281525
32005774,54.067000,-60.826707,-116.694058,1013.83,1074.13,1015.28,1128.19,-0.02,-0.01,1.0,0.38,1.0,0.38,1399.64,-0.29233781608452647,-0.5452783244229995,-0.00970341346677168,-0.02483983944500983,0.013040123458647693,0.01022230860111796,326.11749033627285,448.9608376618773,6.5632645249145245,360.113057051308,222.66971782957077,-9.638125826935314,462.86003723733415,67.27217545363912,-61.90496426200071,-8.543616523470398,-16.38496355537918
32005874,54.166000,-61.107283,-116.845167,1013.91,1075.35,1015.25,1129.46,-0.02,-0.01,1.0,0.29,1.0,0.28,1399.56,-0.29327135126734055,-0.5477684949505599,-0.008940917129355292,-0.024518657543678483,0.007727458971742539,0.0009050138051438928,326.1196144988742,448.9748083071801,6.589683507924274,359.8895345883131,222.6902620527516,-9.602901504224832,462.50081901400375,67.16353260793316,-61.62270230952385,-8.48797969472568,-16.439520991646155
32005974,54.266000,-61.418841,-117.016893,1013.88,1075.68,1015.39,1129.49,-0.02,-0.01,1.0,0.26,1.0,0.28,1399.34,-0.2941082677570959,-0.5502239073717344,-0.007994729685097282,-0.024421006505322064,-0.0011893998723587894,-0.028107106677911428,326.119766255112,448.97195275988133,6.572212032432841,359.78154264988984,222.63008008818895,-9.633358453951596,462.7416625891881,67.4889179889703,-62.22992862671357,-8.459080161016868,-16.652256833899465
32006074,54.368000,-61.651556,-117.138054,1013.85,1075.71,1015.26,1129.39,-0.02,-0.01,1.0,0.25,1.0,0.3,1399.42,-0.29483811865180276,-0.5526311385647746,-0.007026626802673886,-0.02464560063706056,0.01404342280038957,0.0032344751279275294,326.1187814267352,448.977949302716,6.588368934995213,359.98443893194343,222.70555423144896,-9.65310632357155,463.2883922971695,67.79181766211701,-62.12454424331383,-8.51214144196741,-16.672986582643407
32006175,54.467000,-61.965247,-117.285161,1013.86,1075.61,1015.19,1129.45,-0.03,-0.01,1.0,0.35,1.0,0.35,1399.59,-0.2954720219731495,-0.555047930627869,-0.006255214887950087,-0.024511270908288557,-0.0008784955806028786,-0.009996457499918895,326.112541246854,448.980197183385,6.585661117909722,360.6760955439142,222.8622350695003,-9.989659488604842,464.9135582350172,68.56144638109357,-62.55553109896478,-8.690750718602574,-16.65938099262181
32006274,54.566000,-62.292672,-117.433783,1013.91,1075.98,1015.32,1129.73,-0.02,-0.01,1.0,0.32,1.0,0.33,1398.35,-0.29608887777667386,-0.5574046898811484,-0.006263063996430952,-0.023449332317641822,-0.00788276032425887,-0.014545033061686008,326.11643458118954,448.9668767685141,6.564026215052321,360.85883707626874,222.87162940008955,-9.948243788265636,465.09625947403003,68.68615284449125,-62.92116510591554,-8.735892971117206,-16.588958053826808
32006374,54.666000,-62.636278,-117.582291,1013.81,1076.21,1015.22,1129.96,-0.02,-0.01,1.0,0.31,1.0,0.32,1398.66,-0.2967298222816432,-0.5596860455288479,-0.006572649475932242,-0.022539821739885085,-0.0044205548790368955,0.01131082924609243,326.1157661032659,448.9730104522354,6.578851091011025,360.9337349687536,222.93001286222744,-10.059872260911526,465.3505330991788,68.69238173443603,-62.88921617071748,-8.756592162737073,-16.584286576507612
32006474,54.766000,-62.956744,-117.699276,1013.85,1076.29,1015.32,1129.87,-0.02,-0.02,1.0,0.3,1.0,0.33,1398.86,-0.29739755412297364,-0.5618522278850411,-0.006698196654825793,-0.021286560654177944,0.0003471357181062324,0.009619674777758314,326.11579889320507,448.97330765441336,6.579097172889297,361.0360095735911,222.94392116076065,-10.059950086323205,465.53217260318365,68.8871708869401,-62.63004654589176,-8.782425935000857,-16.584057649514083
32006575,54.866000,-63.292570,-117.793543,1013.82,1076.19,1015.3,1130.03,-0.02,-0.02,1.0,0.31,1.0,0.33,1399.13,-0.29807526013312824,-0.563944224356583,-0.006758130189593691,-0.020304912324124014,0.004560895161806879,0.030788615904009962,326.1199376246164,448.966401638299,6.563685548009722,361.09267441412305,222.95985897923347,-10.180309412785412,465.56458224057405,68.92817567664939,-62.69158664062042,-8.796304937456386,-16.55445198018
32006675,54.966000,-63.643511,-117.882083,1013.8,1076.17,1015.22,1130.14,-0.02,-0.02,1.0,0.31,1.0,0.32,1399.21,-0.29876617375753556,-0.5659143875292939,-0.006874718299440255,-0.01907243719982362,0.0028651841200510227,0.01946134371088155,326.1231725615891,448.9808466551699,6.588432630880282,361.1552830453403,222.9408809975579,-10.10934997346441,466.0550218545353,69.18484902822115,-62.878274011903116,-8.809722025213862,-16.684239416444385
32006776,55.067000,-63.986576,-117.960360,1013.77,1076.1,1015.49,1130.06,-0.02,-0.02,1.0,0.48,1.0,0.4,1399.49,-0.2994659813443035,-0.5677806026812113,-0.00713007380834336,-0.01839609792721221,-0.008207704753404254,-0.001755125715789559,326.1118124417722,448.9716754982169,6.5878653234538875,361.3560454323589,222.9850424350102,-10.274965751406452,466.37966943366075,69.35524401018759,-62.96580466496842,-8.864279668389775,-16.628535223737433
32006875,55.168000,-64.346639,-118.035076,1014.09,1079.89,1015.48,1131.41,-0.02,-0.02,1.0,0.2,1.0,0.3,1399.19,-0.30018533497683786,-0.5695227528451975,-0.007393320447262958,-0.017256033898274285,0.001821874788046846,0.022245725841697154,326.11464850430053,448.9655150077649,6.557179030954482,361.4028075004115,222.98482582091864,-10.344607552513475,466.4151903862815,69.2945441119806,-63.01470249235463,-8.875381454554006,-16.59296853559804
32006975,55.267000,-64.722993,-118.122532,1013.96,1081.03,1015.32,1131.95,-0.02,-0.02,1.0,0.13,1.0,0.26,1398.09,-0.3009225321673314,-0.5711334000252921,-0.007344880157389908,-0.01541735377142511,0.006313495425247192,0.029261858257060375,326.12085792874757,448.9632206223769,6.559025302786239,361.3249265872492,222.97173270471654,-10.240850872293047,466.60777891679624,69.57710349915754,-62.99385669735187,-8.854150889347347,-16.755568700414468
32007076,55.367000,-65.113543,-118.257571,1013.76,1080.94,1015.3,1131.81,-0.02,-0.02,1.0,0.16,1.0,0.28,1397.58,-0.30147859068025157,-0.5722692786303952,-0.0060700721471356875,-0.012309841391303922,0.04344882954088077,0.09087219434225176,326.11604956336987,448.9725489796159,6.581950178713847,362.24331172543486,223.1820438067276,-10.788674784544023,468.90482196725964,70.89351990518249,-63.93428829948304,-9.090470240319844,-16.82611196298465
32007176,55.469000,-65.490345,-118.459108,1013.84,1080.63,1015.29,1131.68,-0.02,-0.02,1.0,0.19,1.0,0.3,1398.0,-0.30223542300168843,-0.5737678059103221,-0.006514594856881349,-0.012474283765172093,-0.002710359528946708,0.008419226174853427,326.12424942802704,448.9772656544165,6.574830846677012,363.5538815529817,223.4701790696031,-11.404880341163667,471.74628593546646,72.35716773871017,-64.48094637071452,-9.424029742629694,-16.753473125332665
32007275,55.570000,-65.883130,-118.758135,1013.81,1080.36,1015.3,1131.7,-0.02,-0.02,1.0,0.27,1.0,0.33,1398.42,-0.30311342578228756,-0.5752073243769624,-0.009233258347317797,-0.013559440663364505,-0.03888884162133241,-0.01901273921550751,326.15828145684196,448.9604775163761,6.604332324878403,364.8554162636119,223.81076567993742,-11.99620541261043,474.4540049499024,73.89006367326954,-64.65258988503656,-9.752308295176894,-16.66381992657335
32007376,55.669000,-66.256097,-119.108558,1013.78,1080.28,1015.28,1131.78,-0.02,-0.03,1.0,0.28,1.0,0.33,1398.82,-0.304244735086791,-0.5765460273067678,-0.013662901398670135,-0.014134549876298953,-0.08608449712986158,-0.036186101694642696,326.12127979728234,448.9780836241809,6.56487541940918,365.656046320724,224.04411940895102,-12.30100258434943,476.52830789367715,75.06304433350289,-64.95184196364475,-9.968583064907582,-16.71959182311699
32007477,55.770000,-66.664529,-119.551173,1013.75,1080.3,1015.2,1131.93,-0.02,-0.03,1.0,0.34,1.0,0.37,1398.17,-0.3057351312666259,-0.5777583197122897,-0.016370672163816075,-0.011652758645502949,-0.022732712198431565,0.024616171767424887,326.12472999603057,448.9699865403397,6.5653661514155734,365.93431360203465,224.06331656782078,-12.670567683210288,477.113237297094,75.30381493632655,-65.28373910949149,-10.03766655673379,-16.69813466873913
32007577,55.871000,-67.052946,-119.992067,1013.71,1080.49,1015.41,1132.59,-0.02,-0.03,1.0,0.32,1.0,0.32,1398.01,-0.3076111732737122,-0.5788598583737263,-0.019924173574976025,-0.01061200953374722,-0.02347087951642634,0.011803861062908882,326.1226131659594,448.97327991192253,6.570929095073517,365.65291737208133,224.0455768603751,-12.309798098423746,476.7279944333073,75.16705801603413,-65.08141573861855,-9.967752362985644,-16.79032710064475
32007676,55.971000,-67.487180,-120.470570,1013.76,1080.69,1015.29,1133.36,-0.02,-0.03,1.0,0.31,1.0,0.26,1397.78,-0.3097765147601192,-0.5798800291794304,-0.02240492099376604,-0.009801176562864784,-0.016173011957492094,0.013025582794539895,326.1191448628873,448.9764872691228,6.582871892806876,365.28425376763477,223.88620970341194,-11.892991414543397,475.98757507020184,74.82866552237667,-65.28460661963037,-9.87049475699383,-16.85985764401808
32007777,56.070000,-67.947005,-120.979383,1013.76,1080.66,1015.28,1133.28,-0.02,-0.02,1.0,0.41,1.0,0.38,1397.25,-0.3121130559478261,-0.5808302574512407,-0.02297515460137743,-0.00925859946228579,0.02355225863401936,0.007120558940198316,326.1244195073207,448.97768145003295,6.587831204248199,365.3344951218392,223.90451582661254,-11.927757245422207,476.1457761571241,75.14021692704156,-65.48295792555504,-9.882340591019721,-16.91694092404561
32007877,56.171000,-68.368918,-121.458666,1013.88,1082.48,1015.36,1134.06,-0.02,-0.02,1.0,0.31,1.0,0.37,1397.32,-0.31452844773002386,-0.5817939536277963,-0.02444887588922419,-0.009513872801435678,-0.014319844053275474,0.002575180886449105,326.12850366053726,448.9654023198888,6.564201219045023,365.64160631658666,224.0172120803615,-12.45736732910888,476.3999850392617,75.15355018113871,-65.14071307055924,-9.962612598067015,-16.72496724296004
32007977,56.271000,-68.823252,-122.009026,1013.88,1083.56,1015.47,1136.38,-0.02,-0.02,1.0,0.21,1.0,0.18,1396.65,-0.3170152926230754,-0.5826756401372217,-0.025124487797148216,-0.008510970352837138,-0.008949335518922,0.004142439848278852,326.12131290330416,448.9827405997397,6.5968299136786905,365.7617439706846,223.9611809384559,-12.360111213566462,477.56539252040295,75.85411260415538,-65.69371052476922,-9.990877288811607,-17.066814597355318
32008077,56.371000,-69.208786,-122.538782,1013.79,1083.54,1015.28,1135.68,-0.02,-0.02,1.0,0.29,1.0,0.32,1397.53,-0.31891338131304603,-0.5833190949368849,-0.020692121592524582,-0.007087826371357313,0.12206583204953565,0.038250448770173,326.12209924895967,448.97435978482497,6.5663886559770335,366.1093743023,224.06653518097616,-12.772213747649234,479.25994515309185,77.36405393348375,-66.95476867732381,-10.081502255042318,-17.47973973800457
32008177,56.470000,-69.625371,-123.194196,1013.7,1083.5,1015.27,1135.54,-0.02,-0.02,1.0,0.32,1.0,0.38,1395.52,-0.3214771315527818,-0.5842902358507596,-0.02189761794025678,-0.008901278096888503,-0.005882991537968373,-0.015397632505630813,326.12947810193566,448.9891167038871,6.577320421086352,366.5863714872524,224.16996030391311,-12.915293768907722,479.8568542934636,77.34881496500067,-66.82558273983702,-10.201368207110566,-17.24695302857662
32008277,56.570000,-70.100698,-124.024711,1013.75,1083.4,1015.19,1136.71,-0.02,-0.02,1.0,0.37,1.0,0.34,1396.19,-0.3240962180904552,-0.5854055422518645,-0.0255339527970812,-0.011179380960107652,0.05018760368415369,0.011635080918701721,326.16434677234014,448.95596157078273,6.61226130265684,366.686466657681,224.17704806346345,-12.789366523172164,480.31434697129373,77.89443017278003,-67.09572688872505,-10.219259841709997,-17.400452247694222
32008377,56.669000,-70.566940,-124.896980,1013.85,1084.15,1015.34,1137.52,-0.02,-0.02,1.0,0.35,1.0,0.35,1396.56,-0.32675539045868285,-0.5866377415126932,-0.026129572005695073,-0.012425840203812833,0.03686315053414478,0.010502731471234802,326.1255259120648,448.9892670724741,6.582545055271454,366.5531284463157,224.24019698113028,-12.925972352718022,480.3294880373503,77.94927543621911,-67.26883918356322,-10.197249610989887,-17.479149969873983
32008478,56.769000,-71.039525,-125.850536,1013.79,1084.67,1015.41,1137.22,-0.01,-0.02,1.0,0.3,1.0,0.38,1397.12,-0.3294128696389649,-0.5879719311550002,-0.02651630637219233,-0.013875829852322113,0.039794210407738694,0.0035635394048119003,326.12351535063164,448.968826003267,6.581717747276185,366.5888915482863,224.17534459212325,-12.865316239319602,480.462659543467,78.10757760608624,-67.51569066524588,-10.2046031590906,-17.530610865045308
32008577,56.870000,-71.471724,-126.812727,1013.75,1084.44,1015.37,1139.3,-0.01,-0.02,1.0,0.4,1.0,0.36,1397.48,-0.3320152860679264,-0.5894530664568801,-0.025445644374291185,-0.014959927418290662,0.04609509342943023,0.01821736095561516,326.12007085307965,448.9873581910408,6.569626048630175,366.59961791561153,224.1810156057648,-13.024991310366223,480.98216618596274,78.95430326842026,-67.71430161822829,-10.207529924051622,-17.736745402257537
32008677,56.970000,-71.916653,-127.913351,1013.87,1086.12,1015.35,1138.93,-0.01,-0.01,1.0,0.27,1.0,0.39,1397.72,-0.3345498138860332,-0.59105532487582,-0.024258549873879588,-0.01627768171475826,0.05446544130962087,0.007996338616775957,326.1193338132884,448.98148933272216,6.577328290358592,366.8766642946231,224.21812331354687,-13.028425365447122,481.71597284129916,79.12172215654574,-68.05654944004081,-10.278012615960874,-17.804498622568364
32008778,57.069000,-72.320343,-129.023597,1013.89,1086.62,1015.45,1142.1,-0.01,-0.01,1.0,0.3,1.0,0.3,1397.25,-0.3369895709350328,-0.592865442620291,-0.023939520494685784,-0.01865523735043018,0.0509315530637638,0.01791571807637834,326.1227535321623,448.9834763428716,6.592797423941128,366.9823219922305,224.29827371262394,-13.118391171416452,482.37474022638577,79.73799955760296,-68.43381236002357,-10.30647282481108,-17.984988763392625
32008877,57.178000,-72.716209,-130.221040,1013.8,1086.63,1015.24,1140.61,-0.01,-0.01,1.0,0.3,1.0,0.43,1395.44,-0.33876468393500087,-0.5943190220585972,-0.023842315421020454,-0.020104360263754544,-0.0573829617524953,-0.07283450175917842,326.12705348144743,448.9722790949633,6.567521096690899,367.37917464018506,224.32843334723768,-13.279695259643535,483.6465573374515,80.72234454724817,-68.89292394887973,-10.405492381149623,-18.18358464225209
32008978,57.267000,-73.101017,-131.553416,1013.77,1086.48,1015.54,1143.81,-0.01,-0.01,1.0,0.38,1.0,0.36,1395.81,-0.34164174447740076,-0.597025694862064,-0.022046560248767933,-0.021900319772584265,0.06362017988120557,0.04446333309290822,326.12970444250897,448.99502973826975,6.583968570605046,367.92282572167176,224.46358684174334,-13.4159424483553,484.84492229279704,81.46542092919348,-69.19608227720015,-10.544074461795292,-18.182915831553412
32009077,57.370000,-73.381609,-132.649705,1013.79,1087.33,1015.34,1143.48,-0.01,-0.02,1.0,0.34,1.0,0.51,1396.24,-0.3433483670168734,-0.598780437635739,-0.018746126207534495,-0.019625673814159954,0.1266195472613183,0.11795973193804232,326.11851629493367,448.978414774684,6.583311245445014,368.45763369086404,224.59001470416032,-13.763963324329284,486.79137245990734,83.08987375425843,-70.16555918782427,-10.685327470848648,-18.53441037886236
32009177,57.470000,-73.696752,-133.934155,1013.82,1088.26,1015.62,1148.05,-0.01,-0.02,1.0,0.29,1.0,0.22,1396.06,-0.3456253562018671,-0.6013129472039558,-0.01909646189683515,-0.022026281439422504,-0.008231467001591221,-0.02631097633497432,326.1228076804022,448.99733674321175,6.565698006146441,368.64695213197797,224.70511987438383,-13.888597959211033,487.2535322960179,83.43146900203394,-70.11693518292394,-10.735436377029277,-18.544334606802636
32009277,57.569000,-74.045662,-135.425328,1013.74,1087.97,1015.23,1147.51,-0.01,-0.02,1.0,0.34,1.0,0.37,1395.4,-0.3479292226904013,-0.6041005164122982,-0.023220436726355813,-0.02895433951778943,-0.013458173843426098,-0.042372941368710636,326.12435051148907,448.9889142997942,6.56412559668791,368.7102879221418,224.75515897257472,-14.100460985022277,488.72173889928496,84.9725426810361,-71.75420491114355,-10.753410530738078,-19.141174466290824
32009377,57.669000,-74.387950,-136.923768,1013.84,1087.97,1015.43,1147.81,-0.01,-0.02,1.0,0.34,1.0,0.35,1394.76,-0.35025320434214485,-0.6071992469487598,-0.023581449553849162,-0.032880865257609394,0.016158969797829235,-0.01900625658218289,326.1290947986426,448.9816854239443,6.577513219833523,369.48361308801066,224.87732062811318,-14.062636114618789,489.9680246170117,85.80722478960293,-71.9217251006546,-10.94900571793129,-19.006252280201004
32009477,57.768000,-74.753936,-138.468787,1013.84,1088.22,1015.34,1149.17,-0.01,-0.02,1.0,0.32,1.0,0.24,1395.03,-0.35261900692045894,-0.6106468235153408,-0.02313921764687238,-0.034255883674394964,0.03492509222447571,0.03935338220111358,326.12346221995284,448.98925384572027,6.582762604987615,369.7331515284945,225.03075398344689,-14.325937572891355,491.3020850473885,86.82051561058684,-72.42796771396416,-11.01887388531275,-19.29692564971394
32009577,57.869000,-75.138973,-139.965580,1013.79,1088.23,1015.32,1148.62,-0.01,-0.02,1.0,0.41,1.0,0.66,1396.03,-0.3550526677750432,-0.6143664858873126,-0.02410227384977523,-0.037641504341143286,0.01551945093190127,0.002750904274582258,326.1244087713767,448.99314432139136,6.577026798863211,370.2495059301986,225.13495627264822,-14.704354239201853,492.248381734085,87.65048395117225,-72.83283572579761,-11.150729134046454,-19.283261942189476
32009677,57.970000,-75.531190,-141.347065,1014.0,1089.9,1015.59,1153.99,-0.01,-0.02,1.0,0.27,1.0,0.22,1394.95,-0.3575545371731598,-0.6183512878319951,-0.025342848733801673,-0.04062863267899555,-0.00804248806220747,-0.018912155909802657,326.16619154979196,448.9871709200335,6.626855897589212,370.41245920935165,225.14029485319728,-14.803734055161167,493.03446256965475,88.07488908287063,-72.86261618847583,-11.18113014014596,-19.45431904316291
32009777,58.069000,-75.924230,-142.628572,1013.77,1090.26,1015.36,1152.18,-0.01,-0.02,1.0,0.24,1.0,0.37,1395.05,-0.36011894544123463,-0.6225019958686988,-0.025761198850285324,-0.04197501361174408,0.007240389002769113,0.004712812278703478,326.11932657550426,448.9937072409178,6.59318233579928,370.4217338227775,225.1813851414015,-14.636339080292688,493.71963761327135,88.92013870633836,-73.12542820410347,-11.1966433419302,-19.747526178543456
32009878,58.169000,-76.341941,-143.882424,1013.82,1090.26,1015.4,1153.44,-0.01,-0.02,1.0,0.24,1.0,0.27,1394.68,-0.3627155089996385,-0.6268419417799863,-0.025764606334914827,-0.04392871830891411,-0.003524319432815655,-0.029013215746577434,326.12282351400887,448.990791479805,6.5689418375393105,370.8213304888477,225.21742244981766,-14.823401691970123,494.81718561154975,90.12186520704394,-73.9100241300063,-11.296103760808494,-19.954691327666755
32009978,58.270000,-76.754961,-144.982735,1013.8,1090.05,1015.26,1152.74,-0.01,-0.02,1.0,0.25,1.0,0.33,1394.27,-0.36530971636993226,-0.6314239614554327,-0.025655788847959302,-0.04580567932441394,0.0072736597549621276,0.011200040526930325,326.13129167987097,449.0042797629861,6.618150400682847,371.3022864375228,225.3743046964254,-15.27690898830388,496.04517796721694,90.66374172194575,-74.28653059492086,-11.419517786209648,-19.960859662573935
32010079,58.370000,-77.081652,-145.779436,1013.77,1090.01,1015.36,1152.84,-0.01,-0.02,1.0,0.42,1.0,0.87,1394.96,-0.3679453189897307,-0.6361544391259768,-0.025702376099777366,-0.04644549176490692,0.004796814721964853,-0.0002801556425603693,326.1701966128323,448.9800457204633,6.6259916705358535,372.1982026488359,225.65289679134986,-15.697462873126184,497.45286374966685,91.91444999157846,-74.59554792914099,-11.603960111841433,-19.84309097401916
32010179,58.471000,-77.451358,-146.528261,1013.82,1091.99,1015.68,1159.49,-0.02,-0.02,1.0,0.26,1.0,0.33,1393.76,-0.37062694376148114,-0.6410099098630093,-0.027710508893847727,-0.04967644507783961,-0.034690713735783356,-0.04189235131467371,326.1244339949516,449.00750459673196,6.580352614178217,372.09080017906984,225.648306786714,-15.636955232116758,497.9503943275928,92.34900916054146,-74.98755709339778,-11.628871875019009,-20.097911459511558
32010279,58.571000,-77.866583,-147.246591,1013.91,1091.92,1015.59,1160.46,-0.02,-0.03,1.0,0.26,1.0,0.25,1393.66,-0.37337994501704047,-0.6458602405380269,-0.027584568674243647,-0.04846756381213434,0.009507403580784888,0.015231178531244964,326.12457650701424,449.00019807699977,6.567413859388731,372.0057101069408,225.56052464558863,-15.483666687882112,498.6241616424466,93.34459122089491,-76.4002409055119,-11.603827526925308,-20.553475132952073
32010379,58.671000,-78.252789,-147.773039,1013.84,1091.71,1015.24,1159.76,-0.02,-0.03,1.0,0.37,1.0,0.49,1394.84,-0.37615122732926376,-0.6508367077353826,-0.027464825730561374,-0.05039697577792742,0.0047500527369993715,-0.02694398756581236,326.13534603175935,448.9854244527527,6.562560221711843,371.6768579212448,225.53162335189276,-15.510054851487087,499.4910789534097,95.93145411868674,-77.69696758241943,-11.512352462495095,-21.386254808108234
32010479,58.772000,-78.642681,-148.159901,1013.9,1092.39,1015.52,1162.95,-0.01,-0.03,1.0,0.32,1.0,0.23,1393.05,-0.37886590977501183,-0.6562233406008461,-0.02704633281130454,-0.056022155780108975,-0.003586217866569813,-0.06405787094334407,326.13170192314055,449.0150924096553,6.5589914757786865,373.1673362874544,225.91291363119507,-16.065313711392882,501.84509336289767,95.96101307598938,-77.34842485747788,-11.856379433724634,-20.777270579576637
32010578,58.871000,-79.014175,-148.397355,1013.85,1092.2,1015.23,1161.2,-0.02,-0.03,1.0,0.4,1.0,0.45,1392.91,-0.3815695643776134,-0.6619178954001959,-0.02728142003448677,-0.05739904530243659,-0.013833763409569844,-0.0282775352232438,326.12688369686305,448.9926616734992,6.598408417818512,373.5476211924271,226.05180544078806,-16.24650120543184,503.27600098138987,97.8072447050245,-78.24837666821634,-12.008162245150018,-21.313228026339672
32010678,58.970000,-79.354794,-148.464251,1013.91,1093.65,1015.55,1163.68,-0.02,-0.02,1.0,0.28,1.0,0.25,1393.26,-0.38434089862499726,-0.6677834771117648,-0.02772654258412303,-0.0587323236396674,0.007562858135498303,0.018217897955271272,326.17180920125037,448.9912152375104,6.635174633915368,374.26876843554345,226.23400699080162,-16.722513969933825,504.53977147341584,98.90669607232762,-78.40737138480759,-12.184062796619694,-21.28659062357978
32010778,59.070000,-79.669811,-148.355837,1013.77,1094.0,1015.4,1164.0,-0.02,-0.02,1.0,0.25,1.0,0.22,1393.71,-0.38721387696307186,-0.6737720415527936,-0.0292576706265116,-0.060377641161615266,-0.027425244867326806,-0.04102440445958989,326.1298527356807,449.0081748233605,6.595277156357313,374.7922110683083,226.45396156216603,-16.86648199796955,506.3198984491788,100.01357437511044,-79.71881420077271,-12.332730265333318,-21.468961257400686
32010878,59.172000,-79.970803,-148.064131,1013.93,1094.0,1015.3,1163.6,-0.02,-0.02,1.0,0.25,1.0,0.25,1394.95,-0.3902025522475243,-0.6798368571083948,-0.030497365648558795,-0.061312565321548926,-0.02472254450486009,-0.03609016574156089,326.13212984791244,448.9957147007664,6.595442777162699,375.79453478773064,226.72246300364947,-17.45041339857213,508.3266792476652,102.49142554778003,-80.02841839317448,-12.594708451289609,-21.66230026631927
32010979,59.269000,-80.249745,-147.576539,1013.82,1093.91,1015.32,1163.69,-0.01,-0.02,1.0,0.25,1.0,0.24,1395.91,-0.39332977152082843,-0.6860270909188193,-0.03172305649909995,-0.06196712350035504,-0.02047277698725587,-0.012879475272965714,326.1626306889466,449.00381706616054,6.625699905167192,376.1581265487373,226.85606252989803,-17.552846850782153,509.6035493678163,102.74969593470209,-79.9883070139095,-12.665443233206826,-21.60626281245355
32011078,59.370000,-80.444594,-147.061175,1013.8,1093.79,1015.42,1163.59,-0.01,-0.02,1.0,0.26,1.0,0.24,1396.66,-0.39661988285255156,-0.692229613499367,-0.03415828378291739,-0.06306139066228567,-0.014933976915773119,0.006314418829038288,326.13638209550237,449.00136807302954,6.5586679231494465,376.37739522332316,226.9096365018786,-17.769936615758827,509.59159889051074,103.28567440006081,-80.23757235967847,-12.746756769819575,-21.64489609811417
32011178,59.471000,-80.660634,-146.319406,1013.88,1093.78,1015.34,1163.58,-0.01,-0.02,1.0,0.41,1.0,0.15,1397.32,-0.4000477635223015,-0.6983546583716491,-0.03417389031280097,-0.05983830894175039,0.059647261912451954,0.13851781308752037,326.1348781818502,449.0197850298165,6.5764499097980185,376.0872366158567,226.8382296029384,-17.44471138839239,509.251280911416,102.93762755129852,-80.23786703948868,-12.70210471022039,-21.74440769867826
32011278,59.570000,-80.858344,-145.424659,1013.81,1095.89,1015.41,1163.61,-0.01,-0.03,1.0,0.26,1.0,0.08,1396.42,-0.4035534973609812,-0.7043329674742991,-0.03494347543265039,-0.05883433836091503,0.021472463811194803,0.05496017558709467,326.13210306279694,448.99968481430255,6.592491003808717,376.04872199584713,226.80280559524047,-17.293088901192768,508.9551463378123,102.26276366891531,-79.9587873975253,-12.66131692653218,-21.538684219085
32011379,59.671000,-81.023213,-144.418134,1013.8,1095.02,1015.29,1163.47,-0.02,-0.02,1.0,0.35,1.0,0.01,1395.87,-0.40704799950811066,-0.7100946185345673,-0.034391074983224856,-0.055904615697433005,0.06480848057621096,0.1286424775176528,326.1349843670945,448.99475978469724,6.577064136278615,376.0867488708058,226.82606537148297,-17.517132808041687,509.1777338252259,103.16556283704205,-80.22765430084259,-12.671499326302282,-21.760529780660377
32011479,59.774000,-81.157995,-143.307879,1013.69,1095.33,1015.29,1163.41,-0.02,-0.02,1.0,0.34,1.0,0.12,1396.29,-0.4104777828162081,-0.7155544538399028,-0.03370274674255442,-0.053132115327979686,0.028182679846877813,0.05600030493683134,326.1798882032032,449.0083555989806,6.609615054885537,376.5419700038982,226.9328608541025,-17.811004988968087,510.0144229856782,103.20386462195553,-80.3870751340028,-12.777369810306146,-21.61473543610043
32011580,59.871000,-81.259848,-142.106108,1013.78,1095.93,1015.26,1163.38,-0.02,-0.02,1.0,0.3,1.0,0.18,1396.82,-0.4138245673794642,-0.7207208162971399,-0.03295347407974228,-0.050037521155381334,0.03432615584141599,0.07574605031090256,326.13472989420893,449.013932552978,6.579257196065259,376.71364475935786,226.96691408812774,-18.057893575672253,510.4728233120557,103.72900783404204,-80.37333812619494,-12.832156431710048,-21.680025220596523
32011679,59.972000,-81.329236,-140.845535,1013.73,1095.76,1015.13,1163.31,-0.02,-0.02,1.0,0.31,1.0,0.19,1397.5,-0.4162840569539125,-0.7243712117374315,-0.03319632414197136,-0.04871746315900485,-0.031482996353736,-0.024455111336066263,326.17137046531434,448.98916192724454,6.6261817738046975,376.7783653164659,226.9676058482104,-17.989492779268772,510.43076537467834,103.96258290393315,-80.37117958300763,-12.840468076862546,-21.694604606835156
32011779,60.071000,-81.360796,-139.474376,1013.79,1095.78,1015.25,1163.53,-0.01,-0.02,1.0,0.31,1.0,0.23,1398.04,-0.4202730360176385,-0.7300349439508695,-0.030404959295774105,-0.04223525265933578,0.0317729398620869,0.06200539845123447,326.17400974975556,449.0139974120358,6.616106583948878,376.77667527499665,227.03102481593191,-17.95630345556444,510.613678521567,103.62697135152337,-80.27321112267849,-12.841563680160254,-21.63935013033569
32011879,60.171000,-81.358067,-138.087550,1013.74,1095.91,1015.37,1163.28,-0.01,-0.02,1.0,0.32,1.0,0.54,1398.34,-0.42333682048825794,-0.7341871774109439,-0.030682549623536854,-0.04093173272844342,-0.005373527874319921,0.011421487718647542,326.1309078661275,448.99275215427633,6.56371199853269,376.7598897070082,226.96599937634895,-17.95357712301008,510.53984680320264,103.9824646010139,-80.16055907572893,-12.845571082412855,-21.716619351547234
32011979,60.272000,-81.322338,-136.554794,1013.77,1095.87,1014.98,1160.44,-0.01,-0.02,1.0,0.32,1.0,0.34,1398.86,-0.42626300278840806,-0.7379823693737088,-0.028200261389573565,-0.036034284161291445,0.042160114344368345,0.06697951944310686,326.1337330330681,449.0073877832531,6.582418869573672,376.76004300521646,226.9772553551659,-17.967716432010207,510.57652497676463,103.84672986332438,-80.15409589600975,-12.834532922503646,-21.76822832501531
32012080,60.371000,-81.272547,-135.357303,1013.82,1095.96,1015.07,1158.86,-0.01,-0.02,1.0,0.32,1.0,0.22,1399.21,-0.42835590426487813,-0.7406113069323574,-0.025258623824385085,-0.03144875077583366,0.08653731106070542,0.1192169893504298,326.1340315703184,449.0123818438589,6.569514498667875,377.0109595394881,227.10173551820196,-17.816992838991183,510.55983101007695,103.24758095520282,-79.80622796496473,-12.912904684552357,-21.33113471583683
32012180,60.472000,-81.173094,-133.865613,1013.75,1096.15,1015.24,1159.35,-0.01,-0.02,1.0,0.3,1.0,0.28,1399.33,-0.4310132670023578,-0.7437545190674344,-0.02149450015044465,-0.024123260553716726,0.004238714738426758,0.0396927173251282,326.16224395748753,448.9962035707957,6.623797469149613,376.7637827517823,227.01549114944072,-18.050341536346018,509.815459647457,102.58338042922365,-79.26384051238564,-12.841413639761905,-21.23449888683135
32012279,60.572000,-81.033319,-132.247517,1013.72,1096.05,1015.34,1159.37,-0.01,-0.02,1.0,0.31,1.0,0.3,1398.25,-0.4335302551759697,-0.7462775398092083,-0.024923443440653746,-0.02344686078966067,0.0032582678421568473,0.03860784072871459,326.17486355205995,449.0041156691585,6.621557282650703,376.78419490284966,226.97202083925973,-18.02855483897219,509.61208874514006,102.42252230935158,-79.23079170187027,-12.8404519663837,-21.16134662915676
32012379,60.672000,-80.864487,-130.558083,1013.66,1096.08,1015.29,1159.54,-0.01,-0.02,1.0,0.28,1.0,0.93,1398.27,-0.43585800234685385,-0.7482851632747143,-0.022468458282827026,-0.018227294885051013,0.04134503313919425,0.06583198658725353,326.12720963179504,449.0178026562161,6.590654497557708,376.8576563609577,227.0112825615007,-17.91683480111702,509.7183834322017,102.11312277512074,-79.10767016087308,-12.871592117592485,-21.02620756367834
32012479,60.771000,-80.659660,-128.793945,1013.85,1095.88,1014.82,1154.23,-0.01,-0.02,1.0,0.28,1.0,0.67,1398.53,-0.4379933223637208,-0.7497919373183564,-0.020552772403310604,-0.01310838696869658,0.03987600589440487,0.06222853460451282,326.1270995939444,449.0049294756958,6.56018360859406,377.09604669802667,227.10585554305513,-17.9241061898731,510.1558043205711,102.71025000176387,-79.47164551730823,-12.936126778046894,-21.055195403690377
32012579,60.871000,-80.442285,-127.082088,1013.84,1095.88,1014.53,1149.75,-0.01,-0.02,1.0,0.28,1.0,0.32,1398.76,-0.43995992882706325,-0.7508369141284911,-0.01912398223926306,-0.008878955979355415,0.011562994427349172,0.03963748724374581,326.133615347337,449.0033548498754,6.553145961151489,377.24925687348224,227.1565033664136,-18.053330377752395,510.2750209985987,102.74467189674806,-79.07322273132756,-12.975051084952668,-20.966315362028546
32012679,60.972000,-80.200966,-125.285649,1013.7,1095.94,1014.97,1149.92,-0.01,-0.02,1.0,0.27,1.0,0.34,1399.07,-0.4417818394182874,-0.7514624340477329,-0.01779909461028576,-0.004672961066178194,0.009554899323731481,0.04291873508171109,326.17154457674604,448.99840182594386,6.615690332175117,377.95101397838084,227.3347803156925,-18.241795635758628,509.32597496187606,99.97078734002525,-76.97651474675513,-13.148228922037683,-19.59166947094329
32012779,61.072000,-79.935127,-123.388868,1013.75,1096.03,1015.0,1150.0,-0.01,-0.02,1.0,0.27,1.0,0.37,1399.47,-0.4435048706794271,-0.7514336035639642,-0.016762871870701263,0.003927993813602666,0.0170168997707161,0.09792105222848632,326.17374576197875,448.9868428948531,6.600312424103887,377.63296223142123,227.21897713532124,-18.33438361812945,508.37121906832255,99.42400399336935,-76.49810130138381,-13.063775092351412,-19.52470812892241
32012879,61.172000,-79.675396,-121.575364,1013.74,1095.89,1015.16,1147.55,-0.01,-0.02,1.0,0.2,1.0,0.77,1399.54,-0.44515061503583864,-0.7504719129884065,-0.01609628480610804,0.012870410937024342,0.03015419453225294,0.07395647377914694,326.13810238780997,449.0077383203014,6.591660263043133,377.62984448034393,227.22983207232102,-18.372969947008144,508.36731581266145,99.22157104807657,-76.29188860287047,-13.071177316602142,-19.46197005206519
32012979,61.272000,-79.396767,-119.752944,1013.85,1095.74,1014.9,1144.25,-0.01,-0.02,1.0,0.19,1.0,0.68,1399.79,-0.44668528900856913,-0.7486861354352521,-0.01481951466818597,0.020564012291879305,0.005240023124039848,0.08057011535874134,326.1290330692214,449.00421433170186,6.5873231210622825,377.9959245641945,227.41539866361907,-18.324471218037097,508.6057664149597,98.97081518339213,-76.01163850532049,-13.173945644572719,-19.130993706327075
32013079,61.372000,-79.096965,-117.939605,1013.8,1095.78,1014.7,1139.8,-0.01,-0.02,1.0,0.16,1.0,0.48,1399.88,-0.44812638077018946,-0.746135466888338,-0.014486781267849807,0.029041528243611885,-0.023542277230067927,0.1349118879810843,326.13358309279226,449.0061492615788,6.591001076817812,378.0012031903484,227.42201321093555,-18.675547435550563,508.51792939541383,98.88738722735282,-75.61904943677236,-13.174392772160491,-19.089597657287058
32013179,61.471000,-78.791550,-116.144250,1013.87,1095.78,1014.83,1137.95,-0.01,-0.02,1.0,0.12,1.0,0.49,1399.98,-0.44950051559742743,-0.7428691205515496,-0.013939929303063581,0.03633182765906545,-0.012118393497223816,0.11938761319706524,326.17381735220494,448.997357617687,6.591319775104749,378.4984504820814,227.54003542255708,-18.712475015446305,507.48471928908043,96.56016275585851,-74.01785940532459,-13.293712509297668,-17.97319911708237
32013279,61.571000,-78.491938,-114.386765,1013.87,1095.8,1014.92,1135.47,-0.01,-0.02,1.0,0.09,1.0,0.45,1399.98,-0.4508335102322409,-0.738775632688504,-0.013255499740826283,0.04475062075584372,-0.003761553589918298,0.12320139945900896,326.173558720641,448.9891516422652,6.60099096908799,377.9498560898323,227.38361156527608,-18.40062195504994,506.24289175214795,95.60440973632853,-73.38926688639664,-13.15077756159032,-17.93046345841622
32013379,61.672000,-78.187881,-112.621456,1013.83,1095.75,1014.92,1133.33,-0.01,-0.02,1.0,0.09,1.0,0.28,1400.12,-0.4521088599327244,-0.7337469391818082,-0.012587039022869064,0.05435684715000697,0.00561927836245063,0.10842322870222093,326.1408060847905,449.00929038827155,6.576046124185654,377.8229589853306,227.36005128265177,-18.222300483027112,504.726692062989,93.70594875526172,-71.7977927150749,-13.125195864541832,-17.265557016965705
32013480,61.772000,-77.889196,-110.941818,1013.83,1095.73,1015.2,1133.34,-0.01,-0.02,1.0,0.03,1.0,0.59,1399.94,-0.45328692745129584,-0.7278169150759729,-0.011296812610604192,0.06235196792499054,0.014199896590150207,0.07675222750375976,326.1285691230965,449.0058168157353,6.5980959901746425,378.2213064944802,227.4371287673432,-18.420707084668184,504.3878955778619,92.83209823963179,-71.39928092455911,-13.230455892278364,-16.68567169756986
32013580,61.871000,-77.580462,-109.264352,1013.86,1095.72,1014.89,1130.85,-0.01,-0.02,1.0,0.0,1.0,0.54,1400.05,-0.4543654230412309,-0.7209408038583404,-0.010398270868171364,0.07163553366811008,0.0141485706880713,0.0439844231407525,326.1292475268651,449.0035967679073,6.5562671305509985,377.950847344934,227.37029669352358,-18.44874741135233,504.6017660520123,93.54684394454188,-71.597549663995,-13.160292473019512,-17.10209247837282
32013679,61.971000,-77.293731,-107.691305,1013.85,1095.59,1014.89,1127.09,-0.01,-0.02,1.0,0.0,1.0,0.24,1400.09,-0.4553586509708325,-0.7132739872148454,-0.009599945618819692,0.07904145312457914,-0.015959258186851486,0.2547487975881001,326.1326378519435,449.00878805784606,6.580715896302342,378.5785832004194,227.49521771205664,-18.681480161659763,504.0560855803219,91.95816312438241,-70.17975296069505,-13.320172879039179,-16.152556000586895
32013779,62.072000,-77.018498,-106.128699,1013.88,1095.73,1015.14,1128.0,-0.01,-0.02,1.0,0.02,1.0,0.32,1399.98,-0.45628274703935534,-0.7049758184476269,-0.009707697320950818,0.09131168841856183,-0.025601569909843185,0.3490244327141059,326.1751740049621,448.9917490477095,6.598377686832245,378.0549267311666,227.42435203522948,-18.520939578372165,503.1809818581008,91.26296484103415,-69.42241479090382,-13.178327737406049,-16.2249259150616
32013880,62.173000,-76.756538,-104.525489,1013.84,1095.69,1015.31,1128.12,-0.01,-0.02,1.0,0.03,1.0,0.34,1399.94,-0.45715452230934345,-0.6960049211628211,-0.00844324956881765,0.09248608788722361,0.00590134083746685,0.09860831109985645,326.1731185296818,448.978538880721,6.604966751169378,378.0434650946252,227.37068128431196,-18.462464924640834,502.5194275191589,90.82880039644354,-69.4689434227979,-13.173700028008716,-16.005905763227634
32013979,62.272000,-76.508926,-102.923087,1013.79,1095.53,1015.03,1127.32,-0.01,-0.02,1.0,0.02,1.0,0.28,1399.95,-0.4579275267465864,-0.6865474933687341,-0.007277379020029158,0.09519907218761466,0.013221379160794286,-0.0012947188809945811,326.1320539073753,448.99984810551246,6.594440795149525,377.84416595366815,227.32353130129817,-18.243597311997274,502.073878603117,90.35394695561237,-69.35851441589755,-13.080636433525427,-16.10246364568397
32014080,62.374000,-76.320024,-101.644762,1013.82,1095.55,1015.4,1127.55,-0.01,-0.02,1.0,0.15,1.0,0.97,1399.92,-0.4585823796237638,-0.6767877004276488,-0.006005465922165634,0.09696626563552205,0.008155284853522791,0.055943196161717855,326.1650579859261,448.9873602972908,6.598460690643608,378.1983819525108,227.44439563793384,-18.435795945780587,502.64494955878996,90.81223254605807,-69.32545760912006,-13.217376627162924,-15.89296140550298
32014181,62.472000,-76.112182,-100.281035,1013.96,1095.5,1014.9,1123.02,-0.01,-0.02,1.0,0.16,1.0,0.44,1400.08,-0.4591479368832472,-0.6668463836233759,-0.005495378549808634,0.10098560155517668,0.011024064259461014,-0.0861750491546646,326.12919657282964,449.00080930103337,6.578472628867129,378.49124210799204,227.54546876877413,-18.653637422022435,503.26036215692795,91.16131226570288,-69.30777535102969,-13.302994578596408,-15.847405680612724
32014282,62.574000,-75.886422,-98.734875,1013.75,1095.59,1014.81,1120.36,-0.01,-0.02,1.0,0.18,1.0,0.23,1399.9,-0.4596636728173568,-0.6569298591190748,-0.00508744538020126,0.09904592290295983,0.0016349151131103711,-0.018003777221576322,326.168063117329,448.9842386476771,6.61444928625466,378.6721374263183,227.54969820966812,-18.879403653952625,502.40683109366506,89.71920997202412,-68.09017131906228,-13.338998316163227,-15.237307364823678
32014382,62.673000,-75.670976,-97.206993,1013.74,1095.54,1015.18,1122.29,-0.02,-0.02,1.0,0.19,1.0,0.41,1399.99,-0.460171617856566,-0.64700937579153,-0.005057732060684641,0.09936506461417431,0.0006284804206744282,0.012521757858846143,326.1236894495725,449.0017677559465,6.577139703023141,378.06435523529115,227.40155083137955,-18.51921339712144,500.7446962676091,88.3955938168245,-67.20658354388087,-13.191374155920174,-15.047411756378349
32014481,62.774000,-75.459501,-95.658512,1013.84,1095.63,1015.0,1119.93,-0.02,-0.02,1.0,0.29,1.0,0.76,1399.97,-0.460652893562356,-0.6369781776142113,-0.004513443949199771,0.1003081523458792,0.0078698919922739,0.03777623760722321,326.1779505633094,448.9811642523562,6.612022189335609,377.7221268819503,227.26123848182598,-18.216530064179594,499.6395038463546,87.69668073816466,-67.13022541482242,-13.087333780567766,-14.964346646995022
32014581,62.873000,-75.257934,-94.098932,1013.86,1095.52,1014.84,1116.51,-0.02,-0.02,1.0,0.29,1.0,0.5,1399.97,-0.4610275020302834,-0.6269643698019854,-0.003310926288246644,0.10082115515583719,0.01054984832113877,0.039030575301843284,326.1387344843852,448.99489950535053,6.559887645031293,378.05926769945677,227.38675985261796,-18.473345803985783,499.89249819051975,87.46890699824304,-66.7430517949859,-13.185984807865081,-14.675693353495252
32014681,62.973000,-75.058552,-92.501422,1013.84,1095.36,1014.79,1113.31,-0.02,-0.02,1.0,0.3,1.0,0.25,1399.94,-0.4613021071209553,-0.6170001524787108,-0.0025130365605859945,0.09933601137041598,0.005309221993520236,-0.026611893284345132,326.17474338713674,448.986781260238,6.626120969139241,378.75127958446507,227.57888067595115,-18.896628483435123,500.30505359839066,87.32845056539266,-65.98126423906784,-13.358297881219405,-14.198580941730949
32014783,63.073000,-74.857915,-90.846866,1013.75,1095.49,1015.22,1114.66,-0.02,-0.02,1.0,0.37,1.0,0.7,1399.97,-0.4615542795244328,-0.6070554426875965,-0.002609726750914407,0.09931687976974966,-0.0034677429045250857,0.0052772748906430664,326.1284196769671,449.00159613172787,6.58371410569331,378.6751370753977,227.53931227828457,-18.836136104642378,499.71942863666936,86.52666540052981,-65.22379459172191,-13.347831898683182,-13.946902012975904
32014883,63.182000,-74.665005,-89.172120,1013.82,1094.98,1014.9,1111.38,-0.02,-0.02,1.0,0.34,1.0,0.45,1399.99,-0.46183768411939935,-0.5970463806622198,-0.002887320696192188,0.09930431483407813,-0.004521721385565492,0.10855999850100405,326.1298750396943,448.9968299804189,6.597900750362542,378.2052626466491,227.42013400897432,-18.450730130585775,498.34275475868526,85.70721719850712,-65.10312481810521,-13.22574311936572,-13.838211402454846
32014982,63.277000,-74.475706,-87.431568,1013.75,1094.4,1014.91,1108.72,-0.02,-0.02,1.0,0.35,1.0,0.58,1399.96,-0.462115622551607,-0.5870804644583393,-0.002624960616818409,0.09986481581753642,0.0011346514322910716,0.14857991356053357,326.1380427484392,448.99394755823965,6.573138099342536,378.10669709701517,227.43239635386587,-18.51400455330228,497.04957922676584,84.39342751164068,-64.14436564881868,-13.20045632339486,-13.344026432887532
32015083,63.376000,-74.294970,-85.718519,1013.8,1094.16,1014.98,1107.21,-0.02,-0.02,1.0,0.35,1.0,0.56,1399.97,-0.4622866029393748,-0.5796484456548815,-0.001760586968583794,0.08227232634492061,0.014802526752713294,-0.45868758309265645,326.1793999113297,448.9925765763383,6.600151036549288,378.0714593481149,227.41565018854757,-18.4763807631178,496.39095830490317,83.45679229524372,-63.13805017643157,-13.180797618813806,-13.055122026059571
32015183,63.477000,-74.098652,-83.972017,1013.76,1093.36,1014.8,1103.77,-0.02,-0.01,1.0,0.32,1.0,0.5,1399.99,-0.4624641805217574,-0.5696628405403891,-0.001312125447318705,0.08520748233524966,0.002309965887249571,0.1472399128071099,326.1281955633404,448.98462412198944,6.556015720750718,378.312752776396,227.45831308911738,-18.490505732825596,495.8267087572952,83.07433688595727,-62.821470836775916,-13.255399667163191,-12.631304921240986
32015283,63.577000,-73.869387,-82.035506,1013.78,1093.57,1014.82,1102.18,-0.02,-0.01,1.0,0.36,1.0,0.38,1399.97,-0.4625882681741003,-0.5596058394655752,-0.0011442124650542936,0.10152952374587838,-0.0012283722340037456,0.2750634297516644,326.1256470056632,449.00895684416713,6.572348573105862,378.2112719736218,227.45616378103733,-18.442882636674803,495.2430836335964,82.13330892760833,-61.953374889297194,-13.229628712321983,-12.386029116502328
32015383,63.676000,-73.664728,-80.310029,1013.77,1093.04,1015.02,1100.62,-0.02,-0.01,1.0,0.35,1.0,0.49,1399.87,-0.4626922991194167,-0.5494281042562978,-0.0010236594549124847,0.1114263961217745,1.3510260530727435e-05,0.4348628191483639,326.1293929335463,448.9864052624615,6.576166878349306,378.1416514962966,227.42521499676278,-18.48812891600463,493.8054365353549,80.98606144982934,-60.958544994090396,-13.211164645907704,-11.880829708555765
32015483,63.775000,-73.443192,-78.373130,1013.79,1092.82,1014.93,1099.47,-0.02,-0.01,1.0,0.37,1.0,0.55,1399.84,-0.4627588677082074,-0.5391325239707819,-0.0005046675430512211,0.10368870689690213,0.004176222529936322,0.07427484846308716,326.17407054030366,448.9820535846403,6.608961271690689,377.6127643248409,227.22131745813516,-18.29735635741196,492.7158856160369,80.29653721881446,-60.71990030333691,-13.059149116069701,-11.957394103443633
32015583,63.877000,-73.206455,-76.343135,1013.82,1092.07,1014.93,1096.39,-0.02,-0.02,1.0,0.32,1.0,0.3,1399.81,-0.46275973982446184,-0.5287223158851994,0.00036198703398964105,0.10581629149068254,0.01072825626815405,0.20559127778392067,326.13184226312325,448.99250114911473,6.551606531073314,377.958918565709,227.30674893899484,-18.326219318189064,492.0229156594106,79.35881198108575,-60.26167345106259,-13.15862908234462,-11.314026958829881
32015683,63.976000,-72.965385,-74.347679,1013.64,1092.15,1015.03,1096.6,-0.02,-0.02,1.0,0.37,1.0,0.66,1399.92,-0.46262382202462043,-0.5130045469263529,0.0010363076299620554,0.11079458142818972,0.006465733573464431,0.30125312506516394,326.1754624152541,448.97899267408604,6.598639536391073,377.9283848258056,227.34983954592047,-18.336574805324783,491.98653520887217,79.26361470112501,-59.2006167035731,-13.143694807467961,-11.31659442622971
32015783,64.078000,-72.712745,-72.294866,1013.77,1091.49,1015.01,1093.88,-0.02,-0.02,1.0,0.33,1.0,0.45,1399.85,-0.46255977207771987,-0.5077360057189392,0.0013480580277280623,0.10732440203945436,0.004937320428866094,0.11982057065304173,326.1696966367604,448.98072248631064,6.620669005545322,377.93344028123647,227.32750997077747,-18.146429432258287,491.28065813928055,78.53867891754999,-58.84346283417063,-13.144970218241454,-11.010182161725254
32015883,64.177000,-72.449090,-70.191982,1013.71,1091.12,1014.85,1091.65,-0.02,-0.03,1.0,0.36,1.0,0.69,1399.95,-0.4624114089448806,-0.49720685645583035,0.0016235018681164358,0.10750828138502123,0.004836981396609931,0.1182355545047265,326.17603803395457,448.9751701148264,6.604745688224729,377.85076675891776,227.3084727523289,-18.160395501349374,490.37507762594953,77.92444439048421,-58.67673190432111,-13.122377863713048,-10.74432502923463
32015983,64.276000,-72.063608,-67.196903,1013.75,1090.76,1014.89,1089.57,-0.02,-0.03,1.0,0.37,1.0,0.71,1400.0,-0.462126306498534,-0.4814966797556688,0.0021386445651224283,0.10718822370727563,0.0046837778811854025,0.09447478446941648,326.13226653345725,448.9974790225997,6.563138291877399,377.5752890331015,227.20745853180924,-18.165366218401577,489.1733224168962,76.95028341592742,-57.81305190848787,-13.058545089063553,-10.484681027708568
32016084,64.375000,-71.969061,-66.478716,1013.77,1089.72,1014.65,1086.04,-0.02,-0.03,1.0,0.29,1.0,0.43,1400.05,-0.4620113596700554,-0.4762611330106915,0.0024737886185004217,0.108714574570661,0.01327381880480846,0.28604018704896644,326.13372150130664,448.9846847409055,6.565717898306155,377.71226574838187,227.2450577750086,-18.03493251781858,488.1217860015848,76.08308936794306,-57.17994043652628,-13.094635877446722,-9.955322808485139
32016183,64.476000,-71.715664,-64.674361,1013.73,1089.98,1014.84,1084.45,-0.02,-0.03,1.0,0.35,1.0,0.53,1400.01,-0.46173557183679054,-0.46583790806228403,0.003051839785888812,0.11024793230777212,0.011977717701225134,0.3594909091637273,326.1289442718545,448.9967457962954,6.584976754419791,377.4598772704463,227.20696591421319,-18.173272379739593,487.19649479528476,75.14856630380243,-56.31323246107487,-13.031077502866804,-9.754855317652463
32016283,64.576000,-71.430030,-62.699759,1013.75,1089.6,1015.04,1082.85,-0.02,-0.03,1.0,0.36,1.0,0.64,1399.95,-0.46142925293816384,-0.4553306341936012,0.0032854710111576064,0.1074216962879555,0.007104108688019502,0.07741890674245272,326.139728777213,448.97714245065725,6.570545829358379,377.6100266199594,227.1768274454443,-18.031104501269127,485.90546005066966,74.11157424081878,-55.1975789754663,-13.064645723294031,-9.15055603783113
32016383,64.676000,-71.143916,-60.803284,1013.74,1088.95,1014.7,1079.98,-0.02,-0.03,1.0,0.32,1.0,0.41,1400.04,-0.4610863686400772,-0.4447499617841688,0.003523302321093918,0.10600760137958748,0.003737992388147958,0.041797181661937716,326.1698332779625,448.97780351624164,6.619954211540293,377.3034934329963,227.17647359662752,-17.96419446696652,485.51302666634547,73.919594233851,-54.656422638813424,-12.982043648866286,-9.26054329440323
32016484,64.777000,-70.837310,-58.936341,1013.74,1089.12,1014.94,1078.21,-0.01,-0.04,1.0,0.34,1.0,0.27,1399.92,-0.4604976817579033,-0.4288397555917672,0.0039858069823914145,0.1050792846019275,0.004044245464504632,-0.034132174105269926,326.1298769714931,448.9906581622656,6.546235071434256,377.58524662172005,227.19062809510953,-18.05814198322955,484.5319585437532,72.7893501911615,-53.48728215186477,-13.061002650989668,-8.586571558740715
32016584,64.880000,-70.524829,-57.250170,1013.71,1088.89,1015.12,1078.44,-0.01,-0.04,1.0,0.33,1.0,0.29,1398.36,-0.4602909177055552,-0.42352066215134176,0.004166199584406228,0.10711125118657557,0.002813597676037791,0.06710541710405388,326.134254659379,448.97601097497085,6.550338053893812,377.3245529969474,227.14644594011534,-17.992317705395706,483.8392376064874,72.47312863061148,-53.36413964116311,-12.994337293722845,-8.564291533663454
32016684,64.977000,-70.192858,-55.634245,1013.65,1088.73,1015.32,1079.04,-0.01,-0.04,1.0,0.41,1.0,0.87,1398.59,-0.45986197081538105,-0.41287582055622724,0.0043924723413409725,0.10655840572479049,0.008037487862675536,0.13445861272947454,326.1630296462489,448.97436765241594,6.600167192888581,377.15447174944705,227.10863604318928,-17.840248823365155,483.28938038689535,72.09912284294377,-53.15112552679774,-12.94352331915944,-8.512369488964879
32016783,65.076000,-69.849796,-54.099583,1013.77,1087.49,1014.93,1075.83,-0.01,-0.04,1.0,0.32,1.0,0.63,1398.83,-0.45940509394453827,-0.4022785129304184,0.004889882616458233,0.10959260651945814,0.010694062302278937,0.1300390403306381,326.1295820394143,448.97823436209075,6.553538805798345,377.16214247618456,227.112382586776,-17.856323603693397,483.2864383782214,72.05351686824818,-53.103074757027194,-12.953601993132917,-8.481039825988994
32016883,65.176000,-69.503727,-52.625579,1013.83,1087.07,1014.71,1072.77,-0.01,-0.04,1.0,0.35,1.0,0.64,1398.96,-0.4589174627468118,-0.39187294704490516,0.004907606827009205,0.10287003643019622,-0.002853372238603849,-0.0870759128411307,326.12047903253057,448.98203323693684,6.553439831975174,377.50857776112747,227.20934897643488,-18.064559966384504,483.368473024715,71.96522887595926,-52.48810138941122,-13.046064932777782,-8.197677528286967
32016983,65.276000,-69.131110,-51.124056,1013.72,1086.94,1014.53,1070.62,-0.02,-0.04,1.0,0.39,1.0,0.66,1399.25,-0.4584373233377606,-0.3816994362105256,0.004605753771953374,0.0993314117541432,-0.004306628006416447,-0.03191129011869683,326.1296585361085,448.98947075019043,6.58140181375524,377.6361699186414,227.25031117472997,-17.856619279816446,482.7207188018328,71.42150725413794,-52.60238355643666,-13.07700388381674,-7.840102018493845
32017083,65.375000,-68.850475,-50.019307,1013.62,1085.66,1014.47,1068.11,-0.01,-0.04,1.0,0.32,1.0,0.58,1399.42,-0.4581041067464236,-0.3741786173882308,0.0035682332383327347,0.08235618307226,-0.02755882530813633,-0.5678848666651146,326.12971641666525,448.97509518571746,6.565390629787793,376.92320358539666,226.98839496334568,-17.635156383902913,479.5864262279054,69.39630531693557,-51.1385881098436,-12.888165546049501,-7.3058644080136155
32017183,65.475000,-68.514029,-48.824483,1013.75,1085.91,1014.49,1065.97,-0.02,-0.04,1.0,0.34,1.0,0.4,1399.63,-0.45765871104340006,-0.3642294063183814,0.0038413186001713625,0.0827199744136216,0.001970940299053296,-0.02626932770381132,326.17080268218865,448.9715905688261,6.611437840195806,376.6768183950964,226.9278582721751,-17.66502564519416,478.4038227465126,68.57666574543948,-49.67302102871647,-12.814455910065107,-7.088340415308963
32017283,65.576000,-68.119141,-47.485550,1013.74,1085.49,1014.83,1065.11,-0.02,-0.04,1.0,0.35,1.0,0.48,1398.43,-0.457161666605418,-0.3542583258101353,0.005115048878023428,0.09802852300415603,0.009308229460830587,0.06403641279281691,326.12550196601046,448.9797331450832,6.569981406123996,376.93484601439314,226.98383848145,-17.584867253295666,477.73957203180714,67.99633926129113,-49.173459499254754,-12.891538489259926,-6.593330142870684
32017384,65.675000,-67.764632,-46.370324,1013.7,1085.41,1015.13,1064.34,-0.02,-0.04,1.0,0.39,1.0,0.52,1397.13,-0.456623960131489,-0.3442337740314212,0.005593078509081524,0.10362586408217138,0.005398515068401034,0.08617226585789066,326.1260883039161,448.9769622489479,6.553314165756288,376.9047310289486,226.98767883112336,-17.671493989863826,478.00714739671236,68.06483378249955,-49.288979757235865,-12.88437976243841,-6.6946560028015725
32017484,65.776000,-67.359108,-45.230103,1013.7,1084.27,1015.12,1063.61,-0.02,-0.03,1.0,0.35,1.0,0.6,1396.12,-0.4560775729710562,-0.334205094462802,0.005476803655530716,0.099776220974291,0.005963111584237861,0.08794837397387287,326.1188253419824,448.98250272370893,6.572503886992292,376.97231650275677,227.01811914842986,-17.58456767013493,477.72657976625135,67.93917608916439,-48.769405539995844,-12.904135332012567,-6.5402694453981205
32017585,65.878000,-66.957862,-44.258948,1013.78,1084.41,1015.06,1062.96,-0.01,-0.03,1.0,0.4,1.0,0.64,1395.11,-0.455533522045568,-0.3243157988395505,0.005495016085896983,0.0998552324007431,0.005702916414731381,0.09825874111558282,326.1138640641555,448.9898959544163,6.569660042873537,376.75007764578817,226.96358611278472,-17.706480757795905,477.218844787471,67.59564710851654,-48.79572422646324,-12.84736981512495,-6.533419693826488
32017685,65.979000,-66.539036,-43.367595,1013.72,1083.16,1015.18,1062.29,-0.02,-0.03,1.0,0.3,1.0,0.59,1394.46,-0.4549906788948812,-0.31465671124043443,0.005574750774520304,0.09765006871473186,0.016187508414700718,0.24064273607050066,326.1289075494923,448.9754600557592,6.540425621723303,376.67608940195953,226.92745972152207,-17.54869610047967,476.3944739428564,67.05716339193647,-48.90816527603688,-12.824317043702406,-6.305034453571871
32017785,66.076000,-65.895171,-42.186558,1013.75,1083.39,1015.09,1061.88,-0.02,-0.03,1.0,0.38,1.0,0.67,1393.85,-0.45443744052376783,-0.30527922888111514,0.00589877900133547,0.09796402010357207,0.014373340657830207,0.1820069737739716,326.1307464814314,448.972921075776,6.538925955149873,376.5528031275022,226.9204492347465,-17.54111657882624,476.0745345856791,66.86598810195535,-48.39288593104127,-12.79336834957325,-6.286577980252744
32017885,66.177000,-65.669687,-41.845131,1013.73,1082.67,1015.13,1061.81,-0.02,-0.03,1.0,0.38,1.0,0.77,1393.35,-0.45386600583546205,-0.29620141154002694,0.005764549524433579,0.08925705684573605,1.6482507609294708e-05,-0.05974698472805423,326.12521737148586,448.9838360249207,6.550936141682428,376.55497260816645,226.93122149307123,-17.524237926122193,475.88657615951695,66.68275356434668,-48.14755077764433,-12.795249433441,-6.202616410402225
32017986,66.277000,-64.981571,-40.918370,1013.68,1081.77,1015.11,1060.74,-0.02,-0.02,1.0,0.35,1.0,0.75,1393.98,-0.4529874268236705,-0.283252741943089,0.005837070564515039,0.08552053120137958,-0.001789624490970961,-0.06880187597255541,326.13205513476976,448.97395630080723,6.5588141350827085,376.4611306849123,226.88952254698117,-17.406117058633704,475.2353019164923,66.39633004021333,-47.86824557609627,-12.768773301635388,-6.191853600173403
32018085,66.379000,-64.638774,-40.505112,1013.77,1081.77,1014.84,1059.45,-0.02,-0.02,1.0,0.35,1.0,0.65,1394.94,-0.4525404251945217,-0.2771183082943742,0.005006804376980098,0.0673943133222611,-0.03196517212807015,-0.4954173396004122,326.1300896660573,448.9798965584254,6.533526394808807,376.3172575080797,226.84994027756454,-17.421882797631394,474.96116563723695,66.23268341257481,-48.0370516582431,-12.731421404980813,-6.093535512114954
32018186,66.477000,-64.095529,-39.993797,1013.75,1081.29,1014.59,1056.96,-0.02,-0.02,1.0,0.38,1.0,0.54,1395.77,-0.45192417228706155,-0.26927926704854305,0.006223308926462528,0.07650519344341841,0.015453777011924795,0.12646096842610088,326.12938598296245,448.98126330815643,6.542896261751298,376.18632824208703,226.81221081583703,-17.20181714398881,473.79521195168314,65.48727473528632,-47.2566614571042,-12.697296312483122,-5.781242807954985
32018285,66.577000,-63.569436,-39.580780,1013.74,1080.74,1014.62,1055.1,-0.02,-0.02,1.0,0.34,1.0,0.39,1396.51,-0.45128063393868356,-0.26176189406451456,0.0070038625805449424,0.07925843541262528,0.022175649763172735,0.1815907633741186,326.12605058808737,448.9832524597524,6.56796986792306,375.9367201662618,226.74246872552777,-17.15514465324288,472.44989499053065,64.57313687225661,-46.696153707589886,-12.632890647696518,-5.4927146128907225
32018386,66.680000,-63.291260,-39.395040,1013.68,1080.43,1015.07,1054.64,-0.02,-0.02,1.0,0.41,1.0,0.42,1395.35,-0.4509438306478619,-0.2580899851128429,0.006819602462016292,0.07338691068796914,0.006692609614562764,-0.003994963139003839,326.1265558776291,448.9745408124177,6.571257138468691,375.58530312146394,226.61883192079367,-16.776976482473433,470.91021656830566,63.85518383991276,-45.68517107729714,-12.540192756636463,-5.275612007539831
32018488,66.779000,-62.438889,-38.909995,1013.66,1079.44,1014.9,1055.0,-0.02,-0.02,1.0,0.38,1.0,0.49,1396.16,-0.45022333913106893,-0.2508814539839041,0.007567172778788895,0.0718062892047134,0.019298913550902647,0.0725440777481884,326.12656367055587,448.9784958269401,6.57205535659572,374.9902356235101,226.52924167435498,-16.54541700337666,469.8750801202363,63.1366459972173,-45.40303654116861,-12.388951155210295,-5.366557841368593
32018587,66.883000,-61.846758,-38.595392,1013.72,1078.27,1014.74,1053.08,-0.02,-0.03,1.0,0.28,1.0,0.33,1396.95,-0.4489336402146145,-0.24052496561351716,0.008885996217716392,0.06976382236488583,0.020380909383954843,0.02983935517417824,326.12264589496806,448.9711528701169,6.555215729697871,374.745875202773,226.3915135094937,-16.395773340842666,468.579704590629,62.59919069433388,-45.00330285016192,-12.322856190782195,-5.16194745459228
32018687,66.980000,-61.280886,-38.269987,1013.69,1078.65,1015.05,1054.14,-0.02,-0.03,1.0,0.42,1.0,0.47,1396.16,-0.44791534906168096,-0.233957174945637,0.010800360757269022,0.06566132862710576,0.012243248897318378,-0.03217544033710004,326.119837172428,448.986878294267,6.568064887034681,374.4410303649475,226.2651926642362,-16.432061730931085,467.48238638645745,61.95479174610128,-44.43125604918614,-12.241051097987393,-5.038762437120486
32018787,67.080000,-60.694671,-37.873342,1013.71,1077.56,1015.3,1053.08,-0.02,-0.03,1.0,0.38,1.0,0.4,1395.59,-0.4470664337579654,-0.22918068277366815,0.01160980508863175,0.06292948691218461,0.0193223549760916,0.015141441630324144,326.12193491164794,448.96984929350737,6.534883135929374,373.98190859893134,226.13374498569922,-16.066317496030926,466.60411636140384,61.572854074718734,-44.13931995824653,-12.121643506429775,-5.129462546608686
32018887,67.181000,-60.400653,-37.664306,1013.7,1076.48,1015.19,1053.2,-0.02,-0.03,1.0,0.29,1.0,0.41,1394.77,-0.44614173061144136,-0.22455156098044501,0.012467199359049799,0.05991954914602314,0.008195169395229279,-0.058705451045117686,326.12244538070894,448.97655698821166,6.542927997996282,374.021514898225,226.1414798968871,-16.06149200371708,466.0417831129211,61.160587481343235,-43.87228593891519,-12.131306516517654,-4.888556335459647
32018991,67.281000,-59.545514,-37.058419,1013.68,1076.88,1015.13,1053.14,-0.02,-0.03,1.0,0.42,1.0,0.47,1394.14,-0.4440834261266987,-0.21584798657607368,0.014222456342163192,0.055536316651476965,-0.016315573820392143,-0.137574392611557,326.1307200357184,448.9650766554505,6.567117939961233,373.55405819665606,226.01117600434085,-15.87436046872542,465.4932524263837,60.882124104276194,-44.060834301113175,-12.008119476686549,-5.091586637987572
32019088,67.384000,-59.331608,-36.901172,1013.69,1075.71,1015.22,1052.3,-0.02,-0.03,1.0,0.33,1.0,0.4,1393.55,-0.44334332454910025,-0.21310785440148125,0.014106597216598387,0.05127044907447627,-0.039339790278038994,-0.22137721205524852,326.1248871854183,448.97496405295146,6.544674955187286,373.51325123886,226.03121498375256,-15.735645629794098,464.9125819704689,60.66766544922668,-43.85208510293048,-12.000050973774915,-4.930095744755228
32019188,67.481000,-58.741359,-36.462501,1013.76,1075.35,1015.26,1052.57,-0.02,-0.03,1.0,0.3,1.0,0.42,1392.38,-0.4417828497094424,-0.20790856952718353,0.015130379372424094,0.048069417156870055,0.016931954338356793,-0.0013415013679063848,326.1193251877798,448.97795970864195,6.547913578244719,373.09360659490216,225.93166455416295,-15.72013447384412,464.22387539286905,60.22961933965838,-43.58842368860535,-11.89288056214524,-5.023477978914755
32019289,67.580000,-57.874366,-35.705834,1013.87,1075.49,1015.28,1052.25,-0.02,-0.03,1.0,0.43,1.0,0.47,1391.42,-0.43924848005369665,-0.20076896379148543,0.018891007532041867,0.04861720309728111,0.024342881877255248,-0.011500406061363256,326.13139933059927,448.9680381880173,6.553793700908513,372.45687598857745,225.74942414210216,-15.459049896011063,462.52299880458565,59.5720464667955,-43.48780047235793,-11.724394705695254,-5.008366078336103
32019389,67.683000,-57.243364,-35.082429,1013.69,1074.16,1015.15,1051.65,-0.02,-0.03,1.0,0.4,1.0,0.48,1391.47,-0.4374028529975724,-0.19646264295070853,0.018428417447054292,0.04042613689080042,-0.02742355247769912,-0.12887376456127336,326.1237132016341,448.9665977466042,6.5600681240732985,372.2506748546721,225.6806033045989,-15.184739010931413,461.98413661306205,59.27238739738768,-42.95534914830465,-11.672108636022264,-4.990969875708817
32019490,67.785000,-56.596736,-34.464739,1013.64,1072.93,1015.16,1051.2,-0.02,-0.03,1.0,0.3,1.0,0.45,1391.37,-0.4354250087852677,-0.19252869523853303,0.0202059014262071,0.037978838557153505,0.009012042247013864,-0.03922301045710142,326.11966557059225,448.975728926343,6.545762935156322,371.75507864966966,225.53827425054754,-14.996349646719093,460.7283733582046,58.62628933257797,-42.80812536674277,-11.543466090196073,-4.973144690244318
32019590,67.883000,-55.871370,-33.794987,1013.78,1073.29,1015.13,1051.14,-0.02,-0.04,1.0,0.44,1.0,0.54,1391.22,-0.43331945367143726,-0.18893965011100802,0.021639564317897646,0.034666649096585865,0.008049529270096981,-0.046231414701850645,326.1283562159349,448.9647945639081,6.548010886502273,371.3288171199353,225.37906656139876,-14.745599790197025,459.40629230671277,58.02791191598515,-42.48083360061461,-11.428972945097437,-4.900037085223126
32019691,67.983000,-55.157215,-33.160304,1013.63,1071.97,1015.07,1050.4,-0.02,-0.04,1.0,0.4,1.0,0.54,1391.32,-0.4310794014371074,-0.18569449466700666,0.022842036584933972,0.031200592428258154,0.0015122986363548694,-0.04680837704337175,326.11803911607467,448.96669715363555,6.549054471846106,370.9187248152922,225.30037032125878,-14.428735469578122,458.3930416575648,57.5200775719422,-42.18957664761274,-11.326538067147391,-4.882761084376238
32019792,68.084000,-54.396580,-32.497406,1013.67,1070.73,1015.16,1050.15,-0.02,-0.04,1.0,0.29,1.0,0.52,1391.19,-0.42870764260653627,-0.1827518872090006,0.023964115160523998,0.028091433747901982,-9.901802465489479e-05,-0.04150817736042331,326.1237421001171,448.9739422627307,6.562869135505263,370.7996869629215,225.23686664636358,-14.492032676768027,457.7663422673315,57.12986619229337,-41.90960340192356,-11.292332850945158,-4.769178362759298
32019892,68.185000,-53.605758,-31.829382,1013.7,1071.17,1015.13,1049.82,-0.02,-0.04,1.0,0.46,1.0,0.6,1391.14,-0.4262294057858363,-0.18007498600695593,0.02508979186483077,0.02585384898307033,0.0015938440529768894,-0.030789641623111923,326.1306191377777,448.96830334615476,6.546293197527609,370.62798812849127,225.24242277874865,-14.284583646627016,457.2999915193979,57.03760564097487,-41.8129502331866,-11.248897437938599,-4.763196208558249
32019991,68.284000,-52.817055,-31.186997,1013.61,1069.6,1015.13,1049.23,-0.02,-0.04,1.0,0.4,1.0,0.6,1391.26,-0.4236789113906289,-0.17763689607864105,0.025582743677133556,0.02344792540492221,-0.024667215058320202,-0.048045061892243314,326.1171877590718,448.9611334678229,6.542777184882326,370.557175448656,225.22269511153823,-14.245666961752807,456.8942091721829,56.85213696407434,-41.81263863396985,-11.234146160411335,-4.679545786702359
32020092,68.384000,-52.204447,-30.710417,1013.68,1068.51,1015.09,1048.9,-0.02,-0.04,1.0,0.31,1.0,0.58,1391.09,-0.421089975814043,-0.17540454945043066,0.0256260228610978,0.021250726256525566,-0.008756682671848075,-0.03072224092533481,326.12070845543406,448.97775907259717,6.533806019871833,370.39575684907044,225.17467454070473,-14.330355230279713,456.5970531286021,56.6258479480023,-41.46102327386136,-11.190353629600077,-4.705957366765784
32020192,68.483000,-51.297173,-30.084336,1013.68,1068.74,1015.16,1048.52,-0.02,-0.03,1.0,0.33,1.0,0.55,1391.22,-0.41848732029261687,-0.17338202604868563,0.02602800915027605,0.019492883940629337,-0.00789650863223448,-0.024869202274024026,326.12210325321115,448.9740548221989,6.5506028354345816,370.1801303603893,225.14530397832743,-14.274597174807326,455.8093275542473,56.34542653371249,-41.203684850691495,-11.13563159150971,-4.626612720769941
32020291,68.585000,-50.371222,-29.452366,1013.72,1068.92,1015.04,1048.41,-0.02,-0.03,1.0,0.54,1.0,0.68,1391.12,-0.41588554555455737,-0.17153324645978116,0.025817535519971006,0.0178177413850641,-0.01005726311925687,-0.020328776257821854,326.1200839236229,448.96337703943976,6.536703023705531,369.81514698775993,225.06316944742846,-13.796115197995285,454.7989020399153,55.89789260246106,-41.09829222904571,-11.042719423996022,-4.588194826698402
32020391,68.685000,-49.502188,-28.849622,1013.52,1066.86,1014.95,1047.69,-0.02,-0.03,1.0,0.37,1.0,0.63,1391.13,-0.41328462029328245,-0.16982675708049919,0.025951220160096537,0.01643007331868815,-0.021985252024409638,-0.031452344941647725,326.11718830584766,448.97934293011895,6.560209516138487,369.3391310336161,224.97199543778677,-13.578121974567965,453.67080997427104,55.33641081053862,-40.96270508346606,-10.920944071558424,-4.591661577587651
32020491,68.783000,-48.634100,-28.294433,1013.59,1066.15,1015.03,1047.46,-0.02,-0.03,1.0,0.47,1.0,0.71,1390.44,-0.41066312150354833,-0.1682714350439549,0.026263305407127853,0.01498104160052206,0.0009938697080466743,-0.015621462814606241,326.1107717355668,448.9599276404698,6.552516760676904,368.71908815589336,224.76564761282427,-13.494386606270456,452.096929939454,54.70366183866138,-40.6495742333068,-10.760779764309973,-4.596189399219561
32020592,68.883000,-47.726707,-27.810103,1013.59,1065.66,1015.11,1047.27,-0.02,-0.03,1.0,0.5,1.0,0.75,1389.19,-0.40799084118835244,-0.1668581319371068,0.02714857433441945,0.013635840203428303,0.015823028716964484,-0.012245460032973022,326.1179488404997,448.95958597304565,6.5267467976050915,367.9477752551239,224.546709932907,-13.110331126695238,449.9656551222266,53.762317063492304,-40.03733148535397,-10.55857726306639,-4.535130701971941
32020692,68.984000,-46.846821,-27.442955,1013.65,1065.24,1015.14,1048.16,-0.02,-0.03,1.0,0.46,1.0,0.83,1388.03,-0.40521546115257495,-0.1655792435031155,0.028281711218118524,0.012375996083408787,0.014669499163743617,-0.011609974313724826,326.1165583926668,448.963670562535,6.533401472657267,367.0276999699129,224.40781583147904,-12.70070351763928,447.89017344903704,52.937644593394936,-39.69675486784148,-10.32529671654224,-4.597189855313182
32020791,69.084000,-45.945433,-27.157378,1013.65,1064.9,1015.18,1047.65,-0.02,-0.03,1.0,0.44,1.0,0.8,1387.51,-0.40228618728538235,-0.16442264927656386,0.030123159817180712,0.011160806177128129,0.02211320248002723,-0.010524216204959757,326.1082588897657,448.96148998499257,6.519413369452971,366.28304329569426,224.12287325890975,-12.415515726029591,446.1410956247064,52.23904106958462,-39.221639587366575,-10.13085319096088,-4.658100462346042
32020891,69.183000,-45.055857,-26.942787,1013.72,1064.61,1014.5,1046.11,-0.02,-0.03,1.0,0.64,1.0,0.78,1387.81,-0.3991698712901046,-0.1634027513548634,0.03182564913479229,0.00957928745503159,0.010795171605453732,-0.01872329024211764,326.11197657988095,448.96175804479395,6.519891142031161,366.06963918635216,224.0716512325834,-12.083645353128796,445.0109994584877,51.82562250032781,-38.93919520870629,-10.07496683811636,-4.47232914153852
32020991,69.283000,-44.181492,-26.787914,1013.64,1063.86,1014.08,1043.76,-0.02,-0.03,1.0,0.66,1.0,0.61,1388.08,-0.3958831316694906,-0.16249052077991816,0.03325307399522425,0.00911060583377115,0.005512748323460876,0.00303927537879123,326.1110152237264,448.96025174128107,6.537154021600961,366.0949861193413,224.0889433123435,-12.080199927307078,444.3079129501281,51.34957236538985,-38.1539918344364,-10.082289694912003,-4.195485773389077
32021091,69.384000,-43.518686,-26.692944,1013.6,1062.89,1013.71,1042.32,-0.02,-0.03,1.0,0.58,1.0,0.5,1389.4,-0.39334992642299726,-0.16177576774107746,0.028271542046963322,0.008100948125477713,0.011278248077861519,0.007449292147928799,326.1203675491907,448.9640238658902,6.524096077853067,366.1892985798196,224.16505471853168,-12.402615673469825,443.85681158177334,51.099201879034354,-37.588473114429334,-10.106456386149762,-3.9564062354900216
32021191,69.484000,-42.525857,-26.577261,1013.47,1061.26,1013.97,1042.51,-0.01,-0.03,1.0,0.59,1.0,0.53,1389.86,-0.389937913050643,-0.16070892132937933,0.034554886754892024,0.011523866423833923,-0.002731689246959613,0.019972104595809694,326.11944315634264,448.9583778924697,6.556089476250826,366.07835978916063,224.1256315200798,-12.090301093141239,443.2488977160252,50.77329903176779,-37.35428951595571,-10.077794323888503,-3.84140653974994
32021291,69.583000,-41.592940,-26.480928,1013.29,1058.94,1014.98,1043.94,-0.01,-0.03,1.0,0.48,1.0,0.66,1389.8,-0.38653763344455144,-0.15944761589236595,0.0331536149210313,0.013032649960809805,-0.024885446358263046,0.009847495881206066,326.1149334427908,448.95603049411136,6.54647330841588,365.7047681964998,224.09945831716462,-11.890795666351746,442.1527972044403,50.44158393360545,-37.12300324010231,-9.985555852851084,-3.789041849539416
32021391,69.683000,-40.653089,-26.398983,1013.3,1057.46,1015.39,1045.13,-0.01,-0.03,1.0,0.44,1.0,0.78,1389.85,-0.383161827679045,-0.15801618314167357,0.03363156413039068,0.014574596754697007,0.0061579448871152374,0.004807834725730304,326.1160112289903,448.9537881159536,6.533169012122782,364.84798340892087,223.8966724973528,-11.556118240626441,440.8560071101677,49.99787963095542,-37.39285541292782,-9.764857744167942,-4.07955482120957
32021491,69.783000,-39.649226,-26.356628,1013.35,1056.32,1015.42,1044.85,-0.01,-0.03,1.0,0.43,1.0,0.77,1390.81,-0.3797619852333297,-0.15656461964600074,0.03396986502842044,0.014550065939971768,-0.013437584829738346,-0.009492723675928535,326.1163207644571,448.96144925478234,6.534626442663814,363.87339855958714,223.6285326486082,-10.822480109721184,438.77082735840276,49.246300379847625,-37.11792483633679,-9.512188639961394,-4.219217802275551
32021591,69.884000,-38.723806,-26.395269,1013.36,1055.32,1014.65,1043.29,-0.01,-0.03,1.0,0.43,1.0,0.65,1392.39,-0.376285118696959,-0.15517545096675658,0.035058000718350135,0.01319239200825777,0.006077266529584992,-0.02363819345377731,326.1107650768964,448.9500453237592,6.532339852894705,362.8156556268166,223.35811293650818,-10.484065516221678,436.09447853593275,48.30045299711926,-37.18076830796614,-9.241318241116248,-4.231461792868227
32021691,69.983000,-37.740316,-26.500593,1013.35,1054.33,1014.2,1041.39,-0.01,-0.02,1.0,0.35,1.0,0.5,1393.81,-0.3726416294342656,-0.15393149745918214,0.037239551473035745,0.012305543196497902,0.015998107741235466,-0.0005689827208342505,326.11484376364234,448.96133884113095,6.510733787860692,362.42122987309455,223.30885042210235,-10.247556728612661,434.24854614016664,47.4947664587668,-36.07783120154856,-9.14027683143723,-3.9414895698912282
32021791,70.083000,-36.720455,-26.641319,1013.72,1055.63,1014.12,1041.41,-0.02,-0.02,1.0,0.62,1.0,0.49,1392.54,-0.36880601322014606,-0.15269533284191367,0.03897055443377416,0.01222643934947741,0.03870546765121495,0.0018872985475224609,326.10527176058156,448.94320988799313,6.515309974020933,360.7438990518164,222.9437048893729,-9.533305465741009,429.2545211406937,45.783830266138985,-34.97914132818448,-8.713833071883247,-3.7146355849842614
32021891,70.184000,-35.764021,-26.765941,1013.62,1054.58,1015.04,1042.97,-0.02,-0.02,1.0,0.53,1.0,0.62,1391.03,-0.3647171817919049,-0.1514196084747082,0.04281927845758051,0.013484842408133664,0.058074494688043606,0.021673706841713467,326.1125762905985,448.9635582425308,6.547403671827473,359.4873041375498,222.69442940556925,-9.0715124477967,426.9044751789791,44.926988564908775,-34.01798282953269,-8.390634781043003,-3.987643775216963
32021992,70.283000,-34.840212,-26.864110,1013.55,1054.38,1015.49,1043.98,-0.02,-0.02,1.0,0.52,1.0,0.7,1389.6,-0.36031943972201275,-0.15009279423352773,0.0453406614701616,0.013070786738954301,0.035345204447230154,-0.007383333082132609,326.11263179941574,448.9589844712716,6.583070895548798,359.15915474015503,222.68047649282897,-9.169189588447429,426.2728899698904,44.78206376567081,-34.20253959189608,-8.308939895940577,-4.051543107991854
32022091,70.384000,-34.171684,-26.914782,1013.77,1054.11,1015.52,1044.97,-0.02,-0.03,1.0,0.5,1.0,0.79,1388.11,-0.3568252044540884,-0.14914332089760293,0.03946311939494492,0.010498947662705883,0.012724019060916381,-0.0027872382836371516,326.10339887806026,448.95195696091247,6.540073220797277,359.05206716682534,222.57996662375552,-9.018183396390842,425.8790587028982,44.7063027258219,-33.9425525002348,-8.281304374111631,-4.028550073567363
32022191,70.483000,-33.265809,-26.950136,1013.81,1053.67,1015.61,1044.42,-0.02,-0.02,1.0,0.76,1.0,0.71,1387.52,-0.35198961753499586,-0.14793713886507764,0.04738358498448543,0.01122832264974332,-0.06647509292874589,-0.031081414655381435,326.10664381574577,448.9577385154933,6.5372619262158995,359.59856615456295,222.69517651893884,-8.98341494171319,427.6011023508919,45.28006626088605,-34.795306941433154,-8.419917521361608,-4.131802963534302
32022291,70.584000,-32.447730,-26.925519,1013.67,1052.92,1014.69,1043.06,-0.02,-0.03,1.0,0.78,1.0,0.61,1387.74,-0.3470803099613867,-0.14687659485669008,0.048880132304410295,0.009706544296763093,-0.04060389911607514,-0.036547203229701876,326.1059130065077,448.9643676702118,6.527415151014768,359.69786574044707,222.70676034633286,-9.141562920761826,428.5136732223967,45.63978078390602,-35.1369804171496,-8.444885478634392,-4.348486149733315
32022392,70.683000,-31.678742,-26.809176,1013.61,1052.43,1014.18,1041.35,-0.02,-0.03,1.0,0.81,1.0,0.47,1389.12,-0.34220332081278093,-0.14605034503597067,0.04991118957913791,0.008011383530834052,-0.0964560234378199,-0.020241121126840633,326.1003710879568,448.95862622514596,6.530447761180202,359.49840403516436,222.68001138467295,-9.151325697706815,427.150386865348,44.99476444588412,-34.18061998544204,-8.39606337172379,-4.051732864974529
32022492,70.784000,-30.951743,-26.563321,1013.14,1050.02,1015.51,1041.04,-0.02,-0.03,1.0,0.63,1.0,0.44,1388.66,-0.33743053049933014,-0.1453035601188502,0.0475251766316252,0.0071914265889529245,-0.017194901920652934,-0.010589044671173041,326.10037391308725,448.94301594455294,6.5312553805481395,359.0864083178341,222.64366061713818,-8.986540892423783,425.0969667295933,44.4102190280585,-33.82279005146675,-8.293189494344812,-3.7362412670602616
32022592,70.884000,-30.264141,-26.213757,1012.98,1048.01,1016.12,1041.19,-0.02,-0.03,1.0,0.47,1.0,0.46,1388.68,-0.33275101511713284,-0.14457146798787648,0.04639039832239052,0.007621879946874021,-0.011471621238838775,0.007867089936763695,326.1119542453934,448.9606244043059,6.525140638362465,358.0738588871074,222.50694427140536,-8.548005255622881,424.14394781988744,44.15953897480437,-33.68679384066037,-8.033719532254553,-4.260074907859668
32022691,70.985000,-29.598370,-25.783763,1012.79,1046.74,1016.48,1042.25,-0.02,-0.03,1.0,0.36,1.0,0.55,1388.72,-0.32813522416213536,-0.14386583457592386,0.04620157813666722,0.006443248514800942,-0.0010285602384070447,-0.016646196406984896,326.11166225041904,448.9586223645004,6.503084695067652,357.8603200540241,222.40134397793526,-8.155908951951655,422.8284295397551,43.73785917520284,-33.485967161425435,-7.977209787057721,-4.028565029974848
32022791,71.084000,-28.944918,-25.275980,1013.53,1048.23,1015.07,1044.52,-0.02,-0.03,1.0,0.49,1.0,0.75,1388.91,-0.3235607932474168,-0.14329396049468682,0.044968981112321324,0.005180183725156198,-0.04495091323128129,-0.02078631043228744,326.1033244304907,448.9569056553575,6.537432042801283,357.0088806077114,222.30014970243573,-7.972263049729249,422.45715634029386,43.807502022580984,-33.928631303236834,-7.764624191486797,-4.607329960217443
32022891,71.184000,-28.308767,-24.725644,1013.78,1048.73,1014.57,1042.1,-0.03,-0.03,1.0,0.82,1.0,0.69,1389.27,-0.31901478800035993,-0.14293452739210785,0.045228914112790945,0.0026641038578996655,-0.021328399949835767,-0.020240134063047466,326.0990543785063,448.95730487892587,6.5374347377452136,357.09892190291265,222.23829640497817,-7.6118054882062,420.5864184934908,43.001194250086414,-33.1242597337233,-7.785916157165672,-3.9328002861261684
32022991,71.284000,-27.666999,-24.147780,1013.61,1048.04,1013.9,1040.49,-0.02,-0.04,1.0,0.77,1.0,0.56,1390.57,-0.3145202040061887,-0.14269212497360576,0.044445708919845874,0.0023371244297887266,-0.02420114565860183,-0.005749323761501954,326.10439015403665,448.95389901771716,6.512194628037214,356.6889061057445,222.2257837457955,-7.692790073569054,420.1454435555435,42.942288144063674,-32.922374718298805,-7.682545972947897,-4.1260822670593615
32023092,71.383000,-27.227696,-23.710535,1013.08,1045.68,1013.9,1038.99,-0.02,-0.04,1.0,0.7,1.0,0.53,1392.1,-0.310102138116481,-0.14248098627111705,0.04382544184348442,0.0022686349819005733,-0.036629312281752195,0.009469038439241672,326.10797788564065,448.95893885473134,6.526771540934973,356.8210308522286,222.2058455798511,-7.688954251576939,419.26532520667377,42.50368700249942,-31.978095940623255,-7.71360571665411,-3.7345004178883485
32023193,71.484000,-26.549442,-23.018954,1012.61,1043.52,1014.14,1039.46,-0.02,-0.04,1.0,0.52,1.0,0.57,1392.26,-0.30581621660977615,-0.14216884595788057,0.04211133368865362,0.003516422673120058,-0.025268032135206495,0.00823005338970566,326.1052225227931,448.94683452097144,6.509972262535598,356.7680489931506,222.20548444403275,-7.628414477408241,418.7218096530613,42.368165145969435,-31.64658036608534,-7.7015368624486,-3.605700150897304
32023293,71.585000,-25.929393,-22.309827,1012.42,1042.33,1015.1,1041.35,-0.02,-0.04,1.0,0.43,1.0,0.73,1391.89,-0.3016909458200354,-0.14171885954292066,0.040443744724183245,0.005316370462780258,-0.05636375969789639,0.021021997156192736,326.09485683334054,448.9598310116462,6.524623738819837,356.2314621678058,222.14301712235138,-7.122212257310929,417.47088147884574,41.92103256784465,-31.470874434264484,-7.568423231017544,-3.630911245238078
32023392,71.685000,-25.316640,-21.579108,1013.54,1042.55,1015.3,1041.24,-0.02,-0.04,1.0,0.45,1.0,0.72,1391.01,-0.2977265190279368,-0.14108676534340314,0.03907528257349343,0.006478715769695352,-0.03258762428875142,-0.0045972400067202795,326.1000591475791,448.94467413596715,6.52805764668037,355.5026143184805,222.01013829469656,-6.884984882644874,415.92401596974446,41.65082267130527,-31.618823104606907,-7.382347189914053,-3.7564495496608625
32023492,71.785000,-24.704567,-20.786925,1013.16,1042.97,1014.62,1039.7,-0.02,-0.04,1.0,0.48,1.0,0.6,1392.62,-0.2938517785687837,-0.14043958893698313,0.03859350757966032,0.0064670434349253176,-0.0018070342079381336,-0.0020865855581291954,326.0977202080712,448.95005528185783,6.527120661324784,354.95363007293207,221.8987054224842,-6.706548095079577,414.97128856115035,41.32454352614383,-31.4430761531563,-7.242880290533949,-3.8995625426270575
32023592,71.885000,-24.097948,-19.935639,1013.09,1042.28,1014.44,1040.0,-0.03,-0.04,1.0,0.43,1.0,0.63,1392.02,-0.29001492501118764,-0.1398242029442252,0.037721750231515264,0.005965685627523138,-0.03385830808696254,-0.004091634818983642,326.09964372744025,448.9521007734022,6.523556765137782,354.1639757944217,221.77513035117659,-6.059139205806848,411.58235684489534,40.29557226663692,-30.294980387564266,-7.042360760262966,-3.4721472642138558
32023692,71.985000,-23.519349,-19.084598,1014.36,1042.27,1015.4,1042.43,-0.03,-0.04,1.0,0.43,1.0,0.83,1390.58,-0.2861818962758778,-0.13914607558159375,0.03831092837092222,0.00719463393750803,-0.002606409002574341,0.007460313389218715,326.09544446821855,448.9427307739104,6.5343592671501725,353.29071966380684,221.60332682086943,-6.028009043933915,410.3285522404596,39.98317225368049,-30.406628971667786,-6.821541618349739,-3.7918196230173358
32023792,72.086000,-22.933445,-18.152542,1014.73,1042.88,1015.48,1042.03,-0.03,-0.04,1.0,0.83,1.0,0.67,1389.75,-0.28231239137347086,-0.13842643678874114,0.03883704813827707,0.007041537429447223,-0.027005345862952418,-0.01049661150258077,326.0969336171495,448.9555372914428,6.5324711754010965,353.0517143745086,221.5468003932309,-5.872006441893277,409.77882234923504,39.88653907320236,-30.17006932850532,-6.759735611599555,-3.822563737732322
32023892,72.185000,-22.350035,-17.132365,1013.36,1043.38,1014.81,1040.31,-0.03,-0.04,1.0,0.42,1.0,0.55,1391.38,-0.2784042777249918,-0.13776446316137417,0.0380382976319771,0.005979854202228758,-0.06150441894033352,-0.026381418847721123,326.0976649611418,448.95358902235336,6.561274904866906,352.9277932255351,221.55892237852726,-5.935964877694576,410.41203169400796,40.06759836392507,-30.81512344986329,-6.729175009295573,-4.116347706923078
32023992,72.285000,-21.771227,-16.066969,1013.13,1042.6,1014.53,1038.82,-0.03,-0.04,1.0,0.47,1.0,0.61,1392.9,-0.2745167689490142,-0.13725433205525395,0.038397310872925174,0.004653831822008991,-0.01980236934422872,-0.008730942068035135,326.09954535506193,448.952348339418,6.551611862548702,353.81406916108,221.6796438399271,-6.115813070071992,411.7788813180486,40.32170818958752,-30.618201883229766,-6.952545194084798,-3.8195965263490006
32024092,72.385000,-21.184469,-15.005890,1012.96,1041.16,1014.1,1037.23,-0.03,-0.04,1.0,0.37,1.0,0.5,1394.15,-0.2707714391424036,-0.13679724767273482,0.03667128932867011,0.004448175095313263,-0.024059410840242854,-0.003833480927584633,326.0882225678433,448.9448644547702,6.521394581672045,353.6906604912312,221.67944930134385,-5.969695272288105,410.8747367619943,40.08074788306519,-30.299802247241693,-6.924920513416988,-3.6289848779777163
32024192,72.484000,-20.563420,-13.935739,1013.05,1041.14,1013.91,1036.1,-0.02,-0.04,1.0,0.38,1.0,0.42,1395.13,-0.2672075148389611,-0.13630141362796513,0.035377286880024075,0.0054587249488303085,-0.021522206252763885,0.011830117762124356,326.10160116129686,448.9446376572863,6.535270299624089,352.7590969536584,221.61180401230277,-5.741745180806894,408.24679141801056,39.3539466657049,-29.595375402504065,-6.688073055014699,-3.5565203249291546
32024292,72.584000,-19.919734,-12.907248,1013.1,1040.91,1014.14,1035.51,-0.02,-0.04,1.0,0.53,1.0,0.65,1395.96,-0.26375597061254324,-0.13568990786036042,0.03450409391320756,0.006685931550415989,0.03214260457280266,0.023390393412457952,326.09172970812597,448.9521606162488,6.5428527113994255,352.10402690950997,221.49510890261928,-5.20732870383746,405.46983899729236,38.570193934615844,-28.60931891719662,-6.524079872698809,-3.2157143557460284
32024392,72.683000,-19.253914,-11.926308,1012.95,1038.98,1013.83,1033.84,-0.03,-0.04,1.0,0.38,1.0,0.54,1396.73,-0.26035756031685986,-0.13488834570702507,0.03496009867401929,0.009092566124337467,0.03314681056022833,0.029718356528636403,326.09527389102095,448.9425397786838,6.539521601012903,351.4577939310396,221.38152603834195,-5.034125369549767,403.8978111118039,38.201077509385,-28.012521988258992,-6.3595813034676825,-3.255940718132086
32024492,72.784000,-18.568924,-10.972509,1013.01,1038.75,1013.78,1032.61,-0.02,-0.03,1.0,0.37,1.0,0.45,1397.26,-0.25697755691981095,-0.13388336160163375,0.033474052226851944,0.010859082691105927,-0.025279825110806148,0.018855356660627803,326.0962669839533,448.94674718630847,6.509922084875048,351.26867662374553,221.34372339862924,-4.715546619257403,402.192010193365,37.73659167080166,-27.193644368720772,-6.3111421797409415,-2.879039731529561
32024592,72.884000,-17.873601,-10.005431,1013.2,1038.6,1013.92,1032.03,-0.02,-0.03,1.0,0.37,1.0,0.41,1397.93,-0.2536229080165029,-0.13260390140175005,0.03332025015315564,0.013794061503761394,-0.014247600602722824,0.02126644077104471,326.0940846610197,448.9540637199939,6.5415426753948545,350.89312679308273,221.31242491269953,-4.930781159769816,401.674687985049,37.59487950608464,-26.861447135838645,-6.217224960999023,-3.016937638013667
32024692,72.985000,-17.181430,-9.025297,1013.39,1038.24,1014.09,1031.39,-0.02,-0.03,1.0,0.35,1.0,0.37,1398.35,-0.2502993496491477,-0.1310955574000224,0.033126605289992686,0.015940425210274067,0.0351241015594113,0.04336409150714999,326.0949701246682,448.9554692230247,6.526926861208603,350.43936086244037,221.20312408086187,-4.494841199833507,399.71232488504387,37.113243463043304,-26.097127581181173,-6.101165674974214,-2.7820530504255174
32024792,73.086000,-16.477480,-8.022102,1013.35,1038.26,1014.22,1031.34,-0.02,-0.03,1.0,0.65,1.0,0.79,1398.76,-0.24699446462411112,-0.12935378445212906,0.03391510199170293,0.018734820244269455,0.027506568654743453,0.03769484921737047,326.0928981716399,448.95113811451745,6.523868692739594,350.3022491103118,221.1924551313754,-4.648980432926607,399.3135929360688,36.98745525104598,-26.22102857407988,-6.067407716492982,-2.764656785342755
32024892,73.184000,-15.791780,-7.037110,1012.99,1036.0,1013.92,1029.34,-0.02,-0.03,1.0,0.48,1.0,0.64,1398.95,-0.2437272230363718,-0.12742262031275803,0.0323752011505979,0.019890293604344574,0.008546697427132256,0.025481472047828083,326.0897153783757,448.9465651794537,6.531123280355789,349.86805213317956,221.1551404664011,-4.381657971251871,397.811572856732,36.61042755715316,-25.511708917299483,-5.95931990549817,-2.6444945419507633
32024992,73.284000,-15.120595,-6.075682,1012.86,1035.05,1013.95,1028.14,-0.02,-0.03,1.0,0.41,1.0,0.56,1399.27,-0.24049302933928296,-0.12530942403113746,0.03261077224860723,0.022116812791723575,0.00888177336263862,0.029415021258526724,326.08486224140324,448.94056785649167,6.529697626696829,349.72244456943764,221.08297733021487,-4.248432140919994,396.6180910667253,36.3017158288325,-24.8767528186609,-5.922587620708864,-2.3952656378216126
32025093,73.384000,-14.626217,-5.342222,1013.06,1034.5,1013.87,1027.36,-0.02,-0.03,1.0,0.37,1.0,0.51,1399.29,-0.2380870837986894,-0.12357786865837843,0.026349728630755513,0.019496017893243327,-0.08490074526021577,-0.044078290246440735,326.08451041714846,448.9448500729709,6.520776651353525,349.1938140712003,221.05275328596693,-4.112975240924273,395.13722179818717,35.94227608736583,-24.477802236742694,-5.790262037784027,-2.358317298350693
32025192,73.485000,-13.942703,-4.316046,1013.26,1034.41,1014.0,1026.48,-0.02,-0.03,1.0,0.37,1.0,0.45,1399.59,-0.23488856804120917,-0.12106153680040976,0.03184958734063325,0.026014054248717125,0.0005702415043005531,0.026777814019192117,326.0962375159542,448.9386700987255,6.517838947284083,348.7220327866204,220.98273408867934,-3.9026999523281236,393.0433642915369,35.47861963380966,-23.80823539810192,-5.668334477678246,-2.1007418609528195
32025292,73.584000,-13.327795,-3.337974,1013.34,1034.23,1014.17,1026.09,-0.02,-0.03,1.0,0.37,1.0,0.43,1399.81,-0.2316786485859072,-0.11830004028939853,0.03232546774265473,0.02841451195443439,0.01019760330465502,0.021949552913515104,326.09013801523656,448.9464245658566,6.512142928258438,347.9600186233607,220.90522421789612,-3.4798366907940292,391.30264923987403,35.14420872525092,-23.21173448067116,-5.478094750698999,-2.1773629320602055
32025392,73.684000,-12.760099,-2.348888,1013.46,1034.05,1014.38,1025.69,-0.02,-0.03,1.0,0.36,1.0,0.4,1399.91,-0.22842155829675562,-0.11535653956371147,0.03296049117333514,0.030370649067559888,0.014608131020279075,0.029928649008492382,326.0846113058571,448.93486330385645,6.495264046713863,347.55831647483745,220.82396536710988,-3.374288017744161,389.61855308375436,34.73276097257607,-22.60189958838752,-5.377811893877583,-1.9803446515423744
32025493,73.784000,-12.223753,-1.331923,1013.37,1034.0,1014.44,1025.4,-0.02,-0.03,1.0,0.73,1.0,0.95,1399.97,-0.2251198070080408,-0.11223339169476147,0.03331259835044933,0.03191985410300133,1.5691979182147338e-05,0.009436137692874777,326.0908340729543,448.9510833633573,6.530609840367032,346.88088122466127,220.81314524171873,-2.9249285138336942,388.06322962240415,34.437732231322045,-22.248690157230822,-5.206941432145091,-2.0462351145916475
32025592,73.884000,-11.708406,-0.270565,1012.91,1031.8,1014.22,1023.69,-0.02,-0.03,1.0,0.62,1.0,0.91,1400.01,-0.22175878593661272,-0.10901708775211214,0.033804890091825975,0.03215450347367053,0.004771694747507123,-0.0023523880014426463,326.0844600064302,448.932296354677,6.518845090704502,346.0369888587788,220.66071453635033,-2.759358422052209,385.85892704182703,34.005983344933085,-21.605273554112607,-4.9953552136690265,-2.052528892874111
32025692,73.984000,-11.203579,0.854159,1012.65,1030.55,1014.11,1022.67,-0.02,-0.03,1.0,0.61,1.0,1.0,1400.04,-0.21827572144785637,-0.10576909077079548,0.035308345930420794,0.03255462416373429,0.01539012261733337,0.004725170783216202,326.088034794129,448.9400877059323,6.490442218758028,345.2468919993816,220.6057093267941,-2.2089455317412465,383.2411793602064,33.55213093149631,-20.883512064650017,-4.796283261785927,-1.889139265710952
32025794,74.085000,-10.958635,1.418406,1012.47,1029.29,1013.97,1021.73,-0.02,-0.03,1.0,0.52,1.0,1.0,1399.98,-0.2164778038244917,-0.10413130571331872,0.0363869101623778,0.03300683903029038,0.034453951719956896,0.0202455254034893,326.08757753433866,448.9513575790131,6.523047461880151,344.2360087072053,220.442208837151,-1.734976921872735,380.2589615578381,32.999121418510654,-20.250087985156107,-4.540957967639595,-1.7965970043769524
32025892,74.187000,-10.217277,3.120204,1012.64,1028.44,1013.99,1020.66,-0.02,-0.03,1.0,0.46,1.0,1.0,1400.04,-0.21079487651524176,-0.0991590068640183,0.03870383821922738,0.03297538186688031,-0.007923360299309989,-0.02036177096599384,326.0810409288452,448.9419933483798,6.520267384689961,343.36842496015373,220.36610952858396,-1.211739525311572,377.2670334869974,32.60037482018498,-19.132768019048882,-4.325093412444101,-1.5835704109959927
32025992,74.285000,-9.766799,4.096640,1012.65,1027.83,1014.13,1019.78,-0.02,-0.03,1.0,0.51,0.33,1.0,1398.9,-0.2067439824387763,-0.09578393593850955,0.04065471861340429,0.033393096065574654,-0.029474745015281825,-0.03875730199008933,326.0757086951051,448.9348461660399,6.512340318723644,342.5377036770214,220.2817367323006,-1.0510420491148686,375.03431943527914,32.17367387691705,-18.389261547993545,-4.117933212991239,-1.5655270441628293
32026092,74.384000,-9.440530,4.753613,1012.77,1026.91,1013.06,1018.98,-0.02,-0.03,1.0,0.47,0.53,1.0,1398.91,-0.2024765083866905,-0.0923728591399909,0.043163207855412,0.0340220938286407,-0.01194378911105128,-0.02093727244112075,326.0792805809736,448.9437648505445,6.521914037128284,342.0721776030364,220.2964948431332,-0.6646410683136333,373.45999874682155,31.866871058791773,-17.69127632281771,-4.001077853277884,-1.4551025818958578
32026193,74.484000,-8.901688,5.623075,1012.9,1026.34,1017.99,1019.43,-0.02,-0.03,1.0,0.47,0.43,1.0,1398.58,-0.1980070733741421,-0.08893112411115575,0.04517843831823842,0.034261013994798716,0.02151276194815819,0.002388860463573073,326.0738337013009,448.9376880353748,6.503528725795405,341.6581146877794,220.2086585928076,-0.35046756454209776,372.15427387515814,31.62354121231832,-17.512999024547295,-3.897780916904719,-1.3902374522053895
32026293,74.584000,-8.391438,6.336135,1012.92,1025.71,1016.52,1018.7,-0.02,-0.04,1.0,0.46,0.39,1.0,1398.73,-0.19337492931496084,-0.08546565456527222,0.046728777208642845,0.03487453702308507,0.01321730469974632,0.0103107468837858,326.0759832092516,448.93969624192596,6.534896198578733,341.2655626940118,220.17530412601525,-0.06264365400367211,369.9018241805628,31.403244963957114,-16.481528281949124,-3.7987694999953043,-1.028325813647311
32026394,74.687000,-7.874029,6.938093,1013.1,1025.16,1016.13,1018.06,-0.02,-0.04,1.0,0.43,0.42,1.0,1398.74,-0.18862022790683663,-0.08189231333931489,0.04781550244808718,0.03601076362113814,0.005683754150978553,0.004769066882931431,326.07162345020987,448.9289323640305,6.5125894115174034,340.5909372268164,220.05522485239015,0.10311761510298889,368.21213561260436,31.103702377529782,-16.06822247470118,-3.629871420321032,-1.056928700058167
32026494,74.787000,-7.336533,7.480509,1013.17,1025.05,1017.28,1018.01,-0.02,-0.04,1.0,0.5,0.47,1.0,1398.84,-0.18376302258094687,-0.0782465851916729,0.048375526649253375,0.03623656950778103,-0.014398869444464833,-0.012349462896477944,326.0832717572323,448.9445033436449,6.519659244296753,340.1857575301799,220.03870436985136,0.4031487350116879,366.5998400301754,30.953572202990205,-15.593315712588955,-3.5254368795144524,-0.90154758327796
32026594,74.887000,-6.815651,7.928280,1013.2,1024.15,1020.33,1018.09,-0.02,-0.04,1.0,0.43,0.22,1.0,1398.76,-0.17883792729149547,-0.07455122168109861,0.04945851819983821,0.03717423822126087,0.011211529512835128,0.010467819341471578,326.0749719421546,448.93807611333574,6.520932668692338,339.8082863266195,220.09597524204446,0.41776116460354507,365.24453827790785,30.682855607679276,-14.92354538673612,-3.43432597955029,-0.7798295132151649
32026695,74.987000,-6.295648,8.305182,1013.22,1023.83,1018.21,1017.55,-0.02,-0.04,1.0,0.5,0.49,1.0,1399.01,-0.17386855007194812,-0.07077326599841954,0.05013318483627669,0.03853566268018482,0.019808813174836598,0.028603264083395304,326.0865333768285,448.94046473305605,6.501549761194758,339.60120908762923,220.05527858016802,0.5024880767285858,363.67346845159966,30.56796643401058,-14.3189706779975,-3.379143464751283,-0.4817234369256864
32026794,75.087000,-5.776196,8.643288,1013.25,1023.09,1021.78,1017.67,-0.02,-0.04,1.0,0.44,0.2,1.0,1398.89,-0.16890082264829673,-0.06687200279392734,0.05017368671634061,0.03976031214912997,0.08004014598994819,0.07080487632952823,326.07073428201284,448.9373337268255,6.509907347463866,339.1693919983416,220.04404055052623,0.6440492340339045,362.9352553706921,30.466488422617843,-13.960291280742197,-3.2752386562622258,-0.5949726857012223
32026894,75.187000,-5.277404,8.974930,1013.27,1022.82,1020.62,1017.14,-0.02,-0.04,1.0,0.51,0.37,1.0,1399.1,-0.16397122007952414,-0.06292117103110297,0.05032730990043458,0.04065900724263246,0.04496175221001024,0.04688585989782292,326.08247515728374,448.94255221164,6.5106572326946335,339.067620770842,220.03084179909874,0.76825873851793,361.53287210907797,30.29961805793434,-13.123662354135984,-3.246655972461183,-0.25939252232414844
32026995,75.287000,-4.795397,9.302826,1013.28,1021.95,1020.16,1016.8,-0.02,-0.05,1.0,0.49,0.45,1.0,1399.29,-0.1591184517029236,-0.05890257226782793,0.048273897193019465,0.04056944084799615,-0.045134505569740094,-0.02341841158061788,326.07597541059437,448.94763064167427,6.504054062465414,338.83719352688286,220.01955826798545,0.9898299403128051,361.09816064889515,30.286112744684356,-12.986440343512154,-3.190556843147581,-0.3106678909293752
32027094,75.387000,-4.499452,9.480388,1013.22,1021.3,1021.69,1016.9,-0.02,-0.05,1.0,0.48,0.36,1.0,1399.15,-0.15436591785392914,-0.05483768837880744,0.0470355683139848,0.0406377035492978,0.024030059353408576,0.0318010667680194,326.0724926130561,448.93847777603474,6.504519123493529,338.3366555691677,219.9095068465261,1.2040880017146773,359.6802264607391,30.03165912341784,-12.57317003321473,-3.065176822354021,-0.2831626756033039
32027195,75.486000,-4.025126,9.643088,1013.34,1020.94,1021.69,1016.67,-0.02,-0.04,1.0,0.46,0.36,1.0,1399.18,-0.1497203827143292,-0.05077791463202344,0.046587661073516216,0.040880215634496765,0.016725621033895043,0.018408926203543955,326.0722048663906,448.94062243928516,6.515990948794012,338.03069085355105,219.90792424102813,1.3424148531495743,358.4243889455759,30.039272805947665,-12.147017500725788,-2.9888708520427887,-0.15286590719833448
32027294,75.587000,-3.614320,9.707256,1013.34,1020.58,1021.63,1016.41,-0.02,-0.04,1.0,0.44,0.37,1.0,1399.35,-0.14518127567058606,-0.04675042479324151,0.04541901721853564,0.040626555641254454,0.015590547216862254,0.02173008494476979,326.08070723940136,448.9353623240987,6.503704329582928,337.13122338121974,219.83852735413558,1.490909224487823,356.16177348757697,29.75333027230033,-11.5117321679241,-2.7615291479169013,-0.19410945660737156
32027395,75.686000,-3.195545,9.715573,1013.4,1020.42,1021.42,1016.33,-0.02,-0.04,1.0,0.42,0.41,1.0,1399.61,-0.14072124609519812,-0.042778766944539755,0.04482723164318368,0.03972025562503358,-0.008273464832234708,-0.012730772474696915,326.08070723940136,448.9353623240987,6.503704329582928,337.13122338121974,219.83852735413558,1.490909224487823,356.16177348757697,29.75333027230033,-11.5117321679241,-2.7615291479169013,-0.19410945660737156
32027495,75.787000,-2.869861,9.680070,1013.47,1020.16,1021.88,1016.23,-0.02,-0.04,1.0,0.4,0.37,1.0,1399.48,-0.13634314776655698,-0.03893100590050488,0.0432348390998967,0.03778495235657563,-0.016577803193126028,-0.02114970825156675,326.06711401960973,448.94003519854664,6.539854401901373,336.02535187386206,219.82917498294546,2.0787303737956377,353.3878881240348,29.466815028263703,-11.094846901232835,-2.4887781678140803,-0.23384785213537818
32027595,75.887000,-2.526159,9.692751,1013.5,1020.08,1021.83,1016.11,-0.02,-0.04,1.0,0.39,0.39,1.0,1399.58,-0.13201359282862526,-0.035243053315732194,0.04316907911740622,0.03613728037647742,-0.010742733785247262,-0.025108982598320635,326.0757269264709,448.93738012345926,6.516392489336729,335.6745373635071,219.83409772155053,2.331419797297184,351.82310430295604,29.440415442526387,-10.542952117617041,-2.399135688757843,-0.04976532742361517
32027695,75.987000,-2.179282,9.764413,1013.57,1020.04,1021.86,1016.15,-0.02,-0.03,1.0,0.39,0.39,1.0,1399.67,-0.12770172368960733,-0.03170357796015921,0.04321558112547076,0.03505811098297276,0.039265569370924513,0.02030675691932912,326.0739813930615,448.93119795451435,6.490166410676957,335.3439981327445,219.74320550244985,2.361993921685466,351.2151946631714,29.259978461199513,-10.475402225004807,-2.3551573066405767,-0.07385631848196272
32027795,76.088000,-1.842481,9.890327,1013.57,1019.99,1022.15,1016.28,-0.02,-0.03,1.0,0.61,0.42,1.0,1399.72,-0.12343525390357667,-0.028317214758916034,0.043351370275655936,0.033998591730646704,0.03600132370597856,0.01921705631868084,326.0661076744187,448.93376624631003,6.518513929389763,335.3860460160373,219.73673510515206,2.4103394833505494,350.7946392202636,29.17512589803869,-10.353306124692931,-2.3285602759965234,0.03430690509196044
32027897,76.188000,-1.507767,10.115136,1013.4,1018.91,1022.89,1016.21,-0.02,-0.03,1.0,0.56,0.37,1.0,1399.63,-0.11925438186604014,-0.025075355916060017,0.04161184845874834,0.03199890472474207,-0.011861139285222633,-0.017533129520135398,326.0746125328527,448.9412081546162,6.497154760601612,335.4298568895602,219.73613572553424,2.429787452754065,351.0207677630891,29.21870235975322,-10.364182770540081,-2.337289707074713,-0.0037707659314270003
32027997,76.290000,-1.193183,10.439487,1013.35,1018.2,1022.62,1016.16,-0.02,-0.03,1.0,0.51,0.4,1.0,1399.64,-0.11520654374545587,-0.021998228912280093,0.03952655219707789,0.02994491487924531,-0.038910450741366,-0.031362073579798616,326.0691359172682,448.92889082511687,6.504753706932413,335.4356041905612,219.78295630869857,2.4358398922857183,350.88538067679696,29.184927255800513,-10.265856644392086,-2.340694003722338,0.047154340592594046
32028097,76.390000,-0.981641,10.732885,1013.36,1017.89,1022.89,1016.26,-0.02,-0.03,1.0,0.49,0.39,1.0,1399.72,-0.11133261378122783,-0.0190825990527714,0.03808198466968444,0.028514261243847747,-0.03286111842197109,-0.028808048519172277,326.0708777288816,448.93320426425703,6.49846645396237,335.1145679139016,219.7296513238333,2.6298051753091523,349.98822527785916,29.22266238659222,-9.748568084437924,-2.2595488597224223,0.054838630323645
32028197,76.489000,-0.624296,11.310225,1013.44,1017.65,1023.14,1016.13,-0.02,-0.02,1.0,0.47,0.37,1.0,1399.71,-0.1076371927807113,-0.01634265986958666,0.03625496746194089,0.026695686605444996,-0.022813695354279243,-0.022027092258122247,326.07350245688343,448.9386656684194,6.516545693349047,334.83478687447183,219.7326018784599,2.7286757555239394,349.19042662837666,29.22609321585862,-9.770426942554296,-2.1890361052865828,0.06868667136838713
32028297,76.590000,-0.307745,11.816519,1013.54,1017.43,1023.05,1016.15,-0.02,-0.02,1.0,0.45,0.38,1.0,1399.91,-0.1041091989667461,-0.013782697791631087,0.034836911249952356,0.025049327019583092,0.007113599745682245,-0.0008207216665687908,326.07633596971334,448.9316598595017,6.513939597250836,334.42538801055883,219.71569266248645,2.895051584114292,348.40673106012855,29.169208717921723,-9.66106167243499,-2.086041666474361,-0.02447244437059215
32028397,76.689000,0.040479,12.511695,1013.6,1017.42,1023.18,1016.12,-0.02,-0.02,1.0,0.46,0.38,1.0,1399.95,-0.10073034407808565,-0.011421498788955547,0.033845444377711115,0.02313014024491219,0.009152926630647318,-0.007974295083701892,326.067124811774,448.9392322553199,6.517233453402069,334.1096220923756,219.7655299947232,2.8793356491250575,347.53422043650187,29.0177377838253,-9.438839941300953,-2.009882108564499,-0.006005255006225951
32028497,76.789000,0.395356,13.232278,1013.55,1017.21,1023.16,1016.1,-0.02,-0.02,1.0,0.44,0.39,1.0,1399.79,-0.09747661734714753,-0.009289514217379512,0.03242071325429089,0.020620006166526237,0.006614113345223752,-0.013870092126777214,326.0646101837196,448.9388575198095,6.514873532731247,333.6288572515069,219.71525265902662,3.0217276391169396,346.22920448394285,29.002591200413885,-9.16256366229952,-1.8900418944299735,5.697211689392745e-05
32028597,76.889000,0.772123,14.027218,1013.65,1017.15,1023.24,1016.05,-0.02,-0.02,1.0,0.44,0.39,1.0,1399.86,-0.09431499790446422,-0.0073865907888426285,0.03147351731156673,0.018281169673450202,0.011432048126421807,-0.011915834172097132,326.0671064784723,448.9347327330904,6.506294410067921,333.04672541458143,219.73904900913186,3.416702790409489,344.82134326672184,28.803576227900543,-8.79183121805908,-1.744270011289963,-0.040310027101383206
32028697,76.990000,1.169205,14.976541,1013.63,1016.87,1023.53,1016.44,-0.02,-0.01,1.0,1.0,0.73,1.0,1399.68,-0.09121022851927084,-0.0057024044045364325,0.031246065361725292,0.01626431047513748,0.014052592656757186,-0.009987826779938962,326.0754482682817,448.94023701004136,6.497905192520446,332.6070065488603,219.6173583868905,3.6206663797642222,343.7038923227543,28.93259024851325,-8.43669593054283,-1.6314533467643686,-0.06766046461941633
32028797,77.091000,1.568143,15.880832,1013.72,1015.95,1033.49,1018.57,-0.02,-0.01,0.19,1.0,0.27,1.0,1397.59,-0.08814095472930199,-0.004222835459421317,0.030834210961167653,0.0141343323531684,0.011003806913809394,-0.013484667781673003,326.0683443922629,448.92585884153505,6.5100475238623146,332.65240081406426,219.63349326161583,3.6149189291752464,342.6587959893791,28.835834139734253,-7.599805322779953,-1.6447778951781264,0.2874254692791638
32028898,77.189000,1.996142,16.963985,1013.17,1015.23,1030.2,1017.58,-0.02,-0.01,0.27,1.0,0.32,1.0,1396.51,-0.0851207916901307,-0.0028750489440919256,0.030113353882664732,0.013443692104812586,-0.013683823965240195,-0.005223618940748002,326.0700776198085,448.93773497721946,6.50335957253102,332.92101964900377,219.70616244163267,3.483403614643235,341.47546963031414,28.661379840335744,-6.835139577059197,-1.7118639117726526,0.8598959594553532
32028997,77.292000,2.433399,17.417502,1012.87,1014.79,1029.67,1017.1,-0.02,-0.01,0.3,1.0,0.37,1.0,1396.88,-0.08220541633734528,-0.0014459112835884485,0.028203190377480133,0.01495352751164793,-0.03572741659083267,0.01230538189387693,326.07275831913597,448.9417622612182,6.505981066272962,332.56191449920465,219.63887328167883,3.720635154645388,340.9286536309311,28.602734375950696,-6.5856044157597085,-1.6210090386155445,0.7342586054507523
32029098,77.390000,2.415036,196.334962,1012.68,1014.49,1029.54,1016.47,-0.02,-0.01,0.33,1.0,0.38,1.0,1397.27,-0.07941068658856727,0.00015830790393882868,0.027330018550336645,0.016185559951376067,-0.007082508078721628,0.010393137862850182,326.06498447561114,448.9468251113256,6.512324367892229,331.6325606864887,219.61269091641884,3.7149654265819776,338.48263906588437,28.577294770442247,-6.31281885178101,-1.3907043182638523,0.7277970820945705
32029197,77.491000,3.125266,29.705899,1012.61,1014.23,1029.31,1016.24,-0.02,-0.01,0.35,1.0,0.4,1.0,1397.83,-0.07667964965117582,0.0019011068986133097,0.02536895597583041,0.01659615317146646,-0.015479880116315197,0.012837442619329394,326.0660889616697,448.9276087704153,6.500168993656868,331.571122744881,219.64187231200276,4.083222305531844,337.5175075627422,28.65221354884776,-5.810379410584533,-1.3753782509759431,0.9674519427867732
32029297,77.591000,3.806153,20.796957,1012.32,1014.44,1030.37,1016.83,-0.02,-0.01,0.48,1.0,1.0,1.0,1398.03,-0.07397798519162187,0.003718372084478225,0.026893364173288727,0.018612642193138684,0.03496567317066812,0.03976783480105916,326.06637420909345,448.93862580985865,6.496516667886731,331.0649111042822,219.6990294227648,3.94980964755559,337.2096392340961,28.572631706205424,-5.803206904750649,-1.2491284065698223,0.6568274478196616
32029399,77.689000,4.366068,21.487951,1018.85,1015.34,1042.88,1019.43,-0.02,-0.01,0.05,1.0,0.64,1.0,1396.31,-0.07131148972044424,0.005617442054673274,0.027637694592900528,0.019737387503598044,-0.015386845300439399,-0.011770045438389132,326.0648507955003,448.9298007726433,6.515614878234918,331.5825642548042,219.63767753453024,4.14187690507436,335.99995478457987,28.590757072152506,-4.566282731402825,-1.3785065379912147,1.432454986842031
32029504,77.793000,4.964628,22.517807,1016.7,1014.99,1036.95,1017.98,-0.02,-0.01,0.23,1.0,0.14,1.0,1395.34,-0.06870468094182913,0.007615174645076838,0.025201286465908784,0.02109475681072835,-0.02387227996445849,0.04273397888633939,326.0650503643945,448.9213783403238,6.511621126211865,331.7430921755287,219.60833186531949,3.9546113812988812,334.68093507832697,28.568533597239547,-3.5850798253673153,-1.4184163251286952,1.9557977372453068
32029600,77.895000,5.637103,23.493213,1016.49,1014.54,1037.08,1017.44,-0.02,-0.0,0.25,1.0,0.16,1.0,1396.03,-0.06623646420129808,0.01009104786679591,0.024203248466731903,0.026644895253232822,-0.01870113273389956,0.04088706003290767,326.06219259035345,448.94262018654445,6.507788878280113,330.398439502481,219.713507367849,4.458905706623148,332.7714418043398,28.53260848546873,-3.2822351822286255,-1.0837149582458427,1.4562917448583814
32029699,77.993000,6.292999,24.291164,1016.15,1014.47,1036.89,1016.73,-0.02,-0.0,0.28,1.0,0.15,1.0,1396.58,-0.06384197451774486,0.012897868811296195,0.023580538485237387,0.028145960839396904,0.018159258137633503,0.03327133319374798,326.0606116718515,448.9309103423634,6.520904642520908,329.8008766940002,219.55936892362675,4.709008106468341,329.82706752737784,28.531010820429454,-2.4521102482650994,-0.9342153222896937,1.8605751396691868
32029799,78.092000,7.046200,25.040589,1015.73,1014.55,1036.69,1016.59,-0.02,-0.0,0.53,1.0,0.17,1.0,1396.24,-0.06142151883496273,0.01587812023034936,0.024735556567384666,0.031108369927852226,-0.0010512911374390063,0.016183760295845492,326.06054363519536,448.9423741391326,6.507080077422834,328.81047220834074,219.4765608064328,4.95899267503971,328.4144380898876,28.44133322485768,-2.1808758491577036,-0.6866023169930561,1.4919840408590672
32029900,78.192000,7.762088,25.713282,1022.62,1015.56,1036.65,1016.3,-0.02,-0.0,0.01,1.0,0.18,1.0,1395.87,-0.05892821115143985,0.01901633650752987,0.024515816941818813,0.03055414164134178,-0.004631547477337709,-0.015452022290603329,326.0629128211733,448.93881509287587,6.512149363755551,327.83528839184777,219.48926543805257,5.503656214597147,325.6379078394826,28.394267213257912,-1.584675042804505,-0.44257057990561666,1.5439500464658464
32030001,78.293000,8.476183,26.405820,1020.54,1015.03,1036.52,1016.28,-0.02,0.0,0.15,1.0,0.2,1.0,1395.13,-0.05627140378191969,0.022194720543863868,0.027801985215220766,0.032298988139357936,0.03249867630079097,0.0131297958976021,326.06137801615193,448.9292153729045,6.489163987112414,327.6152052568412,219.43127083138933,5.654486038090675,324.7376022041086,28.62115683508765,-1.3562471825930928,-0.3879179957150418,1.639846859764439
32030101,78.394000,8.940118,26.911127,1020.05,1014.58,1035.97,1016.23,-0.02,-0.0,0.37,1.0,0.45,1.0,1395.79,-0.053433102396447295,0.025360753989445917,0.02897588979159533,0.03166355208159404,0.0014285308266645022,-0.013946381848557357,326.05930149776407,448.9311594141286,6.5003027083730744,326.8790984647954,219.62187823435613,6.210940012066894,322.75659247127504,28.57223092917291,-0.8080590565267428,-0.20483560854841096,1.6458187211007118
32030200,78.494000,9.701162,27.664293,1020.96,1014.59,1037.67,1016.52,-0.02,-0.0,0.35,1.0,0.36,1.0,1396.17,-0.050424746138707024,0.02849990668270056,0.030819744081848816,0.030998091498515172,-0.0070756920418735365,-0.04187139788462696,326.05876195186687,448.9346848090978,6.52668185124799,326.1659183514187,219.4876127860528,6.56049657579256,320.98729291134595,28.60910729456215,-0.5970747977673363,-0.026758279988670617,1.6075973238552899
32030300,78.593000,10.371712,28.394946,1021.23,1014.59,1038.05,1016.4,-0.02,-0.01,0.33,1.0,0.34,1.0,1396.68,-0.0472187014573604,0.03151437000628578,0.032257564077621884,0.02919920635364818,0.017776875740767507,-0.012653225365665306,326.06464925931095,448.939320749622,6.501688068095489,325.36864716320923,219.47143971745086,7.008227714634374,319.1363621758531,28.750182928312576,-0.05687948816082766,0.17378406150209838,1.5240460536836216
32030401,78.693000,11.020312,29.119609,1020.69,1014.57,1037.63,1016.3,-0.02,-0.01,0.5,1.0,0.52,1.0,1397.17,-0.04379763401029848,0.034406653987581526,0.03555224884809989,0.028888384190377158,0.04563545975986424,0.0076762355763670366,326.0561438614005,448.93182462812626,6.519732831839799,324.23529002895486,219.5132963443274,7.179953594483182,315.9761899783616,28.926219122633732,0.9292364067072233,0.45473680761286106,1.5718892182907411
32030501,78.793000,11.676713,29.932066,1026.49,1015.34,1042.01,1017.07,-0.02,-0.01,0.04,1.0,0.16,1.0,1396.77,-0.04011612780184834,0.03716784623009367,0.03794912126649157,0.027002958916560047,0.0220819209920004,-0.02284384453931413,326.0626559410841,448.93091747205324,6.509208945551148,324.02505951303436,219.44767122065053,7.3754719803214615,314.5225632237674,28.862371262339973,1.2025021429443754,0.5087195241501049,1.8369386963466197
32030601,78.893000,12.284586,30.759223,1024.53,1014.89,1039.61,1016.64,-0.02,-0.01,0.31,1.0,0.51,1.0,1396.06,-0.036201775428505265,0.03979532698062054,0.03981065408159091,0.026167666535363742,0.0065645517488277854,-0.006434222583169036,326.053840899376,448.93490921226424,6.493309753288072,323.68675158848555,219.57694742686027,7.841406673750995,312.912322979531,29.024891831690223,1.8849719080999194,0.5913002158701072,2.053642010217253
32030701,78.994000,12.826372,31.566958,1024.31,1014.55,1043.03,1017.28,-0.02,-0.01,0.38,1.0,0.31,1.0,1396.1,-0.03211880657422753,0.042421837839609976,0.041261987160285014,0.026094470235266846,0.008864027730879862,-0.008892660503954375,326.05868236563845,448.94297463820493,6.506495047203892,322.78925121145744,219.5726311921432,8.004501547311166,310.8152611087769,29.121728688567433,2.2394916913575833,0.8166353100760844,1.9642826596763574
32030800,79.093000,13.485002,32.336598,1025.41,1014.62,1043.58,1017.1,-0.02,-0.01,0.39,1.0,0.2,1.0,1396.43,-0.027864655160497763,0.04500696386266846,0.04300457760957536,0.025563937636199647,0.013149074332233593,-0.005866818269338446,326.0564912801635,448.93422961232926,6.506463894021726,321.91479015721615,219.46604541331536,8.343081110109827,307.4103569911809,29.340989939774623,3.3585957448690937,1.0340267061546848,2.2945288194034967
32030900,79.192000,14.086402,33.158528,1025.52,1014.48,1043.19,1016.62,-0.02,-0.0,0.34,1.0,0.38,1.0,1396.98,-0.023416253806129998,0.047608233569636296,0.044127703274360205,0.025693642246015384,-0.03109728909957421,-0.02003363940004715,326.05606202350526,448.93341282446477,6.5193101209858035,320.956559703071,219.51001809140053,8.572604661838994,304.7374875485062,29.57249789728392,4.121630363348919,1.273330721040116,2.3340778420040302
32031000,79.294000,14.607323,33.953393,1025.51,1014.36,1043.05,1016.37,-0.02,-0.01,0.35,1.0,0.41,1.0,1397.55,-0.018761296386614026,0.050281393684221735,0.04556368831852895,0.025853320716414788,-0.04888337933919357,-0.03693789433253092,326.0570733888974,448.92720651182475,6.517367919511191,320.27754241897367,219.5924302091375,8.720855743465577,302.8813095591192,29.713959135892924,4.545159321452541,1.4436216815465597,2.3474517013395793
32031101,79.392000,15.025912,34.584953,1025.33,1014.58,1042.85,1016.53,-0.02,-0.01,0.52,1.0,0.65,1.0,1397.96,-0.01390342569663033,0.052968688546363836,0.04832347022101321,0.026424263142009873,-0.032690628475987395,-0.024344106269594597,326.0584118735595,448.938519434451,6.510112297796762,320.03788917996934,219.59001031516314,9.078611697819408,302.1110970571984,29.81622392004384,4.610651513322671,1.5036999402069156,2.388975579322623
32031201,79.493000,16.617876,35.521289,1031.69,1015.47,1050.68,1017.96,-0.02,-0.01,0.01,1.0,0.02,1.0,1396.54,-0.008890775079860575,0.05566632450353404,0.047917147886676704,0.02554853229936886,-0.18952799051917993,-0.10677781470987739,326.0550654921866,448.9351197366454,6.485636824338434,320.13617815243373,219.57184651750305,9.013464365985115,301.39543640544406,29.86390372975156,5.316927771054243,1.4782314983849854,2.6853291488035245
32031301,79.593000,15.403508,36.460703,1029.83,1014.85,1047.93,1017.02,-0.02,-0.01,0.16,1.0,0.22,1.0,1395.62,-0.0038132927678536993,0.05841384819158359,0.05048691909872836,0.027987341451894975,-0.051287313995762286,-0.0036002024275778896,326.0477162103574,448.92509347173313,6.486053621888143,320.0856627650004,219.5720313935394,9.191567032824256,299.70704981715113,30.1301953788002,6.103508963019228,1.4890735830141888,3.1616570645556914
32031400,79.693000,11.636128,37.403458,1029.5,1014.48,1046.9,1016.91,-0.02,-0.01,0.25,1.0,0.53,1.0,1395.07,0.0012380708900170878,0.06138637988377963,0.047898948284932547,0.02894142826033048,-0.1706029663936567,-0.08799088838742539,326.0628722831988,448.9304154124558,6.502853427700982,319.1771805797343,219.50920151984892,9.463752101856628,298.15485352513855,30.213633382701424,6.28834009448654,1.7191203442116412,2.898807526417161
32031501,79.793000,16.827479,38.320100,1029.28,1014.35,1051.43,1017.38,-0.02,-0.01,0.25,1.0,0.37,1.0,1395.24,0.006275496159285041,0.06447892553419354,0.049350983402454036,0.03056527735850019,-0.06697140617255416,-0.033236565824886516,326.0458122373506,448.92826501914726,6.504675021590394,318.346716517098,219.5896606292859,9.637795596774948,295.6021777301649,30.531738418909086,7.122076681345733,1.922746880343796,3.014483902661213
32031600,79.891000,17.376355,39.310540,1028.87,1014.3,1049.26,1016.75,-0.02,-0.01,0.42,1.0,0.5,1.0,1394.44,0.011319702283138128,0.06765153382741308,0.05024500493429248,0.0318060522545742,-0.2812348617790472,-0.17175027571577586,326.05574837986035,448.9353085127031,6.502969816064042,318.01004918391203,219.5868930427017,9.785522167230244,293.28020138530024,30.795744877588128,7.94643953398373,2.0091511924630634,3.4444112392645785
32031700,79.993000,17.869033,40.356502,1031.67,1014.66,1052.71,1017.25,-0.02,-0.01,0.31,1.0,0.41,1.0,1394.82,0.016383056508239104,0.0709563456503208,0.050270668879006115,0.03353871524647647,-0.04123869236191436,-0.008886711147964068,326.05878888670395,448.9315103126388,6.495668258000121,317.2135758153021,219.62263926792966,10.207885329282616,292.0061087959455,30.97711763706686,8.045288815545241,2.208995432447874,3.1929844695005976
32031800,80.092000,18.294915,41.406659,1030.66,1014.36,1051.77,1016.67,-0.02,-0.01,0.28,1.0,0.3,1.0,1394.24,0.02145793347219457,0.07439171006978994,0.05064746265450242,0.034566557759463906,-0.007130826116958022,0.006705200745656387,326.047179604864,448.9356176567342,6.503807985088837,317.12896599744073,219.63405154136376,10.54792258907214,289.774347651638,31.277082609934492,8.961407353501116,2.2272791163038534,3.808596938585283
32031901,80.194000,18.693386,42.389636,1029.74,1014.31,1050.72,1016.74,-0.02,-0.01,0.48,1.0,0.67,1.0,1394.83,0.026519823843340617,0.07797681563123125,0.050515543067948525,0.036374352942470184,-0.01654606218498527,-0.003800617647136581,326.04558332404065,448.93172962459755,6.4927026258771185,315.93804303235714,219.6426206800764,10.787271319338597,288.4616217203597,31.4117458752077,8.914326385781708,2.5240828871053895,3.25675385324086
32032000,80.293000,19.131372,43.422773,1034.83,1015.01,1058.86,1018.01,-0.02,-0.01,0.32,1.0,0.36,1.0,1394.51,0.03159473995607853,0.08159688010807938,0.05105565723296408,0.0362783196333492,0.0027319634693017147,0.003169400173721801,326.0424643882276,448.9324425922251,6.5087514628896805,315.47745949586493,219.67453067920377,10.869936277391723,285.50507566780385,31.944976609004332,9.999472424903958,2.638522789288768,3.794082223587144
32032101,80.392000,19.403875,44.181100,1033.11,1014.6,1056.05,1017.26,-0.02,-0.01,0.24,1.0,0.27,1.0,1392.84,0.036692462399675954,0.08528055362715463,0.05096942725430107,0.0373053728040509,-0.021815062464451432,-0.002130813575608631,326.0541891354107,448.92399145263636,6.4894896419113675,315.00888996315604,219.69623463534322,11.18134319598849,282.73331184017957,32.398534429479746,11.168562582078073,2.7586533926287395,4.260011602080991
32032200,80.492000,19.866395,45.383749,1032.83,1014.39,1055.63,1016.78,-0.02,-0.02,0.26,1.0,0.33,1.0,1393.36,0.041804858095338314,0.08916546446500795,0.05097916484019294,0.039689150541865684,0.002837449539707203,0.02597384328596599,326.0498549725271,448.9392644175674,6.518575188569592,313.92630710160927,219.7753745266221,11.672432020940509,281.01233577726293,32.64522140626499,11.405232836321641,3.0283181940080555,3.9189752747328654
32032301,80.593000,20.207157,46.647795,1032.67,1014.21,1055.65,1016.37,-0.02,-0.02,0.29,1.0,0.35,1.0,1394.57,0.04695137100083714,0.0932133696414846,0.051248912396238536,0.04032176125368554,-0.011590736605459236,-0.007667256480531352,326.04281282280886,448.9313461305395,6.504620026374915,313.75216130088216,219.7819038353658,11.875544326382059,279.2066393993843,32.96510714197685,12.11921827178091,3.0701725856044595,4.336251094353832
32032402,80.694000,20.572044,47.898072,1032.14,1014.3,1055.29,1016.61,-0.02,-0.02,0.41,1.0,0.72,1.0,1395.37,0.052126166227229404,0.09734568162815244,0.05140646404408107,0.041409984453688944,-0.028159785611784154,-0.016264901599238494,326.04748033880765,448.9345935701563,6.4922103986445405,313.49463845492403,219.77562341616462,11.857176459954104,279.40903862727083,32.900076522566636,11.809930305724622,3.1354076178185966,4.066148567414419
32032502,80.798000,20.935835,49.098876,1036.53,1014.64,1064.99,1018.31,-0.02,-0.02,0.11,1.0,0.06,1.0,1394.92,0.05727852029451095,0.10149646695112026,0.050362756862980036,0.04056709760406782,-0.027569862574367016,-0.020534742545268634,326.04952462498136,448.93396499072605,6.495846371237091,314.03479166346006,219.78804990287423,11.749926599481778,279.3902458337645,32.99839349025947,12.308418030851788,3.00142242787045,4.504607131399387
32032602,80.896000,21.305153,50.176187,1035.05,1014.47,1061.75,1017.45,-0.02,-0.02,0.23,1.0,0.18,1.0,1394.91,0.06230783147917872,0.10568699707348497,0.049944339680185176,0.04292304816246709,-0.019875744427344234,0.024653148240338547,326.04840383862523,448.9319759656844,6.489032364862929,314.55464349117494,219.7680202154268,11.658448095029415,278.37758239414546,33.35595685583194,13.262491624970956,2.8712743677737875,5.240339494199689
32032702,80.996000,21.680294,51.069628,1034.9,1014.21,1062.28,1017.01,-0.02,-0.02,0.33,1.0,0.47,1.0,1394.15,0.06709541990666046,0.1101434442318206,0.04709785257316439,0.045873440289549795,-0.027617628270281993,0.0214046607688861,326.0390024152523,448.93470144069744,6.492288791217837,314.00904101757436,219.75791425057963,11.725322049736823,277.9019810692451,33.38276792255699,13.392334781838338,3.004815615114846,4.954639620547502
32032802,81.096000,22.110743,51.874284,1034.82,1014.22,1064.91,1017.32,-0.02,-0.02,0.37,1.0,0.4,1.0,1393.93,0.07164297836729423,0.11480090030964914,0.043635323983352084,0.04581992560743203,-0.012615046859246446,0.012443946260384023,326.04473739397827,448.928025425643,6.503811580631364,313.3664242589117,219.76113648043219,12.092422896970342,275.7312739076463,33.81379457087484,9.59360970928338,3.1665747455173068,5.1087676506189466
32032902,81.193000,22.488985,52.474619,1035.74,1014.29,1063.7,1016.84,-0.02,-0.02,0.3,1.0,0.44,1.0,1394.68,0.07600441503556626,0.1195856465203962,0.04410421380167224,0.049698107312011346,-0.01654592172782411,0.01595356378538036,326.04419466140087,448.93525543117613,6.515651704627329,312.48916030653686,219.8220499533496,12.19346245137323,272.6102300891014,34.404241661430845,14.874776426104354,3.3858458761930965,5.366353299344407
32033002,81.294000,22.935884,53.073377,1035.33,1014.12,1064.74,1016.71,-0.02,-0.03,0.33,1.0,0.45,1.0,1395.5,0.08023654350539622,0.12454302185254547,0.04125542599185828,0.04954815777412875,-0.045971745705111214,-0.022376727872321398,326.0372934394235,448.9275636851584,6.508636622773998,312.185757170734,219.84385848357383,12.368955946896042,271.70620816785845,34.626432060694775,15.244502934126372,3.4601741073729926,5.407885551924693
32033102,81.394000,23.374186,53.609728,1034.96,1014.31,1064.48,1016.55,-0.02,-0.03,0.43,1.0,0.47,1.0,1396.37,0.08435506095514698,0.12963824792729273,0.04044538712963754,0.0508410429817868,-0.029206814149304025,-0.015792727701947767,326.04608642401575,448.93690142390756,6.511438855152263,312.39363535244024,219.84806469057253,12.313000128783784,271.2218444218227,34.78833650166748,15.727546260028825,3.4104837891329534,5.7218261684751495
32033202,81.495000,23.829518,54.152888,1039.75,1014.93,1069.56,1016.94,-0.02,-0.03,0.27,1.0,0.39,1.0,1395.98,0.08832005829994793,0.1348229393496119,0.038617604775553135,0.05195125250482613,-0.044543332458097634,-0.01942939465511329,326.0424071462947,448.9356094007933,6.474519876799196,312.27187286838154,219.84146693988862,12.227101826451259,271.6013258279608,34.65943332463915,15.41053610526695,3.4398318455133365,5.507242365392996
32033302,81.594000,24.283788,54.724802,1038.17,1014.45,1067.68,1016.23,-0.02,-0.02,0.21,1.0,0.27,1.0,1395.85,0.09208445818537753,0.1400788319468589,0.03660556474202761,0.05232662331922144,-0.04414213530003333,-0.023825517727687862,326.04751121098866,448.9354202239437,6.483080955620782,312.702894166936,219.82085318446664,12.353189060993111,270.06538516804244,35.18861352681652,16.167273068114643,3.3333864498968406,6.336702926909783
32033403,81.694000,24.744645,55.335960,1037.92,1014.21,1067.46,1016.26,-0.02,-0.02,0.23,1.0,0.31,1.0,1395.62,0.09560987746525697,0.14546652541289984,0.033984355648196796,0.05400669354103617,-0.06999943890261374,-0.061364205913681434,326.0539617385583,448.9318416874405,6.491278154969582,311.5925025889313,219.93357585131565,12.687032068652249,269.201206186986,35.237150003954376,16.257493142933473,3.6134847061697397,5.699605177726785
32033503,81.795000,25.212413,55.947086,1037.53,1014.26,1067.03,1016.27,-0.02,-0.02,0.4,1.0,0.51,1.0,1395.13,0.09894598341675848,0.15090141271670243,0.03239967204547399,0.053372437612813003,-0.04922398818108471,-0.06118321299794648,326.0444072774794,448.9373257770466,6.523295209487604,311.12482678610667,219.92917051348712,13.043702980226364,266.3343708776619,35.943987411195806,17.01276112563249,3.7274771531310757,6.227320178678434
32033603,81.895000,25.718843,56.455861,1040.17,1014.57,1072.25,1016.84,-0.02,-0.02,0.2,1.0,0.11,1.0,1394.94,0.10216708467844293,0.15631285175704895,0.03149297147046955,0.0529323907775046,-0.03532426071480005,-0.07238177841471168,326.0461222021183,448.93515205226703,6.497976358670686,310.14129906328293,220.02891981012903,13.485805745976938,264.9319115439449,36.15351391505043,17.194530923098306,3.974627496099875,5.864043703336101
32033704,81.995000,26.305862,56.794896,1039.17,1014.32,1070.71,1016.21,-0.02,-0.02,0.27,1.0,0.22,1.0,1393.96,0.10535658432592636,0.1615734643154673,0.03165655561686836,0.05216038351391698,-0.006305694993651855,-0.000523043644239928,326.04115239280765,448.9376649860641,6.498684320005431,309.95167927299997,220.0834834668614,13.565714433023764,262.3413721788226,36.94660903151743,18.384060001538455,4.0215326492285595,6.529603521127926
32033803,82.096000,26.950885,56.922350,1038.57,1014.36,1070.18,1016.15,-0.02,-0.02,0.46,1.0,0.41,1.0,1393.9,0.10851678910634344,0.16684745808406523,0.0316783023626832,0.05277520910269668,0.011268680766559864,0.0066707081829289,326.0419888166719,448.9336747964894,6.508708633666594,309.22821013781197,220.09313147841206,13.711129606435104,261.3321733373584,37.09743136334499,18.282523434165995,4.2021864011162275,6.262817238422064
32033903,82.195000,27.689425,56.850258,1042.82,1014.91,1070.79,1016.17,-0.03,-0.03,0.3,1.0,0.38,1.0,1394.22,0.1116922119526931,0.17206268973680205,0.03181742449573748,0.05215275496516495,-0.00012376171556098976,0.0009177441541156692,326.03695354614456,448.9326254167404,6.511485945040254,308.82152834754476,220.20682577716184,13.652659727259001,259.8519101455746,37.44384027507457,18.744082552950278,4.304345610688406,6.390847752184037
32034004,82.295000,28.466885,56.632060,1041.41,1014.46,1070.43,1016.11,-0.03,-0.03,0.23,1.0,0.38,1.0,1394.83,0.114881999087388,0.17720623884739878,0.03188394681865934,0.050431161418677865,-0.013800900315401779,-0.05446845054011484,326.03914326252385,448.93654452266026,6.506656450166343,308.6773279019931,220.14030955935496,14.431973085332881,258.9963324378971,37.73409649715668,15.802470824770298,4.339476781432229,6.5568223926029
32034103,82.395000,29.286153,56.336716,1041.15,1014.3,1070.74,1016.17,-0.02,-0.03,0.24,1.0,0.37,1.0,1395.83,0.11809096081965034,0.1821607613482793,0.031880814806459636,0.04878710234808461,-0.02403245843474472,-0.04906073374823387,326.0383908605632,448.9280279347464,6.511525168932653,308.03253401514877,220.16053049286828,14.150832465737341,258.4630284724797,37.77209060673229,19.013621051619946,4.500364489958501,6.203853126969463
32034203,82.495000,30.132681,56.026979,1041.08,1014.23,1070.64,1016.11,-0.03,-0.03,0.25,1.0,0.39,1.0,1396.42,0.12130532785839578,0.18690930453913182,0.031813317227712794,0.04583794561603983,-0.02643009957628203,-0.06695093932513653,326.03495134516874,448.93473883293734,6.497490593718574,308.05258920950325,220.17273887950478,14.364860715314855,257.3046446028,38.13669275811381,19.362256943144995,4.4946238905718525,6.588140338406641
32034303,82.595000,30.982708,55.760311,1040.32,1014.61,1070.52,1016.26,-0.03,-0.03,0.57,1.0,0.31,1.0,1395.87,0.12451383099866302,0.1914171296239106,0.0314514796438901,0.04353113619076352,-0.04083489360348085,-0.0773980432591787,326.0421321018553,448.9397375024146,6.518078289156118,307.7141783991786,220.2561004452987,14.482543412209248,257.26654830198714,38.027646750110236,19.21508667517921,4.5822020139485105,6.309668546635269
32034404,82.695000,31.834688,55.641812,1049.74,1015.89,1070.78,1016.06,-0.03,-0.03,0.15,1.0,0.32,1.0,1395.45,0.1276962732135003,0.19566398082744244,0.031211110812713428,0.040860445612648524,-0.014555806604387161,-0.03528854002386095,326.0347653343577,448.9341215472599,6.487102096182578,307.78885466399834,220.22662902613757,14.76418810805777,256.6432135013322,38.2987293613648,19.58519525692644,4.561303255406495,6.579732801154794
32034505,82.796000,32.661293,55.780345,1047.05,1015.33,1070.62,1016.22,-0.03,-0.03,0.23,1.0,0.29,1.0,1395.76,0.13081988210527296,0.19967065831170955,0.031027613303202733,0.03908779309164471,-0.027832306811310676,-0.05981868055992131,326.0418694482482,448.9337633831636,6.503723179733928,307.2578972994129,220.26472114244692,15.056357287204067,256.04407779803716,38.37887000400005,19.33874380190798,4.696006619262295,6.333678161584794
32034606,82.897000,33.487529,56.222838,1046.41,1014.81,1070.71,1016.24,-0.03,-0.02,0.26,1.0,0.27,1.0,1396.46,0.13389912067373747,0.20336263945304742,0.029702014655573036,0.03449117400965235,-0.05085622439989937,-0.0891026371958115,326.03662076905243,448.9336129889837,6.512191667696041,305.82520902722223,220.48271305013805,15.505823104009904,252.99368477803773,39.04855094637276,19.801151621470282,5.055884306340923,6.1231788138078365
32034705,82.998000,34.265633,56.928952,1045.31,1014.77,1070.66,1016.2,-0.03,-0.02,0.43,1.0,0.34,1.0,1394.93,0.1370162644455914,0.20668541332057996,0.03121503547712814,0.031177776127389596,-0.021409524115678424,-0.08015441960411103,326.0418171453411,448.9460978944766,6.496807478089694,303.7076577667704,220.76643826038787,16.428646473312465,247.47258969651054,40.458211492887855,20.849638502610855,5.590287314555755,6.1412372488053695
32034805,83.097000,34.996333,57.884342,1050.84,1015.45,1070.54,1016.13,-0.03,-0.02,0.29,1.0,0.34,1.0,1394.71,0.14034584685869264,0.20955816530144786,0.034207403398036754,0.026865639256369367,0.016439094455626847,-0.056438211326826734,326.03993303759955,448.94073297149487,6.514268491968348,301.4489763362011,220.9686870164412,17.12797514895181,242.34733631849213,41.9720969062548,21.74795652789983,6.156593398625793,5.959160631475534
32034906,83.197000,35.683519,59.107782,1048.23,1014.88,1070.22,1016.23,-0.03,-0.03,0.39,1.0,0.52,1.0,1394.36,0.1441022660293485,0.21200370925312334,0.03920697269134392,0.022642764218279876,-0.0037245450441674654,-0.07611868080108122,326.04237950314445,448.94459364571685,6.513424123114205,300.82850775261267,221.08971321208537,17.569026162656346,240.44079228790616,42.51622082601444,22.290377737993754,6.314522465971254,6.054810571827952
32035006,83.297000,36.344074,60.624361,1049.97,1014.84,1074.79,1016.58,-0.03,-0.03,0.4,1.0,0.43,1.0,1394.57,0.14834633205579748,0.2140480584163463,0.04389889136395971,0.019086756106039354,0.03472009717981746,-0.03524508840722203,326.03625529821153,448.93997845850197,6.493829199650566,299.74752595779046,221.21185481297036,17.926265593497657,237.69211748111618,43.31639515412916,22.957606943320364,6.58502528506245,6.060292398513933
32035106,83.397000,36.756358,61.841704,1050.23,1014.62,1073.63,1016.24,-0.03,-0.02,0.29,1.0,0.42,1.0,1393.9,0.15303382207205005,0.2157738315227513,0.048697921579267875,0.016393692788429504,0.0746450835760796,-0.00720621359032965,326.04209839146637,448.94964543432667,6.495857142992327,299.74290734279845,221.26140564717514,17.951756770998568,236.4797731401778,43.76573609262324,23.47235365235084,6.588766593918221,6.439587506618452
32035206,83.497000,37.352346,63.800036,1050.44,1014.33,1075.39,1016.44,-0.03,-0.02,0.35,1.0,0.44,1.0,1394.52,0.1580697884893909,0.21732329547503437,0.052439801658015636,0.015479682901714656,0.04320512577306559,-0.000731440880043689,326.0400866721066,448.94352465448543,6.509543305724931,299.92223705345134,221.15863053599818,17.805548456172854,236.72410963044968,43.78126338936031,23.484719072665214,6.540977718622173,6.528618500486903
32035306,83.596000,37.835945,66.049096,1050.36,1014.34,1075.5,1016.24,-0.04,-0.02,0.33,1.0,0.28,1.0,1394.92,0.163303319316591,0.2187813180008779,0.05117127736410889,0.01379981497102148,-0.053890580444423845,-0.024616201008690705,326.03439667770465,448.9460610106906,6.486804615411626,300.43204317199775,221.13117056049376,17.902118762065847,236.99735938404035,43.80989379512636,23.89535614854849,6.412125261866459,6.859845406175143
32035406,83.697000,38.223220,68.444617,1050.24,1014.41,1077.37,1016.18,-0.03,-0.02,0.45,1.0,0.79,1.0,1394.7,0.1685880780858773,0.22021176670650328,0.053143623306832435,0.014413346670090981,-0.011191465801731863,-0.0034131723580433588,326.03380961654653,448.9455832348872,6.525807311308501,300.16737990460086,221.13351090552385,17.9355863205133,236.6125193292598,43.95412460955989,23.89649681822573,6.477783449530532,6.777519437102249
32035505,83.797000,38.580455,71.273360,1054.87,1014.95,1083.24,1016.94,-0.04,-0.02,0.27,1.0,0.32,1.0,1393.39,0.17383882487661279,0.22164192367683738,0.05163126765262457,0.014109531060513221,-0.04726826754357485,-0.011525995341390267,326.04188176309134,448.9396744432111,6.506101403800207,299.73912228445243,221.2467258465599,17.877172908778693,235.38416057747736,44.329268174656804,24.082827543174464,6.589517655550599,6.81017513736197
32035605,83.897000,38.863712,74.263123,1053.18,1014.48,1083.68,1016.22,-0.04,-0.02,0.3,1.0,0.55,1.0,1392.74,0.17901629693132484,0.22311319334783178,0.051459901894949305,0.015355858521268596,0.010942635442906185,0.02721103213876639,326.0303968661442,448.94729141855584,6.513572788716288,299.8206550058917,221.1965392848652,18.06758071003038,234.32067218836576,44.87089332946755,22.399446207352057,6.564766202354791,7.2490729598317145
32035705,83.997000,39.084515,77.479013,1052.9,1014.26,1086.97,1017.03,-0.04,-0.02,0.3,1.0,0.33,1.0,1392.13,0.18408370303723964,0.22481211723627212,0.05073958718981688,0.018354378669667278,-0.0017980482370538648,0.03291976495608474,326.0308983426278,448.95545922105396,6.503401505398413,298.57860858774706,221.40447581169082,18.66457998940515,229.00763031140022,46.90577423039514,25.071506308176644,6.879053226488357,7.978594867681549
32035805,84.100000,39.247816,80.980958,1052.8,1014.14,1085.27,1016.25,-0.04,-0.02,0.33,1.0,0.42,1.0,1392.35,0.18909910038122463,0.22678113090653113,0.049645443352027266,0.02115710892326243,-0.05263332873659517,0.035470521461512534,326.03030090947004,448.9361547600561,6.5076511197575355,297.29079852654087,221.54959863063587,18.94263077136889,226.18263820936508,48.17707629137198,27.774115438333567,7.203447431294914,7.893927473759339
32035905,84.199000,39.345728,84.674844,1052.71,1014.13,1085.65,1016.38,-0.04,-0.02,0.33,1.0,0.39,1.0,1393.33,0.1940796686846507,0.22927051366548906,0.04920389981864975,0.025900818805325625,-0.025279120676385866,0.008684632115238218,326.0354427081188,448.937567046786,6.5031958747789265,296.83709826260554,221.6546381479757,19.00352415880063,225.56037815054694,48.16208600515323,25.576763625255115,7.32051769336808,7.693512704869537
32036005,84.296000,39.384616,88.641100,1052.65,1014.06,1085.83,1016.18,-0.04,-0.02,0.35,1.0,0.37,1.0,1394.47,0.19909699148566137,0.23207204030971756,0.04960315700501067,0.029305508315304835,-0.004296774904901747,0.047977832054198415,326.0366763247982,448.9439474309824,6.513845555643305,296.76375682387584,221.76151051987426,19.33438613630053,223.0073910995033,49.43106944611289,26.88820197398025,7.342222259272119,8.486181521245856
32036105,84.397000,39.372256,91.474942,1052.66,1014.26,1086.15,1016.29,-0.04,-0.02,0.41,1.0,1.0,1.0,1395.26,0.204114636163976,0.2352464314474262,0.051005599829019886,0.032818278569328604,0.027984091013928226,0.026578521527595243,326.0324260125014,448.9443749701162,6.485528974136504,296.5707396961901,221.76548106050006,19.304295597243648,223.30294500364323,49.16179417087969,28.43247423915413,7.389161070488298,8.22220564004976
32036205,84.497000,39.346652,95.797351,1055.46,1014.3,1097.71,1017.52,-0.04,-0.01,0.28,1.0,0.83,1.0,1394.38,0.20909621154617858,0.23864851420554808,0.04967932474750358,0.035622654641106456,-0.0024554875464569926,0.04836152011343265,326.02953796489555,448.93765944208445,6.498826786400887,297.1681821581575,221.60213551516898,19.044797013015593,223.70552744003493,49.28421379933361,27.166257630168868,7.348168282989001,8.254846237914505
32036305,84.597000,39.291221,100.034232,1054.58,1014.15,1101.23,1016.97,-0.04,-0.01,0.26,1.0,0.23,1.0,1394.61,0.2139249442656728,0.24236734576929886,0.048219827786673115,0.039114529640571244,-0.03566886967549653,0.04050197485409532,326.0326297157369,448.94132932310634,6.501537840595884,298.13521674109245,221.4844529883307,19.024979931243564,221.9092412883093,50.722922794814885,29.67653739419636,6.992361701647846,10.07070942789332
32036406,84.697000,39.214344,104.472365,1054.41,1014.16,1098.29,1016.41,-0.04,-0.01,0.27,1.0,0.39,1.0,1395.53,0.2184649125305901,0.24678704651798977,0.044458511990649395,0.0479302070712081,-0.09385323933102752,0.022150015815271484,326.03428809687307,448.9382587210933,6.506622949472757,296.3567581875798,221.81321766305007,19.356023566139122,217.93009799769231,52.16576530700417,31.680008647170393,7.44443605349725,9.92185099297805
32036506,84.798000,39.110363,109.029991,1054.14,1014.1,1101.17,1016.24,-0.04,-0.0,0.28,1.0,0.47,1.0,1396.09,0.22277042094181795,0.251931642163541,0.04201210503945815,0.05313615007611736,-0.04066248927037138,0.0306094581406959,326.0276865383079,448.9398909844092,6.522535640640356,294.9346814566219,222.035743523232,20.007348008467865,214.4911227733943,53.69238723168918,32.81879292684784,7.802727230849535,9.935538863516703
32036606,84.898000,38.978163,113.888377,1054.06,1014.05,1101.5,1016.47,-0.04,-0.0,0.27,1.0,1.0,1.0,1395.06,0.22696551450237143,0.2577039046893339,0.041641904896513565,0.05917842778816181,-0.017112971183485027,0.013519867788178338,326.0322248643311,448.96312712812954,6.523900487717999,294.54806350005447,222.10260091990858,20.153080566016605,213.47779018443876,54.04801795179399,32.18052079301181,7.903432444423025,9.946001904717015
32036707,84.998000,38.828281,119.010478,1054.25,1014.0,1112.63,1017.24,-0.03,-0.0,0.27,1.0,1.0,1.0,1394.56,0.2311506840918571,0.2639264111744349,0.04033603382055329,0.06215780039572801,-0.03271042758262658,0.013094248985941071,326.03040803387705,448.94277779752446,6.521437686855408,294.41476899637036,222.0977190159197,20.172021297157016,211.2886685577661,55.211012215306745,33.83100565936521,7.934265138097428,10.609318872114441
32036806,85.099000,38.683677,123.695481,1054.2,1014.06,1120.63,1017.51,-0.03,-0.0,0.27,1.0,0.63,1.0,1394.44,0.2353010044682671,0.27067540433527676,0.04139102043473626,0.06965957819349769,-0.03019287690866931,0.02416489789564758,326.03815200451163,448.95972350216425,6.516553509668896,295.2940300382284,221.9645355835786,20.144053267044885,209.76654748489304,56.82993690333291,35.83578975656914,7.710712442493138,11.95938337928876
32036906,85.198000,38.542769,128.670239,1054.15,1014.03,1119.45,1016.88,-0.03,-0.0,0.26,1.0,0.19,1.0,1395.07,0.23929882083481174,0.27828247076976037,0.039250372754730006,0.08104612891341446,-0.05896155488452458,0.059847354846190706,326.0350138914175,448.9593020403516,6.515337928005486,295.1991435471204,221.94919547304448,19.818430497345098,208.02787285469987,58.19175740135846,38.53501144452522,7.735788648517776,12.555664220597173
32037006,85.299000,38.415069,133.706379,1054.03,1014.11,1120.24,1016.56,-0.03,-0.0,0.25,1.0,1.0,1.0,1395.82,0.24307114227403018,0.28702677732531784,0.03704805004158449,0.09188207730723283,-0.03546240438446617,0.08102938753420923,326.0238426938029,448.9549028579456,6.500167092890397,295.09364980617005,222.00535406765565,20.16418662215964,205.28549156375968,60.09717401164959,39.31509689749751,7.760835298114992,13.487904944580364
32037107,85.398000,38.301303,138.766025,1054.12,1014.15,1130.18,1017.4,-0.03,-0.0,0.27,1.0,1.0,1.0,1395.24,0.24665018413897744,0.29683766083684526,0.036032382630377335,0.10331797587064014,0.0774644515676185,0.3213335746763563,326.0417272856187,448.9686700755871,6.523837004410959,294.4714473909072,222.11482543134514,20.27635064342325,202.15129159741227,61.68862791082447,41.55407551700319,7.922723509455676,14.073605919283375
32037207,85.504000,38.201734,143.903551,1054.1,1014.12,1137.67,1017.5,-0.03,-0.0,0.22,1.0,0.8,1.0,1395.01,0.2501127798990895,0.30743554614350116,0.035717437636223995,0.11517482177287296,0.029456096357989292,0.28054460057160485,326.0183695215398,448.93876281048017,6.516932461391098,294.4394834783975,222.08487715151395,20.062036941636848,200.3078199964103,63.618645843264694,44.32946815409984,7.924854415246761,14.861330479579514
32037307,85.598000,38.136324,147.739834,1053.88,1013.97,1140.25,1017.18,-0.03,-0.0,0.22,1.0,0.32,1.0,1395.28,0.25338415609055254,0.31917890866516846,0.03171737255513431,0.12090339233631635,-0.03824742690659701,0.04363999912679084,326.0393029501461,448.97055817028314,6.504740867751662,295.0797836371056,222.06055112948917,20.201338308026298,197.72989456125717,65.98650936698601,47.090122288607645,7.769441075928946,16.414628186991926
32037406,85.699000,38.058844,154.216545,1054.03,1014.13,1137.79,1016.46,-0.03,-0.0,0.22,1.0,0.44,1.0,1396.17,0.2564295386025198,0.33217224089420094,0.029343298494901908,0.13478431546821265,-0.04853630949896961,0.050422874419025036,326.0285599005418,448.9418866611829,6.489148147471538,293.84894265845884,222.2044705783053,20.234597258369426,196.37052683796034,66.55223208438082,47.42466748628432,8.077733416628508,15.901706939344763
32037507,85.799000,38.036400,159.028166,1054.02,1014.16,1141.89,1016.49,-0.03,-0.0,0.23,1.0,0.45,1.0,1396.44,0.25925595495854237,0.346434413897077,0.027914987085632743,0.1470533909913987,-0.019544680511595552,0.04786281635558795,326.02546883063457,448.9587670449756,6.521942929404946,293.8389797162343,222.30265734948287,20.548097011283993,194.39818127287768,67.93255520938996,48.577040956043966,8.082295599207445,16.623883401551467
32037607,85.900000,38.073481,163.736721,1053.8,1014.08,1140.9,1016.31,-0.04,-0.01,0.22,1.0,0.21,1.0,1397.05,0.26194623044541265,0.36155059489458935,0.025970253175719427,0.15159477047308853,-0.0007408883464931308,0.1398427136199843,326.0342167352202,448.9578204719101,6.511792663761838,293.0990486796401,222.39448854018357,20.667959067643096,193.23735920232068,68.64934937608554,48.893525684654556,8.27106396346302,16.462702379218246
32037706,85.999000,38.185552,167.972671,1053.71,1014.23,1140.79,1016.15,-0.04,-0.01,0.24,1.0,0.31,1.0,1397.65,0.2645346562517142,0.3772992629965837,0.02653731356290252,0.1647581808106899,0.026078206883030617,0.2457355041836368,326.02586736642473,448.9628031571356,6.5286753739117875,292.48308481077726,222.51036741579628,20.94192329421001,191.3097486800745,69.7108570546568,49.52412684573952,8.42555125915685,16.658686379274346
32037806,86.098000,38.384205,171.822932,1053.73,1014.09,1140.36,1016.32,-0.04,-0.01,0.24,1.0,0.34,1.0,1398.19,0.2670690818907354,0.39343493463089396,0.025288692437683225,0.1620826243598331,-0.0024322643777531685,-0.008393677935577935,326.02744138917427,448.9658620318869,6.525834400166557,292.03872055417656,222.58118795198794,21.239564018959975,190.3281236879103,70.13815101151481,49.58685681878518,8.538443492713997,16.634487424775305
32037907,86.201000,38.646193,175.161055,1053.6,1014.15,1140.59,1016.13,-0.04,-0.01,0.24,1.0,0.35,1.0,1398.56,0.2696155594576311,0.4095964782914476,0.02553254959091224,0.16135640675016524,-0.00480584198560061,-0.04216847344265136,326.0243295920062,448.95317140562986,6.517117985336727,291.8513853537204,222.63378645032088,21.223033322704662,190.14357114001677,70.3122885672942,49.99938152846528,8.586474824413903,16.558802313802946
32038010,86.299000,39.010571,178.133281,1053.71,1014.11,1140.73,1016.33,-0.04,-0.01,0.25,1.0,1.0,1.0,1398.81,0.27216429784533536,0.4256130762387715,0.025228282861365713,0.1575880354588833,-0.010445607694376465,-0.09504771219093844,326.03785305786096,448.9702498781272,6.506822578709193,292.13981175647484,222.5882607279669,21.16373172638687,190.32924378356992,70.17043489353289,47.662921663804084,8.516097495370046,16.709548402840586
32038106,86.402000,39.310484,179.921835,1053.87,1014.04,1151.44,1017.15,-0.03,-0.01,0.27,1.0,1.0,1.0,1396.96,0.2740560550899038,0.4373902058764052,0.0208423409377882,0.12974615501016953,-0.00048495734297691596,-0.00197828519930539,326.027773234525,448.9599845315523,6.523335348131903,292.33255268397204,222.49199017198103,20.95987718788592,190.38901306777277,70.63331823215744,50.822150341679105,8.462715544977698,16.948242346828273
32038206,86.499000,39.863066,181.979154,1053.74,1014.17,1157.75,1017.21,-0.02,-0.02,0.26,1.0,1.0,1.0,1395.83,0.27650264459878676,0.4527029037562785,0.024209581961965335,0.1530257155295028,-0.02000594250415036,-0.06374794066149403,326.0360556536549,448.96228934938694,6.508195236303028,292.97876905912403,222.4411487615364,20.891936973631665,188.05408940925142,73.51234944255098,54.1063356458575,8.302829817287106,18.560151912323658
32038306,86.599000,40.482768,183.410244,1053.76,1014.1,1163.81,1017.52,-0.02,-0.02,0.33,1.0,1.0,1.0,1394.27,0.278775407853924,0.4679113133034162,0.021809229057876148,0.15163567840279013,-0.042332300047996166,-0.14005288819026265,326.02092572636445,448.96857984725176,6.520812889152091,292.3027399404533,222.50822051732783,20.99198677951235,184.9997332766097,76.02841678370355,56.64635654629335,8.46868113667529,19.287081575599338
32038407,86.698000,41.188445,184.353118,1053.82,1014.14,1170.43,1017.45,-0.02,-0.02,0.35,1.0,1.0,1.0,1394.07,0.2808856976345658,0.4833140991155028,0.020419706337015887,0.15379363747751804,-0.0251397828422584,-0.05043417507261915,326.03375962555435,448.977984617591,6.532956974080677,292.29548944842634,222.5747629553272,21.180165376087462,182.877714635155,78.0962420048996,58.53596445902462,8.475759780278318,20.18618355954686
32038506,86.799000,41.941230,184.852212,1054.13,1014.03,1176.22,1017.47,-0.01,-0.02,0.33,1.0,1.0,1.0,1393.97,0.28287012976281367,0.4992224038881714,0.019401055068430387,0.16110977473885704,0.014021782440842134,0.2535626876980401,326.02645565902486,448.96099792322474,6.539395838502271,291.96508500429985,222.5943846905565,21.125498631305202,181.60546665442118,79.30972928349549,60.017175564210156,8.557096863090965,20.48971655994624
32038606,86.899000,42.750884,184.987098,1054.38,1013.98,1182.26,1017.37,0.02,-0.02,0.3,1.0,1.0,1.0,1393.96,0.28475301917257906,0.5156746392797988,0.01890263711880149,0.17061251432257704,0.014206810159426922,0.2861038619040929,326.0252053261768,448.96451979776765,6.512888401834119,293.061456828273,222.43079458645857,20.778194369364908,180.23846046761582,81.99234089355944,64.02593813934445,8.27920890278704,22.218673988563097
32038706,86.999000,43.585124,184.815005,1054.46,1013.96,1188.03,1017.35,0.09,-0.02,0.3,1.0,1.0,1.0,1393.93,0.28648176764837036,0.5327921289373849,0.016468750775791078,0.17485651982441114,-0.027121897599616373,0.06432923558152717,326.02168935290644,448.9650573381389,6.538454117104011,293.6625079002301,222.32924000778624,20.39750525472867,180.83836382626285,82.22789458294007,65.27088025504752,8.125800342321526,22.593024270648606
32038806,87.099000,44.400020,184.391882,1054.44,1013.99,1192.56,1017.17,0.19,-0.02,0.29,1.0,0.54,1.0,1394.04,0.2879207738215622,0.5507490997314789,0.012813941041128922,0.18157217713227625,-0.06731824663711172,-0.24482598622783766,326.02798597045256,448.97334542669404,6.505468976383056,295.0681432095855,222.06473230493324,19.898543757599555,180.0869206162877,85.45271739430665,70.05327286080201,7.769568401190663,24.546927786513784
32038906,87.198000,45.315247,183.652076,1054.44,1014.08,1191.94,1016.5,0.32,-0.02,0.29,1.0,0.35,1.0,1395.02,0.28893247018897045,0.5697883002116843,0.00823086283020411,0.18988154903433765,-0.05566080549493518,-0.17537898210203307,326.02934339746963,448.9757306181668,6.511482698447432,295.00131416092233,222.0662724623942,19.911441594929805,179.20531033171605,86.39529981492386,71.26707301870013,7.786441901078391,24.908075384096136
32039007,87.298000,46.154437,182.759485,1054.39,1014.13,1192.29,1016.4,0.45,-0.02,0.29,1.0,0.59,1.0,1395.73,0.28952854841060316,0.5899566259203526,0.004556887481492831,0.2054099223120149,-0.03627395221030321,0.09876420854642066,326.02993697705807,448.9715923571778,6.523331391880346,294.995189025826,222.08154183281763,19.913605470713005,178.3268231460263,87.52637620506108,66.16585546904975,7.788765263616167,25.349954240859837
32039106,87.399000,46.779963,181.916157,1054.54,1014.57,1195.09,1016.31,0.62,-0.02,0.81,1.0,0.3,1.0,1395.85,0.2897723851534239,0.6110475787689802,0.0012294424241388797,0.2133240783448874,-0.031917082511309286,9.685734044806103e-05,326.02893022818165,448.9823673857203,6.51901051087796,295.249241678289,222.02011039709984,19.810123961193035,178.5084310693973,87.67870185992116,66.72971456535204,7.723101240639782,25.543983297815913
32039206,87.499000,47.774556,180.534873,1066.66,1015.66,1193.8,1016.23,0.84,-0.02,0.17,1.0,0.4,1.0,1395.5,0.28970538234880716,0.6326988316295487,-0.0018077125997523473,0.2175063369654522,-0.030040197701466258,-0.08590060277614466,326.02951926047484,448.96763435752365,6.512901767208571,295.8905310943344,221.87363085003378,19.795566596217054,178.92368015245611,88.02924380317704,73.70790401310624,7.559882934163159,26.03050257382261
32039306,87.598000,48.714003,178.956906,1063.29,1014.91,1194.9,1016.26,1.08,-0.02,0.23,1.0,0.22,1.0,1396.14,0.28931540582538046,0.6546956619406517,-0.004943992213953364,0.21271792879735268,-0.02047286169977823,-0.4491100917353538,326.03154498378143,448.97854296877694,6.5064365827987105,295.6316389143182,221.92694412697156,19.938860726930777,178.59555778481524,88.05067329171055,73.53023040803478,7.625970562402249,25.908363755009468
32039407,87.698000,49.734151,177.009703,1062.9,1014.39,1194.12,1016.18,1.33,-0.02,0.24,1.0,0.2,1.0,1396.87,0.28864290714051677,0.6767434212087641,-0.007237106605128875,0.21342725413767655,-0.005062625737222013,-0.3279838222862959,326.02620075395464,448.97042966104874,6.520089737522801,294.4160030182518,222.17915652201185,20.12307320386803,176.57984122149406,88.92243263797987,73.56581999585237,7.93477437890271,25.616114956693174
32039506,87.799000,50.745425,174.884752,1062.86,1014.17,1193.83,1016.22,1.58,-0.02,0.42,1.0,0.07,1.0,1396.01,0.2878561707088498,0.6983853062349065,-0.007922336789055868,0.2127522802077608,0.004516233830887792,-0.231031395982269,326.0298209185514,448.98016895477576,6.4883525891234015,294.5786612968345,222.16736252312097,20.424117874526786,176.07979505653356,89.69086017073784,74.27894393901103,7.894617305391018,26.023069800883118
32039607,87.898000,51.829790,172.468086,1066.16,1014.44,1193.87,1016.09,2.15,-0.02,0.34,1.0,0.25,1.0,1396.17,0.28703993762909064,0.7194573008709237,-0.008267248533064844,0.20735106679458817,0.002081042205485686,-0.22864200963196052,326.02983367032056,448.9741741747437,6.5061467025971265,294.6598316135817,222.13953047163542,20.38516688655382,176.16012998508413,89.71423369346859,74.31227058428438,7.8737531031499275,26.07600595467401
32039706,87.998000,52.847394,170.017497,1065.34,1014.33,1194.25,1016.22,2.48,-0.02,0.37,1.0,0.48,1.0,1395.48,0.28618065567921247,0.7398568202277748,-0.008595295444267043,0.19840941904622522,0.005780525963761642,-0.26493664928063576,326.0355483318962,448.97962104481473,6.50753375531117,294.1825175569673,222.20433851080855,20.39426450856766,175.70669332290075,89.70350536597752,74.14597437660484,7.995501427661668,25.81053664907919
32039806,88.099000,53.945012,167.391760,1067.24,1014.39,1190.43,1016.08,2.81,-0.02,0.4,1.0,0.56,1.0,1395.79,0.28532702464276066,0.7593327071527692,-0.008268941411042868,0.1885097962187135,0.012036239547128912,-0.2751421519365741,326.0284511155378,448.9868950380624,6.488237090175292,294.42098210903157,222.16509093346534,20.45653273538224,175.7655492389412,89.70564364921086,73.9779350819908,7.933043779726308,25.987477837925802
32039906,88.199000,55.063800,164.636889,1067.58,1014.22,1189.12,1016.02,3.15,-0.02,0.33,1.0,0.51,1.0,1396.57,0.28450909750701286,0.7777211171637494,-0.00802818115354633,0.17819601973506818,0.009686632069758843,-0.2785687461329534,326.02875388315556,448.97692440541397,6.511165904502885,294.43178690151956,222.19051966766645,20.519058282788276,175.78297848505156,89.69970487113073,73.92044846861796,7.931663575635342,25.981906193340986
32040007,88.299000,56.178329,161.792878,1068.59,1014.45,1185.94,1015.96,3.5,-0.02,0.5,1.0,0.69,1.0,1397.04,0.2837212601706782,0.7949680252696152,-0.007529063969668832,0.16569398816827252,0.015913313439517327,-0.26458634116271296,326.0244926191809,448.97601207248425,6.522375288747925,292.82197120109373,222.41284991932662,21.115943046124777,174.21767750840064,89.47278365690886,71.8781871862739,8.337270983263299,25.06364083508584
32040107,88.399000,57.293364,158.947649,1072.14,1014.44,1182.24,1015.93,3.82,-0.02,0.09,1.0,0.35,1.0,1396.81,0.2832260444945187,0.8069470534282633,-0.005040439867316988,0.13014863477380065,0.014971134813811885,-0.08319336666187589,326.02762463938143,448.9809808705538,6.528648787622445,292.9773032183723,222.39962710247295,21.328856737019777,174.0738983989145,89.45527421431161,71.47273894260769,8.298929530999253,25.211105584069003
32040208,88.500000,58.411720,156.041729,1071.35,1014.15,1184.45,1015.86,4.12,-0.01,0.17,1.0,0.38,1.0,1397.68,0.2827528645761979,0.8215071480689266,-0.003961526585927179,0.13833513975914766,0.02219194730221968,-0.2519552276722153,326.0185140157916,448.97798799575753,6.504760474469259,291.9206587507972,222.59810308511382,21.664628811840004,173.25024784783204,89.3552001228022,70.84950367812691,8.565632088964431,24.558022223775403
32040307,88.600000,59.526315,153.196853,1071.3,1014.16,1182.16,1016.21,4.4,-0.01,0.18,1.0,0.44,1.0,1398.18,0.2825259254941282,0.8343714806388662,-0.0010300812217340415,0.11738728081385025,0.03182512996856164,-0.21964006836754804,326.0312176443292,448.9801051499959,6.49938871003297,291.5198384224132,222.66210043221758,21.81375711523552,172.6953991363749,89.22380499918377,70.38989429572425,8.670277807946903,24.343942847297228
32040408,88.700000,60.587208,150.481524,1071.31,1014.11,1182.12,1016.06,4.66,-0.01,0.17,1.0,0.2,1.0,1398.53,0.28261398175417546,0.845386598009915,0.0019738256872188936,0.10861836552234092,0.02819467706620418,-0.006669165904806492,326.0293496361307,448.9804128265917,6.500417272748981,292.2919377107715,222.54730826198298,21.68996055523682,173.34222896160844,89.36869537727787,70.46868646304817,8.4744450063993,24.82103933022838
32040507,88.800000,61.654172,147.744083,1071.85,1014.28,1182.74,1015.93,4.94,-0.01,0.62,1.0,1.0,1.0,1397.73,0.2829167596477712,0.8548173185935062,0.00360684432841505,0.08691320554986967,0.011841142966669294,-0.30498419734612164,326.02864338822036,448.9779548866644,6.50870784853029,291.31617172013387,222.7371259476565,21.766069827048554,172.70544797756727,89.17308267792724,70.02933300320218,8.722952693775989,24.160574938066862
32040607,88.899000,62.743883,144.954463,1079.66,1014.79,1174.27,1015.67,5.17,-0.01,0.17,1.0,1.0,1.0,1396.97,0.2834266097822259,0.8626914450685865,0.0059755752341776455,0.07244686755354665,0.01950013361770487,-0.21220140629897288,326.02301729567694,448.97724138372206,6.508784534967918,291.08914756826425,222.73613297008586,21.87122722610076,172.4043940472958,89.1684093943651,69.83135057213003,8.777713727317645,24.06801910340678
32040708,88.999000,63.849570,142.122450,1076.74,1014.41,1170.76,1015.34,5.37,-0.0,0.32,1.0,1.0,1.0,1396.27,0.284166503283522,0.8689926181848738,0.007690017892421734,0.05387307672321002,-0.00035310734294319784,-0.2719458546035904,326.02312380246724,448.97992417351634,6.513944555461592,289.9445610455325,223.04782436950364,22.769924959443557,171.4084291756624,88.8208412345541,67.90321735481696,9.072825623637964,23.302139802634613
32040808,89.100000,64.852166,139.615564,1077.02,1014.24,1165.14,1015.49,5.55,-0.0,0.34,1.0,0.72,1.0,1396.81,0.28513919329881615,0.8737766061959298,0.010885395009244514,0.04123174430010839,0.029668338757735595,-0.21197324099758838,326.0268811067215,448.9752490096582,6.504646870445052,287.2549267921958,223.55547897099044,23.269500828407658,168.88864523773188,88.40411732171295,65.31387380729232,9.759320504947164,21.693406935864733
32040907,89.200000,65.851657,137.225902,1076.73,1014.34,1163.32,1015.68,5.73,0.0,0.49,1.0,0.84,1.0,1397.3,0.28616389894965,0.8760485310691956,0.01612544845977146,0.02587585503030331,0.11010392688439521,-0.17823677456381748,326.020842023648,448.9864346444431,6.524839626089447,287.0557649349098,223.6497424556203,23.73376106526972,168.43628369438204,88.3802660329865,64.41802636173156,9.810535393673797,21.626854332209266
32041008,89.300000,66.860082,134.874617,1083.67,1014.61,1158.7,1015.47,5.93,0.0,0.19,1.0,0.62,1.0,1397.04,0.2885957099059113,0.8770422023929876,0.02180907667371872,-0.002114630711866256,0.033939912652983066,-0.18957933856053275,326.0243445312657,448.988771786873,6.517529602334,286.9099394594307,223.68531703019312,24.029865763782155,168.58431754184755,88.00159949028684,63.58694386963488,9.848822439357953,21.393042919981767
32041107,89.400000,67.562144,133.201249,1081.55,1014.26,1157.45,1015.64,6.17,0.0,0.12,1.0,0.39,1.0,1397.58,0.29107055420258915,0.8756576213567379,0.026335365935168505,-0.020974725028158978,0.014645424244175935,-0.17525893840511633,326.02481910365947,448.976891781832,6.506378728414534,285.2602490246167,224.01280099685238,24.545111589942103,167.51563704537634,87.31348427727909,61.35994084890326,10.270822484941002,20.19799674291706
32041212,89.499000,68.659237,130.833757,1081.64,1014.16,1157.8,1016.1,6.34,0.0,0.12,1.0,0.39,1.0,1398.25,0.2940362054721409,0.8722527763213025,0.030414536292537788,-0.040304205797359924,-0.017194933477996402,-0.11352351850091011,326.01707999274157,448.98328104704996,6.512389138656509,284.6129127146101,224.15819845548813,24.79864262460187,166.8443927989365,87.18797118108003,60.82011318823109,10.434769074451557,19.819770216660213
32041310,89.604000,69.603097,128.759933,1081.6,1014.15,1156.72,1016.09,6.67,0.01,0.11,1.0,0.38,1.0,1398.73,0.2975106878754867,0.8668456824573848,0.03535793601308401,-0.058951127217214024,-0.1878046693735957,0.20506254610486763,326.0246756106137,448.9774028344783,6.518591938258413,285.0861585531073,224.0412467844217,24.7033067618929,167.1490953670046,87.27627389035197,61.005676754347,10.314963896265755,20.142382134280965
32041409,89.702000,70.617523,126.633964,1081.39,1014.15,1157.32,1016.09,6.85,0.01,0.12,1.0,0.35,1.0,1398.93,0.3013314627317051,0.8599277744582339,0.03896786183790261,-0.0734873874237891,0.00915211029964275,-0.09204982520421526,326.02562286409704,448.9780909873887,6.505274001670123,284.9417377463276,224.04835148172438,24.71158165325527,167.41553816180084,86.86927931976435,60.61762407531387,10.351089679679932,19.885662324690824
32041510,89.801000,71.624385,124.568079,1081.86,1014.21,1156.89,1016.09,7.0,0.01,0.59,1.0,1.0,1.0,1398.12,0.3053752881473058,0.8518269407993909,0.041200065258301985,-0.08525019528093994,-0.03559757019736584,0.0012036396829547004,326.01886977173933,448.98691479997325,6.49934545614926,284.7617215595146,224.10485407328633,25.030782483719335,167.23515753228676,86.79537056847934,60.24023559401428,10.395949458716808,19.769133105544935
32041610,89.903000,72.640549,122.586559,1089.61,1014.73,1149.71,1015.68,7.16,0.02,0.25,1.0,1.0,1.0,1397.26,0.30959037341820694,0.8427087547212619,0.042074339651680476,-0.09313779419619746,-0.026870711368653186,0.005178365946192505,326.01859886758587,448.98450358981734,6.502101864682121,285.18365695195007,224.026132762356,25.02469702259518,167.66008476245798,86.77563277877009,60.36814513530687,10.288430648849909,19.995611872789713
32041710,90.001000,73.627735,120.756168,1087.1,1014.33,1145.26,1015.56,7.29,0.02,0.22,1.0,0.71,1.0,1397.85,0.31385850973179746,0.8329357993299086,0.04254779560374245,-0.09938474952162339,-0.2441184755035641,0.5095469987319035,326.01813346060635,448.98024599441226,6.515842397003921,283.51620719582843,224.41116455069638,25.525847217243076,166.65097761730982,86.13014820407008,58.62734764664034,10.71703547902023,18.768034529234203
32041810,90.103000,74.650389,118.953668,1086.91,1014.2,1142.76,1015.8,7.42,0.02,0.23,1.0,0.44,1.0,1398.37,0.3182160202859811,0.8224230102919563,0.042147552003856274,-0.10349088987444803,-0.09845782716210574,0.19462102839844508,326.0204456498527,448.98067790772143,6.502485304764675,282.468479887388,224.61780713817208,25.94832871680421,165.55395221875668,85.98148116855113,57.601205894775525,10.985294305597444,18.170953869580874
32041909,90.202000,75.551261,117.470252,1086.9,1014.25,1143.56,1016.0,7.57,0.03,0.48,1.0,0.81,1.0,1397.69,0.3227678741941717,0.8109793125154461,0.04552276491033534,-0.11589478157345742,-0.03307095600729376,0.045945235212011326,326.0211549636675,448.9967432652195,6.514053270189513,282.90996805097865,224.5538397514907,26.04853102509338,165.9087444607817,85.93712705191535,57.41041780212206,10.87299373598987,18.420482716433156
32042009,90.302000,76.496170,116.032240,1092.24,1014.47,1137.55,1015.8,7.74,0.03,0.3,1.0,0.78,1.0,1397.56,0.3274198970526083,0.7989168753547482,0.045910361919501555,-0.12023974543375808,-0.021617508185932884,0.025822058870157774,326.0200762481836,448.9852957854674,6.5303543739131555,282.6147637247481,224.6090271101363,26.19757650244338,165.7229991396854,85.882510841493,57.167158655313486,10.948560830578828,18.22056067645719
32042110,90.402000,77.182802,115.034074,1090.24,1014.26,1135.42,1015.84,7.9,0.03,0.34,1.0,0.55,1.0,1396.74,0.33208795249605777,0.7865120838088556,0.04669900036177552,-0.12509511478315197,-0.010669006276484158,0.002942861128837562,326.01819583143356,448.99189130122903,6.5160685569020655,281.7110239286398,224.89866209300325,26.469175346361617,164.9580970508038,85.74765948420192,56.050709572432396,11.184134387449426,17.629646388083614
32042209,90.502000,78.059481,113.925163,1091.12,1014.2,1133.19,1016.03,8.07,0.03,0.32,1.0,0.44,1.0,1397.07,0.3368066149257636,0.7737365339368333,0.04742604092594952,-0.1290940420844975,-0.05175764811094119,0.123505452764392,326.02055402424287,448.9787626737177,6.513784385425009,280.36920423998697,225.22354453644354,27.09053561485429,163.72789642348945,85.53602830466977,54.604062055462556,11.531429684971304,16.799561402095243
32042310,90.601000,79.037086,112.685728,1090.83,1014.23,1133.6,1016.1,8.28,0.03,0.31,1.0,0.32,1.0,1397.59,0.341655767324321,0.760454250808217,0.04839261123412042,-0.13297891275327098,-0.036578138292749966,0.08944612327210186,326.0203649221717,448.99401991166434,6.507625472495354,280.4202957370048,225.2448954093985,27.163729918723494,163.7007568357838,85.51106540204216,54.53199617307877,11.519128046017872,16.833720157995884
32042409,90.702000,79.937291,111.639115,1090.18,1014.3,1133.87,1016.08,8.28,0.03,0.53,1.0,0.72,1.0,1398.06,0.3465930804957389,0.7468231449986645,0.04913301103753543,-0.13599406653281795,-0.04343166995416821,0.11131410576789223,326.0209999942178,448.9822389106985,6.525940202381724,280.0428205302314,225.3466751877616,27.253698639722778,163.48228861039087,85.48043168118323,54.4344059853914,11.617795652073353,16.571268096349815
32042510,90.800000,80.822733,110.680931,1098.41,1014.45,1128.78,1015.9,8.52,0.04,0.17,1.0,0.47,1.0,1397.6,0.3515555888134012,0.7330384575377678,0.049324080894427816,-0.13727392605616098,-0.05922570277586589,0.1580887893814972,326.0092791244611,448.9935637646319,6.517471672522641,280.10265913441435,225.3387035077735,27.436054777803395,163.4929675250612,85.4549978046318,54.250278750565606,11.59923068967601,16.616762240923606
32042610,90.901000,81.703655,109.803459,1096.13,1014.15,1129.9,1016.06,8.77,0.04,0.12,1.0,0.3,1.0,1398.13,0.3564866511543536,0.7192744944942038,0.048657762265564314,-0.13605571815071507,-0.0520352108195512,0.13916048543979717,326.0154326071477,448.98773057070315,6.499377996694791,279.2779502770833,225.48698155523115,27.72004113054296,162.79455983029104,85.33371757029394,53.22825627440514,11.811235699889863,16.107985651090416
32042709,91.002000,82.557076,109.026403,1096.09,1014.04,1129.61,1016.09,8.98,0.04,0.31,1.0,0.69,1.0,1397.43,0.361349444008126,0.7056558592713105,0.0482314964354223,-0.1350947367381335,-0.03596280754589854,0.1016771834536238,326.01876303171196,448.9829375618571,6.52059561737061,278.4945946974854,225.73780831340238,27.936849420021147,162.18882470669453,85.22977300585325,52.64418649826613,12.01490015565155,15.58651632801508
32042810,91.102000,83.427779,108.337730,1095.66,1014.18,1125.36,1015.95,9.19,0.05,0.38,1.0,0.46,1.0,1397.97,0.3662320221716076,0.6919900096725082,0.04834583917566054,-0.13524951009141778,-0.05015016846265919,0.14217069868562524,326.0173717027496,448.99457490866007,6.501362684888906,279.4920713926734,225.47266703163547,27.78171147204349,162.79438343911858,85.33648696422154,53.212153446079355,11.75802846626479,16.269610858682
32042910,91.202000,84.266245,107.787882,1098.1,1014.28,1126.28,1016.06,9.41,0.05,0.33,1.0,0.35,1.0,1398.12,0.37102589439148714,0.6785784438769844,0.04711515473332268,-0.13184515960263085,-0.05036909876521147,0.139812862112117,326.016022171981,448.99907987462905,6.4945917075533615,279.22108378809617,225.53095873563308,27.804280498441095,162.71191014396206,85.28838183205184,52.95963011770313,11.82702502567657,16.06469866254053
32043010,91.303000,85.108088,107.326742,1097.32,1014.01,1124.99,1016.13,9.91,0.05,0.28,1.0,0.46,1.0,1398.24,0.3756498460249652,0.6656341809962647,0.04528948345160099,-0.12676403908495654,-0.03908224263830253,0.11112886575048429,326.01272563001817,448.98691349899724,6.5070063046940305,277.42999221904773,226.05085707194758,28.35053338148913,161.19729124028123,85.04967221519453,51.583212468475516,12.293820250308672,14.912430596010989
32043110,91.402000,85.671298,107.074684,1096.43,1014.13,1125.01,1016.12,10.15,0.05,0.49,1.0,0.4,1.0,1397.39,0.38022669354006905,0.6528590595738879,0.04520017360967442,-0.1259335846185709,-0.03689217913144807,0.10872053580179258,326.01783821268776,449.0046014958597,6.515642703757935,278.30115838021885,225.88885188562776,28.36452008727012,161.83485440993306,85.1527800338493,51.969726558341605,12.071715590943526,15.466066328046395
32043209,91.502000,86.504104,106.765228,1104.34,1014.38,1123.6,1016.07,10.44,0.05,0.27,1.0,0.52,1.0,1396.98,0.3847093632873701,0.6403913958534294,0.04425485266304431,-0.12297330761828691,-0.03978958444486962,0.11389934209445747,326.0174203324486,448.9972489074692,6.515235387983839,277.29815218196666,226.09569909675767,28.525132589042034,161.22044655256698,85.02688617685698,51.373640039409494,12.329165251104785,14.790739908790986
32043309,91.601000,87.289650,106.573271,1102.17,1014.16,1122.29,1016.19,10.75,0.05,0.16,1.0,0.25,1.0,1396.59,0.38904952207043225,0.6283564840133671,0.04262333581446768,-0.11798696215423854,-0.043774810685859526,0.1278273305959384,326.0217126540589,448.995437455549,6.487483658154902,276.8930217528831,226.18844254971802,28.925356406887605,160.68269197284144,84.95879798427441,51.02063155641946,12.434679332108479,14.579780618421811
32043409,91.702000,88.023695,106.600633,1101.91,1013.98,1122.94,1016.22,11.06,0.05,0.28,1.0,0.38,1.0,1395.4,0.3933118060530548,0.6166031459744051,0.042534637756131186,-0.11701244917922614,-0.017440854890239534,0.05559265735804618,326.01375048825923,449.0001507125001,6.484998930176644,276.96308193672814,226.16003886304858,28.946987842694988,160.72744700502454,84.98061906095832,50.72398770444477,12.41375650184497,14.637746961552505
32043510,91.801000,88.721601,106.864178,1101.88,1014.08,1122.7,1016.15,11.39,0.05,0.35,1.0,0.39,1.0,1396.06,0.39746131837644755,0.6052290023134632,0.04085569905778869,-0.11176922644681558,-0.036393955493268085,0.10508965879009056,326.0190967028693,448.9951444449974,6.494598233055543,276.7532919383896,226.27591174972244,28.925215958634364,160.58007423985913,84.93672437694244,50.78301443582434,12.473058962336147,14.472249521862295
32043609,91.903000,89.376471,107.367590,1102.22,1014.21,1122.65,1016.14,11.69,0.05,0.4,1.0,0.35,1.0,1396.76,0.4014725924753253,0.5942882035235169,0.03963161944096791,-0.10789413318725484,-0.015061806283310495,0.046397083763331376,326.0160794660515,448.99875924314813,6.509189055808434,276.8661269382991,226.2206453960519,28.999714653244055,160.6406524818649,84.94460720654,50.91627396741377,12.441455740146614,14.560658088088044
32043709,92.001000,90.011499,108.165433,1104.24,1014.14,1122.8,1016.06,11.99,0.05,0.27,1.0,0.37,1.0,1396.93,0.4053125262758672,0.5838653164226376,0.03638566785418805,-0.09858415752351897,-0.0388684112019232,0.11005187689148291,326.0115117864549,448.99450415666826,6.500549127516052,276.8040198647899,226.2539514398345,29.082508806965574,160.63054581986304,84.93305809749015,50.82199933132706,12.45760135835966,14.506864870755997
32043809,92.101000,90.500573,109.117645,1103.59,1014.15,1122.74,1016.11,12.28,0.04,0.37,1.0,0.27,1.0,1395.79,0.4089490509340974,0.5740393842844582,0.036091340088953275,-0.09735005910811446,-0.02273842427343208,0.06634086148922318,326.01594883089217,448.9963022254131,6.499612565256028,276.5970055201523,226.2573507207026,29.07078175274394,160.47774219334545,84.95807860052135,50.669294407229586,12.50953886556368,14.39417198669257
32043909,92.200000,90.962879,110.356839,1105.0,1014.21,1122.81,1016.11,12.53,0.04,0.36,1.0,0.18,1.0,1395.75,0.41238377808415716,0.5648045151487807,0.03291739972178274,-0.08833472981799911,-0.053561346895787926,0.1482620311403368,326.0227231653609,448.99896797644897,6.506772122476175,276.7212512872843,226.24490783392122,29.099729387320583,160.532534615529,84.97749857836216,50.65524468855458,12.479915839461968,14.47656329986555
32044009,92.300000,91.368504,111.874064,1104.89,1014.19,1122.91,1016.15,12.74,0.04,0.33,1.0,0.07,1.0,1396.02,0.4156036339847445,0.5561902745525936,0.031235582387467948,-0.08341569036712627,-0.0596689087535624,0.16332268433031724,326.01593077934547,448.99759435719596,6.492376177029491,276.6856242858042,226.22600513658273,28.915994595982692,160.5216253099658,84.97536753411272,50.66461418729059,12.486034267890163,14.461683336068301
32044109,92.400000,91.723180,113.681028,1105.16,1014.19,1122.88,1016.08,12.93,0.04,0.35,1.0,0.06,1.0,1397.24,0.41786438706914547,0.5501671016123634,0.024350304044625647,-0.06479181247924726,-0.02402905718975831,0.06677434344168942,326.01660261230967,448.99869424543226,6.494437970998771,276.47765371300005,226.30176735128356,29.168839184248814,160.34430684130996,84.95468482387172,50.42100311833462,12.541247956600117,14.324654399167109
32044209,92.501000,91.993428,115.736055,1105.21,1014.15,1122.98,1016.07,13.11,0.04,0.39,1.0,0.23,1.0,1397.81,0.4206862600603522,0.5426850760675117,0.026984814072490655,-0.07138002561091954,-0.06174466340833173,0.1682116374768163,326.01579789712184,448.994156791556,6.504278567057646,276.56059108727754,226.25775839998784,29.119546605555023,160.34895336399606,84.97992694896398,50.82168253797243,12.518568047692758,14.402729901006627
32044309,92.601000,92.228668,118.052512,1107.08,1014.16,1122.78,1016.1,13.29,0.04,0.33,1.0,0.42,1.0,1398.24,0.42328482171037946,0.535839867631539,0.02493267357807078,-0.06552133715573669,-0.019822068299239635,0.055983847479615816,326.0122029293885,448.99633899663036,6.505096845368511,276.5589683451523,226.26136475364396,29.123207969670855,160.358918460925,84.97087600525775,50.8451880614937,12.518162072218121,14.398220562874883
32044410,92.702000,92.422520,120.577514,1106.7,1014.09,1124.88,1016.21,13.46,0.04,0.32,1.0,0.4,1.0,1397.12,0.42565265165058264,0.5296405639150179,0.022976631360819108,-0.06001610190375712,-0.03132513775934908,0.08547658541175665,326.01369215990223,448.9953719243175,6.506393173089663,276.4273881553675,226.30846320936186,29.233807085724795,160.2739239468315,84.93592429669624,50.490683700919845,12.55340338022142,14.300150451299462
32044509,92.802000,92.574800,123.245810,1106.69,1014.12,1123.89,1016.19,13.6,0.03,0.34,1.0,0.75,1.0,1397.35,0.4278112573615364,0.5240227662276696,0.020729662400758193,-0.053823181834185815,-0.03312083417956313,0.08942613095474228,326.01275491735316,448.99005162012935,6.519914295924732,276.7107583546068,226.2081581013827,28.963674406011815,160.47216304204719,84.9810930635577,50.76611349892252,12.478534135524017,14.499421384166286
32044609,92.900000,92.704626,126.186904,1107.03,1014.09,1133.54,1016.63,13.73,0.03,0.33,1.0,0.35,1.0,1396.98,0.42975724201130916,0.5189893063013991,0.01830839785684814,-0.047248781573780915,-0.03905546380872054,0.1035135873564919,326.0129547997192,448.9907799975978,6.500174526339526,276.83326490189404,226.20543891153747,28.924901767068786,160.5740891938731,84.95759870948622,50.96587436061803,12.448357379436613,14.560616706248613
32044709,93.001000,92.813694,129.147489,1107.11,1014.07,1130.42,1016.34,13.92,0.03,0.32,1.0,0.25,1.0,1397.64,0.43145760619746804,0.5146164337536305,0.015974281780214643,-0.04098112666573273,-0.0350366545858767,0.09273904991473456,326.02118954591623,448.98671650954327,6.518170958750473,277.5045164799655,225.9248989142922,28.817293544305226,161.04280280265974,85.03529095737875,51.8372686816093,12.27089884171494,15.035908945124394
32044809,93.101000,92.926882,132.301393,1106.83,1014.06,1130.74,1016.0,13.97,0.03,0.31,1.0,0.31,1.0,1398.22,0.4328636351823669,0.5110283676822177,0.012450928771626324,-0.03163928178019603,-0.05206347228576923,0.13631912237468646,326.0149379801662,448.9865563742486,6.495283002070587,278.22597304928195,225.77748339845823,28.68362711057886,161.7443212889748,85.1454117665264,52.20429465602553,12.084559242183277,15.464893377345074
32044909,93.201000,93.036149,135.405309,1106.89,1014.08,1130.6,1016.17,13.95,0.03,0.32,1.0,0.31,1.0,1398.61,0.4339071225430482,0.5083889105025864,0.009253493936479833,-0.02336333998068486,-0.03591600340070713,0.09180214247112058,326.02055642639056,448.9986499473767,6.505872059046728,276.996284714182,226.08044143693283,28.742463612608915,160.8594515521091,85.04537778885826,51.57369571968359,12.403070743501814,14.663972604531075
32045009,93.301000,93.156819,138.668536,1107.08,1014.05,1130.59,1016.34,13.97,0.03,0.36,1.0,1.0,1.0,1398.8,0.43472853016758356,0.5063256000259913,0.007389298468075052,-0.01847218021713649,-0.02847853577922343,0.0742273655236209,326.0164745337378,448.99329760123845,6.492192769586135,277.7974508187442,225.92759620268092,28.715768986715403,161.28279161566425,85.10294654459757,51.88483512409408,12.197671754263727,15.208129116570802
32045110,93.401000,93.291158,141.760752,1107.86,1014.16,1141.86,1016.7,13.97,0.03,0.33,1.0,1.0,1.0,1397.96,0.4353375371351704,0.5048236419451019,0.005022872731785811,-0.012230331137397675,-0.022763295686000266,0.06049594167363462,326.01240455179294,448.9878032435591,6.501454410055052,278.2310955572967,225.79405829766372,28.762306206168077,161.60864514077753,85.17806478251019,52.017421466933186,12.08567962921877,15.499877578340254
32045210,93.501000,93.460605,144.994881,1108.12,1014.06,1147.97,1017.03,13.91,0.03,0.31,1.0,0.96,1.0,1396.13,0.4356675716479062,0.5040507224991397,0.0023804254051715554,-0.005324948480005583,-0.023134125751930888,0.06030542383773029,326.01429087434235,448.97921521565115,6.490013691643066,277.6122562092983,225.85027281222168,28.32998246634443,161.38393105498247,85.14930552873199,52.249013179283615,12.23920785489527,15.080548226478442
32045310,93.602000,93.656892,148.096271,1108.31,1014.13,1153.68,1016.95,13.85,0.03,0.3,1.0,0.76,1.0,1395.36,0.43575551822442526,0.5039051790267604,-0.0002699844280664513,0.0015287391625088006,-0.038444539597709264,0.10020880055205017,326.0190376025381,448.98604411816234,6.483012866601067,280.78298171338525,225.0845190884109,27.501101707711623,163.59540342364525,85.70973689932752,55.46448659292762,11.422028247645185,17.213370177035838
32045410,93.702000,93.890872,151.040948,1108.31,1014.08,1158.56,1016.72,13.78,0.03,0.32,1.0,0.62,1.0,1394.48,0.435395202564236,0.5049230665965887,-0.00562596293360009,0.015403369574163255,-0.052240274866868525,0.13424864799027475,326.0107713672698,448.9672199876155,6.475182534727242,280.6810990548785,224.9984864941887,27.21824594760153,163.52982280161243,86.21579557592652,56.44875805586735,11.441699227582507,17.28547204387293
32045510,93.802000,94.166802,153.753353,1108.52,1014.13,1159.76,1016.53,13.64,0.02,0.31,1.0,0.34,1.0,1394.85,0.43455281524479267,0.5072134770703625,-0.009888856363257146,0.026993331521399693,-0.03204000959974143,0.09169130416992624,326.01918620068835,448.9790394757786,6.491477890473683,280.9513544836866,224.92513510676991,26.891073304137162,163.3890974291562,86.55645980865135,57.685258155960334,11.37312414302046,17.60599778243655
32045610,93.903000,94.489019,156.274950,1108.06,1014.19,1158.82,1016.12,13.42,0.02,0.32,1.0,0.45,1.0,1394.3,0.4333279917011711,0.5106110848319134,-0.013688919677437288,0.03846824402310383,-0.0338888245142725,0.11210816574796698,326.01508033805374,448.9843251719087,6.468023011755038,281.60413553958927,224.81790455834485,26.795190340383606,162.76363185843903,88.15474270297591,59.004371588051825,11.20609905336377,18.597598211894518
32045711,94.003000,94.857995,158.528599,1107.86,1014.19,1160.59,1016.4,13.2,0.02,0.41,1.0,0.95,1.0,1394.9,0.43169011260704315,0.5153587606934265,-0.017429082406065805,0.05142853010602139,-0.007813832722081164,0.04902295669292727,326.0176033676175,448.9800572568383,6.496108385973205,279.67604891856547,225.25500163007968,27.241436841266175,160.54841865637854,88.6572494154571,58.383971912313164,11.702534907091023,17.686786996717462
32045810,94.103000,95.258386,160.494348,1110.94,1014.16,1169.21,1016.7,12.99,0.02,0.3,1.0,0.67,1.0,1394.24,0.4298429946298847,0.5210475965695834,-0.018455293385218265,0.05868085216299523,0.00209918033294764,0.048608478597747806,326.0151580594659,448.9885877292846,6.499856009587125,281.14145937004656,224.92200964490146,26.925194513706543,160.77385152349152,89.65205664924439,60.65184589380533,11.324778318377918,19.014172092073533
32045911,94.203000,95.701093,162.246020,1110.29,1014.14,1169.1,1016.35,12.85,0.02,0.26,1.0,0.22,1.0,1395.04,0.4279004502999081,0.5275506537515123,-0.020223875944498308,0.06933156955324299,-0.03751384507534892,0.1662670305165492,326.01670135971955,448.9858500082704,6.480308517568435,281.9935401990037,224.66681336289486,26.674382005124937,161.31337986217687,90.23462277264908,61.70310844168202,11.10332424340062,19.707764251755602
32046011,94.303000,96.168004,163.699664,1110.07,1014.2,1168.51,1016.27,12.7,0.02,0.26,1.0,0.53,1.0,1395.9,0.4257568826088481,0.5350972861675907,-0.022106086970350287,0.07887838427694337,-0.00022224882375187423,0.0278679482270321,326.01627269143694,448.9814167448696,6.493538832687547,281.9061369674597,224.72681528313203,26.663650046579768,161.0253364764456,90.6611249767376,62.26794534289416,11.127830619213773,19.783850372225043
32046111,94.404000,96.510700,164.620896,1110.15,1014.08,1172.04,1016.4,12.54,0.02,0.38,1.0,0.7,1.0,1395.28,0.42402321155412703,0.5414066298295995,-0.01925551809009647,0.07089796680471626,-0.0011190204626632236,0.033155336380881376,326.009306115899,448.9856933925675,6.471357908236084,280.9296203719775,224.94574056306428,26.871924444974994,159.5507236114298,91.25251410387929,61.678203589252334,11.376727524614596,19.482574842256515
32046211,94.504000,97.028102,165.617213,1111.62,1014.01,1176.98,1016.61,12.41,0.02,0.33,1.0,0.49,1.0,1395.22,0.42167016215898623,0.5504068178752197,-0.023271501249413185,0.0912008245950293,0.0163734419983113,-0.003767725322181667,326.0156654496584,448.9858064259479,6.491117652635771,282.0730822157567,224.6534868646318,26.593969210803007,159.8805209327812,92.13185892457615,63.92511122810529,11.082864883772515,20.512107304939363
32046311,94.604000,97.535065,166.362958,1111.18,1014.21,1175.62,1016.29,12.27,0.02,0.35,1.0,0.41,1.0,1394.64,0.419297216038064,0.5600246739073922,-0.023968409416478643,0.0986174622403929,0.03926321255848174,-0.1264347177879775,326.01279211879256,448.9831407791018,6.497414043329197,282.63991250099366,224.52468716092565,26.379249026234913,160.34761986355838,92.3302716746478,65.0117737029971,10.936668182335813,20.898398793740345
32046411,94.704000,98.082932,166.912418,1111.68,1014.21,1178.18,1016.31,12.21,0.02,0.33,1.0,0.53,1.0,1394.95,0.41680790520685734,0.5704168756359573,-0.02506353666138743,0.10541032768422695,0.006458491934247429,-0.006678842743517779,326.0080904474378,448.988554603068,6.485241201223556,282.46002358971805,224.52934822689326,26.363722114640854,160.17355095971843,92.46665491651788,64.81952578467488,10.979735021165125,20.8393802547336
32046512,94.804000,98.608152,167.250623,1111.22,1014.16,1178.32,1016.24,12.17,0.02,0.42,1.0,0.31,1.0,1395.77,0.41423572953547944,0.5813912410577101,-0.025710473215149608,0.11082131818178831,0.007649510709679126,0.0022338981876855626,326.00966260609437,448.98734700766386,6.491966717885133,282.2123175927634,224.61181276914937,26.4803142724602,159.1454847928719,93.44395381778165,65.40321981330779,11.04506120339987,21.084801678343613
32046612,94.904000,99.156643,167.452570,1114.8,1014.18,1178.81,1016.14,12.21,0.02,0.29,1.0,0.51,1.0,1395.88,0.411674397025583,0.592702848125879,-0.025298906394021402,0.11330096310328135,-0.0003491091393697441,0.04135636264971992,326.0162473181649,448.9902548415495,6.489931789676953,282.5988758576293,224.49010385822774,26.476430470941867,159.35975255204914,93.66304214211104,65.79122366779907,10.945631836838857,21.398049597987743
32046712,95.004000,99.708338,167.496991,1113.84,1014.08,1180.3,1016.31,12.22,0.02,0.32,1.0,0.26,1.0,1395.45,0.40912277388176566,0.6043323201875679,-0.025741101324187395,0.11841927860848285,-0.028530574908089395,0.15887433553490968,326.0209071549188,448.98815118337836,6.485623280021159,282.19144873863075,224.5942410631519,26.423891758282103,158.99017739280956,93.70998987939467,65.6272241185437,11.052077527735564,21.163876016778364
32046812,95.104000,100.315537,167.357420,1113.63,1014.04,1179.54,1016.18,12.22,0.02,0.38,1.0,0.38,1.0,1396.11,0.40661065891318326,0.6160928700460652,-0.024475626985149542,0.1159692792872874,0.02374172307043673,-0.07327720693630076,326.0163373848343,448.98745925425806,6.477892488624041,282.33064019338775,224.5738387220077,26.540044899765114,158.79549544619988,94.07105852954169,66.10606926426405,11.015770929802489,21.39736971586531
32046913,95.204000,100.867709,167.067901,1115.08,1014.17,1180.1,1016.16,12.26,0.02,0.36,1.0,0.39,1.0,1396.73,0.40418966775626397,0.6278031243760911,-0.023827187258548214,0.11663915431544089,0.01048231087265784,-0.014947416734602363,326.0129564546461,448.98621151161626,6.481862629453548,282.22396594010695,224.60123506911881,26.572836522975294,158.4102720248655,94.57127588730052,66.64882370437122,11.0425528426639,21.512083611791088
32047012,95.306000,101.467706,166.678203,1115.04,1014.0,1179.64,1016.24,12.32,0.02,0.34,1.0,0.35,1.0,1397.44,0.40186271337004276,0.639437703592177,-0.022846309113600288,0.11591211356006843,-0.006337448796643654,0.07972140805883858,326.01273950063063,448.98595303242354,6.499732397116204,282.0211803432444,224.63584733198243,26.62533627235822,157.97349087176767,94.66236699425602,66.65397784911482,11.103281449722958,21.475543537355072
32047112,95.404000,101.877844,166.410179,1115.3,1014.15,1179.65,1016.15,12.46,0.02,0.41,1.0,0.35,1.0,1397.85,0.40021744903104245,0.6479794937235278,-0.017793197795022097,0.09346101631055133,0.016981051943617976,-0.05326328148545858,326.0159954263466,448.98991977358537,6.464586025503295,282.28519709227265,224.5737897608246,26.630551264865865,158.1326269716335,94.78824579798236,66.83349938255586,11.026744725202986,21.67575721223913
32047213,95.504000,102.417770,166.050014,1117.22,1014.1,1179.81,1016.16,12.46,0.02,0.3,1.0,0.35,1.0,1397.98,0.39815210435557996,0.6590857696989547,-0.020305153201530205,0.11062648946271268,0.03632805428567822,-0.15895259387005095,326.0180288137335,448.9869269410901,6.485559000089295,282.07036420673614,224.61786308665637,26.64727531884246,157.9846624519075,94.7832213234787,66.6534066330721,11.082344460351091,21.538314825006346
32047312,95.606000,102.926285,165.732818,1116.58,1014.13,1179.62,1016.25,12.69,0.02,0.37,1.0,0.3,1.0,1397.25,0.3962334582180831,0.6697866834455498,-0.0184862379345515,0.10478533258132157,0.024320344015911353,-0.08949688144227408,326.01011313851853,448.98399780602386,6.480601268442178,281.94611858009193,224.65099694772235,26.661061999653473,157.77835225930664,94.80334984939863,66.49145135098479,11.11269223790531,21.493673666483232
32047413,95.704000,103.395595,165.443430,1117.42,1014.15,1179.52,1016.13,12.92,0.02,0.36,1.0,0.29,1.0,1397.6,0.3944988815663143,0.6799193101543989,-0.016561232641617112,0.09856381021222232,0.02269157908027822,-0.08645242551046277,326.0150268343639,448.9827345209432,6.470399062632928,282.22742351474517,224.60162048431752,26.692844127484776,157.8641449898433,95.0083771326018,66.81456054384618,11.042397027091118,21.735426990355666
32047513,95.805000,103.846799,165.172605,1117.67,1014.13,1179.52,1016.14,13.14,0.02,0.35,1.0,0.27,1.0,1398.12,0.3929356952149366,0.6894713463767229,-0.015075345718178989,0.09352510199652213,0.012427150365603004,-0.040349519308137724,326.01012714135504,448.98727057580123,6.475847612996949,282.0686659194371,224.62723856775418,26.727498618389816,157.79821702429183,94.99692066342048,66.79834846625806,11.08125389136191,21.628152556465672
32047613,95.906000,104.235013,164.959586,1118.14,1014.18,1179.46,1016.22,13.31,0.02,0.39,1.0,0.25,1.0,1398.51,0.3915241794442202,0.6984530951001053,-0.013886737669254396,0.08989526819814576,-0.008231045369981345,0.09567646143507837,326.01726506523744,448.98672378314217,6.486262133234959,281.8712741726311,224.68773012747513,26.79923525392815,157.5914725880281,94.99753157488725,66.77616265738591,11.134500886778095,21.5105941250331
32047714,96.005000,104.569693,164.806155,1119.04,1014.16,1179.46,1016.19,13.48,0.02,0.33,1.0,0.24,1.0,1398.8,0.3902794896192962,0.7067788589457413,-0.011972846895963488,0.08206495669800377,0.012589476303653317,-0.02718197775947752,326.0157905317087,448.98442971171164,6.4777585751610784,282.0354479080389,224.6360817184717,26.78543747034564,157.6187580216373,95.10198216232236,66.62686222262339,11.091379373325331,21.66281956790224
32047813,96.106000,104.872519,164.706289,1118.81,1014.16,1179.5,1016.2,13.64,0.02,0.34,1.0,0.23,1.0,1397.93,0.38921143453052554,0.7144046280912266,-0.010073943258036162,0.07366533645837887,0.018491468888553533,-0.0873486871308759,326.01563558892286,448.98658056163043,6.488069987768793,281.62971532941356,224.74097729310867,26.915170982313324,157.15569135096908,95.21538409564153,66.60555491815376,11.196089494377926,21.468467149498686
32047913,96.205000,105.141354,164.664442,1118.81,1014.16,1179.24,1016.19,13.8,0.02,0.39,1.0,0.23,1.0,1398.03,0.3883094646600031,0.7213588985138474,-0.008346017535845705,0.066985911393289,0.023074061401970897,-0.1061483596617508,326.0145195830749,448.9808563087338,6.456189574554345,281.6213795266494,224.75658415503736,26.933639877757763,157.08833573298398,95.2541740640615,66.62326585885852,11.19890298970727,21.481533883624355
32048013,96.305000,105.364063,164.670930,1120.5,1014.21,1179.49,1016.1,14.04,0.02,0.3,1.0,0.22,1.0,1398.05,0.3875867359620231,0.7275989231208276,-0.00659733091591875,0.05968357856361274,0.017749192226931238,-0.08697096631461383,326.01682294588784,448.99476857213716,6.465817120411987,281.9292069029235,224.66401252871057,26.84552711283487,157.1929590694758,95.43550954792482,66.90306884160272,11.152150413546407,21.640754531248145
32048114,96.405000,105.552800,164.710902,1120.23,1014.04,1179.42,1016.29,14.15,0.02,0.33,1.0,0.21,1.0,1397.01,0.3870072740737141,0.7332199503090447,-0.005261726816547345,0.05328748025112291,0.02002066190815537,-0.13946619803928142,326.0132087034757,448.99253215901894,6.494828118157511,281.4429897999124,224.80946423957388,27.055082598395042,156.75553005179884,95.47072542876344,66.70103214661766,11.244452107871796,21.462113889459783
32048215,96.505000,105.709924,164.780807,1120.12,1014.13,1179.25,1016.17,14.27,0.02,0.33,1.0,0.24,1.0,1394.95,0.3865631009760624,0.7382432513489959,-0.0037985367864697486,0.047231073727068536,0.016421157283843024,-0.071538883914892,326.0105511544878,448.99197065061287,6.471534698106795,281.6899668742812,224.71849885193845,27.03265001222276,156.8318049367584,95.6273571298583,66.83316194899818,11.178670072318871,21.68770776532533
32048315,96.606000,105.843435,164.881476,1119.98,1014.2,1179.37,1016.12,14.37,0.02,0.36,1.0,0.23,1.0,1395.59,0.38626468368318884,0.7426496763954874,-0.002513819703947776,0.04155072487981324,0.011146833870322146,-0.05816013620965773,326.0091404644621,448.98734646199574,6.474223789707538,281.6448497124706,224.74963584520947,26.98382615048783,156.715621008961,95.69390168922133,66.95646011678036,11.191155258102128,21.68688419564841
32048414,96.707000,105.944418,164.994615,1120.71,1014.21,1179.38,1016.16,14.47,0.02,0.34,1.0,0.24,1.0,1396.5,0.3860734092356231,0.7465453492672373,-0.0015426634484460415,0.03754226674076392,0.010239501396842304,-0.03447562754845653,326.0113441662041,448.9835291096906,6.472819188997307,281.4141414068676,224.818538656869,27.135732084218514,156.5132241872586,95.73081581819586,66.75951746272578,11.251970332828321,21.55166840792625
32048514,96.806000,106.024823,165.141355,1120.53,1014.13,1179.28,1016.11,14.56,0.02,0.33,1.0,0.26,1.0,1395.85,0.3859949555602287,0.749919635814389,-0.00033366450503367537,0.030461747152861287,0.01177794755390323,-0.11893739441735626,326.01399222889665,448.9884493374927,6.461537060151289,281.5566547092774,224.7838606867157,27.213640076995034,156.54975856629173,95.89422460590298,66.7145202302947,11.21564727806733,21.692571887701142
32048614,96.906000,106.075825,165.313326,1120.63,1014.12,1179.21,1016.2,14.64,0.02,0.34,1.0,0.26,1.0,1396.34,0.38601952067652606,0.752811783095692,0.0005626247108735512,0.027407553695304804,0.007665636658741067,-0.07082649841526836,326.02347664465583,448.99101243108504,6.4809688466570945,281.45481327000255,224.8158796738286,27.118155965894697,156.3870469093121,95.88444018283894,66.7794170711291,11.24445753519516,21.639605464494302
32048714,97.006000,106.105984,165.529935,1120.76,1014.08,1179.35,1016.16,14.72,0.02,0.34,1.0,0.29,1.0,1397.09,0.38612510422288737,0.7552845125194043,0.0013499283494791611,0.0230468487051717,0.007539824211411238,-0.05094300162696765,326.010374880806,448.9839168660235,6.482148915837679,281.41678246403933,224.81997273676396,27.15718490874815,156.3441981326846,95.89243311299919,66.75436151346479,11.251133849744422,21.628222047090336
32048815,97.106000,106.115448,165.762885,1120.8,1014.15,1179.15,1016.17,14.78,0.02,0.33,1.0,0.3,1.0,1397.45,0.38630847728197715,0.7573479976081303,0.0020777481371153793,0.01905727819886137,0.009178573383711128,-0.007301894408413294,326.02053053475373,448.98567032535396,6.473603203405154,281.5152902417353,224.80556747217648,27.23941520556092,156.4706984189164,95.89450903860559,66.93716523501894,11.228620445758729,21.67050009967135
32048915,97.208000,106.108051,166.023537,1121.02,1014.08,1179.41,1016.13,14.85,0.02,0.33,1.0,0.34,1.0,1396.92,0.38654941588036684,0.7590535213501262,0.0027030697408725376,0.016599688057529143,0.010171001270908897,0.0014687578078762839,326.01827368766544,448.9853231507853,6.493989269628706,281.41999443231515,224.8147352665976,27.13565080408006,156.36882447409363,95.91718256469638,66.66890629194116,11.251961210868565,21.628325045310675
32049014,97.308000,106.082289,166.313462,1120.95,1014.07,1179.13,1016.08,14.91,0.02,0.33,1.0,0.35,1.0,1396.18,0.3868332925223012,0.7604383851672146,0.0029834579717502047,0.012588069145059583,0.001615844810037123,-0.04398351968419886,326.01149344664134,448.99018444974865,6.48391155873064,281.42723995518224,224.8234973482781,27.14691683548204,156.355984373942,95.91591355954361,66.78563647301996,11.248703557689138,21.637210945192333
32049114,97.405000,106.048537,166.556050,1120.99,1014.16,1179.11,1016.07,14.96,0.02,0.33,1.0,0.4,1.0,1396.34,0.387157507934279,0.7615156863873893,0.003365522986720281,0.0097373262247427,0.003202752429189601,-0.02544075008108828,326.01244894409285,448.98958071857083,6.480443373075549,281.4886054142738,224.7908595404616,27.19730384182019,156.4025528975055,95.93429237041472,66.78124956096774,11.232285562271642,21.684769372454333
32049214,97.506000,105.975275,166.925135,1120.89,1014.13,1180.0,1016.26,15.02,0.02,0.32,1.0,0.4,1.0,1396.8,0.387504581533468,0.7623387294262521,0.0035099209350852026,0.007356343767820063,0.0017401636167333346,-0.02097496927568953,326.01489205848065,448.9892488429651,6.480891914720135,281.4157104174532,224.82075950487635,27.159877658001236,156.33233962410455,95.92594388729559,66.73205732873427,11.252285719561028,21.63565664952461
32049315,97.606000,105.864638,167.398819,1120.91,1014.11,1179.53,1016.14,15.07,0.02,0.32,1.0,0.41,1.0,1397.74,0.3878656524622208,0.7629387578056419,0.00364704758664788,0.0051603602766850465,-0.0009054530802004885,-0.024750454692798404,326.0153833214612,448.98942522397704,6.495206682837754,281.5290617670965,224.80238998659243,27.24231338909955,156.42438345044297,95.93663243344399,67.01440889972626,11.223630214152696,21.70430138767746
32049415,97.707000,105.714035,167.966183,1120.85,1014.15,1180.95,1016.17,15.11,0.02,0.31,1.0,0.46,1.0,1398.23,0.38823403945981316,0.7633422835986112,0.00366780251733557,0.0034587179020159242,-0.0015963703884994372,-0.014391291672350058,326.0183424969711,448.9945286667705,6.482212537184266,281.6500596290082,224.7532164310612,27.01481437133026,156.52218724477393,96.01925308917339,66.99630344111706,11.19196164864761,21.802248595582938
32049516,97.807000,105.517490,168.636501,1120.92,1014.06,1181.32,1016.14,15.15,0.02,0.3,1.0,0.33,1.0,1398.63,0.3885847231238613,0.7636262868191407,0.0034219303011083363,0.002500604453142915,0.0022979828345366916,-0.0058763347520282075,326.01600089321926,448.9877784863081,6.466151981204292,281.6202711998954,224.75141836139375,26.982634176561014,156.45585133152895,96.07595498010474,67.35727326052415,11.198951278661198,21.809648498293214
32049616,97.909000,105.269706,169.395087,1120.85,1014.23,1181.03,1016.28,15.19,0.02,0.29,1.0,0.47,1.0,1399.17,0.3889139209281501,0.763815642118071,0.0033219065341783204,0.0016930351939576649,0.001506494711240908,-0.003062436338574465,326.02707733547965,448.9949966722731,6.468261933172413,281.91391272894896,224.66784295820526,26.891463303968,156.61122140889046,96.16658480823526,67.63446925660412,11.125066231026436,22.02783512302153
32049717,98.009000,104.976804,170.165132,1120.87,1014.17,1184.06,1016.21,15.24,0.02,0.26,1.0,0.4,1.0,1399.14,0.3892027612013416,0.7639839166245943,0.0026543416350350295,0.0018066525716441356,-0.006840457208647461,0.0037568813734044407,326.01630615018723,448.98658875428106,6.494822680204725,281.7449763131857,224.70415526294335,26.974207927720837,156.53506471615327,96.15386614264138,67.47940532920413,11.166124364109487,21.913580680320383
32049817,98.109000,104.663966,170.792472,1120.9,1014.15,1183.11,1016.3,15.26,0.02,0.26,1.0,0.35,1.0,1399.51,0.38943809167633137,0.7641740663362576,0.002198741935919446,0.0018637503790295887,-0.006277221768258894,-0.0038828965693436133,326.0217123894382,448.99257545707013,6.480976266590917,282.10827202534716,224.5846201657784,26.85253907449579,156.83087627752136,96.20291657116964,67.91297481483184,11.07205573423147,22.15473150795829
32049916,98.209000,104.301958,171.283427,1120.86,1014.12,1182.86,1016.13,15.28,0.02,0.21,1.0,0.5,1.0,1399.8,0.3896251886429266,0.7643821517083644,0.0015664196916008854,0.0024178339250418126,-0.010514479140113019,0.010946863955259397,326.0125800177513,448.99066334657726,6.478994604354465,282.40571889918124,224.475669095012,26.670210996665432,157.18104039660813,96.22861203739606,68.3502458162106,10.991532481944791,22.33377670081053
32050016,98.308000,103.889259,171.603523,1120.95,1014.23,1186.75,1016.47,15.28,0.02,0.2,1.0,0.35,1.0,1399.67,0.3897140639530254,0.7647386331269778,0.00050070869609511,0.004159727863221072,-0.009550851913737272,0.012529378486126376,326.00810834122973,448.9833796937718,6.485449375746478,281.8470175707399,224.6613880963291,26.793024555995935,156.59469622947498,96.24781290874579,67.88976288826655,11.137100801460841,22.01179966921954
32050116,98.408000,103.579454,171.735673,1120.96,1014.17,1185.22,1016.22,15.28,0.02,0.19,1.0,0.31,1.0,1398.21,0.38973539244822325,0.7650612605192906,0.00017871039212148836,0.0036174040993977763,-0.0019679168415969875,0.0012039725902775523,326.0066580607949,448.98739863739,6.486056912629891,282.6154441033236,224.4526444548297,26.724908462866686,156.82414176983684,96.91913886326373,69.11285755341729,10.937551413163147,22.730860281550786
32050216,98.510000,103.018782,171.843913,1120.75,1014.07,1185.49,1016.18,15.3,0.02,0.19,1.0,0.31,1.0,1398.74,0.38971235678892907,0.7656050914277697,-0.0006322127959178705,0.006557807482854332,-0.012159662525817672,0.03265652058223883,326.00852673642936,448.9804559627631,6.480701986966604,282.4844385903914,224.46126836421962,26.605831658750716,156.9181285235388,96.96701295712745,69.10162198891736,10.970975540428357,22.62154869305142
32050317,98.609000,102.353377,171.911305,1120.85,1014.22,1185.04,1016.28,15.3,0.02,0.19,1.0,0.32,1.0,1398.84,0.3895792190442474,0.766454232518064,-0.0015991788981083168,0.00913490569366633,-0.004163766441687815,0.006922077250930726,326.0143506010556,448.9830551618488,6.459994894905239,281.9438764820437,224.6645517242634,26.80921476266335,156.2841976303916,96.9889030088322,69.07968640283373,11.114986080721733,22.314094085205678
32050417,98.708000,101.673952,171.914889,1120.85,1014.1,1184.82,1016.23,15.31,0.02,0.0,1.0,0.44,1.0,1399.34,0.3894111375535452,0.7674176667585716,-0.0017111446578298827,0.009927906253439244,-0.0005690663669855746,0.005536970308358143,326.0171554420656,448.9846632658741,6.456856045689272,282.54278034568546,224.4810161474955,26.693995778584473,156.56373487416067,97.20512986856231,69.36243254823829,10.959488298035753,22.78763185963859
32050517,98.810000,100.885447,171.812968,1120.8,1014.11,1187.18,1016.32,15.33,0.02,0.01,1.0,0.37,1.0,1399.53,0.38921516497582787,0.7684989499974253,-0.002214633962596507,0.011723810757964534,-0.00630745770636487,0.019650691575698934,326.01792897779256,448.98985173778186,6.477773868264701,282.2163327210089,224.57548048686493,26.70299625319769,156.3614641643371,97.28647083474765,69.3182912116186,11.044242311398971,22.586919919923822
32050617,98.908000,100.053871,171.550702,1120.79,1014.12,1186.51,1016.23,15.34,0.02,0.14,1.0,0.31,1.0,1399.12,0.38896839866024746,0.7697574722173536,-0.002512679059086348,0.012837904110342819,0.0011364470103329338,-0.001017790677136283,326.01444106698716,448.99893064972304,6.489668886342356,282.1487844438476,224.58440146502338,26.683999991821377,156.05814544472221,97.53780319658313,69.52380912187158,11.059989072979183,22.663648428576085
32050718,99.009000,99.240468,171.145487,1120.75,1014.17,1186.18,1016.27,15.37,0.03,0.23,1.0,0.33,1.0,1398.57,0.38872145265722485,0.7710843236852807,-0.002506345310064568,0.013776132260431105,-0.001738812215886015,0.01491127633682392,326.0119109953959,448.986163396403,6.470058033145512,282.64744005573726,224.439210309776,26.722719738790175,156.40923482216118,97.65613173850512,69.78670384643613,10.930393238706069,23.015829063022718
32050817,99.111000,98.291179,170.573052,1120.69,1014.08,1186.15,1016.19,15.4,0.03,0.3,1.0,0.28,1.0,1398.47,0.388442338124589,0.7725745222531679,-0.002994997275251268,0.015677676039551322,-0.004422230339020265,0.01611132179061201,326.0153316920595,448.9928415709048,6.473929785737808,282.1824539042425,224.5777087776797,26.718821174516385,156.02447369932054,97.6380598348384,69.55663228979874,11.051899002720837,22.719249814416862
32050918,99.210000,97.304225,169.943707,1121.01,1014.06,1185.95,1016.3,15.41,0.03,0.4,1.0,0.25,1.0,1398.97,0.38813976879232515,0.7741891784638268,-0.0029227384113030734,0.01597576203598012,0.00347046055792751,-0.007436519741098438,326.0138359833854,448.9889288907786,6.462402469276763,282.246754752376,224.5697524676338,26.797818445294997,155.71204482605108,97.9171190111116,69.86152748815707,11.035522844380159,22.902268458752925
32051017,99.311000,96.166096,169.178388,1118.15,1014.03,1186.04,1016.29,15.44,0.03,0.32,1.0,0.26,1.0,1399.44,0.3878579651158835,0.7758212807530672,-0.00274612002220335,0.016395426292539768,0.0005982427471066895,0.007790915129683656,326.01464030406567,448.98919595177006,6.479103160130967,282.28606030470786,224.56869840443662,26.763835189043245,155.7988401691448,98.11486517606762,69.94038751340945,11.02598975319596,22.95558323930185
32051118,99.409000,95.325090,168.562862,1118.87,1014.1,1185.97,1016.23,15.47,0.03,0.29,1.0,0.24,1.0,1399.63,0.3876516673878732,0.7770990473595011,-0.002283176956631688,0.014492790313128967,0.0018562435385094497,0.0016629281753189216,326.02121139976157,448.9933714552171,6.468486298590956,282.05342606996834,224.61718024785122,26.765269031130757,155.56521056290293,98.0727624083261,69.98033487577756,11.08694917608577,22.81337539843846
32051217,99.510000,94.074130,167.634985,1118.79,1014.11,1185.88,1016.28,15.51,0.03,0.31,1.0,0.26,1.0,1399.73,0.3873997839211268,0.7788187284083274,-0.0024345733538351315,0.01726436549877479,0.003200133767735595,-0.008185736331446416,326.018638697359,448.9877110807677,6.465399485934132,282.41380317863855,224.48087757831192,26.747655596470832,155.8961680371667,98.1500356233157,70.1567949293456,10.991424134457725,23.059479291854398
32051317,99.609000,92.824939,166.616610,1118.91,1013.99,1186.0,1016.16,15.59,0.03,0.66,1.0,0.01,1.0,1400.02,0.38715795096555966,0.780575154694647,-0.0024634299052739696,0.017932630741114945,-0.0020041252614225813,0.013357792773875875,326.0144615972002,448.9805533588065,6.469274491185842,282.2288912718238,224.5893589819726,26.718832545387205,155.78067966400613,98.16315275506473,70.00061438349934,11.041413099419817,22.922159736314747
32051417,99.710000,91.509340,165.450718,1113.12,1013.9,1185.79,1016.28,15.63,0.03,0.51,1.0,0.1,1.0,1400.12,0.3869155015555125,0.7823685099991197,-0.002358300425871015,0.017942419843130896,0.0036811702569410623,-0.008596555389514348,326.0215995670802,448.9944902102577,6.474058219033759,282.1110584393143,224.61540299722807,26.721064049143834,155.60724934296056,98.10084318940025,70.06905030503928,11.072732013476179,22.8521014842138
32051518,99.810000,90.178024,164.107071,1111.81,1013.9,1185.58,1016.32,15.68,0.03,0.36,1.0,0.19,1.0,1400.19,0.38670395224208876,0.7840965446530127,-0.002012586745773975,0.017065014279556246,0.0020483792830599543,-0.0035803112896108306,326.0153476365904,448.99310862402126,6.4592002186799355,282.6229253424487,224.4767184762557,26.543969485082442,156.1382497480883,98.15930800143555,70.44238889825584,10.938721717254161,23.160465999547156
32051617,99.910000,88.866622,162.582343,1110.77,1013.96,1185.61,1016.19,15.7,0.03,0.51,1.0,0.33,1.0,1399.94,0.38649657819568833,0.7858026422770437,-0.00219063089163048,0.017235974135354472,-0.0032110507641352946,0.00021854179767578178,326.01288698308014,448.994979607606,6.49624344533891,282.64303938242784,224.4848993920645,26.45415708390016,156.22841168722636,98.19062513186866,70.27801437718983,10.933467951513625,23.16035139592032
32051717,100.008000,87.547511,160.849902,1108.87,1013.9,1185.48,1016.2,15.72,0.03,0.38,1.0,0.48,1.0,1400.04,0.38625677735734276,0.7875500612031651,-0.0024592548679986965,0.01741650554827362,6.568599766621347e-05,-0.009019193246276168,326.02320715485627,448.995909079575,6.4869344336337935,282.40468941940856,224.53935979129568,26.428793158882733,156.07797341759257,98.13859597371189,70.33515270829552,10.997192043931117,22.988828552064046
32051817,100.110000,86.304553,159.022520,1108.0,1014.03,1182.0,1016.01,15.74,0.03,0.43,1.0,0.5,1.0,1399.99,0.38601073629998667,0.7892566510211096,-0.002492490843113173,0.016947703713885744,-0.0016071146250892941,-0.001309924647572971,326.0188031238247,448.9913558381584,6.462448116392652,282.82628404512917,224.4966650557281,26.38387722318183,156.3921891461899,98.23292238323123,70.46372176781068,10.890563342831012,23.257498346594048
32051917,100.209000,84.735587,156.381328,1105.14,1014.04,1181.61,1016.14,15.74,0.03,0.31,1.0,0.29,1.0,1400.0,0.38574022943635167,0.790962524010245,-0.0028554201007624166,0.017181231759990527,-0.0028670425375525743,-0.0036857455473674624,326.01220853200545,448.9992363312118,6.5014343861248385,282.38588237651754,224.63831497734105,26.55942798636808,156.09554957392376,98.18411702691314,69.94533084710376,11.003686389056405,22.955479909394647
32052017,100.309000,83.701764,154.504432,1105.87,1014.11,1181.85,1016.24,15.74,0.03,0.28,1.0,0.39,1.0,1400.1,0.3854626257597987,0.7926152899768466,-0.002548557114527187,0.01570941904132204,0.010159647312279512,-0.03654020748373206,326.01358079933925,448.9989196020226,6.487155685030447,281.60952089294483,224.82540125405907,26.60601882981794,155.31935824855006,98.1067702767505,69.38228136023557,11.204059985029248,22.494850186389268
32052118,100.408000,82.729619,152.579147,1106.03,1013.97,1181.2,1016.17,15.74,0.03,0.62,1.0,0.91,1.0,1399.95,0.3853107337559294,0.7936722903510919,-0.001522967467207333,0.011290878774040844,0.004938464770080465,-0.013918221276933148,326.0174636365961,449.0042413349687,6.515733265812861,282.6647706069325,224.5418923786253,26.532520566566802,156.14863620265712,98.24108560444058,70.01939529773657,10.931515563549665,23.1857684564096
32052217,100.509000,81.673538,150.468150,1102.85,1014.02,1176.79,1015.79,15.75,0.03,0.47,1.0,0.74,1.0,1399.91,0.38513357602180165,0.7949674627278686,-0.0018599238786604153,0.01298101960684528,-0.002773631898643221,0.0024930898273150637,326.0142293078378,448.9916974604693,6.472241421442499,282.11584661324827,224.74863285391527,26.58882893618881,155.8829286208791,98.1951119948439,69.61103432302733,11.07629055773475,22.774752085645975
32052317,100.610000,80.702610,148.399955,1100.8,1013.97,1171.54,1015.91,15.74,0.03,0.24,1.0,0.37,1.0,1399.9,0.3849719970899796,0.7961566069649011,-0.0012560983805972971,0.010700773480934496,0.01430240318675426,-0.05159599944061578,326.01455488200367,448.9889022716339,6.494205520762935,280.859173849602,225.0932190899059,26.867496733416168,154.5634403167454,98.07102542686118,67.89721842511942,11.40248172541299,22.030725298878558
32052417,100.709000,79.797726,146.307038,1100.69,1014.0,1172.48,1016.13,15.72,0.03,0.48,1.0,0.77,1.0,1399.91,0.3849499259286486,0.7969387719367378,0.0005256032175242515,0.005585877640155797,0.020954660627651035,-0.06728209285673875,326.0141315350178,449.00150187260505,6.512703552024699,280.71427921989397,225.1184939675037,27.060782332168092,154.38331185305418,98.08085114261776,67.52699105697245,11.452079791108806,21.939958007850972
32052517,100.809000,78.936466,144.161441,1097.05,1013.92,1166.49,1015.87,15.72,0.03,0.41,1.0,0.7,1.0,1400.06,0.38513404426820774,0.7971684374562424,0.0025580251411318955,0.00037546106576099165,0.016800897479090294,-0.04955202100824647,326.0154081770512,449.0054257407067,6.5176761282376035,280.93154311569907,225.07391443971676,26.96986219539629,154.5486480330898,98.10513229788533,67.4737216772076,11.38312075022296,22.10125968884098
32052617,100.910000,78.163331,141.945114,1096.53,1014.05,1165.03,1015.84,15.73,0.03,0.31,1.0,0.55,1.0,1399.9,0.3854810186046066,0.7969507906678842,0.003932803875871292,-0.003632705815438947,0.01039077377427014,-0.03781561874412939,326.0046074424302,448.9948940153305,6.491697832348178,280.6335068543519,225.19265395929392,27.28137186754404,154.30806856287128,98.12670285807245,67.11123103484073,11.46386927431569,21.904820331959765
32052718,101.009000,77.458663,139.742080,1097.17,1014.11,1163.34,1015.91,15.73,0.02,0.44,1.0,0.62,1.0,1400.07,0.3859835330508925,0.7963012692659761,0.0057425305747427725,-0.008418757457143121,0.01972710759891111,-0.055021458552138004,326.01084185638507,449.0036089102606,6.525712650683727,279.01849895624724,225.60767143622462,27.62716507828522,152.80958748346805,97.93613781814815,65.62036129636576,11.879231722821228,20.911455406086347
32052817,101.111000,76.789737,137.492277,1095.18,1013.97,1160.07,1015.88,15.72,0.02,0.34,1.0,0.55,1.0,1399.76,0.3867234836968532,0.7950226755337327,0.008341856984267565,-0.015315010822389528,0.022779794558740487,-0.06203752918384572,326.01372532984567,449.0092232304035,6.506207303024319,279.2449336095835,225.53492157269022,27.785351022794107,152.91923058195286,98.00033204618167,65.25483442881392,11.820284933009393,21.086588839882197
32052917,101.211000,76.128527,135.156909,1094.6,1014.12,1158.04,1015.84,15.72,0.02,0.31,1.0,0.4,1.0,1399.99,0.3877289980449984,0.793064112574259,0.010749162672810307,-0.02150052927135408,0.015806575381659135,-0.04611222477649838,326.0107249414867,449.00628926447746,6.501882918404303,278.46123372728164,225.80283314090047,28.090497114343904,152.3364273556963,97.98140772899119,64.53614753204323,12.0260636324579,20.56508436501606
32053018,101.309000,75.610959,133.234719,1094.7,1014.05,1157.68,1016.15,15.72,0.02,0.32,1.0,0.34,1.0,1399.94,0.38897393698752114,0.7904797719188678,0.013479548779089577,-0.028478796939603482,0.024785348300578047,-0.06467698838747674,326.01325698045673,449.0034333037952,6.4984025063375475,277.72436867058633,225.98415874118018,28.42255115746106,151.56178747661806,97.83076441886617,63.78121541926465,12.21728113031918,20.11692930428191
32053117,101.409000,75.317662,132.020637,1094.71,1014.07,1157.91,1016.18,15.73,0.02,0.33,1.0,0.41,1.0,1399.75,0.39008569508729,0.788084410960887,0.012963297581994477,-0.028164362488706022,0.015277744289614871,-0.040640735905875885,326.020903999711,449.0143915783096,6.491376092798831,278.19924448549216,225.91344766674862,28.341149703358635,151.87109724651674,97.89730672929005,63.98142769420734,12.098271795781349,20.42321002838639
32053218,101.508000,74.537509,128.862430,1094.57,1014.02,1156.96,1016.13,15.75,0.02,0.33,1.0,0.36,1.0,1399.87,0.3917836370470404,0.7843426936932716,0.01706031800861321,-0.03784677743013362,-0.021598041452496143,0.041357141404266246,326.01172107474906,449.01131652265025,6.483165644305635,278.13103268736916,225.91028512867757,28.417709337127476,151.91374806787726,97.88981415021885,63.90877057504205,12.112760008152136,20.368115337053055
32053318,101.610000,74.088707,127.061388,1094.46,1014.09,1157.01,1016.18,15.76,0.02,0.56,1.0,1.0,1.0,1399.9,0.3936467130341967,0.7801672747220033,0.019118704852454056,-0.0431017103780267,0.013903524878614258,-0.038255906724760945,326.00536526249306,448.9999509666464,6.503615742116508,277.66508901201234,226.03194108406424,28.510050285871998,151.48217667925846,97.82539917527893,63.62663764171353,12.232618582767277,20.078993200530853
32053418,101.709000,73.333623,124.027540,1091.88,1013.9,1152.45,1015.89,15.79,0.01,0.37,1.0,0.76,1.0,1399.87,0.39566950259174954,0.7755676725484428,0.020713619861477864,-0.0472992526032505,-0.02052013253362318,0.04173491832522394,326.0114873134301,449.00870858657123,6.508308177232447,277.99501677209963,225.93756290041722,28.4905539716707,151.76304930424035,97.88697628650124,63.5308282379362,12.147670311430305,20.2948891299209
32053517,101.810000,72.618689,121.296809,1090.54,1014.02,1148.64,1015.67,15.83,0.01,0.27,1.0,0.46,1.0,1399.87,0.3978015383792399,0.7706714450092391,0.02153224117753603,-0.049613335274188784,-0.004825548956315056,0.006375459312547533,326.0140014014266,449.00872898532555,6.526993667488651,277.2068537366834,226.21291048833402,28.57647051020028,151.52173575899118,97.45662467161083,62.47349171708843,12.356403783817893,19.595652423561987
32053617,101.909000,71.965114,118.955871,1090.71,1014.14,1147.14,1015.95,15.86,0.01,0.28,1.0,0.35,1.0,1399.83,0.40002361755797766,0.7654784721356652,0.022749885140671805,-0.053786025288717725,0.004749230688661522,-0.029925371608320636,326.0125213477535,449.0104796468419,6.499808133035042,276.18767383432913,226.45414672598235,28.895190597952304,150.77537604262508,96.81048292554492,61.07678151968018,12.619028799480821,18.81149539278812
32053718,102.010000,71.304122,116.717244,1090.92,1014.06,1147.86,1016.11,15.9,0.01,0.31,1.0,0.42,1.0,1399.83,0.40242722076070525,0.759675519753489,0.024470242164165726,-0.059724570629905264,0.00519239694608132,-0.029084123288257994,326.0115526956361,449.00679411004194,6.491553964653619,276.81549109235857,226.3031518217305,28.897253036469415,151.54190022310627,96.51166587994557,61.305274335756316,12.456797716867918,19.071646854029467
32053817,102.112000,70.601879,114.469232,1091.01,1014.13,1147.13,1016.02,15.94,0.0,0.32,1.0,0.38,1.0,1399.91,0.40494222613002323,0.7534104335151462,0.025182157779311248,-0.06360685532354647,-0.000705679535757175,-0.023099243764831908,326.0107657463322,449.01159265816847,6.50347018968417,276.94935489616256,226.21353856154363,28.67804845064627,152.26758917878942,95.92459671719713,60.53829629788188,12.41866199110234,18.902861687495175
32053917,102.209000,69.887313,112.322799,1090.85,1014.05,1146.51,1016.12,15.94,0.0,0.63,1.0,1.0,1.0,1399.98,0.4074651371368319,0.7468529849336589,0.025072242769770933,-0.06635575473000477,-0.008251683151693681,-0.010641357729626334,326.01251804841246,449.0069175194351,6.509459632446652,276.6985502372027,226.3037228378466,28.852342688227804,152.35771313840925,95.38676798196356,60.205610998248325,12.485741571600816,18.552752044947802
32054017,102.309000,69.257572,110.578667,1088.18,1013.92,1142.27,1015.83,15.92,0.0,0.43,1.0,1.0,1.0,1399.89,0.40997499926077274,0.7399973530910151,0.02488167424480144,-0.06925146305988046,-0.0007418365952635369,-0.03189371724817761,326.0127875953365,449.0034000733027,6.498931752589114,276.85587238962444,226.29200156333147,28.805812713496326,152.54449055073087,95.31513414240955,60.05727488957282,12.446774643556697,18.610818047644933
32054117,102.409000,68.594496,108.836675,1085.84,1014.01,1136.83,1015.74,15.92,-0.0,0.25,1.0,0.67,1.0,1399.84,0.4118317462594604,0.7347056126822383,0.020396703920342728,-0.058814690139720974,-0.011495524670956124,0.010052589992212433,326.0075634159661,449.0026584459326,6.512432922483002,276.3306195852166,226.4646839903263,28.821957388782064,152.81048993786814,94.50594235477614,58.711502516928334,12.583769060743812,17.940637596481977
32054217,102.509000,67.774159,106.985996,1086.39,1014.23,1133.46,1015.81,15.88,-0.0,0.29,1.0,0.41,1.0,1399.81,0.41427431225887423,0.7274114077684162,0.02372771153145646,-0.07243424239660397,-0.03859660251780314,0.0747755146570702,326.00944639666915,449.0058192381742,6.507210118245481,275.84396712777004,226.59964738436864,29.21383070927695,152.7817618403698,93.91922081404275,57.91949112064,12.710807401733723,17.424564075173304
32054318,102.608000,66.937546,105.245209,1086.37,1014.14,1133.03,1016.09,15.81,-0.0,0.29,1.0,0.38,1.0,1399.9,0.41672758769960305,0.7196602956331168,0.023886288487730063,-0.07695272639012495,-0.03816272141758681,0.08327566118957472,326.00748806831604,448.9974029693033,6.536693607859066,275.84699623727056,226.62503923446604,29.345450933525857,152.8692136888005,93.72468384864,57.56023469817354,12.71157711763223,17.356113539703802
32054418,102.710000,66.087866,103.598936,1086.24,1013.94,1133.67,1016.27,15.75,-0.0,0.29,1.0,0.45,1.0,1400.06,0.419171927198181,0.7115428528570812,0.02365884790863528,-0.0799081202191126,-0.035411699204960956,0.08513959534706368,326.00748806831604,448.9974029693033,6.536693607859066,275.608380916326,226.7088344156014,29.39113715231807,152.7542603481826,93.70495747278525,57.325566296164205,12.774600768115441,17.17909522498349
32054518,102.810000,65.224578,102.044563,1086.24,1014.07,1131.29,1016.19,15.69,-0.0,0.29,1.0,0.26,1.0,1399.9,0.42159926156995586,0.70314616656731,0.0239380488786886,-0.0839133268936232,-0.014720672671644114,0.023006199521501944,326.01103750828406,449.00638343946633,6.499986778950442,275.5728195098301,226.7020844184863,29.320335926659595,152.69998599778083,93.65731594569945,57.407594915947826,12.78331360292672,17.157240483294355
32054618,102.910000,64.283448,100.503679,1086.31,1014.13,1132.09,1016.2,15.62,-0.0,0.3,1.0,0.34,1.0,1399.83,0.4239879174262004,0.6946077640221232,0.023528252784830905,-0.08505731716099976,-0.017204897532280543,0.03677011168108098,326.00436969310226,449.010684817651,6.519835097082528,275.4013223996449,226.75441596670143,29.447500021953118,152.67066402540829,93.55750800899865,57.045026232947514,12.826389277319826,17.005394931966173
32054718,103.010000,63.258051,99.029541,1086.33,1014.1,1132.09,1016.2,15.48,-0.0,0.3,1.0,0.35,1.0,1400.0,0.42630887868361583,0.6860679154319687,0.022872621320196906,-0.08496710517863032,-0.02709880146431601,0.07998651487183395,326.00793941652233,449.0002454789047,6.52238827719015,275.41132351801843,226.7380387070671,29.51163428338823,152.61647796795816,93.51141081881434,56.97361956350116,12.82448172153042,17.017768751885168
32054819,103.110000,62.263257,97.735433,1086.45,1014.07,1132.33,1016.26,15.4,-0.0,0.32,1.0,0.38,1.0,1399.96,0.428559434030064,0.6775898919115054,0.0221914575828912,-0.0843315564770917,-0.015696262170761695,0.039088978925938773,326.0059184989846,449.0063329909305,6.515260979013618,275.6158199852079,226.7040707666959,29.5233003443617,152.7719100815776,93.57632700016234,57.17160565926779,12.771631298499551,17.156078097151973
32054918,103.211000,61.186447,96.483642,1086.49,1014.16,1132.35,1016.28,15.31,-0.0,0.32,1.0,0.4,1.0,1399.96,0.4306983449355897,0.6693398749310353,0.02088878521618486,-0.08128508163647469,-0.02055224483196469,0.060913038790428316,326.0084295948187,449.0059076522903,6.514573745467079,275.5197048980657,226.71946879739252,29.462805990290505,152.75066074840723,93.54505463463104,57.07088746890949,12.796687329441454,17.07855002039524
32055018,103.310000,60.265578,95.491072,1086.43,1014.03,1131.87,1016.24,15.24,-0.0,0.32,1.0,0.37,1.0,1399.89,0.4327167879150881,0.6613857377603397,0.019885212396910025,-0.07890012629448576,-0.007900421204182738,0.018135386162098872,326.01048952557795,449.0024040624457,6.512628611306466,275.38295013451034,226.7499327666227,29.502191281395884,152.586861062167,93.49227754563657,57.102290796301716,12.832603827209379,16.995164791704738
32055118,103.411000,59.253028,94.459470,1086.24,1014.17,1131.99,1016.24,15.16,-0.0,0.31,1.0,0.39,1.0,1399.85,0.43462387754278486,0.6537454347786232,0.01826614756598983,-0.07365866157655813,-0.020264697897748016,0.06775952114872934,326.0095271588223,449.00095782955606,6.518820190020602,275.44787708196264,226.7284947672535,29.540628268864925,152.72054186254434,93.5137980200195,57.01734124613459,12.815340032139115,17.022907370059748
32055218,103.510000,58.029533,93.382258,1086.26,1014.18,1131.89,1016.2,15.09,-0.0,0.31,1.0,0.39,1.0,1400.03,0.43640090248681696,0.6465005695068577,0.017431393600197083,-0.07147385574161111,-0.00404419027737866,0.006775165878250985,326.0092983501668,449.0054187098478,6.5069823186663625,275.3285075669491,226.73918153518883,29.417895905795962,152.5859401265394,93.46073947271906,57.077823786482604,12.84526830988338,16.952935195803583
32055318,103.611000,56.716742,92.402980,1086.26,1014.13,1131.44,1016.19,15.02,-0.0,0.32,1.0,0.36,1.0,1399.86,0.4380583092497838,0.6396524725015905,0.01618552666713058,-0.0671952168322454,-0.015162335338302075,0.05413073237381577,326.01581569610585,449.01120306390357,6.515859288552203,275.43808900052676,226.73646200810268,29.510885046283956,152.6556288052566,93.49082259437297,57.00249338564882,12.8191531578113,17.021471663165293
32055418,103.710000,55.405395,91.585133,1086.18,1014.19,1131.71,1016.17,14.96,-0.0,0.31,1.0,0.39,1.0,1400.0,0.43958831202907456,0.6332441085976233,0.014530211205280226,-0.06121544699523019,-0.015777898003458368,0.05671530090605296,326.0131492983008,449.01335274055754,6.500739575830586,275.3279691476537,226.7457856766199,29.422769457130702,152.61821219463454,93.45300658628024,56.973131057583686,12.845886000554373,16.940995820375484
32055518,103.809000,54.038060,90.815633,1086.3,1014.1,1131.33,1016.11,14.91,0.0,0.33,1.0,0.37,1.0,1399.82,0.4409841595508039,0.6273084814719216,0.013652755335589276,-0.05833298417181452,-0.008349901902749703,0.02884786258391245,326.0117036498069,449.00450359959314,6.507651996451119,275.3691563125643,226.75484162754137,29.54692300955568,152.62149299068528,93.45490221862474,57.05887090068384,12.836438784441022,16.96717477800169
32055618,103.910000,52.597169,89.996804,1086.19,1014.12,1131.32,1016.13,14.9,0.0,0.32,1.0,0.37,1.0,1399.99,0.4422570000252387,0.6218280138342045,0.012252990740529464,-0.05303233561811731,-0.016040670261815375,0.06159718256680034,326.01451179242775,449.0028269176707,6.529806596002484,275.4131938564336,226.7610122849803,29.52262509478312,152.69348947181652,93.44888032188533,57.020495139448784,12.826772019854802,16.977393187652996
32055718,104.010000,51.101444,89.117516,1086.06,1014.13,1131.32,1016.26,14.9,0.0,0.31,1.0,0.38,1.0,1399.78,0.443400873597458,0.6168256347663755,0.011018750964117158,-0.04846648727887908,-0.011591182570074089,0.044280929443364744,326.00445135051433,449.00317338534813,6.494829657471278,275.3189680729001,226.76251780693786,29.555618680869625,152.6233748878809,93.4316066740094,56.905143742510425,12.847133603549626,16.930126562388743
32055818,104.110000,49.597330,88.215059,1086.1,1014.03,1131.34,1016.19,14.9,0.0,0.32,1.0,0.39,1.0,1399.95,0.4444284771295439,0.6122711040947837,0.009696223102316354,-0.04318529535071802,-0.021048323552196276,0.08786623871687603,326.0055232520903,449.0085957788837,6.51580378474105,275.4172660585582,226.75759061063977,29.554464454948608,152.67803803193493,93.42972707020837,56.97985771972464,12.823058015385167,16.985994033659995
32055918,104.210000,48.083464,87.319634,1086.2,1014.11,1131.22,1016.24,14.91,0.0,0.33,1.0,0.39,1.0,1399.98,0.445340754154646,0.6081649881253028,0.008432383079003977,-0.03823599293149958,-0.016019768481896162,0.06497599759559934,326.00556957441063,448.99657817125217,6.525787879993035,275.3338219980359,226.74390645366574,29.456321872307917,152.6471111686983,93.41917454509377,56.950046934743106,12.843426654647073,16.933709028967787
32056018,104.311000,46.829453,86.589157,1086.07,1014.09,1130.91,1016.26,14.93,0.0,0.32,1.0,0.37,1.0,1399.82,0.446138700551339,0.6045035146275692,0.007628208421592773,-0.0352400052516381,-0.009691172044657144,0.03898589040209082,326.0078400231072,449.00646790013377,6.509226743899441,275.3377710708099,226.73957872912095,29.520436163036216,152.65379691192004,93.41759737891063,56.90756343579252,12.842221022172769,16.93124798191375
32056119,104.411000,45.479954,85.775204,1086.08,1014.13,1130.92,1016.13,14.95,0.0,0.32,1.0,0.37,1.0,1399.9,0.44683682066280644,0.601246857440036,0.006646293768243972,-0.031214256455577013,-0.013171437415576736,0.05588183401960387,326.01237120551525,449.00587910750215,6.521158007544423,275.3498251404541,226.7641680308731,29.544091718561894,152.68302473769526,93.38964488401072,56.85885659315725,12.841784045822145,16.92170114402284
32056219,104.512000,43.816379,84.777362,1086.01,1014.14,1130.86,1016.1,14.96,-0.0,0.32,1.0,0.37,1.0,1399.9,0.447441946207004,0.5983696737691339,0.005539817113320461,-0.026556874453275658,-0.01830265164902505,0.08166240624703591,326.0151121230424,449.00751749543696,6.540804651235592,275.3683593027587,226.76106366750375,29.57166213958321,152.7332354016171,93.36773310166048,56.86507917845877,12.83764860666378,16.91857397914874
32056319,104.612000,42.222934,83.801193,1085.94,1014.1,1130.84,1016.16,14.97,-0.0,0.31,1.0,0.38,1.0,1399.83,0.44795987338513704,0.595847231133765,0.004812559446762317,-0.02369443612280962,-0.006586319727276286,0.02550053930299666,326.0107282380454,449.0059632391611,6.518238506883256,275.3341207624646,226.74498121465032,29.44587838304773,152.73920097270926,93.3367474391808,56.791417566399005,12.844153274634444,16.893015469962947
32056419,104.713000,40.605895,82.790313,1085.84,1014.04,1130.76,1016.15,14.98,-0.0,0.31,1.0,0.38,1.0,1399.79,0.4483980105112175,0.5936497819154346,0.004119040046331968,-0.02091865334520047,-0.008797718781369526,0.037214633720849516,326.0035366003298,449.0089845968318,6.521478671577535,275.37741272424637,226.75589717764748,29.54336860957053,152.7751143585248,93.336056481583,56.7631135285497,12.832222518416552,16.916111542903597
32056519,104.813000,39.000001,81.784074,1085.96,1014.16,1130.59,1016.06,14.98,-0.0,0.32,1.0,0.37,1.0,1399.86,0.4487614613884088,0.5917563396185428,0.0032876191863167406,-0.017433910364646258,-0.014120766986476158,0.066177365296972,326.0081640474539,449.00829254960274,6.5065988556538725,275.3397250027958,226.75731998302314,29.420125322988564,152.76337742232698,93.32526474317697,56.67955367005287,12.84271079984637,16.886479030640057
32056619,104.913000,37.370789,80.719651,1085.84,1014.1,1130.73,1016.2,14.98,-0.0,0.31,1.0,0.39,1.0,1399.86,0.4490570711724118,0.5901433500833595,0.002702770620581659,-0.015023785902641171,-0.010918612635942323,0.052802813662554855,326.00840790945335,449.0108280874971,6.498667158239686,275.34189558596034,226.75701834406192,29.590950771283627,152.7455814466117,93.3121536804017,56.69774184097484,12.84208013337124,16.889649534603848
32056720,105.012000,35.727592,79.550774,1085.93,1014.09,1130.48,1016.2,14.99,-0.0,0.32,1.0,0.37,1.0,1399.86,0.4492939438246466,0.5887821486508361,0.0021170841692014406,-0.012462997535238168,-0.008721035849784365,0.04250385717863563,326.0158233629004,449.0092323307309,6.493218213094626,275.33640997781293,226.7449045238232,29.437976444695238,152.7783642738709,93.30663718498114,56.69070397860905,12.844653910414443,16.877001555119584
32056819,105.113000,34.159491,78.325044,1085.84,1014.09,1130.52,1016.13,14.99,-0.0,0.31,1.0,0.38,1.0,1399.85,0.4494777598884528,0.587651200685372,0.001639230824220041,-0.010397987250314785,-0.00600395357615105,0.029050992588028908,326.00902107611523,449.00275535207334,6.505116233060052,275.3366644616611,226.7765731188243,29.552150784681857,152.76930767338493,93.30941486390734,56.634514189060525,12.845056083459149,16.872186203765736
32056920,105.212000,32.596078,77.032777,1085.79,1014.08,1130.45,1016.2,14.99,-0.0,0.31,1.0,0.38,1.0,1399.82,0.44961526755529946,0.5867272688697126,0.0012265901941555107,-0.008588458586631586,-0.003957083633934329,0.017738100833824072,326.00833233749535,449.00446324737715,6.498664768271097,275.31308744120065,226.76882687195697,29.466497385519432,152.74052181049785,93.27540359595403,56.52138036644674,12.849865812470465,16.85816314399728
32057019,105.312000,31.263111,75.914634,1085.76,1014.08,1130.33,1016.23,14.99,-0.0,0.31,1.0,0.37,1.0,1399.77,0.44971305056308547,0.5859843875748111,0.0008271814810364221,-0.006770498325742185,-0.005428424549531615,0.026870738330130935,326.01345407632374,449.0000774323396,6.5073792907693715,275.36784450479297,226.78071703519086,29.56031462181987,152.7918425003054,93.26680658470265,56.751404730777814,12.838881714955422,16.876551308702037
32057120,105.411000,29.810585,74.602139,1085.66,1014.1,1130.41,1016.22,14.99,-0.0,0.3,1.0,0.38,1.0,1399.97,0.4497596684837974,0.5855439378360133,0.0004520471259144031,-0.004655390034908207,-0.0022400974587258615,0.008667778984136617,326.0035254303306,449.0062216434026,6.525869571300064,275.29481068928425,226.77022411884545,29.495004738365115,152.74021351910466,93.26950227113586,56.48656432540474,12.853417694637983,16.845314195278377
32057219,105.512000,28.151586,73.014353,1085.8,1014.06,1130.28,1016.17,14.99,-0.0,1.0,1.0,1.0,1.0,1399.87,0.449794520365282,0.5850842567357692,0.0002460436648529884,-0.0040420371482313665,-0.002820486740634239,0.017251331547158695,326.0092130551502,448.99878918279796,6.50955162349165,275.34021869156663,226.7405038936939,29.4580099343307,152.77867244921063,93.25494976279994,56.60861090205087,12.841230238290308,16.874550706000143
32057320,105.612000,26.501508,71.243161,1081.48,1013.79,1125.79,1015.79,14.99,-0.0,1.0,1.0,1.0,1.0,1399.94,0.4498032258850347,0.5847511016031722,-8.187680366895716e-06,-0.0029292188621477997,-0.002496244578600277,0.01081130804861755,326.0073047072116,448.9986849116643,6.51657475379577,275.26784103695235,226.83444220167476,29.615836789439065,152.77321683459266,93.22302711769484,56.32740444209534,12.847657602192978,16.841183732780408
32057420,105.715000,24.820902,69.180835,1076.83,1013.56,1120.8,1015.7,14.99,-0.0,1.0,1.0,1.0,1.0,1399.94,0.4497912258964771,0.5845184111131005,-0.00015835921162697731,-0.002115017865637832,-0.00043395052817750716,0.000763929330045093,326.0059125913695,449.0172700208892,6.520101971154596,275.0107742753822,226.91168656988484,29.717012104913636,152.64963846883782,93.15490018332856,56.179819728328276,12.93092135906338,16.5905326334141
32057520,105.813000,23.161517,66.860546,1072.38,1013.48,1116.3,1015.53,14.99,-0.01,1.0,1.0,1.0,1.0,1399.96,0.449794360959413,0.5842748413823828,0.00023490220088515337,-0.002953173843368635,0.007576428546626128,-0.022484230705820753,326.0044690702651,449.0037072724506,6.528509423185069,274.180869742401,227.26513834560276,29.843041001762966,152.56818771052414,92.45488464849198,54.596355246413935,13.154751906049203,15.744197600412555
32057621,105.913000,21.522817,64.246615,1068.24,1013.36,1111.95,1015.28,14.99,-0.01,1.0,1.0,1.0,1.0,1399.92,0.4498887619982274,0.5837702278583623,0.0014291049506121882,-0.006766974323406581,0.014250429373714278,-0.05563167538320529,326.0047243068404,449.0118908402127,6.542975825763982,274.4025111167735,227.18143929278293,29.782089997111065,153.9806102779514,91.05051944450852,53.163132734530016,13.095258827946683,15.305571688159098
32057721,106.012000,19.914455,61.300381,1064.42,1013.24,1107.67,1015.3,14.99,-0.01,1.0,1.0,1.0,1.0,1399.97,0.4500917310958268,0.5827643528050569,0.0023245719935655533,-0.012310411582992283,0.0062599131963015555,-0.06127660460984743,326.00257087946505,449.0009726062484,6.531781385060293,274.9925886257369,226.99628575798664,29.503140049311902,156.84667644479774,88.473587188519,51.5989540825638,12.94023945591773,14.580359535880078
32057821,106.114000,18.261615,57.977125,1060.93,1012.97,1103.89,1015.17,15.02,-0.0,1.0,1.0,1.0,1.0,1399.79,0.4503382189536683,0.5810634084150114,0.002456872083169408,-0.020219817045449263,-0.0009442077215411439,-0.09136333638147091,326.00474194567124,448.99800002339526,6.526745053519097,275.4568347084868,226.84379174277169,29.276424239484985,158.61648030294273,87.00023524105056,50.48705884823673,12.818566432094316,14.241880130143638
32057921,106.214000,16.578076,54.328312,1057.39,1012.78,1099.78,1015.21,15.04,-0.0,1.0,1.0,1.0,1.0,1399.99,0.4505425090545287,0.578535333600969,0.0017215329872071654,-0.02864679203426229,-0.01067411480558794,-0.07463710172445075,326.00859168233706,449.0127764651749,6.530280399623564,276.4865988723888,226.55455984712117,28.58624397272836,162.82472321914238,83.46865456069077,48.28758150395386,12.55011812728975,13.362025881714914
32058021,106.314000,15.220102,51.191199,1054.42,1012.68,1095.99,1015.12,15.04,-0.01,1.0,1.0,0.86,1.0,1399.94,0.4505967036546622,0.5749911764475246,-0.0003576556568656621,-0.04005325089714506,-0.02600640682219533,-0.15942446532301316,326.008809276307,448.98377328474163,6.517815336278956,278.29627514706976,226.0437794335477,27.58723916705577,170.01008626668096,77.98318609648234,44.40129261183427,12.23777460465585,12.423418919421046
32058121,106.414000,13.701726,47.373270,1051.4,1012.5,1093.14,1015.16,15.0,-0.01,0.84,1.0,0.65,1.0,1399.95,0.45036076407264874,0.5701599784822362,-0.0036907997316585773,-0.05343000783596421,-0.03967997914151556,-0.18386704489661626,326.01226981528566,448.97789419495524,6.4974905850024625,278.73265325924245,225.8784050521582,27.24027593678893,172.45024966327205,76.05848903138607,43.18145714465501,11.96519141765264,11.42154617132472
32058222,106.514000,12.002124,43.122450,1048.95,1012.42,1090.86,1015.37,14.69,-0.01,0.67,1.0,0.47,1.0,1399.89,0.4497406562621343,0.5638560349759609,-0.007825062048807372,-0.06982002784058908,-0.05046710424356594,-0.24548425773775373,326.01141158375094,448.96347496600964,6.528774559160114,280.0870104227921,225.52177396704258,26.648846755388256,177.5892469740128,72.39976647131051,40.967062747153314,11.614370640238095,10.569065955883506
32058322,106.614000,10.348633,38.810395,1047.22,1012.43,1089.91,1015.62,14.4,-0.01,0.55,1.0,0.41,1.0,1399.92,0.4486630236399324,0.5559484650056644,-0.012906414679225181,-0.08598355942013985,-0.06279341081609892,-0.2092219867000323,326.020522359273,448.96030614256017,6.509002849581086,282.58479370735984,224.82387165493142,25.378564800058903,185.69180307671937,67.41393710400418,38.0451038630703,10.967486640309147,9.679218142454541
32058421,106.714000,8.715093,34.401810,1045.9,1012.41,1089.68,1015.88,14.02,-0.01,0.46,1.0,0.4,1.0,1399.97,0.4469860362878199,0.5464134703175918,-0.019664805679684292,-0.10303638456482679,-0.10901950858856269,-0.36923069612562137,326.01420505296363,448.9562694705643,6.507361245517457,283.4267028233525,224.62483128370448,24.949989444145398,188.2501448300721,65.89024870948539,36.38366431181565,10.749222947291114,9.448270718835342
32058522,106.813000,7.161357,30.053159,1045.12,1012.44,1089.48,1015.99,13.52,-0.01,0.41,1.0,0.4,1.0,1399.86,0.44463997952454776,0.5354042611691402,-0.026706097105249675,-0.11823405990320758,-0.08836834502979561,-0.20938642291475104,326.0185307229486,448.9591385110909,6.523888206899126,285.6484379431006,224.01303041293218,24.072664682705575,194.67469048688054,62.397268517443536,35.34904726536834,10.174314129652116,9.026595352552484
32058621,106.914000,5.640832,25.662834,1044.48,1012.86,1089.0,1016.19,12.9,-0.01,0.37,1.0,0.37,1.0,1399.89,0.4415544046184815,0.5231278628250076,-0.0336801801823331,-0.1263077139851415,-0.07281174557989337,-0.08282578802867321,326.01515564692374,448.9422813012508,6.5118146338888065,286.5080221696722,223.7843418277572,23.48927435623726,197.317975484587,61.01806858574697,35.430338183570015,9.9520438658205,8.817064143838625
32058721,107.013000,4.189910,21.388350,1044.41,1013.04,1089.18,1016.22,12.16,-0.01,0.38,1.0,0.4,1.0,1399.97,0.43767978219068154,0.5097903437065416,-0.04158794603566489,-0.136929387390399,-0.07294632166803551,-0.0867858333295464,326.0196947668409,448.95073184536153,6.510707455452369,286.5719611040435,223.80456808768187,23.42003661270955,198.20550443022293,60.442611925538365,35.11940692841904,9.937888636864107,8.534256737546876
32058821,107.114000,2.796303,17.220541,1044.03,1013.38,1088.8,1016.23,11.33,-0.01,0.36,1.0,0.38,1.0,1399.95,0.43312947977347377,0.4956521479187836,-0.04770807291480648,-0.14404561756058482,-0.05298506339762054,-0.058038543710666385,326.0233203069213,448.96177200473056,6.515130949252997,286.51466283756235,223.7628933730047,23.36862132915269,198.1443193752225,60.43112944568492,34.95692299675788,9.950646994528569,8.514226765204196
32058921,107.213000,1.503162,13.289220,1043.94,1013.65,1088.66,1016.19,10.44,-0.01,0.36,1.0,0.38,1.0,1399.95,0.428074353548176,0.48096737149422053,-0.05158823573931047,-0.1468961716712482,-0.0054042344084170866,0.05818894870597937,326.0161875472773,448.961292543911,6.515554428788507,286.5066656551058,223.77231201779435,23.370219140621764,198.14273354965053,60.409539126735595,34.89287915763717,9.951289000178894,8.506651128612017
32059021,107.313000,0.710634,10.863628,1043.87,1013.8,1088.52,1016.24,9.54,-0.01,1.0,1.0,1.0,1.0,1399.97,0.4226767571819509,0.46601396107047416,-0.05477153546399191,-0.14944462492774205,-0.02519316067044169,-0.010059154845374152,326.01990819868337,448.95094496270525,6.531174453553096,286.61073404543504,223.8039372086761,23.4051626973435,198.41475500829003,60.29831410346652,34.95801552504238,9.928331420876342,8.486044499064842
32059121,107.413000,-0.755642,6.443726,1041.48,1013.35,1085.09,1015.93,8.64,-0.01,1.0,1.0,1.0,1.0,1400.07,0.4184811208729776,0.45477635042439146,-0.04702666946154859,-0.12485354024631791,-0.019062531406955754,-0.014898541855507333,326.0133715769001,448.95504764404194,6.502757496946659,286.55616004877385,223.8071427328983,23.401709469530175,198.49154220282435,60.21176324025744,34.84666463474211,9.94015339590461,8.413606034855402
32059222,107.514000,-1.916400,2.796947,1039.04,1012.73,1081.23,1015.62,7.73,-0.01,1.0,1.0,1.0,1.0,1399.88,0.41278268813825864,0.4399220507438488,-0.05738023751377973,-0.14817940410052585,0.007330075782321901,0.05166777081158043,326.0168537765812,448.9546735290485,6.526217898358463,286.2414925393225,223.88940743884274,23.19451071663742,199.56020224792766,59.31333391817512,33.88625425384268,10.022288989608962,7.730945526087105
32059322,107.614000,-2.830491,-0.066992,1036.78,1012.36,1077.55,1015.4,6.82,-0.01,1.0,1.0,1.0,1.0,1400.08,0.4070808311685873,0.42524334720448104,-0.05668871216802201,-0.14621519418030848,0.0018812543047848546,-0.007953976121336912,326.0143834901756,448.95360621020717,6.518493732785355,286.77036227451794,223.78064959475512,23.110535675134752,201.89113775797173,58.04039076698893,31.015242305456344,9.886430395081835,7.345121349269711
32059421,107.713000,-3.679394,-2.649911,1034.77,1012.05,1074.08,1015.15,5.88,-0.0,1.0,1.0,1.0,1.0,1399.84,0.40145386638028635,0.41064960173247184,-0.05620985557301386,-0.14626247433346626,-0.0028960950420783473,-0.020337629030160377,326.0185292521501,448.9454661256803,6.503903444533076,287.9140561616586,223.52326998322866,22.581852083715596,205.98337478414624,55.91272878558713,29.232412380818744,9.594356717075405,6.861402085384437
32059521,107.813000,-4.440391,-4.891792,1032.95,1011.83,1070.81,1015.14,4.94,0.0,1.0,0.55,1.0,0.19,1399.89,0.39587602603341887,0.39609297768741986,-0.055642082998215325,-0.14507175808913467,-0.011718328920743684,-0.020273357293460692,326.02258823191,448.9526054840535,6.545293819062402,288.7474432240229,223.3290543546,22.3026899214968,208.27423510784413,54.85076708416607,28.423693363591017,9.381067795531282,6.769214548511339
32059622,107.914000,-5.112229,-6.781360,1032.48,1016.46,1067.4,1014.43,4.04,0.0,1.0,0.18,1.0,0.26,1397.09,0.3902536052262806,0.38160946309662064,-0.05706493435836387,-0.14558373698760674,-0.04270430594510628,-0.06393342255490699,326.01479562696034,448.9408871816577,6.503092254555111,291.96015034911983,222.6900150456083,20.92253408744949,217.66574558671178,50.67516023404718,27.347391956288547,8.559744089211259,6.240361420239314
32059722,108.013000,-5.699950,-8.255097,1030.92,1014.21,1064.23,1013.46,3.21,0.01,1.0,0.5,1.0,0.69,1397.29,0.3844288837447591,0.3672135457550459,-0.06030201576280993,-0.145656004810199,-0.034527522106479816,0.012131620201560733,326.02405582355647,448.9425713504732,6.502316651958453,294.79444342690374,222.17111147126343,19.81309199125016,217.66574558671178,50.67516023404718,27.347391956288547,8.559744089211259,6.240361420239314
32059822,108.114000,-6.221901,-9.274093,1030.77,1018.06,1063.13,1022.33,2.46,0.01,1.0,0.25,1.0,0.1,1396.44,0.37832720893799915,0.35300576021276325,-0.06176221468348458,-0.1408934389996194,-0.0074327790752042365,0.05800353252553297,326.02597582914666,448.9456948391264,6.505639478325813,298.0745498791307,221.55242439071944,18.405062833763406,217.66574558671178,50.67516023404718,27.347391956288547,8.559744089211259,6.240361420239314
32059923,108.214000,-6.677683,-9.782708,1029.91,1018.75,1061.18,1021.72,1.26,0.01,1.0,0.19,1.0,0.15,1395.84,0.37206962538543803,0.33915783404297484,-0.06279859091528311,-0.13659055172478218,-0.04977919857820484,-0.04806186686792305,326.02286781359777,448.9350331914098,6.499551502340369,300.6312262121649,221.1353240675234,17.273342311899853,217.66574558671178,50.67516023404718,27.347391956288547,8.559744089211259,6.240361420239314
32060022,108.315000,-7.067475,-9.784774,1027.97,1017.87,1058.2,1019.85,0.81,0.01,1.0,0.27,1.0,0.31,1394.08,0.3657501236886698,0.32579834184091766,-0.06494124737442239,-0.13425185843611231,-0.08189723124408317,-0.0645440814127678,326.02576367666103,448.93744205418943,6.4899848405612275,303.54428681554106,220.76173945324206,16.16031118590458,251.2922815024303,39.121544645265075,18.317383120757203,5.627022276222067,4.7947698673172905
32060122,108.414000,-7.421198,-9.334587,1026.1,1016.81,1055.38,1018.58,0.49,0.01,1.0,0.48,1.0,0.56,1394.87,0.36051624062846294,0.3158908814480839,-0.06108279174963367,-0.11043323831738762,-0.07725829619800854,0.02614341507613284,326.02787330516315,448.93243457670746,6.488233801230674,304.9005402445237,220.57438941652282,15.538333557568578,257.319453516483,37.48849075630301,16.6744970544214,5.285869398244762,3.9962491305581676
32060222,108.514000,-7.692604,-8.334286,1025.86,1020.41,1054.67,1024.16,0.29,0.0,1.0,0.2,1.0,0.11,1394.77,0.3523881830340469,0.3025062978826302,-0.08606717665790674,-0.13500817009679855,-0.1418519350611545,-0.05638939024564657,326.0310518890582,448.9343425218523,6.500233739019612,305.4702437400203,220.57596162589525,15.218203927725513,258.4484865155033,37.25532776506926,16.64067003755344,5.1448934966716875,4.096436508238444
32060322,108.614000,-7.936826,-6.888669,1024.93,1021.02,1052.52,1023.61,0.18,0.01,1.0,0.2,1.0,0.03,1394.55,0.34311964759061103,0.2889848275663849,-0.09717527891609189,-0.1363738233147309,-0.11219724569999465,-0.024359800424450573,326.0291356794636,448.93094147883323,6.510791252044029,305.0058576086373,220.56804185857027,15.348467075789596,260.6705225348992,36.48985950009961,15.387934364758806,5.229637337575905,3.1213710116113056
32060423,108.715000,-8.157132,-4.966697,1023.22,1020.4,1049.83,1022.14,0.13,0.01,1.0,0.28,1.0,0.03,1393.26,0.3330007785711593,0.27539350675930224,-0.10320898330914115,-0.13621874968682487,-0.01665044766858944,0.02917920843196299,326.0289377770388,448.92956542269116,6.520207530130351,305.12415105146164,220.5099419308751,15.267735965065311,261.6945825095572,36.221230085118776,10.546505170145794,5.229098515169618,2.802211770727695
32060523,108.815000,-8.347433,-2.593373,1021.7,1019.63,1047.11,1020.9,0.1,0.01,1.0,0.35,1.0,0.14,1392.86,0.32234459818438904,0.26155510907558177,-0.10962216840248293,-0.14138245671888855,-0.17713134927034807,-0.20743214842364993,326.0177398207473,448.9325406892187,6.523482425518004,305.36502800495657,220.56215220054918,14.980617873015344,263.75332425717966,35.5939759346844,13.401545181401175,5.167495893025458,2.343582616082619
32060622,108.915000,-8.528969,0.314180,1020.55,1019.31,1044.74,1019.71,0.07,0.01,1.0,0.42,1.0,0.12,1393.68,0.3113967531242479,0.24747629530352885,-0.11075292851415221,-0.1421868034780495,-0.17232039743309652,-0.21272099871146516,326.0295006275919,448.9347008610156,6.501079783960235,306.0228878097173,220.48567779182557,14.745335284653496,265.93619558939145,35.17086406268777,12.546703376360192,5.004956298921693,2.196057143193462
32060723,109.014000,-8.699393,3.758223,1020.15,1022.2,1042.1,1018.66,0.03,0.01,1.0,0.2,1.0,1.0,1394.32,0.3002967186864003,0.23331428551973188,-0.11217502328012292,-0.14285351373243768,-0.03670000873254401,-0.04454881024129359,326.03439300630066,448.93416299591445,6.485940249177199,306.921844648674,220.31783898831497,14.405883826265702,267.60081255727664,34.4642551202989,11.749972401469511,4.93858296365779,1.8895031713365125
32060823,109.115000,-8.852480,7.389683,1019.03,1020.44,1039.68,1016.94,-0.0,0.01,1.0,0.37,1.0,1.0,1395.07,0.28916293124585246,0.21911611002130982,-0.11173345605831819,-0.14239818541582536,0.0043909761455458,0.013684410304938926,326.0259873463691,448.93522293457784,6.515795123741879,307.78672582022426,220.25293968231904,14.019127759422043,271.86671099535926,33.91523149652041,10.62731935580333,4.5601485657913425,1.7906808743532068
32060924,109.216000,-9.023485,11.636361,1018.56,1020.93,1037.37,1016.04,-0.03,0.0,1.0,0.34,1.0,1.0,1395.85,0.27805408322417324,0.2050459831676364,-0.11052714262701656,-0.1395008178898181,0.0351811354354055,0.056451021407314984,326.033531362156,448.9280030494993,6.5030290277569485,309.42669684892536,220.12886015226525,13.275577253038906,276.02462467404484,33.172336650746416,9.50304835066487,4.151396146393468,1.8269218749014584
32061024,109.316000,-9.164337,15.498231,1018.06,1021.9,1035.46,1015.45,-0.05,-0.0,1.0,0.29,0.78,1.0,1396.44,0.266965675809588,0.19117778496100593,-0.11050406819404544,-0.13699403679532304,0.026754345216560727,0.07021558703106766,326.04401086142207,448.9309969777765,6.4970023345784025,310.85914649538546,219.99853685925908,12.615990618313319,281.06060876366405,32.26508962593122,8.095885042307309,3.794813936152357,1.429568887282132
32061123,109.417000,-9.358553,20.016309,1017.09,1021.17,1034.03,1015.2,-0.05,-0.0,1.0,0.36,0.69,1.0,1397.09,0.25862357759964005,0.1809700656449468,-0.09315156647072545,-0.11319044446404049,-0.0180413273450044,0.0052724369396631695,326.033985310481,448.92072441851036,6.491189691240922,312.3940927660373,219.858459423461,11.952799970151954,285.155387122405,31.666581797377592,7.108675959666042,3.407748299906753,1.4202442634388541
32061223,109.515000,-9.534707,25.416275,1016.67,1021.58,1032.9,1015.13,-0.05,-0.01,1.0,0.36,0.1,1.0,1397.59,0.247420623137528,0.16765178946528084,-0.1129461892595213,-0.13237393115351964,-0.018914115634795177,0.028567294502961846,326.0315406368017,448.9227196394272,6.501655185123884,313.2559306944235,219.7593963656198,11.640707715620039,288.47884021751327,31.240499374523395,6.21882266195854,3.1908754188229973,1.105733310337846
32061324,109.615000,-9.728735,31.181641,1016.09,1022.29,1033.02,1015.48,-0.05,-0.01,1.0,0.31,0.1,1.0,1396.58,0.23614779028545058,0.15470629576921527,-0.11153299220976164,-0.126532018749054,0.04142480833359971,0.0884639700975269,326.03755555715594,448.9255610821545,6.507732034956977,313.7057705984094,219.7399366227999,11.43654040184701,290.21865487460315,30.99212412039842,5.728079295561575,3.079942475440398,0.9333393025437475
32061424,109.715000,-9.908409,37.160530,1015.5,1021.48,1033.27,1015.8,-0.05,-0.01,1.0,0.38,0.09,1.0,1396.96,0.22488255041267446,0.14216816369462634,-0.11272030859060278,-0.12418420731413024,0.013189263134249897,0.04611607157667997,326.0400212775379,448.92545965197615,6.502912354556536,314.1087567503958,219.81491272985977,11.341828184219997,291.112886610134,30.80283420344843,5.5824582732899275,2.9810680469587574,0.9745770133338567
32061523,109.816000,-10.093945,43.468440,1015.41,1023.04,1033.48,1016.0,-0.05,-0.01,1.0,0.31,1.0,1.0,1397.65,0.21373913289850396,0.13008438577294543,-0.11162745783582011,-0.11974547827380581,-0.08535059195479466,-0.05523882285449287,326.0391109722099,448.9231063302174,6.518711266664616,314.37954846682044,219.7884733592296,11.071965427649022,292.00029493235417,30.767778652005017,5.457276828751798,2.912994943532396,0.9261564381261236
32061623,109.915000,-10.286227,50.059847,1014.76,1022.25,1042.31,1018.5,-0.05,-0.01,1.0,0.38,0.83,1.0,1397.22,0.20280773532598723,0.11857370660339062,-0.11083280437500347,-0.11546905276809453,-0.0787506163350256,-0.04947667691842241,326.03887170843075,448.9267434763649,6.495932960955807,314.8696569702628,219.73441087910743,10.744558351809019,292.915052490358,30.612092138461534,5.369599841829038,2.789984175223442,1.0416766474649943
32061724,110.016000,-10.484020,56.765314,1014.72,1023.36,1050.41,1020.54,-0.05,-0.01,1.0,0.32,1.0,1.0,1396.25,0.19216282058014447,0.10771997925010712,-0.10561416624297704,-0.10608743968765633,0.009708551688244353,0.05542096634060946,326.03695497386883,448.92360529078206,6.506328312125926,315.89270601001226,219.64277130726327,10.611676646364051,292.3147800766883,30.820064959434426,6.7620341923481595,2.5333292656615463,2.050914664424604
32061824,110.116000,-10.686471,63.669255,1014.49,1023.27,1055.82,1022.2,-0.05,-0.01,1.0,0.34,0.78,1.0,1395.89,0.18181626681162633,0.09785436058992177,-0.10172397392949335,-0.0932530423914171,0.011575127630902777,0.11342571926673838,326.04254461056775,448.92469667411586,6.5138162497567675,315.9878333544621,219.62258846544162,10.299341456361887,291.13611578499047,31.050183054381403,7.907540604929613,2.510765040608786,2.4861422665782564
32061924,110.216000,-10.887534,70.629314,1014.3,1023.17,1063.06,1023.71,-0.05,-0.01,1.0,0.38,1.0,1.0,1395.51,0.17179196907361413,0.08936237696388068,-0.09959658101234094,-0.08022977058407683,-0.03598668599201492,0.08048938759224242,326.03328737189844,448.93328966547296,6.49555258359313,316.51286356791184,219.59215723102236,10.451655872317408,288.3851262890276,31.656889272412528,5.259370210626738,2.3771012543637573,3.757911343252511
32062025,110.316000,-11.097309,77.739119,1014.37,1024.8,1068.0,1024.8,-0.06,-0.01,1.0,0.25,0.9,1.0,1395.29,0.16216432441700046,0.08242017760189198,-0.096624994787686,-0.06367650743082191,-0.04572613176127492,0.14303808630372908,326.03880131499835,448.928326322814,6.4945485532739395,315.79185457628523,219.65537218826952,10.246814861498205,286.03764085976155,32.048342183533286,11.046997041881466,2.559029951582888,3.893910286298638
32062125,110.417000,-11.353722,85.125800,1014.16,1024.12,1075.23,1026.3,-0.06,-0.01,1.0,0.31,0.31,1.0,1394.75,0.15524026711175587,0.07848016517498065,-0.07643363106730355,-0.03999402270696666,0.01590061093434799,0.12644717787695622,326.0327857591956,448.9285156559725,6.509844809793087,316.40769308995306,219.60027009998393,10.4198987896233,282.052535609161,33.078602802384005,9.608545555765398,2.4033398494671725,5.629578427752432
32062225,110.517000,-11.600293,93.007255,1014.0,1024.14,1073.76,1025.0,-0.06,-0.01,1.0,0.37,1.0,1.0,1395.43,0.14646896282805877,0.07517919941048096,-0.08388872042203034,-0.023104394829715956,0.16830708445304382,0.2815286017918783,326.0363068891919,448.9227908678426,6.508054631923666,315.7084579892009,219.63797611797597,10.20776424559334,279.95885828172777,33.49404541258434,14.921994412828852,2.579073705683851,5.713336114805751
32062325,110.617000,-11.852602,100.614893,1014.27,1024.89,1080.91,1025.26,-0.06,-0.01,1.0,0.34,1.0,1.0,1395.34,0.13824859512037732,0.07428617035057078,-0.07992169831745363,-0.0007773453346088748,0.05309813261063237,0.20621071742329564,326.0383386119249,448.91621892073715,6.493183203447863,315.8138890959132,219.6597469418401,10.425813786682705,278.98972127132737,33.701075534041664,15.16413615811386,2.5536023652239814,6.0937912678899995
32062425,110.717000,-12.110421,108.518825,1014.26,1025.58,1089.05,1025.27,-0.06,-0.01,1.0,0.28,1.0,1.0,1394.68,0.13065491467674445,0.07541500238012998,-0.07379682240098595,0.01857174925550301,0.046694326359669955,0.1972970908847518,326.04065226203903,448.922348705737,6.4869792101074,316.41744287659816,219.61222590052515,10.225318651668063,276.4469558312246,34.71524617906339,14.136170921485327,2.403059833809332,7.392206217751316
32062526,110.817000,-12.351359,116.451949,1014.12,1025.31,1097.09,1024.96,-0.06,-0.01,1.0,0.31,0.92,1.0,1394.29,0.12367798380977939,0.0785751793372149,-0.0688713101124129,0.04124063707855955,-0.014282307881785325,0.2981292333584164,326.0369824319032,448.93185769264335,6.527138264377942,316.86632669611316,219.5771205945154,10.009661466442928,274.01444764676,35.59600685826838,19.59126807666798,2.2897286762963645,8.531807461685723
32062626,110.918000,-12.567461,124.596025,1013.99,1025.23,1104.41,1024.13,-0.06,-0.01,1.0,0.32,0.32,1.0,1393.98,0.11721516564503325,0.08421941927861232,-0.0632898271728652,0.06636803228006001,0.029208856384656246,0.2735301330372126,326.04031220233543,448.92967537459543,6.492354250352087,317.36498720567374,219.65751726899634,9.743821870058683,270.4606390559833,37.023728118119365,20.364814564504776,2.1669551738441712,10.069609971471209
32062727,111.018000,-12.785724,132.681916,1013.85,1025.34,1103.19,1021.81,-0.06,-0.01,1.0,0.31,0.44,1.0,1394.66,0.11123483252709283,0.0924481438231342,-0.057700148162137276,0.09166087892327004,0.024244730899019764,0.28954679572446823,326.03287918526433,448.92516550651106,6.509300362997274,316.5220731198425,219.6082512672684,10.091401691722313,266.99090431451634,38.141004443691955,23.499106560493757,2.374953111220155,10.516996746692563
32062826,111.119000,-13.004134,140.799750,1013.91,1025.43,1103.26,1020.03,-0.06,-0.01,1.0,0.41,1.0,1.0,1395.47,0.10573481338193809,0.10323924642062879,-0.05383291435917279,0.11845757041900185,0.03592021340589372,0.2755399089377951,326.0379571937895,448.9314396868849,6.4969468271455675,315.87864524721635,219.64626208402453,10.295658646287917,264.0511452632383,38.839221012976026,24.437706596703283,2.537038041371113,10.92062832271408
32062927,111.218000,-13.252097,149.196511,1014.56,1027.02,1112.33,1019.73,-0.06,-0.01,1.0,0.28,1.0,1.0,1395.01,0.10082741073333153,0.11620903329848989,-0.04647792671948204,0.13650458001200638,0.07127869310236855,0.16693437692171906,326.0304295273084,448.926858448314,6.4968998170867245,315.8326886690492,219.62398435209897,10.278186984004769,262.9487182384311,39.355242715273185,24.64138304644816,2.546425828355368,11.256823989558193
32063027,111.319000,-13.493518,157.246282,1014.52,1027.85,1120.55,1019.51,-0.06,-0.01,1.0,0.21,1.0,1.0,1394.39,0.09654922610159429,0.1309958862832705,-0.04049043832386864,0.1538302522428931,0.06540630177705113,0.13372959801898804,326.03744795710026,448.92214533126906,6.499147995142041,317.11709613904304,219.59074143455683,9.789164811258015,261.739844009003,40.52702084687096,27.54685538408289,2.2275230221141187,12.729702201626306
32063127,111.419000,-13.704414,165.025440,1014.36,1027.59,1127.53,1019.5,-0.06,-0.01,1.0,0.23,1.0,1.0,1393.97,0.09366437190579863,0.14330717921674546,-0.031197751921049285,0.14071609741416774,0.01708477193905718,0.17538996857506883,326.0340811883459,448.92935329715544,6.495306990708915,317.9660647529239,219.53954608639222,9.341370510943795,260.8001617874437,41.457462828827516,30.377787078567337,2.014356367209421,13.768370813041823
32063228,111.519000,-13.836818,172.367206,1014.13,1027.46,1135.01,1019.28,-0.06,-0.01,1.0,0.32,1.0,1.0,1393.0,0.09010847159431068,0.16148295571786858,-0.03488444558013484,0.19140153032340554,0.01548168271625487,0.26866776563569866,326.03161965477835,448.925106003961,6.509952258605187,318.4068666294013,219.54542860313703,8.877492236582018,258.7422857947319,42.76722363638458,30.82851701043632,1.9038537981223784,14.842394661610648
32063327,111.620000,-13.895638,179.141240,1014.01,1027.47,1141.43,1018.95,-0.06,-0.01,1.0,0.32,1.0,1.0,1392.56,0.08680627724628419,0.18167900335030124,-0.03222250695038347,0.20974670924685546,0.022969401161842245,0.19353997863766514,326.0363497082912,448.927261451635,6.513455478462102,318.8049006373958,219.48248616750226,9.097284822270032,256.02586247529183,44.383978942565534,38.644462251636526,1.8052030305383981,16.114155133667133
32063427,111.720000,-13.872763,185.397943,1013.97,1027.35,1148.31,1018.94,-0.06,-0.01,1.0,0.35,1.0,1.0,1392.6,0.08372061828433483,0.20383810907324534,-0.029976853350930324,0.22812336722659585,0.03308897151026977,0.10371809599745682,326.0388734729253,448.9314620047749,6.499095007727118,318.4127521378274,219.54800428549964,8.817458277603842,252.56982702354165,46.18774224948851,42.22175514941524,1.9041638464251371,16.988650901837268
32063527,111.819000,-13.758681,191.024423,1014.0,1027.85,1154.69,1018.52,-0.06,-0.01,1.0,0.31,1.0,1.0,1392.71,0.08086378959201783,0.22788581846748943,-0.027921248632958296,0.2502248481051817,-0.001949468082766671,0.43650102304175126,326.03807746348076,448.9341618308058,6.523903390702282,318.19101739370313,219.5673337752303,9.001340565284105,248.27596644948832,48.6042401487446,43.59569046297925,1.959429520626077,18.323160303644407
32063628,111.919000,-13.551825,196.049107,1013.96,1027.73,1160.96,1018.25,-0.06,-0.01,1.0,0.32,1.0,1.0,1392.74,0.07828205208120884,0.2537220019519143,-0.025084098669663855,0.2688964292853178,0.015459570489915442,0.3363886539976449,326.03359828787285,448.94569582332775,6.5185742618469495,317.839891704893,219.58422750770393,9.16323190137166,244.35538631568986,50.709575834139905,47.28724448369962,2.045963740744084,19.423968569520092
32063730,112.020000,-13.242875,200.531041,1013.9,1027.79,1167.2,1018.09,-0.06,-0.01,1.0,0.32,1.0,1.0,1392.8,0.07600205413997033,0.28130572164395606,-0.021482532487996305,0.2801572269230922,0.04972511872009407,-0.07539443958736151,326.04031111724566,448.94215624409435,6.4859978140838255,317.86623492220247,219.58536966958212,9.15253740401519,239.79988230152844,53.97615783723194,52.67090811550961,2.0332900802444196,20.7560548998122
32063828,112.121000,-12.806292,204.586324,1013.92,1027.81,1173.1,1017.94,-0.06,-0.01,1.0,0.32,1.0,1.0,1392.84,0.07402238177174235,0.3105607876457081,-0.018232275100722138,0.290855799970812,0.048090716669933656,-0.16962489920496834,326.03255586126363,448.94636788310027,6.505541145969403,318.03163229592496,219.5511037610788,9.217879409646955,238.54234954793776,54.92204336896056,53.98963873664349,2.0411078231689226,21.15645627768994
32063928,112.219000,-12.264381,207.877452,1013.86,1027.85,1179.06,1017.78,-0.06,-0.01,1.0,0.32,1.0,1.0,1393.04,0.0723238352585195,0.34119825882933064,-0.01591895621465412,0.3090793728583604,0.03333875373069167,-0.040694404624720286,326.03784706432674,448.949170098896,6.489083633111611,318.16631327101595,219.56827844373458,8.960800025510997,236.354796386038,56.86979722831911,45.478934120483046,1.9654154667938406,22.764308075593163
32064028,112.320000,-11.716577,210.150277,1013.92,1027.96,1184.67,1017.66,-0.06,-0.0,1.0,0.31,1.0,1.0,1393.09,0.0708677184813013,0.3729556972393261,-0.013650586853199781,0.31967226555106193,0.03256104777465719,-0.143462517572312,326.04325666202163,448.94988991463754,6.488534600795379,318.2061499213413,219.56418157482582,8.898313646851935,233.87745979078238,59.10553924141789,60.49469626009661,1.956785137278348,23.810502912284203
32064129,112.420000,-10.999037,212.125899,1013.9,1027.97,1190.25,1017.57,-0.06,-0.01,1.0,0.32,0.86,1.0,1393.24,0.06961593132723085,0.40594282713446034,-0.011783661417770215,0.33425377549034074,0.018498343123413377,0.14386306910327906,326.03886792894787,448.9455372956372,6.5189897473263745,318.00918570569263,219.59315744948228,9.007347556061987,230.67328976809,61.48329159803008,64.0719144689342,2.005120112730327,24.90491135935028
32064229,112.521000,-10.020840,213.835336,1013.85,1028.07,1194.83,1017.28,-0.06,-0.01,1.0,0.31,0.49,1.0,1393.49,0.06856228858106911,0.44003598353629425,-0.009729759530498342,0.3423144703416777,0.01755506978897844,0.14402363620841932,326.0352441664738,448.94272827425164,6.491269161923547,317.7485557399026,219.62114326267118,9.304027530900546,227.24811616857176,64.19739522504719,52.374124038871116,2.0695207370782716,26.072428377050763
32064329,112.621000,-8.908121,214.977379,1013.93,1028.03,1196.31,1016.7,-0.06,-0.01,1.0,0.01,1.0,1.0,1394.07,0.0677110669628324,0.4749604288522888,-0.007874685985000693,0.35980308174149955,0.010039764070054786,0.6213092164050836,326.0353693031899,448.9353495552861,6.501539323025751,317.36824797042624,219.65760090250743,9.418916052712495,224.6200046387115,66.92407582073523,54.66444017339371,2.1648552453039063,26.83431633615289
32064429,112.723000,-7.651644,215.607592,1013.89,1028.08,1200.24,1016.68,-0.07,-0.01,1.0,0.02,1.0,1.0,1394.25,0.06708820455932171,0.5106759546126367,-0.005398085908064436,0.364706117135674,0.02132234571568795,0.2660428243074189,326.03757963163423,448.94352954861347,6.492227752543232,317.32806225024524,219.58885902866427,9.379616054120063,223.31072892224228,67.4811929723334,55.57068353559635,2.1747057858604664,27.37068643426139
32064529,112.822000,-6.267877,215.731729,1013.88,1027.97,1205.62,1016.92,-0.07,-0.01,1.0,0.22,1.0,1.0,1394.18,0.06669951652144064,0.5468757747356678,-0.0030909888754029197,0.36479354130688296,0.021145778459462493,-0.005558788978327909,326.0395760951108,448.94578659683236,6.502212069191418,317.93640869149675,219.61200720872327,9.255434894609005,223.0280812361291,68.43349309939292,56.59476149995576,2.0232020030085534,28.073778481789887
32064629,112.921000,-4.727421,215.381009,1013.82,1027.98,1210.71,1016.94,-0.07,-0.01,1.0,0.24,1.0,1.0,1394.15,0.06647536921329945,0.583238165970948,-0.0019163045603637012,0.3623850011251022,0.00672892415128382,-0.03838507954779698,326.040217221451,448.94284024732957,6.495332565248258,318.30794072450584,219.57655930850743,8.836294303304513,221.53169291387184,71.2074542719858,59.56782486648238,1.9307942469107158,29.253488946605014
32064730,113.022000,-3.106818,214.585864,1013.81,1027.92,1215.55,1016.9,-0.07,-0.01,1.0,0.25,1.0,1.0,1394.17,0.06631478417399106,0.6197081603231762,-0.0014279851139718856,0.36521278662146284,0.004628205688713555,-0.03502189183616832,326.0390916232122,448.9584520127707,6.496709488584562,318.081656643745,219.62187383436986,8.999321688517822,218.37756457549443,74.2509141868036,61.67026997196395,1.987230332904736,30.470197735567496
32064829,113.121000,-1.512434,213.476473,1013.74,1028.04,1220.36,1017.03,-0.07,-0.0,1.0,0.28,0.87,1.0,1394.0,0.06619723131999224,0.6561735095370692,-0.0009896707345637737,0.3634870417250767,0.006031881011782768,-0.061124186680482716,326.0466666806937,448.9574443816115,6.511210641371719,317.3074171504263,219.6240598492025,9.467658712679048,214.68621229407265,77.42295009071239,83.36341660357037,2.1823248734110976,31.45192042972807
32064930,113.224000,0.353250,211.941876,1013.79,1028.14,1224.4,1016.76,-0.08,-0.0,1.0,0.3,0.55,1.0,1394.37,0.06616702412113219,0.6926290828329441,0.00022071265297001622,0.3646393376554186,0.014914698411666694,-0.06780041184652753,326.0391874112487,448.94904225114266,6.505788038120047,316.5559244544669,219.6692441271757,9.790198734543843,211.52018299853077,80.2812016006428,86.86912660874617,2.3684660465882588,32.26288896392728
32065030,113.322000,2.031446,210.403943,1013.91,1028.09,1226.43,1016.53,-0.08,-0.01,1.0,1.0,0.08,1.0,1394.71,0.06629797044691486,0.7290659438445682,0.0020414971899348263,0.36293526807287585,0.021025288956832495,-0.002941169865707522,326.0402079954616,448.9543566888037,6.509397672028727,316.6988820668195,219.66768279470512,9.970156077296338,210.22464776187257,82.08640943326073,68.89042741636374,2.3329865410691135,33.07033740075846
32065130,113.423000,3.793478,208.799154,1013.4,1026.34,1225.53,1016.22,-0.08,-0.01,1.0,1.0,0.16,1.0,1395.54,0.06644164175459112,0.7472459459326319,0.0026090546846794507,0.30192965840417874,0.01452302380207102,-0.04055611633167082,326.04104194560335,448.9659000932654,6.4912991979638095,317.0936809633818,219.64761440674047,9.517398678936678,210.86006993167214,81.92974972797238,89.37734030273779,2.234388404035229,33.17730897421387
32065230,113.523000,5.858051,206.621822,1013.05,1024.52,1224.92,1016.17,-0.08,-0.01,0.45,1.0,0.06,1.0,1396.22,0.06697685524191092,0.7925028496190037,0.004834468295898673,0.35920448084320633,0.012853943116336553,0.21271610539047378,326.03851119654655,448.9573938790812,6.521860958020197,317.7145975901048,219.68640973908967,9.347754507455665,211.8040117259496,81.5614761324788,89.26570663084902,2.079267626916987,33.321511544467974
32065330,113.624000,7.914504,204.490986,1015.42,1023.72,1224.81,1016.24,-0.08,-0.01,0.27,1.0,0.05,1.0,1395.23,0.06749427827984211,0.8280896288418773,0.005354044299907161,0.3602120049952028,0.0021698055034220904,0.04817849607508014,326.03545826457025,448.95047295431385,6.52164114252335,317.6045196229349,219.67806427791237,9.372505470628507,212.00242966101177,81.33349446945644,68.19811916270564,2.1059648961224458,33.14352718648264
32065430,113.724000,9.970240,202.310729,1014.6,1022.33,1224.49,1016.2,-0.08,-0.01,0.35,1.0,0.03,1.0,1395.64,0.06800870776130961,0.8626926708276887,0.005102815735207383,0.34184542891478903,-0.002700699206424721,-0.2621445354494615,326.0369525871996,448.95889438351867,6.518346680441177,316.9754849109131,219.70336782939523,9.788117050254897,210.43292110037262,82.18185561320004,68.89910900291305,2.2634731894622515,33.23920785378333
32065531,113.822000,12.174549,199.991197,1014.0,1021.21,1224.23,1016.12,-0.08,-0.02,0.91,1.0,0.57,1.0,1396.42,0.06853035365492685,0.8959362043156004,0.005430199054887424,0.3297779097341272,0.00685752458968367,-0.10409352004452516,326.0378520105722,448.9503678250688,6.520602830281859,316.1977783736796,219.70162471046996,10.030443064616497,209.29685162519957,82.67979843016506,69.11795919564142,2.457805525533409,33.044833389242896
32065631,113.923000,14.371571,197.641670,1023.67,1022.94,1221.92,1015.88,-0.08,-0.02,0.33,1.0,0.6,1.0,1396.04,0.06911714106710566,0.927572378628696,0.006301494251686382,0.3102985964540085,0.019611362486021456,0.07012620676558738,326.039979669072,448.9558308620933,6.506641747265068,315.18338877908394,219.7927212688856,10.447554596854578,206.6791260494661,83.88799720744679,70.31803578281816,2.712356718761287,33.17862015715674
32065731,114.023000,16.510499,195.280492,1023.9,1022.56,1217.8,1015.92,-0.08,-0.02,0.5,1.0,0.47,1.0,1395.95,0.06988470340495219,0.9573745917918164,0.008721871101016293,0.29652980808314405,0.02468680567070411,-0.2030892394196517,326.0424280015279,448.95743301011686,6.521563495618537,314.64459809569223,219.77170982687642,10.759032931982865,206.45985750270987,83.36028057844852,88.61883705198731,2.847079446756001,32.72295937042897
32065832,114.123000,18.797193,192.826562,1027.18,1022.51,1216.96,1015.96,-0.08,-0.02,0.25,1.0,0.41,1.0,1395.11,0.07088475078420098,0.9852075168502626,0.010910438084927188,0.27034895514810614,0.04501983140657848,0.28542490079625765,326.0345355717204,448.96107788631434,6.508160511767254,314.10098414897624,219.7800049727203,11.152142789620276,205.69748563253972,82.95073510576862,69.17469356593958,2.980722518853782,32.42671134728749
32065931,114.224000,21.222957,190.191012,1027.78,1021.6,1215.38,1015.93,-0.08,-0.02,0.2,1.0,0.29,1.0,1395.09,0.0721546920344593,1.0107249668290024,0.014017224437879955,0.25065054846575496,0.03917906936331394,-0.058892437982647906,326.0283112242748,448.9422816462799,6.492998541359127,313.1467699164232,219.81245172267626,11.583246695492752,204.84901378059422,82.58078537155899,86.2156135942745,3.2177471099452517,31.8435989975083
32066032,114.324000,23.334934,187.855229,1027.19,1020.11,1216.13,1016.21,-0.08,-0.02,0.26,1.0,0.37,1.0,1394.8,0.07372038060916787,1.033735073182747,0.016759499344236335,0.21945636622451567,0.025935953261570024,-0.33345060208300437,326.03255434997783,448.96336806387984,6.510572105597251,312.6764962050558,219.86288457197745,11.670971071200317,203.59425281738973,83.28791771144498,86.49114978275195,3.336442525388152,31.941430226723813
32066131,114.425000,25.685285,185.231572,1026.49,1018.7,1215.97,1016.09,-0.08,-0.02,0.32,1.0,0.37,1.0,1395.66,0.07559170397908,1.0541612638931137,0.01933295281317917,0.1900155179657215,0.007550188136849227,-0.4536238969249032,326.03516513900854,448.9584299364854,6.5012102222320385,312.2672511807275,219.92040587952073,11.764951232307363,203.03485195745304,83.46703961460506,69.17403941995148,3.440019506822965,31.797611825918604
32066232,114.524000,28.059593,182.595769,1026.08,1017.75,1215.64,1016.14,-0.08,-0.02,0.36,1.0,0.35,1.0,1396.52,0.0777458592392207,1.072132322524444,0.02239870041600185,0.1695085662565876,0.01361134531238588,-0.34887316724562006,326.0326398554996,448.95485907185565,6.502181654640991,311.539639744497,220.0102065142448,12.318390986718782,201.3915149178756,84.37185045100252,69.32645579909753,3.622190670033055,31.834706693266444
32066332,114.623000,30.381085,179.948287,1026.18,1016.89,1215.7,1016.12,-0.08,-0.03,0.36,1.0,0.37,1.0,1397.14,0.08018576553106602,1.0877546115352226,0.02553311632401664,0.1480517644059747,0.018287786909416365,-0.28869389112992144,326.03406184040705,448.9604644692193,6.528603187132793,311.33765576674136,219.99372571149897,12.363966479292317,201.3915149178756,84.37185045100252,69.32645579909753,3.622190670033055,31.834706693266444
32066431,114.724000,32.676005,177.328378,1026.44,1016.29,1215.65,1016.1,-0.08,-0.03,0.35,1.0,0.38,1.0,1397.54,0.0828924595478553,1.1011765390325527,0.027747700239136745,0.12538656900453438,0.005536553337287303,-0.28789674012368965,326.02942567595153,448.9470175236256,6.496718630042261,311.2539280728005,220.02390975412266,12.48084442391451,200.82405639859294,84.66355588066251,86.51720334912477,3.6929474741210466,31.82240640705947
32066531,114.824000,34.933477,174.799258,1026.71,1015.82,1215.49,1016.13,-0.09,-0.04,1.0,1.0,1.0,1.0,1397.92,0.08581049675118024,1.112555976868195,0.02984439737044554,0.10650923362471466,0.03853420240412819,-0.10903093987961221,326.03603933935324,448.9552073993088,6.5157443523264025,311.2403423082717,220.04649819789245,12.534989350333444,200.85222307049463,84.55967123476893,86.10279890012865,3.698214025591819,31.775055693623
32066632,114.924000,37.203029,172.278480,1036.1,1018.26,1210.34,1015.76,-0.09,-0.03,1.0,1.0,1.0,1.0,1397.38,0.08887549637774261,1.1220574346737349,0.031346081757792035,0.08917580460225562,-0.017209536869165976,-0.25957296052111595,326.03776007805834,448.96231986608825,6.5290365454323265,311.2603036372579,220.02992616357736,12.525962505014151,200.7246956545246,84.65641457686812,86.36675335460436,3.6932863074513276,31.845861710459744
32066732,115.024000,39.417554,169.836564,1046.15,1021.19,1204.92,1015.53,-0.09,-0.03,0.4,1.0,1.0,1.0,1396.48,0.09201833269975311,1.1298554942990646,0.031695624083464234,0.0722164075183644,0.002843116299786768,-0.15989483289184542,326.0338416681771,448.95564097632626,6.524378241501856,311.1033248180502,220.03008276929796,12.855348857280449,200.69870951440956,84.41309905128936,85.46171888467482,3.7315438255888376,31.685650090834528
32066832,115.123000,41.577896,167.456096,1047.62,1021.38,1199.27,1015.41,-0.09,-0.03,0.29,1.0,0.95,1.0,1396.47,0.09518771697119567,1.1360989494622862,0.03163150103269038,0.05643767023829556,-0.045422111737268886,-0.24616247414245795,326.026509594763,448.95872189487636,6.500095384125394,308.90125372269375,220.23217872401324,13.823468332668764,199.00159586417442,82.50388927514726,66.68649536101972,4.28187091680834,30.024214734988675
32066932,115.223000,43.712304,165.115033,1045.29,1020.19,1194.39,1015.46,-0.09,-0.03,0.49,1.0,0.56,1.0,1397.08,0.09842011640697054,1.1406274834352401,0.03275788084995209,0.03731072132622513,0.014195206858175227,-0.2280116580732727,326.0217001892094,448.94251649960705,6.484421938895368,305.56089526870664,220.51441761799336,15.336507106896683,194.4509423151565,83.63115070243745,79.88785719809744,5.11844883446258,28.829796077018344
32067033,115.325000,45.539827,163.113537,1049.57,1020.36,1192.41,1015.69,-0.09,-0.03,0.85,1.0,1.0,1.0,1397.28,0.10206575633030665,1.1428260587496324,0.03813564100370266,0.011704672076096522,0.03714384024664551,-0.27770280533838587,326.0271008717535,448.95369889991537,6.48163498918005,301.56438763670394,221.05897205871617,16.796508200534866,187.72596692040284,85.95204338300735,77.02537545533976,6.126793189591049,27.86323825267234
32067133,115.424000,47.307908,161.061222,1056.45,1021.73,1187.9,1015.76,-0.09,-0.03,0.33,1.0,0.78,1.0,1396.81,0.10646385521913505,1.1423900536816043,0.04707731299410335,-0.01385418680194655,0.08651883430811559,-0.25179244548090496,326.02718368395614,448.96162102567064,6.507381210692712,298.2556320358764,221.4843132482681,18.144712547670068,182.47995031662006,87.81687853522793,76.47823315969086,6.960506239303683,26.976371407651058
32067233,115.526000,49.422630,158.589719,1056.96,1021.24,1183.79,1015.76,-0.09,-0.03,0.29,1.0,0.46,1.0,1396.47,0.111873584651703,1.1393661917940328,0.05832666841745317,-0.039854182139134865,0.09757512624670961,-0.24229828577931814,326.0239194184529,448.96202995674264,6.495417604766974,297.8875882989577,221.52871211855395,18.6586152225677,181.3680087268464,87.90791725786792,75.38892798019573,7.052368178822202,26.984239015860133
32067333,115.625000,51.499728,156.094030,1056.22,1019.67,1182.66,1015.97,-0.05,-0.03,0.36,1.0,0.38,1.0,1395.97,0.11831875432494104,1.1339678136906446,0.06761207391686909,-0.06164223958888805,0.11033148012416964,-0.22121372979252668,326.02309865858615,448.96034409059024,6.500627877925297,297.25039636990465,221.61831373595953,19.042382327321246,182.15448927079663,86.36118589382423,73.46165793479926,7.090042813058675,26.650145680538966
32067434,115.727000,53.609191,153.471832,1055.96,1018.58,1182.96,1016.22,0.08,-0.03,0.9,1.0,1.0,1.0,1396.7,0.12945012805252193,1.1221845248647893,0.07719126507887998,-0.08944821467433164,0.014496822648694063,-0.1410086966292457,326.01214891120793,448.9533091664787,6.511171170258989,297.0918054700311,221.64160166161687,19.06391543760664,182.01975241324314,86.0646895269094,72.65511745419926,7.250655281801494,25.82190363304088
32067534,115.826000,55.593511,150.940639,1064.49,1020.2,1178.21,1015.84,0.2,-0.03,0.24,1.0,0.74,1.0,1396.27,0.13346399919034402,1.1173123908966465,0.08054757083330008,-0.09917956770681405,0.10847877116627377,-0.24285065105453948,326.0330372948546,448.96260039097467,6.4996809040061025,296.63998048861265,221.7828756345162,19.315598732563195,181.54331735385048,85.88590217769737,71.8198568069011,7.3721112932233375,25.51839466656731
32067633,115.927000,58.591368,146.942441,1064.72,1019.33,1174.74,1015.67,0.33,-0.03,0.23,1.0,0.47,1.0,1396.13,0.14614033682120509,1.1003365822021416,0.08469518499175809,-0.11465080317962373,0.09796968567171979,-0.22483217925332305,326.0193771519475,448.957642149849,6.50180161259044,296.22248577612606,221.79067342835663,19.508200961407802,181.3430382272938,85.39368443166987,64.18768742421005,7.472675471700759,25.160183083774644
32067733,116.026000,59.612962,145.525340,1064.18,1017.72,1173.45,1015.99,0.45,-0.03,0.28,1.0,0.38,1.0,1395.59,0.15052025759509527,1.093990481805923,0.08989789132848984,-0.131449055429895,0.08002826879210234,-0.21301875320513514,326.01562386242966,448.95920721588845,6.491883522706852,293.4873749658641,222.2540607796574,20.5793060668437,178.77865606020748,84.8030708328873,67.79406609728048,8.165219859476652,23.516000130686773
32067834,116.127000,61.614461,142.682245,1063.73,1016.46,1173.74,1016.16,0.59,-0.03,0.98,1.0,1.0,1.0,1396.19,0.16419775055523547,1.0726250876787686,0.09128559635008342,-0.14395989212580337,0.014542212627975962,-0.12182867918755033,326.02078891668174,448.96700455193945,6.523031241931601,293.3470402016694,222.31177466237833,20.825067226676435,178.29971701087058,84.89855231507674,67.44975931911348,8.20302896790349,23.53123102742836
32067933,116.226000,63.647093,139.710764,1072.63,1017.31,1169.17,1015.87,0.74,-0.03,0.46,1.0,1.0,1.0,1396.32,0.16891990492375691,1.0647935463278757,0.0939828600483816,-0.15681961649850787,-0.024657790552826585,-0.03515138542007564,326.0180807399749,448.95814175671694,6.506216429853997,293.41200217766715,222.30875321423383,20.97024783357205,178.33667279672488,84.91683179063703,67.39727742740139,8.186478411406986,23.575568881714087
32068033,116.326000,65.394473,137.100457,1076.58,1017.14,1164.35,1015.49,0.91,-0.03,0.31,1.0,0.99,1.0,1395.73,0.17846259176771437,1.0484346234664208,0.09552004131728423,-0.16621109802873402,0.0127811111406389,-0.08642135294638469,326.016150932841,448.9572356160141,6.505077119475674,291.2971103721871,222.6810614771148,21.923866253483748,176.52281499480216,84.52309204208987,64.98705386001369,8.723236156865216,22.271527736233047
32068134,116.425000,67.185623,134.239500,1074.28,1016.01,1159.83,1015.48,1.12,-0.03,0.64,1.0,0.86,1.0,1395.35,0.18569952641164203,1.0355734839134731,0.08057318505085272,-0.1447412011257859,0.04544421482766865,-0.13283737546513777,326.0151005834508,448.9598786530609,6.50111928273645,289.6053861503164,222.95853755672644,22.363592798116173,174.92612532110152,84.34641040112452,63.45653543434385,9.151940531044097,21.29841011617095
32068233,116.526000,70.195594,129.507308,1082.35,1015.98,1155.95,1015.63,1.34,-0.03,0.0,1.0,0.55,1.0,1395.33,0.20069421208313218,1.0076785847289926,0.10462590341572828,-0.19868891433892094,0.07139750574377302,-0.19973280355097478,326.0181773776402,448.9696391680896,6.483579588503371,287.972436326294,223.36617490386968,23.468209303275845,172.4294290343215,84.65888322412796,61.52143931684699,9.572288070847014,20.64968115603656
32068333,116.625000,71.311676,127.681125,1080.58,1015.12,1153.77,1015.87,1.85,-0.03,0.14,1.0,0.38,1.0,1395.7,0.20585004375606855,0.9977910682827862,0.10155813703362619,-0.1953656751713848,-0.012457249641765433,-0.023785079596796398,326.0146237025407,448.96343561486066,6.492398685348838,287.03577876745004,223.54453813608447,23.93535632838262,171.68617668841566,84.4890738266621,60.5318531213008,9.810425066302406,20.05561169668935
32068433,116.725000,73.350745,124.290886,1080.25,1014.49,1154.03,1016.23,2.2,-0.03,0.17,1.0,0.42,1.0,1395.41,0.21631388561304593,0.9773637376536184,0.1047398571567261,-0.2062563058482685,0.02654794306232917,-0.09973105607444294,326.02296624003696,448.971888209033,6.484839283606606,285.74779322833956,223.76309212884408,24.11153512461911,170.60528974963134,84.26839184198289,59.6256164214597,10.139295482432024,19.258548468797496
32068533,116.826000,75.370086,120.836185,1080.16,1014.23,1153.37,1016.13,2.56,-0.03,0.18,1.0,0.37,1.0,1396.11,0.22696614903681894,0.9560863305505266,0.10705128920422033,-0.21555794313751017,0.018479669751696275,-0.08163669059121902,326.02131338233,448.98089061250096,6.493441619527728,286.7002902906029,223.66263189291055,24.125892474728154,171.13433153164826,84.40923791304208,59.81333599499114,9.899183628819264,19.89080776054146
32068634,116.926000,77.439482,117.228271,1079.9,1014.15,1152.87,1016.13,2.95,-0.03,0.2,1.0,0.34,1.0,1396.75,0.23766725119897156,0.9343070532936426,0.1057562341839406,-0.21645983124220725,0.1462969827719359,-0.32905753152803163,326.0123024055058,448.95871632905926,6.48883059367314,286.3665637398821,223.71730919627248,23.967166688230503,171.09011464332704,84.39351499875697,59.74357665095338,9.982631414694437,19.639078565238503
32068733,117.026000,79.246612,114.081306,1079.87,1014.14,1153.27,1016.25,3.33,-0.04,1.0,1.0,1.0,1.0,1397.46,0.24819222627259455,0.9125749405962754,0.11058933675449346,-0.22955948973436,0.32039034054838506,-0.696805454514791,326.0167817266114,448.9651969116003,6.499974726192313,285.69085000017634,223.8240771806627,24.16183390620264,170.58949419940123,84.2788515089698,59.394106221436054,10.154796498121847,19.207307476834835
32068833,117.126000,81.811569,109.523881,1089.23,1015.14,1148.66,1015.88,3.69,-0.04,0.34,1.0,1.0,1.0,1397.17,0.2584833741986211,0.891023265310847,0.1007095517738262,-0.21202122307251223,-0.0593708881840765,0.09596667527598898,326.01945509698527,448.9690855259219,6.492052565490275,286.6350422311111,223.6961509191165,24.156661386629867,171.15895381497853,84.39523497933409,59.713573269241124,9.916780984786817,19.824104057352923
32068933,117.226000,83.795290,106.114426,1090.71,1014.88,1144.0,1015.43,3.97,-0.04,0.5,1.0,1.0,1.0,1396.77,0.2684566321559554,0.8698764962418412,0.09741485116307456,-0.20735605716377092,-0.07517046552444484,0.13936976293349748,326.01461174484524,448.9565826278267,6.4783530701053555,284.914499266092,224.04075644286561,25.03427295379785,169.89700654151238,84.08341659133666,58.1586021416749,10.355716440341029,18.702067249381795
32069033,117.327000,85.559277,103.165569,1094.12,1014.76,1139.18,1015.45,4.24,-0.04,0.24,1.0,1.0,1.0,1395.68,0.27797878999999753,0.8494803287463722,0.09453309928994104,-0.203373345796359,-0.17932343299846285,0.35790486579976366,326.0075127008034,448.96828335346316,6.483516106162027,282.43839754613106,224.56926585312632,25.91560501847992,167.56269465325644,83.70705066563379,55.62314545346735,10.987787546506269,17.22229567011057
32069133,117.426000,87.384651,100.106407,1094.94,1014.42,1134.28,1015.51,4.5,-0.04,0.18,1.0,0.86,1.0,1395.83,0.28497416992824876,0.8343164988525612,0.07837679565904387,-0.1705369475557466,0.00158891611578953,-0.024762653776692452,326.014903857885,448.96864127924067,6.463078401296226,282.99159200061104,224.49651328320763,26.322981343290166,167.68811083755125,83.69437360355226,55.090667272435894,10.849978407942043,17.614238238130014
32069234,117.526000,89.471682,96.812195,1094.39,1014.35,1130.53,1015.35,4.84,-0.04,0.23,1.0,0.57,1.0,1395.49,0.29419434380135506,0.8140964918971787,0.0916156804530441,-0.20176012801517015,0.05826324772793092,-0.14938661541017614,326.0087159901759,448.9774973825295,6.507847590664558,281.49903540334446,224.9445544350793,26.644308005442387,166.59552792740604,83.50497799286765,53.82568607630634,10.973451503648484,17.26916707744899
32069334,117.627000,91.540780,93.613927,1094.21,1014.17,1128.55,1015.72,5.27,-0.04,0.96,1.0,1.0,1.0,1396.27,0.30318087450234144,0.7941674446627718,0.0913658822632859,-0.20353241875990358,-0.004644104973153681,-0.01534438377377183,326.01039658963384,448.97862415566897,6.489259562378288,279.9160388823169,225.29713523050057,27.192839807902843,165.2838397373755,83.236729331711,52.49679957422228,11.64402478644862,15.61290358456544
32069435,117.728000,94.426251,89.195696,1102.93,1014.92,1124.5,1015.65,5.71,-0.04,0.29,1.0,1.0,1.0,1396.09,0.3164294969249705,0.7643185082664969,0.08815495149551857,-0.20008100953348645,-0.0033268514897625825,-0.013378126481167481,326.014984831618,448.9822813620511,6.482747987367905,280.7604409799516,225.14006338948272,27.220095966526532,165.71686096560438,83.29714270078573,52.64922288310598,11.429521459318417,16.185195512847972
32069535,117.829000,95.420513,87.702302,1103.68,1014.6,1120.58,1015.24,6.16,-0.04,0.23,1.0,0.92,1.0,1395.89,0.32076684590653615,0.7544393455198221,0.08457052451155785,-0.19284660130345022,0.04606504571926526,-0.12201224916190453,326.00727510490196,448.9782410013008,6.498152428226602,279.13264483316686,225.54861491962188,27.851960485133674,164.56211319509285,83.05474743963181,52.409891514859744,11.848581167142042,15.103453271288618
32069635,117.927000,98.169378,83.691181,1103.53,1014.23,1116.54,1015.32,6.64,-0.04,0.64,1.0,1.0,1.0,1395.57,0.33342360050764247,0.7253362102402694,0.0852509149439837,-0.19622846190963877,0.09722560538652592,-0.2442079101169932,326.0117386809254,448.98143464369963,6.517372824024303,277.3769081105377,225.98428203605212,28.44308353834586,163.2254261686304,82.91547411419744,49.84738633051293,12.30333283193445,13.97893742175646
32069736,118.028000,99.879163,81.297669,1109.56,1014.6,1112.19,1015.51,7.12,-0.04,0.17,1.0,0.84,1.0,1395.73,0.34180536662933353,0.705792692149093,0.08388912887579432,-0.19633829959985014,-0.13062332896236428,0.28696676818494293,326.0037757903295,448.990688122854,6.476876805389061,277.34601148883974,226.07123555727927,28.95125556232643,162.79019324368502,82.83488466751403,48.95073119457409,12.313117142799749,14.025460077207708
32069836,118.128000,101.525056,79.130304,1110.1,1014.44,1109.22,1015.21,7.63,-0.04,0.48,1.0,1.0,1.0,1395.65,0.3501213748103062,0.6862330986344146,0.08222021376566158,-0.19320435991286505,-0.07152678828622479,0.15282277622140394,326.0048934280721,448.9862271585633,6.491969202316652,275.96350180380114,226.48863337244248,29.46944896484937,161.94222760810578,82.77250538843762,47.620003911802236,12.346447157576256,13.934780383434695
32069935,118.229000,103.032538,77.306394,1113.3,1014.4,1105.34,1015.26,8.69,-0.04,0.37,1.0,0.99,1.0,1395.03,0.3583347503376605,0.6667559155052353,0.08023702073118766,-0.19004280749174504,-0.030671069007813835,0.05647721755669126,326.00736689340863,448.99130747293543,6.478879760594253,273.7719090582974,227.01179293359664,30.384639504405282,160.10215597738255,82.55527530731342,45.97186658394035,13.241738816159158,11.714975002895397
32070036,118.329000,103.592682,76.696572,1115.06,1014.3,1101.15,1015.43,9.21,-0.04,0.36,1.0,0.82,1.0,1395.59,0.36246571368291375,0.6568933465856132,0.08371436594997654,-0.20005951774877395,-0.024159048730690337,0.04192823989690283,326.0124733490919,448.99424435321316,6.488186427155431,274.87800352563386,226.85882258943013,30.60145095926334,160.69830658661266,82.68258991013244,45.87704347552459,12.96337696880441,12.450545681317461
32070136,118.429000,105.508468,74.699216,1114.59,1014.35,1098.79,1015.34,9.82,-0.04,0.41,1.0,0.65,1.0,1396.37,0.37483842637615417,0.6271755389912377,0.0813758348627126,-0.19615875121425452,-0.06951839348135581,0.1566283848926193,326.0067646728778,448.99740762315,6.488707027499198,272.95446164022525,227.35352802690824,30.89324429986664,159.5210231826086,82.5067224806999,44.76701282982539,13.460964140043432,11.143524988122497
32070236,118.529000,106.251014,74.059541,1117.79,1014.25,1096.01,1015.66,10.43,-0.04,0.15,1.0,0.43,1.0,1396.6,0.38304282601846734,0.607316502800256,0.08182947461716689,-0.1979200238095137,-0.011423459249161015,0.014170857759868677,326.0058829426749,448.9979336128789,6.48743571026565,271.8997212015813,227.6853149522471,31.487332576078824,158.4937891377452,82.48427171526832,44.03658988240136,13.738105774463135,10.520403615755729
32070335,118.639000,108.109829,72.700216,1116.77,1014.16,1095.31,1015.92,11.05,-0.04,0.24,1.0,0.38,1.0,1397.4,0.3912660421107158,0.5873112089491166,0.08190485206720789,-0.19917378287936569,0.07964527365275706,-0.2017994237799416,325.99954939724216,449.00145284007976,6.486931436659789,272.61061787751925,227.52458215571548,31.51949571799967,158.9823955183345,82.48732100703351,44.16650144618462,13.553076078298501,10.970473440931723
32070436,118.727000,108.716972,72.409831,1116.64,1014.17,1096.23,1015.95,11.76,-0.05,0.66,1.0,0.87,1.0,1397.89,0.39533566584185964,0.5773840264882814,0.08317392060140835,-0.20298174055151472,0.004670206334332725,-0.018952722798692343,326.0115151220723,449.0052543178665,6.494479085042468,271.4583526139171,227.8121901822387,31.5436044985934,158.26497245523004,82.41026164966577,46.57145565319059,13.854448561938534,10.191364695011469
32070537,118.829000,109.810663,72.068248,1122.81,1014.51,1092.33,1015.86,12.48,-0.05,0.18,1.0,0.57,1.0,1397.79,0.40334100237221476,0.5577972606757995,0.07866790447493394,-0.1927847803312975,0.01827675005851749,-0.05266297787805666,326.0137249443314,449.00175089511595,6.459241640572,271.7202706685029,227.773921012098,31.75796608545298,158.31068520977973,82.46059364869915,43.150160410706974,13.788931714094504,10.392345004255535
32070638,118.930000,111.375489,72.059173,1123.6,1014.31,1090.57,1015.75,13.19,-0.05,0.12,1.0,0.43,1.0,1397.48,0.41500093069435473,0.5291455170907332,0.07573612521472745,-0.1864026965505647,-0.09895661611964804,0.2392997037058517,326.0088662154571,449.0072814937793,6.483949774135875,271.3380727571597,227.95083048436945,32.14215139425745,158.1090956131333,82.44040532002198,42.8550403031369,13.89141551076116,10.10544820789567
32070738,119.031000,112.370817,72.368095,1123.54,1014.16,1089.81,1016.04,13.87,-0.05,0.12,1.0,0.38,1.0,1398.07,0.4224304321423306,0.5108244998636063,0.07281595461410943,-0.17981394073704596,-0.07891220605599716,0.1878460649863735,326.00557799381056,449.001886428341,6.494850670850806,269.4009480172904,228.44778916776494,32.61574599844886,156.70144551802352,82.41634422573847,41.592707632446896,14.394141608105286,8.870816090116215
32070837,119.131000,113.322225,72.858816,1123.52,1014.05,1089.47,1016.13,14.45,-0.05,0.12,1.0,0.35,1.0,1398.35,0.42973542727243735,0.4927522615670982,0.0729251430708727,-0.18036510575868644,-0.04064507218312231,0.09524087250289395,326.00881876026443,449.0068899319839,6.457562680860636,270.8671395316694,228.1247124196013,32.48446782188463,157.54144568915177,82.35316657004672,45.51580799023541,14.016987975909048,9.828227707066386
32070937,119.230000,114.224241,73.466201,1123.22,1014.2,1090.12,1016.0,15.1,-0.05,0.14,1.0,0.42,1.0,1398.71,0.4368020377596706,0.4752312619743472,0.06836420689629394,-0.169671773365287,-0.047328895988167204,0.11230836312031982,326.0098508016535,449.0017219508715,6.486368988434753,270.2136374983194,228.28847390739324,32.324683393124296,157.3274205871614,82.39521586801537,41.63429260094764,14.187111562994524,9.35701067968651
32071037,119.329000,114.958087,74.039567,1123.22,1014.2,1089.21,1016.15,15.67,-0.05,0.14,1.0,0.35,1.0,1399.18,0.44189920321670484,0.4625608984574449,0.06909015598559681,-0.1717495609843124,0.06550065241747224,-0.16821472830291587,326.01065285508065,449.0002245736222,6.476982809759395,269.643012178112,228.42308110379432,32.554195194570234,156.78186762761334,82.41334852437836,41.68638010327695,14.334929772722484,9.03308805407033
32071148,119.430000,115.778241,74.879484,1123.05,1014.29,1089.41,1016.01,16.23,-0.06,0.15,1.0,0.37,1.0,1399.45,0.44841076043372086,0.446345399119663,0.05377329081984136,-0.13400191946640916,-0.0365052021942211,0.08863917765141967,326.0030968973152,449.00229022893353,6.477266203784363,270.7102392278276,228.14818104716088,32.563654479611216,157.5502612576738,82.37138414610413,45.403212115784754,14.055611745087203,9.70935992688381
32071248,119.541000,116.630917,75.936076,1122.95,1014.09,1089.16,1016.27,16.77,-0.05,0.15,1.0,0.39,1.0,1399.62,0.4544857456757771,0.43118634899069436,0.058447551361001854,-0.14596325941175156,-0.10558667928705767,0.2605330509252955,326.0044230170234,449.00722550612556,6.477945428469306,269.4988639347595,228.47410099348076,32.63520026141152,156.72129525395093,82.40639098862952,41.489622639404004,14.341156937533842,8.977019825941852
32071349,119.641000,117.379685,77.118123,1123.07,1014.16,1088.92,1016.27,17.25,-0.05,0.84,1.0,0.06,1.0,1399.77,0.46017412826044757,0.4169615208336704,0.05519411570269443,-0.13811794317595183,-0.07438726385525928,0.18400403027875284,325.9987307188155,449.00690926227145,6.484027618969801,270.54851832068346,228.18016015555463,32.50850260629984,157.34307268104962,82.40395039158838,41.95576094190905,14.095696355321454,9.640451955481971
32071448,119.743000,118.101661,78.515280,1132.84,1014.54,1089.6,1016.06,17.65,-0.05,0.34,1.0,0.08,1.0,1396.68,0.46547419561302456,0.4036904940974284,0.050762364240065326,-0.12715237795828496,-0.10279535159810507,0.25606711256560327,326.00742717641333,449.00464444164345,6.49117471005958,269.83224004436033,228.37791888001053,32.754385143467296,156.97729659913202,82.44153661561896,41.75927054522133,14.284914299741736,9.145527274043147
32071548,119.842000,118.767426,80.064442,1130.52,1014.31,1089.69,1016.15,18.03,-0.05,0.38,1.0,0.1,1.0,1396.48,0.4703291950665205,0.3915164869035568,0.04658032626538996,-0.11687791207613223,-0.06961794413911089,0.1726772080016044,326.00836838582364,449.00433338925467,6.481229260559558,269.3152166144434,228.49890315100672,33.034520720933756,156.56823093720283,82.36431562618544,41.39898073093538,14.418763717895624,8.813679145504235
32071648,119.940000,119.374485,81.734808,1131.49,1014.21,1089.47,1016.37,18.63,-0.05,0.36,1.0,0.27,1.0,1395.88,0.4748122187353667,0.3802575371873665,0.04329913691758658,-0.10878719519162118,-0.09881893141521797,0.2475070463229746,326.00633283972434,449.00274977886926,6.484280342804795,269.90874368582814,228.36270100375856,32.882791491445964,156.97426317080513,82.42464929545538,41.61771217296113,14.357252175539227,8.99609519715532
32071748,120.040000,119.942353,83.575791,1132.64,1014.28,1089.7,1016.17,18.92,-0.05,0.27,1.0,0.27,1.0,1396.47,0.4789473789513349,0.3698643312682694,0.03965155754970474,-0.09971232267585681,-0.0689272970793333,0.1713565590843938,326.00084655497204,449.0068549939751,6.483462955887583,269.3331955087044,228.51500296569287,33.059633960410785,156.57733339238044,82.37669602346422,41.37988863628317,14.413398896455519,8.825885048541835
32071848,120.143000,120.454553,85.465171,1132.17,1014.19,1089.81,1016.31,19.16,-0.05,0.32,1.0,0.28,1.0,1397.18,0.4827144365208012,0.36037985979641884,0.03616771332822692,-0.09111851987542179,-0.06954207814179161,0.17375679492072246,326.00410329986835,449.00481032446027,6.46132106465329,269.0639970904999,228.60950564672524,33.16680779871642,156.34847955198856,82.37843270951183,41.36063104857014,14.485867389289329,8.653449897867318
32071949,120.242000,120.857718,87.054165,1131.89,1014.06,1089.44,1016.33,19.35,-0.05,0.34,1.0,0.33,1.0,1397.64,0.48616304358839635,0.35168825674685866,0.03260666088339597,-0.08217095039832407,-0.07439080595839823,0.18795312185632715,326.0105558448292,449.0015297673189,6.470045473850412,269.74680226982815,228.3961328423867,33.00706132381146,156.8883163978072,82.33637563492212,41.39628482268162,14.307838618413037,9.077120947776429
32072048,120.340000,121.354285,89.062063,1132.15,1014.04,1089.82,1016.07,19.52,-0.05,0.49,1.0,0.92,1.0,1398.17,0.48926572284734166,0.34386803627544815,0.02947827374241467,-0.07432884737435325,-0.053040597514380214,0.13292124516546622,326.0044128331888,449.0025435026002,6.487021554079216,269.15948354990746,228.5874010963379,33.091924888514974,156.4135372685042,82.37378014419497,41.14981905023111,14.461423089775161,8.71312349744726
32072148,120.442000,121.738306,90.755717,1135.84,1014.29,1097.49,1017.0,19.69,-0.05,0.25,1.0,0.47,1.0,1397.51,0.4920567130327753,0.336826725395664,0.026820509171244553,-0.06769182109349721,-0.03599848618078839,0.09018921775499189,325.9997781083465,449.0052967643019,6.472625836297315,269.13641281044505,228.56138671235954,33.239409648333144,156.39024773481842,82.40668104666307,41.45388866410986,14.464107885135308,8.718974599439985
32072249,120.540000,122.017831,92.174889,1136.79,1014.15,1101.03,1016.85,19.84,-0.05,0.17,1.0,0.18,1.0,1396.75,0.49456509414992716,0.3304961391736961,0.023898628155052885,-0.06029470670303569,-0.031674354097712604,0.08076422402701426,326.00950409855125,449.0020423019738,6.4609549702171805,271.1079323758197,227.88192457671678,32.530580080844,157.7210811626381,82.38163366875857,42.66419592666889,13.943910382255051,10.041091913115125
32072349,120.641000,122.316243,93.758460,1136.62,1014.24,1099.58,1016.29,19.84,-0.05,0.18,1.0,0.32,1.0,1397.27,0.4966737874446635,0.325183229261536,0.019182316971637258,-0.048308356711205085,-0.06492516580812929,0.16369401874205683,325.9983519588931,449.00265001972855,6.490579310239939,270.4547944233336,228.12148673889777,32.52150465308192,157.39256149370576,82.31280317296033,46.107806104116285,14.115137872104818,9.5602590417937
32072450,120.740000,122.576061,95.268010,1136.56,1014.07,1099.44,1016.29,19.93,-0.04,0.18,1.0,0.35,1.0,1397.93,0.4983216031075753,0.3210273521502443,0.015160051812445414,-0.03830099038558753,-0.041283568416062136,0.10224173874243984,326.00839444089075,448.9960083650185,6.449659951464266,270.1468693479135,228.11476859527073,32.662539866717196,156.99722657069645,82.37462196210384,42.3156448055895,14.192681020353957,9.439664950337072
32072549,120.842000,122.800864,96.720211,1136.64,1014.12,1098.88,1016.32,19.93,-0.04,0.27,1.0,0.95,1.0,1398.31,0.4996482553490027,0.3176747920327582,0.012172446617852507,-0.030721524808265753,-0.03644217823773468,0.09345591347890508,325.9983149942769,449.0013191648059,6.454528589694121,270.81832685168206,227.99316117430698,32.639783419223726,157.45887611391586,82.31131472506493,46.149756474395936,14.018661768816097,9.85024089836632
32072650,120.941000,122.980680,98.033715,1136.68,1014.01,1108.28,1016.86,19.95,-0.04,0.27,1.0,0.18,1.0,1396.64,0.5006416936116189,0.3151675587559189,0.008583530628043694,-0.02169970574943916,-0.037029139555815105,0.0918400702956448,326.0011788546722,448.9969837167658,6.481714577679448,270.42365083957736,228.0446304726547,32.45895917268306,157.35366280005516,82.31474072902141,46.3431626434647,14.119056835029644,9.569322936705408
32072749,121.042000,123.120926,99.256586,1136.85,1014.02,1107.45,1016.56,19.93,-0.04,0.29,1.0,0.49,1.0,1396.58,0.5013154082752898,0.31345440490471915,0.005583640053648263,-0.014234254628980848,-0.04400980110599771,0.11170162390415461,326.0044003114756,448.9955548221819,6.456982033506514,272.3760399510121,227.44691188189748,31.981319865324163,158.61060975964173,82.44858327585426,44.02269334832601,13.607354353464078,10.90295885581029
32072849,121.141000,123.234045,100.420985,1136.75,1014.12,1109.27,1016.38,19.93,-0.04,0.3,1.0,0.35,1.0,1395.74,0.5016094493893487,0.3127044638212732,0.0011951271246673214,-0.003056418031467589,-0.04682962249354902,0.11904065037228709,326.00623271529867,448.99144787191227,6.453236084473805,272.74076207903244,227.37596675588992,31.951398891640004,158.98202603485745,82.50735978619763,44.53029751887439,13.515923094954578,11.109091062365028
32072950,121.240000,123.326996,101.500692,1136.79,1014.07,1110.59,1016.47,19.89,-0.04,0.3,1.0,0.25,1.0,1396.37,0.5014532071937227,0.31309278528160206,-0.0029951814203218402,0.0074574382123246555,-0.03247586783996893,0.08029928397759634,326.0047805658668,448.98735907073143,6.4618190514390985,271.114498076949,227.8127296104178,31.976685199534284,157.89056598449076,82.40518857473337,43.94540940308195,13.937852958208081,10.030979160099069
32073049,121.341000,123.379552,102.211144,1136.8,1014.1,1109.85,1016.22,19.84,-0.04,0.31,1.0,0.32,1.0,1397.04,0.5010005884102104,0.31422563219855887,-0.005462594120158044,0.013788383646378436,-0.027204180270537663,0.07217218716734602,326.0079999082411,448.99220096238355,6.452495314837771,273.0129303034821,227.24373258393638,31.78942778795659,159.03439966352485,82.62337087180694,44.856041206402836,13.440857833738884,11.360716612569465
32073149,121.441000,123.440721,103.014902,1136.61,1014.17,1110.15,1016.1,19.76,-0.04,0.33,1.0,0.3,1.0,1397.55,0.5002304355645599,0.3161888770088987,-0.009115734433352713,0.023309656688555294,-0.03214562286321677,0.08380024340387209,326.0029939084131,448.99082687394014,6.467216817168384,272.377996642727,227.4354087174758,31.578584612108983,158.78471724893518,82.56252811337194,44.70722908901795,13.606132121941146,10.88735143693555
32073249,121.541000,123.510654,103.837593,1136.76,1014.01,1109.83,1016.24,19.64,-0.04,0.32,1.0,0.34,1.0,1398.0,0.499182515464957,0.3188693337054946,-0.010705167675277098,0.027390083777227636,0.0036008045272040417,-0.008268894076254939,326.0073257108988,448.98223198855123,6.451169354577892,272.00040370148963,227.51490534811813,31.842890938956533,158.25069051760525,82.55718793942641,44.38738317411485,13.704641449825656,10.712334716238818
32073349,121.642000,123.569302,104.459690,1136.74,1014.11,1109.76,1016.19,19.43,-0.04,0.32,1.0,0.36,1.0,1398.54,0.49801892970421685,0.32186022195245334,-0.01221374499350129,0.031468581855489584,-0.00819993779240135,0.02271956562988279,326.0043998799765,448.99337269123373,6.451318686455631,272.7563526331869,227.30900839398066,31.908463475168208,158.82579057160083,82.61416699666003,44.777947253449206,13.506436611185627,11.203495216422652
32073450,121.741000,123.632641,105.092453,1136.57,1014.16,1110.05,1016.03,19.26,-0.04,0.34,1.0,0.34,1.0,1398.91,0.49668319380749787,0.32530776544306633,-0.013979340239942087,0.036090747299287906,-0.024068611478485446,0.06188352261628694,325.99865686077817,448.99084172189157,6.461076470002295,271.9138366237896,227.5371551189453,31.764036841632574,158.37182012479497,82.56981744466809,44.38497573195092,13.72447508646643,10.619978316513091
32073549,121.841000,123.720330,105.711877,1136.7,1014.06,1109.77,1016.3,19.08,-0.03,0.39,1.0,0.99,1.0,1399.21,0.49526479667851386,0.3289696970722072,-0.014351401424925454,0.037087539536553644,0.004035115156444777,-0.00878334017344112,326.01019808619213,448.99311365234263,6.450535084999316,271.66204154035114,227.6089200867472,31.928244204358922,158.06226682328605,82.57392036659144,44.194999484328704,13.791497438023972,10.487099959111472
32073650,121.948000,123.840772,106.250920,1137.73,1014.17,1117.52,1016.68,18.94,-0.03,0.31,1.0,0.41,1.0,1398.63,0.49385781726510974,0.33261829820802075,-0.01422657306986273,0.03696751630706772,-0.006135733353563331,0.017894540063826143,326.01506599420793,448.99882161238054,6.479348204722046,272.6632836625925,227.31340378891423,31.808469312030315,158.82751245635447,82.62562390995394,44.790876878322365,13.53172050642854,11.131108821467574
32073749,122.041000,124.023701,106.729119,1138.24,1014.09,1119.36,1016.51,18.76,-0.02,0.27,1.0,0.25,1.0,1397.6,0.4924016112301777,0.3364063883742901,-0.014606258571021427,0.037994967650202924,0.024156441123554046,-0.06295227806773478,325.9997113999159,448.9925253130416,6.453714696439051,273.1567691869593,227.1139406630765,31.313212250403062,159.08511625884609,82.7022713614323,45.63150962834872,13.396091937981712,11.51323753142821
32073850,122.140000,124.286044,107.117136,1138.25,1014.21,1118.39,1016.21,18.57,-0.01,0.27,1.0,0.34,1.0,1395.67,0.49087742324935324,0.3403761898431081,-0.015776053355916083,0.041116645188764865,-0.016865086062989205,0.04427226511906356,326.006596759111,448.9794072326087,6.467067082111996,274.0485800215173,226.8861116388001,31.14917135919974,159.9192469013084,82.8213905437399,46.14653725071616,13.16735219549109,12.051868966382248
32073950,122.242000,124.710349,107.294784,1138.02,1014.26,1118.68,1016.17,18.37,-0.01,0.29,1.0,0.33,1.0,1396.49,0.48918151741559296,0.3447892138355925,-0.01693499324666118,0.044006310985856646,0.011804288933783701,-0.032424294938930114,326.0012703918465,448.980841362285,6.4620916864463425,272.3220928358171,227.29818952638158,31.312452029069576,158.61888142755285,82.73365542418408,45.27502612659125,13.611841508682422,10.962152355306625
32074051,122.341000,125.273715,107.156121,1138.16,1014.23,1118.14,1016.28,18.19,-0.01,0.28,1.0,0.38,1.0,1397.17,0.487880212071326,0.3481676887979602,-0.014086975327282366,0.0365968207180956,0.03060929535242568,-0.07800499176515213,326.0069079535338,448.98183423762924,6.467198809445286,273.48540878707,227.02733894995296,31.28511549635535,159.15423213218216,82.92413845060643,46.03012568486108,13.313122947577446,11.802164443782058
32074152,122.443000,125.969362,106.676718,1137.96,1014.27,1118.39,1016.16,18.03,-0.0,0.3,1.0,0.37,1.0,1397.71,0.48614938413558967,0.35269526175351235,-0.016385557224875554,0.04302324496603728,-0.07239933825755875,0.19329621726316326,326.00609153006764,448.9877321072292,6.455503498848191,273.39721473825233,227.05950087762463,31.217682063588498,159.30470741623614,82.93841429826675,46.42174880803249,13.336002553122654,11.69466086762558
32074252,122.543000,126.787862,105.878820,1137.9,1014.22,1118.35,1016.18,17.9,-0.0,0.31,1.0,0.38,1.0,1398.24,0.4843770538471842,0.35736481357411043,-0.01756769845123705,0.04635502330755861,0.009030089247703843,-0.02208603762608901,325.9982014556695,448.9731191720647,6.474562956167196,272.6028606758061,227.20488959735025,31.371804569381116,158.70989753943664,82.86102657641268,45.7979963696465,13.537490806412501,11.199841796038033
32074352,122.644000,127.674417,104.846592,1137.92,1014.19,1118.01,1016.19,17.72,0.0,0.31,1.0,0.42,1.0,1398.55,0.48307804535382,0.36080270110311535,-0.01706541209306068,0.045255492956537635,0.007931124845920193,-0.017094527283545623,326.0103546089845,448.9886683494521,6.467305184747103,273.66119035929216,226.9971112542303,31.336702319718245,159.32832553071498,82.98997564955022,46.511440459633064,13.26885044906736,11.909726582857811
32074452,122.744000,128.685521,103.540357,1137.79,1014.26,1118.87,1016.15,17.6,0.0,0.32,1.0,0.35,1.0,1399.0,0.4810080947452647,0.36632728070363446,-0.016058578272335425,0.04298403092742414,0.016548230283896556,-0.042559810035845795,326.00237298967215,448.99181535344655,6.459331711988267,273.590442386428,227.05536800148332,31.304608922018943,159.36226551914672,83.00729329462379,46.53996861602295,13.287377648992692,11.839186076886044
32074553,122.844000,129.665553,102.174167,1138.26,1014.25,1118.4,1016.22,17.46,0.01,0.71,1.0,0.2,1.0,1399.32,0.47939637043279365,0.3706535815691331,-0.015799737962531923,0.04252491146808007,0.02660838343082532,-0.06770293792439797,326.00016587887296,448.9800962014398,6.447260012893572,272.93110298806687,227.16914690743067,31.328092113455796,158.72387419387823,82.96930713617057,45.57721951859809,13.455288723845033,11.468879825424551
32074652,122.945000,130.686996,100.691340,1144.44,1014.44,1118.53,1016.27,17.37,0.01,0.28,1.0,0.08,1.0,1398.52,0.4779097024281391,0.37468291199825154,-0.014528379265502689,0.0395343234386668,0.009720986669982584,-0.02282972703354432,326.00588680521656,448.9800552214534,6.455151900392047,273.53697595231216,227.026163257032,31.29253216957175,159.14850838162457,82.97350442729218,46.115672504557836,13.300301715034413,11.85157127331598
32074753,123.044000,131.679649,99.198367,1142.55,1014.48,1118.62,1016.31,17.33,0.01,0.44,1.0,0.07,1.0,1397.51,0.4764826117936929,0.3785826927483252,-0.014076255818676277,0.038542723495157,0.010263427296609121,-0.02649628988043086,326.0052518174989,448.98278560077983,6.460780415780916,272.2439947524201,227.33059585134433,31.61916612934273,158.32297893424774,83.00224671219726,45.654353816279304,13.633682526837227,11.01731530982147
32074852,123.144000,132.674488,97.688092,1147.45,1014.29,1118.56,1016.26,17.24,0.01,0.04,1.0,0.06,1.0,1396.81,0.4754650673777598,0.3813809517066838,-0.013129865846343151,0.03627201234511516,0.014463807194247452,-0.03164953548413512,325.99727562394065,448.9702908477055,6.463445964756128,272.13804570308923,227.33801884877806,31.784806254509217,157.81448615825073,83.27500201239755,45.59355804122981,13.65877982006885,11.116772545873228
32074952,123.244000,133.559201,96.348900,1145.23,1014.85,1117.95,1016.05,17.2,0.01,0.21,1.0,0.11,1.0,1396.38,0.4740386487029866,0.3854569984504092,-0.010401147934936766,0.030529032219643294,0.018984559139449995,-0.0389606318511642,326.0029365651476,448.98183636219875,6.450963859729192,273.0734885443318,227.14080132198782,31.700971592429646,158.2945900591886,83.44605270989379,45.67553278978078,13.4194183659554,11.777935956429427
32075053,123.343000,134.213885,95.364632,1146.17,1014.19,1118.88,1015.88,17.2,0.01,0.13,1.0,0.03,1.0,1397.94,0.4733036787477806,0.38766975207054394,-0.008059421252871051,0.024577219537151876,0.05513200167070556,-0.1554410879315486,326.0062996137793,448.9683475738846,6.454238652164407,272.16442306863934,227.3377478366739,31.745481597680953,157.66849920113413,83.48561609806768,45.62389325845911,13.654642921330323,11.207974521355855
32075153,123.445000,134.979912,94.167377,1146.08,1014.18,1118.6,1016.23,17.2,0.01,0.13,1.0,0.04,1.0,1398.51,0.47247289115342556,0.3903189102413458,-0.006313015029016456,0.0208181507064896,0.010231978952387684,-0.01746596549156046,326.01050215611247,448.9696469711065,6.433286617256937,272.32275383674465,227.34509264598807,31.87845027873778,157.74854776432844,83.60153754469584,45.95291628734682,13.617369929708927,11.322687519575783
32075253,123.544000,135.813022,92.910325,1145.93,1014.21,1118.81,1015.99,17.23,0.01,0.57,1.0,0.67,1.0,1398.89,0.4718150718925132,0.39261134215363963,-0.006250866668785476,0.022444069030833482,0.00813988298275391,-0.013342545163862789,326.0052617799941,448.9741907603585,6.4412847770748405,272.65193541986224,227.29073124880276,31.685540512504083,158.01044703396227,83.57946960622787,45.84590431058006,13.532212864266265,11.515673070605228
32075353,123.644000,136.552535,91.738259,1150.4,1014.42,1116.1,1015.86,17.21,0.01,0.22,1.0,0.48,1.0,1397.57,0.4712557046999852,0.39471484378796196,-0.005151783104793306,0.02013654557274727,0.01661902807585916,-0.03958657240373662,326.0024429581538,448.97368435539585,6.435661783596641,272.19523481044865,227.35093986148053,31.90638422052695,157.61065295713198,83.54569121451237,45.71579345624235,13.646645225785367,11.2546829249141
32075452,123.744000,137.224086,90.652084,1150.52,1014.35,1113.62,1016.06,17.22,0.01,0.21,1.0,0.28,1.0,1397.37,0.47084282507663666,0.39648972218186446,-0.0035510273892946395,0.01639507482057749,0.016392551039371782,-0.042105118881299385,326.00459010541294,448.97598020647183,6.448458186104888,271.9547932277029,227.49205641541337,32.14072993857539,157.4455609622693,83.58287499177472,45.20366512830012,13.714121587282134,11.081192738354336
32075552,123.844000,137.826819,89.676960,1150.53,1014.18,1114.83,1016.16,17.25,0.01,0.2,1.0,0.41,1.0,1398.12,0.4705915127045306,0.3978882288668012,-0.0017376806779335605,0.012084849696425946,0.023114499984423442,-0.05808133849815844,325.99928691549786,448.98075891900027,6.448338946620752,271.22231815634825,227.71859708340617,32.4322877142372,156.76679291734985,83.5464140334127,44.87077593142545,13.904909182982264,10.63556703338622
32075652,123.943000,138.359986,88.831544,1150.52,1014.21,1113.74,1016.25,17.33,0.01,0.2,1.0,0.33,1.0,1398.59,0.4705643668938543,0.39874167476051636,0.0005197634898499708,0.006667345414014808,0.019080969655860612,-0.04374001287085899,326.00728589310035,448.97692636510817,6.460090896757301,272.0523028591384,227.45698162162958,32.25117502453294,157.20418282822544,83.71383893103778,45.031252856843444,13.68882795066377,11.246553906552887
32075752,124.045000,138.809187,88.132172,1150.3,1014.3,1114.14,1016.17,17.48,0.0,0.22,1.0,0.39,1.0,1398.9,0.4706938228995138,0.3992359187898012,0.001667295077935294,0.004100283936292371,0.009415402861768875,-0.024134574725462342,326.0032977376123,448.98003986401295,6.464103040790849,271.35432045452717,227.67063562942246,32.38679823508491,156.74783063733008,83.83955792629925,44.951095424674456,13.870828420949245,10.806639932663003
32075852,124.144000,139.194033,87.570454,1150.25,1014.21,1113.84,1016.33,17.58,0.0,0.22,1.0,0.38,1.0,1399.38,0.4709549963925182,0.39943333573973466,0.0032729518808057322,0.0003951736513956233,0.018570710289901527,-0.04439969456717404,326.0107953034281,448.97245861005706,6.46436257721125,271.238992200734,227.69136014887658,32.58147554108371,156.3637503133666,83.9461495012509,44.965759094864666,13.902505100283966,10.825395464541845
32075952,124.245000,139.476074,87.201590,1150.11,1014.2,1113.34,1016.26,17.71,0.0,0.23,1.0,0.36,1.0,1399.64,0.4713912070242378,0.3992384100317354,0.0048096195998424095,-0.0028475542441850697,0.0030771522541961378,-0.012343797149398594,326.0007118896784,448.98067797866344,6.449487318821058,271.765259462141,227.57717567822337,32.26257440903152,156.82717964547513,84.06133233533644,45.34056693219296,13.764248595336433,11.161825767590692
32076052,124.344000,139.647321,87.052698,1150.0,1014.16,1113.88,1015.96,17.88,0.01,0.24,1.0,0.42,1.0,1399.71,0.4719114910751114,0.39888318818728774,0.005549164835629961,-0.004180552908917673,0.007832588033131645,-0.018935165123068632,325.9964834759348,448.978882106949,6.453134254551019,271.0186465941717,227.78758351427902,32.712384462291254,156.26068427827443,83.99611333716045,44.875393268475534,13.958205380645385,10.676467407585562
32076153,124.444000,139.710241,87.134588,1150.06,1014.15,1112.57,1016.33,18.0,0.01,0.23,1.0,0.32,1.0,1399.9,0.4725301124183088,0.3983013421004535,0.006515886485270543,-0.006754406050556856,0.005721748831811386,-0.020703840817603635,326.0024138294554,448.97582005200485,6.466551795827117,271.49562649785867,227.63146031533824,32.446657703071,156.50801745156943,84.02165377435846,45.1739786060868,13.834025618338451,11.016018679966123
32076253,124.545000,139.639778,87.485580,1149.96,1014.22,1113.11,1016.16,18.16,0.01,0.24,1.0,0.38,1.0,1400.01,0.4732301373365015,0.39753056758981054,0.007075000347177076,-0.007879884899373916,-0.0011099448210665627,0.0003286868590123103,325.997450666238,448.9728446273715,6.449646307392581,271.4158025032573,227.70839415579073,32.405798793206465,156.5532455920761,84.05790561685707,45.10424138881587,13.85710421895484,10.931531581711742
32076353,124.645000,139.417000,88.171550,1149.91,1014.19,1112.89,1016.16,18.31,0.01,0.24,1.0,0.38,1.0,1400.14,0.47395789419619755,0.39668930328119506,0.007263848442820149,-0.008727127572633721,0.02296604028202658,-0.037274774979004346,325.99954463461717,448.974887559365,6.43907808249356,270.941391690868,227.82907173303894,32.76339006756364,156.14907945549237,84.01432331802833,44.734109787590604,13.980559756462378,10.63559702238631
32076452,124.745000,139.040200,89.170736,1149.87,1014.11,1112.56,1016.32,18.45,0.01,0.24,1.0,0.37,1.0,1400.01,0.4747494350677546,0.39566679289413487,0.009066239804034107,-0.012064564782998458,0.007740713582207207,-0.018005340432443288,326.00744148749146,448.975868836173,6.447086865288336,271.56268530221894,227.64551587650806,32.38275728056299,156.61817431175166,84.0598888821611,45.20474592803311,13.819726682214679,11.038844295010655
32076553,124.844000,138.501741,90.492279,1149.78,1014.11,1112.73,1016.31,18.59,0.01,0.25,1.0,0.39,1.0,1400.04,0.47555439731700616,0.39458327062769183,0.00789642186599696,-0.010674302386798385,-0.011732848825713163,0.014188328629862166,326.0073341374166,448.9829024161126,6.472368803316257,271.08282314216575,227.75894421006979,32.530501284892864,156.30853897430248,84.03069617842398,44.964114989601406,13.943216786025085,10.722703306768576
32076652,124.946000,137.842340,92.031460,1149.89,1014.14,1112.39,1016.39,18.78,0.01,0.24,1.0,0.38,1.0,1400.02,0.47636017645410994,0.39345817328481286,0.008146668068023893,-0.011657877027808973,-0.0034597078829857932,-0.0029138310896838398,326.0008867272902,448.9780988804612,6.462993566218378,271.1008481827115,227.7594107324684,32.57577375219,156.2230958655988,84.04909060226358,44.76848083511395,13.937565492472714,10.76266874120531
32076752,125.044000,137.011318,93.859405,1149.76,1014.14,1112.24,1016.25,18.9,0.01,0.25,1.0,0.38,1.0,1400.09,0.47718638258334656,0.39224331638437715,0.008135196952532111,-0.012062309688120136,-0.012125520734960912,0.016594585722100163,326.0063833908175,448.9691226345742,6.409529735533034,271.43512936133044,227.69920637726548,32.4358194841454,156.5231357825256,84.05955515452413,45.0657479937233,13.854238000218611,10.951398556299779
32076852,125.143000,136.084815,95.799573,1149.81,1014.22,1112.43,1016.23,18.99,0.01,0.41,1.0,0.43,1.0,1398.34,0.47798216178052066,0.3910572617338558,0.007820912490242913,-0.011740661031034504,-0.0064113373487892904,0.006327315060577214,326.003435435842,448.9873628930263,6.442826285878173,270.9394047309963,227.82041036300382,32.77192459960013,156.1480712054794,84.03811972081851,44.71278901876047,13.980709878804957,10.64136420895419
32076953,125.244000,135.031469,97.908787,1151.5,1014.23,1111.64,1016.26,19.09,0.01,0.28,1.0,0.38,1.0,1397.27,0.47876793344721436,0.3898434429957929,0.007581775070935957,-0.011916462616666984,-0.013944333832205013,0.016840977613633738,325.9987183743244,448.9801407616038,6.465614031638781,271.26731088549974,227.73013715980602,32.61859218559213,156.31592268547325,84.03634240716048,44.89818685471725,13.894525818324617,10.869869760429317
32077052,125.344000,134.077006,99.631141,1151.3,1014.26,1111.64,1016.22,19.19,0.01,0.3,1.0,0.39,1.0,1397.29,0.4793496184017102,0.38891957679019684,0.006434635210628929,-0.010243630584833801,-0.04182828620688659,0.06589566656763475,326.00273206124217,448.9801239217443,6.472058143419487,271.0416865781812,227.82544168979524,32.84000124517065,156.24632230014385,84.07164407898729,44.64530297629224,13.956328925725694,10.696643907097549
32077153,125.444000,133.151496,101.467038,1151.19,1014.11,1111.59,1016.09,19.19,0.01,0.31,1.0,0.4,1.0,1396.32,0.48009486116026806,0.3877159681408466,0.006172580815123252,-0.010158714373338252,-0.0006432103356087277,-0.004588721431730607,326.0050215343647,448.9785315207216,6.452421585442964,270.6722552248472,227.91454151644,32.84347049493073,155.91677235293355,84.00741921857183,44.55745765677974,14.05252961831085,10.464758767223898
32077253,125.546000,131.954136,103.472845,1151.35,1014.14,1111.24,1016.13,19.26,0.01,0.3,1.0,0.38,1.0,1397.06,0.480853613046014,0.3864209521089481,0.00737698758503784,-0.012767286189472295,-0.012559011618157189,0.018635993750850427,326.00486150510454,448.98744649405313,6.441265248970906,271.26291196756125,227.75625458104915,32.68760632390189,156.30320992203997,84.071646679544,44.674025919036275,13.898234260181603,10.866261199324363
32077353,125.647000,130.774639,105.358001,1151.2,1014.16,1111.45,1016.21,19.31,0.01,0.31,1.0,0.4,1.0,1397.59,0.481579729172701,0.3851603969084415,0.006981717872713583,-0.012143960344413457,-0.013413358911813266,0.022108059672838118,326.0019550226977,448.9823967877911,6.453562421600278,270.70888442383404,227.90846092285352,32.83555783537508,156.03486665742855,84.03745649445717,44.40903438321604,14.042240603081233,10.472513957899174
32077452,125.745000,129.492112,107.282508,1151.21,1014.13,1111.03,1016.3,19.36,0.01,0.19,1.0,0.61,1.0,1398.06,0.48227749830176003,0.3839162423209019,0.00680862228436887,-0.012363648987369389,-0.008209536397016673,0.009116589297506595,326.0014411080291,448.9764193384187,6.447124360430147,270.8280151211044,227.85381612640109,32.832516400264446,156.02514237238086,84.0379807850017,44.394368500378945,14.010091438914024,10.578892382607982
32077552,125.844000,128.314721,108.863900,1151.19,1014.16,1115.08,1016.4,19.4,0.01,0.31,1.0,0.46,1.0,1396.65,0.4829683303745089,0.382639277780886,0.0067273707601713095,-0.012490443720553746,-0.008131658846624484,0.014920997599584635,325.99931653277184,448.9862561559515,6.452880719977385,271.07521485570624,227.77191433451256,32.68323029592819,156.22179342149428,84.06091175395915,44.63908305214302,13.94369940018322,10.744349189351247
32077653,125.944000,127.113990,110.284664,1151.3,1014.11,1115.82,1016.45,19.45,0.01,0.34,1.0,0.42,1.0,1396.8,0.48360691793268157,0.38144969100856274,0.006226234747144166,-0.011680657698089304,-0.005478551129925949,0.007137474610662517,326.0021594028218,448.97944957645205,6.438348362436325,271.1484197170871,227.7110211367126,32.588101508728634,156.21623196737335,84.04007177272878,44.99377698630234,13.923260436049464,10.81217565480079
32077760,126.045000,125.957931,111.470670,1151.17,1014.15,1117.35,1016.27,19.47,0.01,0.35,1.0,0.31,1.0,1397.15,0.4841970877138146,0.3803316387735202,0.005530555501207675,-0.01042987354694434,-0.0176043899714345,0.03637686175315514,326.00849032742263,448.97336596071176,6.459994435495481,271.91206086681905,227.47851663802422,32.27685174626723,156.79995944621868,84.08773735131902,45.588702421020926,13.724854981629589,11.307296932740503
32077853,126.152000,124.814668,112.446568,1150.77,1014.13,1116.74,1016.07,19.48,0.01,0.63,1.0,0.74,1.0,1397.55,0.48466670302416476,0.3794741905969603,0.0040878195971822615,-0.007229973496143308,-0.01994713625840824,0.0426701720600706,326.00457516708803,448.97405681444246,6.440383330808047,271.63021616076793,227.5725600604945,32.18147735103083,156.71885704972934,84.11607068843342,45.529275795198615,13.798275815240471,11.098835635675574
32077952,126.245000,123.725822,113.198798,1147.2,1013.88,1122.25,1016.78,19.48,0.01,0.47,1.0,0.39,1.0,1397.51,0.4850006642264589,0.37891306214841,0.002910499106989092,-0.004726943038416176,-0.009076627944649997,0.019130107396866287,326.0042446014882,448.9794535664524,6.45538157183133,271.5203902429637,227.58476997362618,32.14671752984961,156.58811930021105,84.07619015503515,45.648870569185206,13.825405956819683,11.039513061657388
32078053,126.344000,122.669278,113.796385,1144.05,1013.94,1123.41,1016.55,19.45,0.01,0.32,1.0,0.36,1.0,1397.56,0.48523433898379126,0.37856384796052683,0.0018552485461998025,-0.0023856800266168535,-0.019443536742701634,0.0436716544829064,326.0050627072294,448.9710982615825,6.444880184412529,272.9886058814374,227.11120847733804,31.65515419563435,157.52793868432252,84.20646626784989,47.09017097452298,13.439577436263358,12.05751246005266
32078152,126.444000,121.619707,114.261575,1145.24,1014.17,1122.58,1016.13,19.44,0.01,0.43,1.0,0.45,1.0,1397.89,0.4852508451025061,0.3787418999493322,-0.0009556375887058649,0.004553745268841559,-0.031615604908071124,0.07818856278890995,326.00677806235024,448.97467809725543,6.442469690001632,273.43237329141664,227.03815691198176,31.521036397821877,158.0600236661669,84.34836449154992,47.293703667480834,13.327095976427447,12.303205397467941
32078253,126.546000,120.686544,114.545892,1142.12,1014.05,1125.44,1016.39,19.4,0.0,0.2,1.0,0.22,1.0,1398.01,0.48496352102371204,0.3796735652943796,-0.003893875753257797,0.011789337686819994,-0.024006021066697122,0.056174954279337344,326.0045557507938,448.96757153629966,6.466078104971555,272.52813394952443,227.264052359231,31.521704222029832,157.35708696856744,84.39361147274913,47.05784520047335,13.56110028595787,11.750860901568814
32078352,126.644000,119.717552,114.719164,1143.05,1014.22,1124.44,1016.29,19.21,0.0,0.53,1.0,0.44,1.0,1398.23,0.48448477054748385,0.38107310707647213,-0.005038167611350304,0.014773092802264683,-0.0018547685280781241,0.01166453408786457,326.0068949005345,448.97474647754507,6.45113009001996,273.3989490055015,227.0593683815551,31.598520262124218,156.90646407124268,85.39608625411579,48.337153650315656,13.33651980596181,12.758089220947525
32078452,126.745000,118.783172,114.758146,1140.03,1013.96,1125.43,1016.22,19.11,-0.0,0.32,1.0,0.37,1.0,1398.61,0.48387728156052434,0.38293491312564576,-0.006733598119873457,0.020990866813865163,-0.015067520787098542,0.05485851402479841,326.00824034500954,448.9720069348644,6.453278290714713,273.43619277974125,227.0368321469702,31.500344677989236,156.98404624682104,85.41016433433948,48.595168132286446,13.326597729334049,12.775464328761725
32078552,126.845000,117.955070,114.671129,1139.49,1014.08,1125.98,1016.4,18.98,-0.0,0.28,1.0,0.33,1.0,1398.86,0.48311887057938346,0.3853538169792224,-0.007861596443453094,0.025469975773651933,-0.0044874771870420235,0.026469242646313205,326.0109454744886,448.9626624850303,6.438363986974011,272.31923010891524,227.24407656684477,31.618612173839356,156.2644125317314,85.42282287788309,48.151062086924,13.612778028833741,12.068508117758377
32078653,126.944000,117.166288,114.467704,1139.55,1014.1,1125.88,1016.15,18.88,-0.01,0.3,1.0,0.36,1.0,1399.03,0.4823338269967765,0.3879854633709227,-0.007911295592785451,0.026998068623203364,-0.00015774800314060681,0.01171191985552832,326.0092270883214,448.98261938996916,6.456550455621793,273.6930421922214,226.98671646407104,31.382206223669478,156.99760036743479,85.56354028326203,48.54483329194942,13.260536228398845,13.006698260794806
32078753,127.045000,116.389950,114.167725,1139.46,1014.16,1126.05,1016.13,18.73,-0.01,0.31,1.0,0.35,1.0,1399.26,0.48148994814977536,0.3908899049432592,-0.008836095719112836,0.03027086716742383,-0.013321530927521362,0.039602151962693476,325.99892453230433,448.97724445416424,6.440570337416245,272.64196083417045,227.2406462143064,31.234837684318855,156.51999975904275,85.47872412794999,48.00171946726732,13.529977548748073,12.262104199110471
32078853,127.145000,115.676811,113.829678,1139.68,1014.11,1125.66,1016.28,18.58,-0.01,0.34,1.0,0.4,1.0,1399.33,0.48057231007094264,0.39406954746102674,-0.009142265690104316,0.03211187667790921,-0.004108247520183268,0.02707395724147486,326.0032601975527,448.9679921104132,6.455913852519482,273.2521097217954,227.0935012518182,31.43347315515388,156.59097912779956,85.58133773047655,48.544763852021504,13.37389664031337,12.754015933885416
32078953,127.246000,115.012073,113.440369,1139.48,1014.18,1126.03,1016.16,18.45,-0.02,0.33,1.0,0.38,1.0,1399.34,0.4796498024644235,0.39734759348856463,-0.00975753469503009,0.03468435022150391,-0.018019155643181822,0.0615812641313262,326.01045606829626,448.97601734981214,6.463681498077802,273.6488807474545,226.99651662494244,31.333713142149094,157.06729075273842,85.71166895078127,48.76198402994703,13.27258027122498,12.982680151870479
32079054,127.345000,114.367866,112.993403,1139.41,1014.19,1126.15,1016.28,18.28,-0.01,0.8,1.0,0.29,1.0,1399.44,0.47890521557544213,0.3999835227740492,-0.008386240398944549,0.029692561965177083,0.05259785269060945,-0.18455919239207896,326.005710359438,448.9678106434819,6.47117657494152,272.61198327431663,227.2695293051929,31.37908337056638,156.07236615965058,85.85273746896699,48.43349277787183,13.541210586396312,12.409040610046507
32079154,127.446000,113.726198,112.482276,1134.86,1013.83,1125.72,1016.31,18.12,-0.01,0.46,1.0,0.33,1.0,1399.62,0.4779377495866,0.4035002578932523,-0.0077765174466885795,0.028779953050477217,0.004009836085711453,-0.003582743810058611,326.00457489566145,448.9799232927898,6.467429941385673,273.54307994669296,227.0548957452435,31.339209652225758,156.62736315922348,86.06756968057715,49.10468790818412,13.359093992071928,12.945306108154671
32079253,127.547000,113.134141,111.987008,1131.64,1014.0,1125.77,1016.16,17.99,-0.01,0.21,1.0,0.34,1.0,1399.62,0.4769957674211003,0.407042738499292,-0.009675080997523419,0.03652203148694622,-0.00924623893557187,0.037173739962021383,326.0060861571517,448.9733621452918,6.45538918709573,273.38621486536573,227.04086550803237,31.1335379087332,156.59112583144247,86.04831653518339,49.11769424400205,13.338442782525524,12.960708657452788
32079354,127.645000,112.526343,111.459585,1132.6,1014.17,1125.78,1016.16,17.84,-0.02,0.3,1.0,0.34,1.0,1399.71,0.4760395157627966,0.4106748513752174,-0.009506259719953789,0.03627034413825702,0.0023068329515933948,-0.0038935051869402547,326.00276819026834,448.9789310687588,6.459176346262708,273.2828859703681,227.0894515086406,31.260040285446266,156.4950085300506,86.03326531352798,49.11603913251609,13.365383346937909,12.892388634800167
32079453,127.745000,111.931794,110.873089,1132.76,1014.2,1125.84,1016.23,17.67,-0.02,0.32,1.0,0.35,1.0,1399.78,0.4750946580456137,0.4143055939773722,-0.009417890614341706,0.03629350657742525,-0.003663937598684264,0.01600763340006972,326.00315407504297,448.9753222976027,6.442351391852544,273.558145266758,227.04103924222147,31.234211294849093,156.68133262618005,86.04397668250193,49.18134534179727,13.295965963743829,13.064450795579013
32079553,127.844000,111.349778,110.229037,1132.82,1014.24,1125.67,1016.26,17.55,-0.02,0.58,1.0,0.15,1.0,1399.83,0.47415447884731315,0.4179302972299607,-0.009413534885104909,0.03633697645207332,0.0017942042191745318,-0.004906130137693294,326.00742677096434,448.9740871289967,6.453413434025941,273.2822325895692,227.06401656627187,31.200381233897772,156.47553415451216,86.06173232981503,48.91070226681537,13.365485905077076,12.907476665622035
32079653,127.947000,110.763923,109.514721,1129.59,1014.07,1125.55,1016.34,17.42,-0.02,0.34,1.0,0.16,1.0,1399.49,0.4732452373747633,0.4214644920286277,-0.00893686952153283,0.034903280524132725,0.0023884277137569817,-0.004901079013801541,326.0045275636893,448.97815502136785,6.457032626410303,273.35681575238107,227.05204548700584,31.13453795642539,156.49633299547014,86.0767714333213,48.99601303706128,13.345617903045003,12.965563975476641
32079753,128.045000,110.207388,108.732757,1128.63,1014.18,1125.59,1016.3,17.31,-0.02,0.36,1.0,0.04,1.0,1398.3,0.4723803073137477,0.42486319742773,-0.008533423913993334,0.03363480921373381,0.005054270405092384,-0.017666708637542772,326.0067786616302,448.97687691669023,6.444928498759519,273.5008820068355,226.99648197478996,31.01585094975004,156.64863758386417,86.05350238814025,49.25111434916297,13.307811175559426,13.045642407383049
32079853,128.145000,109.619438,107.785306,1127.85,1013.99,1125.73,1016.04,17.22,-0.02,0.36,1.0,0.04,1.0,1398.07,0.47154472350446025,0.42814665194337187,-0.008273377436445328,0.032365135650273276,0.002702416611787867,-0.015344108618816663,325.9982130947378,448.9787280920526,6.457974826004561,273.6065905342269,227.0432488629819,31.05083059637527,156.7929051024008,86.11291963830308,49.12087085623008,13.284459293707444,13.085582102418673
32079953,128.245000,109.021304,106.719243,1127.07,1014.13,1125.54,1016.24,17.16,-0.02,0.3,1.0,0.03,1.0,1398.41,0.47072884179318725,0.4313196082259671,-0.007721843954944756,0.029983791174610516,0.007316141234102794,-0.02910198077513763,326.001211963562,448.97603646631904,6.482264939093601,273.5412239450112,227.0516998391323,31.05648764111748,156.74081227071287,86.04715899981122,49.31152611209674,13.29982831630445,13.036826383732244
32080053,128.344000,108.632211,105.990017,1127.42,1014.18,1125.4,1016.24,17.08,-0.03,0.43,1.0,0.2,1.0,1398.79,0.46995181864252883,0.43432330468739305,-0.007968454418537354,0.030669202780978087,-0.010728228895474621,0.03731217103118439,326.0029878591875,448.97590948335704,6.463661633035774,273.7660094644879,226.9748498891072,30.982172836599776,156.92707194516868,86.073829357721,49.503412859158026,13.240870832655379,13.184699245066447
32080153,128.444000,108.106646,104.993568,1125.47,1014.03,1125.45,1016.15,17.0,-0.03,0.29,1.0,0.22,1.0,1398.74,0.46919861236507104,0.4371913412450742,-0.007572269921720874,0.028627279473017988,0.005607416769765273,-0.026687907562692768,326.0074733406888,448.97903806438615,6.46424596691108,273.59385561765055,227.03565382881203,30.994977000950634,156.78688758394478,86.09995245525285,49.13546706487736,13.287389611676064,13.077029577872256
32080253,128.545000,107.499773,103.899294,1125.16,1014.01,1125.46,1016.23,16.95,-0.03,0.34,1.0,0.39,1.0,1399.19,0.4684768418138557,0.43990039975299694,-0.007018606121587031,0.02629351794595824,0.0006529127237626632,-0.002833713586028657,326.0048921960897,448.9747156310769,6.474800600221228,273.51187230172906,226.99065099305497,30.859442324193807,156.75019397693256,86.08214149658389,49.149361091604966,13.304451466916817,13.037420926572665
32080354,128.645000,106.924221,102.898961,1124.81,1014.0,1125.39,1016.09,16.88,-0.03,0.37,1.0,0.5,1.0,1399.34,0.4678041397814621,0.44241112546238126,-0.006794095877931087,0.025195463948056156,-0.004417736225169582,0.010229480634105706,326.00507042455155,448.98845962046613,6.45447523201245,273.9432728902062,226.91299407229246,30.861033284624064,157.05893116816998,86.13802137789344,49.60027302366325,13.193345497588263,13.315888757513836
32080454,128.745000,106.345472,101.940067,1123.92,1014.11,1123.08,1016.15,16.83,-0.03,0.35,1.0,0.41,1.0,1399.45,0.46715197085137566,0.444794580297238,-0.006391780874019778,0.023217516648869913,0.006604579721173869,-0.026851747782315145,326.0043033340599,448.9754284776112,6.465797114163868,273.5771503049132,227.0472717577947,30.96455816695598,156.79950254343282,86.08904736068037,49.123197117496645,13.291578763382201,13.057086404730612
32080553,128.846000,105.769197,100.991783,1123.48,1014.05,1122.43,1016.08,16.8,-0.03,0.37,1.0,0.45,1.0,1399.54,0.46655120158655267,0.4469702351544933,-0.0057945317707958355,0.020954132321095147,0.00508820203535171,-0.019296165647102678,326.0063437034093,448.9813458554958,6.476166206537701,273.60393147697937,227.0613043158763,31.021817418893658,156.82303090561362,86.0737441639311,49.215122678602505,13.28603448991915,13.063101627907493
32080653,128.945000,105.202079,100.042067,1122.9,1014.14,1121.66,1016.22,16.74,-0.03,0.33,1.0,0.41,1.0,1399.54,0.46601284003904825,0.44891192920842043,-0.005126792274335228,0.018493481896918677,0.006711581246912805,-0.023549118753951156,326.00157828456975,448.9837771265186,6.458166170903775,273.38383908787443,227.07067198947863,30.90808243046241,156.651129055272,86.02671318522039,49.0503610603998,13.338898365151737,12.934500842588836
32080753,129.045000,104.650920,99.089384,1122.68,1014.17,1120.23,1016.2,16.7,-0.03,0.32,1.0,0.3,1.0,1399.48,0.46555155942485127,0.4505870041939283,-0.004309602475753498,0.01573796487136861,0.008114054001780335,-0.027015936419965865,325.9964378056718,448.9718716974043,6.4677268175977805,273.359434151316,227.111405746535,30.97162585192381,156.6171286248364,86.06883138271958,48.910500978445896,13.346807233354365,12.921272625119734
32080853,129.146000,104.098871,98.163372,1122.74,1014.15,1120.75,1016.3,16.68,-0.04,0.46,1.0,0.61,1.0,1399.74,0.4651727248481505,0.45199002380715814,-0.0034486296885635655,0.0129402843143505,0.010284972298394606,-0.03308340381050849,326.00500829683267,448.98902317631166,6.497746159038719,273.11676506541994,227.17142812738584,31.093114899802732,156.450641173658,86.04094262582332,48.58342505092641,13.410714812836476,12.75755446088056
32080953,129.246000,103.530153,97.272532,1120.65,1014.08,1118.27,1016.1,16.66,-0.04,0.35,1.0,0.5,1.0,1399.83,0.4648902013242539,0.45308986655177674,-0.0024502301425317037,0.009817252351616216,0.009301558994874587,-0.02928304429602001,326.0028479073003,448.9771353027648,6.465305399075058,273.29430490156943,227.15571888558728,31.031469213806126,156.53436885423088,86.06038410246293,48.56209879485435,13.366564804492802,12.875481810234884
32081054,129.345000,103.085663,96.617634,1119.44,1013.97,1115.96,1015.83,16.66,-0.05,0.25,1.0,0.31,1.0,1398.6,0.46473394555340186,0.45373749384606527,-0.0016045345674681002,0.006778447668180339,0.016159293600565887,-0.06269033511007603,326.00679822861196,448.97752138800547,6.45900852001429,272.7430751040591,227.3041252224538,31.291261341086717,156.2071650637916,86.00154838679622,48.18460372575235,13.510911046732472,12.491466982607964
32081153,129.446000,102.589919,95.878543,1119.67,1014.14,1117.05,1016.21,16.65,-0.05,0.27,1.0,0.42,1.0,1398.37,0.4646027920865063,0.45435720547324054,-0.0007194269252185273,0.004041332080339638,0.009005408710872041,-0.026888739365193343,325.9996008019442,448.9791079361596,6.456110882998417,272.5798081840729,227.31237309265873,31.285888573533327,156.0468013022937,85.96018744352199,48.09863588600334,13.54943443325721,12.403847818635935
32081254,129.546000,101.989886,95.004459,1119.71,1014.11,1115.97,1016.18,16.65,-0.05,0.28,1.0,0.34,1.0,1398.57,0.464600895889977,0.45459665170414654,0.0004686721211037438,0.000945892851438996,0.012028935417934997,-0.037708779425074855,326.00282806522307,448.9842466838205,6.483773990941794,272.96940024960844,227.26626049152176,31.115311651503646,156.29227399118457,86.01940345461979,48.277254166527875,13.54943443325721,12.403847818635935
32081354,129.646000,101.398976,94.143977,1119.7,1014.13,1116.27,1016.22,16.67,-0.04,0.45,1.0,0.65,1.0,1398.87,0.46470931696712003,0.4545120140152973,0.0013244583867845757,-0.001614094085807989,0.004619196628447296,-0.01661561787426684,326.0005780940871,448.9760615130672,6.440776637649561,272.3789039203671,227.42226340989396,31.198987819619656,155.9959421372996,85.94553163004687,47.88537923579126,13.495077582666527,12.525459654630946
32081453,129.747000,100.801646,93.322294,1117.75,1013.98,1113.59,1016.04,16.68,-0.04,0.35,1.0,0.52,1.0,1399.08,0.4648955707076078,0.45418361305798,0.002290828783812238,-0.004558194170050499,0.011733434194094765,-0.03527554198963583,326.0027301399536,448.9853564010105,6.474295877968726,272.35194303613946,227.43755057658277,31.245445707813335,155.85600358640795,85.97864785774031,47.99703652460282,13.612882611758048,12.246784528983358
32081553,129.845000,100.195096,92.545205,1116.41,1014.14,1111.12,1016.18,16.7,-0.04,0.25,1.0,0.32,1.0,1398.23,0.4651893466367055,0.45354037974240047,0.0032327058834145097,-0.007288609996503212,0.0051713731917421,-0.016038818667214086,325.9952195173203,448.9826089741123,6.488521351042189,272.4464016674077,227.4571658165663,31.38884354243971,156.02912480326893,85.98978846516937,47.73593243972689,13.589290749586906,12.273293720923103
32081653,129.945000,99.567400,91.752356,1116.73,1014.09,1112.45,1016.14,16.8,-0.04,0.37,1.0,0.58,1.0,1398.04,0.46554121619207717,0.45271893570802396,0.0038145749807270125,-0.009105389092338831,0.008358154248358415,-0.025433188304290713,326.00099963793105,448.99382711961357,6.489631923609569,271.745866970235,227.63066819385807,31.533297981957627,155.3889197828551,85.90148632343798,47.28157124712377,13.771467004246364,11.842406724964356
32081754,130.045000,98.936305,90.940709,1116.08,1014.05,1109.46,1016.01,16.85,-0.04,0.37,1.0,0.41,1.0,1398.41,0.4660091360717441,0.4515708851835682,0.0052301372619329494,-0.012955164164051099,0.01394546538535958,-0.037034256327011225,326.0016581356826,448.985289789674,6.475701241866382,272.6544354569987,227.41287857059456,31.424359231363688,156.00623196524802,85.99377629912429,47.60491552089147,13.537253540881087,12.442686210009544
32081854,130.146000,98.293368,90.092355,1114.52,1014.08,1108.84,1015.99,16.85,-0.04,0.3,1.0,0.44,1.0,1398.38,0.4665637151908753,0.4501876748349277,0.005619070682025744,-0.01407555991571567,0.0027560347899739618,-0.008785045579418414,326.00027960369505,448.99340637453867,6.4807228050440315,271.6341926026982,227.72281178949035,31.608879535006665,155.43296380762055,85.94407487638921,47.11902470839589,13.804106549673223,11.729682154505934
32081955,130.246000,97.650831,89.218323,1114.78,1014.06,1108.41,1016.02,16.93,-0.04,0.33,1.0,0.41,1.0,1398.81,0.46716328275979596,0.4486669316349755,0.006375119628683623,-0.016276986644480355,0.010913499473028335,-0.030368175235248755,326.00237024887724,448.9813526372988,6.469499383832756,271.5864818240091,227.7293479169761,31.66509126606414,155.22210506476625,85.87967158918303,46.82665394926959,13.817383699832828,11.728489896020605
32082055,130.345000,97.136069,88.476771,1114.83,1014.08,1106.95,1016.03,17.02,-0.04,0.44,1.0,0.44,1.0,1399.1,0.46789169637282335,0.4467981843654788,0.007600911239454004,-0.0195279472713141,0.008403024005081295,-0.022116009066902587,326.0021684917079,448.9948118984112,6.473648229053964,272.24400851838516,227.5515445750842,31.463292042236187,155.79545216555962,86.013502967537,47.1618554857745,13.645307877479897,12.154773074683952
32082155,130.447000,96.606581,87.572598,1112.95,1014.09,1106.68,1016.04,17.11,-0.04,0.34,1.0,0.49,1.0,1399.45,0.46868632666454957,0.4447523372062811,0.00828479996499098,-0.021386395139506627,0.014712296903721257,-0.040007465973920776,325.9995542159062,448.9933718613201,6.46933284984525,271.02847312779227,227.94385980124267,31.822994487226214,154.96003753534958,85.84798201134953,46.69183451379945,13.965159036327032,11.31272546030264
32082255,130.547000,96.007697,86.437478,1112.38,1014.05,1103.92,1016.1,17.21,-0.04,0.33,1.0,0.34,1.0,1398.29,0.4695641309427035,0.4424737785194478,0.00938374486612799,-0.024422607593693246,0.015816744905902305,-0.04275682305243633,326.0023367117139,448.9945589007917,6.501854369062882,271.2491395097364,227.9294737707352,31.889524003541396,154.96509042105015,85.93262544727244,46.30366384321652,13.911018723431384,11.492692796389829
32082355,130.653000,95.441365,85.239273,1112.28,1014.21,1105.39,1016.15,17.32,-0.04,0.33,1.0,0.48,1.0,1398.18,0.4705322224772673,0.43995079866952164,0.00975111474701229,-0.02542817425788584,-0.003676230370725477,0.008934278919525883,326.0045379171917,448.9854863828499,6.4723591060854755,271.45122987863914,227.8427868704205,31.74944837509175,155.24976478646204,85.85159349028959,49.67460337586204,13.857517812437246,11.580861121007768
32082455,130.746000,94.883644,83.984779,1112.24,1014.14,1103.31,1016.1,17.43,-0.04,0.33,1.0,0.31,1.0,1398.55,0.4715179850963273,0.4373709909216856,0.010031567307386132,-0.026308820472839046,0.00899086726034637,-0.024787680635468774,326.0009159267772,449.00166522654513,6.4939895390241835,270.9504848938874,227.99248653180038,31.938207801269062,154.86428928944446,85.87319176531588,46.25405497893019,13.986978894958558,11.268755010170445
32082554,130.847000,94.343839,82.742773,1112.15,1014.19,1103.12,1016.13,17.53,-0.04,0.46,1.0,0.6,1.0,1398.8,0.4725704740406227,0.4346078748071588,0.01100091675933735,-0.028880798533412893,0.014842020798656859,-0.03870183991619593,325.99938043383787,449.00064544435514,6.486169140724296,271.45597126764807,227.84287486851034,31.904750148270594,155.19872441738397,85.8613757942312,49.472405675176354,13.85419241695389,11.602907367912849
32082654,130.948000,93.792938,81.498106,1110.09,1014.09,1101.44,1015.92,17.63,-0.04,0.35,1.0,0.58,1.0,1398.98,0.47364387883910025,0.4317928808710034,0.010810157020460825,-0.02837381883164836,0.0040947699799398695,-0.012008265906754238,325.99996428522644,448.9954603024316,6.491770689888272,270.9542997705239,228.0163501228004,31.933192868837715,154.89368228803676,85.86188203493104,46.09311506841153,13.987643706648837,11.254293604466536
32082755,131.045000,93.212264,80.249338,1109.17,1014.15,1098.41,1015.83,17.74,-0.03,0.27,1.0,0.33,1.0,1398.1,0.47471145627615785,0.4289848338699157,0.010848098752264394,-0.028546065268817037,0.009399919128155392,-0.024621977371549076,326.0040286122646,448.99606019601526,6.491543290073124,270.79209216054926,228.0705658200271,32.077735713985234,154.72668081561565,85.890770775451,45.654747438464874,14.03149898092107,11.162742041820504
32082854,131.147000,92.648961,79.130875,1109.26,1014.15,1098.99,1015.98,17.85,-0.02,0.28,1.0,0.39,1.0,1398.03,0.4758151520965278,0.4260831540959707,0.01131119006062682,-0.029720680912584025,0.01001852503549483,-0.025861346792251414,326.00051731981193,448.99465524888376,6.480674112597218,270.73071005563753,228.12112142393158,32.12322292798631,154.67938193092243,85.87503078674108,45.45476535165655,14.048797708584871,11.111655163197078
32082954,131.247000,92.020070,77.981491,1109.29,1014.17,1099.13,1015.99,17.95,-0.02,0.28,1.0,0.4,1.0,1398.37,0.4769421638105595,0.4231241944166957,0.011484994513725323,-0.030140872470376376,0.011864330590344589,-0.03075702904881548,326.0029797463578,448.9994664702217,6.483620476335856,270.54643016820216,228.17746878198153,32.01872903076554,154.55457544640853,85.88534037702728,45.40669308425942,14.097534301740119,10.990716235594029
32083054,131.347000,91.579358,77.213783,1109.4,1014.21,1098.28,1016.01,18.06,-0.02,0.48,1.0,0.75,1.0,1398.7,0.4778072603698925,0.4208556086879683,0.009714918792457264,-0.02546522266094278,-0.05725726558147265,0.15054028281749599,325.9941384288114,448.99368992799805,6.4889691141830355,270.77053378515535,228.1071963032984,32.17230907071139,154.69534595346568,85.8961920274628,45.413975274633465,14.036727150177814,11.148489503191499
32083154,131.446000,90.998966,76.265578,1107.12,1014.04,1095.91,1015.86,18.17,-0.02,0.31,1.0,0.56,1.0,1398.9,0.47895949474830307,0.41783818843486126,0.009665252645078948,-0.025302089912486433,0.002256076073397527,-0.00573263357299516,326.0008130822345,449.0006656233392,6.474971541903489,270.62836192342945,228.146980555955,32.12105109440798,154.60429891256945,85.88716262425683,45.37518678535895,14.075066921481673,11.049814553192792
32083254,131.546000,90.332046,75.298638,1106.52,1014.15,1093.12,1015.85,18.28,-0.01,0.26,1.0,0.33,1.0,1398.07,0.48009384141271494,0.41487029744305637,0.011286645005924236,-0.029521053994264607,-0.001771114870524231,0.004857886865055972,326.0001805308407,449.005206479788,6.493428538496848,270.1842279769755,228.32781678919397,32.24608744274428,154.2667110159546,85.76169995321152,48.13196762607443,14.194140726108953,10.725554685682713
32083354,131.646000,89.587919,74.317902,1106.47,1014.04,1093.95,1016.01,18.38,-0.01,0.25,1.0,0.4,1.0,1398.22,0.4812451459024406,0.41185826834640515,0.010725725106125369,-0.028070898230169172,-0.021199725998612126,0.055245303311657966,325.9982146029676,449.0071396911732,6.509168136346037,269.89187529543955,228.42426821073408,32.27100563112498,154.07697893095497,85.83584497046581,44.56307417812563,14.270842905463311,10.54292648773496
32083454,131.748000,88.945448,73.622130,1106.58,1014.17,1093.92,1016.16,18.59,-0.01,0.26,1.0,0.41,1.0,1398.59,0.4824317365692513,0.4087541170399928,0.012281976446192262,-0.032111635647038554,-0.002623748355486477,0.007457608885420708,325.9988844695253,449.0016766956322,6.523078830908321,269.99226126127354,228.40559430015483,32.366395007573516,154.1255438364042,85.83175970735107,44.653235855214916,14.245694724845276,10.608635969324077
32083554,131.846000,88.266319,72.949981,1106.65,1014.22,1093.55,1016.05,18.69,-0.01,0.26,1.0,0.38,1.0,1398.84,0.48364096106393073,0.4055954709752084,0.012101192638336068,-0.03159869328565573,-0.021941730807068023,0.05745529400214734,326.0085344242748,449.0104891298616,6.4912956489065525,269.9905404539147,228.40444647889086,32.33825313981239,154.19641620218002,85.83223077980654,44.64774751341007,14.247852079270585,10.587065991647332
32083654,131.946000,87.559618,72.294562,1106.59,1014.22,1093.69,1016.24,18.79,-0.01,0.56,1.0,0.83,1.0,1399.09,0.4848363819211653,0.40247324836036447,0.012024199579369517,-0.03140726446134372,-0.003048201296455248,0.00802821441686475,325.9982561618189,449.00169372133183,6.494310155236839,269.8092789740193,228.44955979849212,32.34136578483626,154.02806221689104,85.81921571434813,44.526427966026745,14.292911821385175,10.48239213893389
32083754,132.046000,86.869282,71.651975,1104.96,1014.13,1090.5,1015.87,18.9,-0.0,0.49,1.0,0.63,1.0,1397.92,0.4860331257789782,0.39934881636230846,0.01189856768360982,-0.031054460286158693,0.005319619137364525,-0.013609946743064979,326.0016701568256,449.00076055262053,6.489205051461902,270.11275800247813,228.39978128296383,32.34941997747291,154.19779256386133,85.77575809287838,48.10717102791812,14.21666637924468,10.668497671684225
32083854,132.146000,86.198381,71.003714,1104.04,1014.16,1087.77,1015.84,18.98,-0.0,0.42,1.0,0.4,1.0,1396.68,0.48720737249293083,0.3962842256464545,0.011843492740352473,-0.030920861622903795,-0.009283820598645423,0.023782169663382,326.0029785375177,448.9979334347243,6.492453475727882,269.41463880597723,228.6029932664719,32.67082932496483,153.70207190416312,85.78645209113564,44.27280962505601,14.400130981419744,10.214760256393884
32083954,132.246000,85.493307,70.264710,1103.89,1014.09,1087.46,1016.09,19.07,0.0,0.52,1.0,0.49,1.0,1396.76,0.4883795861510513,0.3932264507539182,0.011941910402796064,-0.031120717271795516,0.005022025928506494,-0.01228992003749468,325.9972605359542,449.0098027339185,6.484081598548523,269.0114680369798,228.7778976215189,32.696332959142346,153.34643664019995,85.78895750737034,43.82387563590573,14.519436064032062,9.901580981570962
32084054,132.345000,84.831293,69.473163,1101.92,1014.03,1086.15,1016.09,19.16,0.0,0.37,1.0,0.38,1.0,1397.35,0.48929929519715454,0.3908332285215519,0.010311827561233146,-0.026805436056306562,-0.0635003851077631,0.16630159664956384,325.9989332851196,449.0159950694918,6.488955389185414,269.6034358414673,228.63137503605822,32.64139623918767,153.8098538582793,85.80132286439924,43.89234111654,14.353733088693591,10.324520526561841
32084154,132.445000,84.167662,68.607113,1100.24,1014.19,1085.71,1016.01,19.26,0.0,0.35,1.0,0.48,1.0,1396.03,0.49052796133456866,0.3876426917946631,0.010145932125708227,-0.02635840664767099,-0.0009704032544438196,0.001983767821934,326.0051727001079,449.00232093427275,6.4885598829491125,268.9690447519906,228.82556146737664,32.65179168110157,153.47959209147822,85.76171789370517,43.81960831259979,14.523058633892619,9.866368471864835
32084255,132.545000,83.512701,67.725110,1100.64,1014.15,1084.57,1016.16,19.35,0.0,0.44,1.0,0.46,1.0,1394.14,0.49175604410466356,0.38444679935947257,0.012128533984899544,-0.031587264905049886,-0.006244623611187437,0.015716075717379704,326.0001278887234,449.0108528220323,6.497232029118622,268.79832558628755,228.8630463486917,32.782092140925414,153.35939604940398,85.75598756507236,43.56878564627718,14.565286779897091,9.761202684885259
32084355,132.647000,82.848805,66.867345,1098.84,1014.04,1084.55,1016.13,19.45,0.0,0.35,1.0,0.53,1.0,1393.57,0.4930162025372742,0.3811625086847285,0.012584820356114433,-0.0328059557404696,-0.005880382154523516,0.015277479758071316,325.99608515604643,449.00310131036224,6.489694703909493,269.41290817327376,228.64826635591297,32.63798697779055,153.837754826007,85.73083065418285,43.715946270660446,14.401383485191428,10.159173471103479
32084456,132.746000,82.171731,66.074233,1098.2,1014.14,1083.8,1016.05,19.56,0.0,0.35,1.0,0.54,1.0,1392.19,0.49423868820180394,0.377967417326783,0.012011564868617701,-0.03146899510168472,-0.005173755465371536,0.011394244422823862,325.995869041175,449.0121153155069,6.523436785810534,268.878544534019,228.8644543445118,32.66090797780632,153.45933246022932,85.66411534580877,43.497308036841744,14.544698319467724,9.779354323246736
32084555,132.846000,81.468254,65.352696,1098.26,1014.09,1083.13,1016.18,19.62,0.0,0.36,1.0,0.49,1.0,1391.09,0.4954321526591338,0.37482822419639794,0.011882158581498494,-0.03132301734251891,-0.00728428487249597,0.017391155500016457,326.00351728990853,449.0119158858118,6.4930095360311615,269.195882508818,228.78784485978272,32.56770262502265,153.68883402509158,85.69867599784963,43.69820741379679,14.464346169310824,9.983102888164506
32084655,132.948000,80.733360,64.697126,1097.84,1014.08,1083.14,1016.15,19.7,0.0,0.44,1.0,0.62,1.0,1391.96,0.4965961559455786,0.3717497943281052,0.011284954602690488,-0.029913476356050923,-0.0263306370640274,0.06771895322173514,326.0001557460769,449.01107948926506,6.493392677940195,269.03711798774157,228.82129584348257,32.672278217430616,153.8078250144254,85.53740314403132,43.399364761342746,14.504411497499254,9.797511869605724
32084755,133.048000,79.626172,63.864260,1096.34,1014.05,1081.94,1016.11,19.77,0.0,0.32,1.0,0.53,1.0,1393.32,0.4976953232367646,0.368814086833125,0.010546800719320517,-0.028362912446911602,-0.015246535700630594,0.035173814969732965,326.00218342722854,449.0119503603803,6.507157170695474,268.9343691173313,228.85845142253115,32.67289836685371,153.72348751144494,85.51056610852936,43.24324065066562,14.532255724457968,9.72485945473521
32084855,133.148000,79.074890,63.521932,1095.83,1014.11,1079.53,1016.04,19.84,0.0,0.28,1.0,0.33,1.0,1393.48,0.49874092404594345,0.3659683856659144,0.01028621862801022,-0.028192083295056136,-0.0057200863252653555,0.010412771189756342,325.9950704244611,449.00716699188047,6.512080238107447,269.03786576165834,228.85983993165533,32.662299436451626,153.82485384613733,85.53142500632148,43.027653835684106,14.505667858896896,9.78235287656333
32084955,133.248000,78.307316,63.115038,1095.92,1014.18,1080.17,1016.18,19.91,0.0,0.28,1.0,0.38,1.0,1392.7,0.49973357860512735,0.36321456027427956,0.009776295569088654,-0.027322198370272242,-0.0038539098403992957,0.005423759996408921,326.00030739718,449.00516631603745,6.525258983341308,268.68387876344065,228.94227728867884,32.75307418683954,153.92237316584803,85.27618076048259,42.86867140215539,14.598619889418735,9.420870390301523
32085055,133.348000,77.226519,62.624982,1096.0,1014.15,1080.54,1016.26,20.02,0.0,0.29,1.0,0.42,1.0,1393.89,0.5006725160459167,0.3605427920065634,0.009311708777225407,-0.026849037684898814,-0.004648032963208341,0.003613234105111933,325.99662537206075,449.0087622115484,6.537638383904412,268.54430620731773,228.98929870308376,32.86938970326187,153.87746820319418,85.221851896021,42.64520893937899,14.634511775526992,9.306332953042848
32085156,133.448000,76.699508,62.426806,1095.83,1014.14,1080.19,1016.24,20.08,0.0,0.28,1.0,0.39,1.0,1395.0,0.5015904246113979,0.357838490019852,0.009050706089826112,-0.027004751671625114,-0.0073804259181986225,0.012817043818756294,325.99528580243594,449.00642560624624,6.502257302017206,268.76474121968926,228.90947505900158,32.89052542512489,154.12238895828648,85.18170307723472,42.638221187999456,14.575517657127335,9.426065250564733
32085255,133.549000,75.831880,62.153311,1095.88,1014.12,1080.1,1016.25,20.13,0.0,0.66,1.0,0.63,1.0,1395.79,0.5024664307066584,0.35516149605215086,0.00860003982935811,-0.026641395019493575,-0.008265561803239663,0.016756495825957524,325.9993667058742,449.00654468268067,6.5212580352470955,268.53916931680914,228.9963957318166,32.83876746411788,153.87655516986038,85.15067425687806,42.59040100388634,14.637025438021729,9.28507509674132
32085355,133.648000,74.803104,61.872154,1094.23,1014.12,1078.12,1016.01,20.18,0.0,0.54,1.0,0.47,1.0,1395.1,0.5033113843326664,0.3524971015467257,0.00816209190437654,-0.02602619504158068,-0.011408080343338109,0.02810046714903432,325.9998983373121,449.0150153110785,6.522909692763291,268.8561538850017,228.92982224584478,32.847353883529514,154.12872115801343,85.13405329334894,42.76176627612606,14.55509527773959,9.474420269838134
32085455,133.747000,73.767337,61.629286,1093.57,1014.1,1076.73,1016.02,20.24,0.0,0.64,1.0,0.4,1.0,1393.77,0.5041053520284737,0.3499086266449951,0.0076540627457144595,-0.025296404930000384,-0.010566465451464951,0.025952413063442183,326.0004289857003,449.0027907859561,6.517148372250682,268.3506339210962,229.03640410418402,33.07095503152045,153.82196515682145,85.08020586922547,42.27683884351224,14.686033450466843,9.132988118904127
32085557,133.849000,72.720407,61.409317,1092.41,1014.0,1076.97,1016.16,20.3,0.0,0.55,1.0,0.42,1.0,1392.38,0.5048639701877092,0.34736840612776504,0.0076452792135336435,-0.025703495592128242,0.0013160425726116878,-0.006034701306784931,325.99671897278296,449.007661685585,6.531636622760118,268.075712309538,229.1399363351856,33.1242377131574,153.7292206820524,84.98909475326879,42.053290106609104,14.75844763059836,8.906030406571919
32085657,133.950000,71.653611,61.206480,1092.12,1014.02,1076.69,1016.18,20.33,0.0,0.53,1.0,0.4,1.0,1391.92,0.505636194221199,0.34475893210381436,0.007763961733786056,-0.026420726691219785,-0.0019763608003216136,-0.00036641990108273966,325.99905647490425,449.00848612652607,6.500556544085131,268.7373779889271,228.96245871344246,32.859764981718186,154.46189950062276,84.7379160161736,41.953402803043105,14.586339816689089,9.21866115140946
32085757,134.049000,70.544590,60.973706,1091.43,1014.04,1076.53,1016.14,20.36,-0.0,0.74,1.0,0.44,1.0,1391.11,0.5063742305388741,0.3421774773511195,0.006956311344356475,-0.024949629870955763,-0.016137439048098313,0.037760537066583784,326.00808733719805,449.00507877759003,6.515870172567532,268.5340883151969,229.03346867727078,32.83707357189556,154.70886739452035,84.50678272555538,41.86785210022015,14.642844900840059,8.937300585326152
32085857,134.149000,69.458903,60.685996,1090.05,1013.93,1075.88,1016.19,20.34,-0.0,0.72,1.0,0.41,1.0,1390.24,0.5070502848089806,0.3396306098770536,0.006623321709465567,-0.025662447476096792,-0.008325303693603032,0.01334340289176903,325.99569403762814,449.0126879180798,6.526700154511956,268.33465735533554,229.0871569636612,32.91878047774964,154.7267672970929,84.442418585133,41.82878229986927,14.691384086812105,8.764281418473079
32085957,134.249000,68.331279,60.314598,1087.48,1013.84,1076.31,1016.18,20.36,-0.0,0.53,1.0,0.44,1.0,1390.07,0.507689476454072,0.3370441044925712,0.006106748828940504,-0.025413571997983837,-0.05399522962399093,0.2009421622372324,326.00976547497277,449.0062461179318,6.5040755589839625,268.8550001613035,228.9436936594571,32.67022293516403,155.18881808905917,84.18314211349708,44.916281679703786,14.55921725137145,9.020616792282631
32086057,134.349000,67.452647,59.984342,1084.58,1013.96,1075.87,1016.23,20.34,-0.0,0.3,1.0,0.41,1.0,1390.15,0.5082552924255963,0.33452237093365916,0.005239538793035087,-0.024502483912281242,-0.015596376816639465,0.03978925674343837,325.99610290583684,449.0046897484417,6.522894228849514,268.8135747431701,228.95876664299738,32.466495179016384,155.38669862263885,84.01963576520701,45.23494048664327,14.552387430643714,8.987696792439888
32086157,134.449000,66.478664,59.560567,1085.28,1014.11,1076.18,1016.19,20.32,-0.0,0.35,1.0,0.43,1.0,1390.09,0.5087268080191357,0.3321082689261912,0.004347123546665493,-0.023705414188016246,-0.010598632645648672,0.014427208815296287,325.98654797433284,449.0073909692038,6.52309447528708,269.1907193486587,228.81957832652986,32.35681385574091,156.04254316194152,83.64412603520665,45.12380021594528,14.463747646680865,9.004969860594692
32086257,134.549000,65.332975,59.048234,1086.08,1014.28,1075.83,1016.08,20.3,-0.0,0.75,1.0,0.53,1.0,1391.51,0.5090875830963111,0.3298079200477102,0.003086379478006881,-0.02241067506508863,-0.01658954228851952,0.029671571895731254,325.9971932847035,449.0050467883358,6.511135544653986,269.44640666404075,228.7983781091165,32.30528251099266,156.4236764430755,83.59404289526046,42.029962518373175,14.402764104203749,9.090599337172723
32086357,134.649000,64.118127,58.457002,1084.46,1014.07,1074.34,1016.04,20.25,-0.0,0.62,1.0,0.4,1.0,1392.65,0.509305182255588,0.32768377428440415,0.0016398822869186478,-0.02032929061624402,-0.014210711879256757,0.029388077769254686,325.99433054860674,449.0019670271157,6.5291222909634286,269.377100107725,228.7683568832667,32.242634687116045,157.1762444923219,82.76295083290523,44.32297514052981,14.417291023674139,8.706635125630825
32086457,134.751000,63.087693,57.903047,1082.4,1013.96,1074.75,1016.08,20.18,-0.0,0.66,1.0,0.53,1.0,1392.76,0.5094004629288038,0.32561895934024637,0.0005540420448911089,-0.020855623155348422,-0.010108662929461122,-0.009603750711661222,326.00380637286173,448.99119223268485,6.507854332171876,269.3453004796194,228.78611607065704,32.27460718547464,157.43687935200006,82.64067960445492,40.95061990894371,14.429154513057801,8.584172799035496
32086557,134.849000,61.985832,57.259100,1079.14,1013.88,1073.03,1016.12,20.18,-0.0,0.49,1.0,0.43,1.0,1392.35,0.5093970388359845,0.32353156785125875,-0.00037091001102607975,-0.021242337538225436,-0.008754231225053049,0.001731272977351524,325.9967353550483,448.9970850956176,6.498964480195873,269.53746013131,228.70081579285633,32.058556259227615,158.03537104338034,82.25335165094418,43.971044096848104,14.374818076920127,8.535263696513862
32086657,134.949000,60.877106,56.526839,1077.36,1013.81,1073.53,1016.1,20.01,-0.0,0.44,1.0,0.53,1.0,1393.09,0.5092961326978399,0.3214127623778962,-0.00146991209890931,-0.02106074451823629,-0.01340154826816401,0.00966164534961879,325.9972005808387,449.0005582061138,6.499834650268311,269.9400576244054,228.56353007337103,31.892472695354606,158.93899619164083,81.88923355844476,40.7494435887767,14.267888861824295,8.582150137930125
32086757,135.050000,59.403416,55.432765,1075.86,1013.94,1072.45,1015.92,20.01,-0.0,0.31,1.0,0.44,1.0,1394.27,0.5090618252191468,0.319337477278148,-0.0028370136330740864,-0.020648754670344417,-0.011964922330653004,0.007771350639339171,326.00317860565866,448.99580006710937,6.487988343240848,270.25171750793317,228.44545153077803,31.844779247747947,159.7785327279465,81.30254672853047,40.43907978545698,14.186239522510071,8.526317416558449
32086857,135.150000,58.227501,54.479316,1076.28,1014.22,1071.43,1015.97,19.76,-0.0,0.35,1.0,0.36,1.0,1393.19,0.5086872337653428,0.3172644024786073,-0.004269323575890478,-0.020607855381497914,-0.011904404688661876,0.009882191013062534,326.00029950541295,448.98194361654095,6.506862151317713,270.29176212822034,228.47094898572266,31.670434967398588,160.80430405829017,80.51694048745574,39.951923531177194,14.178185712920307,8.145442979387497
32086957,135.250000,57.201796,53.539752,1076.64,1014.33,1071.84,1016.1,19.59,-0.01,0.68,1.0,0.63,1.0,1393.81,0.5081753574835812,0.31512526162295207,-0.00558782896572535,-0.021934109790284848,-0.01171474391173409,-0.013432095583526966,326.00311480334176,448.99530357115606,6.508345814264735,270.35892769462544,228.41828593257165,31.53309884146471,161.18858731901784,80.01816444004092,42.53111744642877,14.158398897748949,8.023208522135334
32087057,135.349000,56.141906,52.484795,1075.14,1014.16,1070.54,1016.0,19.39,-0.01,0.64,1.0,0.6,1.0,1392.41,0.507711206687282,0.31342243534990033,-0.005522553793025295,-0.019587222478657313,0.019954283277915104,0.09755642167171745,326.0035506429868,448.99196978724206,6.50366290679772,270.83084411610713,228.2774079807346,31.39667888585332,162.409774612263,79.4374911037543,39.09324332347095,14.034793669953268,8.001535060956275
32087158,135.450000,55.486755,51.810889,1075.37,1014.17,1070.05,1016.12,19.16,-0.01,0.67,1.0,0.56,1.0,1390.64,0.5069712532884112,0.31103460294934754,-0.006647629048154549,-0.020582919226647046,-0.010301953683166845,-0.018010390996833842,325.9916867518811,448.9836783420481,6.5194894784966975,270.71020455386474,228.2569387981233,31.411940887992735,162.81796275525903,78.81144595161621,41.642257094103314,14.060622214008767,7.706173917440786
32087257,135.550000,54.516817,50.764256,1075.17,1014.04,1070.19,1016.14,18.92,-0.0,0.79,1.0,0.73,1.0,1389.62,0.5061146453893535,0.30847307811086166,-0.008763647573951464,-0.025571577173249097,0.005041171983159253,0.03537805567711944,326.00195401125825,448.9887612428625,6.529285166964721,270.9767106200935,228.19801487674528,31.223347630267813,163.29062625977684,78.71745222045776,39.086753920714564,13.994118591478491,7.780813361032987
32087358,135.650000,52.996977,49.080013,1072.15,1013.86,1069.85,1016.13,18.66,-0.0,0.64,1.0,0.79,1.0,1389.6,0.5051509931869906,0.30579101761232746,-0.009956729806466424,-0.027165360850271287,-0.003989734883134578,-2.466761192677355e-05,325.9961404449394,448.9906609354462,6.513329901549575,271.0743473470085,228.1851027947519,31.091514210114084,163.76333563284172,78.26355456010965,41.587815544997,13.967939720127193,7.658492073233841
32087458,135.751000,51.767291,47.707834,1069.34,1013.81,1069.07,1016.06,18.39,-0.0,0.55,1.0,0.88,1.0,1390.6,0.5040955844224402,0.3029822049890325,-0.010876617111179956,-0.02850763445494141,6.022912889454257e-06,0.01125149757910868,326.0008991782993,448.9777761176555,6.5027738519115905,271.16906341135365,228.14941086049825,31.088677161835367,164.26749840868607,78.07294946088328,38.376994348220734,13.944570927102623,7.5736612153525975
32087559,135.850000,50.637245,46.489196,1067.21,1013.88,1067.43,1015.59,18.13,-0.0,0.48,1.0,0.88,1.0,1392.15,0.5029601542484472,0.3000738785023632,-0.011573564898252717,-0.029185752596515593,-0.002878676544318517,0.0073079691254475726,325.9996483144416,448.9931274395965,6.51441317503621,272.02355628439756,227.8592703220836,30.738445689213222,166.234275706928,76.83053542308978,37.78342164021677,13.716988412358512,7.575650031792879
32087658,135.951000,49.509074,45.329512,1065.82,1013.91,1064.27,1015.56,17.87,-0.0,0.37,1.0,0.62,1.0,1392.43,0.5017096845885247,0.2971026648411047,-0.013171170715394974,-0.030396236953985686,-0.011986030009755318,-0.010959648816199808,326.00226529221993,448.96659417410626,6.5131041434301515,272.2516127962001,227.7696089273337,30.390200813057014,168.5961072620656,74.96194555776064,39.2393939221881,13.658095559548954,6.834411682389089
32087758,136.051000,48.295833,44.201800,1064.85,1014.4,1062.95,1015.37,17.58,-0.0,0.47,1.0,0.72,1.0,1392.98,0.5003145499467283,0.2939011490395191,-0.014384622301657296,-0.03304938477007349,-0.008733416660758789,-0.021288746439457558,326.00026539787495,448.9763326849714,6.495234086850526,272.8308439605573,227.58300690150227,30.188923132261422,170.7718691135404,73.5526732180803,35.79858685077562,13.504303215394103,6.519454526757684
32087858,136.151000,47.560659,43.568553,1066.48,1013.92,1061.01,1015.47,17.28,-0.0,0.61,1.0,0.56,1.0,1394.4,0.4987595850901849,0.2903084304230835,-0.01614606932603691,-0.03770184211876427,-0.0013293723469698711,-0.020558045299873397,326.0126776722108,448.9763636704525,6.4955143197945775,273.0307512651527,227.4446954090749,29.95882395925862,173.19429796326315,71.7541596926092,34.80140982334812,13.450318321674219,5.769359350935613
32087959,136.251000,45.949488,42.237796,1063.52,1013.77,1059.54,1015.3,16.94,-0.0,0.53,1.0,0.58,1.0,1395.33,0.4970464379444645,0.2861441101482729,-0.0175612693719165,-0.04357396260214715,-0.001905125570155649,-0.025202604881598183,326.0111802953482,448.9712369833011,6.510693740910571,273.60028385488295,227.32232292380667,29.730620850145968,174.94850576960454,70.71158370060935,33.15316672173405,13.30374893315782,5.600028268893162
32088059,136.351000,44.890501,41.365711,1061.75,1013.75,1058.13,1015.31,16.59,-0.01,0.52,1.0,0.58,1.0,1396.1,0.4951658593941055,0.28137417223389927,-0.019409958703006065,-0.04988990975250008,-0.004478728324687181,-0.031504050433596144,326.00185423953764,448.96913668380205,6.516415667831641,273.9752659849538,227.22707894666001,29.53399347335399,177.20402414964744,69.114099558361,34.4419491512896,13.204275703114831,5.059688569575897
32088158,136.451000,43.610206,40.373542,1060.06,1013.69,1056.87,1015.36,16.21,-0.0,0.39,1.0,0.48,1.0,1396.76,0.4931164157350921,0.2759666082054162,-0.02094158513043099,-0.05595477240239891,0.0009470555029587245,-0.013152322476755667,325.9982665359478,448.9556629208168,6.521054386645723,274.74119180098455,226.97554497731647,29.133355380034565,179.73328285409502,67.62104219413999,34.01141811088616,13.002187413350345,4.7992222458128175
32088259,136.551000,42.277032,39.348235,1061.86,1014.04,1056.53,1016.05,15.78,-0.0,0.72,1.0,0.61,1.0,1394.24,0.4908715307584715,0.2699252464273628,-0.023205469796473113,-0.06247800378678623,-0.010921091455929935,-0.027248704504850577,325.99853759144133,448.95828935906826,6.528152778985184,275.7851470221425,226.62881329899506,28.743234831031657,183.1975579196797,65.63925779552238,30.423248031472557,12.726798014489017,4.450279015881243
32088358,136.651000,40.954843,38.328902,1061.39,1014.23,1056.52,1015.58,15.32,-0.0,0.79,1.0,0.7,1.0,1393.69,0.4883689929879578,0.2632765869005613,-0.02605751959077766,-0.06834912838870824,-0.016405592347619753,-0.014373987015396609,326.00913339600476,448.96196146145627,6.507013703192103,277.21919287644516,226.19199499781053,27.97452466167974,186.46565533069003,64.0093425388726,29.61366267102704,12.353570675315444,4.523192616148826
32088458,136.750000,39.668625,37.330409,1061.41,1013.87,1054.74,1015.17,14.3,0.0,0.91,1.0,0.64,1.0,1394.27,0.4855229238943886,0.2561469808814548,-0.029723050592400255,-0.07221786094390119,-0.010704614287265731,0.03328826000278943,326.0006904020469,448.9477932059763,6.492256891929772,277.6685266082983,225.97708315826515,27.686912095381533,189.63856091891344,62.10409639915846,28.109080846618642,12.230483854559512,3.783018100734637
32088558,136.851000,38.403764,36.332714,1058.22,1013.66,1053.25,1014.95,13.7,0.0,0.67,1.0,0.52,1.0,1395.27,0.4823060415533993,0.24857477144594983,-0.0330514694295916,-0.07672329767703132,0.002025154503227621,0.03466232301747124,326.007761026644,448.95613743376475,6.502485789653993,278.56698883660493,225.81858791721442,27.4632378972837,191.5327894153886,61.04252297369176,29.896919613590004,12.002677358400499,3.8375186116640094
32088658,136.950000,37.614160,35.721754,1055.77,1013.51,1052.91,1015.24,13.05,0.0,0.48,1.0,0.49,1.0,1394.89,0.4787424316024412,0.24054601802732203,-0.03648626298518543,-0.08095707172542678,0.018667659393498345,0.06797049493675288,325.9981453539703,448.9373345606448,6.496502529826133,278.75661642421943,225.71292741964842,27.081897617142857,193.65508007273027,59.83528603192004,29.026088211711006,11.949331760306672,3.2608845046829273
32088759,137.050000,36.020712,34.435363,1054.72,1013.68,1053.03,1016.46,12.36,0.0,0.66,1.0,0.73,1.0,1393.93,0.47488012794107975,0.23208933109970217,-0.038963434574943605,-0.08459954391948532,0.01253852986842142,0.04915743684181298,326.00413438314524,448.94686194473627,6.482561520761607,279.5038972893451,225.4936887712611,26.728643609786495,195.410009371831,59.083160586657236,26.192501968573648,11.755384933126061,3.298523389726082
32088859,137.151000,34.578501,33.191694,1055.55,1013.93,1053.74,1015.6,11.63,0.0,0.73,1.0,0.8,1.0,1394.26,0.4707472680423949,0.22332092154922656,-0.041934204167284335,-0.08748085343548241,-0.013104912881877585,0.016554552642717303,326.006299261923,448.93952011153505,6.496140548749002,280.7040769009908,225.18996363976794,26.35815757442118,197.1781058723626,58.312560700160574,28.770371968798102,11.44585891015975,3.6972988849386397
32088959,137.251000,33.266439,32.017062,1052.92,1013.69,1051.26,1015.22,10.86,0.0,0.53,1.0,0.6,1.0,1395.32,0.4663225012815119,0.21450315633941275,-0.04495161085716986,-0.08706113662678293,0.032489672235907444,0.12638819211547803,326.0055019215414,448.94692694214865,6.490768102963919,280.77831852735267,225.13966640608416,25.98031377116349,199.41723044749654,57.041961601282594,27.722655116879952,11.424530251357375,2.9784184121319583
32089058,137.351000,31.950971,30.813795,1051.56,1013.74,1051.22,1015.13,10.05,0.0,0.42,1.0,0.59,1.0,1394.17,0.46164224741891224,0.20568281057390395,-0.046640808073277334,-0.08688482011346246,0.0746946961454326,0.1651388973948332,326.011140772094,448.93381677341523,6.496906842997548,281.23315787329193,225.0592350952855,25.952772942508126,200.21384085662444,56.73513615023678,27.202562336054026,11.310687106125494,3.081499715869594
32089159,137.450000,30.646724,29.583746,1051.76,1014.68,1051.36,1015.84,9.2,0.0,0.44,1.0,0.61,1.0,1393.1,0.4567897488573871,0.1968347134564083,-0.047755492281229474,-0.08618677875957251,0.04319422770447764,0.09388359896218713,326.0064296091189,448.93724699657673,6.475904488673316,281.57174879066775,224.94988085644746,25.876134430425736,201.43086218437693,56.03945364478689,26.968121668217943,11.2206720580533,2.9410264688832264
32089259,137.555000,29.365522,28.304939,1053.13,1014.8,1050.26,1015.44,8.35,0.0,0.55,1.0,0.52,1.0,1392.63,0.4518338081981022,0.18800293745046442,-0.05010865541672725,-0.08820676492349576,-0.04671961490807066,-0.049392188873716075,326.0064296091189,448.93724699657673,6.475904488673316,281.57174879066775,224.94988085644746,25.876134430425736,201.43086218437693,56.03945364478689,26.968121668217943,11.2206720580533,2.9410264688832264
32089359,137.651000,28.048259,26.891229,1054.27,1013.96,1050.74,1016.39,7.51,0.0,0.8,1.0,0.65,1.0,1391.98,0.44681940008851795,0.17936214193109057,-0.05051047501510599,-0.0860764409109837,0.03322376482005272,0.0788938737599592,326.00163704723076,448.94943269955866,6.492966720502327,281.0373578543287,225.02816490117632,25.753501808517704,201.75224629708677,55.68839508389568,26.305698992339025,11.354217924695654,2.3806219182648185
32089459,137.751000,26.763179,25.441319,1051.35,1013.57,1050.2,1015.69,6.7,0.01,0.7,1.0,0.75,1.0,1393.4,0.44185324759825745,0.1708649670098551,-0.04953021109504039,-0.0852037102712249,0.02192358959625927,0.026808536938851924,326.0125857076646,448.94772755763006,6.489849019494728,281.67294267794176,224.96629913050282,25.691531432076207,202.3517193790348,55.613453073025795,26.40724586588557,11.197569426470965,2.7022401800119518
32089559,137.854000,25.463992,23.912884,1048.99,1013.34,1048.23,1015.27,5.94,0.01,0.54,1.0,0.61,1.0,1394.6,0.4370042762580661,0.16255878921339786,-0.04765133912850508,-0.08112041895005279,0.0005438729836325097,0.016648685668613477,326.00412550583366,448.9268276621248,6.492114347426967,281.8434669720251,224.93152557279245,25.497011764157907,203.87619519804184,54.87096671394185,25.63464608873681,11.158429346477517,2.3242651278421604
32089661,137.956000,24.038545,22.212822,1047.52,1013.24,1046.76,1015.29,5.21,0.01,0.44,1.0,0.51,1.0,1395.52,0.4322680389364661,0.1545507720573763,-0.04622303452000846,-0.07811457275146742,-0.01951166850160682,-0.03548661538890088,326.0090863809086,448.94557852065736,6.477250869170208,281.96108528579043,224.8710323335831,25.456781899526973,204.56619394157127,54.415533462999235,25.528994331500655,11.12125307411265,2.1777984002863313
32089761,138.053000,22.773995,20.763455,1046.52,1013.28,1045.96,1014.96,4.53,0.01,0.69,1.0,0.86,1.0,1396.43,0.42766559171528934,0.14674775298481385,-0.047012448913269424,-0.07977815488327883,-0.04534017314799687,-0.0773764388032878,326.0086169173451,448.939858959813,6.504920107641557,282.5611113379021,224.7038145575234,25.09586311988105,206.95157368986833,53.37436217726752,24.475522549804364,10.965633070394196,1.8811195968644832
32089863,138.156000,21.390586,19.277703,1045.07,1013.05,1044.3,1014.68,3.85,0.01,0.7,1.0,0.87,1.0,1397.0,0.42318994083127615,0.13914656520534485,-0.044797493204980936,-0.07623467728254942,0.037795742899224515,0.05956027099625223,326.00561581378093,448.92746158771934,6.491357832476885,283.2493602237964,224.5250157925952,24.794575485373286,208.67202243808765,52.62977034755455,24.033241234023766,10.787484251140318,1.8788067246724225
32089963,138.258000,19.941728,17.794010,1043.06,1012.79,1042.17,1014.61,3.21,0.01,0.56,1.0,0.72,1.0,1397.73,0.41882049582479447,0.13173756046805302,-0.04320542312225643,-0.07301394900539342,-0.08440918628154485,-0.13659596285224845,326.01494343387793,448.94629084559745,6.495778529674242,283.7540329632559,224.41012186280236,24.583349434266538,211.18216192581863,51.543110585797535,23.14782083088336,10.65918475467863,1.4549426769435954
32090063,138.355000,18.818322,16.595718,1041.74,1012.68,1040.85,1014.65,2.13,0.0,0.47,1.0,0.63,1.0,1398.12,0.4145309270116201,0.12448798652718221,-0.04427965292414355,-0.07492706745825933,-0.0882236924112649,-0.15236082792478298,326.00426190923827,448.93653502690563,6.490906595950051,284.2744232197028,224.3027714473449,24.463448346970008,212.39666002223464,51.028256842933715,22.818781014867096,10.523777450389652,1.4821047707159103
32090163,138.456000,17.433567,15.074763,1040.89,1012.66,1039.53,1014.47,1.71,0.0,0.42,1.0,0.53,1.0,1398.63,0.4103138251215257,0.11736288311823055,-0.04292647160806452,-0.07220550944207996,-0.029714377422686112,-0.03818001676268784,326.0111531297127,448.9406619162962,6.493118312009208,285.32161263632935,224.02303648779449,23.980594679506726,215.5077974987069,49.72129756359217,21.805441636568425,10.254392806215504,1.3190068537657247
32090263,138.555000,15.989946,13.312345,1040.58,1012.86,1038.9,1014.69,1.36,0.0,0.4,1.0,0.49,1.0,1398.96,0.4060925228553001,0.11039948017728188,-0.04163873315742901,-0.06756880941172279,0.03989034149891056,0.09951345490729191,326.00463066659495,448.9341116625273,6.491414830612231,287.42387464073755,223.53512176319546,23.10360681389988,221.59550155198124,47.45138445986041,20.35291970149013,9.712990960673105,1.0721228561378418
32090363,138.653000,14.669552,11.544293,1040.17,1013.08,1038.16,1014.84,1.05,0.0,0.92,1.0,0.85,1.0,1399.26,0.40171420637477395,0.10358611829043388,-0.04453085942083773,-0.06744001694288487,-0.011850488869930585,0.03347002298100218,326.0153447136638,448.93246626190415,6.483824977206341,288.2769805181483,223.4273919635191,22.672972047325466,223.62497740595407,46.69613034103753,19.81424921762418,9.498977136875679,1.0956255248903375
32090463,138.755000,13.389940,9.750473,1038.23,1012.9,1036.87,1014.61,0.8,0.0,0.9,1.0,0.93,1.0,1399.45,0.39706404998310435,0.09693519517724483,-0.04724257502171451,-0.06519086084965184,-0.031147874359777197,0.018923681510264287,326.0124402876981,448.9310872111391,6.479634707132223,289.5158866304485,223.05792200042757,22.124826537433847,227.17736415085704,45.433988886010226,18.988500804712555,9.178514774345434,0.981896137583341
32090564,138.855000,12.153592,8.016190,1036.28,1012.52,1034.92,1014.58,0.59,-0.0,0.88,1.0,0.95,1.0,1399.61,0.39212184577983983,0.09049364645747195,-0.05168801390267229,-0.06507477532599458,-0.0933210261463596,-0.05682480059084213,326.0089871759842,448.9398882588995,6.482930097253707,290.5041525969631,222.89004823899197,21.726281847553977,230.12894751916716,44.454439484283405,18.198013628778856,8.926314944229368,0.8410559154459811
32090663,138.956000,10.923069,6.335959,1034.49,1012.33,1033.3,1014.41,0.44,-0.0,0.86,1.0,1.0,1.0,1399.75,0.38688505605600726,0.08425840215252195,-0.053760278672142295,-0.06198355024452608,-0.03888085611427378,0.007485572370410377,326.0058922506374,448.91974946717653,6.482961126369952,291.41981899516423,222.72921209806344,21.327316711447335,232.99584580418343,43.44487432382615,17.185778267034703,8.693578753445887,0.662247074152063
32090763,139.055000,9.801271,4.825888,1032.88,1012.22,1031.62,1014.44,0.32,-0.0,0.75,1.0,0.89,1.0,1399.97,0.3813518055768891,0.0781960685667088,-0.05617482165031646,-0.059753206777767416,-0.004123358917821422,0.04211855172452105,326.0126769070075,448.93277370519183,6.493848695614793,292.4842911536721,222.50008692013054,20.80426080351567,236.31903149495915,42.360831042541506,16.391668950580353,8.42271083955085,0.47143063516499595
32090863,139.156000,8.717799,3.386302,1031.53,1012.11,1030.38,1014.2,0.22,-0.0,0.85,1.0,0.91,1.0,1399.91,0.3755061065105663,0.07226405309910891,-0.058833935504899564,-0.058045810988294186,0.003572089684207596,0.047574728027042976,326.0045628459082,448.9145017038451,6.481480855924477,293.7304659130048,222.28740800775344,20.232432784837183,240.0299359723466,41.239759355931994,15.21216453475535,8.105026610982195,0.31082622312291974
32090963,139.255000,7.726518,2.052112,1030.12,1012.01,1029.0,1014.15,0.13,-0.0,0.84,1.0,0.95,1.0,1400.09,0.36933160716237273,0.06644428543728123,-0.06279321088204859,-0.05768605593318455,-0.15819655106257657,-0.10936434535351655,326.01829796302974,448.93762485355325,6.489624656972807,295.0587091363002,222.05287633018526,19.705810319884172,243.8198517676063,40.10793985821906,14.367145111472613,7.770312696177186,0.18751721759027973
32091063,139.355000,7.021029,1.006451,1028.83,1012.07,1027.75,1014.31,0.05,-0.01,0.84,1.0,0.92,1.0,1400.02,0.3644722171046467,0.06213444578746797,-0.05685983349348833,-0.04949749264632912,0.2473175867048367,0.2523876079758625,326.01608368998825,448.92346196708985,6.505195363448228,297.3595600576725,221.66221837518856,18.728188463391128,250.41709933246224,38.30830087630666,12.502322080823406,7.186785914996008,-0.013103909786442713
32091163,139.455000,6.252589,-0.244791,1027.51,1011.98,1026.65,1014.26,-0.02,-0.01,0.81,1.0,0.96,1.0,1399.87,0.3576062265407666,0.05645371727260564,-0.05946296244890797,-0.047702535170029314,-0.05881858544013724,-0.01457580836455903,326.01415058739434,448.92776706113114,6.494218687578676,298.13949460296624,221.53407706957378,18.355978766598692,252.73142446218662,37.793379847997535,12.073421246437547,6.988636378523339,-0.09583143305198583
32091263,139.556000,5.463235,-1.775008,1026.44,1011.99,1025.38,1014.33,-0.09,-0.01,0.8,1.0,1.0,1.0,1400.05,0.35029455035852125,0.05086519646595966,-0.07421566217498679,-0.05510549705815003,-0.005889497770802145,0.03890605711271005,326.00596341093234,448.9198343808212,6.482674007476192,300.0132186249264,221.23857380314237,17.514820984371113,258.4132965659321,36.334793057306214,10.541380363883304,6.512853602423609,-0.3463349402972433
32091364,139.656000,4.746584,-3.560841,1025.17,1012.13,1024.24,1014.32,-0.13,-0.01,0.78,1.0,1.0,0.19,1399.93,0.3425205888830057,0.04534978013657208,-0.07919343347124991,-0.054793359299824665,-0.010145335087762043,0.0281946448210175,326.01352622025496,448.91525740968353,6.467814730780526,300.6077863056304,221.15856693093124,17.44197724769202,260.631766994981,35.793208325758414,9.981929503751193,6.364901429281444,-0.5597459193949899
32091463,139.757000,4.116554,-5.635218,1024.18,1012.37,1022.91,1014.01,-0.15,-0.01,0.71,1.0,1.0,0.22,1398.72,0.33432096812253903,0.03985863087278637,-0.08382531061728107,-0.05520282274201134,-0.06558698056480229,-0.020403295836432075,326.0284574862325,448.9246992191902,6.46838510985313,300.9493779173341,221.11004654988972,17.06859812684912,262.0882182893409,35.502424113417554,9.479050781144107,6.282136088349787,-0.738923745079294
32091564,139.855000,3.544547,-8.084749,1023.23,1012.58,1021.68,1013.41,-0.15,-0.01,0.65,1.0,1.0,0.28,1398.68,0.32581911911564376,0.034371751776061235,-0.086522403471089,-0.055306453837140855,-0.03838936605117057,-0.011992897087980925,326.0145604389025,448.9165687907475,6.484114171644556,301.2508054023937,221.07906889077518,17.060387471550335,263.34463786375403,35.17891024407444,9.089866258513258,6.203151988523304,-0.8813414092734337
32091663,139.956000,2.993805,-11.052873,1022.33,1012.68,1020.51,1012.95,-0.15,-0.01,0.58,1.0,1.0,0.33,1399.05,0.3171454990399808,0.028885706438075476,-0.08763512226177315,-0.05516765738594571,-0.0399712719187294,-0.019189406987678983,326.0145604389025,448.9165687907475,6.484114171644556,301.2508054023937,221.07906889077518,17.060387471550335,263.34463786375403,35.17891024407444,9.089866258513258,6.203151988523304,-0.8813414092734337
32091763,140.056000,2.512864,-14.360050,1021.67,1012.82,1019.68,1012.32,-0.15,-0.01,0.54,1.0,1.0,0.39,1399.11,0.308428367912365,0.023436627790274833,-0.08803750019949103,-0.05473931683132381,-0.016722336729655597,-0.0010245936890939285,326.0213050354672,448.92431222692716,6.483882190018173,301.6630110945894,221.01214605039095,16.847562421516507,264.6235166324957,34.96801468237094,8.55729971964812,6.100375264473236,-0.9409700003256365
32091863,140.155000,2.078008,-18.280660,1021.21,1013.02,1019.39,1014.75,-0.15,-0.01,0.74,1.0,1.0,1.0,1399.1,0.29976733614651546,0.01810104233581826,-0.08615300439793354,-0.05290337946224812,0.03563110049791799,0.02472257608613464,326.0124498534854,448.90964951815795,6.491635886112721,302.35563296636457,220.92502292975243,16.407066116906524,266.8195086947189,34.49342501413176,7.878151176211001,5.924093381326446,-1.056372926715957
32091963,140.255000,1.699950,-22.893995,1020.45,1013.1,1021.67,1024.01,-0.14,-0.01,0.73,1.0,1.0,0.75,1398.38,0.29121129502707577,0.012862761137956622,-0.08410309602494173,-0.051381623656233374,0.07609504951975987,0.04944548274568029,326.01771580504305,448.92795104594063,6.511710887668647,302.8921281769402,220.87832593001022,16.18038536813168,268.84044549578954,34.11155535802923,7.253712534755327,5.79033910018426,-1.2478938016177175
32092064,140.357000,1.359669,-28.029498,1019.56,1013.15,1024.2,1032.97,-0.14,-0.01,0.7,1.0,1.0,0.41,1397.21,0.284892188542329,0.00900556529132239,-0.07090698860904769,-0.04331046756090013,0.4287943494610905,0.2600801840627969,326.0171881256943,448.9207685684717,6.495371081163009,303.3425955643338,220.7888990652876,15.981381580318914,273.5960649217496,33.177882871157784,4.7593907729536085,5.6761274442337735,-2.3427618651851567
32092164,140.456000,1.099864,-32.947484,1018.92,1013.24,1024.04,1031.84,-0.14,-0.01,0.65,1.0,1.0,0.53,1397.19,0.2766015679567875,0.00377598917669903,-0.0687858926354796,-0.04496216073359037,-0.0034709226222170266,-0.043773830837508826,326.0154574428419,448.9099023484711,6.473284337821352,304.49372069647,220.68470692721073,15.702626162657817,276.69729598906196,32.54081112366896,3.5992295444814184,5.387086655297606,-2.370075003908134
32092263,140.557000,0.866557,-37.542551,1018.34,1013.25,1025.27,1040.0,-0.14,-0.01,0.66,1.0,1.0,0.69,1396.5,0.2684811192598041,-0.0018898029357034937,-0.08123200323238015,-0.058366198570901986,-0.04756728517397121,-0.07288045111095347,326.0129421942736,448.90873439529355,6.49052843935335,304.92899559853635,220.6179748551578,15.566041372160894,278.5176513792499,32.31581120926912,3.005863277859392,5.276621775085652,-2.5689984496505502
32092364,140.656000,0.696109,-46.204514,1017.75,1013.42,1025.92,1043.8,-0.14,-0.01,1.0,1.0,1.0,0.79,1395.04,0.2604936059759984,-0.007882177978645377,-0.07972022433952738,-0.06142665857282348,0.033672969574265986,-0.021549114622881175,326.0221572098908,448.91189440764975,6.50900968114413,305.1222996039902,220.6082348785719,15.359556429137307,281.3656258770739,31.895318775189864,1.8700669373846728,5.230513090561947,-3.2859247523685955
32092463,140.756000,0.566798,-52.804727,1017.17,1013.33,1027.99,1052.09,-0.14,-0.01,1.0,1.0,1.0,0.12,1394.67,0.25267324247279765,-0.014337025767842706,-0.0773953193076615,-0.06655183439209354,-0.0030155388552872706,-0.07010908196546001,326.0253242047877,448.9089911412652,6.4817693851022735,306.9835373620451,220.3562745674857,14.575883847627436,287.13736982784053,31.081294176654758,-0.29441051211188224,4.762577912092669,-3.5393583004139337
32092563,140.856000,0.479412,-59.685571,1016.51,1013.32,1026.63,1049.48,-0.14,-0.01,1.0,1.0,1.0,1.0,1395.31,0.24496617904523976,-0.021303132010745986,-0.07796263528935242,-0.07326857477215355,-0.10251021212587932,-0.1879615868691557,326.01874006439266,448.9115798166279,6.4791346146783315,307.38942376402605,220.33110120874076,14.241207642009691,292.43854058469014,30.49989732981649,-3.1827287035544654,4.659309959266687,-4.815367264413191
32092664,140.955000,0.424180,-66.901746,1015.87,1013.47,1028.18,1057.7,-0.14,-0.02,1.0,1.0,1.0,0.82,1395.08,0.2373403855436462,-0.029087507323257756,-0.07699289757087281,-0.0818501503559665,-0.06652316582371047,-0.14664430342965487,326.05017954536197,448.91510235667744,6.503377473610298,309.1578357733838,220.14864941957555,13.308359687022824,298.4213952181931,29.98978224684837,-5.137604529544341,4.22311331454258,-5.214716411206004
32092764,141.056000,0.408737,-73.843329,1015.52,1013.43,1030.19,1066.25,-0.14,-0.02,1.0,1.0,1.0,1.0,1394.65,0.22973411045544312,-0.037618344755984044,-0.0786686209281297,-0.0912414113094644,-0.10761077002542165,-0.2081344206835358,326.03142763678267,448.9112043211069,6.5007018527697396,309.6479073331857,220.12639449180386,13.405971933815001,302.65546266187255,29.710640346613854,-7.432063876079708,4.096018786661849,-6.088967749319002
32092864,141.156000,0.411305,-78.557171,1015.0,1013.57,1031.65,1072.28,-0.14,-0.02,1.0,1.0,1.0,1.0,1394.29,0.22214321748164895,-0.046977988456186164,-0.07410378976418999,-0.0951842867869344,-0.18740718941062937,-0.34190502855898025,326.0229138917775,448.91691128525855,6.4748153443502945,309.63942890702975,220.15961498937514,13.141815596868831,305.00777233734783,29.6546327270031,-8.87342757501519,4.0965009527491265,-6.800271376891082
32092964,141.255000,0.433383,-87.049359,1014.73,1013.78,1033.94,1080.7,-0.14,-0.02,1.0,1.0,1.0,1.0,1393.74,0.2146412947900504,-0.05741597120840194,-0.08068862719240148,-0.11747647747142106,-0.23954841348612058,-0.4876411837705913,326.02589179134634,448.9210213054698,6.488625344462372,309.8211787574104,220.13004031776154,13.10479365508242,310.0191302302617,29.735646452106923,-12.27313398094453,4.051356221586926,-8.162282368662916
32093065,141.356000,0.432799,-92.952657,1014.37,1013.83,1034.11,1088.96,-0.14,-0.01,1.0,1.0,1.0,1.0,1393.4,0.2091115539793348,-0.06605429299213016,-0.062390118311247245,-0.1012747455880406,0.33139508107121557,0.3832489980626011,326.02528181875255,448.89647833247585,6.487042582489511,309.7924068900408,220.12964413473475,13.102988928912138,312.1927482545754,29.728299542162652,-14.081100011448662,4.058800436338114,-8.839875942292041
32093164,141.456000,0.471371,-98.494878,1014.27,1013.88,1033.55,1096.46,-0.14,-0.01,1.0,1.0,1.0,0.46,1393.16,0.20194024302662816,-0.07891114241510737,-0.05950242278086047,-0.11285493985307338,0.02467384417150059,-0.09386002863970742,326.02783482097436,448.9122474100242,6.4939180203852285,310.0223210417217,220.0812437305332,13.105825209729264,318.5977177332748,30.08896350902101,-18.487430301696975,4.001019392513185,-10.586358495156993
32093265,141.555000,0.498363,-104.086654,1014.06,1013.84,1031.72,1100.16,-0.14,-0.01,1.0,1.0,1.0,0.17,1393.4,0.19503390980087185,-0.09337606031782024,-0.06710976502057651,-0.14943736858344575,0.09990226637032558,-0.02685377215763922,326.0233156492847,448.89641123824805,6.490955929207677,310.79255889211987,220.05236764814362,13.044913359888957,323.1231534046359,30.40671116199389,-21.633728567105894,3.8077153968600648,-11.335515897319128
32093364,141.658000,0.509478,-108.963375,1014.06,1013.91,1028.45,1096.3,-0.14,-0.02,1.0,1.0,1.0,1.0,1394.58,0.18840774820922268,-0.10960860504594613,-0.06443710470643225,-0.16653873967862595,0.053759354775733084,-0.0924415800863181,326.0219068330304,448.9104907628874,6.492528440757574,311.6788180245971,219.99888849881302,12.4730068244641,327.36333850055564,30.69476889450301,-23.595308822153747,3.585338240279303,-11.907017754842647
32093465,141.757000,0.514215,-112.978586,1014.14,1014.07,1027.21,1106.16,-0.14,-0.02,1.0,1.0,1.0,1.0,1394.36,0.18200665316349454,-0.12748992731186282,-0.0635056526769143,-0.18479866567124595,0.03505382076777093,-0.0868317160001574,326.0512956273599,448.9224654574271,6.499645553080906,312.52997395999944,219.83253952536688,12.050471740727243,329.9142091628953,30.7589729515411,-24.5962632706141,3.377786879440091,-12.008823636393096
32093565,141.857000,0.509406,-116.399737,1014.06,1014.08,1025.95,1114.76,-0.14,-0.02,1.0,1.0,1.0,0.36,1393.98,0.17576770352245086,-0.14657181950738568,-0.06173478980421735,-0.19426318512855356,0.04384075793603127,-0.009529951578945671,326.02909508764895,448.9125307743229,6.503850086036752,312.21390866966,219.8371350934083,12.163446844448577,332.45687507728087,31.291637664630464,-26.507690939351992,3.451240615588358,-13.030501527133996
32093666,141.958000,0.495044,-119.146162,1014.07,1014.22,1023.79,1115.28,-0.14,-0.02,1.0,1.0,1.0,0.32,1394.54,0.16971621072190854,-0.166610489375692,-0.0578974633373186,-0.1988902560105585,0.09758021818098409,0.12152447731868096,326.029421367492,448.9115570990787,6.496671554717304,312.4947520906652,219.86669030431423,11.943999671750612,338.5747176502338,32.44719494609283,-31.30020160671209,3.3817771492886517,-14.685556694932826
32093766,142.058000,0.484430,-121.096591,1014.04,1014.07,1021.39,1113.42,-0.14,-0.01,1.0,1.0,1.0,1.0,1395.2,0.1639131259483556,-0.1879562530630811,-0.055801334946652105,-0.21390758501727625,0.08157012034314627,0.07683277774663795,326.0529725110859,448.9180481488222,6.509384938355491,313.5837992545932,219.8113001716556,11.88750389169348,341.37685171473885,32.682188031076834,-32.67300288831959,3.1152589518164198,-14.678524520299334
32093866,142.158000,0.482320,-122.337633,1013.91,1014.19,1020.78,1123.43,-0.14,-0.01,1.0,1.0,1.0,1.0,1395.13,0.15835584296159325,-0.21052621699558174,-0.05482788778176937,-0.22899034328471912,0.03299346414372648,-0.015892210797260217,326.0353005236783,448.91809063431515,6.491937439896498,313.6548167202453,219.796924140263,11.612944876174213,343.919475107603,33.18672313376468,-34.08670782864807,3.092949966226167,-15.397986932213438
32093966,142.259000,0.485284,-122.954210,1013.98,1014.2,1020.38,1131.61,-0.14,-0.01,1.0,1.0,1.0,0.47,1394.48,0.1529858594591879,-0.23390013210618418,-0.05273790608639541,-0.23620196144799632,0.02621425915578835,-0.07971587651623063,326.0471599774829,448.90968046434955,6.51377464815645,313.4975081290975,219.8054563212932,11.834943190943628,346.98020533928974,34.23631469444224,-37.09488041657596,3.135359953071642,-16.49869247849548
32094066,142.359000,0.481637,-123.077774,1013.9,1014.22,1019.32,1134.75,-0.14,-0.01,1.0,1.0,1.0,0.28,1394.63,0.14911192038800178,-0.25200784572512863,-0.0423832615349574,-0.20256739264231274,0.31544971902777913,1.3214400932614168,326.03207484505316,448.9129276503013,6.473391851771954,313.2571169843915,219.8112165357678,11.827492345009341,350.7352654326419,35.41305365072967,-40.358125862285966,3.1915691918945677,-17.87177555551686
32094167,142.458000,0.491243,-122.622208,1013.97,1014.13,1017.7,1131.51,-0.14,-0.01,1.0,1.0,1.0,0.56,1395.45,0.14419907953683614,-0.2770663201694545,-0.04005641075065178,-0.21257929464387326,0.0060583116000357115,-0.1506899272294735,326.0302291002234,448.9102297690559,6.4985140768968295,313.62230068738216,219.79503102685544,11.691891997909028,352.21181089781186,35.726533763796226,-41.05779778297032,3.0998735323496764,-18.040184070915032
32094266,142.558000,0.513236,-121.662367,1013.92,1014.15,1017.07,1138.58,-0.14,-0.01,1.0,1.0,1.0,0.04,1395.65,0.13957346818827607,-0.30309994012150304,-0.04524628028815542,-0.2632193066519434,-0.010322594400096783,-0.2769473353985274,326.0337659570375,448.9180309981014,6.500426279579995,314.65371682209224,219.76883236224555,11.260016816210616,355.796854810957,36.38660285098864,-42.80125253377378,2.8430976059095707,-18.33152311438389
32094366,142.659000,0.531905,-120.184492,1013.98,1014.18,1016.05,1136.02,-0.14,-0.0,1.0,1.0,1.0,0.09,1395.09,0.1351845279684939,-0.3296580111148171,-0.04404241868296579,-0.272478904239052,-0.01019572786226638,-0.2276784010979846,326.05913845777457,448.9266163937723,6.507383817392148,314.76590080692114,219.83160850030356,10.972691648997689,358.04363212069455,37.12618065533501,-44.48006739194738,2.822110832926173,-18.97035435548899
32094467,142.759000,0.550872,-118.159329,1013.91,1014.18,1015.64,1135.59,-0.14,-0.0,1.0,1.0,1.0,0.0,1395.74,0.13098727619981157,-0.35655316103864626,-0.041354986717581775,-0.2698793598679403,0.010992776266816422,-0.043365682731652755,326.03315234466777,448.92489682606754,6.488585387928248,315.18775622612674,219.74592392673952,10.945351471391735,358.2876581376139,36.986508242072716,-44.242845632925615,2.7093767718419453,-18.688288516775348
32094567,142.859000,0.582682,-115.565961,1013.85,1014.21,1015.37,1135.46,-0.14,0.0,1.0,1.0,1.0,0.16,1396.16,0.126966872207671,-0.3833873794000701,-0.03972430430571156,-0.26889536609399123,-0.001055947875845208,-0.1135122127708409,326.03123600826757,448.8951640842048,6.497627455427648,315.0440250464463,219.72543371430183,10.926245298441911,358.6333828306815,37.15723212782747,-44.62497360916771,2.744861392922417,-18.918073966220526
32094666,142.959000,0.627987,-112.651773,1013.83,1014.27,1015.38,1135.28,-0.14,0.0,1.0,1.0,1.0,0.15,1396.79,0.12315184470353449,-0.40984541455312057,-0.037196195570503,-0.2613736208659133,0.09054157155966502,0.5476284724577214,326.0356330678186,448.92222538934794,6.494790113690207,314.81520832749493,219.81364453025625,11.012703785830226,357.9469613922546,36.956898004467114,-44.31259941096883,2.803778616903976,-18.87973328802818
32094766,143.059000,0.678476,-109.424519,1013.92,1014.15,1015.38,1135.29,-0.14,0.0,1.0,1.0,1.0,0.16,1397.27,0.11957460235386558,-0.4355754335895996,-0.03461313851106216,-0.2529112766845414,0.0434466274667404,0.2078272457330753,326.0354565642751,448.90849454438404,6.494631824238008,314.7348640495364,219.81791610054157,11.053314060135436,357.500175459896,36.94519877382226,-44.53788874875551,2.824000306616328,-18.810250429664457
32094867,143.158000,0.733323,-105.829678,1013.93,1014.21,1015.32,1135.13,-0.14,0.0,1.0,1.0,1.0,0.88,1398.07,0.11627502042296718,-0.46035196945504436,-0.031885201973300435,-0.2432276402742154,0.05291672207222497,0.30303951577596855,326.02685042672266,448.91112480434197,6.484765152319898,314.6141220169204,219.81988417116185,11.075506785973346,357.56908638095325,37.038739577860916,-44.49327196187844,2.851968622621525,-18.928902951603828
32094967,143.259000,0.797560,-102.011343,1013.96,1014.11,1015.05,1130.5,-0.14,0.0,1.0,1.0,1.0,0.83,1398.37,0.11326351195778785,-0.4839562720635428,-0.028675719576646323,-0.22867658917753844,0.025591973960182552,0.10121201790839608,326.0311719905712,448.9087731137814,6.4821313476784725,314.9293983902157,219.80255098230214,10.995197782860192,357.69284974882663,36.89026459355202,-44.26920591318254,2.774204950088341,-18.707358997792586
32095067,143.359000,0.853395,-98.750088,1013.97,1014.12,1014.67,1125.47,-0.14,-0.0,1.0,1.0,1.0,0.44,1398.71,0.11119031219492839,-0.5008002725272096,-0.022393599331691227,-0.18333732295814126,0.15832377361770436,1.246395509911855,326.04054938467414,448.9183882424989,6.497149196916397,315.45392338332766,219.71002712239303,10.821314307036504,357.2693905802858,36.451842191001354,-43.0753942977946,2.644485584953021,-18.142542699296502
32095166,143.460000,0.947039,-94.637301,1013.9,1014.13,1014.84,1123.42,-0.14,0.0,1.0,1.0,1.0,0.87,1398.9,0.10861639764954578,-0.5218393852657657,-0.02092807422252593,-0.17009418277930105,0.01858654687001316,0.1750102434382142,326.0392079613584,448.91309531550957,6.496026754915533,315.45284619400206,219.72450057345304,10.754154427158456,355.539935797419,35.6722472913345,-41.470914480095644,2.6446474186113016,-17.576577728698958
32095266,143.558000,1.059948,-90.247443,1014.06,1014.21,1014.73,1119.97,-0.14,-0.0,1.0,1.0,1.0,0.96,1399.05,0.10622424136459031,-0.5409569357020299,-0.023072942978975365,-0.1824204991452955,0.051929881724752366,0.4576102190361195,326.0579022379384,448.9168582033933,6.522236242590161,315.0954143548123,219.7276641315976,10.86152106376631,353.60422749047893,35.41704159189657,-40.48349200446839,2.73846217835458,-17.27821052935589
32095366,143.658000,1.174001,-85.756959,1014.0,1014.12,1014.43,1114.97,-0.14,0.0,0.15,1.0,1.0,0.93,1399.33,0.10404638831740778,-0.5579503869134199,-0.020932007511037902,-0.1620466050877449,0.027653560254786602,0.24823209407684338,326.0358922598211,448.91638496861185,6.508692985802303,314.95283569388295,219.7760122180837,10.943109006599956,351.3536719687079,34.64573461804334,-38.91089349253559,2.7691229442871728,-16.662001889853585
32095466,143.758000,1.289554,-81.102000,1014.06,1014.17,1014.47,1110.68,-0.14,-0.0,0.16,1.0,1.0,0.98,1398.2,0.10211045473466845,-0.572638188469795,-0.018327339503956996,-0.1364937379320487,0.12038347294711688,0.9886639078273181,326.05719640797685,448.90750072488277,6.499213168504013,315.1015044124167,219.71263398666377,10.86138170574151,349.20340893840074,34.01781523747044,-36.98788371866371,2.736699494021083,-15.879526242268966
32095566,143.858000,1.404551,-76.393134,1013.99,1014.09,1014.39,1106.26,-0.14,-0.0,0.18,1.0,1.0,0.85,1398.49,0.10080538474016244,-0.5820023832790814,-0.016953152630977922,-0.11906336111305818,0.021354992484802767,0.2572216606656337,326.03549774740054,448.9128791943992,6.509005498773088,315.157037035227,219.73030102287572,10.82752559943519,347.63355180901567,33.47400064928936,-35.368384740757634,2.71758185604791,-15.326084293821186
32095666,143.959000,1.520338,-71.563374,1014.05,1014.13,1014.41,1102.25,-0.14,-0.01,0.18,1.0,1.0,0.54,1398.79,0.09924916785967187,-0.5922345004893614,-0.014655512510438713,-0.09146208005149155,0.03146958127769109,0.34142042265732875,326.0546549454439,448.9183062246446,6.52228211738803,315.21843969606994,219.74597370748828,10.887451506621765,345.6689857154648,32.98074484192789,-33.683568634153644,2.707164959829373,-14.674459853772214
32095767,144.058000,1.624100,-66.820351,1014.05,1014.16,1014.59,1099.91,-0.14,-0.01,0.21,1.0,1.0,1.0,1399.1,0.09756184993781135,-0.601316183935597,-0.012761441403487306,-0.06031297155435678,0.01730140933519484,0.25930198672693383,326.0572360500753,448.9052473153375,6.504063774718034,315.0845585621265,219.7302550134621,10.828402834136485,343.54023479338383,32.436399441026786,-32.05812325711474,2.7411732904748733,-14.121265093307365
32095867,144.160000,1.701723,-62.156497,1014.0,1014.23,1014.53,1096.04,-0.14,-0.01,0.23,1.0,1.0,1.0,1399.2,0.09641735107474872,-0.6056661843559832,-0.010686987660345995,-0.033777298195471976,0.028215468332047054,0.28447512517489143,326.0284889174599,448.9159697877068,6.49545695452879,314.7156428797505,219.78576395317523,11.081690098740543,341.6487789592705,32.15257387894625,-30.959473439540627,2.826569339588284,-13.821659875500856
32095968,144.260000,1.753173,-57.357920,1014.11,1014.28,1014.48,1091.52,-0.14,-0.01,0.22,1.0,1.0,0.83,1399.44,0.09547123378589213,-0.6075579941168726,-0.008577817621956082,-0.010059095083445574,0.019787111862335803,0.2249441371862062,326.0289910315827,448.9011310609438,6.486817882487155,314.8672679229013,219.78930352617442,10.969439305449603,339.51359154853117,31.747714575386187,-29.19975957924294,2.7890939158346373,-13.045293213173894
32096067,144.366000,1.774031,-53.575956,1014.0,1014.17,1014.31,1087.95,-0.14,-0.02,0.24,1.0,1.0,0.56,1399.58,0.09489127808498145,-0.6074432574107299,-0.006144439001515594,0.006254984081104337,0.04243972618693289,0.16126738619043615,326.03525028602945,448.91227577143707,6.4926199346355205,314.8012602016881,219.83045782855328,10.836726619407143,338.022528041251,31.365983134417117,-27.73371842626936,2.807490356666802,-12.63916098279544
32096168,144.459000,1.776627,-48.905794,1014.01,1014.22,1014.61,1085.56,-0.14,-0.02,0.26,1.0,1.0,1.0,1399.52,0.09426380591412933,-0.6052539284889139,-0.004883633758128732,0.0260955553030818,0.004774015774962783,0.19105867274863667,326.04928790544267,448.91272482920976,6.509089474959494,314.9804125742616,219.7502639962466,10.968547731790458,336.22389485481756,31.04204887477382,-26.361337763335303,2.765319089700126,-11.95356490183358
32096267,144.560000,1.759673,-43.730093,1014.05,1014.21,1014.47,1082.08,-0.14,-0.03,0.26,1.0,1.0,1.0,1399.69,0.09377787240908572,-0.6008322362919291,-0.004325465915218368,0.051837860213854434,0.01856111917637367,0.15466127519736872,326.0343649485265,448.9093429139971,6.475091656530528,314.7181548452906,219.79221147908027,11.068644446228493,335.0523502429761,30.843913548658946,-25.559653913135183,2.827569586094077,-11.797543343785426
32096367,144.660000,1.716691,-38.508739,1014.17,1014.21,1014.43,1077.87,-0.14,-0.03,0.26,1.0,1.0,1.0,1399.96,0.09343093260656302,-0.5944208221980779,-0.002932262485513024,0.07049796215227541,0.014176764019801733,0.1581936524289968,326.0313428503439,448.89900696319006,6.496298254234034,314.84390853049047,219.78767330675083,10.946157354690836,333.08337223308604,30.55279085873472,-23.991552634609718,2.7955144759643025,-11.096493898563672
32096468,144.760000,1.640750,-33.100084,1014.04,1014.13,1014.23,1074.07,-0.14,-0.03,0.28,1.0,1.0,0.87,1399.87,0.09320892183768127,-0.5862015318007288,-0.0017896666082410381,0.08834098691309918,0.012570837779480216,0.11611684329829393,326.03388298035554,448.9164905121433,6.493605924619475,314.7357477547387,219.7956326639081,11.057338003701133,331.37541952736524,30.256801073309628,-22.80122694053543,2.823014707286735,-10.663180447497805
32096568,144.861000,1.530998,-27.467151,1014.1,1014.19,1014.15,1070.59,-0.14,-0.03,0.28,1.0,1.0,0.61,1399.94,0.09309701400345974,-0.5763165688737308,-0.0007378084896943674,0.10466493548412613,0.009840361506507824,0.14243830611328798,326.05883054623905,448.9055069987354,6.50499498971569,314.7130347613717,219.7624646943811,11.103007300415861,329.48061894893027,30.056231351028416,-21.2376926277187,2.8346300398882796,-10.120444016123438
32096667,144.960000,1.391663,-21.549502,1014.06,1014.14,1014.19,1068.4,-0.14,-0.03,0.28,1.0,1.0,1.0,1400.0,0.09308346565283701,-0.5649099615919851,0.00023583953233319616,0.11986668642831225,0.010075635191643836,0.1364639882431409,326.02613097487995,448.9181586059388,6.512771089690962,314.60042549868035,219.80694277788402,11.16936495650726,327.7973340161248,29.855178040368504,-20.20564786574828,2.8549576254485167,-9.684156390509669
32096767,145.060000,1.226858,-15.463477,1014.12,1014.16,1014.18,1065.21,-0.14,-0.03,0.27,1.0,1.0,1.0,1400.02,0.0931657338594096,-0.5521730729359986,0.001126068754071211,0.12826133472844872,0.006872044843151452,-0.08693316849482369,326.03369852695636,448.9096586521982,6.508260570035321,314.48321412185686,219.80879382590965,11.145242181897643,326.4508392323238,29.75800297980222,-19.161357290638108,2.886214064133689,-9.375624030100719
32096867,145.159000,1.044995,-9.460444,1014.06,1014.19,1013.91,1061.7,-0.14,-0.03,0.28,1.0,1.0,1.0,1399.94,0.09333684407679846,-0.5383049729894488,0.0020196736843698833,0.14114984931314814,0.006878122408403329,-0.019997175528749724,326.03270388162815,448.9110268156849,6.482605467967527,314.4653283130775,219.8081783613561,11.109634366908486,325.91586214199094,29.692407880227854,-18.78679700271047,2.8895436162342145,-9.225806425090296
32096968,145.260000,0.837725,-3.253098,1014.02,1014.29,1013.89,1058.52,-0.15,-0.03,0.26,1.0,1.0,1.0,1400.06,0.09358736279216975,-0.5235714993387185,0.0027188110033514487,0.14846137011964428,0.002593510628121528,-0.10651971517491718,326.02928823893234,448.91091060905063,6.487556399712743,314.6809976920965,219.78426459900962,11.131826855924924,324.43292184358296,29.53567480007433,-17.530856458490504,2.8354548729974915,-8.60525740944908
32097067,145.360000,0.673089,1.608596,1014.09,1014.18,1013.68,1055.42,-0.15,-0.04,0.26,1.0,1.0,1.0,1399.85,0.09381077880089495,-0.5120682297107281,0.0025434660484577824,0.12832029737418352,-0.013489690201286758,-0.7669783061806309,326.02629470238503,448.9071902122955,6.48964826159386,314.72713016208445,219.7809541951992,11.094618896677078,322.8000258649844,29.311787006761367,-15.997751561118477,2.8232053193997326,-8.073397549835095
32097167,145.460000,0.460591,7.348354,1014.12,1014.19,1013.5,1052.54,-0.15,-0.04,0.26,1.0,1.0,1.0,1400.0,0.09413187461307863,-0.4961222646438473,0.002711462611390363,0.13382644440184394,0.000731127890305539,0.013498605029335855,326.0279719428109,448.9189549353632,6.4821233511823015,314.54578196334376,219.80026187559972,10.999536538197134,321.36616874520365,29.330205064758164,-15.197672346887687,2.868954492669833,-7.7886905605192105
32097268,145.560000,0.229440,13.923361,1014.01,1014.15,1013.24,1049.73,-0.15,-0.04,1.0,1.0,0.77,1.0,1400.02,0.09447742467894914,-0.47956691242706323,0.0035654465637382396,0.1674611503434078,0.002670118880904657,0.04261633660497355,326.02891657931787,448.9225094392214,6.4853248749108845,314.46364077419975,219.7999920120879,11.172481803405127,319.4916468960521,29.236200602108696,-13.92379966131218,2.8896312113035076,-7.290655037711524
32097367,145.660000,0.004493,20.567226,1014.91,1014.28,1019.42,1048.93,-0.15,-0.04,1.0,1.0,0.83,1.0,1397.83,0.09485409063861117,-0.4625461948470808,0.003837349272704951,0.1683836328001925,-0.0024141977468151716,-0.2599983375715209,326.02930625490046,448.91742435939756,6.505806749755855,314.2568330260359,219.80230074894894,11.28142659343784,318.06659206763027,29.166643488502306,-13.02973462188,2.941404976380788,-7.027685286215924
32097468,145.759000,-0.220304,27.048383,1014.41,1014.21,1025.84,1049.16,-0.14,-0.04,1.0,1.0,0.31,1.0,1397.1,0.09527338882035612,-0.44520344970792103,0.004342112124707201,0.17440729315790018,0.002727543677593519,-0.005367575435479603,326.03507723348537,448.9214201377614,6.487016473053641,314.51861491924615,219.7689045730107,11.102577265504058,316.1742574079876,29.07113822676545,-11.553627488763317,2.8770794501962533,-6.251589706436007
32097567,145.860000,-0.467481,33.858313,1014.05,1014.08,1024.94,1047.24,-0.13,-0.04,1.0,1.0,1.0,1.0,1397.24,0.09571454492796842,-0.42756546570692006,0.004397133441515258,0.17711632886115614,-0.0016477115751067663,-0.0218100840851073,326.03269905894655,448.92143893739313,6.480773056566975,314.50014244332107,219.81838666385795,11.038879252918443,313.98924665826246,29.051086803860215,-10.00314621487578,2.881714389461207,-5.609984754217967
32097667,145.959000,-0.733155,40.757383,1014.09,1014.11,1032.72,1047.5,-0.12,-0.04,1.0,1.0,1.0,1.0,1396.86,0.09615324207684334,-0.4095813530622722,0.004309478659120673,0.17862792121420404,-0.005380893596892614,-0.16709288465618996,326.0251074810372,448.895679534581,6.490512388925063,314.18199033628196,219.80888124394798,11.28769958432274,311.6552938599034,29.092625281482416,-8.3131789409234,2.9593896157815616,-5.159742859262526
32097767,146.060000,-1.019109,47.822958,1013.95,1014.09,1041.76,1049.03,-0.11,-0.04,1.0,1.0,0.61,1.0,1396.0,0.09660255499129677,-0.39129981842607575,0.004549383874509054,0.1796464084975013,-0.00428208917465103,-0.35487494212418125,326.03490886851347,448.9151479579386,6.508578392807013,314.40391170609035,219.84528040176755,11.331239374144896,309.11398734929406,29.030312417736624,-6.54020056955454,2.906690673139418,-4.225388897161875
32097868,146.160000,-1.316036,54.915809,1014.02,1014.02,1046.35,1048.54,-0.1,-0.04,1.0,0.15,1.0,1.0,1395.59,0.09707416242020574,-0.3727136338200113,0.004621437107550096,0.18738431034508723,-0.004634404262058113,0.009992796229174438,326.0316560665354,448.9068453843887,6.477718922033535,314.292674644347,219.81319803319164,11.244331048608986,305.94367190709727,29.061132812416144,-4.105326354805342,2.933326008643502,-3.36047992742159
32097968,146.261000,-1.624205,62.245795,1013.98,1014.13,1051.12,1048.42,-0.08,-0.03,1.0,0.17,1.0,1.0,1394.34,0.09752813842435848,-0.3535735011297247,0.004505366398437236,0.19202650587928657,-0.0028273608937760416,-0.07358773751797368,326.04755241510395,448.9108647723063,6.5102656324655594,314.3155618064957,219.83093255269156,11.410076047650701,302.58724131840853,29.2236657144253,-2.135880608637059,2.931757407702474,-2.3424679496029426
32098068,146.361000,-1.872988,68.251255,1013.89,1014.11,1058.99,1049.68,-0.07,-0.03,1.0,0.18,0.92,1.0,1393.79,0.09798227473665054,-0.33397914763729897,0.004564823138841208,0.1955650466378745,-0.0003036065063838114,-0.12733402255153092,326.0263953092843,448.9033410934948,6.498479401073672,313.79812742729257,219.82108166913847,11.431274210959375,300.0387338445965,29.591542986353183,-5.232211244613181,3.055513031742056,-1.973999428263336
32098169,146.461000,-2.186429,75.448164,1013.92,1014.18,1066.42,1050.03,-0.06,-0.03,1.0,0.22,1.0,1.0,1393.51,0.0984742068214729,-0.3138679107397733,0.0049787180645857075,0.19991213332064978,0.001902247477104532,0.027185650915422525,326.0509163336377,448.9156203478908,6.48995651370263,314.24832920696616,219.81649370261508,11.308194870968649,295.4416229352601,30.03720354011248,2.541108015443968,2.949121350701107,-0.23883572698387656
32098268,146.562000,-2.499831,83.131935,1013.89,1014.09,1071.62,1050.29,-0.05,-0.03,1.0,0.24,0.99,1.0,1393.49,0.09897357865223162,-0.29301292201927065,0.005098778763640046,0.2159419648958483,0.00742417489706251,0.3212786986977404,326.04920158390433,448.8985756487569,6.506399883209187,313.9916006924528,219.78178408059003,11.431519147202973,292.3698679075105,30.379926321837385,4.407881994807232,3.0124938293475103,0.4875895007988653
32098368,146.661000,-2.812539,90.975621,1013.93,1014.12,1078.8,1050.83,-0.04,-0.02,1.0,0.24,0.4,1.0,1393.25,0.09948090982328064,-0.27126319102106317,0.005080531773121485,0.2224369415682844,-0.004031417470921416,-0.009723168682380394,326.02453069358444,448.9019765002473,6.464088031461641,313.7662292818966,219.8287404773356,11.457766096986436,288.33514660631664,31.121802354351313,2.445048882009154,3.0631237496165578,1.548974011051552
32098468,146.761000,-3.113607,98.479503,1013.8,1014.21,1077.4,1048.2,-0.03,-0.02,1.0,0.32,1.0,1.0,1394.02,0.09999179143781196,-0.24849383922322033,0.005189295784142294,0.23103042494278325,0.002865704838870987,0.11025856215307014,326.0249857499089,448.91551572360663,6.4879995792918885,313.9000693605938,219.81028030150532,11.568083017326009,283.9824970167171,31.812329023513517,9.53912546202237,3.029433336584547,2.9832340559982615
32098568,146.860000,-3.414623,106.082188,1013.98,1014.18,1083.06,1047.85,-0.0,-0.02,1.0,0.34,1.0,1.0,1394.19,0.10051832131534881,-0.2246559514694226,0.00529549499767263,0.242006760083407,0.0019477820568376493,0.10507952675448287,326.022095659598,448.9021609874508,6.466909257979046,312.9153762761306,219.82879080627072,11.588998661153326,281.6595080168301,32.21863155542023,10.657121212391862,3.27467936195711,2.909251634557653
32098668,146.961000,-3.716355,113.669972,1014.02,1014.53,1090.51,1048.56,0.01,-0.02,1.0,0.32,1.0,1.0,1393.84,0.1009334926168262,-0.20611952598501007,0.00576592560224005,0.25060141869454977,0.008658739200621445,0.03968221521814472,326.0210409296408,448.91130411209076,6.49093895671123,313.64648983631207,219.79789028019758,11.634029316053129,278.55714502970153,33.04800140915867,8.729798304041612,3.0981221867500355,4.445264966723756
32098768,147.060000,-4.014470,121.233831,1014.03,1014.45,1096.96,1049.02,0.02,-0.01,1.0,0.34,0.76,1.0,1393.58,0.10154867154675504,-0.18083877207659724,0.006313231061068655,0.2605332043758484,0.030041749591132157,1.3708752667499513,326.0242716677336,448.9122406075397,6.489819985354,314.058701910357,219.82741258811538,11.40267256894063,274.9630648616474,34.1860519633491,11.730911536423836,3.0890320367925517,5.1274584901460525
32098868,147.160000,-4.288224,128.454106,1013.99,1014.55,1102.31,1048.39,0.03,-0.01,1.0,0.34,0.32,1.0,1393.54,0.1023030275070542,-0.14797063496058602,0.005598410953553824,0.2554536417857358,-0.04436120623037326,-1.652170524310196,326.0206719329532,448.9044108497222,6.480718212020488,314.4287863164412,219.82110262335163,11.296883991987304,272.48783385543317,34.96027967422594,14.125208551228335,2.896341867277794,6.990104191216243
32098968,147.261000,-4.554084,135.705342,1013.99,1014.8,1099.08,1045.47,0.04,-0.01,1.0,0.33,0.62,1.0,1394.32,0.10283157905594408,-0.12059489471096999,0.004723769443975448,0.26372085299806947,-0.02302082603374436,-0.8355655607897818,326.01863971068974,448.90794121016484,6.487950097372858,313.46155707229815,219.80926861028442,11.459808646528602,269.0057284502203,35.923126594914685,19.04839850236305,3.137949331850016,7.315002167034287
32099068,147.361000,-4.764838,141.815368,1014.05,1014.84,1101.99,1043.87,0.04,-0.01,1.0,0.33,0.39,1.0,1394.68,0.10332636459106084,-0.09229013794159922,0.005013821848723071,0.28491680043672735,0.0004579484248801367,-0.07201510484589725,326.0284508876443,448.91032646125257,6.478197300477303,312.6436015962141,219.87546667519146,11.562018769104094,265.1115487706546,36.901532635051396,20.308221885423603,3.3445743155291505,7.872991381822511
32099169,147.460000,-4.953719,147.826205,1014.02,1014.99,1102.31,1041.47,0.04,-0.01,1.0,0.49,1.0,1.0,1395.44,0.10388588497933678,-0.06335350932086158,0.006051268093932489,0.28882361708821325,0.01364477284515899,-0.03122884591675594,326.02282550087745,448.91916864028065,6.523810984129881,312.50572854839305,219.8765385368459,11.836118006791054,263.0858158077841,37.68244206841101,19.202662466168835,3.3774295977989346,8.421379197515435
32099269,147.561000,-5.118062,153.595440,1015.28,1018.95,1108.33,1039.68,0.04,-0.01,1.0,0.17,1.0,1.0,1394.85,0.10456379567593296,-0.03412262047112528,0.00698871370341488,0.2929715889732843,-0.0027983296702863733,-0.2131862466314278,326.0197275053063,448.9167950366334,6.500954324941665,312.86351421820996,219.82686752415088,11.533576795644256,262.4929117167401,38.07009882475405,22.31432335091924,3.286781173169298,8.916188853581344
32099368,147.661000,-5.204623,157.270305,1015.38,1019.62,1116.21,1037.88,0.04,-0.01,1.0,0.15,1.0,1.0,1394.06,0.10527685581208703,-0.00465142831933105,0.006981374758999798,0.2856451943742816,-0.008736795206059227,-0.4174934648901327,326.02552544130833,448.91317748318903,6.462003219313846,314.3085513946123,219.82130371464993,11.291338023758719,262.5255908393134,38.5199405119378,21.948282780202618,2.9278590300528866,10.084585428547982
32099469,147.760000,-5.411140,163.542867,1014.76,1019.52,1122.62,1035.92,0.04,-0.01,1.0,0.16,1.0,1.0,1392.58,0.10592245606029799,0.02483090349976971,0.005616601707126634,0.2923551536209104,-0.029264367447668388,-0.2488302442136708,326.0227544720646,448.9214506381713,6.4579042391669175,314.97295212528536,219.72653467154268,10.6214248722267,259.98755952952337,40.19435447665074,26.1437487549522,2.7601711896703747,11.507933546331525
32099570,147.863000,-5.508560,167.677489,1014.35,1019.33,1129.8,1033.48,0.03,-0.01,1.0,0.2,1.0,1.0,1392.45,0.10634926623129881,0.05463882046577223,0.0034117120943162583,0.2945220602623429,-0.027801435436649927,-0.4869642124858432,326.02011626330057,448.90343354475806,6.497691150998408,314.59266559166423,219.76008588931774,11.034223490219842,254.1695566096485,42.680811307574395,33.87318177763094,2.85499324085375,13.130715518146072
32099671,147.964000,-5.595732,171.234745,1014.04,1019.34,1136.17,1031.47,0.03,-0.02,1.0,0.2,1.0,1.0,1392.6,0.10655482631406192,0.08484280502258415,0.0013030465560327268,0.3000487903435897,-0.01808916703075108,-0.35804904674164406,326.01877962930223,448.9277155339058,6.4941036085908985,313.49153563005495,219.81050876790425,11.483578097609868,251.5424854079685,43.64448324792114,31.696951909409403,3.086409734562388,13.253987316330782
32099770,148.064000,-5.668939,174.165977,1014.02,1019.14,1143.15,1029.16,0.03,-0.02,1.0,0.23,1.0,1.0,1392.75,0.10665639865902116,0.11551500166236112,0.0009862845589691928,0.30475699278736673,-0.001043318896934615,-0.3003576593182166,326.0170380817144,448.9251201283495,6.485684382034246,312.2085991685633,219.8914747128955,11.575863702821726,241.83412137273575,48.01723769059687,38.873284178459436,3.4501863562267867,15.366436662224583
32099870,148.164000,-5.724113,176.407508,1013.97,1019.24,1149.34,1027.38,0.03,-0.02,1.0,0.23,1.0,1.0,1392.77,0.1067950228549672,0.1466334209652634,0.0018296384982729107,0.31024880184602066,0.013858607391535953,-0.2769302589937078,326.02222408666927,448.92546644651276,6.490948180852452,312.7167788255326,219.87936949360315,11.591846007750261,237.77407017494747,50.65058161372194,41.94156281573467,3.3246149183566076,17.236854319505962
32099971,148.263000,-5.768338,178.069549,1014.04,1019.11,1155.8,1025.52,0.02,-0.03,1.0,0.25,1.0,1.0,1392.81,0.10708413481583372,0.17855972376861987,0.0033504633601226666,0.3201275408318721,0.007112735288392376,-0.18746164760168108,326.0207720161536,448.9353176694619,6.514195797185868,313.0003300548511,219.79310401898533,11.278335783916258,236.84252563356958,51.60121070508487,39.158145883031146,3.2521943427966256,17.856774581779383
32100072,148.364000,-5.798366,179.006840,1014.08,1018.99,1162.06,1023.95,0.02,-0.04,1.0,0.26,1.0,1.0,1392.9,0.10745889531901358,0.21142378833847464,0.0038119593210510904,0.32299603211572664,-0.0021136831306780885,-0.39727084754116976,326.0157832347974,448.91917053484775,6.500435626519827,314.3564167205663,219.8110826079262,11.116713500864066,235.31349782662696,53.74373850063621,41.45310616930203,2.9132829818870163,19.626437296212668
32100173,148.466000,-5.823734,179.494161,1014.02,1018.97,1167.91,1022.59,0.02,-0.05,1.0,0.28,1.0,1.0,1393.03,0.10781830286535268,0.24509481447491652,0.0031470280331629564,0.33680280641991034,-0.015771974769367234,-0.1437278368493539,326.0230032914363,448.9268288800325,6.496675924830397,314.2323832647203,219.86793868201516,11.027668118986098,233.30742743801977,55.279130249580895,51.34839631602096,2.946652998919579,20.289097267914602
32100273,148.565000,-5.834178,179.519719,1013.97,1019.1,1173.93,1021.26,0.02,-0.05,1.0,0.28,1.0,1.0,1393.01,0.10805242387140424,0.2796048670807769,0.0018676095518492199,0.3443592309781146,-0.013156794103934001,-0.19276743188591056,326.02121667360296,448.9346987885644,6.470348079962972,313.67822561436935,219.7974343102261,11.27382443026639,228.59745473976744,58.58859912247014,55.46576054149058,3.08338523880443,21.656861697670326
32100373,148.665000,-5.802609,178.741655,1013.73,1019.11,1179.41,1020.38,0.02,-0.05,1.0,0.28,1.0,1.0,1393.05,0.10817934689717963,0.3148455112788926,0.0010326190437306207,0.35029876394979387,-0.003199883930739229,-0.24795216380811336,326.0176143781375,448.94006209559046,6.48548426596956,312.5978383684016,219.8724960095347,11.45463439910138,223.4802564121406,61.68952623677981,58.138841885709205,3.35280414143714,22.690558918098635
32100473,148.765000,-5.717214,177.202098,1013.88,1019.18,1185.31,1019.47,0.02,-0.05,1.0,0.28,0.71,1.0,1393.21,0.10832935258868058,0.35084148034090973,0.0018533363967870263,0.35838152431136244,0.009239306311537814,-0.21127006987240068,326.0151818520725,448.92757053341114,6.486702507707606,311.9529682576791,219.97712951260235,11.623650156876812,219.26329949069586,64.82141599776605,62.92371934727551,3.514710911765099,23.82457653047944
32100573,148.866000,-5.571764,174.903931,1013.97,1019.06,1189.18,1018.51,0.01,-0.05,1.0,0.29,0.27,1.0,1393.46,0.10859986313488704,0.38752231858356795,0.003299123507738251,0.36841228143447596,0.016308692606395683,-0.0005903103504646578,326.02668831345665,448.939752770845,6.47925416800649,312.353307422554,219.9096996767635,11.699039195985266,216.97944943562166,67.22593549461132,53.38453936970202,3.4165744528532542,25.157796593270152
32100672,148.966000,-5.372310,171.930487,1013.93,1019.08,1187.99,1017.19,0.01,-0.05,1.0,0.28,0.18,1.0,1394.41,0.10901604538584066,0.4248169999248571,0.004538856953399212,0.3752034494740763,0.0061106185242187526,-0.13831315861080806,326.0186464971442,448.93070481668224,6.493603298078488,312.5094331215907,219.8867896397664,11.43184185637517,217.01336606993098,67.70283692625455,53.88070456822293,3.3754454408060033,25.357552255482723
32100772,149.064000,-5.122368,168.335731,1013.96,1019.03,1187.32,1016.54,0.01,-0.05,1.0,0.27,0.01,1.0,1395.32,0.10950746806688362,0.4626096526489856,0.00505025350994017,0.37686773776430027,0.0027325222308701245,-0.0454712089095657,326.0149936412655,448.9336494009658,6.5021721176908445,313.0994676017852,219.83137191954708,11.50925988460227,217.62983630842655,67.59179588190888,54.23052681262745,3.2266055972428793,25.638665604930097
32100872,149.165000,-4.812034,164.019696,1014.01,1019.0,1186.98,1016.38,0.01,-0.05,1.0,0.27,0.02,1.0,1395.88,0.11000993365225561,0.500405332331825,0.004864530461510187,0.3749240626956448,-0.007254293046074146,-0.23352071734020224,326.02319125960025,448.93865211901556,6.474487523487278,313.18084086579904,219.8311422907699,11.424647285498157,218.39307989178437,67.09273219747195,53.90216133899366,3.2082897603219838,25.406699264335295
32100972,149.266000,-4.449596,159.005235,1013.87,1018.99,1186.87,1016.24,0.01,-0.05,1.0,0.23,0.66,1.0,1396.51,0.11046632207503727,0.5376901477050526,0.0043215421602949755,0.36682480419933605,-0.006776718893631133,-0.17595012914532882,326.01556930431366,448.92979350434683,6.455898201603547,313.25686577975705,219.8542236249343,11.551622833697337,218.13751373740618,67.33353706053092,54.02651807047798,3.1878797453057652,25.573920899101104
32101072,149.365000,-4.131984,154.567899,1013.85,1019.12,1183.71,1016.08,0.01,-0.05,1.0,0.22,0.42,1.0,1397.15,0.11076832506130833,0.5650326014983998,0.0032476556559807,0.3027352340619618,-0.024348807416969747,-1.9569330947832062,326.0239610240489,448.93922136871333,6.486531097017021,312.8145831939757,219.85596519863822,11.329497135118231,217.588644729015,67.41763383430784,53.73666039353581,3.3001297224041912,25.392143313806923
32101173,149.465000,-3.717389,148.781319,1013.91,1019.17,1181.72,1016.08,0.01,-0.05,1.0,0.16,1.0,1.0,1397.67,0.11114537021140405,0.6003384918218725,0.0031302260530313526,0.2898322617998549,0.002332090866198072,0.11814880297765358,326.0139654118592,448.9226192867905,6.495061332499718,312.12199516942053,219.9282032089367,11.491958993244351,217.62827324462435,66.73582215116484,52.97159401040401,3.471599847591959,24.72434867693287
32101272,149.565000,-3.248258,141.881245,1013.84,1019.12,1177.51,1015.85,0.01,-0.05,1.0,0.17,0.7,1.0,1397.75,0.11154223714242772,0.6339455325465543,0.004319154370094788,0.3357093944975044,0.011150300215894648,0.022509030335604908,326.0197628431732,448.9470811208694,6.489536048538718,312.7183852775712,219.8807193906382,11.549252526199977,218.13025263320978,66.5090934646575,65.54994994076685,3.323307437814661,25.016562098351326
32101372,149.665000,-2.737186,134.267097,1013.98,1019.01,1173.25,1015.69,0.01,-0.05,1.0,0.17,0.36,1.0,1398.26,0.11198993507595811,0.665417423210429,0.004478059844832445,0.3058386721067076,-0.0007110854590901257,-0.18878936431439963,326.01625555109297,448.9225026649549,6.484944600576445,312.3159178773463,219.89047003210658,11.389857021212206,220.9377526170019,63.957310170258225,62.149145511349154,3.4232646372256026,23.524138156833786
32101472,149.765000,-2.266410,126.835489,1013.99,1018.99,1173.69,1015.97,0.01,-0.05,1.0,0.06,1.0,1.0,1398.59,0.11244291830890783,0.6944937207891095,0.004660999258059056,0.2847552363933766,0.0032935726889980173,-0.1673611666515264,326.02532311233904,448.941800167254,6.484136114383036,313.62532226985843,219.85471555851205,11.451165128239817,222.9015017252438,62.90489435154265,49.96647439969661,3.0982762867862608,23.833226945448967
32101573,149.864000,-1.745024,118.476390,1013.91,1018.99,1169.15,1015.78,0.01,-0.04,1.0,0.02,1.0,1.0,1398.84,0.112855235777242,0.7207315524419193,0.0036250890178492127,0.24966753703185207,-0.015091764311007878,-0.3490352310441687,326.0162366818658,448.9158899683643,6.499876721009396,313.70363218696576,219.81352444185367,11.331569524914514,224.99863428651287,61.77623170399725,48.992613678616564,3.07627664253341,23.152576298012093
32101673,149.965000,-1.186033,109.447502,1013.87,1018.98,1163.9,1015.54,0.01,-0.04,1.0,0.03,1.0,1.0,1399.03,0.11313602161852006,0.7441335615297738,0.002258888359080617,0.2196820688422644,-0.014881850997339125,-0.40902304406865425,326.01659072578633,448.92764989973665,6.499100476148603,313.2465679934279,219.87081386955487,11.503730966993402,225.50689909431497,60.65567887346166,47.789564577667,3.1909625311774326,22.476187477162284
32101773,150.066000,-0.643151,100.440721,1013.88,1019.07,1158.59,1015.51,0.01,-0.04,1.0,0.09,1.0,1.0,1399.17,0.11329540278751246,0.7645930491794971,0.0013532424932546402,0.1908832289954602,-0.0035372596222918704,-0.41637507289437037,326.0144292757727,448.924394814593,6.473013439911189,312.59495342430176,219.88158301477503,11.493874936924263,225.9860277343593,59.4857789877195,46.4100136325805,3.353090847383627,21.661534709884265
32101873,150.166000,-0.082324,90.818600,1013.87,1019.09,1154.01,1015.37,0.01,-0.03,1.0,1.0,1.0,1.0,1399.36,0.11345191104831703,0.7817681726643706,0.0016144964720472622,0.15191596918931338,0.0027278156990930775,-0.3131458077704586,326.0125453392611,448.92648023960817,6.489562758119262,312.48757223291113,219.88411528038105,11.671438144516864,226.28162130295883,59.28267146362521,55.392460597685975,3.3793969047860024,21.466751382588438
32101973,150.266000,0.433740,81.680244,1013.65,1018.03,1148.97,1015.32,0.01,-0.03,1.0,1.0,1.0,1.0,1399.48,0.11364479854201982,0.7957060852901516,0.002181763455141201,0.1337300252014375,0.009640770817135014,-0.02374023553051702,326.0242137963906,448.9399169669291,6.474918272466863,312.391978129751,219.88625073033228,11.584017576152503,229.02265703331162,56.80782257869723,52.11081558114621,3.4059673892488087,20.265194122455398
32102074,150.368000,0.844674,74.136784,1013.47,1017.02,1144.24,1015.32,0.01,-0.03,1.0,1.0,1.0,1.0,1399.55,0.1138234393377531,0.8040394947052526,0.002055803594275159,0.08519347946997333,-0.011146307003644051,-0.8224464753021564,326.0242948902179,448.9074962459764,6.487114681548513,313.25896839781825,219.8187169633053,11.590627701207753,232.33657152116027,55.135208048521115,49.75605402944473,3.189347608476889,19.78994358158147
32102174,150.466000,1.329641,65.306689,1013.5,1016.26,1139.62,1015.26,0.01,-0.03,1.0,1.0,1.0,1.0,1399.74,0.1140327986925608,0.812205580697269,0.0014616606847998247,0.05690858429054381,-0.005239189846704393,-0.19210105237553649,326.01943070465387,448.92451648954983,6.505462042521407,314.1267605087021,219.83495176461147,11.326287647189856,237.43528699487348,52.07145594863892,45.93134349614627,2.971714092984212,18.623627231504948
32102274,150.565000,1.823382,55.850401,1013.42,1015.68,1134.83,1015.35,0.01,-0.03,1.0,1.0,1.0,1.0,1399.78,0.11412254339258547,0.8169252668463443,0.00030075868289544883,0.03513174919043669,-0.016811112956178237,-0.3737998011140696,326.0199955131119,448.90800166780855,6.459717655062642,313.4967646815642,219.81760914060195,11.454644140817523,239.18029566975716,50.70774731267916,38.04099536941889,3.128960677710984,17.46549020206287
32102373,150.666000,2.291371,46.426749,1013.55,1015.3,1130.36,1015.3,0.01,-0.03,0.25,1.0,1.0,1.0,1399.77,0.11408923507333726,0.8181927218769709,-0.0006070883540975681,-0.00016863370803580485,-0.006307582558390613,-0.33403691286293463,326.0216897612757,448.9259896656163,6.4527158904847495,312.78593753469795,219.87511767197697,11.48610876635367,239.12059526203646,50.043458916033075,37.09330335043837,3.3071707704916236,16.83469156807535
32102473,150.766000,2.716032,37.567304,1013.32,1014.84,1125.96,1015.27,0.01,-0.03,0.31,1.0,1.0,1.0,1398.6,0.1140166085861779,0.8161635487148057,-0.0006278179169763932,-0.03257108850105261,0.004933272248538616,-0.33952424095572464,326.01614506981986,448.91838904091424,6.467383135490102,312.15869018216665,219.91894411651433,11.718738379891194,239.6617957624145,49.37555244773945,40.335428885628275,3.462919623366434,16.104192203331692
32102574,150.865000,3.116620,28.915001,1013.14,1014.48,1121.63,1015.13,0.01,-0.03,0.37,1.0,1.0,1.0,1398.89,0.11401512952983507,0.8109830568793804,0.0003775884903339059,-0.06293642162215694,0.010405736580355904,-0.2790522163235164,326.013976589014,448.91718946891507,6.507279585944534,312.11313927497883,219.94272361216971,11.760263489031075,241.48428323276397,48.10023549459196,37.829409859886354,3.474112228879913,15.39489238931617
32102675,150.966000,3.476584,20.748868,1014.16,1014.55,1117.43,1015.12,0.0,-0.03,0.34,1.0,1.0,1.0,1398.8,0.1141135942631142,0.8029457817810141,0.0013243906540404756,-0.09097517642997335,0.008576746420355046,-0.29416953243676125,326.02247488280386,448.91255461921855,6.466249196668114,312.9010237131915,219.84223073753788,11.687989446945076,244.78687067277872,46.635808499861746,35.64795435410731,3.2783955384047196,14.910650620983429
32102774,151.067000,3.790002,13.143813,1014.57,1014.52,1113.16,1015.13,0.0,-0.02,0.34,1.0,1.0,1.0,1399.06,0.11426359528657985,0.7922684693785554,0.001449529108269565,-0.11607182704685937,-0.0036297245314666107,-0.22465272979475157,326.021399118614,448.926630692914,6.475848202554133,313.411090045073,219.81955290614044,11.535375316233008,248.59028077089803,44.809181681406734,33.47205573972574,3.1504447200940855,14.022867297970048
32102874,151.167000,4.053938,6.178262,1014.75,1014.36,1109.13,1015.21,0.0,-0.02,0.37,1.0,1.0,1.0,1399.34,0.11436566855217895,0.7792310028654243,0.0007072795755807447,-0.1392952632726781,-0.009030401446212666,-0.24448775039967177,326.0170503505586,448.9165285545751,6.4913034524543605,313.6842165556724,219.82207747319006,11.48249437483615,250.84183504818972,43.812432234551125,31.630963962345284,3.081427400310345,13.485712952119396
32102974,151.267000,4.277547,-0.314915,1015.7,1014.53,1104.82,1015.31,0.0,-0.02,0.3,1.0,1.0,1.0,1399.22,0.11437145279373566,0.764023867607942,-0.00032021893918739955,-0.15943784230243013,-0.009506144333017183,-0.20338594784726588,326.0161153534938,448.91931019382105,6.479398478453849,313.0847026432638,219.82028504434697,11.579797397272081,251.99269395599748,42.93044968450948,28.99628870069179,3.2306118287488195,12.592027575264053
32103075,151.367000,4.427290,-5.079220,1015.27,1014.38,1100.85,1015.15,0.0,-0.02,0.39,1.0,1.0,1.0,1399.42,0.11430818968569784,0.7468688785725144,-0.0007014777977791794,-0.17788144688357596,-0.0003012618852668914,-0.1365035913030172,326.0198646262307,448.91296263745886,6.4742099848516945,312.4641836343961,219.89040576637782,11.782069758418924,251.88777251656253,42.59085417508374,28.513171270224362,3.387344104066003,12.088628583716794
32103174,151.467000,4.569024,-9.981545,1016.52,1014.58,1096.87,1015.26,0.01,-0.02,0.31,1.0,1.0,0.38,1399.44,0.11425851832411328,0.7279936867256535,-0.0002503813419385435,-0.19374524781545682,0.008184099961342008,-0.12237798464206853,326.0202277995081,448.9141801143451,6.470221276101507,312.055743042348,219.9238046077448,11.915161458239991,252.6705151168794,42.05060324950765,27.314595835162002,3.489737964117777,11.482766178400361
32103274,151.567000,4.679154,-14.674825,1016.71,1014.53,1093.22,1017.54,0.01,-0.02,0.3,1.0,1.0,0.21,1398.22,0.11430064490812568,0.7076242883889585,0.0008233540330877922,-0.20839080851623326,0.010815961545119636,-0.28999678742850105,326.01360359584453,448.91699731110634,6.4691162410940395,312.19883089023295,219.87046158767942,11.95062110735235,254.81639603634824,41.05529573246089,25.529384108147095,3.451571307372639,10.888481374891345
32103375,151.667000,4.743206,-18.627101,1016.8,1014.27,1089.45,1015.28,0.01,-0.02,0.32,1.0,1.0,1.0,1398.48,0.11443563528899306,0.6860337725427252,0.0016414730094512413,-0.22416617641698103,0.007484297693844824,-0.2808328489615298,326.0479484533589,448.91509621816687,6.498333030932975,312.45592786537657,219.8691902143617,11.838327278618326,256.43378250108583,40.41516858701863,25.260763991171743,3.396058126666684,10.545258362376703
32103475,151.767000,4.773066,-21.923671,1016.67,1014.24,1087.6,1030.44,0.01,-0.02,0.34,1.0,1.0,0.06,1397.87,0.1146184615202706,0.6634424131205874,0.0019089403200936504,-0.2281159546732153,0.0006151541758072588,0.03403831062716244,326.0515704729666,448.90850459550614,6.49375861006692,313.21823990057766,219.81094894555187,11.73143874034701,260.8588506894862,38.952972344107266,21.660986857421104,3.2061801314674963,9.733663473625775
32103574,151.867000,4.776591,-24.653829,1016.9,1014.19,1084.8,1031.68,0.01,-0.02,0.33,1.0,1.0,0.18,1397.48,0.11478233878565212,0.6401062153066832,0.0013850162376863565,-0.2340578662747838,-0.006921445732263045,-0.004556544962876954,326.0246278933189,448.92511070112187,6.479360049723977,312.6166991991882,219.8546142263189,11.671380455463558,264.0472599968839,37.56290183692762,18.86374805970495,3.349808189808665,8.219568266908999
32103675,151.967000,4.768634,-26.819787,1017.15,1014.17,1080.95,1028.81,0.01,-0.02,0.32,1.0,1.0,0.06,1396.86,0.1149029990272158,0.6159567461993142,0.0012068993394381748,-0.24590191336079512,0.0017220726106776964,-0.23563920911954692,326.0136108573647,448.91181342616954,6.486245603452818,313.0713226066748,219.8277591791674,11.79993177770825,265.6967249153669,36.87114590585831,20.215274450021585,3.233533919553636,8.050190682089479
32103775,152.067000,4.757659,-28.473527,1017.02,1014.21,1077.24,1027.5,0.01,-0.03,0.34,1.0,1.0,1.0,1397.0,0.11501597395814528,0.5909138076951065,0.0009936007427924162,-0.25586421266177073,-0.004838917620019402,-0.13631223045312396,326.01863205987235,448.8964169604747,6.459139255738786,312.7181553508479,219.8414414311743,11.527427920535066,267.699325729399,36.310315921966826,19.175977188411103,3.3232476845078986,7.135620455377705
32103874,152.167000,4.745633,-29.668399,1017.18,1014.23,1076.93,1036.76,0.01,-0.03,0.34,1.0,1.0,0.4,1396.76,0.11509488135282932,0.5653150177236235,0.0007405807924213203,-0.2563726879125455,-0.0007059417406433121,-0.013880796650572316,326.02239176645594,448.92640293059185,6.462461719308951,313.07337053669164,219.83782901735478,11.83254505815683,268.4544247210939,35.98494680769084,18.57085577605834,3.2351488400560195,7.17098660887905
32103974,152.266000,4.739706,-30.414008,1017.33,1014.23,1075.61,1039.57,0.01,-0.03,0.33,1.0,1.0,0.18,1396.13,0.11515159732330538,0.5393309550231895,0.0004409178948779716,-0.2597713617876701,-0.002873467719648252,-0.04806352224169719,326.0198773983301,448.90495836705077,6.449763859473344,312.670341982094,219.86995140135343,11.753492910928735,269.54268013719724,35.61603947139932,14.289388627565781,3.3357679825101476,6.502316353847448
32104075,152.367000,4.756255,-30.861170,1017.43,1014.14,1072.31,1035.48,0.01,-0.03,0.33,1.0,1.0,0.83,1395.74,0.11518708822741337,0.5197199823268626,0.00042380705639490643,-0.216921727131313,-0.0014564558119508713,1.4520803469850487,326.0209803586212,448.90949751133553,6.483381395098634,312.9081731646278,219.8752196059334,11.866463773295003,272.84019237771975,34.472818026130774,15.44638907678536,3.276755045912194,5.641341725199182
32104174,152.468000,4.806549,-30.867507,1017.6,1014.16,1071.92,1044.61,0.01,-0.03,0.32,1.0,1.0,0.13,1395.41,0.1152459705928274,0.4933236141995917,0.00045205323165077214,-0.21904748293171433,-0.0014369924823048597,-0.04007751717887032,326.0205404434164,448.8966631330044,6.46156088696033,312.96398209476695,219.78204717564202,11.690012360508655,275.8017779146451,33.787743503804386,14.123101166400806,3.2615878814175296,4.775898513525009
32104274,152.566000,4.879564,-30.537319,1017.76,1014.12,1069.73,1043.59,0.01,-0.03,0.32,1.0,1.0,0.21,1395.31,0.115284063792325,0.46673918940997977,0.00021079003137070728,-0.2690264735907641,-0.006015765450339192,-0.14383269403978105,326.01690847940756,448.91060559284307,6.4757121477724695,313.02971944999075,219.81441472765098,11.739834350327452,278.4677848398862,33.02953612951673,12.414726988153589,3.2445565892065704,3.9941016604576847
32104375,152.666000,4.958797,-30.015914,1017.48,1014.17,1066.22,1041.46,0.01,-0.03,0.35,1.0,1.0,0.4,1395.21,0.1152707183707524,0.44004473514891373,-0.00026196436453318353,-0.26884443579598666,-0.002414010976581514,-0.08817930355106796,326.0286886733994,448.9040476835262,6.483980119854171,313.3707792953074,219.78351545428134,11.780195797466789,280.750053610209,32.52252953544556,11.210916803916689,3.162127334926978,3.5574692158161705
32104474,152.768000,5.033768,-29.304480,1017.82,1014.13,1064.0,1042.19,0.01,-0.03,0.34,1.0,1.0,0.28,1395.5,0.11522550483648253,0.4131984698839648,-0.0006713929256619485,-0.26896726291088713,-0.0073261730306525144,-0.020584812315955336,326.0174012332793,448.91233673770193,6.4982597385086756,313.0519540826012,219.82034031126813,11.629167588430901,282.1500627807536,32.227996005527864,10.268923340012945,3.2391956252228638,2.8758751813494543
32104576,152.872000,5.104770,-28.461812,1018.1,1014.14,1061.6,1042.36,0.02,-0.04,0.32,1.0,1.0,0.27,1395.71,0.11512141698864715,0.3864753628311663,-0.001141282032693155,-0.2667864485907168,-0.002117901778561951,-0.23630071178876053,326.0221856305573,448.88830582625997,6.4867135522472585,313.2169171012609,219.78675436969993,11.896022622409362,282.86687366643724,32.03235386963739,9.629525556724504,3.199128224276617,2.7840395093717305
32104675,152.978000,5.181375,-27.504041,1018.06,1014.17,1058.4,1040.62,0.02,-0.04,0.35,1.0,1.0,0.26,1395.28,0.11499938426026797,0.3599266141924906,-0.0013189582729753804,-0.2697562079124625,-0.0029620946753368006,-0.1893587797727148,326.02333402279334,448.9079311292869,6.477508689485249,312.6245079272563,219.86328518811817,11.638273204806772,284.4204173164293,31.620570419090964,8.370969806598065,3.3479161416633447,1.8253132662942981
32104775,153.067000,5.268934,-26.486283,1018.18,1014.09,1055.6,1039.73,0.02,-0.04,0.35,1.0,1.0,0.3,1396.02,0.1148850257780531,0.33369827566886273,-0.001000281008786394,-0.26087485173377045,0.003981091932224075,0.07693584624011192,326.0250513785277,448.89517567989463,6.464387636555014,313.0172381434985,219.81835331870704,11.81683878962859,284.8935346799891,31.576993583206555,7.973578251102859,3.249972221893841,1.9973295015820218
32104874,153.168000,5.372837,-25.441878,1018.39,1014.25,1052.83,1038.19,0.02,-0.04,0.34,1.0,1.0,0.44,1396.68,0.11481249852360385,0.3143051843289757,-0.000943393429105805,-0.24974100125658877,0.0009580622406794317,0.3866838021137101,326.0413731939449,448.9055410901648,6.495507219904667,312.98054723799663,219.77778251158838,11.715454507171794,287.0511755137914,31.160115402242443,6.8026591615398,3.262464907158578,1.3024898293250002
32104974,153.267000,5.481002,-24.294323,1018.55,1014.2,1050.88,1040.55,0.02,-0.03,0.34,1.0,1.0,0.08,1397.06,0.11469808397433993,0.2826869290542724,-0.0009165245738424003,-0.25752995704440307,-0.0008028395606519493,-0.2385138739133606,326.0475709944738,448.9095026601328,6.492107357886595,313.24676396934075,219.77154199073823,11.77977231947863,288.0982181492068,31.07814460612572,6.299293639157601,3.19750882588589,1.1964710861377261
32105074,153.367000,5.579779,-23.246730,1018.88,1014.21,1048.22,1038.09,0.02,-0.03,0.32,1.0,1.0,0.28,1396.37,0.11462327827223334,0.26420496283088624,-0.0008917956783065975,-0.2036674638661264,0.0038091932975469864,1.4508713671765932,326.0494677329955,448.90587794824523,6.485188451487586,313.2087385985696,219.77346688572084,11.816838699485642,289.8333149099412,30.732060838204582,5.271659322385125,3.2075376887292513,0.6339045252865745
32105175,153.467000,5.666919,-22.091641,1018.76,1014.2,1045.66,1036.54,0.02,-0.02,0.34,1.0,1.0,0.42,1396.7,0.11451010222389585,0.24013951966329908,-0.0010147818654226335,-0.19836171828623866,-0.0025054866629922205,-0.0033776096618163966,326.0444847631738,448.90483527888574,6.490128416918926,313.0433663994983,219.7992646800539,11.723607103686966,290.3378686053554,30.68929038793139,4.794302565233234,3.247896381104788,0.35065458791790505
32105274,153.567000,5.740828,-20.965020,1018.93,1014.29,1043.94,1038.51,0.02,-0.02,0.35,1.0,1.0,0.02,1396.98,0.11438258892254485,0.21680237804744018,-0.001270065867966884,-0.23379578344232022,0.00030140690625443434,-0.04614589242102794,326.0267642091727,448.9013855956027,6.457230303122041,313.0751506892254,219.8040769408092,11.801038778598903,290.9449690443471,30.580151375677907,4.38387192054052,3.235672006524654,0.19922881337515363
32105374,153.666000,5.815086,-19.904714,1019.57,1014.23,1041.44,1036.23,0.02,-0.02,0.3,1.0,1.0,0.17,1396.24,0.11426587220613928,0.19423354586091507,-0.0011255304793029294,-0.22210126326820337,0.0013042146816896556,0.1308626882132742,326.0178224470113,448.90220568155473,6.4902013735908355,312.7070122584991,219.84212146268115,11.668387305780685,292.02014165554976,30.441671803805047,3.3796450677565995,3.325749798033858,-0.418195793277401
32105475,153.767000,5.895078,-18.889800,1019.2,1014.13,1039.11,1035.13,0.02,-0.01,0.35,1.0,1.0,0.08,1396.3,0.11416829528837104,0.17251650134209273,-0.0008436096053033088,-0.21518639005073162,0.004023101204913186,0.09224957377749203,326.0579328962558,448.88604606770417,6.488644092516822,313.18096904215975,219.77065355344763,11.944592144890368,292.58876737487407,30.430945942931796,3.2140143217879644,3.2168083500339226,-0.226640137429154
32105575,153.867000,5.980368,-17.917827,1019.73,1014.21,1036.78,1034.16,0.02,-0.01,0.32,1.0,1.0,0.07,1397.01,0.11409260967321934,0.1516546153469875,-0.0007355463069572756,-0.20288073589420078,0.00045308349499076405,0.10124225588559956,326.0457253829647,448.90930221355416,6.516813256779444,312.9400726999792,219.78950581350125,11.705116160230327,294.16041778492854,30.11041464934966,2.215554185092673,3.27375138311979,-0.893217487764451
32105674,153.967000,6.061936,-16.981063,1019.61,1014.15,1034.72,1033.08,0.02,-0.0,0.33,1.0,1.0,0.16,1397.5,0.11402611255480209,0.13166876037989655,-0.0006215193555477699,-0.19476880201049038,0.0012845074558072995,0.3299095459330061,326.0207939882431,448.89414189377845,6.5202991132099255,313.285737145558,219.74865091040144,11.888763280443728,294.52683415376464,30.151733427412008,1.9076520073271859,3.181014604763191,-0.711519507568787
32105774,154.066000,6.131720,-16.077940,1019.67,1014.18,1032.64,1032.2,0.03,-0.0,0.33,1.0,1.0,0.24,1396.98,0.11394791159042848,0.11263877548335731,-0.000875238873854102,-0.1853852981323978,-0.0022615970600045137,0.03922644694921215,326.02101192283453,448.89715547095494,6.490549959827418,313.00285858373275,219.80390393523604,11.751641835489067,295.47838567811556,30.13768343468357,-3.656972362844688,3.2523173762769475,-1.2257001206526414
32105874,154.166000,6.183111,-15.293458,1019.72,1014.17,1030.84,1031.36,0.03,-0.0,0.35,1.0,1.0,0.08,1396.97,0.11386220381304953,0.09457704217317503,-0.0008504730176764206,-0.1750815829205249,-0.0009040566482745545,0.056841049771479524,326.0386119428444,448.89851683480475,6.485166158502473,312.97773803507266,219.8020384719682,11.783665488075533,295.5002408430468,30.1666509747784,-3.9352711326817666,3.262921346554298,-1.2601278222722012
32105974,154.267000,6.230850,-14.538562,1020.08,1014.17,1029.06,1030.62,0.02,0.0,0.32,1.0,1.0,0.07,1397.71,0.11378133931734323,0.07749308678072177,-0.0007094792679034203,-0.16582703021632236,0.004330620751399251,0.3415932801208389,326.03269881625135,448.90681889063626,6.469010207451037,312.91489227736577,219.7855045171651,11.825257204623536,295.99616371142736,30.043577905676504,0.6233136207464186,3.276759103975432,-1.458098004658626
32106074,154.367000,6.276561,-13.866517,1020.15,1014.18,1027.2,1029.86,0.02,0.0,0.32,1.0,1.0,0.13,1397.93,0.11372536749498678,0.06134219591513515,-0.0005066988556940857,-0.15976157441001398,0.0016650832641292614,0.23551987401064842,326.04271458282824,448.8907164335156,6.501974873649651,312.83489844962105,219.83590879361722,11.829054365917804,296.487433509872,29.9712807325853,0.333123429855051,3.300149343110162,-1.6792322494987841
32106175,154.466000,6.324034,-13.272133,1020.2,1014.19,1025.72,1029.08,0.02,0.0,0.33,1.0,1.0,0.08,1396.86,0.11368934291867579,0.0461646408083734,-0.00024351014782401332,-0.14269040312239206,0.0025123819142898007,0.019774463569108548,326.0532829811616,448.9091743505148,6.4893246344096065,313.01888150558887,219.80938577078774,11.840677394542332,296.9850691785619,29.804493961844763,-0.02313299816289705,3.2562751921457913,-1.6889987066393433
32106275,154.567000,6.369260,-12.733438,1020.31,1014.16,1024.19,1028.55,0.02,0.02,0.33,1.0,1.0,0.07,1397.41,0.11367850275272369,0.03191061835156441,-5.910348534201315e-05,-0.14761076829549696,0.0006197537581452821,-0.1711025419810395,326.0428801601827,448.9022156865114,6.494429068505481,312.93378777411704,219.7859820597222,11.75395083855148,297.71107945044696,29.899107787649218,-0.6982248797436376,3.27465955025034,-1.9658762468514084
32106375,154.667000,6.412584,-12.241238,1020.32,1014.11,1023.05,1027.76,0.02,0.02,0.33,1.0,1.0,0.14,1398.04,0.11367584525124232,0.018588325695225498,-1.846391640982163e-05,-0.12720151286272727,-0.00024051231126273997,0.17216755434093475,326.02287119349364,448.90029557378676,6.511639198898889,313.03898189075915,219.7965046544869,11.81924169862194,297.97243319372296,29.87510756289458,-0.7328053783466649,3.2436266128477613,-1.9514527796970338
32106475,154.768000,6.442237,-11.851696,1020.45,1014.21,1021.68,1027.47,0.02,0.02,0.33,1.0,1.0,0.07,1396.79,0.11366955070679084,0.0061829597046995175,-9.26781552288676e-05,-0.12075664627894028,-0.0008334750838412171,0.04741525481122596,326.0480373647426,448.9053717667836,6.4821418999459866,312.93099818855916,219.78085750017942,11.790639965526912,298.5977681880716,29.854237792223113,-0.9653116261144673,3.276522178467236,-2.237273158682563
32106575,154.867000,6.471029,-11.459187,1020.53,1014.14,1020.58,1026.7,0.02,0.02,0.32,1.0,1.0,0.14,1397.59,0.11366279647556485,-0.0053304333294162945,-4.0758520762946686e-05,-0.11005262942788545,0.0006354818526810511,0.14766566073701426,326.0480401069407,448.9039539020725,6.49723283098651,312.95773178442136,219.77534347383144,11.86441356571093,298.49339617832965,29.857639029075056,-0.9220812950233535,3.262434822328479,-2.1608924234647597
32106675,154.969000,6.487202,-11.085174,1020.58,1014.24,1019.5,1026.43,0.02,0.02,0.32,1.0,1.0,0.16,1396.95,0.1136611605202917,-0.015984889854266035,-6.189089014398466e-07,-0.10079353520667417,0.00044914332052468486,0.19791551754559625,326.02707733944317,448.9007260384463,6.4943820068123825,312.82648893345794,219.84348467513394,11.782817103305595,298.6074790209352,29.852381742979563,-0.8881557119859035,3.2983124197902964,-2.3165649439480367
32106775,155.068000,6.507181,-10.804730,1020.72,1014.23,1018.59,1026.09,0.02,0.02,0.32,1.0,1.0,0.09,1397.04,0.11366827007703806,-0.025779823819262686,0.00013806340095297927,-0.09427382296771018,0.0019452982619072962,0.16396748018248333,326.05133436850974,448.9008372439432,6.482694791423665,312.88069759990105,219.82952943444627,11.91162153386755,298.8974534924436,29.768351561085407,-1.2391991300122658,3.290643504935566,-2.373484082985473
32106875,155.167000,6.531042,-10.570446,1020.82,1014.17,1017.79,1025.63,0.02,0.02,0.31,1.0,1.0,0.09,1397.57,0.11369045125514543,-0.03477336661380445,0.0002698547428337824,-0.08665948614244738,0.0012302552117784847,0.15333990562093966,326.0527878428208,448.89941513453294,6.489679602871208,312.9486932506043,219.81262702819564,11.841279342572998,299.35238556889385,29.669232618182143,-1.651775431316685,3.273833644575568,-2.4576624687686666
32106976,155.267000,6.555978,-10.364873,1020.8,1014.15,1017.21,1025.35,0.02,0.02,0.32,1.0,1.0,0.11,1398.2,0.11372368819257564,-0.04302725718092429,0.00033085030843306955,-0.07749210180204973,-0.0009976731091427351,0.25966685408025514,326.05817193011114,448.9078747253446,6.47668886474725,312.9323788211504,219.78179047125596,11.77065763143293,299.7549658474011,29.688964234355456,-1.8885230129097017,3.278681648849581,-2.591909867089102
32107075,155.368000,6.576060,-10.191056,1020.74,1014.11,1016.62,1025.01,0.02,0.01,0.33,1.0,1.0,0.12,1397.06,0.11375839507646263,-0.050587153531925735,0.0003365175652329817,-0.06978207277259967,-0.0006910637016101344,0.20194352259961093,326.02735447457195,448.8984795339014,6.489914658523798,313.01835515985005,219.80995939887444,11.868160403827174,299.8364266577966,29.659155759635915,-1.8911656375493946,3.250102315687426,-2.534602317958859
32107176,155.468000,6.586501,-10.051707,1020.86,1014.14,1016.11,1024.89,0.02,0.01,0.32,1.0,1.0,0.13,1396.44,0.11379159778870646,-0.05750200871723772,0.00030636532814192185,-0.06417366216210192,-0.0009135342971645414,0.2130212652184186,326.02129974208395,448.8925829312486,6.493444910170473,312.89578307344703,219.81610697144544,11.906110297249509,300.105051838787,29.585742292857176,-2.1018105156080202,3.279321207389679,-2.7119720874570787
32107276,155.568000,6.590698,-9.943503,1020.91,1014.13,1015.76,1024.77,0.02,0.01,0.32,1.0,1.0,0.14,1397.09,0.11382457722328176,-0.06379135058459298,0.00033291493872375825,-0.05930491559381978,0.00012692571836458527,0.08713017253164027,326.0263585212342,448.8938240921431,6.500778589683348,312.9297244858561,219.77800816580609,11.85269999299948,299.842090557559,29.669681790362507,-2.031030710006741,3.2761373128151607,-2.675842740516205
32107377,155.668000,6.594199,-9.864199,1020.86,1014.16,1015.55,1024.63,0.02,0.01,0.32,1.0,1.0,0.12,1397.6,0.1138599039515482,-0.06948345173368455,0.0003615602125173648,-0.05483204250323448,-2.0786652945093847e-05,0.10084192551056827,326.0496372496765,448.8978625667316,6.490898540475934,312.8374858691102,219.8250530228375,11.820810960612599,300.09819729059205,29.60471753484365,-2.2051237695587456,3.300971310634093,-2.770495536203097
32107476,155.768000,6.600355,-9.806804,1021.01,1014.1,1015.56,1024.62,0.02,0.01,0.31,1.0,1.0,0.11,1397.6,0.11390213432443232,-0.07460822763642362,0.0004551873774963359,-0.04918934083270179,0.000371291406898937,0.0797000440855616,326.02520575780267,448.89394567971954,6.484714548442911,312.8875607865443,219.79404214795213,11.778644278245757,300.0738697312754,29.586798022438575,-2.1375315029571254,3.282009842897443,-2.7099982277245536
32107576,155.868000,6.608957,-9.768698,1020.92,1014.14,1015.47,1024.58,0.02,0.01,0.32,1.0,1.0,0.11,1397.15,0.11394949186835004,-0.07919249312010355,0.0004850798171976848,-0.04364049087030847,0.0009336521389224776,0.007973349277933412,326.04063277321717,448.9025805752549,6.509207855956093,312.94373806572463,219.77237123613173,11.84184794291652,300.2801953372676,29.616948605066497,-2.2415842528773555,3.2714200665047426,-2.732810642037797
32107676,155.970000,6.615788,-9.742226,1020.99,1014.2,1015.47,1024.58,0.02,0.01,0.32,1.0,1.0,0.11,1397.71,0.11400087013787631,-0.0832851896490557,0.0005248894956402518,-0.0400145506137488,-2.1442405428797982e-05,0.022396792301593426,326.0223453420388,448.8900777490517,6.494575309140573,312.9450191321818,219.7798361097685,11.795238469800491,300.399481950473,29.6136121095356,-2.4584229582629686,3.2668267969749407,-2.759238618927544
32107777,156.068000,6.616957,-9.734142,1021.0,1014.19,1015.42,1024.54,0.02,0.01,0.32,1.0,1.0,0.11,1397.63,0.11404769358502942,-0.08689950162649254,0.00043314021370043245,-0.03325961330632082,-0.0006949222742850675,0.07064981226416055,326.0547467682799,448.9052909355674,6.50297709263543,312.9199469317868,219.78123592365196,11.83635226613938,300.27327635091655,29.556817263363858,-2.3572636192228567,3.280955513234935,-2.758318912287924
32107877,156.169000,6.612992,-9.738596,1021.09,1014.11,1015.37,1024.59,0.02,0.01,0.31,1.0,1.0,0.11,1398.25,0.1140905184826537,-0.0900668069761225,0.00042209761876019984,-0.030318402080474413,-0.00041885038402446535,0.06356626976966871,326.02612295035937,448.8899905351792,6.489436348683461,312.8558364836562,219.84160069840243,11.937524218861418,300.2007875465351,29.575806430990824,-2.337679047363258,3.290884696095727,-2.7764900729764164
32107976,156.269000,6.606172,-9.761991,1021.15,1014.15,1015.49,1024.63,0.02,0.01,0.31,1.0,1.0,0.1,1398.76,0.11413335293144432,-0.09281282513328237,0.00043651844368293777,-0.025761776575644768,0.00020907081853058004,0.0480166772113295,326.0432427581456,448.9123839006468,6.489580353848796,312.8487482231787,219.825195354561,11.88642855288931,300.0954704576017,29.609536857076584,-2.2246353736241096,3.2963631389082284,-2.756990352008554
32108076,156.374000,6.600894,-9.795222,1021.11,1014.2,1015.42,1024.61,0.02,0.01,0.31,1.0,1.0,0.1,1398.92,0.11416686703845631,-0.09461015419581549,0.00036950965658540526,-0.01894881012090072,-0.0024463883049384147,0.16052336348361804,326.0264317252252,448.8986075355806,6.494586293175753,312.80929789947805,219.83163107600924,11.841881633835659,300.16173308555057,29.563547205052007,-2.309490276555146,3.30229729153098,-2.8016047080294846
32108176,156.470000,6.598913,-9.825555,1021.18,1014.16,1015.43,1024.66,0.02,0.01,0.31,1.0,1.0,0.1,1399.22,0.11421520804924136,-0.09667936372996014,0.00042337601582299796,-0.01618364043389098,0.0007445111835919625,0.009160381988790534,326.02265719780337,448.8866529676155,6.4896122340367635,312.8621335529903,219.83092728653264,11.885450413362179,300.3194851980119,29.605355889719434,-2.436679375965032,3.288345510446834,-2.8043165467662963
32108276,156.568000,6.598623,-9.862406,1021.28,1014.06,1015.34,1024.63,0.02,0.01,0.3,1.0,1.0,0.1,1399.53,0.11426557776228448,-0.09840947098501066,0.0005084525521546907,-0.016437325233414513,0.00011252534035046686,0.024025217932965266,326.04491524736164,448.89526596238363,6.503156138840798,312.9420930105635,219.78340385242709,11.844002647685876,300.32133087750935,29.594707089366548,-2.4489234086440144,3.273158985018009,-2.7497843756279825
32108376,156.672000,6.597081,-9.904306,1021.23,1014.22,1015.37,1024.65,0.02,0.01,0.3,1.0,1.0,0.11,1399.71,0.11431227546433795,-0.09983435553956795,0.0004337565373435897,-0.013000364647820234,-0.0011294612572695462,0.0383781981596947,326.0319453307261,448.8945430027498,6.486842414198386,312.9078853580874,219.77934983884109,11.824266430974067,300.2681823358541,29.60330252341366,-2.234471547926448,3.2784051674700594,-2.7543435488395
32108476,156.768000,6.591587,-9.950234,1021.27,1014.24,1015.34,1024.52,0.02,0.01,0.31,1.0,1.0,0.1,1399.77,0.11435220614620137,-0.10097494112176383,0.0003786474259776651,-0.010292250554552873,-0.0009560047807334356,0.0427387332008735,326.04819065429405,448.89581157597524,6.495617660542367,312.9056127961155,219.82327803725386,11.873494298172435,300.281258654396,29.60707881467129,-2.438560152345182,3.2836308964709207,-2.77019829666181
32108576,156.868000,6.583447,-10.003774,1021.23,1014.11,1015.32,1024.58,0.02,0.01,0.31,1.0,1.0,0.1,1398.4,0.11438932202478977,-0.10186827291216274,0.0003678062732202172,-0.00802911264563377,-0.0008576572430232334,0.04479168895552749,326.02934199719346,448.8891479591082,6.480790093860572,312.82043635829456,219.82067154137073,11.897034096513613,300.13311901759795,29.621018220597172,-2.3430368170610163,3.3002244643267042,-2.7841726449059494
32108677,156.969000,6.577462,-10.045518,1021.31,1014.1,1015.44,1024.63,0.02,0.01,0.31,1.0,1.0,0.11,1398.73,0.11442966064162746,-0.10254434268349943,0.00042297531075684107,-0.005969241169573712,0.00015089307974129013,0.024969164434336735,326.02248063134476,448.886375819143,6.476474965576962,312.8299830152378,219.82299192585282,11.888369367611821,300.0544607968951,29.59904557763275,-2.2117492239225016,3.296207107887588,-2.750174875563095
32108777,157.070000,6.575623,-10.059054,1021.3,1014.1,1015.35,1024.61,0.03,0.01,0.3,1.0,1.0,0.13,1398.08,0.11447450970015766,-0.10302727566509917,0.00045203637357441864,-0.0040732387202510765,-0.000166675634517214,0.02158680695452087,326.03017023169144,448.89666378261796,6.495443603820813,312.8478437432402,219.83191036220285,11.869123544621313,300.15578185765065,29.612704645537594,-2.267636113919041,3.2936517524598785,-2.7699955636069604
32108876,157.171000,6.575378,-10.059081,1021.33,1014.16,1015.34,1024.73,0.03,0.01,0.3,1.0,1.0,0.13,1398.26,0.11452108056444404,-0.10333656018563063,0.00046406411948497696,-0.002499725230750149,-0.0003002620839666133,0.016421794694686378,326.04878124423925,448.9062378837962,6.511761826276462,312.88399602335613,219.8223047942225,11.871498404659782,300.2687736913105,29.56109373807273,-2.4345354192581063,3.2890038485439366,-2.7845778123966465
32108976,157.269000,6.575165,-10.059611,1021.34,1014.14,1015.35,1024.65,0.03,0.01,0.3,1.0,1.0,0.13,1398.56,0.11456706571858402,-0.10350114353846845,0.0004470901208625134,-0.001146931790338648,-0.0005057170283500234,0.012801361641185772,326.02629338536934,448.886112029557,6.480723938501463,312.88829203379146,219.8212932017911,11.871583292185221,300.32341335697373,29.601367810889066,-2.477475667672261,3.282600281480482,-2.786047527493804
32109076,157.369000,6.575119,-10.060277,1021.18,1014.07,1015.39,1024.61,0.03,0.01,0.3,1.0,1.0,0.14,1398.93,0.11459870808002767,-0.10354519336936331,0.0003356873938819887,-0.0002602184817028356,-0.002818121493162126,0.010670268712393636,326.03669124891525,448.89576968712885,6.512715520245982,312.8246103340324,219.83573559575908,11.885443471545884,300.2775185010573,29.59725055821571,-2.4215157337141062,3.2832978971413933,-2.7607604458379766
32109177,157.468000,6.574961,-10.061254,1021.3,1014.11,1015.42,1024.6,0.03,0.01,0.3,1.0,1.0,0.13,1399.31,0.11463607313922851,-0.10351240036210628,0.00030671682316053914,0.000552499808956741,0.00012086757402714943,0.005372823617552575,326.0417708969908,448.891956086873,6.48033101050208,312.8458932811977,219.82844975135598,11.861789018209072,300.2202078857126,29.562578249425894,-2.3455215027950227,3.2970479952488754,-2.7976217560069716
32109278,157.569000,6.574698,-10.062557,1021.34,1014.09,1015.52,1024.57,0.03,0.01,0.3,1.0,1.0,0.13,1399.49,0.11467383656561479,-0.10340602513677906,0.0003804403478382781,0.0013234936489342232,-0.00019643322935574477,0.006456675000517971,326.0169494465835,448.8859338289019,6.463264413770535,312.7939506815975,219.82956235661632,11.870427023527478,300.13250150965945,29.607435918096005,-2.329860661117995,3.3039120203943577,-2.7997544590303374
32109378,157.670000,6.574478,-10.064054,1021.37,1014.13,1015.35,1024.63,0.03,0.01,0.29,1.0,1.0,0.13,1399.41,0.11471344328662707,-0.10323152729252663,0.00040249052973762104,0.0019483199856284046,2.952218158892777e-05,0.0043471193289770695,326.02422427133644,448.8927257374968,6.4691698841564165,312.82344690800034,219.82649786904847,11.853934275084331,300.08220387328277,29.608182050231033,-2.274885438061424,3.2982304162456013,-2.764387113774109
32109478,157.770000,6.574296,-10.065706,1021.26,1014.15,1015.35,1024.59,0.03,0.01,0.3,1.0,1.0,0.14,1398.33,0.11475426047875567,-0.10299739295834363,0.00038022979942068443,0.0024295763355965134,0.0015462710705115104,0.01576803067455894,326.0429409467229,448.90069571013595,6.47748065230728,312.80656880868275,219.8269871719699,11.867584342280635,300.16333842504866,29.580856721059757,-2.3140111718607232,3.3069963435955207,-2.811864898480935
32109578,157.872000,6.573963,-10.068371,1021.21,1014.13,1015.36,1024.52,0.03,0.01,0.3,1.0,1.0,0.14,1398.44,0.11479465126582923,-0.10271462040834374,0.0005118137254364282,0.003681106262763734,0.0008360548258899676,0.010029860190263501,326.0214410851776,448.889921153303,6.482552400296187,312.8692827803332,219.82764421128064,11.908289097893086,300.26016764734084,29.579388158689962,-2.3872753146970678,3.286166110679939,-2.7804759923745115
32109678,157.970000,6.573935,-10.069515,1021.35,1014.09,1015.44,1024.52,0.03,0.01,0.3,1.0,1.0,0.14,1398.95,0.11483264468928585,-0.10240203416824577,0.0003490421171178109,0.0032621626626670973,-0.00301185068430161,-0.01430944038304805,326.0453468485466,448.8969055660833,6.4878958965783236,312.85515597462705,219.83068373448467,11.840947814690182,300.326611368725,29.603995609293644,-2.5077655515443995,3.2955912879750517,-2.8230598283407966
32109779,158.071000,6.573828,-10.071275,1021.3,1014.18,1015.28,1024.55,0.03,0.01,0.3,1.0,1.0,0.15,1399.11,0.11486433329551976,-0.10206827471380077,0.00029825293153617745,0.0033533373250125044,-0.0005125261378792548,0.00147373142347437,326.05055391240774,448.89721933219744,6.480650759533786,312.8311005652609,219.82797862422638,11.837268209718914,300.22925710142005,29.567984793430583,-2.34234979377502,3.3028429652144364,-2.8162432052512436
32109879,158.171000,6.573737,-10.073187,1021.35,1014.11,1015.38,1024.54,0.03,0.01,0.3,1.0,1.0,0.15,1399.36,0.11489088228941821,-0.10172051222224952,0.00025629584129182475,0.003526532171293559,-5.291239800590745e-05,-0.00036773653756211187,326.0264019384931,448.89891251097305,6.4856367914614435,312.8257279138998,219.83495615054986,11.873040761080295,300.10786283735916,29.601692579101144,-2.278891195814734,3.298237288307215,-2.7717108183946326
32109980,158.272000,6.573617,-10.074898,1021.33,1014.08,1015.29,1024.51,0.03,0.01,0.3,1.0,1.0,0.15,1399.57,0.11491635490260785,-0.10137022820931885,0.0002483486134418437,0.003485522518576048,-0.0003421606998705916,-0.002431138300081588,326.04403700646554,448.8975970650262,6.495469993637927,312.79003819021403,219.8287722355284,11.870408386263675,300.12403276798784,29.606663115708308,-2.331560687942221,3.311460868611665,-2.8134855016070146
32110079,158.372000,6.573556,-10.075677,1021.45,1014.15,1015.34,1024.54,0.03,0.01,0.29,1.0,1.0,0.15,1399.78,0.11493536298650575,-0.10110449412540597,0.00021436221496788142,0.002935996005953392,-0.0011122357225836837,-0.01838746104561735,326.0345064384754,448.8979065840552,6.466405196109204,312.8407835960499,219.82871492440557,11.938022532587617,300.1156085166812,29.597982222414462,-2.24728026477121,3.2964291666145766,-2.765851936256945
32110179,158.475000,6.573405,-10.077388,1021.31,1014.13,1015.37,1024.53,0.03,0.01,0.3,1.0,1.0,0.15,1398.64,0.11496278176697443,-0.1007552567935179,0.00022807480838027606,0.00290071797985792,-0.0001303924100751513,8.548338225896708e-05,326.04651642860966,448.89650526808236,6.493353043527038,312.839716929049,219.8265569699525,11.839133384733401,300.2299719837835,29.566083833141235,-2.3722146551224683,3.299678256299286,-2.8075542228989754
32110280,158.571000,6.573313,-10.078770,1021.34,1014.15,1015.43,1024.55,0.02,0.01,0.3,1.0,1.0,0.15,1398.23,0.1149759241800451,-0.10058104797865906,0.00025436318927530736,0.003412144652799397,-0.0006461710454320719,-0.005333831659980382,326.0449183754955,448.8969558273332,6.490940709367689,312.8468674392625,219.83610046392764,11.901283364743415,300.244713300406,29.56110502253728,-2.3872132487967854,3.297627890184139,-2.806017808857632
32110380,158.673000,6.573313,-10.078770,1021.29,1014.15,1015.35,1024.53,0.02,0.01,0.3,1.0,1.0,0.15,1397.52,0.1149759241800451,-0.10058104797865906,0.00025436318927530736,0.003412144652799397,-0.0006461710454320719,-0.005333831659980382,326.01355253894025,448.8849632939195,6.495532015955022,312.8407754375071,219.84081910500987,11.920725380093407,300.24898994809786,29.569237994060213,-2.352116602252232,3.2915665459821737,-2.796935970094146
32110480,158.772000,6.573313,-10.078770,1021.35,1014.18,1015.43,1024.5,0.02,0.01,0.3,1.0,1.0,0.16,1397.62,0.1149759241800451,-0.10058104797865906,0.00025436318927530736,0.003412144652799397,-0.0006461710454320719,-0.005333831659980382,326.01582535351963,448.8877018930999,6.495446160135964,312.82430069198716,219.83021209988425,11.857894106092113,300.16537766204544,29.58219696822237,-2.3077717662441968,3.2960491712790345,-2.7853028612882795
32110579,158.872000,6.573313,-10.078770,1021.32,1014.16,1015.32,1024.5,0.02,0.01,0.3,1.0,1.0,0.16,1396.98,0.1149759241800451,-0.10058104797865906,0.00025436318927530736,0.003412144652799397,-0.0006461710454320719,-0.005333831659980382,326.042720527432,448.8989071034082,6.501564997840655,312.80684901414526,219.82390552441873,11.849189825691887,300.1540530442411,29.58639801169037,-2.278140032811711,3.3081425879897672,-2.811117265973431
32110679,158.971000,6.573313,-10.078770,1021.39,1014.06,1015.44,1024.48,0.02,0.01,0.3,1.0,1.0,0.16,1397.33,0.1149759241800451,-0.10058104797865906,0.00025436318927530736,0.003412144652799397,-0.0006461710454320719,-0.005333831659980382,326.0170788591376,448.88822915312466,6.4646446469313545,312.8133786946395,219.82078970609757,11.895613693974004,300.1202654079686,29.5945790643116,-2.3124426021068163,3.29894165872368,-2.7804002533856482
32110780,159.070000,6.573313,-10.078770,1021.44,1014.16,1015.43,1024.5,0.02,0.01,0.29,1.0,1.0,0.16,1397.59,0.1149759241800451,-0.10058104797865906,0.00025436318927530736,0.003412144652799397,-0.0006461710454320719,-0.005333831659980382,326.0396493846382,448.90144345572304,6.511709613832488,312.8610000046024,219.8211680105948,11.910949936806505,300.14816698532275,29.612336061519983,-2.315182078825485,3.292512417175986,-2.7612802988699854
32110879,159.171000,6.573313,-10.078770,1021.38,1014.11,1015.23,1024.47,0.02,0.01,0.29,1.0,1.0,0.17,1398.14,0.1149759241800451,-0.10058104797865906,0.00025436318927530736,0.003412144652799397,-0.0006461710454320719,-0.005333831659980382,326.05063450936126,448.8980621959555,6.476282065085573,312.8292826960382,219.82800660034584,11.841356462730005,300.2487101570223,29.569501760718993,-2.379216751094286,3.3033045161852277,-2.8235144794839844
32110979,159.270000,6.573313,-10.078770,1021.38,1014.11,1015.23,1024.47,0.02,0.01,0.29,1.0,1.0,0.16,1398.14,0.1149759241800451,-0.10058104797865906,0.00025436318927530736,0.003412144652799397,-0.0006461710454320719,-0.005333831659980382,326.05063450936126,448.8980621959555,6.476282065085573,312.8292826960382,219.82800660034584,11.841356462730005,300.2487101570223,29.569501760718993,-2.379216751094286,3.3033045161852277,-2.8235144794839844
