ezloophw-py logger started on:,2026-3-25_131218
ctrl_params:,{'n_inputs': 2, 'bidirectional': True, 'u_offset': array([1020., 1020., 1020., 1020.]), 'u_max': 1350.0, 'cmd_separator': ',', 'cmd_bookends': ('<', '>')}
Timestamp (millisec since midnight today),Test time,u_t(0),u_t(1),MPRpressure_0,MPRpressure_1,MPRpressure_2,MPRpressure_3,ForcePlate_0,ForcePlate_1,ValveOpening_0,ValveOpening_1,ValveOpening_2,ValveOpening_3,RPRpressure_0,smoothed_q_0,smoothed_q_1,smoothed_dq_0,smoothed_dq_1,smoothed_ddq_0,smoothed_ddq_1,tagid_x_102,tagid_y_102,tagid_rotation102,tagid_x_103,tagid_y_103,tagid_rotation103,tagid_x_104,tagid_y_104,tagid_rotation104,theta_0,theta_1
47541630,0.000000,0.000000,0.000000,1027.19,1027.59,1028.52,1029.62,0.0,0.0,1.0,1.0,1.0,1.0,1404.31,0.0,0.0,0.0,0.0,0.0,0.0,0.0,0.0,0.0,0.0,0.0,0.0,0.0,0.0,0.0,0.0,0.0
47541729,0.000000,0.000000,0.000000,1027.21,1027.54,1028.62,1029.64,0.0,0.0,1.0,1.0,1.0,1.0,1403.77,0.0,0.0,0.0,0.0,0.0,0.0,0.0,0.0,0.0,0.0,0.0,0.0,0.0,0.0,0.0,0.0,0.0
47541829,0.100000,0.000000,0.000000,1027.35,1027.56,1028.66,1029.51,0.0,0.0,1.0,1.0,1.0,1.0,1403.21,0.0,0.0,0.0,0.0,0.0,0.0,0.0,0.0,0.0,0.0,0.0,0.0,0.0,0.0,0.0,0.0,0.0
47541929,0.199000,0.000000,0.000000,1027.21,1027.48,1028.58,1029.64,0.0,0.0,1.0,1.0,1.0,1.0,1402.74,0.0,0.0,0.0,0.0,0.0,0.0,0.0,0.0,0.0,0.0,0.0,0.0,0.0,0.0,0.0,0.0,0.0
47542029,0.300000,0.000000,0.000000,1027.18,1027.56,1028.71,1029.54,0.0,0.0,1.0,1.0,1.0,1.0,1402.26,0.0,0.0,0.0,0.0,0.0,0.0,0.0,0.0,0.0,0.0,0.0,0.0,0.0,0.0,0.0,0.0,0.0
47542129,0.400000,0.000000,0.000000,1027.22,1027.5,1028.55,1029.6,0.0,0.0,1.0,1.0,1.0,1.0,1401.68,0.0,0.0,0.0,0.0,0.0,0.0,326.0927743650684,448.73562444678555,6.587004284843468,328.59640484141954,219.48011183272092,5.439308949243775,335.16152453495994,27.854141812998563,-7.777877263447214,-0.625685096655625,-0.7108199185867266
47542229,0.502000,0.000000,0.000000,1027.26,1027.51,1028.75,1029.58,0.0,0.0,1.0,1.0,1.0,1.0,1401.14,0.0,0.0,0.0,0.0,0.0,0.0,326.0927743650684,448.73562444678555,6.587004284843468,328.59640484141954,219.48011183272092,5.439308949243775,335.16152453495994,27.854141812998563,-7.777877263447214,-0.625685096655625,-0.7108199185867266
47542329,0.606000,0.000000,0.000000,1027.21,1027.56,1028.67,1029.6,0.0,0.0,1.0,1.0,1.0,1.0,1400.58,0.0,0.0,0.0,0.0,0.0,0.0,326.0717877443883,448.8018888657858,6.630414275317305,328.56013523146885,219.48268119544267,5.506451563652482,335.16479020515186,27.85075955629346,-7.760501184542725,-0.6216932943645489,-0.7305492912110807
47542429,0.702000,0.000000,0.000000,1027.25,1027.56,1028.57,1029.66,0.0,0.0,1.0,1.0,1.0,1.0,1400.09,0.0,0.0,0.0,0.0,0.0,0.0,326.10427729823346,448.73228348652304,6.586850166961438,328.53146007077504,219.46348402194877,5.525223628454823,335.1715277357992,27.85009513536332,-7.763217489070487,-0.6065462646840383,-0.7716105031363671
47542529,0.802000,0.000000,0.000000,1027.27,1027.55,1028.79,1029.57,0.0,0.0,1.0,1.0,1.0,1.0,1399.62,0.0,0.0,0.0,0.0,0.0,0.0,326.0716873609653,448.78691227493266,6.637329985749166,328.5633641733756,219.4768011121957,5.48867638726603,335.13715664341584,27.862775851227607,-7.79525392848238,-0.622549726700555,-0.7198031407500163
47542630,0.901000,0.000000,0.000000,1027.19,1027.6,1028.65,1029.64,0.0,0.0,1.0,1.0,1.0,1.0,1399.21,0.0,0.0,0.0,0.0,0.0,0.0,326.1083185979966,448.7295908545945,6.598637746055396,328.566827665629,219.4816759118854,5.515581334331105,335.1678557746511,27.853238685914615,-7.772836367344429,-0.6144299882735872,-0.744028642081823
47542729,1.002000,0.000000,0.000000,1027.15,1027.53,1028.7,1029.58,0.0,0.0,1.0,1.0,1.0,1.0,1398.75,0.0,0.0,0.0,0.0,0.0,0.0,326.1045103697004,448.72487302244394,6.595361408664573,328.5645460397891,219.48140311217074,5.543148601678466,335.15348196420837,27.86016730869096,-7.74821334221784,-0.6148234073948177,-0.7397045389494639
47542830,1.101000,0.000000,0.000000,1027.3,1027.51,1028.69,1029.62,0.0,0.0,1.0,1.0,1.0,1.0,1398.81,0.0,0.0,0.0,0.0,0.0,0.0,326.10121954828185,448.7745184741262,6.439946992355427,328.5489071151326,219.45419932063956,5.508142148427762,335.17528153284326,27.856857402471903,-7.746416722655462,-0.6115325595058737,-0.7577140436046763
47542929,1.201000,0.000000,0.000000,1027.23,1027.56,1028.7,1029.61,0.0,0.0,1.0,1.0,1.0,1.0,1399.05,0.0,0.0,0.0,0.0,0.0,0.0,326.1032809643343,448.7355261620066,6.60642734983935,328.5518582008486,219.4560527250842,5.533489827440731,335.15717835352405,27.856544701159468,-7.777944956284625,-0.61186379323123,-0.7507406459956787
47543030,1.301000,0.000000,0.000000,1027.2,1027.55,1028.72,1029.58,0.0,0.0,1.0,1.0,1.0,1.0,1399.25,0.0,0.0,0.0,0.0,0.0,0.0,326.09895738640336,448.72549161182303,6.572069123765668,328.55398408678616,219.45472531920055,5.51876564736698,335.16336107940157,27.855201286001172,-7.770479080941271,-0.6134985938335706,-0.7486825933437382
47543130,1.401000,0.000000,0.000000,1027.24,1027.62,1028.65,1029.61,0.0,0.0,1.0,1.0,1.0,1.0,1399.41,0.0,0.0,0.0,0.0,0.0,0.0,326.10598916581495,448.7314504684141,6.595112425349774,328.56034473643194,219.4853776860441,5.510075136273171,335.1563566599228,27.86837189651088,-7.771809720678458,-0.6133969553679292,-0.7447141899215171
47543229,1.501000,0.000000,0.000000,1027.19,1027.58,1028.69,1029.58,0.0,0.0,1.0,1.0,1.0,1.0,1399.62,0.0,0.0,0.0,0.0,0.0,0.0,326.11197392331496,448.7257297684722,6.585944397691119,328.5494855646491,219.45724563980102,5.559392642099589,335.1610338241218,27.852984625327917,-7.77068389064707,-0.6091280640987164,-0.7580233533802203
47543330,1.600000,0.000000,0.000000,1027.17,1027.46,1028.64,1029.54,0.0,0.0,1.0,1.0,1.0,1.0,1399.57,0.0,0.0,0.0,0.0,0.0,0.0,326.07517905444604,448.7940745050443,6.61810464009264,328.55625774678333,219.48704552227096,5.507994933260698,335.15388141744455,27.859556663498307,-7.7625929768971185,-0.6199103069216595,-0.7320610545817416
47543429,1.701000,0.000000,0.000000,1027.17,1027.52,1028.71,1029.57,0.0,0.0,1.0,1.0,1.0,1.0,1399.9,0.0,0.0,0.0,0.0,0.0,0.0,326.1082726340101,448.7201953196931,6.58382452003776,328.56738692072764,219.48046471000916,5.50930207510331,335.1659034071018,27.866626354626693,-7.765043521914864,-0.6146031730191961,-0.7430823384743452
47543529,1.801000,0.000000,0.000000,1027.21,1027.49,1028.69,1029.54,0.0,0.0,1.0,1.0,1.0,1.0,1399.9,0.0,0.0,0.0,0.0,0.0,0.0,326.0634891607179,448.79227652884373,6.617354017156912,328.55849293840447,219.4903143532129,5.496816061156486,335.16352484180817,27.85374963815323,-7.766584404439407,-0.6234030612379302,-0.7271945309844772
47543629,1.902000,0.000000,0.000000,1027.2,1027.51,1028.74,1029.52,0.0,0.0,1.0,1.0,1.0,1.0,1399.83,0.0,0.0,0.0,0.0,0.0,0.0,326.05975188359827,448.7745708118514,6.654382277478973,328.5458703685389,219.44709493904048,5.536036199070848,335.1735420212544,27.850157267518508,-7.728022718341502,-0.6211140472590724,-0.7389427098599985
47543729,2.002000,0.000000,0.000000,1027.25,1027.64,1028.63,1029.48,-0.0,0.0,1.0,1.0,1.0,1.0,1400.11,0.0,0.0,0.0,0.0,0.0,0.0,326.09253511855724,448.7264131350223,6.564882188805549,328.5565240088517,219.48892802231322,5.5024358448691695,335.16168025347235,27.860299775138607,-7.752438706564888,-0.6158274143125221,-0.7424646482633217
47543829,2.102000,0.000000,0.000000,1027.2,1027.59,1028.73,1029.52,-0.0,0.0,1.0,1.0,1.0,1.0,1400.13,0.0,0.0,0.0,0.0,0.0,0.0,325.80111932735446,448.6364544607454,6.278364100085164,328.1390397275524,218.55352228275012,5.371537950076743,334.9065983237341,26.915425121989315,-8.047291727928293,-0.5821742645819828,-0.8581693471160567
47543930,2.201000,0.000000,0.000000,1027.25,1027.73,1028.69,1029.42,-0.0,0.0,1.0,1.0,1.0,1.0,1400.11,0.0,0.0,0.0,0.0,0.0,0.0,325.6561586083188,449.3216099123814,6.578812733328512,328.14528345537497,218.381783592368,5.4517906102060785,334.84349404580445,25.623853800691414,-8.086126832374658,-0.617523744054119,-0.7551421560438905
47544030,2.302000,0.000000,0.000000,1027.21,1027.57,1028.63,1029.53,-0.0,0.0,1.0,1.0,1.0,1.0,1400.13,0.0,0.0,0.0,0.0,0.0,0.0,325.92371182438546,450.0354317938243,6.514166809291188,328.15083843181213,218.37989491241464,5.259775414562884,334.8691488955591,25.523856185744044,-7.939342105187166,-0.5506153643434488,-0.8939115616571864
47544130,2.402000,0.000000,0.000000,1027.27,1027.62,1028.73,1029.48,-0.0,0.0,1.0,1.0,1.0,1.0,1400.11,0.0,0.0,0.0,0.0,0.0,0.0,325.66696625256446,449.2547632897395,6.622813606972174,328.12693675228485,218.43674420322836,5.458246687983926,334.8691488955591,25.523856185744044,-7.939342105187166,-0.5506153643434488,-0.8939115616571864
47544229,2.502000,0.000000,0.000000,1027.35,1027.59,1028.68,1029.61,-0.0,0.0,1.0,1.0,1.0,1.0,1400.2,0.0,0.0,0.0,0.0,0.0,0.0,325.6801507468692,448.7581760460754,6.398539040865069,328.14882892321117,218.44705143041787,5.408342396504004,334.93206781495485,26.224673444585427,-7.957757217053991,-0.6141232822047064,-0.7927967618521989
47544329,2.601000,0.000000,0.000000,1027.26,1027.55,1028.69,1029.53,-0.0,0.0,1.0,1.0,1.0,1.0,1400.09,0.0,0.0,0.0,0.0,0.0,0.0,325.6621183140555,448.34137476675414,6.327057149093597,328.15766513508225,218.58661494342394,5.370138169140968,334.88895123825375,26.770044733474144,-8.006017590420559,-0.622309970472859,-0.7651964446450354
47544429,2.701000,0.000000,0.000000,1027.29,1027.63,1028.68,1029.5,-0.0,0.0,1.0,1.0,1.0,1.0,1400.17,0.0,0.0,0.0,0.0,0.0,0.0,325.83679332935776,448.34650017296445,6.466836915395496,328.18362559051656,218.84925866760003,5.462364613905086,334.9618067578245,27.196446586572286,-8.002835909195882,-0.5858845894057839,-0.853765260936638
47544529,2.801000,0.000000,0.000000,1027.29,1027.59,1028.68,1029.51,-0.0,0.0,1.0,1.0,1.0,1.0,1400.12,0.0,0.0,0.0,0.0,0.0,0.0,325.8995653991542,448.7340826605574,6.319646344222096,328.27589076006524,219.1568581061213,5.502786455090576,334.9520560612019,27.600574995869437,-7.968661273371089,-0.5930403243874363,-0.8099975984433729
47544629,2.901000,0.000000,0.000000,1027.32,1027.58,1028.6,1029.55,-0.0,0.0,1.0,1.0,1.0,1.0,1400.11,0.0,0.0,0.0,0.0,0.0,0.0,326.05311789939304,448.7590125630875,6.591704341627957,328.5484706241304,219.38595785920435,5.462467313404912,335.1806306370327,27.846209928141963,-7.746724583418382,-0.623297011396771,-0.7365088540097326
47544729,3.006000,0.000000,0.000000,1027.28,1027.56,1028.68,1029.53,-0.01,0.0,1.0,1.0,1.0,1.0,1400.08,0.0,0.0,0.0,0.0,0.0,0.0,326.07227353186624,448.7684880588114,6.594918316446192,328.55133660192337,219.44027535317886,5.507171695612772,335.1887727951349,27.85121236266024,-7.681277743705907,-0.6193495205852807,-0.7454697731884947
47544829,3.100000,0.000000,0.000000,1027.33,1027.57,1028.73,1029.58,-0.0,0.0,1.0,1.0,1.0,1.0,1400.14,0.0,0.0,0.0,0.0,0.0,0.0,326.05737130033106,448.7687659737001,6.617945888836588,328.53281085990795,219.45059333912462,5.537841821172082,335.16363425922907,27.84760229680642,-7.787695830683521,-0.6184713965299562,-0.7451068215081269
47544930,3.201000,0.000000,0.000000,1027.24,1027.64,1028.68,1029.55,-0.0,0.0,1.0,1.0,1.0,1.0,1400.33,0.0,0.0,0.0,0.0,0.0,0.0,326.0585413507137,448.76188598867384,6.6017968439036725,328.5104178991324,219.42819111161253,5.464731636603674,335.1545334425748,27.853044552382396,-7.764105824266677,-0.6125433333952033,-0.7612214112616578
47545029,3.301000,0.000000,0.000000,1027.33,1027.55,1028.71,1029.58,-0.01,0.0,1.0,1.0,1.0,1.0,1400.19,0.0,0.0,0.0,0.0,0.0,0.0,326.060811215498,448.76703229753775,6.627727644008848,328.5931852517638,219.358040247061,5.593056818692941,335.154177214476,27.84812714607572,-7.770178011573758,-0.6324444834780832,-0.6972558388634253
47545129,3.401000,0.000000,0.000000,1027.36,1027.59,1028.62,1029.57,-0.01,0.0,1.0,1.0,1.0,1.0,1400.25,0.0,0.0,0.0,0.0,0.0,0.0,326.0597071102345,448.7760803129616,6.604148461867284,328.58645317529204,219.35221406768957,5.580710373860395,335.14387932012414,27.84362675189379,-7.767571038086156,-0.6309981381351267,-0.6990965266986875
47545229,3.505000,0.000000,0.000000,1027.26,1027.59,1028.68,1029.56,-0.0,0.0,1.0,1.0,1.0,1.0,1400.28,0.0,0.0,0.0,0.0,0.0,0.0,326.06568038647134,448.7648815624305,6.608494158485303,328.5957733601616,219.35814912274603,5.5852253798131715,335.14842338312616,27.85489227322287,-7.7800792867892765,-0.6318810719987596,-0.6959579094701334
47545329,3.601000,0.000000,0.000000,1027.32,1027.63,1028.64,1029.54,-0.0,0.0,1.0,1.0,1.0,1.0,1400.07,0.0,0.0,0.0,0.0,0.0,0.0,326.10140059329643,448.7092723409925,6.580651411060144,328.55394987246217,219.39299357910684,5.444958387397215,335.1560662037186,27.852518755791664,-7.771579618449898,-0.6127579171043623,-0.7486032259364139
47545430,3.702000,0.000000,0.000000,1027.28,1027.6,1028.71,1029.55,-0.0,0.0,1.0,1.0,1.0,1.0,1400.0,0.0,0.0,0.0,0.0,0.0,0.0,326.0551420585536,448.7641504220588,6.628004479305626,328.5633289109724,219.38531706389614,5.431151068330833,335.1516634173541,27.848385848881776,-7.770465252240527,-0.6264867231151094,-0.7170643367374088
47545530,3.800000,0.000000,0.000000,1027.22,1027.55,1028.68,1029.63,-0.0,0.0,1.0,1.0,1.0,1.0,1400.11,0.0,0.0,0.0,0.0,0.0,0.0,326.04175639287246,448.79648505101585,6.495383531807101,328.5133189839546,219.44515392882192,5.483777000122799,335.1559839462741,27.848293693945813,-7.766659361273187,-0.617413569306036,-0.7508227455685625
47545629,3.903000,0.000000,0.000000,1027.24,1027.57,1028.73,1029.62,-0.0,0.0,1.0,1.0,1.0,1.0,1400.13,0.0,0.0,0.0,0.0,0.0,0.0,326.09721883540163,448.71314152577486,6.572618002199625,328.5101991480806,219.44021919024556,5.480811078908651,335.14488967991286,27.857997950877625,-7.791533920239399,-0.6029865295426007,-0.7774464062512394
47545729,4.000000,0.000000,0.000000,1027.25,1027.61,1028.67,1029.58,0.0,0.0,1.0,1.0,1.0,1.0,1400.18,0.0,0.0,0.0,0.0,0.0,0.0,326.05754680019436,448.76362298704623,6.629891960355393,328.54520161259205,219.44506302252375,5.537648465755143,335.1614890095504,27.84627287847244,-7.77529191017421,-0.6215220041645683,-0.7347073656178174
47545830,4.101000,0.000000,0.000000,1027.24,1027.53,1028.66,1029.58,0.0,0.0,1.0,1.0,1.0,1.0,1400.25,0.0,0.0,0.0,0.0,0.0,0.0,326.07743795645445,448.7695832218399,6.620408385809111,328.591123735147,219.3560000608122,5.606854172168688,335.15592215555256,27.855530693322187,-7.748081227554735,-0.6277650213295753,-0.7078489825798604
47545930,4.201000,0.000000,0.000000,1027.18,1027.56,1028.6,1029.66,-0.0,0.0,1.0,1.0,1.0,1.0,1400.15,0.0,0.0,0.0,0.0,0.0,0.0,326.0593517484542,448.77382052278494,6.617283754297091,328.54692041567165,219.4458812627157,5.504204494470873,335.1550679028552,27.851801861924734,-7.76046648515682,-0.62147506633445,-0.7324185039142372
47546030,4.301000,0.000000,0.000000,1027.21,1027.57,1028.58,1029.66,-0.0,0.0,1.0,1.0,1.0,1.0,1400.13,0.0,0.0,0.0,0.0,0.0,0.0,326.0728016104213,448.8003924471292,6.523132612968838,328.54385005295126,219.44706612458242,5.539187942725373,335.1590532141793,27.849488768023313,-7.785752993737383,-0.6172797718540184,-0.7428804929754032
47546129,4.401000,0.000000,0.000000,1027.26,1027.51,1028.69,1029.58,-0.0,0.0,1.0,1.0,1.0,1.0,1400.24,0.0,0.0,0.0,0.0,0.0,0.0,326.0617937566356,448.767226734053,6.62537390475595,328.55541951950676,219.3942211475948,5.435439840531554,335.15155547144525,27.848305806669824,-7.768871034384336,-0.6228658128236416,-0.7265446595991376
47546229,4.501000,0.000000,0.000000,1027.22,1027.59,1028.68,1029.64,-0.0,0.0,1.0,1.0,1.0,1.0,1400.09,0.0,0.0,0.0,0.0,0.0,0.0,326.05435503387895,448.7760136944233,6.630438529710861,328.5832764328349,219.3607357635858,5.571431088037991,335.15779424164697,27.852499782928604,-7.764992953826684,-0.6315649752459015,-0.7030739584012482
47546329,4.601000,0.000000,0.000000,1027.35,1027.48,1028.65,1029.61,-0.0,0.0,1.0,1.0,1.0,1.0,1400.11,0.0,0.0,0.0,0.0,0.0,0.0,326.04988866346065,448.8082225815556,6.5050147682487705,328.5351729465326,219.4518153990085,5.530735865639904,335.1559637644865,27.85413416315145,-7.785475990170069,-0.6208273368540663,-0.7374532452931082
47546430,4.702000,0.000000,0.000000,1027.18,1027.49,1028.61,1029.56,-0.0,0.0,1.0,1.0,1.0,1.0,1400.1,0.0,0.0,0.0,0.0,0.0,0.0,326.05555346317766,448.77802753431325,6.618463761930973,328.54699016486956,219.4521183493052,5.537775901790508,335.15128663773453,27.839005045726825,-7.738716143374013,-0.6224468600529207,-0.7291286928664471
47546529,4.800000,0.000000,0.000000,1027.21,1027.47,1028.74,1029.63,-0.0,0.0,1.0,1.0,1.0,1.0,1400.12,0.0,0.0,0.0,0.0,0.0,0.0,326.0985169748633,448.7070749882759,6.587451791711529,328.55110467113417,219.3915261646885,5.4297127344247595,335.1506677124153,27.85367667974867,-7.769471485094575,-0.6127694650679198,-0.7478442933513183
47546629,4.901000,0.000000,0.000000,1027.16,1027.59,1028.65,1029.53,-0.0,0.0,1.0,1.0,1.0,1.0,1400.12,0.0,0.0,0.0,0.0,0.0,0.0,326.10044284311766,448.71092337330685,6.578058597423069,328.59609345592884,219.3610928939289,5.58462232484178,335.14482501665145,27.849645901285616,-7.760747214170876,-0.6234345312563719,-0.7115963043282121
47546729,5.000000,0.000000,0.000000,1027.18,1027.49,1028.57,1029.54,-0.0,0.0,1.0,1.0,1.0,1.0,1400.12,0.0,0.0,0.0,0.0,0.0,0.0,326.06508410680283,448.77383425855743,6.600528342972605,328.5440859278845,219.44570039802377,5.514788991785101,335.16499348185806,27.850696362236427,-7.772531795304244,-0.6193344327335232,-0.7405015539004707
47546829,5.100000,0.000000,0.000000,1027.24,1027.51,1028.74,1029.66,-0.0,0.0,1.0,1.0,1.0,1.0,1400.22,0.0,0.0,0.0,0.0,0.0,0.0,326.03842991190504,448.7857247619321,6.572687100214001,328.5547631485712,219.3918005959377,5.440378854793007,335.1495956368489,27.842217501692513,-7.767104794006593,-0.6284799930943624,-0.7148891373930584
47546930,5.201000,0.000000,0.000000,1027.14,1027.61,1028.66,1029.69,-0.0,0.0,1.0,1.0,1.0,1.0,1400.18,0.0,0.0,0.0,0.0,0.0,0.0,326.064525802515,448.7641028883658,6.589961116223881,328.53289705388477,219.44771403710075,5.507018827549723,335.16828833958147,27.856926465492283,-7.7635906280474405,-0.6167103621574671,-0.7501194414117744
47547029,5.301000,0.000000,0.000000,1027.14,1027.51,1028.65,1029.67,-0.01,0.0,1.0,1.0,1.0,1.0,1400.22,0.0,0.0,0.0,0.0,0.0,0.0,326.0422478235809,448.78035884466567,6.582941914802439,328.54058127828375,219.44509823553133,5.501720693758545,335.1538231229386,27.85749574871941,-7.7532107782219555,-0.6241443215426038,-0.7286684169370794
47547129,5.401000,0.000000,0.000000,1027.22,1027.54,1028.63,1029.6,-0.01,0.01,1.0,1.0,1.0,1.0,1400.14,0.0,0.0,0.0,0.0,0.0,0.0,326.05538023578265,448.76664431596913,6.6273453161398725,328.5928302864032,219.35822121603914,5.599928070181136,335.1553214176785,27.84984946540956,-7.777899196370359,-0.633713654373895,-0.6951812746952373
47547229,5.501000,0.000000,0.000000,1027.21,1027.53,1028.64,1029.62,-0.01,0.0,1.0,1.0,1.0,1.0,1400.14,0.0,0.0,0.0,0.0,0.0,0.0,326.0645937905709,448.7659012706836,6.621282296540179,328.59268236426425,219.3587104684047,5.575959767000771,335.20290862832405,27.865927550453087,-7.70655533846798,-0.631379259868198,-0.7142754677250118
47547329,5.601000,0.000000,0.000000,1027.16,1027.49,1028.74,1029.61,-0.01,0.0,1.0,1.0,1.0,1.0,1400.17,0.0,0.0,0.0,0.0,0.0,0.0,326.0653271219243,448.77354731910077,6.606181871056874,328.53019183442217,219.47032994440517,5.5605546984318295,335.16354188273914,27.851830167177745,-7.771429392691619,-0.6158697098703036,-0.7509044931154283
47547429,5.701000,0.000000,0.000000,1027.17,1027.57,1028.71,1029.58,-0.01,0.01,1.0,1.0,1.0,1.0,1400.15,0.0,0.0,0.0,0.0,0.0,0.0,326.05332717144546,448.80021228104044,6.500639491008745,328.5404799411694,219.45875739014068,5.54211578559103,335.15724479867896,27.854915686603967,-7.76706586183039,-0.6213345538516192,-0.7351727711950105
47547529,5.801000,0.000000,0.000000,1027.26,1027.54,1028.65,1029.67,-0.01,0.01,1.0,1.0,1.0,1.0,1400.2,0.0,0.0,0.0,0.0,0.0,0.0,326.05802905625967,448.7661755743529,6.630146180476452,328.55247133604314,219.40166471384188,5.410116544220662,335.1578945239713,27.84579133541557,-7.760214945724137,-0.6230928230942102,-0.7287627776465233
47547630,5.901000,0.000000,0.000000,1027.15,1027.6,1028.63,1029.58,-0.01,0.01,1.0,1.0,1.0,1.0,1400.12,0.0,0.0,0.0,0.0,0.0,0.0,326.0924068504823,448.7184445302696,6.596206672216833,328.54163885919286,219.44564343327312,5.503118266193915,335.15741312411166,27.846585501290775,-7.778186487892124,-0.612045208804402,-0.7535049300830707
47547730,6.001000,0.000000,0.000000,1027.19,1027.53,1028.7,1029.57,-0.01,0.01,1.0,1.0,1.0,1.0,1400.15,0.0,0.0,0.0,0.0,0.0,0.0,326.0962924018208,448.7079179166109,6.571700153636481,328.5229036373714,219.45656762622536,5.5356026399015965,335.1516012560105,27.848880599797496,-7.775155725794586,-0.606449602015091,-0.7684669678762837
47547829,6.100000,0.000000,0.000000,1027.14,1027.46,1028.7,1029.56,-0.01,0.01,1.0,1.0,1.0,1.0,1400.12,0.0,0.0,0.0,0.0,0.0,0.0,326.0577306601756,448.77143568058494,6.6157196578300494,328.55929940364615,219.4697936258615,5.53593189544175,335.1502562388573,27.85166599817754,-7.766070429315432,-0.6250441298853009,-0.7198985721624735
47547929,6.201000,0.000000,0.000000,1027.13,1027.53,1028.67,1029.44,-0.01,0.01,1.0,1.0,1.0,1.0,1400.07,0.0,0.0,0.0,0.0,0.0,0.0,326.0588673826303,448.77530987812287,6.628029151046777,328.54118664724746,219.45221578253253,5.548274238072771,335.1560449313575,27.858571779374653,-7.7671609453475545,-0.6201768002760492,-0.7370239879182676
47548029,6.301000,0.000000,0.000000,1027.28,1027.49,1028.49,1029.58,-0.01,0.01,1.0,1.0,1.0,1.0,1400.22,0.0,0.0,0.0,0.0,0.0,0.0,326.09548994822427,448.70547056632097,6.568864354828538,328.50110870692924,219.43562970102641,5.507559758049421,335.16614215184507,27.854211947592077,-7.765180013139962,-0.6011551440836767,-0.7901811486833592
47548130,6.401000,0.000000,0.000000,1027.17,1027.5,1028.69,1029.61,-0.01,0.01,1.0,1.0,1.0,1.0,1400.2,0.0,0.0,0.0,0.0,0.0,0.0,326.09840548853543,448.7083803775338,6.583974033738622,328.5528237425248,219.4055869409523,5.416306982140612,335.1640770855115,27.850911479165564,-7.762885775898811,-0.613260897112964,-0.7501807509397598
47548230,6.501000,0.000000,0.000000,1027.23,1027.56,1028.61,1029.59,-0.01,0.01,1.0,1.0,1.0,1.0,1400.18,0.0,0.0,0.0,0.0,0.0,0.0,326.0384325269396,448.79568529294505,6.61483087976559,328.53396482618126,219.4557493687608,5.534633330352849,335.153072113514,27.84904586212074,-7.744818325058658,-0.6234318716884627,-0.731648235911643
47548330,6.602000,0.000000,0.000000,1027.25,1027.48,1028.76,1029.51,-0.01,0.01,1.0,1.0,1.0,1.0,1400.0,0.0,0.0,0.0,0.0,0.0,0.0,326.0618937451679,448.771979881526,6.6204424042599825,328.5450246979889,219.44470050215634,5.535936191138077,335.15008077147445,27.8566452939643,-7.744985510102612,-0.6203682534916243,-0.7337707814600838
47548431,6.702000,0.000000,0.000000,1027.24,1027.5,1028.67,1029.6,-0.01,0.0,1.0,1.0,1.0,1.0,1400.13,0.0,0.0,0.0,0.0,0.0,0.0,326.06052636447487,448.76277566482077,6.623923196939173,328.5735815262211,219.36071451949314,5.560064930846422,335.1581130582636,27.85087989810869,-7.7691594924864855,-0.6276390642514771,-0.7139017470212479
47548530,6.803000,0.000000,0.000000,1027.19,1027.63,1028.72,1029.49,-0.01,0.0,1.0,1.0,1.0,1.0,1399.98,0.0,0.0,0.0,0.0,0.0,0.0,326.05874810808984,448.7698310931667,6.594534367414075,328.58987164180826,219.36107219383092,5.592033124474771,335.15823291911244,27.84755570828182,-7.7932464506853,-0.6321328460750445,-0.7000443407957515
47548631,6.902000,0.000000,0.000000,1027.24,1027.5,1028.75,1029.66,-0.01,-0.0,1.0,1.0,1.0,1.0,1400.15,0.0,0.0,0.0,0.0,0.0,0.0,326.062398666478,448.7618546773468,6.602235647276611,328.5961839737195,219.3565386028303,5.586455172316166,335.14740602997944,27.84696106000594,-7.753135706512506,-0.632807049944993,-0.6936146050678051
47548730,7.003000,0.000000,0.000000,1027.21,1027.54,1028.48,1029.57,-0.01,-0.0,1.0,1.0,1.0,1.0,1400.12,0.0,0.0,0.0,0.0,0.0,0.0,326.0601001022918,448.7648673097644,6.631201615403376,328.54165916787554,219.45325095297642,5.517413559982556,335.1616298153432,27.86125521402574,-7.750428404760924,-0.6200179185603751,-0.7388857849473398
47548831,7.103000,0.000000,0.000000,1027.12,1027.52,1028.65,1029.54,-0.01,-0.0,1.0,1.0,1.0,1.0,1400.19,0.0,0.0,0.0,0.0,0.0,0.0,326.03622570179374,448.7780542045143,6.614827452350095,328.53661676997984,219.44550768616836,5.4885216447613026,335.1583763585511,27.84732338269612,-7.753037164969646,-0.6246657146877386,-0.7300606542394266
47548931,7.203000,0.000000,0.000000,1027.21,1027.62,1028.71,1029.5,-0.01,-0.0,1.0,1.0,1.0,1.0,1400.19,0.0,0.0,0.0,0.0,0.0,0.0,326.0656975745075,448.76951405815686,6.591057122739114,328.5448899271466,219.4476498127345,5.535691975965753,335.1656579938311,27.857280402244914,-7.772095140084908,-0.6193989624046736,-0.7403786687611316
47549030,7.303000,0.000000,0.000000,1027.2,1027.47,1028.67,1029.58,-0.01,-0.0,1.0,1.0,1.0,1.0,1400.2,0.0,0.0,0.0,0.0,0.0,0.0,326.05031609827716,448.7658277993994,6.595492896249622,328.59641291501396,219.36493729887727,5.588454121779075,335.1481646547902,27.855005881131174,-7.786169742932839,-0.6358938355890608,-0.6875957013350169
47549131,7.403000,0.000000,0.000000,1027.23,1027.5,1028.67,1029.52,-0.01,-0.0,1.0,1.0,1.0,1.0,1400.2,0.0,0.0,0.0,0.0,0.0,0.0,326.0959759749934,448.7100019246928,6.5696879141435645,328.5582437448591,219.39544160970013,5.440825665910463,335.1628612477226,27.851007659634092,-7.793286816876172,-0.6151904598637803,-0.7444446441552217
47549233,7.503000,0.000000,0.000000,1027.22,1027.57,1028.68,1029.59,-0.01,-0.0,1.0,1.0,1.0,1.0,1400.09,0.0,0.0,0.0,0.0,0.0,0.0,326.0539559161307,448.7646352794933,6.605704095250185,328.54112178530374,219.45255289855615,5.541159192374471,335.15407957502276,27.85076646959307,-7.768344676867932,-0.6214174067872037,-0.7338911704186977
47549336,7.604000,0.000000,0.000000,1027.37,1027.63,1028.74,1029.47,-0.01,-0.0,1.0,1.0,1.0,1.0,1400.09,0.0,0.0,0.0,0.0,0.0,0.0,326.0620690503722,448.7747399765335,6.592371765093016,328.54373616256186,219.45008102087348,5.512703123403403,335.1590003040327,27.848582718123733,-7.7691218417647026,-0.6200096502645985,-0.7373985153984832
47549436,7.708000,0.000000,0.000000,1027.23,1027.55,1028.64,1029.65,-0.01,-0.0,1.0,1.0,1.0,1.0,1400.0,0.0,0.0,0.0,0.0,0.0,0.0,326.0579949063519,448.77601884212874,6.618155183769798,328.5409603346921,219.45475528960105,5.5367878352077655,335.15260149574567,27.84543227364591,-7.754228758037266,-0.6203431751103672,-0.7355687094829939
47549535,7.811000,0.000000,0.000000,1027.27,1027.61,1028.67,1029.59,-0.01,-0.0,1.0,1.0,1.0,1.0,1400.04,0.0,0.0,0.0,0.0,0.0,0.0,326.0638160396667,448.770889310373,6.603123651407711,328.5462839336298,219.46964606060212,5.506606372490301,335.1530456345028,27.862863049148853,-7.7642654035118674,-0.620273028124753,-0.7342778196919701
47549636,7.909000,0.000000,0.000000,1027.22,1027.63,1028.7,1029.49,-0.01,-0.0,1.0,1.0,1.0,1.0,1400.07,0.0,0.0,0.0,0.0,0.0,0.0,326.0601364355161,448.77384539411287,6.617691965153351,328.535992820592,219.45179351305305,5.507328393772062,335.2004258529081,27.860377802200958,-7.716028474478974,-0.6185650662929997,-0.7550780748778279
47549736,8.008000,0.000000,0.000000,1027.24,1027.62,1028.71,1029.55,-0.01,-0.0,1.0,1.0,1.0,1.0,1400.16,0.0,0.0,0.0,0.0,0.0,0.0,326.0693045938194,448.7918917685047,6.512408222290958,328.59753770402074,219.36047003134314,5.584289475187796,335.16103780622535,27.854807140120446,-7.762965225437572,-0.6313486740621296,-0.7002404905056407
47549835,8.107000,0.000000,0.000000,1027.24,1027.53,1028.63,1029.55,-0.01,-0.0,1.0,1.0,1.0,1.0,1400.16,0.0,0.0,0.0,0.0,0.0,0.0,326.0673649936321,448.7850273057439,6.606951157650121,328.51236481995187,219.4402609257875,5.464395916943039,335.1575102469276,27.850455730484622,-7.755510870996845,-0.6108278913820577,-0.7648080647624065
47549936,8.207000,0.000000,0.000000,1027.31,1027.51,1028.59,1029.56,-0.01,-0.0,1.0,1.0,1.0,1.0,1400.08,0.0,0.0,0.0,0.0,0.0,0.0,326.05797905858384,448.76811018301277,6.599862693998159,328.5344313365832,219.4575661206603,5.559337273809344,335.15754049932997,27.85359594798566,-7.724747826821645,-0.6187449793041284,-0.7422454855717806
47550036,8.308000,0.000000,0.000000,1027.29,1027.62,1028.58,1029.67,-0.01,-0.0,1.0,1.0,1.0,1.0,1400.1,0.0,0.0,0.0,0.0,0.0,0.0,326.04393788362546,448.8029662639515,6.497146451461633,328.5877613772537,219.35839568154174,5.586043252059474,335.15623747966475,27.8539422096388,-7.763853661534157,-0.6210023992602923,-0.7224324371307456
47550138,8.408000,0.000000,0.000000,1027.28,1027.55,1028.7,1029.62,-0.01,0.0,1.0,1.0,1.0,1.0,1400.2,0.0,0.0,0.0,0.0,0.0,0.0,326.1093092206372,448.71120585153625,6.505581666883782,328.5204750338344,219.42221786651032,5.807564642279614,335.15230170920466,27.84984791558084,-7.748378716952346,-0.6024909178067636,-0.7776840410502561
47550239,8.510000,0.000000,0.000000,1027.17,1027.48,1028.56,1029.59,-0.01,0.0,1.0,1.0,1.0,1.0,1400.02,0.0,0.0,0.0,0.0,0.0,0.0,326.0999015788813,448.7124663414705,6.573327702276927,328.5990141264003,219.36186987822964,5.58862510105782,335.15051703316857,27.852019942362592,-7.772035306205845,-0.6232680768110688,-0.7127736932468247
47550338,8.611000,0.000000,0.000000,1027.25,1027.43,1028.66,1029.6,-0.01,0.0,1.0,1.0,1.0,1.0,1400.12,0.0,0.0,0.0,0.0,0.0,0.0,326.0561732437256,448.7665107638009,6.605006922234852,328.55529570442417,219.4770014508574,5.521707935954579,335.1610690394081,27.847268530362015,-7.784735855861738,-0.6234011389718224,-0.7274901140823684
47550438,8.712000,0.000000,0.000000,1027.25,1027.47,1028.59,1029.71,-0.01,0.0,1.0,1.0,1.0,1.0,1400.06,0.0,0.0,0.0,0.0,0.0,0.0,326.05152089201545,448.77514529799276,6.599343687365075,328.59627155811756,219.36532509678304,5.589965811899693,335.20583475876117,27.864876261622722,-7.704811725561062,-0.6324095692308814,-0.7119376210323307
47550538,8.809000,0.000000,0.000000,1027.21,1027.52,1028.56,1029.7,-0.01,0.0,1.0,1.0,1.0,1.0,1400.07,0.0,0.0,0.0,0.0,0.0,0.0,326.10746415226544,448.7061856004173,6.546299749173629,328.53281599180497,219.4600316734839,5.55142984488252,335.15551675849855,27.846590341872908,-7.766151654177121,-0.6061486203066049,-0.7672184542707856
47550638,8.910000,0.000000,0.000000,1027.19,1027.51,1028.66,1029.61,-0.01,0.01,1.0,1.0,1.0,1.0,1400.14,0.0,0.0,0.0,0.0,0.0,0.0,326.0645132992401,448.76365854719467,6.621969244145769,328.52991516118936,219.45495902047526,5.507101977298154,335.1660996892371,27.855920629465622,-7.790062638208546,-0.6241616201434643,-0.7110886532785272
47550739,9.013000,0.000000,0.000000,1027.25,1027.5,1028.74,1029.52,-0.01,0.01,1.0,1.0,1.0,1.0,1400.03,0.0,0.0,0.0,0.0,0.0,0.0,326.0667909591585,448.76720777581534,6.60594974678172,328.5440618238586,219.4495579408027,5.516766869151075,335.16273221720587,27.842900234232637,-7.770666809123895,-0.6189303107551385,-0.7405213424513897
47550838,9.109000,0.000000,0.000000,1027.23,1027.42,1028.53,1029.7,-0.01,0.01,1.0,1.0,1.0,1.0,1400.14,0.0,0.0,0.0,0.0,0.0,0.0,326.0621671602381,448.77513188813066,6.645241036539892,328.5423707473224,219.4526205165865,5.536573439636591,335.1543100865782,27.855801361921532,-7.780935569923707,-0.6196498400604062,-0.7371733125035578
47550938,9.213000,0.000000,0.000000,1027.19,1027.44,1028.61,1029.7,-0.01,0.01,1.0,1.0,1.0,1.0,1400.05,0.0,0.0,0.0,0.0,0.0,0.0,326.06426872420644,448.77070973878756,6.579102883516215,328.53803339392607,219.4474165787241,5.488531834841137,335.15986625810774,27.849756547637654,-7.7693251295095624,-0.6243990799396558,-0.7306212220309876
47551038,9.310000,0.000000,0.000000,1027.27,1027.41,1028.54,1029.65,-0.01,0.01,1.0,1.0,1.0,1.0,1400.17,0.0,0.0,0.0,0.0,0.0,0.0,326.0637001349809,448.76894751261773,6.627096273883958,328.54167330601575,219.4442414028796,5.510263129224322,335.1818942982061,27.849676848548118,-7.757557442352375,-0.6190867155774359,-0.7467702411940886
47551138,9.410000,0.000000,0.000000,1027.27,1027.51,1028.72,1029.6,-0.01,0.01,1.0,1.0,1.0,1.0,1400.08,0.0,0.0,0.0,0.0,0.0,0.0,326.0618667675231,448.7645590930462,6.619568911566537,328.553197680769,219.44941673454665,5.514188985664635,335.20423080540724,27.870769797609675,-7.7074609544546595,-0.6224496541724315,-0.7434388723219367
47551239,9.512000,0.000000,0.000000,1027.18,1027.48,1028.76,1029.54,-0.01,0.01,1.0,1.0,1.0,1.0,1400.03,0.0,0.0,0.0,0.0,0.0,0.0,326.1032900936647,448.7775688920781,6.590730089672793,328.5064693260337,219.42262729942152,5.763917905388776,335.1638103594161,27.853280023116284,-7.7543768558326756,-0.6004671921532443,-0.7893845779767905
47551338,9.613000,0.000000,0.000000,1027.12,1027.44,1028.59,1029.6,-0.01,0.01,1.0,1.0,1.0,1.0,1400.06,0.0,0.0,0.0,0.0,0.0,0.0,326.0915723514691,448.7102851591042,6.563179432730194,328.54711134351345,219.4532119067627,5.522471920733237,335.1468512463051,27.856135857624583,-7.770486060712966,-0.6136632509239873,-0.7455000172486026
47551438,9.711000,0.000000,0.000000,1027.24,1027.52,1028.57,1029.59,-0.01,0.01,1.0,1.0,1.0,1.0,1400.15,0.0,0.0,0.0,0.0,0.0,0.0,326.0609007636934,448.77222687156467,6.620877255168132,328.54716616462827,219.40040565586685,5.433672284448424,335.16436672445747,27.85122855216068,-7.7799133010075145,-0.6210306687492987,-0.7364747034925994
47551539,9.811000,0.000000,0.000000,1027.2,1027.55,1028.59,1029.56,-0.01,0.01,1.0,1.0,1.0,1.0,1400.12,0.0,0.0,0.0,0.0,0.0,0.0,326.06483502599474,448.77522087467696,6.631292720488352,328.53099901571534,219.45337453085602,5.548261419939301,335.19766127702576,27.862988426228487,-7.718717712317318,-0.6161442688105585,-0.7605962201770011
47551638,9.910000,0.000000,0.000000,1027.23,1027.56,1028.69,1029.62,-0.01,0.01,1.0,1.0,1.0,1.0,1400.1,0.0,0.0,0.0,0.0,0.0,0.0,326.0474561915021,448.8026736586368,6.506669605141018,328.5412281909199,219.44611817827086,5.518348076235903,335.15241861170654,27.853886250280816,-7.786845771513623,-0.6229470101886264,-0.7304025585651319
47551739,10.011000,0.000000,0.000000,1027.2,1027.52,1028.69,1029.58,-0.01,0.01,1.0,1.0,1.0,1.0,1400.14,0.0,0.0,0.0,0.0,0.0,0.0,326.0607172263468,448.77367618360825,6.585234931967061,328.5223049931392,219.43507267980755,5.529182903106564,335.1507112367686,27.85219116642847,-7.765670433851314,-0.6149561041128978,-0.7516232639059972
47551839,10.111000,0.000000,0.000000,1027.16,1027.52,1028.64,1029.63,-0.01,0.01,1.0,1.0,1.0,1.0,1400.17,0.0,0.0,0.0,0.0,0.0,0.0,326.0537427178435,448.7674890073133,6.636630061007057,328.5462359408459,219.44899553418102,5.528348276773528,335.15746328088414,27.858121422464514,-7.7786256644395815,-0.6227309304169644,-0.7308597408098549
47551939,10.212000,0.000000,0.000000,1027.23,1027.52,1028.68,1029.63,-0.01,0.01,1.0,1.0,1.0,1.0,1400.22,0.0,0.0,0.0,0.0,0.0,0.0,326.0652369963744,448.7808258937268,6.614414719665931,328.55311284006393,219.39907466239202,5.456339800365302,335.1539958457911,27.849203082309565,-7.751473479456467,-0.621406000985166,-0.730841820816307
47552039,10.310000,0.000000,0.000000,1027.26,1027.62,1028.62,1029.59,-0.01,0.0,1.0,1.0,1.0,1.0,1400.19,0.0,0.0,0.0,0.0,0.0,0.0,326.0550716438487,448.77033964447844,6.614707227671692,328.53432370979465,219.44882234551557,5.507367103848768,335.1478858645185,27.84724818885192,-7.7377215845141505,-0.6194148170100501,-0.7380790500976904
47552139,10.411000,0.000000,0.000000,1027.28,1027.56,1028.66,1029.54,-0.01,0.0,1.0,1.0,1.0,1.0,1400.19,0.0,0.0,0.0,0.0,0.0,0.0,326.06457970759624,448.76913706535817,6.618327701064626,328.5386852710372,219.451022248186,5.494612347924282,335.1638131506512,27.852962265136927,-7.772627024308085,-0.618138288557742,-0.7441228464918368
47552239,10.510000,0.000000,0.000000,1027.28,1027.5,1028.69,1029.65,-0.01,0.0,1.0,1.0,1.0,1.0,1400.11,0.0,0.0,0.0,0.0,0.0,0.0,326.03839010566077,448.80513829617325,6.47367875953795,328.54286570562795,219.44726564425363,5.4936579446862055,335.15377194911383,27.844743123958782,-7.751303767991486,-0.6256169768371274,-0.7248716886626387
47552339,10.610000,0.000000,0.000000,1027.25,1027.41,1028.62,1029.53,-0.01,0.0,1.0,1.0,1.0,1.0,1400.16,0.0,0.0,0.0,0.0,0.0,0.0,326.0399826266369,448.81028474511197,6.510801480785368,328.5880765481486,219.36857921036412,5.5844168319766165,335.1573832008382,27.85782598285526,-7.7829289680874565,-0.6362793787349004,-0.6920620988144439
47552439,10.710000,0.000000,0.000000,1027.26,1027.5,1028.73,1029.51,-0.01,0.0,1.0,1.0,1.0,1.0,1400.15,0.0,0.0,0.0,0.0,0.0,0.0,326.05783532408327,448.7609156365444,6.622322930640994,328.5935711060631,219.3599375281691,5.586583198534961,335.14691750682755,27.856919639500383,-7.769868963773371,-0.6333061114631072,-0.6933183795755262
47552539,10.811000,0.000000,0.000000,1027.18,1027.58,1028.71,1029.56,-0.0,0.0,1.0,1.0,1.0,1.0,1400.2,0.0,0.0,0.0,0.0,0.0,0.0,326.0707273511518,448.7732489929942,6.587711809057119,328.5913410724819,219.36807370724628,5.605467280966147,335.15803021893083,27.857099059483215,-7.8037177006620375,-0.6295181284095042,-0.7048001507526689
47552639,10.910000,0.000000,0.000000,1027.15,1027.51,1028.59,1029.51,-0.0,-0.0,1.0,1.0,1.0,1.0,1400.08,0.0,0.0,0.0,0.0,0.0,0.0,326.05460639087187,448.77480438163013,6.607938749460825,328.5936621539533,219.35765303171732,5.598171234401405,335.1532671506329,27.840702238607406,-7.768882587280183,-0.6340905160254253,-0.6934772771824327
47552739,11.010000,0.000000,0.000000,1027.15,1027.58,1028.71,1029.57,-0.0,-0.0,1.0,1.0,1.0,1.0,1400.12,0.0,0.0,0.0,0.0,0.0,0.0,326.10002454318396,448.71634453816387,6.56779457907307,328.5525583876185,219.47492043382562,5.505011280197929,335.15310581885836,27.857509090863203,-7.775291072967197,-0.6129541296405961,-0.7469502341190346
47552839,11.110000,0.000000,0.000000,1027.17,1027.53,1028.64,1029.45,-0.0,-0.0,1.0,1.0,1.0,1.0,1400.13,0.0,0.0,0.0,0.0,0.0,0.0,326.1262126300937,448.69504620340894,6.6001879739194775,328.52785018688235,219.44248270769978,5.5143803329767085,335.15917718131,27.847060308311786,-7.775889798726898,-0.6002055565448138,-0.78186715419161
47552939,11.210000,0.000000,0.000000,1027.15,1027.56,1028.72,1029.51,-0.01,-0.0,1.0,1.0,1.0,1.0,1400.07,0.0,0.0,0.0,0.0,0.0,0.0,326.0381133112232,448.8083555507707,6.488204998241655,328.5969531832729,219.35928645045325,5.610499402959587,335.16291647577805,27.86036619088918,-7.776848863269837,-0.6389420021743667,-0.6858590072950961
47553040,11.311000,0.000000,0.000000,1027.08,1027.56,1028.72,1029.53,-0.01,-0.0,1.0,1.0,1.0,1.0,1400.08,0.0,0.0,0.0,0.0,0.0,0.0,326.0706188364024,448.8009301851226,6.543804622546474,328.53446103056183,219.45495204652815,5.512256524908744,335.1595786085538,27.847303912522197,-7.753503708225673,-0.6154994733661052,-0.7492983787356553
47553139,11.412000,0.000000,0.000000,1027.21,1027.58,1028.72,1029.53,-0.01,-0.01,1.0,1.0,1.0,1.0,1400.09,0.0,0.0,0.0,0.0,0.0,0.0,326.06301878401564,448.77638412767027,6.590883454898425,328.54256500901874,219.4503043472268,5.535957120060978,335.14464428368615,27.849779828716336,-7.786412623735289,-0.6194759799365036,-0.7345378109581604
47553239,11.511000,0.000000,0.000000,1027.14,1027.48,1028.67,1029.6,-0.01,-0.01,1.0,1.0,1.0,1.0,1400.15,0.0,0.0,0.0,0.0,0.0,0.0,326.0936600129332,448.71433625215536,6.579155743435977,328.5356280634226,219.45409793660988,5.539836806619175,335.15539968758674,27.850170442141355,-7.77418152978983,-0.6102635723898056,-0.7582118983758501
47553339,11.612000,0.000000,0.000000,1027.2,1027.53,1028.65,1029.46,-0.01,-0.01,1.0,1.0,1.0,1.0,1400.13,0.0,0.0,0.0,0.0,0.0,0.0,326.04390843895953,448.8125867578294,6.498695192697831,328.5420219930417,219.45488417176213,5.52619685889141,335.1526015224796,27.853553286159997,-7.764826517793023,-0.6240283288939982,-0.7279636816474431
47553440,11.712000,0.000000,0.000000,1027.2,1027.46,1028.68,1029.5,-0.0,-0.01,1.0,1.0,1.0,1.0,1400.11,0.0,0.0,0.0,0.0,0.0,0.0,326.06591685111374,448.76962897833295,6.615793062655915,328.53057922705824,219.45101913402985,5.54842968984221,335.15885424364143,27.852336823364627,-7.753127852460654,-0.6157778258442663,-0.7497773417460933
47553540,11.811000,0.000000,0.000000,1027.25,1027.52,1028.67,1029.53,-0.0,-0.01,1.0,1.0,1.0,1.0,1400.12,0.0,0.0,0.0,0.0,0.0,0.0,326.09515331347063,448.71163410954347,6.570954200721418,328.54519885226546,219.45441677209232,5.518589566199219,335.15545006036007,27.85043724482946,-7.759811476227969,-0.6122901029873303,-0.7513147775893316
47553641,11.911000,0.000000,0.000000,1027.24,1027.57,1028.69,1029.55,-0.01,-0.01,1.0,1.0,1.0,1.0,1400.28,0.0,0.0,0.0,0.0,0.0,0.0,326.10340892517235,448.712933274339,6.585613137877354,328.5898679935804,219.36072602440458,5.58881354036327,335.1674592977918,27.853297242538236,-7.770127111580823,-0.6211321499834771,-0.7248663447205674
47553741,12.012000,0.000000,0.000000,1027.17,1027.54,1028.71,1029.56,-0.01,-0.01,1.0,1.0,1.0,1.0,1400.17,0.0,0.0,0.0,0.0,0.0,0.0,326.0541631749144,448.77200335949215,6.604595271798357,328.5430490445564,219.44969627944252,5.521904983640623,335.15536228828313,27.8551299382401,-7.770296907869554,-0.6218193906243268,-0.7329691147666182
47553842,12.112000,0.000000,0.000000,1027.31,1027.58,1028.73,1029.6,-0.01,-0.01,1.0,1.0,1.0,1.0,1400.13,0.0,0.0,0.0,0.0,0.0,0.0,326.05176444726067,448.8085919816524,6.4744589167316065,328.5455469252259,219.40588466082048,5.405433647997986,335.1509501478437,27.849086467439783,-7.7708749866826325,-0.6228243107628846,-0.7292843103771178
47553941,12.213000,0.000000,0.000000,1027.27,1027.58,1028.69,1029.52,-0.01,-0.01,1.0,1.0,1.0,1.0,1400.08,0.0,0.0,0.0,0.0,0.0,0.0,326.082740797927,448.7723574121535,6.36079949990946,328.54093748541527,219.44567521191092,5.504715813671529,335.1433341594191,27.85709870460274,-7.7945728750571925,-0.6141409278669879,-0.7454256979320084
47554041,12.319000,0.000000,0.000000,1027.26,1027.57,1028.71,1029.51,-0.01,-0.01,1.0,1.0,1.0,1.0,1400.0,0.0,0.0,0.0,0.0,0.0,0.0,326.0951258249079,448.7110528471348,6.577034466890111,328.4950306246488,219.4301026803658,5.512401518432851,335.16170109033004,27.857127726233045,-7.757346813086173,-0.599698295154664,-0.7936715959753089
47554141,12.413000,0.000000,0.000000,1027.32,1027.53,1028.69,1029.57,-0.01,-0.01,1.0,1.0,1.0,1.0,1400.16,0.0,0.0,0.0,0.0,0.0,0.0,326.1123054380282,448.70567244106036,6.561419434162468,328.53645846945835,219.45120191958273,5.501571178736407,335.16456414321556,27.846220484149896,-7.759092277206518,-0.6058270576418205,-0.7695632144099103
47554241,12.513000,0.000000,0.000000,1027.36,1027.6,1028.69,1029.51,-0.01,-0.01,1.0,1.0,1.0,1.0,1400.13,0.0,0.0,0.0,0.0,0.0,0.0,326.04026917440564,448.7998953655037,6.485825704401716,328.590164781923,219.36442884157577,5.569750542942987,335.1474939817377,27.849126295382295,-7.75275654445767,-0.6367465501510471,-0.687502024081782
47554342,12.614000,0.000000,0.000000,1027.23,1027.48,1028.77,1029.65,-0.01,-0.0,1.0,1.0,1.0,1.0,1400.09,0.0,0.0,0.0,0.0,0.0,0.0,326.0997155137725,448.712382512135,6.556414666988279,328.59369887505386,219.36753740593903,5.6021617378459165,335.1569735867201,27.847334249268254,-7.769094636769799,-0.6230316123893638,-0.7166583542149096
47554442,12.715000,0.000000,0.000000,1027.32,1027.5,1028.74,1029.57,-0.01,-0.01,1.0,1.0,1.0,1.0,1400.17,0.0,0.0,0.0,0.0,0.0,0.0,326.06917688164515,448.80084214598753,6.553601247210539,328.533948932713,219.45429717512434,5.528224475379109,335.1544843988747,27.863808784612875,-7.769091669902544,-0.6157302240321771,-0.7476454403877102
47554542,12.814000,0.000000,0.000000,1027.16,1027.54,1028.62,1029.55,-0.01,-0.01,1.0,1.0,1.0,1.0,1400.21,0.0,0.0,0.0,0.0,0.0,0.0,326.09865698337774,448.71293961577373,6.559651765184534,328.5761525077654,219.36233856414847,5.571248535177872,335.16533201263314,27.849779129696937,-7.749979903067216,-0.6188975121913349,-0.7327457704940705
47554643,12.914000,0.000000,0.000000,1027.21,1027.68,1028.65,1029.62,-0.01,-0.0,1.0,1.0,1.0,1.0,1400.2,0.0,0.0,0.0,0.0,0.0,0.0,326.05444233459565,448.80713891747024,6.478690173906461,328.5923850283587,219.3599049221356,5.593293836080931,335.1528842883556,27.85762450907547,-7.770864114385539,-0.6337294747059881,-0.6946167608338081
47554742,13.015000,0.000000,0.000000,1027.17,1027.46,1028.81,1029.69,-0.01,-0.0,1.0,1.0,1.0,1.0,1400.11,0.0,0.0,0.0,0.0,0.0,0.0,326.0942211624456,448.709509947651,6.577544027965241,328.5402761247985,219.45058132244836,5.504902634839788,335.1716869798377,27.851769275539887,-7.757835447353717,-0.6112883324270681,-0.759691608868436
47554842,13.115000,0.000000,0.000000,1027.24,1027.48,1028.77,1029.59,-0.01,-0.0,1.0,1.0,1.0,1.0,1400.07,0.0,0.0,0.0,0.0,0.0,0.0,326.0361154648521,448.8081735597416,6.504138085933215,328.55627817533923,219.47312645098313,5.526073519439902,335.14795835334576,27.848241510998268,-7.74673069606951,-0.6295979483385042,-0.7109375455675768
47554943,13.213000,0.000000,0.000000,1027.21,1027.62,1028.72,1029.58,-0.01,-0.0,1.0,1.0,1.0,1.0,1400.15,0.0,0.0,0.0,0.0,0.0,0.0,326.05676577480784,448.7773067030219,6.599570747498983,328.5431325015378,219.45471827999557,5.527085865138731,335.16476775518095,27.853836750550858,-7.746318594001485,-0.6211892991616691,-0.736948506524387
47555043,13.314000,0.000000,0.000000,1027.19,1027.53,1028.7,1029.53,-0.01,-0.01,1.0,1.0,1.0,1.0,1400.09,0.0,0.0,0.0,0.0,0.0,0.0,326.09559001116315,448.7069939919436,6.577055538213492,328.5372279290524,219.45129717060757,5.506828879426137,335.1632138118312,27.850694288089556,-7.765925530342117,-0.6101931629716015,-0.7602431037211981
47555142,13.415000,0.000000,0.000000,1027.18,1027.56,1028.62,1029.55,-0.01,-0.01,1.0,1.0,1.0,1.0,1400.03,0.0,0.0,0.0,0.0,0.0,0.0,326.061330227095,448.77020285747454,6.616572374697746,328.5984476169477,219.36074053465958,5.600068575592314,335.146860364039,27.84968291626453,-7.768999755924095,-0.6336277109145501,-0.6911186533635414
47555242,13.514000,0.000000,0.000000,1027.16,1027.59,1028.69,1029.59,-0.01,-0.01,1.0,1.0,1.0,1.0,1400.11,0.0,0.0,0.0,0.0,0.0,0.0,326.06649402713816,448.7690851777987,6.593243152891024,328.53851537939045,219.44318489272314,5.524475611509126,335.1671813878821,27.855324949217675,-7.760948367012384,-0.617596636956486,-0.7463683406056953
47555342,13.614000,0.000000,0.000000,1027.22,1027.51,1028.66,1029.57,-0.01,-0.01,1.0,1.0,1.0,1.0,1400.09,0.0,0.0,0.0,0.0,0.0,0.0,326.04939506218557,448.81336514189803,6.504046207366613,328.5334969157242,219.45563529549221,5.510183816711054,335.1356360670066,27.843732003864947,-7.79275887953923,-0.6205284092638986,-0.732333733373427
47555443,13.714000,0.000000,0.000000,1027.29,1027.57,1028.72,1029.58,-0.01,-0.01,1.0,1.0,1.0,1.0,1400.04,0.0,0.0,0.0,0.0,0.0,0.0,326.0504191417059,448.8063906859718,6.495081677443828,328.54300678299245,219.45085322990244,5.5279799246614445,335.164233094256,27.851942345843128,-7.777633259919563,-0.6226539430130565,-0.7339174161914619
47555542,13.814000,0.000000,0.000000,1027.23,1027.52,1028.76,1029.6,-0.01,-0.01,1.0,1.0,1.0,1.0,1400.17,0.0,0.0,0.0,0.0,0.0,0.0,326.0644411497186,448.7769295722773,6.599143945629433,328.5478165647341,219.45579213613922,5.5279519295062896,335.19979734177286,27.872300924771384,-7.708152881084337,-0.6204459392154348,-0.7476791343496203
47555643,13.914000,0.000000,0.000000,1027.26,1027.62,1028.73,1029.63,-0.01,-0.01,1.0,1.0,1.0,1.0,1400.07,0.0,0.0,0.0,0.0,0.0,0.0,326.1081316184727,448.71734123447266,6.569545313785949,328.53852286098316,219.4564218271484,5.532029204852698,335.1644730220334,27.84260317734428,-7.789187364493115,-0.607368866377275,-0.7657445313664788
47555743,14.014000,0.000000,0.000000,1027.28,1027.46,1028.81,1029.57,-0.01,-0.01,1.0,1.0,1.0,1.0,1400.12,0.0,0.0,0.0,0.0,0.0,0.0,326.0494239757773,448.81908679313375,6.5024435400693505,328.5379441689972,219.44372345571452,5.523830410151679,335.1983193615642,27.866773912934974,-7.714674098433491,-0.621584238650105,-0.7479779121686905
47555843,14.115000,0.000000,0.000000,1027.25,1027.58,1028.84,1029.64,-0.01,-0.01,1.0,1.0,1.0,1.0,1400.19,0.0,0.0,0.0,0.0,0.0,0.0,326.0653129610772,448.770636061104,6.618796402885724,328.58999734155833,219.36762062475674,5.594887891842693,335.16835136372947,27.84952201429439,-7.772415145241573,-0.6305406212637948,-0.7061678064779657
47555943,14.213000,0.000000,0.000000,1027.25,1027.47,1028.71,1029.48,-0.01,-0.01,1.0,1.0,1.0,1.0,1400.25,0.0,0.0,0.0,0.0,0.0,0.0,326.0647429559593,448.76409205644404,6.615741488633653,328.5057060417767,219.43992381828707,5.478147126234272,335.1505285168514,27.859616114416607,-7.768157700843603,-0.6098424006357847,-0.766780976310435
47556043,14.314000,0.000000,0.000000,1027.21,1027.53,1028.75,1029.58,-0.01,-0.01,1.0,1.0,1.0,1.0,1400.08,0.0,0.0,0.0,0.0,0.0,0.0,326.0644184648173,448.768820581469,6.599971614404368,328.5914905381889,219.36128015489953,5.594230914065892,335.1646626635663,27.84132940563233,-7.775850149405348,-0.631124452041782,-0.7034327260899118
47556143,14.414000,0.000000,0.000000,1027.22,1027.54,1028.69,1029.52,-0.01,-0.01,1.0,1.0,1.0,1.0,1400.17,0.0,0.0,0.0,0.0,0.0,0.0,326.0544929397636,448.771316060354,6.619541701201547,328.52487772722543,219.423476606617,5.803570731577625,335.1454303885169,27.86153828850624,-7.781445178963255,-0.6171287630146519,-0.745148227343486
47556244,14.514000,0.000000,0.000000,1027.27,1027.53,1028.83,1029.6,-0.01,-0.01,1.0,1.0,1.0,1.0,1400.15,0.0,0.0,0.0,0.0,0.0,0.0,326.07042455487834,448.7738683798585,6.606648401832503,328.59951202395064,219.36379742369866,5.5915554849708204,335.1591451268407,27.85172345459142,-7.7681159579068835,-0.6316207802807846,-0.6984750617991227
47556343,14.614000,0.000000,0.000000,1027.22,1027.51,1028.68,1029.58,-0.01,-0.01,1.0,1.0,1.0,1.0,1400.12,0.0,0.0,0.0,0.0,0.0,0.0,326.0670900719438,448.8002562164871,6.521698924034866,328.54920073166284,219.44906002691613,5.540280165909452,335.1593990167257,27.85399216333585,-7.756652815141483,-0.6200487098773977,-0.7358735881655587
47556444,14.714000,0.000000,0.000000,1027.25,1027.35,1028.71,1029.57,-0.01,-0.01,1.0,1.0,1.0,1.0,1400.11,0.0,0.0,0.0,0.0,0.0,0.0,326.0616784421917,448.77025043617675,6.603883844100101,328.543601422236,219.4477819932132,5.535169479572113,335.16526188757683,27.845987158502634,-7.773595051789195,-0.6200794928075309,-0.7391662221140987
47556543,14.816000,0.000000,0.000000,1027.3,1027.46,1028.76,1029.57,-0.01,-0.0,1.0,1.0,1.0,1.0,1400.13,0.0,0.0,0.0,0.0,0.0,0.0,326.06805393269974,448.8073341941209,6.540460703204247,328.5867369288066,219.36330307893687,5.590466622211645,335.1597905159638,27.854087102759156,-7.76064228357911,-0.6289294552230368,-0.7078973941654294
47556644,14.915000,0.000000,0.000000,1027.31,1027.53,1028.63,1029.52,-0.01,-0.0,1.0,1.0,1.0,1.0,1400.12,0.0,0.0,0.0,0.0,0.0,0.0,326.0568473072807,448.76284684089484,6.612598053660123,328.5341891960173,219.45218286290535,5.516985995013185,335.1509677241277,27.84638117883315,-7.768169658792901,-0.6189669088129445,-0.7398919285769723
47556743,15.017000,0.000000,0.000000,1027.16,1027.59,1028.81,1029.44,-0.01,-0.0,1.0,1.0,1.0,1.0,1400.03,0.0,0.0,0.0,0.0,0.0,0.0,326.06521907662045,448.76771415555015,6.641711490230802,328.5883651012179,219.36285630850722,5.587598401878742,335.155409499315,27.854618220704147,-7.776826564703914,-0.6301513869047564,-0.7036678340619866
47556844,15.115000,0.000000,0.000000,1027.27,1027.46,1028.71,1029.58,-0.01,-0.0,1.0,1.0,1.0,1.0,1400.16,0.0,0.0,0.0,0.0,0.0,0.0,326.06800355135124,448.7739971802713,6.600107372249258,328.5333060057386,219.45704516067804,5.523236725046608,335.1555438856475,27.854366416973658,-7.767480961443079,-0.6159421849510149,-0.7476041747744064
47556943,15.215000,0.000000,0.000000,1027.3,1027.41,1028.74,1029.56,-0.01,-0.0,1.0,1.0,1.0,1.0,1400.13,0.0,0.0,0.0,0.0,0.0,0.0,326.06185756739575,448.77206536495476,6.603194970109466,328.5376140637623,219.4504701124307,5.512108331148193,335.1596638799199,27.85160806560193,-7.77469679177115,-0.618541343704034,-0.742389086262341
47557043,15.315000,0.000000,0.000000,1027.24,1027.49,1028.64,1029.65,-0.01,0.0,1.0,1.0,1.0,1.0,1400.1,0.0,0.0,0.0,0.0,0.0,0.0,326.0645693031725,448.77840882553346,6.620797121314068,328.5411766065508,219.44874569499916,5.516270147758199,335.1561202006611,27.851722383170966,-7.757033058135073,-0.6187321260011914,-0.7399039689889424
47557143,15.414000,0.000000,0.000000,1027.23,1027.58,1028.67,1029.48,-0.01,0.0,1.0,1.0,1.0,1.0,1400.16,0.0,0.0,0.0,0.0,0.0,0.0,326.10349819336415,448.71124329097853,6.582471375885118,328.5346693864197,219.45222375422787,5.493846777185823,335.15308423191345,27.848484813664307,-7.770143927322564,-0.6075688004394368,-0.7631981504234495
47557243,15.515000,0.000000,0.000000,1027.16,1027.53,1028.74,1029.45,-0.01,0.0,1.0,1.0,1.0,1.0,1400.01,0.0,0.0,0.0,0.0,0.0,0.0,326.04973988230995,448.8075831906909,6.483984512911833,328.5036358006864,219.4322383760124,5.4877844039161525,335.15920096713586,27.854368952457648,-7.771477267239773,-0.6129364780812182,-0.7638270664580151
47557346,15.615000,0.000000,0.000000,1027.2,1027.56,1028.51,1029.53,-0.01,0.0,1.0,1.0,1.0,1.0,1400.04,0.0,0.0,0.0,0.0,0.0,0.0,326.06299425903524,448.77749613882503,6.602418360367754,328.5347273968678,219.4463282579572,5.495468737669616,335.161065614673,27.85358336287415,-7.7670134160701565,-0.6175104535161932,-0.7457949313466501
47557443,15.718000,0.000000,0.000000,1027.21,1027.64,1028.64,1029.51,-0.01,-0.0,1.0,1.0,1.0,1.0,1400.09,0.0,0.0,0.0,0.0,0.0,0.0,326.09803487243545,448.7283473918324,6.57330017794628,328.5455396533828,219.45009941864097,5.52827685171654,335.1638225450367,27.84939405040388,-7.762781836697751,-0.6115990912192991,-0.7551294544241347
47557543,15.814000,0.000000,0.000000,1027.26,1027.57,1028.69,1029.44,-0.01,-0.0,1.0,1.0,1.0,1.0,1400.03,0.0,0.0,0.0,0.0,0.0,0.0,326.0684498732137,448.7687991952848,6.606537969146586,328.5299023715647,219.45814930250512,5.510244034684437,335.1572061842967,27.846675537311086,-7.786030081939938,-0.6149972688189338,-0.7509162299504244
47557643,15.916000,0.000000,0.000000,1027.22,1027.57,1028.68,1029.46,-0.01,-0.0,1.0,1.0,1.0,1.0,1400.11,0.0,0.0,0.0,0.0,0.0,0.0,326.0515021631334,448.8094138073928,6.489563257479646,328.54799273332173,219.4022113483644,5.437181289550134,335.1547306318298,27.85417020280953,-7.757083720535491,-0.6234883894813198,-0.7284451234001723
47557744,16.015000,0.000000,0.000000,1027.12,1027.49,1028.71,1029.56,-0.01,-0.0,1.0,1.0,1.0,1.0,1400.13,0.0,0.0,0.0,0.0,0.0,0.0,326.1042643205334,448.72406352184646,6.573413858416604,328.5911640745817,219.36184936622766,5.58735644533714,335.1580540374068,27.850968154360192,-7.770954895587628,-0.6212151250101516,-0.721467124153012
47557843,16.115000,0.000000,0.000000,1027.15,1027.46,1028.7,1029.5,-0.02,-0.0,1.0,1.0,1.0,1.0,1400.11,0.0,0.0,0.0,0.0,0.0,0.0,326.0629819595167,448.7768759493483,6.615147084530197,328.5574851892652,219.478863248069,5.526627144571189,335.2007433559072,27.878039504842707,-7.701919488753429,-0.6232887385299556,-0.739208541489194
47557944,16.215000,0.000000,0.000000,1027.21,1027.51,1028.67,1029.55,-0.02,-0.01,1.0,1.0,1.0,1.0,1400.13,0.0,0.0,0.0,0.0,0.0,0.0,326.10074274917844,448.72753235521577,6.574466983966665,328.5249701662494,219.4493252451909,5.534317343781651,335.1748090573011,27.834402886226005,-7.8091137710721945,-0.605782929204119,-0.7760395393121362
47558043,16.316000,0.000000,0.000000,1027.18,1027.46,1028.6,1029.57,-0.02,-0.01,1.0,1.0,1.0,1.0,1400.04,0.0,0.0,0.0,0.0,0.0,0.0,326.04503301012005,448.80530930827416,6.486190261391279,328.53446242823486,219.44980023977627,5.496673129784966,335.1686385970269,27.862969568826394,-7.763456680257346,-0.6218651507907041,-0.7394878416297221
47558143,16.414000,0.000000,0.000000,1027.17,1027.52,1028.61,1029.53,-0.02,-0.01,1.0,1.0,1.0,1.0,1400.01,0.0,0.0,0.0,0.0,0.0,0.0,326.05912886351643,448.77939382195495,6.600357115482025,328.57806466110503,219.3728490038543,5.564581829925684,335.15262999208005,27.867696791294865,-7.760395101026407,-0.6290953487209786,-0.7080590492342458
47558243,16.515000,0.000000,0.000000,1027.18,1027.63,1028.57,1029.51,-0.02,-0.01,1.0,1.0,1.0,1.0,1400.06,0.0,0.0,0.0,0.0,0.0,0.0,326.05716116492624,448.77252415345095,6.590672977731345,328.5842353322701,219.3590304926695,5.6066709760883,335.156082911766,27.843092672954786,-7.775298704915722,-0.6311085987172844,-0.7031097904007388
47558343,16.615000,0.000000,0.000000,1027.32,1027.55,1028.71,1029.59,-0.02,-0.01,1.0,1.0,1.0,1.0,1400.19,0.0,0.0,0.0,0.0,0.0,0.0,326.0561537976191,448.7619909475194,6.612018153697278,328.536045401737,219.44608534472286,5.515643096058995,335.1504070041902,27.852012318729102,-7.763905244459,-0.6195897470968125,-0.7380453152781883
47558443,16.715000,0.000000,0.000000,1027.21,1027.59,1028.63,1029.48,-0.02,-0.01,1.0,1.0,1.0,1.0,1400.29,0.0,0.0,0.0,0.0,0.0,0.0,326.05246215102767,448.77644770469817,6.6496403125228385,328.5234936219186,219.42687984286917,5.803252139171928,335.16757230797276,27.85224320102767,-7.765051724414708,-0.6172856473908338,-0.7517310560294996
47558544,16.815000,0.000000,0.000000,1027.24,1027.57,1028.72,1029.54,-0.02,-0.01,1.0,1.0,1.0,1.0,1400.13,0.0,0.0,0.0,0.0,0.0,0.0,326.0995147810127,448.7138608446981,6.566473899592554,328.5858530799542,219.36206228375784,5.593801183088865,335.1724310000799,27.848619018396608,-7.766653250076613,-0.6211030900953668,-0.7275481220937152
47558643,16.915000,0.000000,0.000000,1027.27,1027.46,1028.64,1029.6,-0.02,-0.01,1.0,1.0,1.0,1.0,1400.17,0.0,0.0,0.0,0.0,0.0,0.0,326.04478806106283,448.81901824948005,6.489406948207561,328.541334673384,219.45652477375305,5.533478129168545,335.15339274972905,27.853262115500332,-7.77287521176771,-0.6178312348248424,-0.7407795722053436
47558743,17.015000,0.000000,0.000000,1027.24,1027.49,1028.62,1029.59,-0.02,-0.01,1.0,1.0,1.0,1.0,1400.11,0.0,0.0,0.0,0.0,0.0,0.0,326.10218395166,448.7164078281583,6.569581269745802,328.5367824960537,219.46024596199263,5.530631071305801,335.1541361932787,27.846604162443917,-7.780177322032418,-0.6084328415802718,-0.7610509826732212
47558843,17.114000,0.000000,0.000000,1027.18,1027.5,1028.66,1029.56,-0.02,-0.01,1.0,1.0,1.0,1.0,1400.24,0.0,0.0,0.0,0.0,0.0,0.0,326.09778639369443,448.70913702527014,6.5631065130003226,328.52960429577485,219.45477677588923,5.535797137971066,335.1765917338995,27.86401395977622,-7.723333450544198,-0.6077427563694424,-0.771518610650545
47558944,17.214000,0.000000,0.000000,1027.17,1027.53,1028.79,1029.57,-0.02,-0.0,1.0,1.0,1.0,1.0,1400.18,0.0,0.0,0.0,0.0,0.0,0.0,326.04761655421567,448.7675586090317,6.618525646675756,328.5555578452348,219.48144881975637,5.512457646267509,335.1724100941833,27.843767488720466,-7.787750119992842,-0.6141118638679547,-0.7492952757720883
47559044,17.317000,0.000000,0.000000,1027.24,1027.54,1028.72,1029.52,-0.01,0.0,1.0,1.0,1.0,1.0,1400.19,0.0,0.0,0.0,0.0,0.0,0.0,326.0390348111341,448.7881420450439,6.6035564436241145,328.5354180843752,219.4526588062262,5.514795033027194,335.1512167534988,27.85384920663466,-7.772968715089409,-0.6236565520135935,-0.7302920939547168
47559144,17.416000,0.000000,0.000000,1027.31,1027.56,1028.58,1029.56,-0.01,0.01,1.0,1.0,1.0,1.0,1400.17,0.0,0.0,0.0,0.0,0.0,0.0,326.07049815984095,448.7709543449425,6.61373732616147,328.57789461134803,219.36706725390107,5.5526060193097555,335.18415536161456,27.847270349237927,-7.763350972466486,-0.6184435787777928,-0.7523550943886428
47559245,17.518000,0.000000,0.000000,1027.33,1027.56,1028.73,1029.38,-0.01,0.01,1.0,1.0,1.0,1.0,1400.09,0.0,0.0,0.0,0.0,0.0,0.0,326.0679763927692,448.7685323860636,6.604933445474543,328.5923616293307,219.36322049656488,5.5855639018287455,335.20110213249825,27.857903918356023,-7.69655029029199,-0.6304596052725907,-0.7155414959268032
47559346,17.617000,0.000000,0.000000,1027.31,1027.57,1028.81,1029.55,-0.01,0.01,1.0,1.0,1.0,1.0,1400.11,0.0,0.0,0.0,0.0,0.0,0.0,326.0658878207136,448.77082160992893,6.582443294482555,328.5290717802977,219.45378458095647,5.526028287094599,335.1551738227882,27.855426840401524,-7.764634084515033,-0.6245837419723519,-0.7315198312022153
47559445,17.719000,0.000000,0.000000,1027.24,1027.55,1028.6,1029.62,-0.01,0.01,1.0,1.0,1.0,1.0,1400.14,0.0,0.0,0.0,0.0,0.0,0.0,326.06338615803736,448.7724311997681,6.599138257894418,328.5790776167945,219.36059934615037,5.567171002516509,335.18780483748816,27.84096477876808,-7.758255710754078,-0.6282706731842842,-0.7197677483595648
47559545,17.817000,0.000000,0.000000,1027.34,1027.56,1028.71,1029.52,-0.01,0.01,1.0,1.0,1.0,1.0,1400.12,0.0,0.0,0.0,0.0,0.0,0.0,326.0575578331408,448.77671197653456,6.603720137006818,328.54232710136563,219.45773122939593,5.523887612084239,335.1515274146285,27.854740136525667,-7.759689306438658,-0.6207999898931005,-0.7339913092772794
47559645,17.917000,0.000000,0.000000,1027.23,1027.52,1028.79,1029.58,-0.01,0.02,1.0,1.0,1.0,1.0,1400.06,0.0,0.0,0.0,0.0,0.0,0.0,326.06376135800605,448.781421677353,6.603304085277049,328.5332979735886,219.461097201172,5.530114598305855,335.16207514621453,27.855460418590727,-7.7761182214792655,-0.6169909119042138,-0.7474292930422337
47559746,18.016000,0.000000,0.000000,1027.3,1027.5,1028.69,1029.59,-0.01,0.02,1.0,1.0,1.0,1.0,1400.05,0.0,0.0,0.0,0.0,0.0,0.0,326.0581869287006,448.77167567763087,6.6160658757919615,328.5378438250973,219.44750138108256,5.48695558498919,335.1605805066049,27.84485136060495,-7.790356416532143,-0.6168055097096676,-0.7460268026139834
47559845,18.118000,0.000000,0.000000,1027.3,1027.54,1028.69,1029.54,-0.01,0.02,1.0,1.0,1.0,1.0,1400.07,0.0,0.0,0.0,0.0,0.0,0.0,326.0654909940298,448.7759423752338,6.606080031199415,328.5471585973327,219.4492403737731,5.515733623505538,335.16520076321615,27.847849263516512,-7.7686734001133875,-0.6200042497866084,-0.7382401625041455
47559946,18.222000,0.000000,0.000000,1027.22,1027.58,1028.73,1029.55,-0.01,0.03,1.0,1.0,1.0,1.0,1400.21,0.0,0.0,0.0,0.0,0.0,0.0,326.05201595052836,448.75904305149646,6.584091867373,328.52728888928334,219.45174744865167,5.52009320021532,335.1956183127785,27.846140359555662,-7.718240990843046,-0.6184591032137108,-0.7563062941342524
47560046,18.317000,0.000000,0.000000,1027.33,1027.48,1028.64,1029.57,-0.01,0.03,1.0,1.0,1.0,1.0,1400.22,0.0,0.0,0.0,0.0,0.0,0.0,326.0703228116151,448.773411095485,6.6118749041787765,328.53733092115743,219.45560926592273,5.49134907543963,335.144951598607,27.856215777049474,-7.772606182816986,-0.6163660166209196,-0.7424245093380053
47560145,18.420000,0.000000,0.000000,1027.24,1027.55,1028.71,1029.65,-0.01,0.03,1.0,1.0,1.0,1.0,1400.1,0.0,0.0,0.0,0.0,0.0,0.0,326.0368182147491,448.7907343513584,6.596488066682132,328.5322814755688,219.45536686382255,5.518153660578938,335.1983438570086,27.860985839407576,-7.693153509816032,-0.6234270435727887,-0.7458099751393061
47560245,18.517000,0.000000,0.000000,1027.18,1027.42,1028.61,1029.64,-0.01,0.03,1.0,1.0,1.0,1.0,1400.2,0.0,0.0,0.0,0.0,0.0,0.0,326.0546961016603,448.7663231364914,6.597458234385226,328.52140695765894,219.4593672364088,5.522739156028386,335.16865080024115,27.85782906985817,-7.771893235786402,-0.6163209030479779,-0.7543272430900123
47560346,18.616000,0.000000,0.000000,1027.17,1027.51,1028.71,1029.62,-0.01,0.03,1.0,1.0,1.0,1.0,1400.07,0.0,0.0,0.0,0.0,0.0,0.0,326.05004851054053,448.77151342345513,6.611302675711173,328.52438713941154,219.45921102824386,5.50229780111069,335.16456633984956,27.850740451919915,-7.763315544939974,-0.6182121821633151,-0.7483628837732152
47560445,18.718000,0.000000,0.000000,1027.21,1027.56,1028.52,1029.69,-0.01,0.02,1.0,1.0,1.0,1.0,1400.13,0.0,0.0,0.0,0.0,0.0,0.0,326.0541981656566,448.76522094525086,6.6150045329129235,328.5697860639103,219.39417462293264,5.451756469751359,335.17267704032145,27.85466941508007,-7.763222931852392,-0.6283565141518173,-0.7176474642502166
47560545,18.817000,0.000000,0.000000,1027.2,1027.46,1028.65,1029.64,-0.01,0.02,1.0,1.0,1.0,1.0,1400.14,0.0,0.0,0.0,0.0,0.0,0.0,326.0982452717874,448.7188516161974,6.581790207638101,328.5494812667397,219.47662168044724,5.530403287183939,335.1469346124972,27.84558841080875,-7.744213800564394,-0.6126276335489381,-0.74653909299505
47560645,18.917000,0.000000,0.000000,1027.23,1027.53,1028.64,1029.58,-0.01,0.02,1.0,1.0,1.0,1.0,1400.17,0.0,0.0,0.0,0.0,0.0,0.0,326.05335806274405,448.75913423772437,6.600497158026808,328.58581192906377,219.35888624678378,5.6221157476820975,335.1896121898217,27.843782807151264,-7.73229094158123,-0.6324885246284998,-0.7099065145396697
47560746,19.017000,-0.018933,0.088337,1027.19,1027.47,1028.72,1029.6,-0.01,0.01,1.0,1.0,1.0,1.0,1400.12,-0.021531862331966366,-0.026221884239899948,-0.00012534146985383315,0.0003772929145085872,-0.009566623086950365,0.02742938460164946,326.04981656687465,448.7847390734711,6.625971233858054,328.53792826866953,219.45527122564147,5.528625473708597,335.1534476603325,27.849044528512483,-7.749606062411611,-0.6216065802817126,-0.7342321323283263
47560845,19.118000,-0.018933,0.088337,1027.09,1027.51,1028.71,1029.52,-0.01,0.01,1.0,1.0,1.0,1.0,1400.01,-0.021531862331966366,-0.026221884239899948,-0.00012534146985383315,0.0003772929145085872,-0.009566623086950365,0.02742938460164946,326.0579769036472,448.77448713705667,6.594743525113362,328.53327334091773,219.45761740757746,5.523904107850379,335.2027715047647,27.854103035395447,-7.772249729872182,-0.6184391546727653,-0.7567170129875893
47560945,19.218000,-0.018933,0.088337,1027.21,1027.53,1028.69,1029.61,-0.01,0.01,1.0,1.0,1.0,1.0,1400.1,-0.021531862331966366,-0.026221884239899948,-0.00012534146985383315,0.0003772929145085872,-0.009566623086950365,0.02742938460164946,326.0496061691824,448.7705351168818,6.6120985883329455,328.60849228823156,219.36016317649145,5.5988166993188155,335.1375911968161,27.85394759074955,-7.771693045898991,-0.6390613194420564,-0.6745292318039922
47561046,19.319000,-0.018933,0.088337,1027.14,1027.45,1028.65,1029.56,-0.01,0.01,1.0,1.0,1.0,1.0,1400.03,-0.021531862331966366,-0.026221884239899948,-0.00012534146985383315,0.0003772929145085872,-0.009566623086950365,0.02742938460164946,326.0998283237299,448.7150142184993,6.583399450811489,328.595817819017,219.36474968002065,5.572108977592643,335.18219622117266,27.86718325228442,-7.725541891974465,-0.6235180003142111,-0.7228218580657066
47561146,19.419000,-0.018051,0.085809,1026.97,1027.46,1028.65,1029.56,-0.01,0.01,1.0,1.0,1.0,1.0,1400.21,-0.021627696234598502,-0.025917796790221385,-0.0005008865498287138,0.0013947729280019486,-0.011936128207549484,0.03252864107545654,326.09418041035804,448.7118068948052,6.572757743394988,328.50824185756505,219.45048275077644,5.51243772115087,335.1773134270312,27.84627403333822,-7.785006933307437,-0.6032871935047894,-0.7868863056783149
47561245,19.519000,-0.018051,0.085809,1027.19,1027.52,1028.59,1029.6,-0.01,0.01,1.0,1.0,1.0,1.0,1400.18,-0.021627696234598502,-0.025917796790221385,-0.0005008865498287138,0.0013947729280019486,-0.011936128207549484,0.03252864107545654,326.0409634974575,448.8043862530458,6.479601530279065,328.55255123629667,219.39289318642872,5.453514028132677,335.14441054029595,27.877556490536282,-7.70493945426503,-0.6272468152631491,-0.7168193801887461
47561346,19.619000,-0.018051,0.085809,1027.18,1027.51,1028.69,1029.62,-0.01,0.01,1.0,1.0,1.0,1.0,1400.05,-0.021627696234598502,-0.025917796790221385,-0.0005008865498287138,0.0013947729280019486,-0.011936128207549484,0.03252864107545654,326.0543817704561,448.7703824996405,6.61378873069375,328.58069759781614,219.358916940425,5.593947327273608,335.1918033891979,27.869295192057848,-7.716614954619471,-0.6309248042342478,-0.7154798414638726
47561446,19.720000,-0.018053,0.085717,1027.17,1027.44,1028.68,1029.6,-0.01,0.01,1.0,1.0,1.0,1.0,1400.06,-0.021676331774267567,-0.02577540718365942,-0.0002600110871752583,0.0007737887052810419,0.0056417480124253535,-0.013727337016929542,326.0874574571309,448.7158671509389,6.5726904923650125,328.5804152506132,219.36641227246295,5.534764110118291,335.1443125290771,27.847519642256223,-7.759763637271634,-0.6227629151327321,-0.7173952005411106
47561546,19.820000,-0.018041,0.085430,1027.26,1027.6,1028.73,1029.55,-0.01,0.01,1.0,1.0,1.0,1.0,1400.04,-0.021689107738272498,-0.02572516544994168,-0.00019012344486098827,0.0008165589213543643,-0.006822465508232583,0.013394230605679059,326.0675919634859,448.76965652022494,6.6260031609680174,328.53941120576866,219.460479015156,5.5376103851380165,335.199597166408,27.853060110102753,-7.777666473004207,-0.6175911789537705,-0.7555911376300373
47561645,19.918000,-0.018041,0.085430,1027.28,1027.48,1028.47,1029.57,-0.01,0.01,1.0,1.0,1.0,1.0,1400.08,-0.021689107738272498,-0.02572516544994168,-0.00019012344486098827,0.0008165589213543643,-0.006822465508232583,0.013394230605679059,326.05606707055614,448.76489794634966,6.5845592464168226,328.5843696852107,219.3638397355215,5.581491488922461,335.1899778871806,27.86283950669557,-7.6773303212299675,-0.6314495901102679,-0.7126699908158924
47561746,20.018000,-0.018041,0.085430,1027.16,1027.43,1028.79,1029.56,-0.01,0.01,1.0,1.0,1.0,1.0,1400.23,-0.021689107738272498,-0.02572516544994168,-0.00019012344486098827,0.0008165589213543643,-0.006822465508232583,0.013394230605679059,326.1037851818338,448.71179711729366,6.562291448941808,328.5325392643205,219.45243393292577,5.540565452970282,335.16254411601346,27.85054716333422,-7.779994327312171,-0.6069638809736516,-0.7678887847108666
47561845,20.119000,-0.017867,0.085116,1027.2,1027.55,1028.67,1029.49,-0.01,0.0,1.0,1.0,1.0,1.0,1400.13,-0.021714479951237802,-0.025630013609959285,-0.00020815292289847048,0.0006648757022172213,0.020245862314307576,-0.07588354842057707,326.0996143966377,448.71460538256156,6.5806878061289105,328.52564539117367,219.45677700618367,5.532638507855415,335.1913348715812,27.8479687449848,-7.710004518810462,-0.6062874702464582,-0.7798278327033543
47561946,20.217000,-0.018130,0.085899,1027.26,1027.57,1028.71,1029.57,-0.01,0.0,1.0,1.0,1.0,1.0,1400.01,-0.02171389979950196,-0.02562877668016751,5.6349083847079066e-05,-0.0001233106657932912,0.0022489125556486825,-0.006656506808036231,326.05587622619674,448.77768936197555,6.639249097865772,328.53762684971684,219.45143957072275,5.522719429116575,335.158421151298,27.845280087079722,-7.7798077566974415,-0.6200262119537563,-0.738969033022189
47562045,20.318000,-0.018143,0.085936,1027.17,1027.46,1028.55,1029.51,-0.01,0.0,1.0,1.0,1.0,1.0,1400.01,-0.021709409015893577,-0.025638822967735078,5.1543602817791965e-05,-0.00010823296925370963,0.0003017173538690771,-0.0005279111995556621,326.0638348312897,448.7767181050854,6.606209640997997,328.594683835177,219.36227078210905,5.593064825934465,335.157495921926,27.857878196847114,-7.7542558864299345,-0.6320486184498931,-0.6986480079524346
47562145,20.417000,-0.018146,0.085933,1027.2,1027.59,1028.65,1029.6,-0.01,0.01,1.0,1.0,1.0,1.0,1400.0,-0.021705072318533008,-0.025647290415923105,3.962730104101431e-05,-6.089902523883144e-05,-0.00022843138780151597,0.001229288724434751,326.10426694920864,448.71063053308217,6.582896212209325,328.4990701835859,219.4349841393297,5.483787896753132,335.1879440015351,27.85267107328346,-7.756697912975941,-0.5984374295402369,-0.8027284721137349
47562247,20.517000,-0.018119,0.085868,1027.16,1027.46,1028.59,1029.56,-0.01,0.01,1.0,1.0,1.0,1.0,1400.12,-0.021704300992579993,-0.02564502650527462,1.560480630560847e-05,-4.426843157471283e-06,0.0008460361477095411,-0.0023580372271166006,326.11754335145145,448.7085303458135,6.619249554547192,328.5416286227114,219.45415613328188,5.508775538859024,335.15180639830925,27.851146402193663,-7.787782405342025,-0.6058103792445828,-0.7642622854193013
47562346,20.622000,-0.018204,0.086068,1027.09,1027.47,1028.76,1029.6,-0.01,0.01,1.0,1.0,1.0,1.0,1400.13,-0.021698485779103622,-0.025655873824518987,8.080330082135289e-05,-0.00014723797095106465,0.0007963704625407528,-0.0014016580474278844,326.10045379291415,448.7177212952354,6.567163043840833,328.5478250686037,219.4101960415243,5.411693913324056,335.1514702050362,27.864422486898285,-7.760652358881915,-0.6114876556491807,-0.7515459402873672
47562446,20.719000,-0.018264,0.086246,1027.16,1027.52,1028.67,1029.57,-0.01,0.02,1.0,1.0,1.0,1.0,1400.14,-0.021688627317576224,-0.025675675362415315,0.00010674332499636972,-0.00022157936759992943,0.0004014952081302365,-0.0007953879478527717,326.0543459304392,448.7743591228572,6.626265919539766,328.58726924028554,219.36120885980702,5.611934392693292,335.15689048087853,27.84778410550476,-7.77637347362834,-0.6325701850687598,-0.6995471078493556
47562545,20.820000,-0.018267,0.086256,1027.25,1027.57,1028.58,1029.43,-0.01,0.02,1.0,1.0,1.0,1.0,1400.15,-0.021679186784744838,-0.02569415820372551,7.649340968181346e-05,-0.00013436073671696218,-0.00022660431745173034,0.001096976003519632,326.0283607182498,448.7825034056359,6.627176075691204,328.5278864709024,219.45428487520016,5.5228941874161,335.1569467458666,27.86192588703105,-7.7962913446001405,-0.6244613364136706,-0.7327102115915445
47562646,20.917000,-0.018220,0.086143,1027.21,1027.51,1028.59,1029.56,-0.01,0.01,1.0,1.0,1.0,1.0,1399.89,-0.021675644436632936,-0.02569686042910248,2.4342569189617725e-05,-3.4958416276822664e-06,-8.903524477630702e-05,0.0001820514118623524,326.0624272778289,448.77196932567216,6.6091846378334695,328.54370280519976,219.45396069068656,5.532921876722555,335.15146294248,27.853549147425507,-7.77080028023724,-0.619929802242348,-0.7353281057918992
47562745,21.018000,-0.018218,0.086145,1027.15,1027.62,1028.72,1029.58,-0.01,0.02,1.0,1.0,1.0,1.0,1400.16,-0.02167379182869826,-0.025696852318179916,2.047517488740293e-05,-3.356118544992237e-06,0.00013217073078375854,-0.00014591737138570603,326.05773610915566,448.77593504826655,6.596185833780742,328.5256323392712,219.44964554772966,5.539238296553928,335.1546925572582,27.85493612714464,-7.776018409432928,-0.6165650716966541,-0.7484784332487238
47562845,21.121000,-0.018211,0.086135,1027.24,1027.58,1028.75,1029.51,-0.01,0.02,1.0,1.0,1.0,1.0,1400.02,-0.021672416262708546,-0.025696020101651482,1.4889221722441022e-05,4.994227703746709e-06,0.0002202610243757191,-0.0003730896419315192,326.057878076412,448.77678455021123,6.626200680464283,328.5478248741315,219.45643550812832,5.51447708936468,335.1810992093661,27.847592219783575,-7.773577666420902,-0.6220897416389284,-0.7385416559243563
47562945,21.221000,-0.018202,0.086118,1027.17,1027.5,1028.7,1029.55,-0.01,0.02,1.0,1.0,1.0,1.0,1400.1,-0.021671351585635004,-0.025695119617558698,5.7819917737771294e-06,1.9978221724685254e-05,-7.186754229434418e-05,0.0002072094616635287,326.054950935561,448.7762606380175,6.616124467798223,328.4860666520267,219.42261065939215,5.775655651999784,335.1831252838519,27.853745326862157,-7.779483614463024,-0.6073042813696603,-0.7875800103939152
47563045,21.319000,-0.018242,0.086302,1027.11,1027.54,1028.73,1029.45,-0.01,0.01,1.0,1.0,1.0,1.0,1400.13,-0.021669059085924838,-0.025701998394244484,3.4500963968640186e-05,-0.00012970350741878576,0.0002855131108908979,-0.0017608846069702992,326.05821707731036,448.7705417441156,6.613043532650513,328.53658992251025,219.45669521927704,5.48902970953248,335.167344976653,27.85200612237683,-7.78805041917924,-0.6192158812192509,-0.7435798877655433
47563146,21.418000,-0.018263,0.086393,1027.22,1027.56,1028.72,1029.49,-0.01,0.01,1.0,1.0,1.0,1.0,1400.14,-0.021666512132629302,-0.02571363984974338,3.733639978858551e-05,-0.0001642947234041574,0.000763261572671322,-0.0030023249815044777,326.09361606649594,448.7049656769912,6.558555487889667,328.5054487242854,219.46576772990542,5.520759799255227,335.14919289672,27.850592425742242,-7.776845354256351,-0.6027884192260511,-0.7802057165554455
47563245,21.518000,-0.018357,0.086669,1027.19,1027.53,1028.66,1029.53,-0.01,0.01,1.0,1.0,1.0,1.0,1400.11,-0.021660007482912,-0.025737851774309366,9.10301622946141e-05,-0.0003218545484216952,0.0012860979681287622,-0.0038841360677744088,326.09285984902317,448.71732363532016,6.572938321114978,328.5420835754343,219.43368313831613,5.448595455332287,335.1731580913909,27.86584540948846,-7.677127309080811,-0.6120142070946825,-0.7584596389432063
47563345,21.618000,-0.018442,0.086891,1027.21,1027.59,1028.66,1029.58,-0.01,0.01,1.0,1.0,1.0,1.0,1400.12,-0.021649667014618203,-0.02577091908053953,0.00012158455683336573,-0.00037973898697166793,0.0009313941322113106,-0.0027789292763388674,326.10035165885773,448.7168129660638,6.597175843441936,328.53787817101767,219.4050933552072,5.454308999023735,335.15890852559653,27.853970733297,-7.781915358397444,-0.6090169401556534,-0.7616262634781363
47563445,21.718000,-0.018512,0.087084,1027.22,1027.54,1028.71,1029.44,-0.01,0.01,1.0,1.0,1.0,1.0,1400.14,-0.021638176856275282,-0.02580674511968969,0.0001317572743994014,-0.00039432292381874417,0.0012887599761551261,-0.0033285377352423305,326.09089434009866,448.7150082797069,6.574732819006458,328.4976793920798,219.4573114289701,5.504521614100018,335.17655980897825,27.856130632787277,-7.793287920727201,-0.601478431912496,-0.7934649571126597
47563545,21.819000,-0.018625,0.087396,1027.17,1027.55,1028.68,1029.56,-0.01,0.0,1.0,1.0,1.0,1.0,1400.05,-0.02162446862097719,-0.025845931283310204,0.0001786780984486738,-0.0005102821163052364,0.00211189196635665,-0.006130059507938126,326.1021420478153,448.7151754020811,6.570726103115179,328.61928352895956,219.3586248731452,5.591901200639958,335.15903574272636,27.842682388484487,-7.759254686828889,-0.6287842796761858,-0.698167655749014
47563645,21.918000,-0.018690,0.087588,1027.17,1027.49,1028.62,1029.46,-0.01,0.0,1.0,1.0,1.0,1.0,1400.09,-0.021608707433781196,-0.025891122443340266,0.00016735448608942087,-0.00047527069911815114,0.0014996067651299552,-0.004078304018838878,326.06476522417614,448.80224412034033,6.527752922072175,328.5974764740948,219.3645246530814,5.5887019229169095,335.1401452027786,27.855635808106364,-7.8294647935326624,-0.6137817187532931,-0.7736490652235062
47563745,22.018000,-0.018721,0.087733,1027.18,1027.61,1028.69,1029.48,-0.01,0.0,1.0,1.0,1.0,1.0,1400.12,-0.02159554877600892,-0.02593176871594576,0.0001310830693383194,-0.00041773421652290297,0.000435051541366275,-0.00141920335621211,326.0935030413583,448.71898794177,6.581310361934177,328.48113812191093,219.45733874907634,5.526801841030698,335.169655825755,27.853048509162416,-7.778985907670135,-0.5966827337668026,-0.8059023337926701
47563845,22.118000,-0.018736,0.087757,1027.17,1027.51,1028.74,1029.38,-0.01,0.0,1.0,1.0,1.0,1.0,1400.16,-0.021587799652057586,-0.025955854267051447,0.00010549426192772016,-0.0003217068271104058,0.0015821048543816665,-0.004757364677369581,326.06419760113346,448.77134498699644,6.610942742618989,328.512153847542,219.43595592675626,5.4744055223993175,335.18630916431385,27.867506291356207,-7.730690724813855,-0.6115594956552002,-0.7722321546720179
47563946,22.218000,-0.018778,0.087900,1027.2,1027.66,1028.69,1029.46,-0.01,-0.0,1.0,1.0,1.0,1.0,1400.07,-0.02158244982489395,-0.025972738370488056,0.00011922179642985333,-0.00038146850721153724,0.0008930187329981883,-0.00324172953089728,326.05478722424516,448.76236763638457,6.608781092454227,328.4931037960881,219.45220073094225,5.507890493490065,335.1700096691739,27.855833075805922,-7.786353291222659,-0.6092184467994691,-0.7774452799679341
47564046,22.318000,-0.018841,0.088092,1027.18,1027.56,1028.57,1029.57,-0.01,-0.0,1.0,1.0,1.0,1.0,1400.18,-0.0215676325191876,-0.02602125628955974,0.00010257656841799712,-0.0003334205041156361,-0.0004599509748104194,0.0014813964291386476,326.05077656769976,448.7799634264067,6.618801233303961,328.58519970431524,219.36687877439235,5.539341779749592,335.19723752996833,27.848627766834316,-7.713137454854918,-0.6329449011137024,-0.711422800818801
47564147,22.419000,-0.018805,0.087994,1027.27,1027.52,1028.75,1029.43,-0.01,-0.0,1.0,1.0,1.0,1.0,1400.11,-0.021561321092404922,-0.02604319723176261,2.945029678953613e-05,-0.00012722155299200536,-0.000534453381915663,0.0012043362060170316,326.09216350931155,448.7230384248559,6.572997671379924,328.5970197832356,219.368442304134,5.606790520298052,335.1682071587614,27.851175776149876,-7.74537656896426,-0.6257209996093135,-0.7136740848370686
47564246,22.519000,-0.018773,0.087889,1027.21,1027.58,1028.64,1029.53,-0.01,-0.0,1.0,1.0,1.0,1.0,1400.0,-0.021560651326873976,-0.02604928723670548,-1.1767804918739653e-05,6.58260890348089e-06,-0.0005218151003718584,0.0017354343133881584,326.0638899628714,448.7703245275809,6.5897962080754064,328.574167362984,219.36458898975155,5.538707359908914,335.16330536611514,27.86147514523809,-7.75646588434584,-0.626935328794337,-0.7167548522695621
47564346,22.618000,-0.018725,0.087768,1027.21,1027.61,1028.53,1029.49,-0.01,-0.0,1.0,1.0,1.0,1.0,1400.14,-0.021563680303031234,-0.026043612305612026,-4.9839104594373495e-05,9.699396387797152e-05,-0.0008822927546321123,0.002034490556457418,326.09016243385605,448.72637332462165,6.568529643758324,328.54306127447194,219.4796073545074,5.522531066429652,335.1538892246588,27.855286566066955,-7.780816029698382,-0.6130310610563705,-0.7497955241582734
47564446,22.718000,-0.018759,0.087804,1027.21,1027.57,1028.62,1029.47,-0.01,-0.01,1.0,1.0,1.0,1.0,1400.15,-0.021565626395553802,-0.02603830870335152,-6.488732393399134e-06,3.485609601349628e-05,0.0003480574651227613,-0.0005150153449306356,326.03653896961697,448.7828429657444,6.567500178892162,328.52247193680813,219.4619540382578,5.528477564367942,335.1960909624306,27.875631360041098,-7.709982739721477,-0.6210855404304653,-0.7528338809593211
47564546,22.818000,-0.018789,0.087925,1027.31,1027.55,1028.66,1029.56,-0.01,-0.01,1.0,1.0,1.0,1.0,1400.18,-0.021564241254718793,-0.02604216261997265,1.6873702933218254e-05,-6.741602695817379e-05,0.00011046784022569882,-0.0009166826490074365,326.09517329328133,448.71451467640867,6.579636099857496,328.52441884322326,219.45918786177478,5.519156265268446,335.197579615534,27.83901212810891,-7.726640462629778,-0.6070973810236309,-0.780321177007633
47564647,22.918000,-0.018856,0.088095,1027.22,1027.56,1028.66,1029.61,-0.02,-0.0,1.0,1.0,1.0,1.0,1400.12,-0.02156026591422745,-0.026053127686803478,6.519683389082358e-05,-0.00018174779703939982,0.0011061333597802293,-0.003339352124535435,326.08731834855723,448.7184737315306,6.590872937763932,328.53348326033216,219.4278344342698,5.799468603035028,335.176777782985,27.854516159927122,-7.769130931634231,-0.6112312695994045,-0.7636192239827639
47564747,23.019000,-0.018924,0.088284,1027.27,1027.51,1028.78,1029.5,-0.02,-0.01,1.0,1.0,1.0,1.0,1400.07,-0.02155247749460449,-0.026074459100714126,9.767932721229693e-05,-0.0002628186557215053,0.0012548982700452739,-0.003302018776253043,326.0932568599996,448.715549847248,6.5823633713982925,328.57653765858487,219.36552863448725,5.5714217357641855,335.1716649903158,27.855147304187945,-7.766928951386626,-0.6203441737664922,-0.7316521969217822
47564847,23.119000,-0.018950,0.088331,1027.19,1027.58,1028.67,1029.65,-0.02,-0.01,1.0,1.0,1.0,1.0,1400.18,-0.021544098880602446,-0.02609534755337146,8.717259662361339e-05,-0.00020344087669692674,0.0005592433719579973,-0.000957976693898844,326.0536648676442,448.78500696960725,6.603842072023951,328.54299149112006,219.48095105748675,5.515344473843255,335.15570186544545,27.858426660716418,-7.762908368067277,-0.6219789970382932,-0.732480342314755
47564947,23.219000,-0.018910,0.088238,1027.2,1027.57,1028.69,1029.54,-0.02,-0.0,1.0,1.0,1.0,1.0,1400.14,-0.02153984017517583,-0.02610500767248474,3.1168459497458777e-05,-6.143201230735341e-05,-0.00013393837505845877,0.0007382291897584839,326.0974303695248,448.711191406291,6.606921490035108,328.5188582420467,219.45700875481162,5.537740046376214,335.1511653124974,27.854881987429728,-7.775625843725873,-0.6051468158287848,-0.7722080554053752
47565047,23.324000,-0.018914,0.088216,1027.3,1027.53,1028.68,1029.58,-0.02,-0.01,1.0,1.0,1.0,1.0,1400.13,-0.021537689597630496,-0.02610644323682998,3.17218585067568e-05,-2.9180065975133643e-05,0.0005001867172762206,-0.0007558441871292104,326.05726489701436,448.7756024958787,6.6211167259036126,328.5651962275996,219.36893203650118,5.541137934344301,335.19406105976975,27.854152955961144,-7.728451841751521,-0.6263468982466321,-0.7296827778220825
47565148,23.419000,-0.018852,0.088077,1027.27,1027.58,1028.72,1029.6,-0.02,-0.01,1.0,1.0,1.0,1.0,1400.07,-0.02153766227360609,-0.026102887866733322,-2.4820764953326725e-05,9.33163027527461e-05,-0.0009046857092925034,0.0022490972386752,326.0607226173,448.7764069976047,6.5785470008243685,328.5355063037667,219.46555440820433,5.5371241097084685,335.1542241021416,27.86163880844525,-7.772252716518111,-0.6183272799463196,-0.7417698535900585
47565247,23.521000,-0.018845,0.088050,1027.25,1027.59,1028.55,1029.58,-0.02,-0.01,1.0,1.0,1.0,1.0,1400.06,-0.021539734559226885,-0.026094945727545085,-1.8627689414900852e-05,8.196923181229966e-05,-4.1959418397665854e-05,0.00040214260967711833,326.09736192954756,448.7178124695326,6.552773523159284,328.5561560053849,219.48041036748694,5.525776318961604,335.17019879337823,27.853052193372474,-7.760105820504857,-0.6145293908934499,-0.7477276509061641
47565347,23.620000,-0.018857,0.088055,1027.24,1027.57,1028.76,1029.56,-0.02,-0.01,1.0,1.0,1.0,1.0,1400.15,-0.02154016584605915,-0.02608925324204822,2.111043667840448e-06,5.053678814585959e-05,0.0001379355394546089,0.00011240802153204431,326.05172662196804,448.7692158186897,6.623662721198094,328.53969380126114,219.4541044599978,5.500104942860387,335.16584334558564,27.847398358393388,-7.7707253150781055,-0.6216093879164809,-0.737396496327406
47565447,23.720000,-0.018855,0.088066,1027.25,1027.63,1028.66,1029.68,-0.01,-0.01,1.0,1.0,1.0,1.0,1399.98,-0.021539630301217243,-0.026086574213009837,3.090323974674076e-06,2.8705717657447816e-05,-0.0001429556808418431,0.0005220143175774629,326.0556618208874,448.76631955535464,6.609397820339034,328.58158498727136,219.36339835422737,5.544125430363832,335.1473082124618,27.853556481708104,-7.758321855231461,-0.630850242510001,-0.701858885171253
47565547,23.821000,-0.018790,0.087877,1027.29,1027.52,1028.72,1029.64,-0.01,-0.01,1.0,1.0,1.0,1.0,1400.03,-0.02154220064522354,-0.026075776610498355,-4.41113965311576e-05,0.00016466162221835364,-0.0005765041687545763,0.001862147278265385,326.06402513968766,448.7698846606075,6.620567943439201,328.5451073867993,219.48678324830644,5.523843025683307,335.18419474398,27.853445227275127,-7.733452140789603,-0.6199758827947045,-0.7442520760816413
47565648,23.921000,-0.018758,0.087821,1027.19,1027.57,1028.68,1029.54,-0.01,-0.01,1.0,1.0,1.0,1.0,1400.15,-0.02154664497073494,-0.026061848204166103,-5.288030851574289e-05,0.00015168284188739065,-0.00047390300000046287,0.0011015496258944967,326.0636446403334,448.77740973536703,6.595948415705243,328.5180516297187,219.46342002196855,5.531224285672708,335.165304842972,27.85318170175538,-7.786663181661185,-0.6132281426580141,-0.7604254155844987
47565748,24.020000,-0.018765,0.087852,1027.31,1027.49,1028.74,1029.57,-0.01,-0.01,1.0,1.0,1.0,1.0,1400.14,-0.021550264186834187,-0.02605218702494711,-2.9526728565748345e-05,7.218448668782458e-05,9.085746129644642e-05,-0.00046658078106283493,326.04354181120857,448.81321844894023,6.493456121192087,328.5394409176321,219.46192061323754,5.522608262022255,335.19109205703893,27.853527219142734,-7.707146562198433,-0.6234926134263556,-0.7412290994686519
47565847,24.121000,-0.018755,0.087863,1027.28,1027.63,1028.78,1029.64,-0.01,-0.01,1.0,1.0,1.0,1.0,1400.19,-0.02155287205791562,-0.02604788605968801,-3.140825709417572e-05,3.807546038930186e-05,-0.00025640562306763044,-3.3635999824607945e-05,326.063353711749,448.7791514733592,6.596046910854955,328.5217863349778,219.45321029709825,5.521673549500255,335.1874102084302,27.855679759598065,-7.792288432351624,-0.6142018526239739,-0.7640966537530185
47565947,24.219000,-0.018780,0.087965,1027.2,1027.59,1028.63,1029.63,-0.01,-0.02,1.0,1.0,1.0,1.0,1400.1,-0.021553948549063718,-0.02605280305137302,-1.3388745851488396e-05,-4.378025445334597e-05,-0.0004650757983977506,0.001309827145258576,326.0940687530812,448.711353942568,6.585905920223917,328.52200844629147,219.4607703385693,5.531763731656957,335.19660745741686,27.877203097608835,-7.713077645030292,-0.6067836094846302,-0.78175913598537
47566047,24.321000,-0.018796,0.088035,1027.3,1027.51,1028.7,1029.57,-0.01,-0.02,1.0,1.0,1.0,1.0,1400.0,-0.02155492816112418,-0.026057035138763385,-2.714563953084022e-06,-9.60853722487425e-05,0.0004631293603200723,-0.002074584879691076,326.05899526919717,448.78093597866877,6.6095730484268636,328.5340004870053,219.4694076495198,5.504409203231192,335.17254119397506,27.854026741933207,-7.746388665826795,-0.6183808033639226,-0.7474647743155562
47566147,24.419000,-0.018819,0.088067,1027.24,1027.56,1028.88,1029.69,-0.01,-0.01,1.0,1.0,1.0,1.0,1400.0,-0.021554466390453112,-0.02606587403875917,6.028434345282635e-06,-8.7688245051827e-05,6.495849784965885e-05,-0.0003447377298817991,326.10160289162866,448.7165094545965,6.566966008496136,328.5832773778607,219.3732168793486,5.609825210547319,335.19218865765436,27.870894220093092,-7.749215802516307,-0.6199611218335678,-0.7366203720480029
47566247,24.519000,-0.018823,0.088034,1027.23,1027.61,1028.72,1029.52,-0.01,-0.02,1.0,1.0,1.0,1.0,1400.13,-0.021554017858794513,-0.026070525225726088,2.6730225248308004e-06,-3.2844763984668144e-05,-2.3403708279799786e-05,0.00012068558910033824,326.0738542212631,448.77809021468806,6.35896120016433,328.5153394936491,219.46292934656537,5.540580082046938,335.1556221559588,27.85285210073627,-7.7713085469434695,-0.6099968097784537,-0.7648078995629113
47566348,24.621000,-0.018860,0.088117,1027.27,1027.61,1028.77,1029.57,-0.01,-0.02,1.0,1.0,1.0,1.0,1400.03,-0.021552269407240313,-0.02607619732275375,3.116197251843155e-05,-8.765391463356956e-05,0.0004718464500559039,-0.0011413606519132132,326.1095048082627,448.71130679262694,6.558232708793612,328.53966639721136,219.45528429080605,5.51043302856298,335.1924628945468,27.850031133045093,-7.7256533612306955,-0.6073244501123607,-0.7739400693809366
47566448,24.721000,-0.018902,0.088224,1027.3,1027.51,1028.74,1029.55,-0.01,-0.02,1.0,1.0,1.0,1.0,1400.05,-0.02154839563033646,-0.02608622743074658,5.513230857717902e-05,-0.00014397479078665922,0.0007188668538412477,-0.0019853865329041865,326.08947177573947,448.72247569084254,6.5476812645559495,328.535747972462,219.457012863079,5.519023386291224,335.1725577685863,27.853935825971497,-7.775298608153633,-0.6113261941006416,-0.7611843286387552
47566547,24.821000,-0.018945,0.088358,1027.27,1027.42,1028.68,1029.57,-0.01,-0.02,1.0,1.0,1.0,1.0,1400.08,-0.021542236451435662,-0.02610326406635737,6.981048136034484e-05,-0.00019197570773881885,0.0005866178236433813,-0.001529410635610817,326.0928486190696,448.71780963251723,6.55515876981321,328.5506052372679,219.4790741591275,5.510161650436791,335.15217335678847,27.86035850741725,-7.781995513454792,-0.614266545078059,-0.7446168185600379
47566648,24.920000,-0.018964,0.088391,1027.21,1027.58,1028.65,1029.6,-0.01,-0.02,1.0,1.0,1.0,1.0,1400.09,-0.02153672625744998,-0.02611752339741067,6.47920429442857e-05,-0.00015284336651419746,0.0009349215511056598,-0.0018963236855917037,326.071224096796,448.77002607538714,6.6025770430300605,328.5881582557732,219.36839476444467,5.599839954735016,335.16020411881243,27.852858126580752,-7.763766657386209,-0.6286089493313803,-0.7081724536566523
47566747,25.020000,-0.019004,0.088490,1027.17,1027.57,1028.64,1029.58,-0.01,-0.02,1.0,1.0,1.0,1.0,1400.07,-0.021530212280190034,-0.026133000876351998,7.808038130412609e-05,-0.0001728769087274256,0.000742595430863662,-0.0011950547030801985,326.09220135032007,448.70478903376136,6.564033786298039,328.5250417594499,219.45416765354025,5.516264219076068,335.14075330567897,27.866567510318717,-7.7722088856850835,-0.6080081900859357,-0.7616784084022774
47566848,25.119000,-0.019062,0.088618,1027.24,1027.58,1028.77,1029.5,-0.01,-0.02,1.0,1.0,1.0,1.0,1400.12,-0.021521161710474496,-0.026151449518911584,0.00010397502975495494,-0.00020399701702667036,0.0010471529940100598,-0.0019086141998887706,326.09029686500145,448.7348980876613,6.574404178762971,328.57370312534573,219.3746221645342,5.600335787057455,335.1967463726208,27.876840754532275,-7.710728039920558,-0.6203477778516084,-0.7401171127893387
47566949,25.231000,-0.019116,0.088751,1027.21,1027.51,1028.76,1029.59,-0.01,-0.01,1.0,1.0,1.0,1.0,1400.09,-0.02151077122822863,-0.02617156023097233,0.00012154722566610476,-0.00023110766762281292,0.0006929252608403017,-0.0011300085642560154,326.09348706976624,448.72135873097625,6.571579820659245,328.5193873627819,219.45255661119796,5.517178165915244,335.15755254122564,27.8532305858682,-7.802225067388297,-0.6062257935006107,-0.7718287642256687
47567049,25.321000,-0.019125,0.088790,1027.27,1027.67,1028.83,1029.58,-0.01,-0.01,1.0,1.0,1.0,1.0,1400.25,-0.021502120160986016,-0.026187299596342358,0.00010261767809581681,-0.0001868798814138049,0.0011026068159416585,-0.002037379813764696,326.1034677236246,448.7221138670748,6.540312626560862,328.53195890552826,219.4539320001548,5.50559339217262,335.16306989030585,27.855481634149214,-7.762644831365927,-0.6068748427783303,-0.7684327609189732
47567148,25.423000,-0.019199,0.088973,1027.31,1027.57,1028.76,1029.59,-0.01,-0.01,1.0,1.0,1.0,1.0,1400.13,-0.02149083881461987,-0.026208080357055397,0.0001395191256341039,-0.0002592683105280506,0.001585536442193001,-0.002980352327244929,326.0872096708858,448.72239836729943,6.576024746845732,328.53517402348905,219.454400144255,5.515266325192337,335.156998973946,27.85567479414954,-7.759362888793737,-0.6117412688331585,-0.755923483415301
47567251,25.523000,-0.019229,0.089061,1027.28,1027.67,1028.68,1029.45,-0.01,-0.01,1.0,1.0,1.0,1.0,1400.02,-0.021479055407315827,-0.02622943812789953,0.00013142879463603856,-0.00023359838967181,0.0005407958964483885,-0.000836090214949133,326.0908901353272,448.714026165343,6.568067282100673,328.5438979463356,219.45547964134119,5.525807088572467,335.15367056250153,27.850529260166496,-7.785838882836314,-0.613026793100163,-0.7496884499240479
47567351,25.624000,-0.019268,0.089156,1027.31,1027.54,1028.74,1029.54,-0.01,-0.01,1.0,1.0,1.0,1.0,1400.01,-0.021467281001108167,-0.02624924446897592,0.00013452994411542276,-0.00022256904574371181,0.0011961410083335998,-0.002022372658479784,326.09698854063953,448.73362273572207,6.555007866599196,328.5234874960649,219.46073274267445,5.498676045777823,335.1489636529483,27.859810827884793,-7.776958449566681,-0.606364575715627,-0.7677447380575435
47567451,25.724000,-0.019315,0.089310,1027.27,1027.64,1028.68,1029.48,-0.01,-0.01,1.0,1.0,1.0,1.0,1400.08,-0.02145410266528442,-0.026272019583707968,0.0001406692249307095,-0.0002542662418443224,0.0008212697176271651,-0.0019033560146880213,326.09291284697764,448.7199051561573,6.553104282189549,328.53195558640283,219.4533037465379,5.504949201169829,335.18897881058183,27.859033723144318,-7.793320720029099,-0.6095156577018057,-0.7710552102553581
47567551,25.827000,-0.019327,0.089412,1027.24,1027.61,1028.77,1029.4,-0.02,-0.01,1.0,1.0,1.0,1.0,1400.14,-0.021443202143749472,-0.026294303500325758,0.00011356919239092495,-0.00023917726440383938,0.0007762452955418457,-0.0015813305181118398,326.0525362259944,448.77592471849175,6.626692958359887,328.53544024749175,219.45406628122237,5.518482149952653,335.1575815696238,27.85692124955519,-7.779620807128196,-0.6203262253769356,-0.7388643795886405
47567651,25.922000,-0.019303,0.089371,1027.24,1027.59,1028.73,1029.49,-0.02,-0.0,1.0,1.0,1.0,1.0,1400.26,-0.021435537264000378,-0.026309603557949035,6.228032166468257e-05,-0.00011814319660116158,-9.665337188499709e-05,0.00038397125565311363,326.03934086964836,448.7810183586568,6.589245699555338,328.5508006773333,219.48614932387147,5.537400948434532,335.14944568559554,27.86256276069708,-7.777212254428406,-0.6275338568695754,-0.7171590991814718
47567750,26.024000,-0.019255,0.089257,1027.27,1027.56,1028.63,1029.52,-0.02,-0.0,1.0,1.0,1.0,1.0,1400.14,-0.021432816797519825,-0.026313092300788866,7.533208703183699e-06,1.5943000700481316e-05,-0.00043513911209145756,0.0013160051381852858,326.06535479583977,448.77792701673036,6.615704584450563,328.54221155980235,219.4862457018114,5.520223621347707,335.16315298824264,27.85416454569735,-7.77786783577443,-0.6188969384053616,-0.7410040316162514
47567853,26.123000,-0.019228,0.089190,1027.22,1027.64,1028.69,1029.48,-0.02,-0.0,1.0,1.0,1.0,1.0,1400.19,-0.021433686619157004,-0.026308211414996854,-1.091039481569358e-05,5.892238911197701e-05,7.167585507197737e-05,9.573804044335529e-05,326.05969354101717,448.7774338364616,6.601998342054528,328.5369706661415,219.4558185909724,5.501703560820232,335.16139668344044,27.855417208331673,-7.780441031096999,-0.6189211730740507,-0.7423232629985839
47567951,26.227000,-0.019200,0.089121,1027.23,1027.66,1028.71,1029.51,-0.02,-0.0,1.0,1.0,1.0,1.0,1400.1,-0.02143516341203767,-0.02630194863305185,-2.878525199407906e-05,9.770228904133485e-05,-0.0006076080186880976,0.0017004908443199046,326.09998426272676,448.71756771495143,6.568664118409681,328.54612107125695,219.48673829890942,5.554205308900495,335.1397021263215,27.863787636992633,-7.786197024750411,-0.6128772811873852,-0.748807004733453
47568056,26.323000,-0.019172,0.089019,1027.26,1027.58,1028.8,1029.49,-0.02,0.0,1.0,1.0,1.0,1.0,1400.02,-0.021439016075083077,-0.026289214586748117,-3.568442561027482e-05,0.00013709709452807445,0.00010393073856341826,0.0005474383910258327,326.09575435588255,448.7112024586876,6.564848834332319,328.4860528821889,219.44351037336938,5.515028692559991,335.14326243310643,27.85874296070798,-7.780776012463384,-0.5973325514663903,-0.7954545187955329
47568156,26.428000,-0.019253,0.089217,1027.27,1027.59,1028.72,1029.33,-0.02,0.0,1.0,1.0,1.0,1.0,1400.05,-0.021437653870851496,-0.0262877726418597,4.5861882448548614e-05,-6.576877909905034e-05,0.001043601356176611,-0.0022165536801383697,326.1148911974638,448.70701673035205,6.597105836524341,328.53749699670016,219.44433988405692,5.51446653975186,335.20923042635667,27.869049885700107,-7.7330808667824025,-0.6054187434097923,-0.7837190177961895
47568257,26.529000,-0.019321,0.089421,1027.27,1027.58,1028.74,1029.53,-0.02,0.0,1.0,1.0,1.0,1.0,1400.18,-0.021431307177744663,-0.026299997649351575,9.231296082007772e-05,-0.00020537010331120534,0.0016309400500619108,-0.004309911019857959,326.09437238025976,448.70937827531,6.5682638359388426,328.5356059102053,219.4546583072822,5.506222422273999,335.1548467550116,27.86016021185502,-7.763971377608826,-0.6100947088550283,-0.7584883936638305
47568357,26.632000,-0.019364,0.089566,1027.31,1027.7,1028.75,1029.48,-0.02,0.0,1.0,1.0,1.0,1.0,1400.21,-0.021422744163983213,-0.02632103705943642,9.96234269699039e-05,-0.00024276622740115926,0.0009651380442107745,-0.002191900110835121,326.05274671043907,448.7889020811503,6.597597473553152,328.5283945702489,219.46721806222882,5.537816615464345,335.15869934617876,27.85528899215611,-7.780905647191027,-0.6185282493340495,-0.7447458407036092
47568458,26.732000,-0.019362,0.089587,1027.34,1027.59,1028.86,1029.5,-0.02,0.0,1.0,1.0,1.0,1.0,1400.17,-0.021415323266961234,-0.02633960268585744,6.571880186890604e-05,-0.0001693463259898983,-1.7260189648366842e-05,-8.220412217940094e-05,326.09185785475535,448.716452374605,6.579468035297891,328.5225981718116,219.45966206373217,5.542750126320641,335.15833222375164,27.86244952966246,-7.791871566865576,-0.6074670355399276,-0.7686420113490873
47568557,26.832000,-0.019358,0.089586,1027.31,1027.57,1028.69,1029.57,-0.02,0.0,1.0,1.0,1.0,1.0,1400.25,-0.021411075716275953,-0.02635064069952157,4.3140376244152916e-05,-0.00011232286969413478,0.00045418479346692384,-0.0011569393111769627,326.06086779361743,448.7865726576293,6.603696247059202,328.52239371762175,219.46503017206834,5.531206956509056,335.151370273614,27.856011191387463,-7.760819237014049,-0.6167017161721199,-0.7480322866132629
47568657,26.930000,-0.019365,0.089621,1027.29,1027.59,1028.73,1029.52,-0.02,0.0,1.0,1.0,1.0,1.0,1400.08,-0.021407389882187423,-0.02636049822973821,3.357909673013557e-05,-9.780049016986193e-05,8.036481362958683e-05,-0.000590461978485299,326.0919599478958,448.71526341710006,6.565772616261508,328.52376282506924,219.45964557296094,5.5432187285110635,335.2017579690809,27.867105432452508,-7.694640968246432,-0.6077356681955476,-0.7807475561560859
47568758,27.031000,-0.019369,0.089694,1027.29,1027.57,1028.66,1029.57,-0.02,0.0,1.0,1.0,1.0,1.0,1399.96,-0.02140541127946561,-0.026370041181054196,2.1842437535290895e-05,-0.00012476553636443829,0.00018177868262753475,-0.0014621667290648235,326.0537143358013,448.7754634768205,6.609007751334527,328.52603987952205,219.45990028209997,5.510308708044791,335.14876176549546,27.857908503993695,-7.780406851895612,-0.6177004699422778,-0.7442392586094733
47568857,27.135000,-0.019325,0.089615,1027.31,1027.65,1028.74,1029.52,-0.02,0.0,1.0,1.0,1.0,1.0,1400.02,-0.02140649002375375,-0.026375788491126404,-3.0076860389163484e-05,-2.1079039798069265e-05,-0.0006400804546544767,0.0005792942409991472,326.0954963976381,448.7197090971761,6.573212487857985,328.5214517797028,219.44419038840286,5.557831328468602,335.153876092326,27.86081261320326,-7.785733115182876,-0.6062218007108294,-0.7702869660641445
47568958,27.229000,-0.019352,0.089662,1027.24,1027.66,1028.68,1029.48,-0.02,0.0,1.0,1.0,1.0,1.0,1400.11,-0.021408046801037573,-0.026378783106096634,-6.097944282065128e-06,-5.6938042695534326e-05,0.000157964313420836,-0.0009050184455633509,326.0918416991553,448.7163632992821,6.565923767620931,328.53191487829855,219.4638246514429,5.5161165319004715,335.20371738308864,27.872809262605625,-7.688565768126231,-0.6098105464268526,-0.7747924670155766
47569057,27.331000,-0.019323,0.089603,1027.21,1027.55,1028.65,1029.59,-0.02,0.01,1.0,1.0,1.0,1.0,1400.1,-0.021410585388798645,-0.026379267004599194,-3.466530832500401e-05,1.2027905900058563e-07,-0.00017270193610143406,-0.0005116675345368021,326.03881029482056,448.81473951457286,6.499046485353804,328.49538915697417,219.4263920484234,5.771669879475829,335.15780151257434,27.855666134691898,-7.779078076587654,-0.6135717961195581,-0.764675979755594
47569158,27.431000,-0.019313,0.089562,1027.21,1027.63,1028.67,1029.56,-0.02,0.01,1.0,1.0,1.0,1.0,1400.12,-0.021413969006997418,-0.0263779405561453,-4.1116089971065934e-05,2.980576201165248e-05,-0.00034495201838183196,0.00015171089313090332,326.0573007255655,448.7749432221528,6.612376900237299,328.5221865154386,219.45729616025088,5.539825531428391,335.1508046985235,27.85690550266546,-7.7921473182787695,-0.6158362252353685,-0.7497453882085108
47569257,27.531000,-0.019305,0.089538,1027.24,1027.57,1028.76,1029.5,-0.02,0.01,1.0,1.0,1.0,1.0,1400.11,-0.02141767145360896,-0.02637547492009172,-4.3540250918752335e-05,3.7773180660908135e-05,-0.0004439929755564111,0.000613838450124047,326.0349175452612,448.7847458593841,6.575791446814087,328.52776584167896,219.46150402392044,5.540220152846072,335.15714153618666,27.854235908086963,-7.752221097781185,-0.6228067408117366,-0.7359595393889522
47569357,27.630000,-0.019280,0.089466,1027.31,1027.67,1028.66,1029.52,-0.02,0.01,1.0,1.0,1.0,1.0,1400.11,-0.02142217262441674,-0.026370251533971437,-5.871173187644006e-05,7.938500815753481e-05,-0.0007609953939669201,0.0013483898359640022,326.05438842025563,448.77834060829105,6.618149017939935,328.5661979848381,219.36850899875984,5.55337433528529,335.147083360361,27.86015351117956,-7.790283235007286,-0.6273067526069523,-0.7134919918221512
47569458,27.729000,-0.019268,0.089398,1027.19,1027.61,1028.63,1029.45,-0.02,0.01,1.0,1.0,1.0,1.0,1400.23,-0.021427199686365705,-0.02636249471471452,-5.628861022201477e-05,0.00010477046935704356,-0.0006924096821034093,0.002000077562856397,326.0349879773517,448.78361323912895,6.618243676833146,328.525662889729,219.45756297493506,5.506107443901151,335.16356755503904,27.855539738465207,-7.776708968924558,-0.6222561709863044,-0.739662289317965
47569558,27.830000,-0.019187,0.089176,1027.21,1027.65,1028.77,1029.52,-0.02,0.01,1.0,1.0,1.0,1.0,1400.18,-0.02143563418717479,-0.026343921436027633,-0.00010488340957496551,0.00023079511491782209,-0.0008253186375630282,0.0017156837670589085,326.0995140495133,448.7185761934491,6.58554198298423,328.53112372870373,219.45794692184597,5.508684035593567,335.1467022429953,27.85744097482239,-7.7776589651807555,-0.6076741069119063,-0.7621737330011069
47569658,27.931000,-0.019155,0.089068,1027.18,1027.64,1028.7,1029.53,-0.02,0.01,1.0,1.0,1.0,1.0,1400.15,-0.021445733714152936,-0.02632163707768376,-9.790942898277109e-05,0.00022334533268980245,-0.00012195831315295403,0.0005871004080293728,326.100210160661,448.71325400056577,6.566035801779875,328.50153845723486,219.43026927462455,5.77115374618571,335.1613088501863,27.853278409380426,-7.784879622504513,-0.6000486542896816,-0.7908679899934583
47569758,28.030000,-0.019156,0.089046,1027.28,1027.59,1028.58,1029.5,-0.02,0.01,1.0,1.0,1.0,1.0,1400.14,-0.021453347929826713,-0.026303640793087255,-6.615973761944278e-05,0.0001532888015801549,0.00031803579143771174,-0.0008984979580737452,326.06060056251096,448.7809186171875,6.597942058326906,328.5353809220604,219.45207582058444,5.508785575110175,335.15058465316713,27.861512664694466,-7.7622090976188485,-0.6182779465597913,-0.7409566511112722
47569858,28.132000,-0.019180,0.089082,1027.35,1027.57,1028.68,1029.54,-0.02,0.01,1.0,1.0,1.0,1.0,1400.12,-0.02145651021471052,-0.026295937360288634,-2.8520908491931896e-05,7.780379021922248e-05,-0.00019549943298584747,0.0007220061425386377,326.0539959832986,448.7783165659154,6.603863606624728,328.53313476148685,219.47995170112304,5.513635120725546,335.16270254489416,27.855665379131768,-7.75854859252324,-0.6194490505361689,-0.7425564422068034
47569958,28.232000,0.709220,-2.896050,1027.27,1027.51,1028.67,1029.58,-0.02,0.01,1.0,1.0,1.0,1.0,1400.09,-0.0214581581476643,-0.02629008013079099,-1.237938422567973e-05,5.304377494704649e-05,-0.00012707410448348957,0.0004246518922467907,326.0560507366519,448.7766220728096,6.610045862386149,328.52321411693094,219.46442032003495,5.532052810981903,335.1450715623164,27.86752201778531,-7.789610624535693,-0.6164198591940528,-0.7465948688848107
47570058,28.330000,1.952874,-9.155599,1027.32,1027.55,1028.64,1029.7,-0.02,0.01,1.0,1.0,1.0,0.12,1400.06,-0.021459669949338497,-0.026285034520116216,-1.620415784591608e-05,5.184143611045783e-05,-0.00011416036894252591,0.0003767791397934375,326.05225296845094,448.7687852507849,6.614671442240086,328.5457238104326,219.47629329032165,5.517678976993525,335.15880295963046,27.86387669680134,-7.7634423072617125,-0.623045801135425,-0.73056105066971
47570158,28.430000,1.948580,-9.143793,1027.28,1027.55,1028.69,1029.68,-0.02,0.01,0.23,1.0,1.0,0.65,1399.0,-0.021460074770938805,-0.026281261412745595,-2.4672519485020015e-06,4.368218603764736e-05,-0.00021443177257099753,0.0007857977683378429,326.0998814435767,448.7211480908098,6.557961920746126,328.5261556741734,219.45897990072663,5.5061258405188,335.16211576855864,27.859786982464602,-7.759410024066619,-0.6063367756377195,-0.7709495598313527
47570259,28.530000,1.947476,-9.134253,1027.22,1027.58,1030.64,1036.55,-0.02,0.01,0.25,1.0,1.0,0.1,1397.15,-0.02146153686949591,-0.02627387009772498,-1.0766930570260524e-05,6.77141733387838e-05,0.0003193516302042272,-0.0006384491607421527,326.0889249323241,448.7315747456179,6.571160295798018,328.45789212474017,219.4653621447025,5.722062921521156,335.2555432110391,27.83829842259558,-7.813217937118587,-0.5920060794384084,-0.8476083572124777
47570358,28.637000,1.948084,-9.121658,1027.31,1027.59,1030.81,1037.25,-0.02,0.01,0.25,1.0,1.0,0.04,1396.68,-0.021461944599309758,-0.026268294990266342,9.014989487556422e-06,-1.7857850742024711e-06,0.0007264448144671641,-0.002959180836547399,326.06416931685925,448.7721988996371,6.619603337347498,328.12892465721876,219.4564829061261,5.575043189332176,336.70597522415574,27.95402225776277,-9.394550884201522,-0.515876416910723,-1.5327081771383961
47570458,28.730000,1.946969,-9.107574,1027.31,1027.61,1030.17,1036.6,-0.02,0.01,0.26,1.0,1.0,0.09,1396.31,-0.02144176917212677,-0.026380376332286612,0.0003949959220311426,-0.002419919553562763,0.00741040487117499,-0.0520322529307901,326.10268400793757,448.72993653256617,6.570242374567173,328.77983085473346,219.38053580237846,5.485745544515646,337.20637793623473,27.988357513606495,-9.299087615284726,-0.6687710929673818,-1.1834280443551606
47570558,28.830000,1.946276,-9.091482,1027.24,1027.57,1029.42,1036.3,-0.02,0.01,0.28,1.0,1.0,0.12,1396.94,-0.021399277098955057,-0.026779447369062893,0.0003720972819861587,-0.0049514336461175725,-0.0017994821562425465,-0.03233854620635733,326.0372605246884,448.78624874769883,6.588081353287496,328.79239947738,219.41785550320415,5.3380385988626955,338.59464406773884,27.982186611712972,-9.920067229050368,-0.6881952662968152,-1.5548144377299797
47570659,28.930000,1.946272,-9.076459,1027.26,1027.58,1029.06,1035.93,-0.02,0.01,0.28,1.0,1.0,0.15,1397.48,-0.02138426254928498,-0.02739544983289348,2.10629714846499e-05,-0.007810481075132706,-0.0037514820914804617,-0.07877660621228803,326.03443034718146,448.815153156342,6.508042493323629,328.89171533365993,219.42574399498122,5.338801935898513,338.23747832172506,28.072246913281028,-9.66448037665988,-0.7136419473563262,-1.3688375464625642
47570758,29.030000,1.946968,-9.063937,1027.27,1027.54,1028.97,1036.02,-0.02,0.01,0.29,1.0,1.0,0.15,1398.14,-0.02141665655294945,-0.02823814205769827,-0.0005910940131335663,-0.009942267576040902,-0.009314330570982252,-0.08316466414015684,326.05464683225443,448.77410368278544,6.602722381979414,328.553763855762,219.4819772410364,5.518183375955051,337.84115747250434,28.10947777040822,-9.884242192249113,-0.6244575013751857,-1.5294951167962025
47570859,29.129000,1.947396,-9.052357,1027.23,1027.48,1028.76,1035.71,-0.02,0.01,0.3,1.0,1.0,0.18,1398.49,-0.021478686422940377,-0.029274671796081717,-0.000675652919233228,-0.012477456637492527,-0.005511513652014518,-0.13222722605021933,326.0918612290027,448.7249013823666,6.568924107785969,328.26542487473347,219.45350567377156,5.603713036591922,337.0609586450078,28.00040384802873,-9.66442406772144,-0.5431654144028287,-1.5440411462848271
47570959,29.230000,1.947329,-9.036772,1027.23,1027.52,1028.78,1035.79,-0.02,0.01,0.31,1.0,1.0,0.17,1398.86,-0.021531668355289652,-0.030472438682407652,-0.0004934936346390106,-0.014243021896866707,-0.0009944222458805462,-0.15691836143011698,326.03382957623256,448.79006188060845,6.57287041983764,328.4682288577211,219.40693909361042,5.5947913551692094,336.9887303300513,27.982827396342373,-9.61743142456874,-0.6080463396090028,-1.3325243458663514
47571058,29.331000,1.946237,-9.018229,1027.33,1027.55,1028.74,1035.71,-0.02,0.01,0.31,1.0,1.0,0.18,1399.13,-0.021545214792140527,-0.03180383904006752,-1.487864282451663e-05,-0.015110711385718428,0.001681248164937719,-0.12194197730351926,326.0584732152664,448.7740658792222,6.612765474153716,328.51651657901976,219.47883238518693,5.445003029354259,337.81518133638565,28.116858491458995,-9.911440791031469,-0.6141868453699458,-1.5535557692491764
47571159,29.430000,1.945142,-9.001266,1027.26,1027.49,1028.7,1035.72,-0.01,0.01,0.33,1.0,1.0,0.18,1399.34,-0.02154465527293731,-0.033177777719359314,1.3256875356294875e-05,-0.01504272797603304,0.00023254121999561085,-0.09447278238512649,326.08664911768886,448.72050855658006,6.576375259613058,328.8952582075557,219.38181170081307,5.416731325409589,338.266953693408,28.055020924970346,-9.795342177198284,-0.7016408708280704,-1.4009767284136028
47571258,29.534000,1.944336,-8.983080,1027.21,1027.54,1028.67,1035.78,-0.01,0.01,0.34,1.0,1.0,0.18,1399.56,-0.021552735552705673,-0.03460484619072706,-0.0002054785000531092,-0.015331690502578548,-0.004779180203226219,-0.07352612576901177,326.03834398439164,448.79043633861266,6.579682301393108,328.82571598117084,219.41130715421832,5.411059967019332,338.4953941278389,28.00145308325158,-9.905176899344873,-0.6962132588180573,-1.4995936332754185
47571358,29.631000,1.944027,-8.966686,1027.29,1027.68,1028.7,1035.74,-0.01,0.01,0.35,1.0,1.0,0.19,1399.53,-0.021596163373812514,-0.03603104558129928,-0.0005767539465057007,-0.014799274426109612,-0.006290056930577337,-0.09772784955110266,326.0997372064168,448.71999022375303,6.564901773082914,328.7841576208416,219.45252652812346,5.474288076436572,337.79373338113624,28.087142650234274,-9.660043238970173,-0.666851126342339,-1.503842827103065
47571458,29.730000,1.943670,-8.948047,1027.32,1027.58,1028.63,1035.75,-0.01,0.01,0.35,1.0,1.0,0.19,1399.73,-0.021659585614834966,-0.03748972868917714,-0.0007776523946520216,-0.017480063775685655,-0.007083494129066703,-0.161252282174465,326.04985266570196,448.7773668933509,6.609119625661058,328.4146665598676,219.469643639745,5.53213866750434,337.65598071665806,28.117852591763825,-9.860693105092922,-0.5908612688028055,-1.5832226540039438
47571559,29.832000,1.942857,-8.935787,1027.54,1027.53,1028.7,1035.67,-0.01,0.01,0.34,1.0,1.0,0.2,1399.69,-0.02171583189384414,-0.03893814045295113,-0.0005061686890299458,-0.015544593375088154,0.00014931696112179045,-0.08781022047700084,326.0992144480481,448.71828049683154,6.564087056738315,328.36688013724967,219.45349185113113,5.786355903942676,337.00481723193485,27.998982140801303,-9.56875578006506,-0.5666959907036426,-1.4498949538224482
47571658,29.932000,1.942028,-8.924186,1027.55,1027.58,1028.68,1035.8,-0.01,0.01,0.35,1.0,1.0,0.2,1399.89,-0.021740750044107686,-0.040358507859566836,-0.00013132946247664754,-0.015152961637542083,0.002235834965902747,-0.10528827687964175,326.0566723702608,448.77832690446076,6.60873812058048,328.5985794605686,219.36702936897447,5.631678500028751,337.5034655223975,28.11226944099113,-9.761531707859394,-0.634818730072651,-1.3961480966630944
47571758,30.031000,1.941233,-8.914109,1027.77,1027.59,1028.72,1035.66,-0.01,0.01,0.34,1.0,1.0,0.21,1399.92,-0.021737414285759614,-0.041718465621905086,7.61993195606478e-05,-0.013636520721256075,0.0002292297144272852,-0.046570560023008606,326.03742500379,448.79263087537225,6.571841080846855,328.6352050573891,219.43895502181698,5.428221564225539,337.74866755937416,28.112031196616165,-9.756648926324607,-0.6489343069372616,-1.4292361408404617
47571858,30.130000,1.940844,-8.903587,1027.74,1027.53,1028.73,1035.73,-0.01,0.0,0.35,1.0,1.0,0.21,1399.97,-0.02173864382105101,-0.0429876632994943,-6.721083341882584e-05,-0.013408971450345175,-0.0016438700400911318,-0.0792823962216108,326.0527730817001,448.7837825066656,6.602385917432377,328.7901924659506,219.370620964092,5.501896343533683,338.17203482072495,28.070834747626478,-9.707767849202037,-0.6836361669851047,-1.4404131455745637
47571958,30.230000,1.940603,-8.894339,1027.75,1027.56,1028.61,1035.66,-0.01,0.0,0.36,1.0,1.0,0.22,1399.95,-0.021755892387576397,-0.044185261855667624,-0.0002836510429336277,-0.01256803315469389,-0.004452650381620432,-0.06989390642084899,326.06118781481797,448.78927908433883,6.633006579601848,328.52196380459736,219.46058601531172,5.510949065755832,337.89346234324444,28.07842719375259,-9.866879107314576,-0.6147798853178146,-1.5738298837024511
47572058,30.331000,1.940187,-8.884815,1028.03,1027.62,1028.73,1035.72,-0.01,0.0,0.34,1.0,1.0,0.22,1399.94,-0.021786884773216088,-0.04531223487850176,-0.0003105790710676566,-0.012154075006888592,-0.0012857329469860852,-0.0863130025114259,326.03055873100783,448.79210158069446,6.632959833878458,328.36850421795407,219.428119437644,5.581596254780835,337.25391007723806,27.983432894655962,-9.586018640678745,-0.5840052516266454,-1.4893167180827245
47572159,30.430000,1.939418,-8.875313,1028.07,1027.61,1028.82,1035.71,-0.01,0.0,0.35,1.0,1.0,0.22,1400.03,-0.021805825679586627,-0.04637784878374357,-0.00012589084534496108,-0.011313219823991406,0.001439218502725051,-0.06672743894763707,326.01657846524466,448.81085271741074,6.522041512174799,328.2413531948047,219.47382958516945,5.610534397251157,337.071903105257,27.997713711941568,-9.765702619882585,-0.5558029934570303,-1.5289060794277956
47572258,30.531000,1.938190,-8.865680,1028.11,1027.53,1028.77,1035.68,-0.01,0.0,0.35,1.0,1.0,0.23,1400.01,-0.02179577628777923,-0.04736598376377321,0.000256015471527799,-0.010243717692087052,0.004816989266806992,-0.04305831075434578,326.09124861723086,448.7330754150834,6.567896040819659,328.4190513127074,219.3981158189885,5.493015243732486,337.2463901209173,28.086433647236625,-9.648897982499568,-0.5815453960911671,-1.478727949553311
47572359,30.630000,1.937008,-8.856332,1028.37,1027.65,1028.76,1035.62,-0.01,0.0,0.33,1.0,1.0,0.24,1400.01,-0.02175593803621877,-0.04826698084424521,0.00048802552180045777,-0.009001418434626013,0.0035762238583337087,-0.029450200528109892,326.0378750902475,448.8128640463948,6.491906002640554,328.569154390735,219.4508578972015,5.538475583785555,337.7321598284948,28.113136351482677,-9.82560705634733,-0.6323005950512859,-1.477151690115154
47572458,30.731000,1.936107,-8.847997,1028.21,1027.59,1028.71,1035.58,-0.01,0.0,0.35,1.0,1.0,0.24,1400.07,-0.021705372875225115,-0.049086077220186694,0.0004972971494834915,-0.007906557882373755,0.000570702198183103,-0.014038441933429796,326.0932709578354,448.7148207685237,6.582993393113184,328.5798225162529,219.446830962908,5.489131459269154,337.9081143924601,28.09089902131255,-9.834016723485044,-0.6213834049696401,-1.5481003352533342
47572558,30.830000,1.935389,-8.840455,1028.38,1027.55,1028.72,1035.63,-0.01,0.0,0.35,1.0,1.0,0.24,1400.03,-0.02166454156375108,-0.04981572924721992,0.0003806453952237257,-0.007290744844613405,0.0007048434610219124,-0.023739507292993196,326.09521006669956,448.7247062096143,6.5468715790304906,328.55036619215383,219.4580721364782,5.530868810822421,337.8601378882922,28.10040822945946,-9.851675455877965,-0.6135419912394983,-1.5582258021737474
47572659,30.930000,1.934671,-8.833683,1028.38,1027.57,1028.6,1035.62,-0.01,0.0,0.35,1.0,1.0,0.25,1400.22,-0.02163060800782133,-0.050480837192909536,0.00033889598440479257,-0.006642229008813634,0.0011449857322302548,-0.02223548591260329,326.1007546800918,448.7234997127464,6.569530593531924,328.40637239442697,219.44051595226776,5.598342590754385,337.4049557149,28.087146619733783,-9.668732552604656,-0.5761339530942143,-1.5401398191817857
47572759,31.031000,1.933840,-8.827812,1028.56,1027.62,1028.66,1035.65,-0.01,0.0,0.34,1.0,1.0,0.25,1400.15,-0.021596100576998126,-0.0510734192366748,0.00043476385103251384,-0.006205918279258469,0.005087142421005699,-0.038374572483391996,326.05129583234947,448.7795553722938,6.605075750650829,328.2884659099106,219.4358259765313,5.694041254483843,336.881293672193,28.005429963407543,-9.670519579678327,-0.5588831160418006,-1.4523715805800967
47572858,31.132000,1.932712,-8.822726,1028.72,1027.61,1028.74,1035.64,-0.01,0.01,0.33,1.0,1.0,0.26,1400.15,-0.021540603217303986,-0.05160217005371903,0.0007022577422700697,-0.005419630368364883,0.006685312436608784,-0.024155762755073133,326.1047117297852,448.7160310250815,6.55246348061096,328.32144072493725,219.44473423036024,5.702668770112071,337.1282485969736,28.002797816892677,-9.71359933464512,-0.5539518468815331,-1.5259885341459822
47572958,31.230000,1.931636,-8.819510,1028.61,1027.57,1028.68,1035.61,-0.01,0.0,0.35,1.0,1.0,0.26,1400.26,-0.021463265225309457,-0.05204759376917686,0.0008583027938302028,-0.004274591911880689,0.004479511309521669,-0.008671233425110718,326.1042939139971,448.7234201898734,6.584549056190538,328.4901313496583,219.47431130984364,5.594727400362407,337.50200045522126,28.100947552863897,-9.792464377649317,-0.596266137793954,-1.5035634429978075
47573058,31.330000,1.930765,-8.817005,1028.72,1027.54,1028.73,1035.62,-0.01,0.0,0.34,1.0,1.0,0.26,1400.14,-0.021375601612581813,-0.052426446398562594,0.0009557077667939885,-0.0038694335555012867,0.006597993848040895,-0.021945553023356983,326.062221628196,448.7835168266438,6.621076626040476,328.5881498008519,219.36959701165793,5.6386178313174,337.67075286826963,28.114388550193954,-9.791620339580373,-0.630821250746853,-1.4572593738995796
47573159,31.431000,1.930153,-8.814968,1028.78,1027.51,1028.62,1035.63,-0.01,0.0,0.34,1.0,1.0,0.27,1400.06,-0.02129393991240343,-0.052743115818161435,0.0008488053510538149,-0.0032686916363070667,0.0016832825030374775,-0.006935152259721813,326.0495673619566,448.78392692705916,6.603909303629852,328.4541313498859,219.3959029739153,5.492214516746205,337.46910338952046,28.093794736518145,-9.805787760170542,-0.6005820172484758,-1.4968617167159042
47573258,31.530000,1.929673,-8.814267,1028.82,1027.56,1028.71,1035.66,-0.01,0.0,0.34,1.0,1.0,0.27,1400.13,-0.02122979509871144,-0.052987175971688345,0.0006213856615682901,-0.002306092159379591,0.0025819236074397086,-0.007465584738880473,326.10025997112456,448.7130496929785,6.5696388704349085,328.32141570313513,219.43122508878062,5.631160751953118,337.10033023329436,28.001030068222512,-9.685466041171134,-0.5550325171453979,-1.5156575104303076
47573359,31.630000,1.928753,-8.813234,1028.91,1027.52,1028.77,1035.62,-0.01,0.0,0.34,1.0,1.0,0.28,1400.22,-0.021170509707328262,-0.05318176848648118,0.0006914798321890446,-0.002005167176731312,0.0061604357205723775,-0.010143717363687745,326.05363593459356,448.7848260828974,6.63249912121226,328.1920166526914,219.45615826577284,5.666614936089484,336.91885528400076,27.999577745661654,-9.726094671807598,-0.5342404008173566,-1.5413285263436183
47573458,31.731000,1.927352,-8.812034,1028.97,1027.61,1028.64,1035.69,-0.01,0.0,0.34,1.0,1.0,0.28,1400.27,-0.02109348757041828,-0.05334614982858427,0.0009282080525521628,-0.0016724410112395973,0.007943476966796509,-0.007782495662376206,326.09300200800163,448.721671203857,6.562848751182039,328.2792554725913,219.44500604036503,5.630360457392919,336.9191153070021,28.00351769001243,-9.705067976944767,-0.546323805287525,-1.4913890750595202
47573558,31.831000,1.925703,-8.810611,1029.04,1027.54,1028.7,1035.63,-0.01,0.0,0.34,1.0,1.0,0.29,1400.22,-0.02099437256453047,-0.053484067522428236,0.0011590032073949394,-0.0013763642915097065,0.009238668365355552,-0.005547517897528075,326.05763885468804,448.7791160115114,6.598262669294868,328.36195603073196,219.43304279919818,5.635387758841216,337.3286502202779,28.059291254925494,-9.782344389262091,-0.5756506077545686,-1.531293813311043
47573659,31.930000,1.924072,-8.809285,1029.04,1027.63,1028.74,1035.65,-0.01,0.0,0.34,1.0,1.0,0.29,1400.22,-0.02088747793617814,-0.0535909715296951,0.0011477920924587448,-0.0010717832920363445,0.006681895201004501,-0.004805217938815497,326.0921469750152,448.7253059954607,6.571536505724447,328.4801967549757,219.39702493603045,5.532717005415357,337.39790174535455,28.101572937838643,-9.727972464893693,-0.5966129767312784,-1.4758245016935105
47573759,32.031000,1.922523,-8.808302,1029.08,1027.6,1028.74,1035.49,-0.01,0.0,0.34,1.0,1.0,0.31,1400.26,-0.020786803085190955,-0.05367528036905634,0.0010447063039955256,-0.000781698664774747,0.005970442455435433,-0.0014547594506676602,326.0958582102506,448.7220750984402,6.587945507654586,328.40264813144125,219.43939955306234,5.597756127379612,337.46066687715586,28.096641988702668,-9.810844741120674,-0.5764276223495621,-1.5574594217224584
47573858,32.131000,1.921142,-8.807440,1029.16,1027.5,1028.71,1035.57,-0.01,0.0,0.34,1.0,1.0,0.3,1400.25,-0.020698671501123346,-0.053733845172108205,0.0009514404380850829,-0.0006347702000282675,0.007438994284141013,-0.005064221514781227,326.0563468342023,448.784576865787,6.582485125246692,328.2622553736758,219.46968071158074,5.660112166302442,337.04740844057363,28.007739996735072,-9.716941636566487,-0.5511432232422189,-1.524864333134587
47573958,32.229000,1.919851,-8.807578,1029.2,1027.54,1028.62,1035.54,-0.01,0.01,0.34,1.0,1.0,0.31,1400.13,-0.020614233554460463,-0.053781096502270004,0.0009752278047680239,-0.0004618860919574058,0.010020163614552822,-0.002779488092676039,326.0994957103735,448.71090207665446,6.548985676176212,328.2432710848059,219.39467262529755,5.757259580166221,336.8869940846471,27.98596707594165,-9.710067153049893,-0.5356171406586195,-1.5143984128130155
47574059,32.332000,1.918742,-8.809947,1029.26,1027.56,1028.76,1035.65,-0.01,0.01,0.34,1.0,1.0,0.31,1400.13,-0.020521537317538,-0.053813896619772414,0.0010714207006551609,-0.00030276471324715553,0.010674499251527608,-0.0010248197792823261,326.09852812016953,448.71593264226516,6.567239746905093,328.21927216472636,219.45196360259922,5.635462188108488,336.9211780813443,28.002918619194258,-9.688872857762805,-0.5299839226330799,-1.5424977712321855
47574158,32.433000,1.917885,-8.813626,1029.25,1027.47,1028.79,1035.58,-0.01,0.01,0.34,1.0,1.0,0.32,1400.24,-0.020417286969793384,-0.053831948155239215,0.0011884174129960974,-0.00017018486437674768,0.010276528071186253,-0.0010517048173729405,326.03727523422384,448.7821772135776,6.572593990797972,328.3232215968107,219.42312706853713,5.595968255773013,337.11200685844057,27.99884459776302,-9.70377891936089,-0.5710293191475833,-1.4866931246172
47574259,32.532000,1.917039,-8.817720,1029.37,1027.59,1028.56,1035.56,-0.01,0.01,0.33,1.0,1.0,0.32,1400.27,-0.020307852044505553,-0.053838577168871575,0.0012443593042908057,2.3146701790885467e-05,0.0090194899441599,0.0031231125748318878,326.09044209436723,448.7240456913104,6.575674664112146,328.4018697583888,219.44920705796935,5.5748682448046765,337.35863904015764,28.05305468055816,-9.802424848564797,-0.5776061783998796,-1.524104570912482
47574359,32.633000,1.916401,-8.821701,1029.41,1027.55,1028.64,1035.71,-0.01,0.01,0.33,1.0,1.0,0.32,1400.28,-0.02021050094070782,-0.05382453249077935,0.001020071448449976,0.00020467057058296497,0.008256170664598897,0.002848167392035201,326.0911750230413,448.7148305178701,6.571967788768471,328.3647382364739,219.43160255436425,5.65421308280208,337.25905862028964,28.094496276258145,-9.661291783774153,-0.568124011887063,-1.5252348487240304
47574459,32.732000,1.915454,-8.823775,1029.29,1027.6,1028.65,1035.75,-0.01,0.01,0.34,1.0,1.0,0.32,1400.16,-0.02012914623755557,-0.05379981966953658,0.0009196597170015925,0.00032520775297803425,0.0102805748171561,0.004540375715656423,326.0963214406893,448.713582888223,6.583801623056434,328.2519344259309,219.4426018323721,5.650631271495207,337.0057083189056,28.023654701789425,-9.75417996759644,-0.5678679878063146,-1.5163840044052241
47574560,32.832000,1.914426,-8.824886,1029.49,1027.54,1028.73,1035.74,-0.01,0.01,0.33,1.0,1.0,0.32,1400.25,-0.020057108653450135,-0.05376790535454274,0.0007958432587139479,0.0003903713129604527,0.008370660395424267,0.00471580275551676,326.0618857384675,448.7830208293821,6.620118427318083,328.19850285342926,219.5110710648426,5.59072504858649,336.82999987290816,27.997324827454236,-9.729147196394283,-0.5339318636578059,-1.5127024720831677
47574660,32.935000,1.912688,-8.824914,1029.38,1027.5,1028.65,1035.78,-0.01,0.01,0.34,1.0,1.0,0.32,1400.19,-0.01998401783250737,-0.053729229952570436,0.0009004617016239312,0.0004997163526013933,0.01165065068032887,0.006653277167830012,326.0476713453116,448.7701507361423,6.603610782273684,328.2032540252803,219.5336616509649,5.5902243025912135,336.87767532671637,27.987195007496275,-9.727033327222628,-0.5387543249206105,-1.515430779453464
47574761,33.034000,1.911482,-8.823893,1029.61,1027.6,1028.68,1035.79,-0.01,0.01,0.33,1.0,1.0,0.33,1400.26,-0.019903416441466214,-0.05368670752318803,0.0009298602353157109,0.0005058373496239609,0.00741926411380301,0.004985622104026212,326.0634756561279,448.7761334231657,6.613059731363129,328.27884501392236,219.46824061800663,5.689369811634298,336.99545977282935,28.001794357395447,-9.660239097073191,-0.5535237527119432,-1.4995744032160685
47574860,33.134000,1.910664,-8.822035,1029.46,1027.59,1028.67,1035.71,-0.01,0.01,0.34,1.0,1.0,0.34,1400.34,-0.01982400286089935,-0.053630441882342866,0.0008087777016899489,0.0006494742676638368,0.0037174633155294032,0.004573841766842926,326.03105391115525,448.79342423861647,6.582663681342746,328.34847796912254,219.4500720620345,5.6840318742576175,337.1959277889074,28.022811576040183,-9.721545601192073,-0.5789315358236395,-1.4883694652271102
47574960,33.233000,1.910066,-8.821415,1029.59,1027.51,1028.71,1035.69,-0.01,0.01,0.33,1.0,1.0,0.34,1400.16,-0.019751223427457946,-0.05356446209804891,0.0007535163689443755,0.0007429065373104316,0.0036905624685896615,0.005603362467617462,326.0587214210256,448.7744266772243,6.619248774346667,328.30941197579125,219.4343272726418,5.643176264371164,337.18490484066206,28.023508438556853,-9.680416925399077,-0.5622694437759402,-1.530296916220686
47575061,33.333000,1.909907,-8.820542,1029.52,1027.57,1028.65,1035.75,-0.01,0.01,0.34,1.0,1.0,0.34,1400.15,-0.01969110101942387,-0.053499716889450995,0.0006145795557579088,0.0006691082064939296,0.003439540694086388,0.0036380744573388407,326.0579556640595,448.78429768824446,6.612155546677346,328.2385657103284,219.45159653300843,5.717288683922311,336.94502783501923,28.010380368084096,-9.71709808501306,-0.5447805160650038,-1.5143716622564949
47575160,33.434000,1.909598,-8.819474,1029.69,1027.52,1028.69,1035.78,-0.01,0.01,0.33,1.0,1.0,0.34,1400.18,-0.019635383894699272,-0.05344109378789197,0.0006189915189283038,0.0006384929792332652,0.004243414991156409,0.004005908425864727,326.0795524145612,448.7219746498666,6.586644801949731,328.1728021264641,219.4461156897129,5.676107462272888,336.82205813900777,27.9875682167832,-9.768602968341323,-0.5230862173664562,-1.5404404974044217
47575260,33.533000,1.908870,-8.818012,1029.63,1027.55,1028.63,1035.76,-0.01,0.01,0.33,1.0,1.0,0.35,1400.18,-0.019575673343653295,-0.05338810418325009,0.000674104416336211,0.0005304198631255707,0.004848042136781901,0.0023707935246266303,326.09697739746474,448.7260652676227,6.576611449418383,328.2079756047012,219.52502900655824,5.592726742351057,336.83861514298246,27.98976400720183,-9.739068326883098,-0.5276933731907394,-1.524633934540626
47575360,33.634000,1.907626,-8.816531,1029.65,1027.49,1028.74,1035.94,-0.01,0.01,0.33,1.0,1.0,0.34,1400.04,-0.019510969766781846,-0.05333716970381806,0.000719994554389711,0.0005422008181420221,0.0051075456524203875,0.0029196114125760847,326.0312138809624,448.7865976071491,6.5827494949312655,328.25125435210884,219.44627322545247,5.671790932367461,336.9798332856675,28.024673785305232,-9.754159200150852,-0.5546123511804195,-1.5015807138878716
47575461,33.734000,1.906162,-8.815191,1029.75,1027.5,1028.77,1035.88,-0.01,0.01,0.33,1.0,1.0,0.35,1400.23,-0.019446087918195614,-0.053287597328443674,0.0006700215610874154,0.000542236255012007,0.0033714511513437875,0.003618893579163336,326.0975773017123,448.72128907195037,6.57995697179831,328.302556333026,219.44735626863726,5.62561247357471,337.14182246487763,28.022185608400463,-9.7663445325124,-0.5510094239629733,-1.5417982809038375
47575561,33.833000,1.904637,-8.813331,1029.69,1027.48,1028.7,1035.87,-0.01,0.01,0.33,1.0,1.0,0.35,1400.01,-0.01938829281475634,-0.05324290152187242,0.0005928167161988982,0.0004312147343356461,0.002188063756145342,0.0009527913078180339,326.0999171125059,448.73096440082827,6.55516434745962,328.3219417560043,219.44671805924105,5.700906593168531,337.15319123303635,27.99861030629469,-9.771652280917776,-0.5552437668472067,-1.5306192013432123
47575661,33.934000,1.903358,-8.811250,1029.74,1027.5,1028.69,1036.05,-0.01,0.01,0.33,1.0,1.0,0.34,1400.08,-0.01934142482931999,-0.05320724840995264,0.0004468459871596111,0.00033741148913131734,0.0012790668331321502,0.0006720805791986977,326.09231468170424,448.7217320790195,6.579349822309616,328.2387053814178,219.50324252828466,5.585908214621524,337.00394833610994,28.040280435908493,-9.802896135797937,-0.5364991903278805,-1.5481927414658985
47575761,34.034000,1.902350,-8.808709,1029.64,1027.46,1028.73,1036.07,-0.01,0.01,0.34,1.0,1.0,0.34,1400.13,-0.019300665633920872,-0.05318297343334198,0.0004387173570944458,0.00019513286400937177,0.0022109265150401106,-0.0008137544998039034,326.09688726325345,448.7274037018086,6.569174433379429,328.1694856996416,219.49998519519545,5.596947393994721,336.90208071098846,27.997423577150787,-9.800607796448334,-0.5180353551236907,-1.5748315341500878
47575861,34.136000,1.902127,-8.807039,1029.71,1027.49,1028.71,1036.12,-0.01,0.01,0.33,1.0,1.0,0.34,1400.24,-0.019256622178114594,-0.05317679551551777,0.0004659945615057815,-3.3789090497052626e-05,0.0033810301977477233,-0.002552078169731053,326.09014159990335,448.717794208025,6.581688579594336,328.17369542281585,219.50365494252907,5.612527221137127,336.8972052138839,27.994090126199797,-9.790999470405445,-0.52080361612817,-1.566487188047825
47575962,34.236000,1.901863,-8.805123,1029.72,1027.48,1028.67,1036.08,-0.01,0.01,0.34,1.0,1.0,0.35,1400.12,-0.019204053659244876,-0.053194170200718816,0.0006549792198349119,-0.00028408560083490787,0.00825519204448532,-0.004807793436122485,326.0511124994533,448.7711769693037,6.610535494727348,328.2032256967473,219.45413129350302,5.689283850497553,337.01383711375786,28.03650817352249,-9.832062439354816,-0.5376982898867261,-1.5599658102902294
47576065,34.340000,1.901637,-8.802757,1029.78,1027.45,1028.72,1036.14,-0.01,0.01,0.33,1.0,1.0,0.34,1400.14,-0.019150363041337,-0.05322025759610409,0.0005845866367986968,-0.0003371344326277238,0.004993061763532249,-0.0046393749007519105,326.06044729191757,448.77951501975076,6.620044082236559,328.2819281796364,219.44906681799333,5.64662653108498,337.1252438442672,28.02512138879701,-9.80214107062315,-0.5456272485213549,-1.5537890296925823
47576167,34.439000,1.900996,-8.799687,1029.77,1027.48,1028.71,1036.14,-0.01,0.01,0.33,1.0,1.0,0.35,1400.07,-0.01910092552927974,-0.05326001133253621,0.0005417396631501435,-0.0005086408279693274,0.001990543898799505,-0.0039195959648269775,326.09947731858256,448.7110806639797,6.554054463325035,328.2563820241289,219.49201589767165,5.594470032458467,337.237288143524,28.078295509607297,-9.913998555324849,-0.5391257017850921,-1.6080290150305543
47576268,34.549000,1.899706,-8.795815,1029.79,1027.51,1028.75,1036.22,-0.01,0.01,0.33,1.0,1.0,0.34,1400.19,-0.019059556360269663,-0.053315648409930284,0.00041787141742410743,-0.0007047930906931603,0.0020296515045371668,-0.0071980017436486,326.0799126172267,448.7027618865246,6.561461691668751,328.23063448494366,219.37099303714965,5.797682336663035,337.03604688523825,28.02876713279699,-9.813616203658926,-0.5373161951665775,-1.5602134742206326
47576368,34.641000,1.898013,-8.791397,1029.76,1027.5,1028.81,1036.29,-0.0,0.01,0.34,1.0,1.0,0.34,1400.21,-0.01902234840426593,-0.05339272447413754,0.00038987952914335753,-0.0008571235734509485,0.002824633983573473,-0.007070969129835598,326.05697349200784,448.7879476862322,6.586973354956796,328.1565374818882,219.50390180304848,5.617093849846357,336.9717926541882,28.031865077935734,-9.91214972847368,-0.5246452835741298,-1.5867105982579988
47576468,34.743000,1.896325,-8.787026,1029.89,1027.51,1028.69,1036.09,-0.0,0.02,0.33,1.0,1.0,0.36,1400.16,-0.018984709510662286,-0.05348210204076631,0.0004446886872455761,-0.0010906368897323096,0.004439333832987949,-0.011496150229813732,326.0938989788612,448.7264791027121,6.565018002561171,328.16258303639745,219.45615516112008,5.692395712762935,336.9947421814714,28.04861040475389,-9.90589072330587,-0.5169602730434485,-1.6080168190850104
47576567,34.842000,1.894706,-8.783184,1029.89,1027.52,1028.81,1036.39,-0.0,0.02,0.33,1.0,1.0,0.34,1400.12,-0.018943125716069983,-0.05358239296907945,0.00048098428875976675,-0.0011383673710969695,0.005155413116372462,-0.011806058802517618,326.09809259889374,448.72141817678715,6.564871783069995,328.19232973968695,219.4992758389927,5.5880762584038814,337.0602931414063,28.041365422417904,-9.87210474774497,-0.5234555867923361,-1.605024129756008
47576668,34.939000,1.893728,-8.780555,1029.84,1027.43,1028.7,1036.34,-0.0,0.02,0.33,1.0,1.0,0.34,1400.13,-0.01889790708904213,-0.05369305287128362,0.0005394739042997342,-0.0013615982453423717,0.006286849564896264,-0.017099971720984306,326.0650336751539,448.7781098015163,6.5982898207039815,328.22089753591047,219.44523020371471,5.672077364751277,337.2766535576237,28.075300475964152,-9.989612455769528,-0.5385981384308219,-1.6320581909716239
47576767,35.041000,1.893419,-8.779272,1029.94,1027.52,1028.73,1036.44,-0.0,0.02,0.32,1.0,1.0,0.33,1400.15,-0.018858110629632295,-0.053807781222115346,0.00041715886563822684,-0.0013532455387325324,0.003934096162973584,-0.016899889494142402,326.05828719597895,448.7800083645472,6.618316448895318,328.2401902277336,219.45768932581174,5.721518993925152,337.2564103938238,28.094647657612388,-9.95912189192942,-0.5451281993765056,-1.6072843938283645
47576868,35.141000,1.893159,-8.777948,1029.92,1027.56,1028.7,1036.56,-0.01,0.02,0.33,1.0,1.0,0.33,1400.19,-0.018825990783140602,-0.05393837815924268,0.00033731842638309455,-0.0015649959304125508,0.0022635483143045964,-0.01546093127588274,326.0510831186903,448.7817367064919,6.58875096312659,328.21349641930755,219.3993418343699,5.808046231021715,337.16405827022066,28.07345121731041,-9.954901709531455,-0.523386901418641,-1.639176611904705
47576973,35.239000,1.892853,-8.776939,1029.95,1027.55,1028.74,1036.36,-0.01,0.03,0.33,1.0,1.0,0.35,1400.18,-0.01880069839812223,-0.054075339939530905,0.0002615282721569056,-0.0015125758487335693,0.0019274056006432269,-0.012684398987719569,326.0585688581366,448.7886717755204,6.622324220539014,328.1748140596883,219.37506708957252,5.872416765419189,337.01760265820536,28.040288771323187,-9.914726879217904,-0.5285147739038394,-1.5890873928240303
47577071,35.348000,1.892034,-8.775538,1029.92,1027.64,1028.69,1036.45,-0.01,0.03,0.33,1.0,1.0,0.34,1400.26,-0.018778627818049155,-0.054212132756595796,0.00023548561688022758,-0.0014845676150185467,0.001832847836803417,-0.011126590248697072,326.0935924769768,448.72621690706615,6.582467241573822,328.1512601487484,219.50379490569716,5.631565270716861,337.044984377762,28.04898679067891,-9.93816079524682,-0.5143148982254694,-1.6310411862991752
47577172,35.443000,1.890840,-8.774476,1029.91,1027.49,1028.68,1036.43,-0.01,0.03,0.33,1.0,1.0,0.34,1400.24,-0.018754855702194807,-0.054348565419178485,0.00029014121684007996,-0.0015596136046190795,0.003357126309049704,-0.015532397856609302,326.0959350099733,448.7241712798606,6.547450993814246,328.18486263724327,219.50107990744056,5.61545859401523,337.061111696153,28.03516685817246,-9.883715930895129,-0.5221263832740992,-1.6100460063661113
47577272,35.544000,1.888903,-8.773778,1029.86,1027.53,1028.61,1036.27,-0.01,0.03,0.33,1.0,1.0,0.36,1400.25,-0.018707009776413725,-0.054576693483428494,0.0003790694792877194,-0.0017528236485725936,0.0020794532580482423,-0.0102373530397367,326.0600194961144,448.78010743703726,6.607221288856552,328.25118619387035,219.50733936756237,5.624241037539184,337.23235381015246,28.05696626176594,-10.001800538669876,-0.5268434359350075,-1.647471488894684
47577372,35.645000,1.887877,-8.772944,1029.96,1027.58,1028.79,1036.48,-0.01,0.03,0.33,1.0,1.0,0.34,1400.19,-0.01867540732042969,-0.05473948169953218,0.0003826145597198893,-0.0018990513845403615,0.0027583780755333007,-0.016768029278448802,326.0902887964438,448.7221006531741,6.585463359612827,328.25321587064207,219.38461039691785,5.770476717312219,337.2398865767275,28.084313601938835,-10.000466810896553,-0.5403517692830014,-1.608889998543589
47577473,35.744000,1.887137,-8.771953,1030.01,1027.52,1028.69,1036.56,-0.01,0.03,0.32,1.0,1.0,0.34,1400.16,-0.018652551926512776,-0.05489469445607534,0.0002424451076919761,-0.00161326434158727,0.00021224780232733588,-0.006062110821206845,326.1045928599207,448.70902401064063,6.557033726485184,328.1603727427098,219.37763768601297,5.869357282322805,337.14288435968075,28.04202550800058,-10.059272183173894,-0.5135989360035218,-1.660657261302807
47577573,35.845000,1.886717,-8.771680,1030.0,1027.48,1028.7,1036.63,-0.01,0.03,0.32,1.0,1.0,0.33,1400.13,-0.018631219606312623,-0.055057179913707635,0.00021237497524292907,-0.0016794637364594867,0.0008707860315858401,-0.008334294517982408,326.09634919051206,448.7297460850901,6.577502255521327,328.17771095703756,219.53440910169104,5.609576485940388,337.1111497805119,28.034972666328375,-9.994416930920044,-0.5202983988045655,-1.6303119888764286
47577673,35.945000,1.886610,-8.772022,1030.05,1027.56,1028.66,1036.57,-0.01,0.03,0.32,1.0,1.0,0.34,1400.29,-0.018618604045839853,-0.055142712085925305,0.0002697942436990996,-0.0017950030016031955,0.0016683619037652735,-0.008607790994840707,326.0573266964215,448.7750990946737,6.6283751745936765,328.15435349580434,219.37744546755673,5.868621323140484,337.12848098174936,28.03790043399021,-9.999367294636464,-0.5237518194073546,-1.6377912532590517
47577772,36.045000,1.886446,-8.774530,1030.0,1027.47,1028.69,1036.58,-0.01,0.04,0.32,1.0,1.0,0.34,1400.2,-0.018581970479311368,-0.055382143594420716,0.00023796990704375771,-0.001585014307061783,0.0011523325419976998,-0.007632700051304239,326.0592421699346,448.78355045811276,6.612235343818193,328.1840089233517,219.37969068403297,5.860805857460205,337.23684292201705,28.070775781234456,-10.058712151417986,-0.530665379743477,-1.6479133212763895
47577873,36.145000,1.885805,-8.774921,1030.15,1027.56,1028.65,1036.5,-0.01,0.04,0.31,1.0,1.0,0.35,1400.16,-0.018570868412605916,-0.05545751634197452,0.00023599386769758643,-0.0016193619875586353,0.0012023228550746396,-0.009538361693262394,326.0958224609282,448.71710354627515,6.567861699090842,328.1963257287522,219.45862527420974,5.703593365532432,337.25142100484885,28.073187568534443,-10.09074001275727,-0.5249385129625251,-1.6589608697895237
47577973,36.245000,1.885310,-8.775153,1030.06,1027.65,1028.75,1036.72,-0.01,0.04,0.32,1.0,1.0,0.33,1398.77,-0.018541040063074835,-0.05568997181773432,0.00019355444748906525,-0.0016636637198623558,0.0004339991914648174,-0.0075433533120869475,326.09326506628327,448.72229615276865,6.584525703366891,328.17872603965634,219.3783967183667,5.879484614949632,337.263611578987,28.095055559183727,-10.113601084259477,-0.5209853815913968,-1.6772139724931938
47578072,36.346000,1.884737,-8.775549,1030.03,1027.57,1028.69,1036.76,-0.01,0.04,0.32,1.0,1.0,0.33,1398.36,-0.018524682213547906,-0.0558511423692244,0.00017686730169468119,-0.001743752255578123,0.0003784208844046169,-0.008291751218318884,326.10134903912177,448.7132618772852,6.568428170837266,328.1565266041075,219.50522830283785,5.617196509697499,337.23671329812043,28.074769325325583,-10.076321722130785,-0.5137247734419845,-1.688245356879507
47578173,36.445000,1.883627,-8.774674,1030.05,1027.6,1028.58,1036.82,-0.01,0.03,0.32,1.0,1.0,0.32,1397.62,-0.018504824721724905,-0.056026061207692816,0.00022554418806862547,-0.0019273715488523691,0.00111248611138569,-0.009971041771040723,326.0335199646919,448.8204860355671,6.482804202710365,328.1670867402858,219.39413501476295,5.85305857813494,337.1652347861126,28.077078628154652,-10.044427726602644,-0.5328108441304902,-1.6271662488890821
47578273,36.546000,1.882816,-8.773168,1030.09,1027.56,1028.7,1036.78,-0.01,0.03,0.32,1.0,1.0,0.33,1397.68,-0.018491188663641387,-0.05617932376169299,0.00013088834570030417,-0.0015629889663993258,0.0011235808597806806,-0.01074122580055176,326.0944722468331,448.7217937680514,6.585359616510311,328.2104326281118,219.41442589992272,5.96191520351863,337.1687241986551,28.045365313940984,-10.10570049860861,-0.5286884575102919,-1.622773542106286
47578372,36.646000,1.883303,-8.772090,1030.16,1027.48,1028.7,1036.71,-0.02,0.03,0.31,1.0,1.0,0.34,1396.63,-0.018476544448301272,-0.05632667588948614,0.0001611733154303593,-0.0015830647596441498,0.000740637406752418,-0.007771217386932067,326.05402033840716,448.7720848570472,6.590700627328198,328.1660271216669,219.3856683642184,5.881161259187558,337.2235433911406,28.076250984399955,-10.115800140252096,-0.5275188373924989,-1.655598472102694
47578473,36.745000,1.885264,-8.775299,1030.1,1027.57,1028.77,1036.81,-0.02,0.03,0.32,1.0,1.0,0.33,1397.27,-0.018462973804935102,-0.05646706617185641,0.00013472466509715448,-0.001440898110701268,0.0004474927138983424,-0.005909669669121433,326.0981360425933,448.72050553695743,6.589909996878159,328.22998040104153,219.51825767250102,5.573525387705798,337.2681117001136,28.07053472644227,-10.109729206037972,-0.532901240315528,-1.6370898325032281
47578572,36.853000,1.895197,-8.795136,1030.16,1027.55,1028.64,1036.72,-0.02,0.03,0.31,1.0,1.0,0.34,1396.1,-0.018457062404258394,-0.056535485286655876,0.00011566421838654287,-0.001394047053861681,-8.605352548899686e-05,-0.0033820430066154577,326.05460516638357,448.778434197166,6.60228754687251,328.16247524097156,219.36753702911662,5.8755007866472235,337.26832345249016,28.075436333971837,-10.100306299947887,-0.5264294855283307,-1.6724660099647366
47578672,36.946000,1.916909,-8.828903,1030.24,1027.53,1028.67,1036.71,-0.02,0.03,0.31,1.0,1.0,0.34,1396.96,-0.018448040678667465,-0.05666575010995174,8.888427066607734e-05,-0.0014038816322000096,0.0003967838096971905,-0.008870522777898735,326.07226383480423,448.77721577634253,6.361391955188805,328.15498117056745,219.3867908056943,5.880812205612003,337.2099684257651,28.097453688108445,-10.022895692658633,-0.5201944868993497,-1.6697754860589968
47578773,37.048000,1.985032,-8.869666,1030.23,1027.65,1028.67,1036.83,-0.02,0.03,0.31,1.0,1.0,0.34,1397.42,-0.01843347816139514,-0.056865406056432886,0.00011239748448481895,-0.0014811774877385127,0.0012063509693675883,-0.010845205326376239,326.09267625161874,448.7212390095727,6.568806612240365,328.1377382664458,219.37263656088157,5.888221163513942,337.21409771733147,28.070270056725686,-10.110764423762541,-0.5191552974598153,-1.6609457534666374
47578872,37.148000,2.008216,-8.877271,1030.11,1027.5,1028.62,1036.88,-0.01,0.03,0.32,1.0,1.0,0.33,1396.99,-0.018427100382438298,-0.056931983296438185,0.00014241642671702668,-0.0014313913174500916,0.0011664850329627175,-0.007719449835224598,326.09569359062306,448.7183840259206,6.558063496430563,328.1873710311966,219.3979383134182,5.822502092937218,337.22273218271494,28.08460324987474,-10.124860591914517,-0.5225917196715842,-1.6587769243845425
47578973,37.246000,2.051645,-8.886538,1030.19,1027.51,1028.69,1036.8,-0.02,0.03,0.31,1.0,1.0,0.34,1397.48,-0.018400665848104784,-0.05713833069706424,0.00020440827451270898,-0.0015119455004266775,0.0019907171016919642,-0.01197300773020056,326.0239485278738,448.78429138788766,6.613599198558857,328.2116425780341,219.3834610959811,5.778265532587646,337.32960545408264,28.07770670720503,-10.13208769943134,-0.5463878927408132,-1.6359750901871193
47579072,37.345000,2.061919,-8.889411,1030.13,1027.6,1028.62,1036.92,-0.02,0.03,0.32,1.0,1.0,0.33,1396.46,-0.018392054876570297,-0.05720423518078786,0.0001867295469130302,-0.0014792066476781158,0.0008300479148879329,-0.01050100531503035,326.0323741935181,448.79171608612495,6.58476090668354,328.17648225059577,219.37222004817028,5.856417118763662,337.37201419844683,28.056381618635662,-10.050154466104916,-0.5354591397596746,-1.6808664829370308
47579173,37.444000,2.066890,-8.911097,1030.18,1027.54,1028.7,1036.86,-0.02,0.03,0.31,1.0,1.0,0.33,1396.92,-0.01837853605605827,-0.057382362728576206,8.695527118598515e-05,-0.0012473213469085351,9.964121819378471e-05,-0.007701261074747704,326.0560135357301,448.78379498639566,6.6177746274762015,328.17649836767134,219.50644084816994,5.622144835158039,337.3518873597826,28.047028782554264,-10.066956589896268,-0.5298882132204257,-1.6839338664186765
47579273,37.545000,2.050888,-8.956086,1030.1,1027.49,1028.75,1036.91,-0.02,0.03,0.33,1.0,1.0,0.34,1396.13,-0.018376112794069168,-0.057497901692328435,2.65042947312596e-05,-0.0012018819897539666,-0.0003119613298074085,-0.006339940355315696,326.09834536211156,448.7203876197638,6.558570996590776,328.1588809141502,219.52526937092534,5.6231115653836605,337.2540703867086,28.0702835466475,-10.115265682186939,-0.5150930393460931,-1.6896411582077429
47579373,37.646000,2.038012,-8.988614,1030.3,1027.56,1028.7,1036.96,-0.02,0.03,0.32,1.0,1.0,0.33,1396.78,-0.018372150748255104,-0.057614989643949135,3.6358060364116076e-05,-0.0012802502451158752,0.0007053431058461469,-0.009981893145712904,326.0845852768428,448.7260914343896,6.584125082626605,328.1353935051962,219.37398594752136,5.892657080263602,337.229965421008,28.058513253181033,-10.216733529247888,-0.512310642806827,-1.697001820655473
47579474,37.747000,1.971752,-9.101992,1030.27,1027.34,1028.77,1036.9,-0.02,0.03,0.32,1.0,1.0,0.34,1397.21,-0.01836369903188406,-0.05773298433069603,0.00010867692828254499,-0.0012796905555708623,0.000901789786688575,-0.006546699991880328,326.0592373737945,448.7840138322188,6.374145650420575,328.14923622013833,219.5033769644664,5.658885862758753,337.25059291570955,28.096215260330496,-10.197378709411778,-0.5222630144213504,-1.677821684369689
47579575,37.845000,1.905434,-9.157313,1030.21,1027.58,1028.7,1036.9,-0.01,0.03,0.32,1.0,1.0,0.34,1397.81,-0.018353114769689566,-0.057846431666802325,0.00011679183898701045,-0.0011952991853000313,0.0007999193978654676,-0.006536512237192701,326.0557942389492,448.7820622082288,6.595797696919826,328.16236710990205,219.37364607951147,5.873231519841554,337.2826251436269,28.08277789981362,-10.173354181969218,-0.5261112234282193,-1.6774263495083295
47579674,37.947000,1.869141,-9.180041,1030.26,1027.63,1028.67,1036.92,-0.01,0.03,0.32,1.0,1.0,0.34,1398.28,-0.018347513018223727,-0.05790155054947746,0.00011361745948304308,-0.0011186363609321836,0.00029963868930700944,-0.003002367996384899,326.056903843419,448.7882370638837,6.598872585739366,328.18787210602716,219.52603970735143,5.629797242785992,337.3590461039846,28.058432529149307,-10.115586208072278,-0.5325429711638782,-1.6772486663378092
47579775,38.046000,1.742268,-9.246832,1030.25,1027.53,1028.67,1037.05,-0.01,0.03,0.32,1.0,1.0,0.33,1398.65,-0.018335352188817287,-0.058053831794322996,7.975253101453525e-05,-0.001040775171442545,6.576529679277279e-05,-0.005960202023281275,326.0596021128129,448.7815941350893,6.602526025229312,328.1633840692293,219.3771579806811,5.86976093662431,337.36842525510076,28.064497366721927,-10.105363122765864,-0.5254233536986269,-1.7038250218466742
47579874,38.146000,1.647114,-9.290170,1030.3,1027.61,1028.66,1036.96,-0.01,0.03,0.32,1.0,1.0,0.34,1398.62,-0.018331142893968172,-0.058149921822311525,5.444740981581923e-05,-0.0010747232367331774,0.000719285206401758,-0.006472525345643743,326.08686214818397,448.7241947885415,6.572016481558302,328.1383200903178,219.36900957405447,5.888973356957709,337.2577003129768,28.077274716911262,-10.172034544142953,-0.5124660575942552,-1.7044420066825308
47579974,38.247000,1.524929,-9.340148,1030.3,1027.49,1028.65,1037.0,-0.01,0.03,0.32,1.0,1.0,0.33,1397.67,-0.018322694709546974,-0.05825241070697343,0.00011237590255312162,-0.0011121615547664792,0.001233504093220506,-0.007180608349148584,326.0862498652835,448.72334280172134,6.578205212069258,328.1316052538695,219.38075443827896,5.894347748920168,337.2493300158923,28.08983931401471,-10.19174586217732,-0.5109697478168735,-1.7069515824228936
47580074,38.347000,1.459377,-9.365085,1030.23,1027.52,1028.58,1037.0,-0.01,0.03,0.28,1.0,1.0,0.37,1398.17,-0.018316437566325318,-0.05830459995180768,0.0001409649238884924,-0.0011182203941856748,0.0012709871007398758,-0.005979303939096314,326.05594250407296,448.78396621625774,6.621454076591694,328.13535540455723,219.50518739634342,5.654494103484399,337.2508531388393,28.090051482367382,-10.199645329721628,-0.519622082941759,-1.687213543510457
47580175,38.451000,1.239249,-9.418689,1030.31,1027.51,1028.93,1037.6,-0.01,0.03,0.27,1.0,1.0,0.32,1398.19,-0.018292280944241478,-0.058454883641350854,0.00016831805699297006,-0.0010056487226981867,0.0012764753385348046,-0.005598695916092136,326.0968701431164,448.71916283763665,6.5582652967214266,328.1500161426576,219.3799561664435,5.89633349766793,337.2951374335905,28.094173135237643,-10.237873542380235,-0.5129234536332529,-1.7113046920303747
47580276,38.547000,1.052453,-9.420151,1030.24,1027.54,1028.65,1037.76,-0.01,0.03,0.27,1.0,1.0,0.31,1398.26,-0.01827280814127905,-0.058554823457429774,0.00020694810494621365,-0.0010856469361063888,0.0008543538256218342,-0.006256451650457111,326.06122501491285,448.7816313217222,6.597970442765534,328.1154741956337,219.37618539640883,5.903538498492939,337.4632322387365,28.114833779830246,-10.340396382547983,-0.5130508643305781,-1.7719609129962397
47580376,38.650000,0.852334,-9.395677,1030.14,1027.55,1028.84,1037.71,-0.01,0.03,0.28,1.0,1.0,0.31,1398.65,-0.018254701375783305,-0.0586649912996484,0.0002020555250691289,-0.0013461991720746288,0.0012981803836796155,-0.012257870700257719,326.0953223669141,448.7278623500352,6.576720812379764,328.1992209611321,219.52567295921688,5.6373606081373735,337.5378799485493,28.098824422840977,-10.137493192914521,-0.525916112945139,-1.7410982501637549
47580477,38.750000,0.627890,-9.348819,1030.23,1027.61,1028.6,1037.67,-0.01,0.03,1.0,1.0,1.0,0.32,1398.87,-0.01823967351925765,-0.0587915139608661,0.00013710214570921735,-0.0014013781142249355,-6.630977339077852e-05,-0.00794758615771864,326.0899737459086,448.7144020233196,6.56843411880157,328.1861357157333,219.39315322402626,5.821238999872917,337.58844049422095,28.122381873389553,-10.208437773978256,-0.5237102532420432,-1.7668050454118958
47580578,38.851000,0.375468,-9.293098,1029.57,1027.34,1028.69,1037.6,-0.01,0.02,1.0,1.0,1.0,0.32,1398.1,-0.01823094363778363,-0.05892370409199147,6.88283007482621e-05,-0.001441332709645621,-0.0004558175210469433,-0.007204033648480091,326.05210816932276,448.80991528684683,6.5373591601709755,328.20423217251397,219.52381288757914,5.628023275389785,337.5370274831561,28.13652460034617,-10.256180805223384,-0.5377735506521488,-1.7162085192754915
47580678,38.950000,0.106410,-9.245496,1028.74,1027.19,1028.65,1037.64,-0.01,0.02,1.0,1.0,1.0,0.32,1398.07,-0.01822901120371177,-0.059058116142934075,1.2780295552095033e-05,-0.0014945760973394044,0.0003129750912172457,-0.009833419542163768,326.08738523300275,448.7249823939574,6.558342641571366,328.16036470134395,219.53216308350122,5.592684884770241,337.52366081460826,28.124074204699326,-10.291512008137163,-0.5182088002048268,-1.7641434505452036
47580779,39.050000,-0.178026,-9.207024,1028.33,1027.29,1028.72,1037.6,-0.01,0.02,1.0,1.0,1.0,0.32,1398.44,-0.01822672542619681,-0.05920567367587031,9.573113207374494e-06,-0.001565941361269343,-0.0006558915118902756,-0.008539118764496638,326.0842555882336,448.7271875667552,6.567037819304294,328.22806054488683,219.47318838775294,5.690884669631556,337.69518767060396,28.106047742411377,-10.137424202869653,-0.5357699163842632,-1.760631704637554
47580878,39.152000,-0.503091,-9.154662,1027.94,1027.25,1028.71,1037.64,-0.01,0.02,1.0,1.0,1.0,0.32,1398.69,-0.01823123592794334,-0.05935285852351558,-8.824957966649922e-05,-0.001714497534304516,-0.0016579905034108812,-0.013417667812330827,326.0289093242587,448.79119676859597,6.573820270625102,328.4057128742887,219.452734250196,5.565153488256703,338.15367542029077,28.100020183515344,-10.1857483507732,-0.5937771421950909,-1.7287081035873746
47580979,39.250000,-0.681106,-9.120303,1027.68,1027.33,1028.77,1037.59,-0.01,0.02,1.0,1.0,1.0,0.32,1399.08,-0.018255696272387836,-0.059505463208764826,-0.00021525182634371577,-0.0016955793629470886,-0.00450611880586727,-0.01115220813734588,326.0999118677847,448.7225514229601,6.5889829225502545,328.5115806452693,219.4711507975717,5.546208388859453,338.53746625722243,28.066198354612926,-10.352168816450005,-0.6027153828077048,-1.7930100778489777
47581078,39.352000,-1.182000,-9.006084,1027.46,1027.43,1028.75,1037.62,-0.01,0.03,1.0,1.0,1.0,0.32,1399.11,-0.018315807194904835,-0.059660018677550976,-0.0008672743286054009,-0.0018471719258142394,-0.013607171371409228,-0.02061933404562115,326.071651363783,448.7810396174724,6.332042722125924,328.57319905267127,219.45994610820225,5.497605692047686,338.6921490103387,28.024287280486806,-10.347654160273938,-0.6249858567975732,-1.7757658738516517
47581178,39.450000,-1.567314,-8.884212,1027.33,1027.47,1028.71,1037.51,-0.01,0.03,1.0,0.16,1.0,0.3,1399.43,-0.018415445277049036,-0.05982348839210095,-0.0012853187040336703,-0.0018919850308718497,-0.01417055714810007,-0.016446939702249527,326.05638075503805,448.7867594244849,6.595853671300633,328.51439149832856,219.46036781593634,5.539984532833172,338.64544981357346,28.009859567455205,-10.369633120101268,-0.6140952543481438,-1.8009264160965832
47581278,39.550000,-1.968701,-8.707997,1027.32,1027.38,1028.68,1037.63,-0.01,0.03,1.0,0.18,1.0,0.29,1398.43,-0.018544915569139297,-0.05999599255853164,-0.0014152123372996243,-0.0019197027152585138,-0.014822420399359514,-0.017957272313852544,326.098356307083,448.72545277880863,6.55840945302124,328.47736240781734,219.44944439624481,5.561479409653946,338.4797916283992,28.056737276485016,-10.299886041364,-0.5944892292111812,-1.8026510851256812
47581378,39.651000,-2.303288,-8.540119,1027.23,1027.42,1028.66,1037.69,-0.01,0.03,1.0,0.18,1.0,0.28,1398.76,-0.018691917032474692,-0.0601742350579589,-0.0017254853522081308,-0.002055994931719582,-0.01718687672553924,-0.019051063748382904,326.0552914393455,448.7840765532708,6.626469833312306,328.4821884549231,219.4818917469354,5.550899303732483,338.4609293213893,28.050020162971883,-10.343671848142337,-0.6063865667910681,-1.7711747795831767
47581478,39.750000,-2.795805,-8.290699,1027.27,1027.33,1028.7,1037.59,-0.01,0.03,1.0,0.19,1.0,0.29,1399.07,-0.018849389789355596,-0.060350536406593235,-0.0017779776986926025,-0.0019288104663486936,-0.011203645451880635,-0.010817421258162348,326.0940731853572,448.7211288640739,6.5633055525691,328.5079092021417,219.4642345594464,5.565721130596497,338.53527291242597,28.052069313831698,-10.31442052252799,-0.6032425164968865,-1.7922842606200178
47581578,39.850000,-3.285889,-8.059613,1027.27,1027.34,1028.6,1037.67,-0.01,0.03,1.0,0.2,1.0,0.28,1399.29,-0.0190151677051223,-0.06052387454998798,-0.0018400879056485098,-0.0018424596489219746,-0.013332969206012374,-0.010334600731110448,326.091588003609,448.7252646715066,6.6007397047525265,328.5766069414562,219.45920265134671,5.499861473951466,338.7336673491893,28.023776662712816,-10.355797077056742,-0.621005657963462,-1.7951043347339382
47581679,39.950000,-3.758381,-7.853551,1027.18,1027.32,1028.72,1037.57,-0.01,0.03,1.0,0.21,1.0,0.29,1399.58,-0.019193419831008005,-0.06068935879196713,-0.002053374081106201,-0.001843320322365238,-0.016706620865676435,-0.013069435709913233,326.0970705880274,448.72692651142756,6.568484552194383,328.58081772353967,219.44897036733283,5.487383827030137,338.7988818518438,28.015390411195273,-10.311576669949794,-0.6206556631681374,-1.8140403148508037
47581780,40.051000,-4.214588,-7.653834,1027.22,1027.4,1028.72,1037.74,-0.01,0.03,1.0,0.21,1.0,0.27,1399.65,-0.019381002976549638,-0.06085443649081445,-0.0019098759759423186,-0.0016831727530075725,-0.006406481499677688,-0.005495606753974299,326.0885905188277,448.7151015689294,6.575885459475489,328.56870507402033,219.48957494982557,5.501285520980244,338.71098283821624,28.023014810225934,-10.399844366742437,-0.6198897406670939,-1.7924319672557159
47581886,40.152000,-4.668403,-7.463034,1027.16,1027.42,1028.7,1037.56,-0.01,0.03,1.0,0.21,1.0,0.29,1399.8,-0.019571194105043748,-0.06102025341831335,-0.002046768863792004,-0.0017811260377725042,-0.013445339090370037,-0.01130121683668293,326.058477074519,448.7933611952048,6.6098093954541515,328.5162808763396,219.49131457840124,5.531672212768174,338.5494489588864,28.056870101034438,-10.334643306258323,-0.6141087452358367,-1.771935917666994
47581979,40.259000,-5.193241,-7.296950,1027.2,1027.34,1028.69,1037.67,-0.01,0.03,1.0,0.22,1.0,0.28,1399.95,-0.01975695546733555,-0.061179053643158544,-0.0020091796911720847,-0.001737282040120496,-0.010935450838075159,-0.008665583738966821,326.02525589192805,448.7848142947529,6.559766064709745,328.4810363094911,219.44210645029446,5.557320903341948,338.50858867487045,28.02644812733767,-10.286843549606097,-0.6134944393299696,-1.7717821062680488
47582080,40.352000,-5.831920,-7.169253,1027.22,1027.39,1028.75,1037.77,-0.01,0.03,1.0,0.56,1.0,0.12,1399.95,-0.019936168181601464,-0.06132102837540855,-0.001968656496743634,-0.0015505176029793988,-0.011720755258000858,-0.009748106918691775,326.0885041278169,448.72032814697843,6.5615807691091295,328.5488636400507,219.37892860104606,5.575145085410419,338.57273006103884,28.041170672925606,-10.282222141030523,-0.6146417909914189,-1.7696053513865404
47582179,40.452000,-6.121940,-7.028215,1029.0,1033.35,1028.58,1037.66,-0.01,0.03,1.0,0.14,1.0,0.12,1399.61,-0.020105243602481927,-0.06145218609780248,-0.0017933447562551888,-0.0013554573776041103,-0.007884538829145193,-0.005079890670978203,326.0526199543663,448.78521391106665,6.61430614953428,328.5718473047454,219.45165963954932,5.509068397612416,338.72796629700736,28.01654797185494,-10.37235218592166,-0.6293683879216516,-1.7781028811009056
47582279,40.552000,-6.742741,-6.952674,1029.04,1034.09,1028.66,1037.59,-0.01,0.04,1.0,0.1,1.0,0.1,1399.06,-0.020270337675841205,-0.06156916189598588,-0.0017886108865989951,-0.0011854390457633917,-0.009910038482923052,-0.003940731933728265,326.08934779772306,448.7102987309909,6.567654610155067,328.7171203323104,219.35655565785098,5.250839496271678,339.00579616945174,27.98668975260914,-10.308146262210498,-0.6564256866377742,-1.7645960758927162
47582379,40.652000,-7.435135,-6.911953,1028.41,1033.95,1028.6,1037.57,-0.01,0.04,1.0,0.11,1.0,0.1,1398.05,-0.020443815965423183,-0.0616643036811357,-0.0019526113193802787,-0.0009109500372512948,-0.013038603036863654,-0.0013450270439564905,326.0882507704904,448.7312398467387,6.571903469742421,329.31885039746885,219.43672584724007,4.9300882741995204,340.39000609861586,28.195381755192336,-10.891563607439103,-0.8072041245159902,-1.6988046714939111
47582480,40.752000,-8.114063,-6.908269,1027.91,1033.58,1028.65,1037.43,-0.01,0.04,1.0,0.14,1.0,0.1,1398.3,-0.020669422102924526,-0.06172290063437251,-0.0026716325208119996,-0.00043047176178603825,-0.023452511155350894,0.0017473602294291162,326.08798714596406,448.72591469051616,6.5776875793556275,329.5122666692973,219.4978346774344,4.610365193535334,341.1776817532276,28.10978885425941,-10.85814814120876,-0.8558383097533665,-1.776279950437109
47582581,40.854000,-8.974805,-6.956246,1027.55,1033.44,1028.63,1037.59,-0.01,0.04,1.0,0.16,1.0,0.08,1398.72,-0.020976501054367606,-0.061753230318330334,-0.0038243046569966695,-0.00033786306455277587,-0.04280645927921121,-0.003310273975788572,326.06935217538444,448.77855683888157,6.369814830538852,329.8536468529905,219.36627427679144,4.784201894181103,342.2956725405985,28.155941773413826,-11.313036238034682,-0.9450429067670418,-1.8328928271488847
47582681,40.955000,-9.415809,-6.967087,1027.33,1033.46,1028.63,1037.64,-0.01,0.04,1.0,0.4,1.0,0.06,1399.09,-0.021380112940688506,-0.06179926487465538,-0.004692265528028507,-0.0006914396648224709,-0.047255629710428584,-0.011767066191010329,326.091305880314,448.72893886003135,6.529576133917873,329.5313354603835,219.490583506235,4.568930766930775,341.61481645951295,28.078817704491673,-11.090067017187566,-0.8597356366832539,-1.892715080246967
47582782,41.054000,-9.913959,-6.999682,1028.03,1035.17,1028.68,1037.68,-0.01,0.03,1.0,0.3,1.0,0.05,1398.95,-0.021865332670376166,-0.061894438797496835,-0.005961523042787321,-0.0013127131454505484,-0.06760198588435684,-0.01814743230904777,326.06138175104746,448.7817624824185,6.627423011985737,329.11480486748104,219.38991242686433,5.007817928562921,340.4088767456702,28.19954555200849,-10.905722026901202,-0.7626161355442386,-1.85543766698097
47582881,41.154000,-10.555426,-7.065439,1028.16,1037.04,1028.76,1037.51,-0.01,0.03,1.0,0.15,1.0,0.06,1398.59,-0.02237219556801871,-0.06201481478693877,-0.005487979249705043,-0.0013817151777704764,-0.03376406846874092,-0.010754727544930207,326.0505422565708,448.78247815993296,6.613698194076417,328.94100348763965,219.34677418696126,5.088904795169059,339.95325231875984,28.086321407331578,-10.707377225985837,-0.7217815963495336,-1.8517313680697838
47582982,41.254000,-11.256283,-7.143546,1027.72,1036.82,1028.65,1037.61,-0.01,0.03,1.0,0.17,1.0,0.04,1397.93,-0.02284978584882719,-0.06214173030122585,-0.004892895975634149,-0.0012049839517245954,-0.02100432533474216,0.00039157013888910995,326.0478167705181,448.792855231658,6.614488519045873,329.5962324346488,219.36313056876853,4.820614995556516,341.2601154048342,28.158685350854732,-10.964474702860667,-0.8860797496900745,-1.718680630737393
47583082,41.355000,-11.907240,-7.196674,1027.44,1036.58,1028.68,1037.53,-0.01,0.03,1.0,0.19,1.0,0.04,1398.1,-0.02333138129374138,-0.062214973545682,-0.005168450193756663,-0.000579983397567374,-0.03196859167416516,0.0001922655559360958,326.0952999305336,448.7227068854788,6.58821688151277,330.2350458312794,219.49411996134657,4.587245337668484,343.3146786944403,28.23556936473915,-11.556878301529187,-1.034618720741101,-1.8429680382623341
47583183,41.456000,-12.583315,-7.182979,1027.34,1036.48,1028.7,1037.53,-0.01,0.03,1.0,0.2,1.0,0.04,1398.53,-0.023874695197475242,-0.062273887669632606,-0.0065100829961726205,-0.0007825976683081194,-0.06907880082850337,-0.011083102184275662,326.0706278349962,448.7802126749179,6.380045254477082,330.57146416262555,219.4242625957772,4.4501612267303985,344.6230676737656,28.2785156165031,-11.729872271099126,-1.1242168816327844,-1.9559600077325032
47583282,41.555000,-13.271138,-7.069842,1027.25,1036.57,1028.73,1037.57,-0.01,0.03,1.0,0.2,1.0,0.03,1399.03,-0.024533325291048666,-0.06237952826310643,-0.008113814631570161,-0.0015333088351873715,-0.08247814144059576,-0.02194108943375144,326.03683998044744,448.79599456332994,6.571850821086738,330.32988288926833,219.45291873287206,4.458411946305353,344.06306164193376,28.230188403089066,-11.519158656146224,-1.0600762159834478,-1.9876466014199292
47583382,41.655000,-13.991027,-6.831179,1027.21,1036.49,1028.72,1037.56,-0.01,0.03,1.0,0.21,1.0,0.02,1399.11,-0.025279840188498104,-0.0625610031346984,-0.008057960106503953,-0.0022156566445631375,-0.05153735974305361,-0.020383565804630386,326.0403739341485,448.80878296416046,6.509808859685436,329.69599719293257,219.30690507781065,4.572370792214935,342.47811129004043,28.212564695796726,-11.424765017042128,-0.9125593000981271,-2.001639863999864
47583482,41.754000,-14.715747,-6.500476,1027.13,1036.57,1028.61,1037.53,-0.01,0.03,1.0,0.21,1.0,0.01,1399.47,-0.026038432010338463,-0.06281079009984883,-0.008403457498013816,-0.0030403393866597107,-0.06229343969457063,-0.028632903301727658,326.0160989593745,448.7964620279341,6.585779082739213,329.47073583866364,219.417351896935,4.808281290433733,341.00254858949774,28.15346767193787,-10.765319099801117,-0.8628560335113586,-1.724627352522596
47583582,41.854000,-15.453873,-6.105287,1027.24,1036.42,1028.71,1037.59,-0.01,0.02,1.0,0.22,1.0,0.0,1399.49,-0.026748687276209642,-0.06305842988006691,-0.007380342978942317,-0.0023909656837441903,-0.03183000039178234,-0.005026509127911856,326.0555334460383,448.7686735723623,6.597642449926293,329.5360789590585,219.40003777643605,4.844319019174572,341.14565882463046,28.113643277479543,-10.91000394697195,-0.8693658714229803,-1.7344111975114462
47583683,41.955000,-16.241981,-5.724717,1027.15,1036.45,1028.74,1037.61,-0.01,0.02,1.0,0.22,1.0,0.01,1399.71,-0.027384896503955133,-0.06324457788844179,-0.006710148933047956,-0.0017761687489915128,-0.0487288274208114,-0.007738478740779539,326.0652129818882,448.7770873143065,6.356632486442855,329.9799151260849,219.51544030359102,4.463035123102766,342.4599240249667,28.159611682304416,-11.338634596138645,-0.9782452439930753,-1.7749902755635336
47583783,42.055000,-17.059345,-5.357391,1027.14,1036.45,1028.71,1037.56,-0.01,0.02,1.0,0.23,1.0,0.01,1399.9,-0.0279841830402084,-0.06337675176223631,-0.006918772031300066,-0.001377102852319734,-0.06202226902246189,-0.009671832128504228,326.09876738269384,448.71495661456515,6.578126225774642,330.4167230948627,219.3888601708683,4.729260278806958,343.96691805024017,28.297278508167974,-11.446668759245503,-1.0786884342586849,-1.898645144157363
47583882,42.154000,-17.882018,-5.056736,1027.21,1036.47,1028.7,1037.59,-0.01,0.02,1.0,0.23,1.0,0.02,1399.83,-0.028598501797362754,-0.06350714706065293,-0.006847009796075272,-0.0015201469841001334,-0.05480265905419672,-0.013896609405986478,326.0915971671293,448.74144150198583,6.584383105344052,330.40850119886335,219.4434925861124,4.462589161378014,344.271523045861,28.243352541874387,-11.566882521091706,-1.0785581223309315,-1.9898741641000073
47583983,42.253000,-18.681402,-4.868116,1027.25,1036.54,1028.7,1037.61,-0.01,0.01,1.0,0.23,1.0,0.03,1399.97,-0.02924620529815939,-0.06367468884690528,-0.007382113592046492,-0.002122581685563249,-0.06548675340439045,-0.024453132480349766,326.0508043202574,448.7662200894303,6.5916363024185385,330.09636581867335,219.4308099335636,4.770706670124042,343.26788761868517,28.26589646355969,-11.647085242807686,-1.0501532366961452,-1.9854633248810654
47584082,42.354000,-19.552129,-4.775255,1027.19,1036.48,1028.63,1037.66,-0.01,0.01,1.0,0.85,1.0,0.22,1400.01,-0.0298968890989896,-0.06388798529757102,-0.006646472895211314,-0.002278564591144795,-0.014950637914780554,-0.0069116056735997276,326.092624480388,448.7429683807769,6.571667971170158,329.6217718835596,219.41235644607937,4.55100452419096,341.88242569804777,28.07887258658677,-11.136652217462965,-0.8816498158055583,-1.9032021281440006
47584182,42.454000,-20.058163,-4.746213,1029.92,1045.87,1028.72,1037.58,-0.01,0.01,1.0,0.1,1.0,0.23,1399.14,-0.030207188907521998,-0.06399662348084587,-0.006765967894635412,-0.0023890538272015394,-0.05086147695314421,-0.019424483386693905,326.08834772778226,448.7242443273687,6.586075099936543,329.5235320265152,219.3849411854785,4.815076189325666,341.2282458644642,28.10356372897924,-10.8630951138567,-0.858147041968721,-1.7853303958930133
47584283,42.554000,-21.104019,-4.736065,1030.19,1046.11,1028.6,1037.66,-0.01,0.0,1.0,0.2,1.0,0.26,1398.7,-0.030759498911552358,-0.06420435938814634,-0.004241216316821291,-0.0016026166076214634,-0.007606242408380073,-0.002021386434549689,326.0455652993163,448.79673110667426,6.567559808161227,329.8871870171611,219.3466287228242,4.5100843628446565,342.2182085157797,28.146396588361295,-11.233483238162494,-0.9591982971398519,-1.77165325246521
47584383,42.656000,-22.070678,-4.815833,1029.36,1045.7,1028.72,1037.68,-0.01,0.0,1.0,0.24,1.0,0.27,1397.6,-0.03143699425455429,-0.06440842418908632,-0.006574971957754242,-0.0015364097034109047,-0.11000192976934614,-0.018517981153635534,326.03319781801343,448.80929821060874,6.575153451150688,331.1771829059822,219.41285593818262,4.030236905500855,345.46740997447563,28.30563230378129,-12.205456604149425,-1.2845850937288983,-1.7072184692386383
47584483,42.756000,-22.876482,-4.941134,1028.68,1045.28,1028.61,1037.55,-0.01,0.0,1.0,0.45,1.0,0.27,1398.21,-0.03193272638866616,-0.06446877901474307,-0.007250024326803656,-0.00042563529873174106,-0.06897175398204967,0.007740552194026728,326.05389736237134,448.7818126653238,6.619440012437007,333.42505966850314,219.51414112878163,3.1335475261915486,351.32283505603937,28.752515037557348,-13.513231541726347,-1.8414766341803184,-1.6770022197482661
47584583,42.858000,-23.646413,-5.122431,1029.51,1048.1,1028.65,1037.59,-0.01,-0.0,1.0,0.23,1.0,0.29,1398.08,-0.03266883108293038,-0.06447302365436439,-0.009890858084869695,0.00021424991047383526,-0.13907085771266336,0.010263612087924446,326.0950028730199,448.7254765316274,6.564760083272734,333.88030758798766,219.54547340279169,2.798288634037375,352.6182507662016,28.829502110605834,-13.588292852109896,-1.945604467231973,-1.7222126343632747
47584684,42.956000,-24.391298,-5.377562,1029.27,1049.35,1028.7,1037.63,-0.01,-0.0,1.0,0.13,1.0,0.31,1398.01,-0.033746841961607495,-0.06441230879660653,-0.013931338144075257,0.0009025169072736421,-0.1612251649822259,0.011915364816851163,326.10101717526277,448.72124836032197,6.589410564216746,334.39290891720844,219.46554327480916,2.705115814280117,354.42146805359636,29.01177555003655,-14.014860224244892,-2.0714136453849,-1.8604640601730358
47584783,43.056000,-25.105580,-5.681988,1028.46,1049.04,1028.62,1037.67,-0.01,-0.01,1.0,0.16,1.0,0.32,1397.25,-0.03518870458425775,-0.06433272729420118,-0.017173010898839394,0.0008032866303515285,-0.1561304261305491,0.00350368999211192,326.0152563763564,448.78205482246796,6.575291587473356,334.3659340468458,219.46188335345315,2.6171589103739996,354.2327354782573,28.971028483647697,-13.854428183193523,-2.08141548167281,-1.8416353844682565
47584883,43.156000,-25.801376,-6.024727,1027.98,1048.82,1028.66,1037.6,-0.01,-0.01,1.0,0.18,1.0,0.33,1397.66,-0.03693416856512408,-0.06426313670620817,-0.020047139194883833,0.000795175116262176,-0.1770247212457036,0.007297651678931974,326.09585164464266,448.72391920427253,6.57492724146629,334.20709938166755,219.4967560119463,2.674246526101416,353.6071162440128,28.82737657052684,-13.713724098294838,-2.040242536198867,-1.8337117514952945
47584983,43.254000,-26.445788,-6.385942,1027.56,1048.71,1028.65,1037.65,-0.01,-0.01,1.0,0.19,1.0,0.35,1398.12,-0.038894615930482636,-0.06419506797434703,-0.022866974414693576,0.000720593367508142,-0.21845562099293453,0.00536397136873699,326.0947588566327,448.7281208758449,6.58345406996627,333.987592541634,219.53081687595488,2.7343536346166215,353.23518041949006,28.8294388328199,-13.429177307564672,-1.9857238073507417,-1.8043171495760775
47585083,43.355000,-27.089369,-6.757476,1027.36,1048.55,1028.72,1037.7,-0.01,-0.01,1.0,0.21,1.0,0.37,1398.45,-0.040978017275032905,-0.0641296094672415,-0.023660286671169876,0.0007473954858387193,-0.11346527353743555,0.003848901125207106,326.0998619417113,448.7255915866669,6.592187533283026,334.05270455636804,219.52249876681427,2.7254943244642837,353.31213493224664,28.816375744816614,-13.418174397095894,-1.9872401353306848,-1.7922742083745717
47585183,43.457000,-27.716242,-7.134452,1027.34,1048.47,1028.66,1037.56,-0.01,-0.01,1.0,0.64,1.0,0.21,1398.95,-0.04313014658645024,-0.06405292756270736,-0.021729290597275134,0.0008157625270674046,-0.07571369853545327,0.0036717344943262955,326.09100830621213,448.72194730554867,6.562570170952753,334.3427536414261,219.46829508265446,2.606242038662311,354.10532851496134,28.92970596400651,-13.878401192876108,-2.061411709490742,-1.798695009510178
47585283,43.555000,-28.292412,-7.520997,1029.25,1055.33,1028.66,1037.66,-0.01,-0.01,1.0,0.09,1.0,0.23,1398.61,-0.045327428941959264,-0.0639657715543843,-0.024485944605154766,0.0009822551544404901,-0.2131104245096231,0.008532041293848816,326.09054607872355,448.71028512384675,6.574691582225795,334.5014303288766,219.45807781190703,2.601528864746574,354.60411665195056,28.965772379723607,-13.917084905926435,-2.1011449700035314,-1.8218468883525532
47585383,43.658000,-28.849589,-7.922376,1029.46,1055.53,1028.74,1037.58,-0.01,-0.01,1.0,0.07,1.0,0.23,1398.2,-0.047560038133732524,-0.06388056487281224,-0.025861072381562766,0.0009392592181834937,-0.2627255119546566,0.008162500833324218,326.0971038164082,448.7240765524715,6.584691167682708,334.9111047423403,219.42809483005576,2.4047183721063248,355.5288172299444,29.153460183733124,-14.028429042200969,-2.2013318349503974,-1.781643639547685
47585483,43.756000,-29.413454,-8.345536,1028.68,1055.4,1028.71,1037.6,-0.01,-0.01,1.0,0.23,1.0,0.14,1398.68,-0.049817203154355554,-0.06380425842739698,-0.02545037463982137,0.0008799210829825315,-0.2233736309530176,0.008836395619641748,326.09389754367953,448.7251042511666,6.58548641175751,335.2465648896076,219.47099918031108,2.3780760961591065,356.36730305562895,29.09157417490913,-14.141141207486703,-2.28624415495895,-1.7580321757951989
47585585,43.856000,-29.935643,-8.765051,1028.07,1055.01,1028.62,1037.67,-0.01,-0.01,1.0,0.31,1.0,0.12,1397.7,-0.05211706814921986,-0.06371370438335833,-0.02642826832388182,0.0011320194066890108,-0.27157546453848386,0.013771965644306649,326.1064016161505,448.7242954394362,6.575895693094188,336.0480648321263,219.61355899341027,1.983611436660529,358.55926483576883,29.311206587569163,-14.67081660752541,-2.4846423448164137,-1.7769837043820012
47585686,43.958000,-30.423844,-9.185254,1027.77,1054.74,1028.74,1037.62,-0.01,-0.01,1.0,0.39,1.0,0.08,1398.11,-0.05451914478600453,-0.06360659731925389,-0.028550762279872507,0.001309226316259766,-0.31979148835661275,0.01610640221389493,326.02414472573787,448.8007635003821,6.556622200628624,337.11091510675504,219.59468843993344,1.4649105263064348,361.07398855601014,29.6253030981426,-15.190595756459699,-2.7692565999657273,-1.650905917951249
47585786,44.059000,-30.915881,-9.628427,1027.96,1055.79,1028.62,1037.59,-0.01,-0.01,1.0,0.35,1.0,0.05,1398.32,-0.05707840872716572,-0.06346097843181156,-0.029266675131016114,0.001884697852053202,-0.2776316353522077,0.023154823239950075,326.0539322532689,448.77170166749085,6.609445780230659,337.3643268252129,219.57907703571723,1.2753641605144757,361.87919021516086,29.66381445974951,-15.252897275955586,-2.8251894418026806,-1.7048695073767401
47585886,44.158000,-31.386623,-10.068783,1027.95,1057.07,1028.52,1037.61,-0.01,-0.0,1.0,0.29,1.0,0.01,1398.44,-0.05979919427405313,-0.0632649413567904,-0.031829512654658096,0.0023709105259864137,-0.35334451513597476,0.027671568380557277,326.09369255440447,448.7257246377368,6.583084289948648,337.5222368351358,219.63341332593382,1.223061076362746,362.2992715123894,29.70627101034883,-15.374988352293721,-2.8559010448593423,-1.720771368140264
47585986,44.259000,-31.866867,-10.488022,1027.66,1056.56,1028.61,1037.61,-0.01,-0.0,1.0,0.38,1.0,0.03,1397.77,-0.0626420397419288,-0.06304779951926082,-0.033347195213583085,0.0025673651313729263,-0.37339168484959034,0.029108056719498593,326.0392936726748,448.7908700541984,6.603182854728789,337.8037818359688,219.59189670841167,1.1243275363335175,362.90372039306936,29.788155690706667,-15.495110876412015,-2.9383399072892855,-1.656492167308361
47586085,44.358000,-32.348663,-10.854129,1027.64,1057.27,1028.69,1037.61,-0.01,-0.0,1.0,0.37,1.0,0.06,1398.05,-0.06557267057565921,-0.0628128992182624,-0.03442279406353883,0.002873662575433531,-0.3435467833365938,0.031964396763872104,326.0884159679433,448.73266428559697,6.569542999032157,338.1529853148719,219.63804112581357,1.2135309558541252,363.6725244098006,29.905249008482308,-15.845763731627851,-3.01452276690367,-1.6314071929033478
47586186,44.458000,-32.851495,-11.177357,1027.8,1058.52,1028.62,1037.62,-0.01,-0.0,1.0,0.28,1.0,0.07,1398.2,-0.06856962416180276,-0.0625479058169374,-0.03294867111438686,0.0030275948357346427,-0.19907568997820563,0.021440502147806833,326.0619715670749,448.78950543176217,6.614036608306142,338.2432961761797,219.6321202779616,0.9912652959829386,364.0843075529668,29.844975105073953,-15.871982328787071,-3.0428092888953158,-1.6679721911182774
47586285,44.558000,-33.353119,-11.441512,1027.53,1057.93,1028.7,1037.55,-0.01,-0.01,1.0,0.41,1.0,0.13,1398.69,-0.07161554121452605,-0.06225870742760438,-0.03262458920265361,0.0031473200736134247,-0.1799235139964958,0.018625755286319597,326.02643240453017,448.8156113986644,6.532230507010276,338.63415749153677,219.68808434238426,0.6553830013938098,365.13089499730313,30.044544592086723,-16.029389759989126,-3.128562149554739,-1.696674650809629
47586386,44.659000,-33.875985,-11.678710,1028.0,1059.38,1028.66,1037.61,-0.01,-0.0,1.0,0.3,1.0,0.13,1398.71,-0.07469246859034731,-0.06195984496102107,-0.03351276467968568,0.00327394724023577,-0.1640904834054425,0.017272190536651202,326.09834177153687,448.72818339787625,6.572988027456932,339.1456095803051,219.75556849771723,0.4814567270164038,366.33977165709695,30.19310589774952,-16.193283366464446,-3.261288995718957,-1.6412330075392285
47586486,44.759000,-34.421006,-11.906217,1027.89,1060.33,1028.6,1037.6,-0.01,-0.0,1.0,0.22,1.0,0.14,1398.59,-0.07780607434182515,-0.061645728942380885,-0.032973751730099435,0.0033754017867302926,-0.13739664281336833,0.015148310365130993,326.10180753778553,448.72816273461734,6.5946451793528515,339.58426070256604,219.78181202523592,0.21664509135405882,367.59662424873335,30.351487777697564,-16.511538448508684,-3.3702067626866157,-1.6713456502994273
47586585,44.858000,-34.996692,-12.119544,1027.61,1060.21,1028.69,1037.64,-0.01,-0.0,1.0,0.24,1.0,0.14,1397.72,-0.08094908123113145,-0.06132420100204455,-0.03219882010091324,0.0032710618845414093,-0.23781428323884404,0.023770487040914064,326.07827635741927,448.79341463342996,6.384030484347609,340.4008995640365,219.81660895548163,0.0211502744373023,369.5517381524513,30.632077215673227,-17.003299201815626,-3.579218917912505,-1.6011929975347563
47586685,44.958000,-35.557447,-12.286647,1027.34,1059.92,1028.63,1037.6,-0.01,-0.0,1.0,0.44,1.0,0.23,1398.08,-0.08415416531427475,-0.06098903273364,-0.036298164661825685,0.00386498889897712,-0.4277884675135129,0.0470416088998577,326.0625097483004,448.78155418050875,6.629528773169405,340.692054027791,219.80352227036826,-0.07479278139279873,370.22876525835704,30.697395009085056,-16.904267006873003,-3.655693051517604,-1.565983809853428
47586786,45.059000,-36.136651,-12.417012,1028.19,1062.35,1028.62,1037.53,-0.01,-0.0,1.0,0.25,1.0,0.24,1398.2,-0.08745065545497904,-0.060623984798917695,-0.0420330154111881,0.004740876592950426,-0.622703702766084,0.07173975452973252,326.06418345690963,448.7792773173607,6.614550823549901,341.31652544623086,219.89485154452694,-0.34945320791144985,371.9262061474153,30.87303611622588,-17.382597040345402,-3.8124250714991965,-1.5736219029601601
47586886,45.159000,-36.762088,-12.531719,1028.31,1063.58,1028.68,1037.61,-0.01,-0.0,1.0,0.15,1.0,0.25,1398.02,-0.09083559168486735,-0.06024039831217584,-0.03947642039402788,0.00448909726073902,-0.36510589564966983,0.041836656943729754,326.1046614296843,448.7257666747464,6.595358487696257,341.73307375121914,219.9035181035327,-0.6008717573078105,373.00837826178343,31.073244876244463,-17.85248072126687,-3.907196974281997,-1.589934215387709
47586987,45.259000,-37.403862,-12.639876,1027.85,1063.43,1028.6,1037.63,-0.01,-0.01,1.0,0.16,1.0,0.25,1398.52,-0.09429644751008955,-0.05985172147712224,-0.0381026269909312,0.004255710322153385,-0.2875826980562598,0.031810289451149096,326.0455302054681,448.79632438149633,6.599030046314742,342.5229833153497,219.99339957640709,-1.0155179519976634,374.76378996748207,31.358964465038902,-18.054512088915846,-4.119097142925292,-1.4609003421395812
47587087,45.361000,-38.031978,-12.758707,1027.55,1063.07,1028.73,1037.54,-0.01,-0.0,1.0,0.19,1.0,0.27,1397.98,-0.09784139698855947,-0.059444434810489485,-0.03974434145645034,0.004731479694853341,-0.29552367940408475,0.04014440768546854,326.10489849469366,448.7345649402256,6.593800590875668,342.91387630066197,220.06885160336773,-1.1476144147661336,375.81902630045533,31.45561231358828,-18.384550198702588,-4.204191260004593,-1.487746812077189
47587189,45.461000,-38.664917,-12.909120,1027.37,1062.98,1028.73,1037.54,-0.01,-0.0,1.0,0.45,1.0,0.33,1398.07,-0.10148290157081366,-0.05898715822403148,-0.04002194531787823,0.005133069099346603,-0.28207537132532123,0.038276383076026946,326.04457948262433,448.7988268559669,6.569622985959668,343.6577034224093,220.07673318987938,-1.4856809798430992,377.7706341442056,31.798501835601765,-18.65917183997315,-4.399019064612492,-1.4716099094067108
47587289,45.562000,-39.305196,-13.096766,1028.23,1065.92,1028.66,1037.61,-0.01,-0.0,1.0,0.27,1.0,0.35,1398.05,-0.10525623932289895,-0.05849456282405711,-0.04229785113398617,0.0055609888716186065,-0.34843247258416354,0.046501583955868876,326.10080682831995,448.7278805312752,6.5733087646677655,344.13512564205604,220.17281916737232,-1.7386042671123294,379.17990854673326,31.97312414398026,-19.118455988625158,-4.5116212217919704,-1.5250294604554728
47587388,45.662000,-39.937741,-13.312532,1028.06,1067.42,1028.76,1037.79,-0.01,-0.01,1.0,0.19,1.0,0.36,1397.85,-0.10914871607406806,-0.05798683185714629,-0.04356965830038126,0.005596151070293704,-0.2844266014165584,0.03358614113650959,326.12691874603297,448.716602474766,6.606395768118302,344.38994582036634,220.06154143214724,-2.051284016460187,379.6354197751158,32.12243334804154,-19.09619511674782,-4.56660658509632,-1.4884716142899048
47587489,45.762000,-40.582481,-13.563630,1027.57,1067.18,1028.75,1038.15,-0.01,-0.01,1.0,0.21,1.0,0.34,1397.23,-0.11311305402049907,-0.057493723750526214,-0.04274042531255,0.005273617660330745,-0.1903120843165935,0.02311050123820618,326.02745863338913,448.80601578037266,6.567140243635223,344.9197070964911,220.30152328011215,-2.340950211314057,380.9576620941162,32.32152662653992,-19.281897841232183,-4.72633934211009,-1.3999118566654793
47587589,45.861000,-41.224266,-13.844083,1027.33,1067.04,1028.78,1038.01,-0.01,-0.01,1.0,0.33,1.0,0.4,1397.66,-0.11712697168991354,-0.05699367427139581,-0.04247747352197126,0.0053925384815465705,-0.19406654618200003,0.02792328992734753,326.1032130306997,448.7266644283233,6.590066682539673,345.72241000034734,220.34472430489362,-2.499154198590719,383.03154865110525,32.75736767998686,-19.738562633797933,-4.909951262155985,-1.4288321627608802
47587689,45.961000,-41.819503,-14.120909,1027.31,1066.89,1029.14,1039.5,-0.01,-0.01,1.0,0.35,1.0,0.29,1397.96,-0.12120241187756889,-0.05646625989025278,-0.04393659920978395,0.005703073585053113,-0.23455005700367448,0.030569091489123137,326.07324906029623,448.80060442241887,6.6090567040082675,346.165534810983,220.32891264501978,-2.807593550853509,384.1212425297856,32.874365136437525,-20.256968843768906,-5.025782972374659,-1.394903388317541
47587788,46.061000,-42.479111,-14.410699,1027.32,1067.65,1028.98,1039.67,-0.01,-0.01,1.0,0.4,1.0,0.33,1398.12,-0.12534846438733382,-0.055925285347793015,-0.044289330148750194,0.005816345098234206,-0.2785917417237835,0.03772999542003732,326.0981678103886,448.7272521095454,6.593267544682588,347.05811793781777,220.5035635950178,-3.1609440639121194,387.30110268629204,33.419319297270064,-21.17735996159892,-5.247296187644078,-1.6451047720890628
47587889,46.161000,-43.155997,-14.659461,1027.61,1068.53,1028.83,1039.39,-0.01,-0.01,1.0,0.39,1.0,0.39,1398.54,-0.12958818853012774,-0.05539257510369847,-0.04707816109391424,0.005574313776857383,-0.30021965682971696,0.02491722078226685,326.1040556401129,448.7376642934271,6.607638359136459,347.6146250225656,220.56796597515768,-3.3395893370975043,388.3265321888716,33.648140493646416,-21.322966546996714,-5.385609705958369,-1.5161373457063512
47587988,46.260000,-43.838267,-14.859004,1027.63,1071.29,1029.07,1040.58,-0.01,-0.01,1.0,0.16,1.0,0.3,1398.09,-0.1339412525717409,-0.05492777460045299,-0.0465934144818795,0.004726825516564616,-0.2162986148309036,0.01628080389955711,326.10511817853705,448.7389538327713,6.609879980875423,347.65666014582786,220.5651506448091,-3.3995229188732523,388.67569496579046,33.71511851445441,-21.28704658772137,-5.395711041351211,-1.5902634093241712
47588089,46.359000,-44.547406,-15.044478,1027.41,1070.62,1028.92,1040.58,-0.01,-0.01,1.0,0.21,1.0,0.3,1397.61,-0.13836770766588524,-0.054520185363013514,-0.047088067835504906,0.003993606393118025,-0.23944244250041177,0.010789692618668273,326.07916943257703,448.7885264469583,6.412691911939195,347.9719553346938,220.5348423726097,-3.6335413781724033,389.9197930746344,33.93434608397831,-21.614105608152524,-5.478723397206402,-1.71204273661513
47588189,46.461000,-45.264748,-15.241664,1027.29,1070.49,1028.85,1040.64,-0.01,-0.01,1.0,0.4,1.0,0.36,1397.8,-0.142821275031897,-0.054208494531580276,-0.047870530181125685,0.0028212865546330163,-0.24319142811571523,-0.0005055970260984491,326.01846777856065,448.82872441495,6.516480079102264,348.4451954467317,220.63956896468252,-4.002175242944567,391.061604204312,34.211851849087736,-22.071061920802507,-5.613077579006857,-1.6501195911115882
47588290,46.561000,-45.995992,-15.470738,1027.58,1071.97,1028.86,1040.62,-0.01,-0.01,1.0,0.28,1.0,0.37,1398.08,-0.14727049738800618,-0.05403077937255752,-0.04794556198784993,0.0015217334945425453,-0.3360712651700618,0.003160960057063039,326.1021334832066,448.736611186325,6.570167563077081,348.9242864614708,220.68814094370626,-4.090296968472713,392.28649159277427,34.47035719361168,-22.28307367990053,-5.714898070299139,-1.6783671795981139
47588390,46.661000,-46.733957,-15.741471,1027.46,1073.41,1029.04,1041.8,-0.01,-0.01,1.0,0.28,1.0,0.31,1397.86,-0.15171790291356824,-0.05393325312173507,-0.050197628371712724,0.0007539244991164362,-0.40258274470546784,-0.003215537960010937,326.1027627769397,448.73089123234723,6.606918033949654,349.473750553998,220.83104900505862,-4.277657697562416,393.6792950428146,34.70236913766922,-22.77134864680419,-5.8551788878915865,-1.6498557212273184
47588490,46.762000,-47.478512,-16.077504,1027.25,1073.27,1028.86,1041.44,-0.01,-0.01,1.0,0.36,1.0,0.37,1397.06,-0.15615816430578358,-0.05391560256734124,-0.04842738145859428,-7.814479248494108e-05,-0.3082959366836441,-0.006734603219182283,326.10553559777134,448.7418506498589,6.5685922589995265,350.27074973514885,220.9247692775402,-4.643315687540158,395.90902266566707,35.221628760590974,-23.378673134592635,-6.054887365934642,-1.6975596742476817
47588590,46.862000,-48.254048,-16.541830,1027.41,1073.31,1028.86,1042.1,-0.01,-0.01,1.0,0.36,1.0,0.32,1397.43,-0.16061235478839536,-0.05396535078744196,-0.04790053880183471,-0.000820694837159177,-0.24694301407692557,-0.011472930373763186,326.11388519358894,448.73789457269294,6.583654425926454,351.14954938375985,221.07336625576815,-5.043667806421634,398.1618392274049,35.70900611215334,-23.868761219281723,-6.27544997222706,-1.6804392441114295
47588690,46.962000,-49.031553,-17.170652,1027.39,1074.45,1028.83,1042.04,-0.01,-0.01,1.0,0.4,1.0,0.4,1397.99,-0.16511693592009768,-0.05407940452621115,-0.04806010763814461,-0.0014278797116166189,-0.2843540116444787,-0.013612273217571937,326.11683886974913,448.73479263863766,6.591197290870257,351.9368451540935,221.15790381466883,-5.449722709919035,400.4129568120321,36.25453120646241,-24.528507714492054,-6.472881791466547,-1.7448485354403704
47588790,47.062000,-49.793468,-17.984774,1027.53,1075.26,1029.19,1043.45,-0.01,-0.01,1.0,0.34,1.0,0.29,1398.11,-0.16971954319816476,-0.054258607770822045,-0.05071241909537835,-0.0022530543292048843,-0.40202592546679966,-0.02423719163343475,326.1089756430989,448.74612255564074,6.578376051771367,352.44040375190644,221.19047613736333,-5.623067055141749,401.7866204286424,36.513285727720366,-24.577231778995497,-6.60058177308159,-1.7589153657213874
47588890,47.162000,-50.553881,-18.989441,1027.53,1077.21,1029.11,1043.88,-0.01,-0.01,1.0,0.17,1.0,0.26,1397.5,-0.17441957446814685,-0.05451112165596752,-0.053052541809431364,-0.003229034225510132,-0.4768481941355309,-0.039800699782995386,326.10070362743477,448.738248011085,6.570728605319659,352.4569308011557,221.18541160950198,-5.769458489499385,402.58932474430026,36.74664762430005,-25.108512035232195,-6.6068241650373905,-1.992568667079274
47588991,47.262000,-51.303059,-20.134087,1027.28,1076.96,1028.87,1043.68,-0.01,-0.01,1.0,0.19,1.0,0.28,1397.03,-0.17916557166782976,-0.05489393267727432,-0.0539168185795876,-0.005040989461881312,-0.49472874852594456,-0.06288725680422834,326.11443354729147,448.7409013561755,6.576753904023035,352.6917357583116,221.20264116377606,-5.920178534521477,403.0777270481051,36.921057898380475,-25.242289304282018,-6.662168819420465,-1.9676363486731567
47589091,47.363000,-52.017332,-21.337875,1027.2,1076.87,1028.77,1043.59,-0.02,-0.01,1.0,0.45,1.0,0.59,1397.63,-0.18389645723634404,-0.05542261361691205,-0.052017936539190304,-0.006321627295030795,-0.37486276482464226,-0.05760491093522882,326.11341399435656,448.73989817981015,6.587249552401096,352.82482838357805,221.28078452697667,-5.978189656979697,403.47894913940286,36.95758588201271,-25.302756630312288,-6.697791030876994,-1.9706237612917938
47589190,47.464000,-52.729056,-22.616966,1027.57,1079.6,1030.39,1049.35,-0.02,-0.0,1.0,0.29,1.0,0.22,1396.06,-0.18856746363417734,-0.05605787146524251,-0.051398315905141635,-0.0074176982884697285,-0.4799378938607017,-0.07899352020467308,326.11014288546926,448.73361423003286,6.579140677831874,353.01666827030084,221.27504455624288,-5.905713748938033,404.05561636057007,37.14365247452097,-25.381952436554656,-6.746281084171807,-2.0001543396192556
47589290,47.562000,-53.391275,-23.866241,1027.36,1079.94,1030.48,1049.89,-0.02,-0.0,1.0,0.26,1.0,0.17,1395.59,-0.19314552721453349,-0.056780512528159195,-0.05438148910984667,-0.009040846094009214,-0.7112104740019156,-0.12959706564583348,326.1104320855688,448.74222066429365,6.574722733500458,352.89439163429904,221.24220260892216,-5.9114288343536145,405.79832394736565,37.654989357379044,-26.96051032436512,-6.714619062204713,-2.646042463206168
47589391,47.663000,-54.049729,-25.122261,1027.36,1079.83,1029.79,1049.29,-0.02,-0.0,1.0,0.27,1.0,0.22,1394.45,-0.19759139547658736,-0.05768462363664247,-0.0518265656278822,-0.012197160058939834,-0.5648915233864148,-0.17701725365171694,326.08456360756634,448.804339190301,6.377313948940629,353.9350501806746,221.38250937801658,-6.2938371548334375,407.44615530419003,38.11470571138966,-26.98357629102275,-6.9817810938142,-2.313351038280052
47589490,47.762000,-54.698762,-26.351042,1027.32,1079.46,1029.39,1049.03,-0.02,-0.0,1.0,0.47,1.0,0.56,1395.15,-0.2018962686203362,-0.058887871744632746,-0.04811255230069875,-0.014315309657417605,-0.43869449335831606,-0.14734691007013784,326.0731815248913,448.79980686799183,6.366211392773948,354.5469821795229,221.5511043373009,-6.5689658583969335,410.094310197071,38.78551847527651,-28.021459288429078,-7.141825389137091,-2.621772629316954
47589590,47.862000,-55.337263,-27.529670,1027.71,1082.9,1030.81,1054.28,-0.02,-0.0,1.0,0.25,1.0,0.24,1395.09,-0.20613230633369609,-0.06028039795668489,-0.048136352583090014,-0.01681454619657733,-0.48910328436887707,-0.19364781511876356,326.1180300990612,448.74386762566303,6.579423854194607,355.6364797405331,221.70507944454113,-7.232400784610146,412.1604298417167,39.32697384962601,-28.28623081524808,-7.407757676570353,-2.4041194828453083
47589690,47.962000,-55.927176,-28.563299,1027.6,1083.99,1030.85,1055.14,-0.02,-0.0,1.0,0.16,1.0,0.16,1394.88,-0.21036256204320405,-0.06183085898012864,-0.04904966306694598,-0.018397210321695875,-0.45304900190364233,-0.181439344446034,326.06771799749674,448.7966525045074,6.369586541597007,355.9527525700064,221.75646459809738,-7.530545144603311,415.36700030846185,40.376703095272475,-30.220339512793213,-7.498667114557485,-3.1398178284511147
47589790,48.062000,-56.536888,-29.536089,1027.34,1083.97,1030.14,1054.4,-0.01,0.0,1.0,0.15,1.0,0.23,1395.74,-0.21461778270393223,-0.06359328377090886,-0.04461164133943624,-0.019876712568440643,-0.2315869985599823,-0.1395797138837075,326.08846348385475,448.7912520309613,6.378791613267438,356.6426032612116,221.88477231471876,-7.705708473566085,416.80850408830116,40.7774024854643,-30.47837835479006,-7.669045487775598,-3.0389754148021204
47589890,48.162000,-57.215841,-30.526162,1027.32,1083.59,1029.6,1054.1,-0.01,0.0,1.0,0.34,1.0,0.52,1395.43,-0.21676033532016692,-0.06460455742710568,-0.04577189834433069,-0.021971162876439795,-0.2217343535574758,-0.13424001197171695,326.1263902896875,448.7622430197437,6.572193527283223,358.43144024122023,222.26697271966742,-8.439533955327983,421.8185439335386,42.275539694347,-31.60649957773348,-8.117355234047169,-3.1658883214061504
47589991,48.264000,-57.703553,-31.192215,1027.33,1083.54,1030.55,1058.47,-0.01,-0.0,1.0,0.34,1.0,0.16,1394.65,-0.22331904237907307,-0.06800514423643952,-0.04871289075457296,-0.02618255022245299,-0.3731022753989466,-0.2106938334022954,326.1192743122272,448.74333379896547,6.5711239255288225,359.8022786573579,222.45023463461976,-9.246336096607644,424.4210536025763,43.081545070954895,-32.03640201958451,-8.466135317161932,-2.8796258198735387
47590091,48.364000,-58.271564,-31.950855,1027.32,1084.03,1030.39,1058.48,-0.01,-0.0,1.0,0.31,1.0,0.16,1395.06,-0.22796528234183153,-0.07046518099997585,-0.0531958381973237,-0.02790847385290112,-0.425999662912141,-0.22021946920667063,326.0773564638731,448.8069507118109,6.385606414500345,360.0309643097942,222.53833483872359,-9.290417182796954,427.2972621436395,44.191776678088985,-33.43032562641271,-8.534063131037975,-3.596654949562076
47590191,48.464000,-58.805738,-32.680403,1027.1,1083.89,1029.93,1057.89,-0.01,-0.0,1.0,0.47,1.0,0.41,1395.92,-0.2328475262574172,-0.07311496315206377,-0.054520399130945085,-0.030371414788573275,-0.34210850847523433,-0.20987525358705153,326.11362441622396,448.7405507192214,6.58142530359597,360.5818686308466,222.62362298318865,-9.360224192215723,427.89543100425766,44.40910519059187,-33.24356289725207,-8.667189158660266,-3.3577180963853337
47590290,48.564000,-59.300485,-33.382356,1027.54,1087.06,1029.65,1059.58,-0.01,-0.0,1.0,0.25,1.0,0.33,1395.23,-0.2379128261991701,-0.07602318253677888,-0.05516892889951602,-0.03223158105510389,-0.31452153665579385,-0.19953413991603636,326.07706776166776,448.7996066230971,6.3853055137316455,360.26443748518034,222.60455638472,-9.415275222240854,428.0823470395976,44.45515500495225,-33.572805796691576,-8.594696662666562,-3.651433744192346
47590390,48.662000,-59.803469,-34.082241,1027.41,1087.51,1029.44,1059.41,-0.01,-0.0,1.0,0.25,1.0,0.41,1395.55,-0.2430626620000117,-0.0791551240525637,-0.05373475521301942,-0.03338729929571603,-0.2512242534798239,-0.17141971514466756,326.0951192284367,448.8107219802778,6.382109696077709,360.14790468744366,222.55574136704357,-9.392570989299546,427.81263272119344,44.46343664056089,-33.55021729922555,-8.559130419219706,-3.685621102392517
47590490,48.762000,-60.276125,-34.699600,1027.24,1087.45,1029.73,1060.73,-0.01,0.0,1.0,0.26,1.0,0.31,1394.79,-0.24819387845958052,-0.08244994029406662,-0.0551070303304787,-0.036332465582852996,-0.36754194683786384,-0.2692159704328983,326.0657544193199,448.8311573473598,6.591276465979425,360.61485828452,222.64358157744113,-9.4858220520549,429.0294915529777,44.81628772422551,-34.14199722925812,-8.684539826747127,-3.6739100848484867
47590591,48.863000,-60.746212,-35.248964,1027.34,1087.26,1029.81,1061.61,-0.01,0.0,1.0,0.28,1.0,0.23,1393.86,-0.25325111631191555,-0.0859017133303984,-0.05580397528508512,-0.038627997566858176,-0.40147490997345187,-0.28979447779204226,326.08428733015506,448.8109832383208,6.379539246268147,361.0236628911703,222.77844526235265,-9.707360856063394,431.20960213305426,45.63906216624587,-35.21815001847589,-8.787050089754773,-4.040297583055914
47590690,48.963000,-61.228327,-35.741883,1027.35,1087.19,1029.28,1061.16,-0.02,0.0,1.0,0.28,1.0,0.27,1394.02,-0.258235560629381,-0.08947814846576888,-0.05428142388419101,-0.0399988666623148,-0.4423626251865668,-0.3513596374614284,326.0934264521174,448.8069657557015,6.386130137068325,361.98094515144004,222.9440547661977,-10.123205637348272,433.0558404197561,46.33267717574341,-35.36436746388509,-9.028295146759705,-3.865072369834273
47590790,49.062000,-61.713960,-36.172611,1027.25,1087.18,1028.97,1061.04,-0.02,0.0,1.0,0.44,1.0,0.48,1395.1,-0.2631558338764516,-0.09322004423283126,-0.05539181691357119,-0.04247793606561266,-0.35380896020707236,-0.27559431360299924,326.0691367437465,448.81743596897445,6.376045859542669,362.2296160891071,223.01501617546384,-10.393775984396594,434.57646093023743,46.791533311987905,-35.828963261631706,-9.098216648268354,-4.1236936943303775
47590890,49.162000,-62.191799,-36.526416,1027.48,1089.8,1029.98,1064.48,-0.01,0.0,1.0,0.28,1.0,0.24,1395.28,-0.2680485072084253,-0.09702722604460647,-0.052263616373927874,-0.04102679931160378,-0.2696562042821736,-0.21844257692350894,326.1204250706969,448.74867607014096,6.577283568906252,362.7212526733432,223.05696663812455,-10.418065952956987,434.9595590687022,47.01620843142189,-35.78158585664915,-9.211563816425649,-3.887661840936577
47590992,49.262000,-62.672094,-36.837268,1027.4,1091.14,1029.97,1065.47,-0.01,0.0,1.0,0.2,1.0,0.18,1395.11,-0.2728963996817486,-0.10082617489257933,-0.04999136135392285,-0.03908783437202914,-0.2864727574495445,-0.2238612882907586,326.1028859926026,448.8272341887091,6.366629793581268,362.43510650538377,223.02832322090174,-10.678866820852813,436.2305268379921,47.58484630384618,-36.941232275530034,-9.140839718061772,-4.531023147699379
47591090,49.364000,-63.130483,-37.118901,1027.3,1091.04,1029.33,1064.97,-0.01,0.0,1.0,0.24,1.0,0.25,1396.05,-0.277640153388921,-0.10464449557756754,-0.05338811668273916,-0.044108929934640696,-0.09683232324329362,-0.11601534398260394,326.11522605128647,448.75034407305446,6.572135629229034,363.42073813813755,223.19540033519237,-10.806638034367591,437.9290371492035,48.201145125692776,-37.14990493981325,-9.391379156263188,-4.280367242462248
47591190,49.463000,-63.610853,-37.427210,1027.26,1090.79,1028.99,1064.73,-0.01,0.0,1.0,0.3,1.0,0.29,1394.83,-0.28225881105873546,-0.10856352063492748,-0.05117385222149529,-0.0437135297709256,-0.42302930188348536,-0.36450598478725976,326.0825808557023,448.81832274482383,6.395209757953167,364.22358076083424,223.42982553626058,-11.302061009480001,440.7660307806635,49.303827354970615,-38.135491774736714,-9.604791728523812,-4.519786504142161
47591290,49.563000,-64.060135,-37.748737,1027.23,1090.58,1028.96,1064.48,-0.01,0.0,1.0,0.36,1.0,0.34,1395.34,-0.2868111358602144,-0.1124780212764028,-0.05096283620136048,-0.044040931041215224,-0.3805179941399275,-0.334615676707171,326.10589236491904,448.81592306922994,6.4007329341070305,365.2648296300715,223.62913903740338,-11.779346927359818,442.81286448593806,50.02998864109947,-38.16866640208561,-9.864823592461427,-4.341024433444758
47591391,49.663000,-64.517667,-38.111186,1027.29,1091.05,1028.66,1064.51,-0.01,0.01,1.0,0.33,1.0,0.34,1396.12,-0.29136009544041613,-0.11637345703082688,-0.05050580746886994,-0.04268315706003161,-0.3306354854437871,-0.26317382896116903,326.10482791046036,448.8210545612901,6.393517254477196,365.62922331135144,223.728910127576,-12.158547976234853,444.1504238918009,50.65253284569194,-38.50667139868419,-9.95915723723098,-4.4845061427096695
47591490,49.763000,-64.958429,-38.469659,1027.24,1091.41,1028.67,1064.56,-0.01,0.01,1.0,0.3,1.0,0.34,1396.98,-0.2959454302560209,-0.1201731582779771,-0.04966486884159625,-0.040692600333471544,-0.30430273245960215,-0.23677754751248226,326.0932171631925,448.8177368967131,6.3974600449237915,365.5851557653774,223.72641870469698,-12.136555598960996,443.9454013238126,50.4638687238291,-38.257476339417856,-9.951178274986747,-4.433124408781584
47591590,49.863000,-65.391014,-38.808195,1027.24,1091.34,1028.74,1064.51,-0.01,0.01,1.0,0.31,1.0,0.35,1397.46,-0.3005373078852599,-0.12384006749404575,-0.05089479087283983,-0.04020322860253032,-0.4001195642953917,-0.3087655456327813,326.0904971221157,448.8059327911487,6.372172902690772,365.34520462717853,223.69401885149733,-11.612735466176202,443.3701927984594,50.304744441492204,-38.3842727168344,-9.891697984152236,-4.444298425721442
47591691,49.963000,-65.822156,-39.135125,1027.21,1091.34,1028.71,1064.7,-0.01,0.01,1.0,0.46,1.0,0.45,1398.09,-0.30504090200252915,-0.1273672440627005,-0.04888931669455178,-0.03800332402037678,-0.331185157287884,-0.24932734184422045,326.00075412824685,448.7823965477918,6.439513386467945,365.2174826804302,223.6223186337499,-11.845987446860304,443.0005571705057,50.12437038805514,-38.27686682461547,-9.880244263296813,-4.38728958893261
47591792,50.064000,-66.245247,-39.461030,1027.38,1094.29,1029.34,1067.24,-0.01,0.01,1.0,0.26,1.0,0.27,1397.92,-0.30938640067331774,-0.13069873437529278,-0.04761249180165171,-0.036251983859613826,-0.3467664771408433,-0.2589332438945823,326.0881921519576,448.8103391837665,6.373701795064659,365.4070455846247,223.70723034084185,-11.936136127956559,443.38827887067396,50.29707702829669,-38.404515285668495,-9.90792178325959,-4.397245225456857
47591891,50.165000,-66.664034,-39.786084,1027.28,1095.43,1029.26,1068.17,-0.01,0.01,1.0,0.16,1.0,0.19,1397.37,-0.31354165785478605,-0.13382597630314955,-0.04444254861363813,-0.033197263084333156,-0.31667336849375854,-0.23141309256061546,326.0078728778837,448.77455079094227,6.415337735602396,365.425238223762,223.72185377919556,-12.067769014726002,444.7401102997597,50.95729695522078,-39.442201402842144,-9.934432482785676,-4.790624372800945
47591991,50.264000,-67.084789,-40.114229,1027.24,1095.38,1028.97,1067.82,-0.01,0.01,1.0,0.23,1.0,0.27,1397.97,-0.3174959257711464,-0.1368005059382938,-0.043627872993320715,-0.033163925584162854,-0.3729590687591064,-0.29291257539923066,326.0978203882556,448.81719450723745,6.390726044191969,366.3743387349076,223.93553407822876,-12.317232402125345,446.69495698539475,51.79879498048369,-39.70903756947845,-10.15407057856004,-4.706057268359384
47592092,50.364000,-67.508923,-40.455319,1027.23,1095.11,1028.69,1067.68,-0.01,0.01,1.0,0.25,1.0,0.29,1397.39,-0.32036322909391374,-0.13898613954217176,-0.03180806270189954,-0.024162279938384795,0.004010832825625874,0.0070712842516153646,326.01533805552316,448.7841805171921,6.41468447585351,367.1770854434879,224.11757791781284,-12.796949609128818,449.2617793077096,52.77001899844683,-40.476618648185365,-10.382163870755091,-4.832598866689786
47592192,50.464000,-67.912705,-40.790493,1027.31,1095.02,1028.49,1067.61,-0.01,0.0,1.0,0.32,1.0,0.35,1397.83,-0.32413453499284756,-0.14180735042641934,-0.0425228038678767,-0.03144287298977692,-0.4701556054670819,-0.33708006486318404,326.1058476500925,448.8215155503126,6.3794790625375075,368.2073041730228,224.33860043889945,-12.99382660956735,451.12745156569645,53.58810164461606,-40.59118012476731,-10.622345274116034,-4.657525096742539
47592293,50.565000,-68.320719,-41.140775,1027.34,1094.87,1028.67,1067.93,-0.01,0.0,1.0,0.37,1.0,0.35,1397.22,-0.3279038926974182,-0.1445096089283407,-0.03967368536450114,-0.027845144678157945,-0.18491274500878419,-0.11340503436245368,326.0180623693538,448.78371324071315,6.4306309227972465,368.5909619055485,224.45062530520678,-13.390534921938716,452.6680521515277,54.28427781290521,-40.85840669701886,-10.74554583314796,-4.802316827224846
47592393,50.666000,-68.721070,-41.478911,1027.29,1095.57,1028.73,1067.94,-0.01,0.0,1.0,0.35,1.0,0.39,1397.71,-0.331697449387376,-0.14707580101824674,-0.04174954522603075,-0.027622708623023337,-0.32758734112177706,-0.20109179718367054,326.07470499455934,448.8181327983591,6.387948509197977,368.54636466586476,224.4650604547328,-13.449568368192633,452.6151895665922,54.25453057899183,-40.866618872225715,-10.71965266119083,-4.845959833960563
47592494,50.769000,-69.156867,-41.794790,1027.32,1096.28,1028.89,1069.21,-0.01,0.0,1.0,0.3,1.0,0.28,1397.9,-0.33551177261151094,-0.14947955509124608,-0.04063927719147189,-0.025024357338194535,-0.22601304896470661,-0.1290376838741238,326.0894743377257,448.81782599196345,6.384147104858916,368.5255521771667,224.39811001968985,-13.41365864187577,452.44850426335995,54.231908154236095,-40.830970032822215,-10.70777268032032,-4.836152224706662
47592595,50.867000,-69.548770,-42.003071,1027.18,1096.1,1028.83,1068.68,-0.01,0.0,1.0,0.31,1.0,0.33,1398.47,-0.3392692403460843,-0.15175411388582738,-0.040103205177883634,-0.024020217577689695,-0.1706981189727946,-0.09538064067257533,326.08199845096584,448.82455713318234,6.386637460876209,368.41008785660307,224.38673304564097,-13.240225693227943,452.47386537641,54.25417339487902,-40.95877358940927,-10.680310023391373,-4.933703758103611
47592693,50.969000,-69.992993,-42.171204,1027.22,1096.05,1028.68,1068.59,-0.01,0.0,1.0,0.42,1.0,0.41,1398.79,-0.34290948499683577,-0.15389943814472298,-0.0382235480725626,-0.02245208791417771,-0.1830633117973615,-0.10791245357032951,326.0299136320043,448.77919564729996,6.439797648439471,368.6413727100225,224.41511176786457,-13.349021121416545,452.67265691953264,54.31946220568116,-40.98157862078118,-10.753600315142778,-4.783263380342657
47592794,51.066000,-70.448380,-42.304265,1027.34,1097.83,1029.11,1070.13,-0.01,0.0,1.0,0.31,1.0,0.3,1398.85,-0.34640477091045796,-0.15592349738673109,-0.03616077118007637,-0.020685911916563007,-0.06928915439012387,-0.03392143541562397,326.02587001157156,448.78506832542473,6.441596766724692,368.8909872295259,224.53796794931384,-13.471922457805107,453.7144981348432,54.65477422689619,-41.35746482324137,-10.821618043156752,-4.88994515593625
47592893,51.167000,-70.922000,-42.423478,1027.31,1098.78,1029.11,1071.02,-0.01,0.0,1.0,0.23,1.0,0.23,1398.13,-0.3497559157869654,-0.15782353076052638,-0.03507386871169631,-0.019770845269326237,-0.15904886456826217,-0.08586853437066133,326.0128893034715,448.7869833074144,6.419118579323075,368.870890040689,224.50101285604026,-13.503567238429593,453.9244951663648,54.82881308198313,-41.40037197139569,-10.817929812609282,-4.98792004584309
47592993,51.270000,-71.409349,-42.539138,1027.24,1098.7,1028.85,1070.75,-0.01,-0.0,1.0,0.32,1.0,0.27,1398.7,-0.35296041665208683,-0.1596318330403779,-0.032884989001815045,-0.018782591378110235,-0.13445598140166792,-0.08574320884590005,326.0175799963444,448.78409676110005,6.411639543998059,369.43736747643356,224.70556265088078,-13.957726741265699,455.30115881026705,55.479337515853906,-41.901064576267814,-10.966323297812718,-4.970161083557155
47593094,51.367000,-71.891425,-42.652773,1027.26,1098.54,1028.72,1070.67,-0.01,-0.0,1.0,0.37,1.0,0.28,1396.94,-0.35601315135238704,-0.1614302147779837,-0.03221360280130702,-0.01909544244580743,-0.1564683801145914,-0.09078106278471713,326.01446070164343,448.7771755352625,6.422916642794905,369.85832780928996,224.83975299269989,-14.009593424223436,457.0218845688494,56.272700038129614,-42.28652871404449,-11.018093626502626,-5.076772958460666
47593195,51.465000,-72.403895,-42.772907,1027.28,1099.06,1028.63,1070.48,-0.01,-0.0,1.0,0.37,1.0,0.31,1397.15,-0.35895864779888237,-0.16315962546669752,-0.03110944424390269,-0.018272714249931828,-0.14860905579570627,-0.08887442382333209,326.08951778664135,448.829333657738,6.391083195141249,370.46758122689005,224.93368405171535,-14.33337156970494,457.96665840026816,56.76104763771107,-42.56648964400834,-11.211211550756607,-5.0652298978342785
47593294,51.571000,-72.914031,-42.884605,1027.32,1100.12,1028.7,1070.58,-0.01,-0.0,1.0,0.33,1.0,0.31,1397.56,-0.36183599530431665,-0.16483196856236357,-0.03160904094198689,-0.01811092144271771,-0.229639843161175,-0.12417798526486659,326.0124189415397,448.78680474379104,6.4391440183779025,370.7763089433197,225.06357407554268,-14.567189991164648,459.05129931110787,57.19377282588322,-42.76850033153022,-11.251526018409653,-5.152789871119211
47593394,51.666000,-73.441603,-43.004586,1027.33,1099.67,1028.67,1070.55,-0.01,-0.01,1.0,0.41,1.0,0.33,1398.11,-0.3646754601023437,-0.16642314440644274,-0.031579224070981245,-0.017456994204383944,-0.22502058898048297,-0.11738586192882744,326.0302050879301,448.79580539250765,6.443766195848439,371.15289465741864,225.12703474041868,-14.795882638327994,459.7584931777643,57.55684881651821,-42.82268373577536,-11.405699466835317,-5.057013221836929
47593493,51.768000,-73.971259,-43.177259,1027.36,1101.68,1028.71,1070.52,-0.01,-0.0,1.0,0.25,1.0,0.33,1398.5,-0.36749625759773674,-0.16791187122089146,-0.030271541671142602,-0.015474807409172472,-0.19252361115570338,-0.08675755935319447,326.029955197548,448.79673941897613,6.385510522364864,371.5014693398401,225.19621116516765,-14.747836154481904,460.5073348881843,57.83504767201368,-43.00302454254071,-11.434593463582274,-5.14093920609049
47593594,51.866000,-74.498883,-43.422340,1027.33,1101.44,1028.76,1070.49,-0.01,-0.0,1.0,0.26,1.0,0.33,1398.74,-0.37030490171861796,-0.16929010001947398,-0.03041341803529819,-0.014505991083797166,-0.1673267876978464,-0.06714492702455349,326.0204283489263,448.79003859595883,6.42569330450695,371.64941849560444,225.2306135053846,-14.933699344238123,460.7946317826045,57.91502782480941,-43.126510006369514,-11.53575678911467,-4.977035886276283
47593694,51.966000,-75.017720,-43.715859,1027.28,1101.32,1028.75,1070.67,-0.01,-0.0,1.0,0.27,1.0,0.32,1399.02,-0.37310191307136575,-0.17054020631532157,-0.030000077146859327,-0.012930953129003518,-0.15430507837268215,-0.05621206667852297,326.01858431362325,448.7890893645323,6.431068788290358,371.92367623015554,225.28126441616436,-14.972453213869281,461.65471910392745,58.434988255513666,-43.509117111605356,-11.606278433470653,-5.059104129451626
47593794,52.066000,-75.555757,-44.037521,1027.29,1101.29,1028.69,1070.59,-0.01,-0.0,1.0,0.45,1.0,0.4,1399.23,-0.37588516434360203,-0.17167640203919032,-0.02970970602099198,-0.011675730776165714,-0.1565770530087251,-0.04987397261677587,326.0170413289839,448.7924794774477,6.41600688944452,372.24114714001786,225.43335355864275,-15.230078125362587,462.62587517389375,58.80651934538658,-43.36428228582285,-11.692289735785987,-5.092507365674106
47593893,52.167000,-76.097562,-44.361272,1027.42,1103.85,1029.01,1071.97,-0.01,-0.0,1.0,0.29,1.0,0.31,1398.0,-0.3786577362426804,-0.17268385141388207,-0.029288398460939866,-0.010187809444895732,-0.1320256645644627,-0.03625851286800499,326.0233897000909,448.79597144494556,6.423181907448653,372.30304327348307,225.45353313069907,-15.27158451282467,462.68772779765783,58.82665023977014,-43.478404925384744,-11.716461812385326,-5.032291313245057
47593994,52.267000,-76.637134,-44.683557,1027.35,1103.65,1028.85,1072.21,-0.01,-0.0,1.0,0.3,1.0,0.29,1397.59,-0.38140799167465844,-0.1735802049271605,-0.029025473216060922,-0.00907222965012115,-0.16307855668406582,-0.0421101183196172,326.0187200422348,448.78980651154114,6.435953674774433,372.26584523384895,225.41156078779974,-15.261409160630944,462.91587214539646,58.93764556887743,-43.556725526472285,-11.696978328058373,-5.175657408807382
47594094,52.366000,-77.195292,-45.029848,1027.24,1103.68,1028.73,1071.92,-0.02,-0.01,1.0,0.3,1.0,0.32,1395.84,-0.3841029270737354,-0.17439748940831362,-0.02878072419231717,-0.00867777852005796,-0.17345985336632708,-0.05202198580963725,326.0171866252088,448.7851379178693,6.449218287244526,372.51639232263136,225.48782435621607,-15.364409987105313,463.6500051647526,59.40899366846246,-43.77113340166232,-11.763107881382693,-5.228993727439288
47594194,52.467000,-77.745357,-45.407197,1027.26,1103.56,1028.69,1071.94,-0.02,-0.01,1.0,0.45,1.0,0.4,1396.64,-0.38672224339473826,-0.17519448771508758,-0.02811471637016281,-0.00847281925821179,-0.16153830744331377,-0.04421786309308244,326.02726155815895,448.7898232946042,6.411707228387967,373.2342463428099,225.6785860364525,-15.7055732390863,465.3241837659757,60.20202046018738,-44.373633958217965,-11.94672785152017,-5.20307127150453
47594293,52.567000,-78.298703,-45.824782,1027.39,1105.89,1028.98,1073.18,-0.02,-0.01,1.0,0.31,1.0,0.33,1396.81,-0.38930986688452557,-0.17594858510727016,-0.02647521143063415,-0.007572859583739356,-0.08160170958448122,-0.01980972613681562,326.0176582305777,448.7978390831017,6.4415055180695395,373.6160318992917,225.83318355881883,-16.04282135413775,466.2718462083283,60.64991032194749,-44.30223551014292,-12.050582747452008,-5.18809304751117
47594394,52.669000,-78.859995,-46.262445,1027.34,1107.21,1028.92,1074.07,-0.02,-0.01,1.0,0.24,1.0,0.29,1396.44,-0.3918874414516425,-0.1766545241545706,-0.027768965099765418,-0.00738269873010903,-0.14424731171151506,-0.03292560642384563,326.0377402003024,448.8121999292009,6.430531660648733,373.97778318788045,225.8801231735823,-16.150301418394555,467.7285202437453,61.32190292005629,-45.16401973478827,-12.136249853419866,-5.398169618001386
47594493,52.769000,-79.432982,-46.684580,1027.26,1107.14,1028.78,1073.9,-0.02,-0.01,1.0,0.24,1.0,0.31,1396.13,-0.3944616353109399,-0.17734122265926458,-0.027386790410574402,-0.007453357639542652,-0.14218349377556586,-0.043220084127954694,326.02306051811803,448.7990535055086,6.425511189709474,374.85577124030607,226.18629248880686,-16.58070687319198,469.5663635811835,62.19498955983866,-45.237100862028385,-12.372529594788144,-5.26284570123763
47594593,52.866000,-80.033730,-47.076173,1027.22,1106.81,1028.76,1073.94,-0.01,-0.01,1.0,0.36,1.0,0.38,1396.71,-0.39705784472049527,-0.17805978698919367,-0.027815603453761016,-0.007625836104240087,-0.1315198989888706,-0.03177613752775752,326.0230740765499,448.80112542188715,6.4258212771287715,375.8161263479768,226.49552968409202,-16.904501918080214,471.83845759094686,63.35745911271049,-45.98871208531828,-12.625002159721111,-5.230870217838454
47594693,52.966000,-80.636555,-47.413822,1027.28,1107.1,1028.88,1074.58,-0.02,-0.01,1.0,0.34,1.0,0.33,1396.15,-0.3997493396655962,-0.1787550629123676,-0.028866341516210214,-0.007140631534037315,-0.17618155133916621,-0.03494709755406581,326.0446456149625,448.81188013676586,6.441561102191377,376.6568915932548,226.72707732036838,-17.30380178263281,473.88651155518534,64.49812800834475,-46.46396698083761,-12.838220313619745,-5.259326196116028
47594793,53.065000,-81.264223,-47.711710,1027.29,1107.32,1028.9,1074.95,-0.02,-0.01,1.0,0.43,1.0,0.35,1396.37,-0.4026133340690595,-0.17940256835455703,-0.032434346086979676,-0.006948529533262894,-0.2378755825484754,-0.04168872124885139,326.02746587213375,448.8058088064262,6.432258794700624,377.0057508393487,226.86060527885283,-17.622743909442438,475.0961819047756,65.12715262962745,-46.260327637423714,-12.935818335755648,-5.364939727821124
47594894,53.166000,-81.941073,-47.975363,1027.34,1109.21,1028.72,1075.02,-0.02,-0.01,1.0,0.27,1.0,0.35,1395.8,-0.40567986343124585,-0.1800242429866882,-0.033770782845982214,-0.0067099808921278715,-0.21930859777225165,-0.04082523979530177,326.02541039989467,448.80503421687996,6.449782711900018,377.097855544234,226.86363854485302,-17.58560729382085,475.3439090435291,65.31584870054563,-46.77423811086307,-12.959120609629542,-5.387832590476933
47594993,53.267000,-82.613245,-48.179946,1027.24,1109.81,1028.73,1075.92,-0.01,-0.01,1.0,0.22,1.0,0.28,1395.83,-0.40891513995103945,-0.18065515413886754,-0.035309202864383986,-0.006819282366178318,-0.2239606752837347,-0.041687154790549595,326.02175671362687,448.8062248857791,6.435490622266507,377.07456337613115,226.8361049339493,-17.616075933683224,475.4149708380624,65.35792089102574,-46.95085460897317,-12.952685836592485,-5.436093141065797
47595093,53.366000,-83.288004,-48.310154,1027.43,1109.73,1028.74,1075.56,-0.01,-0.01,1.0,0.39,1.0,0.37,1395.76,-0.41225242840801957,-0.18129316976466578,-0.036817126382345924,-0.007047586789579806,-0.2591582641236528,-0.05099998595446048,326.0344968762538,448.81531217158624,6.436195830748223,377.0850908658092,226.84319454630025,-17.6240569009722,475.5800418181859,65.43421684731918,-47.09429415874123,-12.952030752752501,-5.488306191256836
47595194,53.465000,-84.002632,-48.383576,1027.37,1110.71,1028.93,1076.02,-0.01,-0.01,1.0,0.31,1.0,0.34,1394.99,-0.41562380320063436,-0.18196108387967752,-0.03633421420504104,-0.007338702054630439,-0.20770610574341591,-0.04509895886899358,326.0200146876883,448.800120550323,6.447232005233296,377.3620021686074,226.9200468094776,-17.719451685920728,476.06474712419066,65.73825282356556,-46.57620425231207,-13.028664938042821,-5.424683896679557
47595294,53.567000,-84.742073,-48.428968,1027.26,1110.58,1028.79,1076.56,-0.01,-0.01,1.0,0.44,1.0,0.31,1395.33,-0.418993772970625,-0.1826455336521116,-0.036428630192198504,-0.007422695008495799,-0.2113872269011907,-0.04443852363759231,326.0283398258587,448.80746273966446,6.4265783354763855,377.73658644764697,227.04626143120572,-18.09394404637991,477.0829043285565,66.28292028803945,-47.0580612571796,-13.125192775385521,-5.46428004803014
47595394,53.667000,-85.432087,-48.469961,1027.39,1112.4,1028.77,1076.44,-0.01,-0.01,1.0,0.29,1.0,0.32,1393.65,-0.4223581364261601,-0.18333665631621715,-0.03667992789762392,-0.007557513553602882,-0.2931885151959722,-0.06124377877924791,326.0351923814955,448.8016450424808,6.441629444518194,378.063007056005,227.1397401244242,-18.309170910216718,478.22624647155067,66.81428862267035,-47.50027044719564,-13.209183459828909,-5.576692554971135
47595494,53.768000,-86.166921,-48.520417,1027.36,1112.13,1028.74,1076.39,-0.01,-0.01,1.0,0.31,1.0,0.32,1394.5,-0.42570912276566475,-0.18404821382315284,-0.03710884653602072,-0.008065393304412917,-0.32420891664287793,-0.07520261511411325,326.03304472422235,448.7992195951029,6.417229596659663,378.4961939603947,227.3372049089075,-18.445633939493725,479.21199237354347,67.45260073742483,-47.80056400711877,-13.327377694461816,-5.553221490846248
47595595,53.867000,-86.904656,-48.572124,1027.41,1112.09,1028.73,1076.32,-0.01,-0.01,1.0,0.31,1.0,0.33,1394.45,-0.42904658958111963,-0.1847997943231525,-0.03761127022041359,-0.008594659258498411,-0.29744164499938514,-0.0699874645898125,326.0252415339942,448.81030915058756,6.419512868025822,378.84048137669373,227.38971779863263,-18.667751118355078,480.07501158432035,67.90642652476654,-47.90898799038123,-13.416016742366532,-5.573947850286988
47595695,53.968000,-87.670159,-48.625916,1027.26,1111.86,1028.51,1076.3,-0.01,-0.01,1.0,0.58,1.0,0.35,1395.33,-0.43237970094761397,-0.18556302392163906,-0.0341701972699512,-0.0077649137364487015,-0.28610693491512207,-0.06226828116607434,326.0307415715034,448.8065601434795,6.444217964592268,379.734796104326,227.74623158182334,-18.85328739856007,481.9716079108927,68.91122261337777,-48.45640649855009,-13.65481838565206,-5.4583994739795045
47595794,54.067000,-88.329597,-48.674141,1027.57,1117.22,1028.77,1076.5,-0.01,-0.01,1.0,0.14,1.0,0.33,1395.69,-0.4357500729850521,-0.18629680099758414,-0.04339575631989615,-0.009191725506661162,-0.48150276023970634,-0.09424822354532564,326.02662754536703,448.80826562108126,6.4251909638894915,379.92500691299495,227.74088164720297,-19.197798301299418,482.49273535950937,69.20219109585575,-48.624290456852606,-13.701947352835038,-5.497238993559492
47595896,54.167000,-89.063168,-48.749985,1027.49,1117.9,1028.65,1076.54,-0.01,-0.01,1.0,0.07,1.0,0.33,1396.1,-0.43916725729052575,-0.18698449216642088,-0.03921448283957111,-0.007675735293991141,-0.30360413196192676,-0.05441399406360059,326.0294754735598,448.8161022650593,6.444906660429894,380.0186196208227,227.7803893119585,-19.432096164147307,482.8194479493344,69.22613115056853,-48.143231401596886,-13.726041667858775,-5.5058283958419985
47595995,54.283000,-89.784765,-48.866971,1027.3,1117.77,1028.76,1076.52,-0.01,-0.01,1.0,0.25,1.0,0.35,1396.93,-0.4425996931929286,-0.18763173444730163,-0.0363857995971085,-0.006705909414824335,-0.28520139273619466,-0.048836742327728104,326.0298526594398,448.82122000731107,6.462166072273114,381.27178655066126,228.18251459134737,-20.00287765846924,485.51996183827396,70.88305814625622,-49.051621637944855,-14.056345945334904,-5.421218798598879
47596095,54.366000,-90.478260,-49.050005,1027.31,1117.45,1028.82,1076.72,-0.01,-0.01,1.0,0.28,1.0,0.33,1397.54,-0.4460532035324949,-0.1882166865072136,-0.04070321161054863,-0.006454321294679851,-0.4018086545658204,-0.05245510235158606,326.03418443185524,448.81997555047815,6.431149640262527,381.90399817198386,228.4356640565914,-20.08235811515419,487.0102783773166,71.71141500028999,-49.552207816603655,-14.225410545679392,-5.396749044632635
47596196,54.470000,-91.143915,-49.315891,1027.27,1117.07,1028.74,1076.67,-0.01,-0.01,1.0,0.43,1.0,0.36,1397.26,-0.4496345213635843,-0.18871161682289392,-0.04048998774250593,-0.005102718050150087,-0.3482972538173148,-0.03176571860041148,326.03496572193393,448.82749582039395,6.43272920716857,383.7929948638375,229.12700433702554,-21.029999803624484,491.53483918565104,74.42486149793739,-50.09954124002175,-14.729442640401404,-5.396281564280596
47596296,54.569000,-91.722447,-49.616949,1027.5,1118.96,1028.8,1077.04,-0.01,-0.01,1.0,0.28,1.0,0.33,1397.31,-0.4534376664089815,-0.18910505026955396,-0.04439389247095451,-0.004075527309049426,-0.4122198554298951,-0.026461337838544954,326.03295589585065,448.83513416827714,6.437493005442699,384.6828784273471,229.40629524255345,-21.441839116361635,493.42746803100425,75.40066689819261,-50.80858056174051,-14.964459966685483,-5.297297028120017
47596398,54.669000,-92.430570,-50.026179,1027.39,1120.14,1028.78,1077.31,-0.0,-0.01,1.0,0.28,1.0,0.36,1397.05,-0.45754348259991495,-0.18940142936160964,-0.046931635840262435,-0.0028192536666507384,-0.4308220965433103,-0.012140050832185249,326.0366418821976,448.82579399747476,6.452089346041541,384.91533728367574,229.46730202616072,-21.612687176294546,493.91868163260744,75.71713665555703,-49.785024201204926,-15.024797173413866,-5.285676781253429
47596499,54.769000,-93.157897,-50.438686,1027.31,1120.24,1028.79,1077.68,-0.0,-0.01,1.0,0.27,1.0,0.33,1396.68,-0.4619334823732022,-0.18958906260165742,-0.051856049924248374,-0.0018428817720503267,-0.6090325698051012,-0.015616763366975362,326.0444196045696,448.83535257695735,6.426756885995391,385.29558403657603,229.61781213235332,-21.84800341436642,495.1674541241845,76.45877519125519,-50.382514864250425,-15.124781995952974,-5.405000624771066
47596599,54.872000,-93.821382,-50.804957,1027.22,1120.13,1028.67,1077.68,-0.0,-0.01,1.0,0.4,1.0,0.4,1396.87,-0.46654246805712335,-0.18972239168072355,-0.054720867659343135,-0.0013214621181275683,-0.5628157199537783,-0.006572074270407125,326.03868395185344,448.82696060980334,6.4483462005785075,385.705065557905,229.83083145761847,-22.103377404223618,496.5024645917253,77.42505233836042,-51.14425845427234,-15.240546782966604,-5.5356640555871905
47596698,54.971000,-94.478211,-51.187468,1027.41,1121.1,1028.75,1078.82,-0.0,-0.01,1.0,0.32,1.0,0.31,1395.09,-0.4713251407417045,-0.18981961078985635,-0.0530892850297882,-0.0010779577251560234,-0.4537657804471148,-0.011040994693440631,326.0392644818304,448.8290163565665,6.439198146582993,385.9640328430691,229.8512892958361,-22.281574261675477,496.66810796615704,77.64617997412967,-51.015143034670395,-15.304683810702084,-5.4203324265894395
47596799,55.071000,-95.104318,-51.607753,1027.33,1120.99,1028.86,1078.97,-0.0,-0.01,1.0,0.44,1.0,0.35,1395.33,-0.47621456258985984,-0.1899189546312367,-0.05627653415601782,-0.001066007810155201,-0.5653904697958312,-0.008997919353612348,326.0485925685628,448.83485541375205,6.46013259746157,385.8505831149424,229.84639937099678,-22.283624511139028,496.9677808740432,77.77332289911841,-50.96074566249226,-15.274079344898448,-5.606802465717738
47596899,55.172000,-95.721247,-52.090701,1027.39,1123.07,1028.8,1078.85,-0.0,-0.0,1.0,0.32,1.0,0.4,1393.66,-0.4811394748780049,-0.19002493212709648,-0.05561145229362141,-0.0013560424092502426,-0.5165312778892522,-0.01738962941656039,326.04261859218315,448.83243481161924,6.440887913484934,386.1004092126377,229.89968579234576,-22.33576070731761,497.3674369271514,77.96192395944135,-51.395523886161925,-15.340061779722888,-5.535931976092073
47596998,55.272000,-96.327746,-52.652036,1027.32,1122.62,1028.93,1080.84,-0.0,-0.0,1.0,0.36,1.0,0.24,1394.6,-0.48603162365670805,-0.19016448383197776,-0.0551057791382775,-0.001704788603082348,-0.5126748607442563,-0.01951853116743751,326.0436889237803,448.8437772606172,6.438966956194113,386.2523464875578,229.96927950281778,-22.4649690845624,497.92687782766836,78.52060669257662,-51.542443291555216,-15.380673348760094,-5.642804958490977
47597098,55.370000,-96.927878,-53.316127,1027.35,1122.97,1028.8,1080.07,-0.0,-0.0,1.0,0.33,1.0,0.3,1395.36,-0.49084737831532205,-0.19035338590319503,-0.05409095697757014,-0.002421740102855072,-0.4463509735429687,-0.027362443764329666,326.04997107816433,448.8352906386172,6.461259332542809,386.7461768563619,230.1571187335998,-22.67055104184401,499.0927639483912,79.38228680335683,-52.295054682415994,-15.512500240727906,-5.665835469364637
47597199,55.473000,-97.476066,-54.044622,1027.3,1123.44,1028.7,1080.02,0.0,-0.0,1.0,0.45,1.0,0.44,1395.83,-0.49557098688208456,-0.19060518125985945,-0.05154550183051411,-0.0030343072058919506,-0.3733323368244202,-0.029218834810531617,326.0440827634265,448.84116225737205,6.45086288388678,387.43456698226333,230.43948039182231,-23.09965867750399,500.695729194916,80.1462159649248,-52.15453290043853,-15.700131315742743,-5.601454989793655
47597300,55.571000,-97.999082,-54.847891,1027.34,1125.52,1029.02,1082.76,-0.0,-0.0,1.0,0.28,1.0,0.22,1394.06,-0.5002102509307067,-0.19091343212963086,-0.05013753464829448,-0.0034931903069798354,-0.292954377300112,-0.023356505773453447,326.0410090893277,448.84207431736166,6.443770926017359,387.83989269372034,230.5967841101106,-23.242510656922768,501.710893448922,81.00430381091373,-52.55309870787629,-15.810133274964064,-5.658416378185176
47597399,55.672000,-98.468025,-55.657282,1027.3,1125.09,1028.84,1081.86,-0.0,-0.0,1.0,0.31,1.0,0.29,1394.58,-0.5047988473815701,-0.19125513681312797,-0.04590659543471624,-0.0035802180132161114,-0.13632227019198714,-0.014729771518544897,326.04182908876555,448.8510632478349,6.449248792685696,388.58200836052555,230.90145059771282,-23.50080607974679,504.22008268298185,82.68000554250166,-53.74441893729189,-16.01072000607404,-5.93888217921765
47597500,55.772000,-98.937925,-56.600943,1027.2,1125.02,1028.64,1081.8,-0.0,0.0,1.0,0.32,1.0,0.3,1394.55,-0.5093543848738441,-0.19165327732225126,-0.04891045544805098,-0.004721455805963475,-0.2763042026583,-0.040539557887887996,326.0456973971924,448.84468002446147,6.458789376480377,389.2627973133448,231.12621006484474,-24.169145066517945,505.4641258485174,83.3452775657255,-53.712125074778626,-16.191272127671457,-5.7957088346852
47597600,55.872000,-99.406997,-57.745398,1027.39,1124.98,1028.71,1081.8,-0.0,0.0,1.0,0.32,1.0,0.29,1395.46,-0.5139151721543678,-0.19216039491322592,-0.04882707045301974,-0.00574327653776475,-0.2518573498979432,-0.03652837844929402,326.04801872741734,448.84593112801747,6.428055141414744,389.42924723223973,231.21550579417016,-23.871214315257685,505.85890606316934,83.74322897101585,-53.90657707467854,-16.237319018165145,-5.816524911130664
47597699,55.972000,-99.787250,-58.914227,1027.33,1124.95,1028.7,1081.72,-0.0,0.0,1.0,0.53,1.0,0.67,1396.37,-0.5184858490547354,-0.19274124371121912,-0.04711408114394288,-0.006261172806622022,-0.20977725527111352,-0.034982300816765254,326.0458536450615,448.85021546651774,6.442511541852934,389.8044748114033,231.33304881209497,-24.15394176483901,506.56641096269203,84.30713702614044,-53.54467037733669,-16.336913602222417,-5.781331448966007
47597799,56.072000,-100.146930,-60.252472,1027.49,1129.26,1029.52,1087.86,-0.0,0.0,1.0,0.18,1.0,0.17,1395.03,-0.5230333288159,-0.193382358614228,-0.04957238681219262,-0.007141557748931492,-0.3099265649841477,-0.04819634155252566,326.04342760010525,448.85420903605456,6.441618698792259,389.7551789709953,231.3312228211363,-24.13156637728216,506.68278765913476,84.32159844203424,-53.77041064390713,-16.325130368566786,-5.847560602137349
47597899,56.173000,-100.472446,-61.712341,1027.37,1129.61,1029.22,1087.22,-0.0,-0.0,1.0,0.2,1.0,0.42,1395.14,-0.5275188666788919,-0.19406193528526886,-0.04794391103720608,-0.007489735994298549,-0.2548577876179337,-0.04544023997419096,326.04487294944965,448.85378000683306,6.470620353233326,389.54293346309146,231.24856213709057,-24.117553154821486,507.7212375162931,85.46559706618625,-55.566990401997224,-16.267453132582872,-6.494891346870709
47597999,56.273000,-100.763133,-63.342262,1027.35,1129.45,1029.17,1089.09,-0.0,-0.0,1.0,0.24,1.0,0.39,1394.51,-0.5318792246433388,-0.19485731301877818,-0.047240844358154774,-0.0100139202406165,-0.36454100623647273,-0.11735332766121484,326.04515030751696,448.84216806691853,6.440516468384764,390.79975294642804,231.74653347808294,-24.700466950958756,510.0787366433822,87.05519151893735,-55.93374875859337,-16.60862421017303,-6.2838469135911055
47598099,56.373000,-101.009263,-65.120782,1027.36,1129.1,1029.17,1091.63,-0.0,-0.0,1.0,0.29,1.0,0.32,1394.93,-0.5361103697245441,-0.19596825709548865,-0.04661481780396216,-0.013227952908010134,-0.2854229523416185,-0.10134325581579365,326.0569383381072,448.8735580930162,6.466091852367838,391.6926970825308,232.21655357992472,-25.209731459615195,513.6670167055314,89.8177361937754,-57.65187247621359,-16.854068160738603,-6.874177249824925
47598200,56.483000,-101.204161,-67.052261,1027.32,1128.82,1028.87,1090.8,-0.0,-0.01,1.0,0.31,1.0,0.39,1394.17,-0.5403310466121409,-0.19734312485459232,-0.04547602112718952,-0.016309955687137955,-0.3035610166430591,-0.1481358593580767,326.043002185328,448.843336660454,6.457677286475812,393.2869658463627,232.82793879494028,-26.045344935568444,516.517358014038,92.03947360833394,-57.62899769017326,-17.29097123475774,-6.613312891406018
47598300,56.572000,-101.344962,-69.200257,1027.18,1128.69,1028.87,1092.3,-0.01,-0.0,1.0,0.36,1.0,0.57,1394.62,-0.5446430100577894,-0.19906919195122944,-0.05060174958419296,-0.021012478517982974,-0.5535656041959514,-0.24330491671137722,326.05724412980743,448.86714630690574,6.462140053074216,393.6662890938069,233.04913499957115,-26.229716057374272,517.7503941460579,92.94837198169608,-58.19320015562653,-17.394144816253863,-6.742302622986728
47598399,56.673000,-101.446411,-71.566443,1027.28,1129.14,1029.32,1096.73,-0.01,-0.0,1.0,0.34,1.0,0.39,1394.8,-0.54912854188181,-0.20102641112573563,-0.05158952288854184,-0.023179549698033687,-0.4463487988785142,-0.21818311832721804,326.06044331049134,448.8772182448635,6.46811366671603,394.25740694519044,233.2706488072639,-26.403163892246983,519.578643233803,94.10694492783793,-58.48743110406203,-17.552309318737308,-6.899399855220494
47598499,56.773000,-101.510810,-74.027028,1027.26,1129.26,1029.07,1099.5,-0.01,-0.0,1.0,0.34,1.0,0.35,1395.02,-0.5537617493644296,-0.20322305056437417,-0.050499597186295896,-0.02456575960303889,-0.2483179022724176,-0.13577149101864258,326.04524346922756,448.8560503058132,6.465979613406279,394.17747720576966,233.2162005721407,-26.354809439150134,520.0256367187608,94.97131293428009,-59.2808867906019,-17.53413031598356,-7.2442047577449316
47598600,56.872000,-101.546394,-76.718867,1027.24,1129.36,1029.07,1098.2,-0.01,-0.0,1.0,0.33,1.0,0.47,1394.67,-0.5584977140199037,-0.20561297488286,-0.04835399178652487,-0.025250615185448914,-0.2898494906804242,-0.1800144889817331,326.05233392424265,448.865119205098,6.425710959812499,394.3848215083949,233.28871313003825,-26.427005838383064,521.2476428149739,96.20777671708152,-60.10102210864912,-17.58735122024244,-7.608300039042582
47598699,56.973000,-101.539470,-79.252716,1027.35,1129.37,1029.12,1103.97,-0.01,-0.0,1.0,0.33,1.0,0.01,1394.88,-0.5632355355363047,-0.2084036726122479,-0.055040734521567505,-0.034442963267299016,-0.5046555716950027,-0.36338165732155586,326.05466690521223,448.87706200464567,6.4521526927370125,394.2954941278001,233.3104591049728,-26.453577635829365,522.347499261771,97.40090844290383,-61.319215254507604,-17.565960956662845,-8.163014305311037
47598799,57.071000,-101.515545,-81.961661,1027.28,1129.47,1028.85,1102.05,-0.01,-0.0,1.0,0.33,1.0,0.13,1395.94,-0.5679288082358184,-0.21167288466377737,-0.05014700544456335,-0.037430609817246364,-0.31362875402098733,-0.29912367625968217,326.0555256611537,448.86665791163443,6.458903571049616,394.37506615943556,233.32909262266847,-26.63752009690781,522.8439737152149,98.08232143699436,-61.60787947027783,-17.587197710607565,-8.353346624318583
47598900,57.171000,-101.456872,-84.727435,1027.27,1129.52,1028.79,1102.02,-0.01,-0.0,1.0,0.33,1.0,1.0,1396.85,-0.5725162138945725,-0.21550992738303043,-0.05037293508448205,-0.044806390833384786,-0.3302655385646533,-0.35932304193648656,326.0465741571499,448.87990390212497,6.462531043949574,394.40302520522783,233.3528816922836,-26.525140124616893,523.0255425437831,97.98902520212413,-61.50155503374942,-17.596920942114405,-8.343331273509548
47599000,57.272000,-101.374504,-87.574497,1027.16,1129.69,1029.45,1109.39,-0.01,-0.0,1.0,0.31,1.0,0.63,1395.74,-0.5769584943892683,-0.2198152960027004,-0.04616542329330089,-0.04691048004244535,-0.20804760753976886,-0.2647590857855836,326.049410627606,448.8697386866581,6.438279920954722,394.304900044801,233.30410722106583,-26.44375982302783,522.6872731875574,97.84038235216862,-61.51539993888172,-17.569577312010573,-8.323455995555982
47599099,57.372000,-101.256669,-90.599465,1027.3,1129.61,1029.72,1115.42,-0.01,-0.0,1.0,0.31,1.0,0.37,1395.67,-0.5812103923986752,-0.22445043647974575,-0.04549640558921208,-0.05166427874014511,-0.3482090213985013,-0.4458616202483592,326.0448682557866,448.88009579710695,6.450128053823047,393.7427814241897,233.078005040553,-26.15461443737364,523.328125530627,99.27262227331063,-63.605405416463256,-17.416833886097805,-9.248419432560077
47599199,57.470000,-101.111400,-93.643569,1027.27,1129.36,1029.41,1114.66,-0.01,-0.0,1.0,0.32,1.0,0.69,1396.22,-0.5852086000070795,-0.22943983819606947,-0.04484870236553038,-0.060068165399329104,-0.439311221394811,-0.6981998435359413,326.0511722261508,448.875396275062,6.46510291306076,393.87719541884474,233.1421601125906,-26.277894055324623,524.4661562551802,100.52701928658698,-64.41455321351829,-17.453025310636523,-9.65288760177566
47599299,57.574000,-100.940232,-96.791335,1027.35,1129.36,1029.67,1121.49,-0.01,-0.0,1.0,0.32,1.0,0.13,1396.29,-0.5889060293896806,-0.23507405115740138,-0.040980051800197884,-0.06708584778553789,-0.3534874461062115,-0.6894696123852513,326.0519318333808,448.88921923373795,6.455364875164324,395.063854722651,233.67327033008138,-26.91215776955911,528.2115856793351,103.97510491238994,-66.11333036759673,-17.77915517681937,-10.193591057591448
47599399,57.672000,-100.737698,-100.110400,1027.28,1129.27,1029.1,1121.37,-0.01,-0.0,1.0,0.3,1.0,0.65,1396.44,-0.5923903191341747,-0.2414000641069856,-0.03808650448511234,-0.07329103228764827,-0.3081735214787291,-0.6930415785361752,326.0661406438373,448.8736895456688,6.461399339440752,395.1803359550526,233.67655800573596,-26.99132118509465,530.0118929689461,106.32192085024946,-67.70841184901242,-17.805299072188795,-11.022897006527742
47599499,57.773000,-100.508964,-103.527056,1027.17,1129.48,1029.36,1126.71,-0.01,0.0,1.0,0.28,1.0,0.21,1395.47,-0.5957253779552616,-0.2484963822365867,-0.038069267941415824,-0.08633188210344754,-0.33474016117039934,-0.8991704454209845,326.04877725812554,448.8717857948889,6.456779272420826,395.5407878323116,233.78833692364225,-26.963026550832645,530.6144856766825,106.93606314517989,-67.8292951893384,-17.905294565817893,-10.987240578721028
47599600,57.872000,-100.265089,-107.073419,1027.24,1129.37,1028.87,1125.31,-0.01,0.0,1.0,0.29,1.0,0.32,1395.67,-0.5989024412414243,-0.25644327087534735,-0.03336448381878625,-0.08760967721858214,-0.1532135113450273,-0.5001188482146901,326.0573859891726,448.8918638765627,6.453353092072579,395.4295691821736,233.73909012363043,-26.97853410256069,530.6751864132442,106.83969262207556,-68.07788065694474,-17.870992854306934,-11.081591535744629
47599699,57.972000,-100.006758,-110.704888,1027.1,1129.26,1028.74,1124.73,-0.01,0.0,1.0,0.24,1.0,0.87,1396.81,-0.6019192434056436,-0.26500090890034195,-0.03137255149106171,-0.09376373389257922,-0.15706081449157785,-0.6034513507115581,326.0511300190791,448.858929232703,6.446239348029572,395.5123910114232,233.7378884032957,-27.06864108810906,531.0781041640861,107.91375491927963,-68.85036039876104,-17.89494904142904,-11.344435792220168
47599799,58.072000,-99.738788,-114.476683,1027.23,1129.43,1029.26,1131.44,-0.01,0.01,1.0,0.23,1.0,0.33,1395.74,-0.6047166703723186,-0.27417448816544243,-0.029720249157206752,-0.10214776660178998,-0.16178085521725138,-0.6622874532111506,326.0698745043639,448.89840112113205,6.461171037629766,395.16780860114335,233.8083228783371,-27.07089947154499,531.9452792710813,108.7301910263785,-69.435939755199,-17.809674637618983,-11.938844007266027
47599900,58.171000,-99.477143,-118.260741,1027.32,1129.38,1029.03,1131.27,-0.0,0.01,1.0,0.23,1.0,0.36,1396.18,-0.6073172489514463,-0.2837712636852604,-0.024772831547080532,-0.09565985723093459,-0.024529397958918658,-0.20228440604433293,326.05974972447007,448.88499987877094,6.449377764193022,395.2475608888372,233.71659870340557,-27.064296347485413,532.2910515780126,109.43786316926325,-70.40581139564833,-17.825293911078372,-12.145905059788468
47600000,58.272000,-99.212779,-122.087036,1027.18,1129.4,1028.91,1130.84,-0.0,0.01,1.0,0.16,1.0,1.0,1397.02,-0.609723456621124,-0.29369478243199576,-0.025338257448291355,-0.10947573653340904,-0.1676539217922187,-0.8609374887319216,326.0544968739351,448.8713399165196,6.461729991776908,395.41902201717505,233.77155383021577,-27.185087507532163,533.152844571311,111.20475194923479,-71.31085266970736,-17.735206188992436,-12.89210976725797
47600099,58.372000,-98.963634,-125.896874,1027.3,1129.37,1029.66,1140.15,-0.0,0.0,1.0,0.16,1.0,0.53,1396.66,-0.611898816150806,-0.3040902009036998,-0.023544900709062205,-0.1188272579338912,-0.186684314398403,-1.0795745393526563,326.0658553751808,448.9179390800082,6.467863134429878,395.44874921026997,233.79419023518057,-27.04743533835586,534.0075549536748,111.28432282217082,-71.43162255051394,-17.87583455931593,-12.766105397630696
47600199,58.471000,-98.727778,-129.688885,1027.33,1129.34,1029.75,1145.71,-0.0,0.0,1.0,0.15,1.0,0.08,1396.47,-0.6138905423218678,-0.3147669104944174,-0.021749370658204686,-0.12148352064126536,-0.13710861221689383,-0.909327450279814,326.05669918369733,448.8669186815529,6.443495043507904,395.3135840782814,233.70802221463055,-27.037510314110953,534.9754065901752,113.85115014845896,-73.62088423487967,-17.842700171612,-13.678620095479971
47600299,58.571000,-98.509000,-133.384023,1027.29,1129.11,1028.83,1142.19,-0.0,0.0,1.0,0.17,1.0,0.38,1397.07,-0.6156900545200962,-0.325808823383096,-0.018771494726795606,-0.12218568500288678,-0.10537829769697796,-0.8660777057064305,326.06143862305305,448.9010304595952,6.474753221377324,395.3473076558432,233.80843105613388,-27.25727787814434,536.902271547116,116.9582146540182,-75.21411163065123,-17.85484605782879,-14.75145479702526
47600405,58.671000,-98.297044,-137.160763,1027.23,1129.2,1028.93,1143.49,-0.0,0.0,1.0,0.16,1.0,0.28,1397.81,-0.6172975343685669,-0.33744392204092777,-0.017011158294250907,-0.1309366253540767,-0.15713082090013702,-1.380553093043039,326.06180434853553,448.9117703423796,6.467264609926226,396.3812020999552,234.28380175990966,-27.257233282954605,538.3199673500935,116.78697888569789,-74.7306255729453,-18.14054975388615,-14.100963719618015
47600499,58.778000,-98.100728,-141.002688,1027.27,1129.08,1028.7,1143.62,0.0,0.0,1.0,0.06,1.0,1.0,1398.29,-0.6187965501710747,-0.34955726181159025,-0.017865032682013317,-0.14702106646673882,-0.20400725175190113,-1.7370019524404672,326.0570219947704,448.88537281906684,6.445449220289165,395.93530549267496,234.08016504504104,-27.745378248995745,538.2447942197999,118.20273112617825,-75.70352354728175,-18.067545264380186,-14.506169972974597
47600599,58.871000,-97.942422,-144.660353,1027.17,1129.27,1029.39,1151.05,0.0,0.0,1.0,0.04,1.0,1.0,1398.0,-0.6202315979863026,-0.36190905092438014,-0.015760518738164166,-0.13998998526436646,-0.13054995819910561,-1.2751289284307503,326.06087595032864,448.89805368332287,6.43398663432872,395.9447089581295,234.00867653168075,-27.208417093450024,537.6196445091905,117.15493743689794,-75.29349078684913,-18.014961264024787,-14.454204547165958
47600699,58.971000,-97.811469,-148.257043,1027.15,1129.26,1029.98,1159.03,0.0,-0.0,1.0,0.0,1.0,1.0,1397.35,-0.6215652624202035,-0.37440212380062865,-0.014656837562882061,-0.14176963934842532,-0.11488621231285026,-1.2310604349212946,326.06590305141975,448.92176076300365,6.446668268834048,395.3648893147193,233.77621020156292,-27.11551649195149,538.3095874832815,118.52493905029698,-77.45543231868066,-17.85389555508985,-15.41420042165364
47600799,59.071000,-97.709457,-151.877742,1027.23,1129.15,1030.25,1165.68,0.0,-0.0,1.0,0.01,1.0,0.92,1396.57,-0.6227548039296003,-0.38689393527039234,-0.012474176420998288,-0.13908090240907794,-0.0599757952044159,-0.9052332538265618,326.06296915104167,448.9028112524737,6.440769455863372,396.06199447449234,234.15728263287153,-27.55891341187817,542.2489648291499,126.01157695099886,-81.69532978709402,-18.054034901195344,-17.39875928597742
47600899,59.173000,-97.641176,-155.271979,1027.2,1129.0,1030.18,1172.3,0.0,-0.0,1.0,0.02,1.0,0.7,1396.25,-0.6237828435949728,-0.39979025753531866,-0.010519718462874712,-0.1406626040189962,-0.03922432997224959,-0.7320114108295734,326.06529586640016,448.929108229441,6.465388192949649,396.3926743817077,234.29637574126025,-27.58811513683352,544.1074156793794,128.00845969174676,-82.91776434850954,-18.142097400224852,-17.978959779533533
47600999,59.271000,-97.600508,-158.755302,1027.21,1129.07,1030.08,1176.87,0.0,-0.0,1.0,0.03,1.0,0.34,1396.16,-0.6247341990833508,-0.4135643265702372,-0.009930448054030677,-0.14944368213450776,-0.04427628058060527,-0.7919006934719183,326.0709357222409,448.90931900313285,6.459365315868111,396.7166639713309,234.42318489807212,-27.685976065878894,546.0813862526007,131.53060539506484,-84.75135515470372,-18.230436044035997,-18.977414410320144
47601100,59.371000,-97.588217,-162.074380,1027.19,1129.09,1029.27,1177.12,0.0,-0.0,1.0,0.05,1.0,0.9,1396.53,-0.6256761117981644,-0.42838931680987896,-0.010081946592469988,-0.1638136010604265,-0.054769250790232454,-1.0397518183467915,326.0640511722182,448.9184278121904,6.446155805329282,396.2247715783802,234.27682390984478,-27.523895711708505,546.4690367952885,134.11476870738332,-87.05011399090345,-18.101213149877196,-20.107714289059757
47601200,59.474000,-97.600110,-165.285246,1027.13,1129.35,1029.38,1182.48,0.0,-0.0,1.0,0.08,1.0,0.48,1396.6,-0.6265943302094507,-0.4444494539897563,-0.009421965056254797,-0.1737019107369521,-0.03510803866592523,-0.8965208072912993,326.069037479755,448.9279692470705,6.444241739766373,396.3215776564173,234.33018402379466,-27.29934246378416,546.5395992003762,133.43002036927507,-87.26671726650272,-18.126813015974633,-19.857453025084986
47601299,59.572000,-97.636711,-168.543198,1027.26,1129.19,1029.41,1186.7,0.0,-0.0,1.0,0.08,1.0,0.69,1396.62,-0.6274489436082158,-0.4615393605617039,-0.008513703630121768,-0.17782547349109493,-0.02634325962104387,-0.7357815951442397,326.07033599349893,448.912173203276,6.437038133441108,395.86331795599386,234.05647507535244,-27.390154818059735,546.5983369962122,135.24293432856987,-88.7194006938808,-17.995690455345002,-20.761986922061432
47601399,59.671000,-97.693823,-171.598669,1027.13,1129.13,1029.46,1189.0,0.0,-0.0,1.0,0.09,1.0,0.52,1396.76,-0.6282270796093824,-0.47930722071588044,-0.007784706924405625,-0.19164300026966674,-0.02227102260777487,-0.9656283683472803,326.0628628759407,448.88616133031894,6.443758376330615,396.4125570237078,234.3369229548139,-27.732438646823624,547.9518900234697,138.82610568256973,-90.64747899011633,-18.154075876452087,-21.469814473801584
47601499,59.772000,-97.770408,-174.623706,1027.29,1128.98,1029.4,1193.95,0.0,-0.0,1.0,0.08,1.0,0.12,1396.99,-0.6289197023309888,-0.4979164614154077,-0.007356255074272258,-0.2011447428017298,-0.04260982249965129,-1.1643414713901794,326.06591125787253,448.92996910611333,6.474573774112014,396.4583957990165,234.41514216533224,-27.80939397684254,550.7395697533221,142.87052716993048,-92.9076892042745,-18.234012528887725,-22.152753125401475
47601600,59.872000,-97.859761,-177.542837,1027.19,1128.97,1028.73,1191.26,0.0,-0.0,1.0,0.08,1.0,0.95,1396.24,-0.6296137578348422,-0.5172662908645297,-0.007359783072190354,-0.21170739166546074,-0.02321589376680213,-0.8912407113242038,326.06688869128726,448.89479095909417,6.46422155673973,396.9295181055093,234.52674009641058,-27.910090001966477,550.552484005607,143.52327611120472,-93.1289594872237,-18.292091205193746,-22.7740849340073
47601699,59.972000,-97.957138,-180.436416,1027.12,1129.28,1029.28,1197.22,-0.0,-0.0,1.0,0.12,1.0,0.49,1396.15,-0.6302933110898965,-0.5374520611927943,-0.007151811165219049,-0.21306878001199273,-0.03853601491599425,-1.1413149405093244,326.0614093288598,448.93924615160404,6.454338674679614,396.5529863823584,234.39249288441184,-27.624918432295374,550.6295121047457,143.24001715196698,-93.2645345461824,-18.188477784251656,-23.014264158976914
47601800,60.072000,-98.051799,-183.295533,1027.19,1128.99,1029.27,1201.2,-0.0,-0.0,1.0,0.09,1.0,0.65,1396.34,-0.6309760288387812,-0.5580661851768491,-0.00734054181097995,-0.22685023478944533,-0.030644488374803974,-1.1270935337899048,326.06564676678335,448.9149917644068,6.472832706311256,396.5187680125613,234.34520122686277,-27.476907003996,550.7329369358849,143.7137048872201,-94.46221798879145,-18.1750902921717,-23.207112726903574
47601900,60.172000,-98.133550,-186.188812,1027.29,1128.95,1029.2,1203.04,-0.0,-0.0,1.0,0.08,1.0,0.77,1396.52,-0.6316074178437023,-0.5789161794023969,-0.0064135428870736345,-0.22199132617652342,-0.019722328326449882,-0.9757805351917852,326.06752559716915,448.9019582479478,6.440047428541236,396.5925947163416,234.42800060799215,-27.94396027812506,551.2187868177576,148.0108756078268,-96.15387406585619,-18.202319148879727,-24.395512143630384
47601999,60.273000,-98.194276,-189.102829,1027.2,1128.89,1029.27,1209.13,-0.0,0.0,1.0,0.09,1.0,0.28,1396.17,-0.6321832314596617,-0.6000904425594997,-0.006071962120060617,-0.2254175915635382,-0.042357187555970476,-1.5214278249860813,326.0446177978544,448.93847858433867,6.465823734868871,397.3251921803856,234.73956551705913,-27.74188072999221,553.1228584794537,149.8262602553759,-97.3136451511977,-18.4062807692028,-24.596040153850254
47602099,60.372000,-98.237192,-192.084849,1027.16,1129.0,1028.95,1207.98,-0.0,0.0,1.0,0.09,1.0,0.87,1396.9,-0.6327803268954558,-0.6214357579545012,-0.006764086153197255,-0.23720381909745564,-0.043496855564162766,-1.4315578594290939,326.0692060110627,448.9309984265568,6.451892923274708,396.9336016033186,234.67914144059807,-27.798289377019497,553.9338750257739,152.61180408359243,-99.18241647732097,-18.301776215781704,-25.79943470796843
47602200,60.471000,-98.268434,-195.068396,1027.22,1129.06,1029.18,1212.69,-0.0,0.0,1.0,0.11,1.0,0.51,1396.98,-0.6333872945537328,-0.6430367912216737,-0.006604694166258049,-0.23587789378400864,-0.04041777167231167,-1.4130488242070605,326.07177338554834,448.9432830475552,6.469283235484403,396.8742232556201,234.55586687591006,-27.78549879466291,553.4783119638514,153.9170675211649,-100.05569161879836,-18.276048576844456,-26.202994142941087
47602299,60.572000,-98.289596,-198.038028,1027.16,1129.11,1029.29,1217.1,-0.01,0.0,1.0,0.11,1.0,0.64,1397.02,-0.6340011255510737,-0.6648540105052794,-0.006690601874695541,-0.24042989778914076,-0.0371564545705968,-1.463509747025909,326.07007374367066,448.9413255789261,6.457557671887694,396.54065202730135,234.4180783471659,-27.575750924927224,553.879966842406,154.7173986684217,-101.10393010817037,-18.185277489340642,-26.764820894941465
47602399,60.672000,-98.303001,-201.037275,1027.18,1128.97,1029.26,1218.46,-0.01,0.0,1.0,0.11,1.0,0.56,1397.21,-0.6345681324655261,-0.6867495986584248,-0.005577009020671004,-0.2277948601222077,-0.01347342659101581,-0.903471973261927,326.0745086778268,448.9279689791144,6.47012743977408,396.7511089129479,234.52500942570398,-27.77002814533765,553.9672476150798,156.5328776400422,-101.96350894992452,-18.2444820194071,-27.125843662379303
47602499,60.771000,-98.308681,-204.002208,1027.32,1128.87,1029.12,1223.22,-0.01,0.0,1.0,0.11,1.0,0.67,1397.12,-0.6350656199172148,-0.7087043340327983,-0.005309922508021227,-0.2407143966568153,-0.023512310571304162,-1.1566474227998007,326.07385491676996,448.93613526536905,6.45797449141486,397.2426857752255,234.7302096887318,-28.020808165070168,554.8370944837928,159.8140771976262,-104.00958467006997,-18.378805227941942,-27.817235199716713
47602599,60.871000,-98.310318,-206.930722,1027.17,1128.96,1029.11,1224.77,-0.01,0.0,1.0,0.12,1.0,0.56,1397.33,-0.6355526893512033,-0.7307442927140815,-0.0051039085937478485,-0.23112635623593394,-0.029034572533349522,-1.3456764036017967,326.0724111261622,448.95951142559636,6.471433906318512,397.23288009616437,234.80927356978896,-27.779700691288294,556.2840535579996,161.58325583226434,-104.76055268023332,-18.381248460429102,-28.51649957817154
47602700,60.972000,-98.306467,-209.498791,1027.12,1129.02,1029.21,1229.15,-0.01,0.0,1.0,0.13,1.0,0.7,1397.11,-0.636045067616024,-0.7529120375052686,-0.005611822160610496,-0.2472993071511823,-0.048120606301549164,-1.9165675037685936,326.0709851557877,448.9381430991134,6.503144960237513,396.519404601432,234.42862077593426,-28.016685903409428,555.1704714248694,164.75331148132352,-107.32774894630627,-18.181022172428065,-29.928157907022978
47602800,61.072000,-98.290698,-212.426299,1027.14,1129.17,1029.14,1231.25,-0.01,0.0,1.0,0.15,1.0,0.54,1397.33,-0.6365483321237905,-0.7750484000939044,-0.005199308071736216,-0.23920713928773588,-0.023492209593924635,-1.5152908904694744,326.06955093582786,448.94183937932,6.460395766275958,396.6314462605757,234.54529187280716,-27.954104354738707,555.3538819316718,165.10408405882728,-107.33181790395655,-18.21733783426333,-29.93590351364913
47602900,61.172000,-98.262145,-215.670335,1027.25,1128.99,1029.24,1235.21,-0.01,0.0,1.0,0.15,1.0,0.22,1397.38,-0.6369734962218246,-0.797345489935454,-0.004363591934897242,-0.23810486151959337,-0.027861171844462535,-1.554804131732205,326.0779255824393,448.96230509502345,6.4804400798229675,397.14815087611345,234.70010408661744,-27.660062366175808,556.5181674897942,165.76459582270638,-108.14319884263624,-18.35055107552229,-29.90799981331662
47603000,61.272000,-98.219828,-218.512083,1027.12,1128.96,1028.78,1234.32,-0.01,0.0,1.0,0.15,1.0,0.3,1396.61,-0.6373778030604275,-0.8194593904616017,-0.004628240840324271,-0.25625398544343186,-0.04380356551100137,-2.508964290520512,326.0699513200176,448.9432657117983,6.457110779928481,397.09740762669,234.78263591589055,-28.107866589764978,556.7542736182936,170.2517495160243,-110.3925378280629,-18.348363060947595,-31.295461212852622
47603101,61.372000,-98.166981,-221.409970,1027.16,1128.83,1028.74,1232.95,-0.01,0.0,1.0,0.16,1.0,1.0,1397.22,-0.637752375857317,-0.8414738920621814,-0.004104147140491917,-0.2454154642656451,-0.029657637761866428,-1.7056810277574839,326.0590550852998,448.9642382032729,6.445186315917572,397.3907909563937,234.96378871853955,-28.2962418704906,557.8883060536862,170.50508158938322,-110.33960385545558,-18.434527789441965,-31.24965686384283
47603201,61.477000,-98.107457,-224.288318,1027.09,1129.09,1029.26,1238.36,-0.01,0.0,1.0,0.18,1.0,0.7,1397.16,-0.6381681487520809,-0.8633504758706554,-0.004724366376381508,-0.23574207597697877,-0.03257017342312815,-1.456148400068562,326.0752682277007,448.9464151293147,6.471362411311409,397.87378638470886,234.92468008068116,-27.966660574532995,557.3999770810166,169.67931926265052,-110.30900719367096,-18.54521350646129,-30.66527334439757
47603301,61.576000,-98.049075,-227.070656,1027.25,1129.17,1029.23,1242.57,-0.01,0.0,1.0,0.21,1.0,0.85,1396.98,-0.6386176195459029,-0.8848369351017252,-0.005026399457992917,-0.23037163748771078,-0.0386283976162719,-1.4784108605963524,326.0714527837791,448.9482805306467,6.47595483088002,396.5552673845882,234.5244656728259,-27.997709498867923,556.357527168931,173.5139921096904,-112.94446751421145,-18.365433132513438,-32.71108477384971
47603402,61.676000,-97.995705,-229.752787,1027.17,1129.04,1029.3,1246.32,-0.01,0.0,1.0,0.21,1.0,0.57,1396.83,-0.6390689515852247,-0.9057695521483398,-0.004598687782705197,-0.22831049118516736,-0.02025235132433161,-1.5699084380022954,326.05383337947563,448.9525704274399,6.463833629217153,397.8357320336739,234.9607546145184,-27.88308583967895,558.0544890364778,174.75246447183616,-113.89920660347171,-18.543629351303,-32.317122368311836
47603501,61.774000,-97.947744,-232.370580,1027.31,1128.86,1029.18,1249.57,-0.01,0.0,1.0,0.2,1.0,0.32,1396.97,-0.6394478166731773,-0.926548146924036,-0.004136598540846245,-0.22602261739174478,-0.03134499753845025,-1.4960474528543914,326.0597247928108,448.9558206643014,6.478492407853187,397.32285205286934,234.86388291642984,-28.186835700841495,558.2096132533754,179.5508929857614,-116.41534051948366,-18.41065417270388,-34.205683165294346
47603601,61.874000,-97.905841,-234.941386,1027.27,1129.01,1028.76,1248.49,-0.01,-0.0,1.0,0.22,1.0,0.42,1397.46,-0.6398453981572835,-0.9470927604189533,-0.00435882787803357,-0.22477259171611866,-0.023833564457060166,-1.3185981451097812,326.06999339329246,448.9536706793073,6.474192959336544,398.06954250211686,235.07754407352775,-28.29862355859683,558.2513707011288,180.14351828628833,-117.29007030675662,-18.605361324583825,-33.859978691378004
47603701,61.973000,-97.875748,-237.371982,1027.17,1129.06,1028.82,1249.24,-0.0,-0.0,1.0,0.23,1.0,0.37,1397.93,-0.6402513746240741,-0.9677369991068822,-0.004466729939509098,-0.2181205690291615,-0.02951615455402813,-1.1415724591447758,326.05671872892236,448.96840203572236,6.468813463983552,397.27242129350844,234.88222778063286,-28.153431645909514,558.2853575254472,179.72731915170894,-117.06616387213272,-18.399689444487844,-34.29174824710734
47603802,62.074000,-97.858779,-239.611170,1027.22,1129.03,1028.8,1251.08,-0.0,-0.0,1.0,0.24,1.0,0.22,1398.08,-0.6406893002017909,-0.9882039683112209,-0.004705461376096742,-0.22183896939550923,-0.020265170453760882,-1.1047597814772099,326.0725372741441,448.95782409228246,6.487088994988171,397.40498231778815,234.85968853280863,-27.99307515457142,557.6674922917915,179.83513862548213,-117.44522935845488,-18.434797691375508,-34.06167695637083
47603901,62.174000,-97.857901,-241.625296,1027.33,1128.93,1028.71,1250.04,-0.0,-0.0,1.0,0.24,1.0,0.31,1398.78,-0.6410967967106326,-1.0082922083364856,-0.004129117449267446,-0.20805624147376706,-0.015266914766449856,-0.8856567392961733,326.0786557888392,448.9600666164581,6.49050064201001,397.37187807411203,234.94394149256993,-28.364218189376704,557.8171698834398,181.7644228066001,-117.79389920106878,-18.42398846007429,-34.81426899150276
47604001,62.274000,-97.873854,-243.354982,1027.26,1128.89,1028.85,1249.9,-0.0,-0.0,1.0,0.24,1.0,0.33,1399.24,-0.6414655056959403,-1.0278394034965732,-0.0037882948247097447,-0.2086797904140686,-0.013974916517308505,-0.9694217834387185,326.0548462511263,448.9595509964517,6.448653844255485,397.940893621262,235.12191280085236,-28.284727744983584,559.0307918798044,181.12052704832536,-117.8341279819339,-18.581160087656833,-34.30523248869788
47604102,62.373000,-97.905375,-244.789734,1027.12,1128.88,1028.61,1249.84,-0.0,-0.0,1.0,0.25,1.0,0.35,1399.54,-0.6418251382220553,-1.046784069874527,-0.003964657274355473,-0.19753702733820752,-0.0229230198072997,-0.849193373272448,326.0757361367785,448.9609679367362,6.483956224209194,397.5971874604452,234.9845421628599,-28.276123499123642,558.2069551313695,181.69200492195674,-118.44702039916636,-18.482164132086776,-34.679115190039006
47604201,62.475000,-97.955040,-245.934742,1027.26,1129.06,1028.7,1250.04,-0.0,0.0,1.0,0.27,1.0,0.34,1399.94,-0.6422040351051889,-1.0649046649675282,-0.003953128194107559,-0.18820304467812357,-0.017006377913182026,-0.8091606179020988,326.072498344323,448.95638296696256,6.462774185082371,397.6479087372204,234.94918970159148,-28.090960447291874,557.7768057398144,181.1375985959449,-118.28010190728047,-18.498267439697997,-34.42845397467576
47604302,62.573000,-98.023009,-246.768294,1027.25,1128.88,1028.55,1250.15,-0.0,0.0,1.0,0.27,1.0,0.34,1400.23,-0.6425653013767625,-1.0821316307483826,-0.0036861213936946902,-0.17841513780408344,-0.01426032985698767,-0.8254623149438431,326.0587639455833,448.96703528444516,6.485380153230942,397.33941601777474,234.84957316713843,-28.08568759754087,558.1377508834886,180.3921367211145,-117.99709831472562,-18.412829156778834,-34.464686570851754
47604401,62.674000,-98.106465,-247.288232,1027.25,1128.9,1028.83,1249.81,-0.0,0.0,1.0,0.28,1.0,0.37,1400.17,-0.6428682530043462,-1.0983465079978418,-0.0030059606155075367,-0.17152608881075138,-0.004143170834856476,-0.484604837923306,326.06221490804546,448.95270866833584,6.4589360167817755,397.65825428049766,235.01835939212418,-28.34513836676549,558.1640610982188,181.90017298558877,-118.24499699641336,-18.503518195663347,-34.68139139170391
47604501,62.774000,-98.201857,-247.500198,1027.16,1128.88,1028.75,1250.72,-0.0,0.0,1.0,0.28,1.0,0.3,1400.21,-0.6431342774760668,-1.1134418229724121,-0.0028038029253350527,-0.15509931932412327,-0.010265591417377219,-0.46643691077758576,326.0505883025475,448.957201000266,6.456675870104141,397.78066313706637,235.04765985366285,-28.21175984689755,558.4243115549201,182.08616419212186,-118.2426791511335,-18.537796643843276,-34.67789233807371
47604601,62.874000,-98.312289,-247.391508,1027.22,1128.87,1028.71,1250.56,-0.0,-0.0,1.0,0.29,1.0,0.32,1400.13,-0.6433971658952823,-1.127486754814253,-0.002796178281596255,-0.1450417601724045,-0.013683156001839756,-0.5668303383454741,326.04932798583127,448.96351095656684,6.485723842953518,397.4240672830266,234.9205992032604,-28.154667786586437,558.4004857823447,181.39837172949228,-118.3729827110372,-18.441477871087688,-34.72585734844838
47604702,62.973000,-98.434043,-246.988950,1027.18,1129.04,1028.74,1250.53,-0.0,-0.0,1.0,0.31,1.0,0.33,1400.0,-0.6436611510596821,-1.1404391628474595,-0.0027370912765461914,-0.13329776802987212,-0.007166174075735297,-0.39815808949725595,326.03795177687965,448.9452629847455,6.459818069304181,397.50126802212816,234.92801950683565,-28.085721184528914,557.7676197274612,181.65710858055778,-118.5138602584778,-18.46487732468735,-34.68396139447776
47604801,63.074000,-98.564475,-246.309703,1027.18,1128.91,1028.76,1250.42,-0.0,-0.0,1.0,0.31,1.0,0.35,1400.14,-0.6438864714994658,-1.152317747087703,-0.002229804364595204,-0.12285092451095661,-0.0071365457233797495,-0.48053508148810614,326.0589589575098,448.96207241239773,6.451652017643874,397.38707178160337,234.8909281777552,-28.067619440598534,558.0566581855393,181.65363071738787,-118.66215578753014,-18.42797851568849,-34.811611046728
47604902,63.173000,-98.698623,-245.354343,1027.28,1128.77,1028.68,1250.79,-0.0,0.0,1.0,0.31,1.0,0.32,1400.15,-0.6440775122061245,-1.1631237435813884,-0.0018875218587950996,-0.1101944866726812,-0.005412043906131952,-0.4425947396419186,326.0742269155219,448.9630508165791,6.480074292634867,397.7613839307197,235.02528922005104,-28.09102488449969,558.5563747080058,181.78966263657213,-118.51054238976752,-18.52518528505422,-34.63107658547055
47605001,63.275000,-98.823288,-244.136522,1027.24,1128.87,1028.68,1250.64,-0.01,0.0,1.0,0.32,1.0,0.34,1400.0,-0.6442396524158263,-1.1728879266056247,-0.0017057960457026002,-0.10034634965631849,-0.00832113047861149,-0.3658811067925837,326.07252857020853,448.9599218453861,6.479435182471377,397.5846347881892,234.97243735961828,-28.310132856832954,558.114437467324,182.75108916421385,-119.0783852487735,-18.47902309979707,-35.021923090166304
47605101,63.374000,-98.939224,-242.655715,1027.23,1128.98,1028.62,1250.86,-0.01,0.0,1.0,0.34,1.0,0.33,1400.16,-0.6444021875700533,-1.1816362660032722,-0.0016605578670245476,-0.08674495380267633,-0.002887278185126006,-0.1264607452238039,326.0520207959894,448.96476201406665,6.473416331603071,397.62263658877,234.95903745749712,-28.01064704761196,558.2264495696702,181.59709868142042,-118.53618786135699,-18.491645202677372,-34.63721758995711
47605201,63.473000,-99.049874,-240.875597,1027.19,1128.75,1028.74,1250.81,-0.0,0.0,1.0,0.33,1.0,0.34,1400.17,-0.6445509551937648,-1.1894976034968,-0.0015191035789706053,-0.08009309103195253,-0.006476347280530795,-0.3143595976211369,326.06392687977245,448.959859430263,6.477817273619498,397.4726034208921,234.88771793547883,-28.099420362128377,558.2636720438469,181.3709917337109,-118.59373386854173,-18.447304246147958,-34.69619793708786
47605302,63.573000,-99.143385,-238.977716,1027.25,1128.73,1028.78,1251.02,-0.0,0.0,1.0,0.34,1.0,0.33,1400.12,-0.6446846994636999,-1.1963956985777657,-0.0013306764506063262,-0.06980865704170386,-0.0032337618305458347,-0.2541362937444565,326.06446566447005,448.94894396669747,6.46782391276198,397.64834205083827,234.9723201703448,-28.092190314381394,557.9939382082379,182.36739882444226,-119.02384996882851,-18.497182408555748,-34.84241345570387
47605402,63.674000,-99.226827,-236.848167,1027.29,1128.67,1028.73,1250.98,-0.0,0.0,1.0,0.34,1.0,0.33,1400.08,-0.6447890988891306,-1.2024342175113327,-0.001044006000092827,-0.06128282216640361,-0.0051027332078174385,-0.275107991764343,326.0502612573472,448.97002265656,6.491913559147367,397.60733926123254,234.9820773240051,-28.10851615024912,558.539962960712,182.47286843109694,-118.95241862574902,-18.489816935076696,-34.94986107154077
47605501,63.773000,-99.300908,-234.512406,1027.19,1128.69,1028.77,1251.08,-0.0,0.01,1.0,0.35,1.0,0.33,1400.18,-0.6448855245045356,-1.2077028160839702,-0.001037785696951557,-0.0546327121190717,-0.005039235395269168,-0.2265462929613697,326.0543198826903,448.9455586321486,6.477520002000608,397.651796470761,234.99748773108882,-28.090030783568682,558.2813006580527,182.26450579551351,-118.96044076782202,-18.502758396418898,-34.82001732226671
47605602,63.873000,-99.374959,-231.778039,1027.2,1128.56,1028.78,1250.93,-0.0,0.01,1.0,0.34,1.0,0.35,1400.16,-0.6449778053895543,-1.2122612781765933,-0.0009644232436097954,-0.04575168590127385,-0.006267150619464349,-0.26725721037557404,326.05116932336415,448.9542477828649,6.456037866133761,397.3397420572065,234.90252272205615,-28.15214629272789,557.8022107683425,182.38535338356309,-119.0879857027207,-18.42001084387744,-35.037415105073244
47605701,63.973000,-99.435152,-229.283201,1027.25,1128.47,1028.83,1251.26,-0.0,0.01,1.0,0.34,1.0,0.33,1400.12,-0.6450498217241386,-1.216177866280151,-0.0006576617991145601,-0.0427980172878557,-0.002779010780838854,-0.4134763701361674,326.0529543684943,448.95734499516874,6.444104491393556,397.5124582044957,234.94598085820377,-27.981024131038605,558.1726191149843,181.76288977669307,-119.01339312364667,-18.43315009595384,-34.89580681987877
47605802,64.074000,-99.490128,-226.533565,1027.15,1128.26,1028.7,1251.04,-0.0,0.01,1.0,0.22,1.0,0.76,1400.13,-0.6450855851269401,-1.21951824051173,-0.00031033009586490346,-0.036098065230600426,-0.0011795561514051233,-0.29320631601827585,326.07833449173773,448.96367003307313,6.486174429156722,397.5473933239955,234.987860017369,-28.114597450460636,558.1491955788972,182.6890446397108,-119.0775825971177,-18.46959361885496,-35.023347899836914
47605901,64.174000,-99.551024,-222.857946,1027.2,1128.3,1029.05,1255.08,-0.0,0.01,1.0,0.22,1.0,0.22,1399.65,-0.6451043389849381,-1.2222828385403812,-0.00016585081633952763,-0.028861590838913452,-0.0005128735535485448,-0.20117473427314278,326.07950607390023,448.9588748835158,6.471470581013435,397.654014406344,234.9917058208747,-28.18502261181476,558.0896715835557,182.83114547553157,-119.34743721222783,-18.495688056884884,-34.99833445365372
47606001,64.273000,-99.592765,-219.423242,1027.23,1128.29,1028.85,1255.82,-0.0,0.01,1.0,0.22,1.0,0.15,1399.03,-0.6451166490927357,-1.2245950175980893,-0.0001350494680223764,-0.024069664135132465,-0.000988457146791864,-0.18279920912536612,326.05959821363166,448.97368849267514,6.475853884307675,397.14586332742766,234.80850658660123,-27.868799850870104,557.874081511079,184.20606839735674,-120.33450416194921,-18.362172168519322,-35.79996875807467
47606102,64.374000,-99.623950,-216.013629,1027.24,1128.32,1028.7,1255.15,-0.0,0.01,1.0,0.23,1.0,0.2,1399.23,-0.6451054401284317,-1.2266380107183092,0.00037104808095257766,-0.023541330983397883,0.010400750352542815,-0.2622293089945398,326.07111779006163,448.9466284161409,6.474262153105429,397.89640766315694,235.07789658354133,-28.468720557782348,558.3358147450463,185.4766493822757,-120.52187837468128,-18.564018058583294,-35.69251209177051
47606205,64.473000,-99.646819,-212.409281,1027.24,1128.23,1028.63,1255.11,0.0,0.01,1.0,0.21,1.0,0.67,1399.38,-0.6450554721005355,-1.228680090216883,0.0005345172722690147,-0.023491784892017618,0.0023615558426719973,-0.2532925549088575,326.0691496740791,448.9759229619417,6.443965113291478,397.5890736120394,235.09264902187934,-28.274559046620197,558.6203503278634,185.8151483091914,-120.87926215645729,-18.489298382230068,-36.006664608035095
47606306,64.580000,-99.654901,-208.821371,1027.18,1128.16,1028.41,1250.8,0.0,0.01,1.0,0.21,1.0,0.35,1399.49,-0.6450405558055304,-1.2306843803395657,2.558713441605873e-05,-0.02344466890642598,-0.001761431086862953,-0.2410746946357572,326.0828260880761,448.9662496202649,6.465368266319755,397.68370606971996,234.9876240931537,-27.984334876200474,558.359294964086,184.44393732762467,-120.51101191077821,-18.50111574001031,-35.535767973572085
47606406,64.678000,-99.648336,-205.058280,1027.2,1128.17,1028.38,1248.41,-0.0,0.01,1.0,0.21,1.0,0.16,1399.57,-0.6450423490981174,-1.232684142670401,-5.3824464976678164e-05,-0.021843827568436693,-0.001454685513748327,-0.1770164324423675,326.05455907307254,448.94024985491365,6.450470232638558,397.5106319383376,235.00726782441714,-28.075705368219463,557.8727459011861,182.85704828766853,-119.05119667373484,-18.469911374216313,-35.045503181460155
47606506,64.778000,-99.630006,-201.136952,1027.25,1128.23,1028.78,1249.62,-0.0,0.01,1.0,0.21,1.0,0.28,1399.61,-0.6450480780883565,-1.234433983982335,-4.87167515682428e-05,-0.017763605707115618,4.014568844533179e-05,-0.07434772667573895,326.05313010529636,448.9742759074326,6.478636449319526,397.317772686577,234.81268057396656,-27.917974035973533,557.8911648005374,180.81061553277726,-118.34496414337096,-18.405434544601945,-34.600943407000585
47606605,64.877000,-99.603257,-197.265399,1027.19,1128.2,1028.68,1249.51,-0.0,0.01,1.0,0.21,1.0,1.0,1399.71,-0.6450444600679179,-1.2356102418086086,0.00017937608776738228,-0.010127600549332259,0.005788806083228926,-0.0032310554092730387,326.05804630219706,448.97289163686463,6.485705866152673,397.0633433556754,234.77619067160518,-27.852447151763702,557.7239141707265,181.19192413006593,-118.56660571299109,-18.340139696519298,-34.87490498574977
47606705,64.978000,-99.563479,-193.340913,1027.33,1128.04,1028.08,1243.03,-0.0,0.01,1.0,0.2,1.0,1.0,1399.91,-0.6449881790631714,-1.236277038982579,0.0008383629453216171,-0.00560218559555295,0.011125817088076851,-0.008074638854937652,326.0499932108288,448.956984752913,6.474337016820213,397.6773569869329,235.05819800870867,-28.31346841713966,558.2327978163937,182.6823576394608,-119.0561892047562,-18.51393002747686,-34.904957281633656
47606805,65.078000,-99.499540,-189.304646,1027.19,1128.01,1027.68,1236.88,-0.0,0.01,1.0,0.2,1.0,1.0,1399.87,-0.6449254032465842,-1.2365327934416592,0.00058982244459853,-0.0013946261116946144,0.0037730963746358073,0.018079362936601052,326.0881547293766,448.96649692603347,6.4867141112594675,398.2311399912529,235.22441322544202,-28.4547812526388,558.7449014869883,181.93397804973887,-117.5159694178481,-18.526030818231142,-34.67379586600762
47606906,65.178000,-99.413848,-185.377020,1027.22,1128.1,1027.67,1230.89,-0.0,0.01,1.0,0.21,1.0,0.78,1400.04,-0.6448968802808634,-1.2363894911070505,0.00015025312061061745,0.003965532275079201,-0.0034338097249509525,0.11301365864417788,326.0803269337985,448.95445992186274,6.469467646214732,397.5696810059229,234.96553598882204,-28.24409864555159,557.865226122468,175.29642058897176,-114.58055770657172,-18.47342714880005,-32.63564593066876
47607006,65.278000,-99.307621,-181.483383,1027.24,1128.2,1027.49,1226.05,-0.01,0.01,1.0,0.23,1.0,1.0,1400.01,-0.6449204315947383,-1.2352687234297943,-0.0003090136501778131,0.01883378253773122,-0.0004879633205669476,0.3188195320256412,326.0749963596722,448.9423642256714,6.460553403953121,397.36629080181757,234.80392567514087,-27.936402066690132,556.6625880636418,170.6882952328001,-111.27981250545025,-18.413710548146174,-31.248143211635956
47607106,65.378000,-99.179083,-177.471099,1027.34,1127.92,1027.72,1220.93,-0.01,0.01,1.0,0.21,1.0,0.63,1400.02,-0.6449162041567649,-1.2327118704715583,0.0001899631699626852,0.033391107862123924,0.0037234602713902033,0.3610823003659291,326.05509550685616,448.9598775696226,6.472277175398354,397.2148628156199,234.81271937611837,-27.918478713112325,556.8829581600913,168.30160476802436,-110.16291149770761,-18.3813259702499,-30.622760253476393
47607206,65.478000,-99.017575,-172.919074,1027.3,1127.97,1027.8,1216.79,-0.01,0.01,1.0,0.24,1.0,0.96,1399.93,-0.6448814711688783,-1.228352260212549,0.0005367306322835663,0.056063834793963895,0.008660451216333352,0.6791355316077246,326.07196872872134,448.9279587278364,6.44416278478392,398.1362004887656,235.1655479998233,-28.349336993163618,557.1085230066867,166.55940138814447,-108.17848907387197,-18.630146444530606,-29.396595776666466
47607306,65.578000,-98.867462,-168.860263,1027.24,1128.08,1027.73,1212.4,-0.01,0.01,1.0,0.25,1.0,0.63,1399.98,-0.6448426564947638,-1.2222091245713684,0.00014962302955839242,0.07865880309424463,-0.008777113958893192,0.8173854528649347,326.04659360764464,448.9508784273902,6.457488674493108,397.5928180080659,234.97430936624409,-28.283862013520476,556.6650002388916,164.6473284923704,-106.98523605238228,-18.488119168630558,-29.173187758088027
47607406,65.678000,-98.761799,-166.207335,1027.12,1128.0,1027.86,1208.25,-0.01,0.01,1.0,0.27,1.0,0.91,1399.93,-0.6448668782479616,-1.2142076426995303,-0.0003445905512272473,0.09402051739831381,-0.0026587486731830105,0.8248966365175506,326.07155995353753,448.9366787718104,6.452701992930167,397.8471782417222,234.92411169011322,-28.056713610991874,555.9097128041012,160.23727883348016,-104.55701131793417,-18.540442872791825,-27.627702669263265
47607507,65.778000,-98.607956,-162.433132,1027.2,1128.06,1027.77,1204.1,-0.01,0.0,1.0,0.29,1.0,0.82,1400.03,-0.6448920913685977,-1.2045367387982195,-0.00026534620219980135,0.11376673853091619,-0.003004722326604894,1.041405671687334,326.06452267366285,448.9334833910575,6.4606458245637075,397.6472689601082,234.89007848134645,-28.063482691730286,555.261086528596,158.606308133607,-103.83176435737705,-18.49153179065333,-27.190342291279826
47607607,65.880000,-98.412208,-157.941321,1027.24,1127.91,1027.82,1199.01,-0.01,0.0,1.0,0.28,1.0,0.42,1400.18,-0.6449189303759878,-1.1929476957752718,-0.00025539661776566796,0.1345549435598793,0.00043859458235882555,1.152777520741163,326.0711461269887,448.939851489237,6.454074933959483,397.01314207789943,234.74269133077115,-28.05860670273007,554.3232863809371,157.15510743637734,-102.63709693381108,-18.3248456644935,-27.097142960797264
47607708,65.980000,-98.232364,-153.966402,1027.23,1127.89,1028.07,1197.26,-0.01,0.0,1.0,0.28,1.0,0.29,1400.17,-0.6448924509493316,-1.1797785390206736,0.0005481818932092221,0.145771432857815,0.00770545517292206,0.9516464159239748,326.07366787638523,448.9540371008162,6.4668511660139165,397.3336804647411,234.88495122380493,-28.140509397626342,554.4849837770997,153.74023602489675,-100.094124473376,-18.411736495355214,-25.86706206271355
47607807,66.081000,-98.058138,-150.460271,1027.19,1127.98,1028.56,1199.08,-0.01,0.0,1.0,0.29,1.0,0.45,1400.17,-0.644850663403381,-1.1650134735919015,0.0004287639978104537,0.16565884047628524,0.00401068715646405,1.2253733798037534,326.0704996828233,448.9195044054557,6.433876697937784,397.67602089778944,234.88431724147952,-28.020690844889764,553.5638819335986,151.67255124633215,-98.64203742412498,-18.497676665834078,-24.911682837119315
47607907,66.181000,-97.803160,-145.657265,1027.35,1127.88,1028.31,1195.79,-0.01,0.0,1.0,0.34,1.0,1.0,1400.09,-0.6448019149639092,-1.14878600979176,0.0005165416663792273,0.18571698555070307,0.00223340669360986,1.5824801108624083,326.07576063777395,448.9374123567403,6.465847470277472,397.08878084501066,234.70240813767552,-27.900601931776887,553.1837033638263,151.80951680155923,-98.45665092856223,-18.338941081242254,-25.35195826144576
47608007,66.279000,-97.570133,-141.948949,1027.3,1127.72,1028.26,1191.1,-0.01,-0.0,1.0,0.35,1.0,1.0,1400.15,-0.6447509459494093,-1.1312787036973175,0.0007690576579148634,0.19756956602954096,0.013209347377688387,1.669929222564406,326.06460527154746,448.93184995876175,6.4695337702299485,397.4758052731395,234.80095996901792,-27.959808676542718,553.1385905070198,150.7533868271173,-97.82693059634435,-18.443193174882023,-24.74751150301335
47608108,66.379000,-97.309554,-138.400879,1027.18,1127.36,1027.7,1185.75,-0.01,-0.0,1.0,0.35,1.0,1.0,1400.11,-0.6446470575584166,-1.1130110243432048,0.0012347531907167843,0.20988468770929045,0.007344944149087866,1.4319644992114937,326.0723596176778,448.92506503655164,6.461147468443709,397.6183795224701,234.99496702880342,-28.395447764143587,553.3239289593095,149.61291939614034,-96.57287792941746,-18.49181289073492,-24.27795569567747
47608208,66.481000,-97.001646,-134.901484,1027.13,1127.35,1027.52,1180.05,-0.01,-0.0,1.0,0.35,1.0,0.82,1400.14,-0.6445484483802199,-1.0940896723900464,0.0009513324306373126,0.20476368308269166,0.0025461622854321565,1.4274444884558637,326.0663787721981,448.9355077224594,6.459450538708387,397.6951840197147,234.93074726331167,-28.219153604251513,552.0171872249997,145.36365639876215,-94.22082108161918,-18.505733647957058,-22.858041992869076
47608308,66.583000,-96.714593,-132.199221,1027.08,1127.18,1027.53,1175.54,-0.01,-0.0,1.0,0.39,1.0,1.0,1400.17,-0.6445042185311806,-1.0743375163273163,0.0003645201220126998,0.22633765145370072,0.003111274938887101,2.154418616057767,326.0663477845418,448.91437960701535,6.478226736893306,397.0714082665871,234.65081674069543,-27.814766524552407,549.8989373955048,141.35338876076548,-92.27222247889281,-18.334742407062667,-21.92748188904352
47608407,66.685000,-96.332480,-129.325162,1027.1,1126.25,1027.6,1170.64,-0.01,-0.0,1.0,0.34,1.0,0.87,1400.12,-0.644435055862283,-1.0537025398079292,0.0010372618268627337,0.23910805193603904,0.014541218312385055,2.1948168227333964,326.0698095760177,448.9228521454162,6.430564441989556,396.65558462737806,234.4987271839461,-27.778905703206537,548.4505346446292,138.4941291306365,-89.97557663356523,-18.220906771308307,-21.246372237821774
47608507,66.792000,-95.721092,-125.236747,1027.24,1125.62,1027.45,1166.15,-0.0,-0.0,1.0,0.32,1.0,0.76,1400.2,-0.6443131910759782,-1.0320348811489195,0.0015903310184584847,0.23666329862180155,0.019706509678492665,1.723481068744614,326.06745118032075,448.9128148035707,6.449400586849594,397.339325860115,234.76080080416625,-27.918815325001397,548.1671902273569,136.3687163497317,-88.47148000702322,-18.2140446651202,-20.065817188524775
47608608,66.878000,-95.204384,-122.494803,1027.2,1125.76,1027.6,1162.42,-0.0,-0.0,1.0,0.34,1.0,0.48,1400.14,-0.6441106084329771,-1.0095753318730596,0.0024817983751126028,0.2564451989818686,0.024035966026006935,2.4271057242120184,326.0694893232433,448.92718551304796,6.470043746413232,397.0145277747709,234.71041605771802,-27.88421164462328,547.6582200568465,134.83603515110573,-87.29653730299496,-18.32401361272134,-19.80822529842508
47608708,66.980000,-94.629263,-119.818500,1027.09,1125.68,1027.97,1160.11,-0.0,-0.0,1.0,0.43,1.0,0.87,1400.14,-0.6438980713052824,-0.9863619797262851,0.0023915783029559733,0.263728749951188,0.022866826054195828,2.4154960373063097,326.06318168975986,448.89877941795504,6.4588285764770665,397.1253521643556,234.67077582321267,-27.684711368210465,545.9060155026594,131.80003589930297,-85.0461094686565,-18.351343383053052,-18.63634403976164
47608808,67.080000,-93.984803,-117.344096,1027.1,1124.12,1027.88,1156.69,-0.0,-0.0,1.0,0.31,1.0,0.61,1400.05,-0.6436699977320155,-0.9625439849899387,0.0026569789923393595,0.27259505673488105,0.026101417027185107,2.6230542098981666,326.0679617371223,448.9179667404649,6.443927672526134,396.28071937468354,234.33293863750635,-27.744465557366652,544.63467918217,129.8651368704878,-84.45484463328036,-18.11822571782405,-18.61113114794471
47608908,67.180000,-93.295087,-115.221612,1027.26,1123.61,1028.05,1152.74,-0.0,-0.0,1.0,0.27,1.0,0.3,1399.1,-0.6433958644587943,-0.9381525976551661,0.003550046477231743,0.2776376559418005,0.04708168108378612,2.8247677894592327,326.064387311174,448.8962622760018,6.441649006202763,396.7422946234461,234.44967403070535,-27.474204328094416,543.7631424846813,127.81798408065245,-82.88697356909664,-18.241331024397475,-17.56460735354875
47609009,67.281000,-92.551714,-113.294552,1027.29,1123.6,1028.38,1153.9,-0.0,-0.0,1.0,0.42,1.0,0.85,1398.95,-0.6430352572667619,-0.913356327910588,0.004360599297355832,0.28702847888121097,0.044943408190171896,2.713601513497712,326.06687231056515,448.9135191151608,6.468163182839125,396.37038621025476,234.3899872141563,-27.291111332617987,542.9826610127235,126.44306929858399,-81.99918943176695,-18.14497147293898,-17.34677876731962
47609109,67.381000,-91.919252,-111.858114,1027.28,1122.12,1028.37,1149.71,-0.0,-0.0,1.0,0.37,1.0,0.7,1399.11,-0.6426183515882563,-0.8882398779767121,0.004865448910831765,0.27685947769269736,0.04309574283913513,2.067236785427398,326.06294749967486,448.9072295487985,6.442442366146767,396.28356150783054,234.33022438708244,-27.347266999320908,542.2713737199849,125.26479468563828,-81.51097895530863,-18.120753762588272,-16.995603992910006
47609209,67.482000,-91.205001,-110.460944,1027.27,1120.75,1028.1,1145.59,-0.0,-0.0,1.0,0.31,1.0,0.5,1398.1,-0.642135834615082,-0.863030527936109,0.005615653638065958,0.27862602244126977,0.051096892657190855,2.1759550913358856,326.05850624879196,448.89945646823816,6.464125953088358,396.15903551823794,234.29822511410714,-27.32024149412815,542.1255683038972,125.45293722707666,-80.87678760045965,-18.089876694262916,-17.108845987636315
47609309,67.582000,-90.109690,-108.389186,1027.23,1121.21,1028.17,1143.73,-0.0,-0.0,1.0,0.41,1.0,0.47,1398.24,-0.6415853531768411,-0.838059894699152,0.006347979954638131,0.27516147067204033,0.05601615602094302,2.171013899763467,326.06292231466483,448.91859857027214,6.439739853483163,396.7325049411394,234.43228157902357,-27.363184352743325,541.5400587557218,123.38763133229028,-79.68142564091792,-18.236169923406866,-16.045120232735556
47609409,67.682000,-89.233624,-106.920700,1027.17,1119.9,1028.24,1141.62,-0.0,0.0,1.0,0.31,1.0,0.31,1398.6,-0.6410133487508246,-0.8134578388318416,0.006267859527500648,0.2723124195148709,0.038908876352973056,1.7921359798043186,326.0623143893987,448.907696421385,6.450522713341542,395.96867192015725,234.14141735962423,-27.1339055081254,540.0113892501779,121.23709978219006,-78.73338203334403,-18.030052838842565,-15.849650071985195
47609509,67.782000,-88.340759,-105.560910,1027.17,1119.63,1028.48,1141.48,-0.0,0.0,1.0,0.28,1.0,0.31,1397.83,-0.640435959763811,-0.7891876043691887,0.006459857970595104,0.25924033647052064,0.04439304785139134,1.437053912791556,326.0665062568724,448.8874799628661,6.4436507551228885,395.6200374986497,233.8905659954275,-27.129932795609047,537.9971568197122,119.08190089761952,-77.54876363532321,-17.926883884738054,-15.264562589703708
47609609,67.881000,-87.395140,-104.301042,1027.27,1119.7,1028.78,1142.12,-0.0,0.0,1.0,0.29,1.0,0.37,1397.87,-0.6397726051115933,-0.7652963690441867,0.007644146584284169,0.2572045978127343,0.0581668657206067,1.5140138811902548,326.066616303361,448.90735369960385,6.45480133853807,394.99026516048366,233.68012103432827,-26.588361960465324,536.5174626391718,116.77026526970884,-76.27250354497356,-17.756970562637495,-14.927333238404323
47609710,67.982000,-86.460559,-103.205903,1027.25,1119.69,1028.57,1140.53,-0.0,0.0,1.0,0.29,1.0,0.25,1398.26,-0.6389710724241956,-0.7418952481933306,0.009224430847456336,0.2484767896778796,0.06477513306560186,1.2668612331796596,326.05583356844653,448.8836583837156,6.44116188176914,394.4590383551815,233.4647507494798,-26.608690602485154,535.8854536667396,117.0119791754468,-76.47109922268524,-17.61650412329373,-15.298404524096739
47609809,68.082000,-85.450849,-102.127802,1027.37,1119.69,1028.65,1141.13,-0.0,0.0,1.0,0.69,1.0,0.91,1398.59,-0.6379999448111909,-0.7191852084843474,0.011139185277950001,0.23931564371998232,0.08731683441473997,1.399463205900181,326.059808870219,448.8962658994226,6.4526783330234965,394.63193235339685,233.49122572018106,-26.540782671322347,535.6474179716055,116.17188427611147,-76.15411071480983,-17.65837384060916,-14.924126823672722
47609910,68.182000,-84.432188,-101.073204,1027.16,1116.1,1028.31,1136.72,-0.0,0.0,1.0,0.49,1.0,0.66,1398.94,-0.6368670345227212,-0.697408206794218,0.013027140938960033,0.23611924944777182,0.11327239865236861,1.7347005111166134,326.0558827941203,448.897417849136,6.458338627832888,394.560855741934,233.49711503695724,-26.51471282547212,535.8695407665651,116.32105390816264,-76.13336396579255,-17.6425184248067,-15.048743955478493
47610010,68.284000,-83.420136,-99.984836,1027.08,1113.21,1028.06,1132.83,-0.01,0.0,1.0,0.25,1.0,0.36,1399.31,-0.6356167726524308,-0.6766617401885152,0.014387459812368554,0.2272469010561684,0.113045404183018,1.5241259238182958,326.05365169514624,448.88220237874077,6.448332651766048,394.823002759351,233.66757489939846,-26.660909646401663,535.2214499765474,115.69465050384119,-75.5195365506229,-17.72068058609932,-14.519233901058833
47610110,68.382000,-82.357840,-98.790627,1027.04,1114.12,1028.38,1132.5,-0.01,0.0,1.0,0.33,1.0,0.33,1397.86,-0.6343018927783545,-0.6570096013988035,0.014835367296083778,0.21581891981717,0.11305482247449955,1.5119359390154035,326.0589528512754,448.89075781438856,6.438092000405358,394.2020769580202,233.37763276966226,-25.983666616967568,532.9548572815542,112.29024441257013,-74.06694729854524,-17.546494837737423,-13.796313947764673
47610211,68.483000,-81.305436,-97.581381,1027.1,1114.72,1028.56,1133.14,-0.01,0.0,1.0,0.38,1.0,0.4,1398.31,-0.6329595771063592,-0.6383454581066934,0.014920787107590252,0.20017054033445172,0.10709897157091317,1.2214500113242865,326.0476742693281,448.87821055964577,6.476696929047835,392.56875099703825,232.636251833062,-25.474624097822815,529.8111658225159,109.59981016800928,-72.82771067519691,-17.099119856835397,-13.925853904619125
47610311,68.584000,-80.219733,-96.312885,1027.14,1113.69,1028.53,1130.74,-0.01,0.0,1.0,0.3,1.0,0.2,1398.71,-0.6314611452834461,-0.6205069060842596,0.017092438169479467,0.1868616824319989,0.14325601606640828,1.156617717125284,326.05466175133114,448.8714895587288,6.443954654607317,391.35645356777593,232.10782933644344,-24.816604789128213,526.7506367334915,107.2402250700817,-72.34156009414197,-16.76534923308285,-13.785430952427078
47610410,68.683000,-79.112103,-94.996028,1027.13,1113.87,1028.7,1131.71,-0.01,0.0,1.0,0.31,1.0,0.29,1398.97,-0.6296458884241035,-0.6036260617182633,0.021463654044942423,0.18209847771236326,0.19881402840141366,1.2858653093140162,326.04610268885915,448.88466124133464,6.435520958560848,390.72034147063454,231.90051336751807,-24.50121216719594,525.2118296583307,105.17430930723272,-71.27141158356716,-16.59720022718405,-13.50834415460681
47610510,68.783000,-77.981543,-93.618699,1027.27,1113.83,1028.82,1131.82,-0.01,0.01,1.0,0.31,1.0,0.3,1399.26,-0.6274821508616464,-0.5877206674783839,0.02558607469742911,0.17319492501997044,0.2561783708533413,1.3944587708559304,326.05314392837516,448.87068203401157,6.441012647488039,390.5524259986684,231.81778625097164,-24.346673962112394,524.6961184732528,105.16232804614006,-71.3050993375592,-16.54980543144676,-13.545050836224526
47610611,68.883000,-76.847637,-92.218461,1027.31,1113.77,1028.71,1131.84,-0.01,0.01,1.0,0.3,1.0,0.31,1399.52,-0.6249706880321635,-0.5727514887133544,0.029503145410160105,0.16396934591618537,0.2994413515354446,1.401636362753321,326.0576288911356,448.8784235061168,6.433064684337484,390.7591300539297,231.93881526731232,-24.63648846762341,525.39089504821,105.72342049831174,-71.272507674357,-16.607032601316224,-13.633972000915747
47610711,68.984000,-75.691713,-90.826916,1027.28,1113.77,1028.64,1131.82,-0.01,0.01,1.0,0.3,1.0,0.31,1399.48,-0.6221961545324717,-0.5587912489260374,0.03288195804406141,0.15662028460672878,0.389160600355364,1.6621050861469722,326.05509972362995,448.88005407122415,6.461144908479468,391.0354190273781,231.9723560079968,-24.71337929395807,526.1150935027798,106.04092518025496,-71.37945722421831,-16.676948950158966,-13.653454527778237
47610812,69.084000,-74.519293,-89.476653,1027.29,1113.76,1028.7,1131.94,-0.01,0.01,1.0,0.8,1.0,1.0,1399.65,-0.6192741350919584,-0.545904933749931,0.034224887306365775,0.14449726842364322,0.30418066773746066,1.130119548295524,326.0478422435545,448.8722759142303,6.448040875238086,390.88139076470264,231.94502284626958,-24.6796057859466,525.699212386523,106.21484162370844,-71.4887764365674,-16.63977488941908,-13.718056975590855
47610912,69.185000,-73.322172,-88.170677,1027.09,1109.76,1028.25,1127.24,-0.01,0.01,1.0,0.5,1.0,0.68,1399.83,-0.6162854251669319,-0.5341278904003454,0.03188863249425654,0.12050137087662667,0.1705408504658341,0.5191340873217531,326.06306426376256,448.8807777277765,6.46376006757664,390.6312717822391,231.8923998359431,-24.610452609221163,525.0145920096718,105.28088081068393,-71.56730867136068,-16.571177752470934,-13.563271568759063
47611013,69.285000,-72.053776,-86.885844,1026.96,1106.77,1027.87,1123.36,-0.01,0.01,1.0,0.27,1.0,0.38,1399.89,-0.6132604717754259,-0.5234402551817159,0.032496183135951894,0.1103312227403538,0.23955787562803646,0.7108493980869124,326.0499151654716,448.8648198746523,6.440066605611675,390.78537279743506,231.89217187971803,-24.332159732707584,524.391677674045,104.35393905405068,-70.43921851390805,-16.61287724045354,-13.105356512054783
47611113,69.387000,-70.863795,-85.744287,1027.16,1108.28,1028.22,1122.66,-0.01,0.01,1.0,0.4,1.0,0.33,1399.9,-0.6102302361778665,-0.5137220343225386,0.03405638447571836,0.1059607260257841,0.3221045672080228,0.934184692732339,326.05184868770704,448.86888077891064,6.443492711770087,390.3465999448648,231.80251956912784,-24.40589371233986,522.4315440158235,102.24195475774972,-69.22565116687763,-16.49921516667404,-12.554347317909262
47611214,69.487000,-69.605699,-84.554152,1027.0,1106.65,1028.55,1122.75,-0.01,0.01,1.0,0.28,1.0,0.35,1400.03,-0.6072460074396785,-0.5047145964318089,0.03374888516473754,0.10016061271340697,0.37493971037587664,1.0708180422437228,326.04743361484793,448.8732495144644,6.451776807882716,389.42176858410255,231.34088518592537,-23.60882384784257,519.7144656285532,99.53710161820855,-68.07439581941433,-16.242579085760994,-12.184513390661458
47611315,69.588000,-68.320700,-83.299661,1027.15,1106.89,1028.47,1121.69,-0.01,0.01,1.0,0.31,1.0,0.28,1400.05,-0.6042501106470843,-0.49615487619143495,0.03654587217553833,0.10184503668768675,0.5031762025827055,1.3400888676692233,326.0489202607363,448.8548536105848,6.460459282760195,388.1676796079854,230.85238938988465,-23.25279640099326,516.8138571984863,97.47867665173351,-67.3172758300298,-15.904648822198986,-12.15704638270038
47611414,69.688000,-67.059790,-82.013401,1027.22,1106.94,1028.76,1122.18,-0.01,0.01,1.0,0.32,1.0,0.33,1400.01,-0.6011476854424967,-0.4879857058830176,0.03673496318705514,0.09304927375993897,0.3707932347350565,0.8471337731138923,326.0415857076072,448.8656499370539,6.448272687585105,387.7774382916695,230.7074244725332,-22.909863778296117,515.9905805519056,96.50875821823035,-66.57855851453952,-15.800801768347204,-12.091725823685824
47611514,69.791000,-65.780154,-80.653104,1027.26,1106.77,1028.59,1122.15,-0.01,0.01,1.0,0.32,1.0,0.33,1400.12,-0.5978962321622158,-0.4802363394659387,0.03565873401337265,0.08209705220871191,0.2285182005344206,0.4567042061906535,326.0488579902825,448.84329571825873,6.450658020732505,387.72405172535156,230.67687673440506,-22.870968314184466,516.0063211142145,96.6464699881167,-66.78955418471168,-15.782945049788765,-12.178770987868916
47611615,69.889000,-64.478462,-79.242961,1027.28,1106.68,1028.63,1121.58,-0.01,0.01,1.0,0.32,1.0,0.29,1400.12,-0.5945155278903367,-0.4729063548728797,0.036265478597501656,0.07584240246120012,0.23703413542138338,0.4310926969258605,326.0520003557467,448.86306296462305,6.428419407912111,387.98151625759846,230.8205884994969,-23.020137186362007,516.5481468011302,97.06447868361226,-66.89316462785843,-15.855872418412531,-12.154931835711523
47611715,69.988000,-63.148139,-77.809148,1027.24,1106.66,1028.81,1121.93,-0.01,0.01,1.0,1.0,1.0,1.0,1400.11,-0.5910720176498895,-0.46604800678760844,0.03688164904488599,0.07146275685116264,0.22902168764320063,0.39670940395112675,326.04447231992054,448.8611735714515,6.438279067239057,388.04166190304625,230.8435030724762,-23.038029140506723,516.5838007579384,96.99715298946502,-66.85078915441063,-15.874041271632544,-12.09383490943522
47611814,70.088000,-61.768436,-76.345092,1026.96,1102.25,1028.25,1117.53,-0.02,0.01,1.0,0.8,1.0,0.84,1400.13,-0.5876455682336301,-0.45968336587410785,0.036967380770030596,0.06707170162048359,0.29961197009661167,0.508534413254183,326.0437931220713,448.86527739290636,6.455468857902322,387.853811510657,230.73293217681274,-22.95579771308666,516.2721269425912,96.8138572059814,-67.01013778346632,-15.820617292424526,-12.157548435424232
47611915,70.188000,-60.454119,-74.969477,1026.94,1098.12,1027.98,1113.24,-0.02,0.01,1.0,0.7,1.0,0.75,1400.07,-0.5842896090013846,-0.4538007845687695,0.038254510535515346,0.06553707338330293,0.3085495016843192,0.48741605965085055,326.0556808092444,448.8605511730572,6.446633376846839,387.8439561063594,230.76487847456104,-22.734477948740356,514.1740867380487,94.41532583036995,-65.39079176950332,-15.817856742979524,-11.179905805597922
47612015,70.288000,-59.084836,-73.521041,1026.81,1095.17,1027.88,1110.03,-0.02,0.01,1.0,0.59,1.0,0.62,1400.12,-0.5810190905277633,-0.44835692206154915,0.03536030244879493,0.0587218886176124,0.22356830750957452,0.3813851814953659,326.0438842691261,448.84995387926864,6.434101148531798,386.71281222362467,230.364776894996,-22.183681534036193,510.92719877206093,91.72251133480448,-64.30111879906795,-15.518901156680924,-10.820455264935521
47612116,70.387000,-57.721344,-72.026001,1026.71,1092.61,1028.05,1107.08,-0.01,0.01,1.0,0.51,1.0,0.52,1400.17,-0.5778439579604109,-0.44299552402739895,0.03436518465129461,0.058475528555592154,0.2676587413806581,0.4634898877289002,326.0439534443429,448.8405314315999,6.425132674634154,384.76295836411555,229.62246387990854,-21.159344973200284,505.8765043408084,87.8737750082102,-62.77314335078456,-14.995049787702415,-10.521287311588534
47612215,70.488000,-56.375149,-70.456271,1026.65,1090.93,1027.99,1105.14,-0.01,0.01,1.0,0.5,1.0,0.49,1400.18,-0.574649321987865,-0.43756080196019836,0.036767505048190006,0.06203228635471374,0.33003488469122805,0.5356797281051563,326.0385171848878,448.8431371406424,6.423287409922869,382.15358581398766,228.7197417862296,-19.7928638719607,499.47736888994405,82.89399478751973,-61.04160558012145,-14.301544345039478,-10.215251252739101
47612316,70.588000,-55.103420,-68.863965,1026.65,1089.41,1028.23,1103.13,-0.01,0.01,1.0,0.39,1.0,0.34,1400.06,-0.5712038994772586,-0.4319689863703327,0.038913262848502564,0.06153243180651413,0.28932124295325806,0.4159474307103092,326.03295182782995,448.82479190415563,6.416618424966034,379.3987916628091,227.79786018244315,-18.515436742829536,492.4651456524225,78.52396977975158,-59.12956664690318,-13.573988969968507,-9.993848969759263
47612415,70.688000,-54.090401,-67.521055,1026.75,1088.49,1028.45,1102.61,-0.01,0.01,1.0,0.54,1.0,0.57,1400.19,-0.5672753842274602,-0.426183777254828,0.045054028510646174,0.0634926890147454,0.34472822273706905,0.41709794138024714,326.0252061292477,448.82403135793027,6.429297959384728,377.12051112747133,227.0034651201551,-17.348836461080566,486.33539751647504,74.54378618193627,-57.39946963700362,-12.971548449268232,-9.67291978808787
47612516,70.788000,-53.040234,-66.043079,1026.94,1086.93,1028.36,1100.78,-0.01,0.01,1.0,0.42,1.0,0.44,1400.11,-0.5626315738300156,-0.4201966359762049,0.05284218165424118,0.06470534357164794,0.38305814619901246,0.3889016213888705,326.0242521609567,448.8229865492676,6.444043896969906,375.35701024681384,226.4943041953497,-16.53200296003176,482.5013848076539,72.1396417896597,-56.04942991361841,-12.510727871252987,-9.744763404528822
47612615,70.888000,-51.494237,-63.802744,1026.97,1084.92,1028.4,1098.53,-0.01,0.01,1.0,0.44,1.0,0.49,1400.08,-0.5571236328833383,-0.41401971032319196,0.06256414795973816,0.06664302478918922,0.48587245781743194,0.434855394272408,326.0250973369474,448.8104728329173,6.429508603636086,375.05144676930274,226.37668149532794,-16.30332983133112,480.25775996829924,70.79268580705491,-54.93654618712855,-12.429753979329844,-9.207154667410041
47612715,70.990000,-50.378746,-62.153566,1027.0,1084.24,1028.42,1097.57,-0.01,0.01,1.0,0.4,1.0,0.43,1400.02,-0.5507766152305205,-0.4077277754476129,0.07235213187826431,0.06939874809534193,0.7133539858885464,0.6399084237609429,326.0334182741878,448.81695033298206,6.435766321974125,374.93972698113265,226.38257346605226,-16.25304340332212,479.8945871105593,70.39296504460847,-54.509682641941744,-12.400230760599333,-9.133481779028333
47612815,71.088000,-49.310858,-60.573167,1027.11,1082.7,1028.47,1095.25,-0.01,0.01,1.0,0.49,1.0,0.57,1400.12,-0.5437724707925301,-0.4012369820913422,0.07501327057588676,0.06831757960619622,0.722502698762812,0.6335706932385511,326.0216547079765,448.81252827227115,6.389916995789745,375.3439112388984,226.49277191406483,-16.29437502569041,479.9541274842171,70.31828721667323,-54.014767469992265,-12.508634899510865,-8.798057193363196
47612916,71.190000,-48.316619,-59.064643,1026.99,1081.36,1028.35,1094.15,-0.01,0.01,1.0,0.49,1.0,0.62,1400.11,-0.5363168274462395,-0.39458360129673875,0.09593046444191886,0.08511844310998895,1.4279991850346017,1.262410138275721,326.02337225224187,448.82082150026014,6.4192593741386315,374.951558615463,226.4413501950651,-16.35297691120493,478.98841456559023,69.65902213710275,-53.5476526787628,-12.40857422461096,-8.75011475554589
47613016,71.288000,-47.309863,-57.529488,1026.92,1079.18,1028.26,1091.06,-0.01,0.01,1.0,0.4,1.0,0.51,1399.97,-0.5286214342662106,-0.38776536090948727,0.0808923593379173,0.07158965625164908,0.19224103563452083,0.1673037388663942,326.01480383246314,448.8015662556865,6.4122758579592025,374.74465129357725,226.2854217262392,-15.991401452557707,477.00079974225787,68.25310307594471,-52.63814201297155,-12.352464441093082,-8.200299285655465
47613117,71.390000,-46.335341,-56.004890,1026.97,1078.91,1028.15,1089.23,-0.01,0.0,1.0,0.38,1.0,0.36,1400.19,-0.5208007633671989,-0.3808040808097047,0.0804813718243658,0.07221352101577659,0.12037159023609308,0.12752004650267304,326.01804140898184,448.81119276883027,6.407414846068935,373.8751553529828,226.0155266834633,-15.737370486391365,474.7610034250188,67.01254065282654,-52.16143262957714,-12.123075552587894,-8.148578521215999
47613216,71.491000,-45.394474,-54.482321,1026.96,1077.89,1028.38,1088.49,-0.01,0.0,1.0,0.51,1.0,0.62,1400.16,-0.5129338794273508,-0.3736325756548872,0.08123673053998011,0.07460235255530907,0.09898091360533154,0.10343458807354274,326.0301748160159,448.80620812697595,6.4082126174422855,372.89651024538335,225.84337147159965,-15.09438574513233,471.5651501683877,65.04258665851673,-50.99873121854679,-11.8706423877904,-7.792324459764792
47613316,71.589000,-44.461327,-52.896219,1026.86,1076.69,1028.26,1086.57,-0.01,0.0,1.0,0.46,1.0,0.55,1400.27,-0.5050355974373593,-0.3662975396537347,0.08115927981873737,0.07592900663784433,0.19561802023010827,0.19769148332933156,326.0186545127094,448.80777163520656,6.383835237243187,371.56817357620133,225.38298914654354,-14.695087459349828,468.56950589443795,63.69778359466082,-50.26442602163674,-11.702100574527154,-7.915291571672967
47613416,71.690000,-43.549179,-51.253307,1026.84,1074.68,1028.18,1084.2,-0.01,0.0,1.0,0.3,1.0,0.36,1400.23,-0.4971086982452827,-0.35881526705588407,0.08566350958670459,0.08102075291387655,0.36949258810863306,0.34940354444189137,326.0212292394316,448.7991132789517,6.407772863652295,370.77969395019727,225.16785084752894,-14.043795303724655,465.3665908322115,61.726134356068926,-49.15742724800008,-11.317867812603952,-7.423064812783764
47613517,71.789000,-42.632090,-49.480625,1027.02,1075.5,1028.27,1083.8,-0.01,0.0,1.0,0.37,1.0,0.33,1400.21,-0.48911375800704,-0.3512879663349772,0.08727714970781913,0.08212349138880583,0.5979920245808922,0.5653898496251927,326.0160108023353,448.79299622832315,6.424933010088074,369.7999139823391,224.9487272643049,-13.858616761446434,462.74122543356975,60.445040384642084,-48.33226282770773,-11.06731458412248,-7.330955339549018
47613616,71.891000,-41.826108,-47.801242,1027.03,1074.87,1028.52,1084.18,-0.01,0.0,1.0,0.33,1.0,0.36,1400.1,-0.48103694714048123,-0.34367688861102086,0.08280999830989967,0.07800044513856644,0.3418870423175405,0.32038048549721526,326.0147377738902,448.7960634761379,6.408800876092442,368.95280265630953,224.7124772478892,-13.13213600941496,460.4707962327181,59.3801547218233,-47.68685583777056,-10.84732037201009,-7.271625562109467
47613716,71.989000,-41.013690,-45.983257,1027.09,1075.04,1028.44,1083.36,-0.01,0.0,1.0,0.34,1.0,0.3,1400.11,-0.47288832132375763,-0.3360388300223933,0.08793219610050507,0.08209073823044845,0.5491069634714413,0.5038964108417074,326.01410847023686,448.794538892519,6.412661522081652,368.31013087964726,224.57173812746453,-13.059380588039849,458.8738603264094,58.485332782991144,-47.11424366194603,-10.682403852879037,-7.237979557775727
47613817,72.089000,-40.217132,-44.132329,1027.25,1074.77,1028.66,1083.56,-0.01,0.0,1.0,0.69,1.0,0.76,1400.15,-0.4646919915908205,-0.3284582038781954,0.08749626555790885,0.08041017833025721,0.4355865508977415,0.3869720854792303,326.0166786067765,448.7917078634664,6.4114544681413275,368.11599312716237,224.55364567252985,-13.00340650252003,458.1831862620136,58.17973138051817,-46.313165984114875,-10.633151109553074,-7.162776366483914
47613917,72.189000,-39.592926,-42.635997,1026.97,1072.36,1028.27,1080.89,-0.01,0.0,1.0,0.57,1.0,0.73,1400.14,-0.456506280776091,-0.32099990542087603,0.08498014223289393,0.07706835329720645,0.5171466655610555,0.46010030446821676,326.01592555693134,448.80218294388766,6.389325704840396,368.1737723772954,224.58390553079693,-12.968058188700134,458.33924973484596,58.194718063736296,-46.705617382603016,-10.648515037876896,-7.156014694596504
47614018,72.288000,-38.982026,-41.112854,1026.78,1070.0,1028.04,1077.89,-0.01,0.0,1.0,0.44,1.0,0.62,1400.22,-0.44842311327280904,-0.31373327300701986,0.0961375310705541,0.08600538318528372,1.213179760289133,1.076533563852916,326.0071318855567,448.7970418210463,6.404514238906673,368.40619375152596,224.55725880687422,-12.875563162277194,457.9525099780005,57.87496430394541,-46.32222181399719,-10.707034578784011,-6.83184666048567
47614118,72.394000,-38.008426,-38.738654,1026.76,1068.79,1027.89,1075.73,-0.0,-0.0,1.0,0.44,1.0,0.7,1400.3,-0.44055169831503393,-0.3067014960688473,0.09240332312680831,0.08286643383557236,0.9891598524093823,0.899996270018855,326.01389885999436,448.78915431064524,6.402640414271657,368.0302175674811,224.6355749126073,-12.770134092861962,456.1355048109209,56.90130578893019,-45.40239985759587,-10.616574213332132,-6.478318514275774
47614218,72.490000,-37.242566,-36.833471,1026.77,1067.94,1027.87,1073.37,-0.0,-0.0,1.0,0.41,1.0,0.62,1400.26,-0.43298633806301523,-0.299805282741604,0.08128337206892414,0.07500134478815616,0.6895873545167758,0.6593175098920967,326.0061365923564,448.7868465642857,6.40368941390676,367.10353173646445,224.28431656790815,-12.469413934562702,453.14743225160026,55.40920569977894,-44.3320517586709,-10.373696113538722,-6.251997350424471
47614318,72.591000,-36.547167,-35.114530,1026.82,1066.99,1027.84,1071.24,-0.0,0.0,1.0,0.34,1.0,0.46,1400.16,-0.42573447488128785,-0.2929406140755269,0.08084337067171679,0.07766020669038191,0.7050698412229671,0.7020214962969324,326.00642513351903,448.79345088943353,6.409566416647506,365.99409596761376,224.00786197314363,-11.812053903037542,449.55487324612636,53.77946067198508,-43.38850080571256,-10.086969695950243,-5.971303671156626
47614419,72.692000,-35.942657,-33.670279,1026.97,1067.13,1027.93,1069.89,-0.0,0.0,1.0,0.35,1.0,0.36,1400.28,-0.41872749258341113,-0.2860800875019268,0.07581898759952656,0.07505031337775943,0.583401646730557,0.5962856055787409,326.02282376859955,448.79527200957165,6.411368936112659,364.6267471005639,223.6769144172385,-11.21137355529858,445.4807387426915,51.948911312108244,-42.223411126570404,-9.73059615774725,-5.751078662538497
47614520,72.794000,-35.350398,-32.362135,1026.98,1067.07,1028.14,1069.62,-0.0,0.0,1.0,0.54,1.0,0.8,1400.25,-0.41187256417715457,-0.27919705419805063,0.07484783756061547,0.07566520913158602,0.5501957850078274,0.5665058083212555,326.02207487632114,448.7818928788827,6.421213941960778,363.4338920747442,223.32552762923254,-10.576313459701241,441.9016442494305,50.552647211261544,-40.83472404491096,-9.421705866590381,-5.582572757282435
47614619,72.895000,-34.458397,-30.480173,1026.89,1065.48,1027.95,1067.57,-0.0,-0.0,1.0,0.41,1.0,0.65,1400.1,-0.40506704384359254,-0.27229570911241613,0.07327797711965156,0.07433685573740868,0.43906886570455655,0.4456860840137424,326.0697646808751,448.81689723525074,6.385570214303576,362.52295787032716,223.195239337321,-10.204755568996134,439.68717847106547,49.58162704612889,-40.3045250400851,-9.177841130914887,-5.607527395826722
47614719,72.993000,-33.815009,-29.121127,1026.92,1064.31,1027.58,1065.27,-0.0,-0.0,1.0,0.44,1.0,0.74,1400.12,-0.39825019534602474,-0.2654117720605596,0.074008075593888,0.07434588011717257,0.46319932324901714,0.45336712799090023,326.1255118408427,448.76896471002436,6.556695188600267,362.2754184743188,223.12925073575806,-10.079075751943629,438.16312964440715,48.97761776248942,-39.39025684682384,-9.102049922726819,-5.341379188033098
47614819,73.092000,-32.847653,-27.028706,1026.81,1063.57,1027.45,1063.35,-0.0,-0.0,1.0,0.43,1.0,0.69,1400.14,-0.3914240969169426,-0.2586190401849027,0.07151457273573678,0.07094623747864824,0.5592371962129886,0.5522960604182401,326.02077270915515,448.78375814094505,6.414484993372412,362.0311768205984,223.1124155529436,-10.042136369877628,436.85825592589117,48.306188351272134,-38.767869750117676,-9.066260020340831,-5.0411787173316185
47614919,73.193000,-32.140885,-25.329575,1026.75,1062.23,1027.34,1061.26,-0.0,-0.0,1.0,0.32,1.0,0.53,1400.09,-0.38464932721197914,-0.25185826544656276,0.07993539504813485,0.08024936723859145,0.7862454746845589,0.8021816515211388,326.1145024718664,448.7599257956797,6.578542291345166,361.76901900529936,223.0227742798587,-9.91207063986585,435.4006666218581,47.672359615491125,-37.88119723418546,-8.9755508521256,-4.826991325685203
47615019,73.293000,-31.409249,-23.493953,1026.94,1062.81,1027.15,1059.87,0.0,-0.0,1.0,0.54,1.0,0.81,1400.21,-0.3779925155737159,-0.24509949325120645,0.07263020534276693,0.07429749983927342,0.3163403924819886,0.3390971364067028,326.1027010309217,448.7252027116061,6.65012448580341,361.22439234527354,222.9435678488419,-9.536897588717109,433.4521009966085,46.88577035448253,-37.25228316682364,-8.841840246359254,-4.622209420604413
47615119,73.393000,-30.656774,-21.544708,1026.83,1061.2,1026.99,1057.88,-0.0,-0.0,1.0,0.44,1.0,0.75,1400.21,-0.37148719451619416,-0.23834502795768062,0.07121038883133707,0.07464383034965949,0.49794863990183286,0.53988857372147,326.07570515659296,448.80597865312404,6.370734421836581,360.5641484423543,222.8093350587901,-9.09160081111592,431.2162525432097,46.039503461825774,-36.32075956000589,-8.676736553653331,-4.432335105975945
47615222,73.493000,-29.914088,-19.585676,1026.59,1060.02,1026.52,1056.21,-0.0,-0.0,1.0,0.44,1.0,0.87,1400.23,-0.3651230421858863,-0.2315638462156599,0.06951983585282985,0.07478064077210626,0.5841851046132993,0.6443588765566606,326.09312371532803,448.75521773293764,6.572387526849599,360.0071668855894,222.68223195409695,-8.955616475981312,429.0724016944705,45.23106004712367,-35.66259497037901,-8.531532817736524,-4.203269269309047
47615321,73.596000,-29.040458,-17.236058,1026.65,1059.39,1026.34,1054.18,-0.0,-0.0,1.0,0.39,1.0,0.72,1400.11,-0.3588891156345335,-0.22475766379400092,0.06999218165656844,0.07710804534899636,0.6702815440340332,0.7547181696127433,326.09300838099574,448.81850187443723,6.389371430323102,359.48595987372374,222.57987083781748,-8.748576454454756,426.9404316336021,44.426309732506475,-34.66681053328484,-8.396266620282681,-3.94568900960563
47615421,73.696000,-28.352746,-15.358789,1026.66,1058.72,1026.14,1052.6,-0.0,-0.0,1.0,0.34,1.0,0.61,1400.26,-0.3527948246109092,-0.21793163634569443,0.057531014004198314,0.06516839994727272,0.4494375185362256,0.5243904615798085,326.0595671632683,448.837417856423,6.552541529927812,358.9200073243287,222.48339263663985,-8.41752139672437,424.9061824140859,43.74050527126793,-34.05690792753035,-8.260081973454815,-3.742374407977106
47615521,73.794000,-27.266580,-12.334954,1026.85,1059.11,1026.17,1051.3,-0.0,-0.01,1.0,0.56,1.0,0.7,1400.28,-0.3468280546956367,-0.21106160021411086,0.08999557275441412,0.1046273649649642,1.1470368721268305,1.367506358749136,326.0618505973634,448.815208451974,6.383519340632579,358.2249095673968,222.39035844717841,-8.079108175703302,422.5699340784553,42.87208504664724,-33.116380006630465,-8.084629694872598,-3.5500252784420994
47615622,73.895000,-26.859824,-11.232801,1026.6,1057.5,1026.11,1049.96,-0.0,-0.0,1.0,0.5,1.0,0.8,1400.17,-0.3409703239343547,-0.20413965368792558,0.06383436965962982,0.07612230072632441,0.3963091187682003,0.48943889408233454,326.08858272821533,448.81131416337735,6.366874654967603,357.68030456453727,222.23474253989716,-7.771958715323255,420.5230316443894,42.247465776148715,-32.19541158823336,-7.9376144205954215,-3.37146739061064
47615721,73.995000,-26.044646,-9.058887,1026.44,1056.1,1025.97,1048.46,-0.0,-0.0,1.0,0.46,1.0,0.88,1400.27,-0.3352075322084273,-0.19717087680408354,0.060730259550077104,0.07402509135849812,0.3255805741342681,0.41070439187072455,326.08994383897203,448.8057581777173,6.386720856694804,357.22143855274265,222.1903054715078,-7.548839346904298,418.8479408244361,41.685000147307136,-31.4576446191875,-7.822096172818479,-3.206278388438891
47615821,74.094000,-25.203962,-6.911285,1026.29,1055.38,1025.97,1046.95,-0.0,-0.0,1.0,0.4,1.0,0.79,1400.22,-0.329535522112661,-0.1901764670843257,0.0590640129646833,0.07333380191284403,0.2936801115874525,0.3769508943154897,326.0652590023343,448.8006799012048,6.355468167043172,356.87537832234955,222.0989705770107,-7.4284931936246235,417.1339665882766,41.04347501272287,-30.854013101908826,-7.73942169260955,-2.9295447397176737
47615921,74.195000,-24.317649,-4.774678,1026.34,1054.79,1025.98,1045.52,-0.0,-0.0,1.0,0.49,1.0,0.93,1400.13,-0.32396557804784903,-0.18316146187739565,0.05793869849694572,0.07368335848770659,0.2710092450565418,0.3630022708350161,326.072680178917,448.8011770635323,6.352071716889434,356.37170118806387,222.04080383118708,-7.088359751280741,415.34061892373154,40.49173184160761,-30.12278746066523,-7.610606873629081,-2.773090741515027
47616021,74.294000,-23.393867,-2.683207,1026.31,1053.98,1025.88,1044.01,-0.0,-0.0,1.0,0.47,1.0,0.93,1400.08,-0.31850611267872814,-0.17610925002521888,0.05367992510368283,0.06996492737325007,0.32126158342517896,0.43254585605770146,326.1053308494016,448.7522779249676,6.563565377547844,355.838899173713,221.91475291379743,-6.840701412310532,413.2804238578234,39.885585915451756,-29.392309742243423,-7.467681645833154,-2.578363387423119
47616122,74.396000,-22.510009,-0.822133,1026.21,1052.91,1025.82,1042.58,-0.0,0.0,1.0,0.38,1.0,0.85,1400.18,-0.3144843414376077,-0.17080830452724752,0.04167490146638251,0.05522969852361939,-0.042520013939063996,-0.046797292406516734,326.10982427261,448.7462285074401,6.563599647986853,355.1913886768979,221.84106378398553,-6.613534658030571,411.18876601168523,39.31059744948303,-28.750817365374093,-7.303563101699394,-2.448035255960299
47616222,74.497000,-21.142567,1.851383,1026.31,1052.73,1025.81,1041.28,-0.0,0.0,1.0,0.55,1.0,1.0,1400.18,-0.30657678001233374,-0.16015849847970398,0.060355960008371325,0.08207590281928981,0.5513900742045497,0.7605343993988728,326.07990012411994,448.80915746504496,6.364455806377685,354.4930769447723,221.70794623640458,-6.155931378881025,408.7345755686831,38.520343767140595,-27.736405819337268,-7.131357040593922,-2.231206716681392
47616322,74.596000,-20.608348,2.794124,1026.22,1051.61,1025.83,1039.9,-0.0,0.0,1.0,0.47,1.0,1.0,1400.16,-0.3039653307379253,-0.15659471339421363,0.05578643205752037,0.07620662323507385,0.2746744214518923,0.38097504639293495,326.1121344876243,448.74191263355317,6.557574336263094,353.7554866722154,221.54742830179032,-5.8383029777406685,406.2550952437784,37.9032770208233,-27.128229248536915,-6.937229284540738,-2.079547405918989
47616423,74.695000,-19.614132,4.437689,1026.17,1050.65,1025.97,1038.68,-0.0,0.0,1.0,0.56,0.51,1.0,1400.17,-0.2987712220048152,-0.14947821098933423,0.05672390273333852,0.07776485849856285,0.3377036524486183,0.46280870451111,326.0301203850978,448.8139830355558,6.561156960755926,352.9500570520153,221.4785735749272,-5.574420565954524,403.76907375857934,37.28568497499045,-26.246542065789576,-6.753235559354996,-1.917767225879393
47616523,74.798000,-18.607187,5.945790,1026.15,1049.7,1028.29,1038.06,-0.01,0.0,1.0,0.48,0.33,1.0,1398.76,-0.29359382892992086,-0.14239537625305146,0.0559902699112928,0.07643849283131521,0.4069543115920893,0.550861373675346,326.098221542841,448.7397765786631,6.549644625797324,352.105222408115,221.39545239747673,-5.020876675480374,401.0307912252753,36.50262597103942,-25.29469721629943,-6.5259693463886075,-1.769719433926829
47616623,74.896000,-17.646803,7.255421,1026.05,1048.75,1026.29,1036.76,-0.01,0.0,1.0,0.54,0.72,1.0,1398.76,-0.2883963212358397,-0.13536429851822968,0.056070378237703083,0.0753422028924523,0.44203512554476865,0.5820026505292303,326.1001531075447,448.75011287895194,6.565190903377678,351.76671076412725,221.2776168407461,-4.983303841060221,399.8026276731311,36.21701202621223,-24.762409960539628,-6.4376652505637315,-1.6757294542292218
47616724,74.997000,-16.650867,8.462529,1026.08,1047.83,1032.83,1037.58,-0.01,0.0,1.0,0.46,0.18,1.0,1398.38,-0.28316444187954076,-0.12840914998836533,0.05999163295103706,0.07924204344859234,0.6200642770864492,0.8070738758997558,326.1005889473299,448.7456721167335,6.575351895729323,351.1208778632713,221.1734029578188,-4.743945516635825,397.352009111833,35.63735994923694,-23.689995288758947,-6.274149001865134,-1.443502932644515
47616824,75.097000,-14.889498,10.410392,1026.05,1047.01,1032.54,1036.87,-0.01,0.01,1.0,0.4,0.2,1.0,1397.91,-0.27792369645080267,-0.12154662717591792,0.05900633183249926,0.07689834738612185,0.5012839586316562,0.6442966332252045,326.0973636237555,448.74089838942274,6.557533252894938,350.58608126098227,221.11791548626067,-4.412391979542228,393.82287550227454,34.81499355559023,-22.2931256361446,-6.14052267353668,-0.7847420192297818
47616924,75.197000,-13.838579,11.480680,1026.38,1046.97,1031.62,1035.58,-0.01,0.01,1.0,0.71,0.68,1.0,1397.29,-0.2700369841976195,-0.11128674989218783,0.05765841649582087,0.07483725310773476,0.42048979284389104,0.5594571178047044,326.0824457535439,448.8079149332919,6.3783315438321235,349.7196833966961,220.99511929067867,-4.039465970497489,391.8898235045247,34.24946372524605,-21.41020730174892,-5.92365813397275,-0.8775550383207769
47617024,75.297000,-13.293713,12.000971,1026.25,1045.7,1036.88,1036.36,-0.01,0.01,1.0,0.61,0.25,1.0,1397.18,-0.26739524097561396,-0.10780857814277221,0.058119855723147845,0.0764645062228296,0.4473708334485263,0.584420424813931,326.07283506014676,448.7976472321524,6.376429707922785,349.05600508339825,220.9484865211037,-3.6774749604385697,389.4783896174604,33.8926287597519,-20.80579643607059,-5.759948933326668,-0.6740963431299303
47617125,75.405000,-11.680383,13.403808,1025.95,1044.31,1037.79,1035.84,-0.01,0.01,1.0,0.68,0.36,1.0,1396.84,-0.26074390379071377,-0.09911384669299139,0.04272296951977569,0.0558455527010237,-0.018315195353868344,-0.028762509374977,326.10175099903904,448.73604946018867,6.563215496650279,348.0966807552556,220.79795234115053,-3.3389861147614077,385.760637086883,33.09144494958286,-19.542879500245572,-5.511702265617589,-0.3225227683937071
47617225,75.500000,-10.642568,14.135701,1025.94,1043.19,1036.61,1034.67,-0.01,0.01,1.0,0.69,0.54,1.0,1396.29,-0.25533836504280905,-0.09209324299268788,0.060656016278750786,0.07891281939652395,0.3973335218687021,0.5224288295147986,326.0763567118062,448.7886702978836,6.348258616017386,346.8392865011404,220.65282868219347,-2.702710795920264,381.77598551968424,32.29620988910314,-17.81232126267871,-5.200234578235886,-0.10743072167337253
47617324,75.603000,-10.102156,14.466833,1025.8,1042.05,1040.07,1034.8,-0.01,0.01,1.0,0.69,0.33,1.0,1396.59,-0.2525859119684769,-0.08852556143788114,0.061100256408333276,0.0790369025598479,0.4882258418031525,0.6198960650123806,326.095883260567,448.72667060809795,6.564408346223549,345.6672455396635,220.5058338841727,-2.2347761968337108,378.2561399461145,31.701509326390703,-17.124730971263485,-4.901479073864116,0.009816902808358563
47617425,75.696000,-8.588694,15.134310,1025.77,1040.93,1039.97,1033.99,-0.01,0.01,1.0,0.6,0.34,1.0,1397.08,-0.24403926213454336,-0.07776729502796145,0.06543195828043406,0.08106793705147321,0.6686202745563855,0.8169197813413861,326.09194391535453,448.74416960206315,6.568253164408215,344.635764565365,220.33410679259572,-2.0477992834411207,374.9172675196859,31.18285387395732,-15.57736757331512,-4.641465751987708,0.1875443850166736
47617525,75.798000,-8.090132,15.230169,1025.71,1040.0,1039.24,1032.98,-0.01,0.01,1.0,0.7,0.5,1.0,1397.57,-0.24109258369934425,-0.07414634643066666,0.06704455156036102,0.08208286071024169,0.5372371050641337,0.635035344101276,326.05496537885983,448.79072363547704,6.595003061525342,343.9136917458654,220.30765221261348,-1.0680178189136242,371.87146345786516,30.688615951130473,-14.973944382095983,-4.469274248551119,0.5511852129899371
47617626,75.900000,-7.093122,15.249720,1025.73,1038.89,1041.08,1032.93,-0.01,0.01,1.0,0.62,0.36,1.0,1397.98,-0.23504527967196445,-0.06687548344626458,0.06275473022795547,0.07485037854329815,0.40484847308373667,0.4711273464748703,326.0967641218958,448.7376040342246,6.560594326629501,342.9387086153074,220.1733574580217,-0.7900668949889461,368.51085263495503,30.307833454159958,-13.754692833910024,-4.214205056884836,0.391552032398355
47617725,76.002000,-6.092483,15.003444,1025.82,1038.09,1042.12,1032.51,-0.01,0.01,1.0,0.72,0.27,1.0,1397.74,-0.22880871962167323,-0.05958580292034001,0.07107228683893509,0.08181458598848462,0.8127105191855633,0.90620703331716,326.0919640251947,448.73004634113255,6.564189064450414,342.479980629957,220.16364675298016,-0.6465374162070293,367.22455586921836,30.125622852503888,-12.879314020466783,-4.101040806612455,0.7834194342430267
47617826,76.098000,-5.052082,14.177289,1025.8,1037.13,1041.4,1031.76,-0.01,0.01,1.0,0.7,0.33,1.0,1397.04,-0.21913792785187025,-0.04876124825175489,0.0796780756840861,0.0878838220180703,0.8713295374664891,0.9551102324323191,326.09265516345704,448.7348933108008,6.556687133492011,341.84086481824517,220.14456083466413,-0.13653604290104657,365.3943360784244,29.84371114667114,-12.341054103108448,-3.9410349491321894,0.8264728648537325
47617925,76.202000,-4.907188,13.754529,1025.84,1036.14,1041.11,1031.01,-0.02,0.01,1.0,0.62,0.36,1.0,1397.52,-0.21585243482683966,-0.04517112053280523,0.08027788898313865,0.08743723638001483,0.8836532792621118,0.9409581731929558,326.0939617881112,448.7233715695811,6.556475405866553,341.4215864185823,220.06623330318936,-0.04960826440876678,363.9311525235499,29.807665606488694,-12.00173093510677,-3.834983448545209,0.9226455317538012
47618026,76.299000,-4.546979,12.846219,1025.93,1035.26,1040.86,1030.47,-0.02,0.01,1.0,0.67,0.24,1.0,1398.02,-0.2092264342960909,-0.03806665498381442,0.06821124361240818,0.07249052373027139,0.5066765036176454,0.5245876228271791,326.0635046997976,448.7914911398197,6.360055752497255,340.9402145102437,220.00703298860554,0.25271975423602366,362.7271265347342,29.545064771013905,-11.78689350945408,-3.7204204434638046,0.9151507661896012
47618126,76.398000,-4.132271,11.834118,1026.0,1034.61,1040.56,1030.05,-0.02,0.01,1.0,0.62,0.27,1.0,1398.55,-0.20424007810447434,-0.03282925944180915,0.049196590454277,0.05133400218929413,-0.04001977468806213,-0.0525415198174616,326.05549859021556,448.7871322885485,6.5909872809153525,340.4567676985827,219.95315202468066,0.4760598015614356,361.3072574658484,29.530631230360147,-11.368679172305322,-3.6010612670632542,0.9533617746735246
47618225,76.500000,-3.704780,10.318066,1026.11,1034.02,1040.5,1029.78,-0.02,0.01,1.0,0.63,0.12,1.0,1398.76,-0.1942784252783029,-0.022727291333370998,0.0829949540953911,0.08382074213468733,1.3189040023264775,1.308907205472875,326.0906702650306,448.72630182135134,6.551749515451738,339.8088292530263,219.98559304104893,0.5693666308613844,359.69357903902005,29.248874364642926,-11.251452763839826,-3.4320620827066004,0.912404964709455
47618326,76.599000,-3.497742,9.756167,1026.1,1033.23,1040.33,1029.74,-0.01,0.01,1.0,0.57,0.13,1.0,1398.68,-0.19097324331159976,-0.019497094912997424,0.07311525551428219,0.07107564063024882,0.6115093216495936,0.5671186153172959,326.0313795794283,448.80086374966965,6.5703751355069695,338.9367849715686,219.91971585929528,1.0722477498586962,357.55611714656607,29.154712222626117,-10.788841041943812,-3.2125792611361215,0.850547189734927
47618426,76.700000,-3.133191,8.662367,1026.24,1032.78,1040.24,1029.63,-0.01,0.01,1.0,0.54,0.13,1.0,1398.9,-0.18438523432760515,-0.013294021556780736,0.0781136524151553,0.07198051008826242,0.8753911387140397,0.7674197076581932,326.0930797311711,448.72114521126053,6.572658049768025,338.0867261710841,219.7913848085773,1.474584595253387,355.43552626579583,28.936655364309164,-10.222109898021852,-2.998731251266771,0.8035188771387727
47618525,76.800000,-2.732999,7.541240,1026.39,1032.22,1040.31,1029.56,-0.01,0.01,1.0,0.58,0.16,1.0,1399.26,-0.1778161855376764,-0.007469016215526368,0.0748057632403813,0.0646757350634888,0.6594839672821724,0.5267576136910848,326.06051690273046,448.7860705720929,6.340361663016759,337.4525929212106,219.7493022104063,1.672765279730509,353.4741799768205,28.6857455184074,-9.813730725139408,-2.847492167901224,0.9016749059586999
47618626,76.897000,-2.285635,6.266323,1026.51,1031.84,1040.25,1029.58,-0.01,0.01,1.0,0.55,0.17,1.0,1399.38,-0.17125610609447592,-0.002048804942554474,0.072547637220367,0.05834567128558579,0.7524582769512732,0.5692518306982441,326.0878915169124,448.72928560405035,6.548199132176296,336.8320489832409,219.76938927717978,1.9464187848928693,351.8609811393099,28.71094259017666,-9.546332340210277,-2.686687178048411,0.8756673947853306
47618725,76.998000,-1.995246,5.432091,1026.5,1031.37,1040.32,1029.55,-0.01,0.01,1.0,0.64,0.56,1.0,1399.49,-0.16471476492895348,0.0029697349566426435,0.07375235559980658,0.05491884503860311,0.7909360831141533,0.5504678264084878,326.087565738251,448.7250044665865,6.579899809576002,336.1089670719041,219.7423799506133,2.1363593302590687,350.41924776055,28.45904045862916,-9.019534962980032,-2.5059448604537393,0.7334504308084648
47618826,77.098000,-1.655586,4.435295,1026.57,1030.86,1039.56,1029.44,-0.01,0.01,1.0,0.6,0.52,1.0,1399.7,-0.15819402838177768,0.007551321872813636,0.07710138058944666,0.05208343385958104,1.010862958168666,0.6348579165213614,326.095969432192,448.72176443864095,6.55568459255284,335.7155106185015,219.70840540039399,2.5166567795747405,349.08897710753143,28.539501686097662,-8.967863824188317,-2.405254035180567,0.8088275561430622
47618927,77.197000,-1.322424,3.495618,1026.65,1030.35,1038.84,1029.44,-0.01,0.01,1.0,0.56,0.49,1.0,1399.7,-0.15169891905092445,0.011673932492283282,0.07479958181824045,0.04571650036322048,0.9020764533664225,0.5116563135106074,326.0887433318428,448.732543855418,6.563438802202643,335.3856034316321,219.65068578480842,2.6699720227622086,348.230363787528,28.343371404404248,-8.65441834558488,-2.3239670958264083,0.8067447404337753
47619027,77.298000,-0.882640,2.234353,1026.73,1030.07,1038.66,1029.26,-0.01,0.01,1.0,0.54,0.5,1.0,1399.91,-0.14208911221331819,0.017043001026903884,0.07479269484066597,0.03900986953983766,0.6831940302903488,0.31388985525313107,326.0931692894336,448.7244785508282,6.53468388572676,335.08466094823297,219.6238594993843,2.794656030595258,347.7297648956173,28.246008381043097,-8.932612457457878,-2.248748532337243,0.71722946500695
47619127,77.400000,-0.622914,1.524582,1026.9,1029.8,1038.19,1029.34,-0.01,0.01,1.0,1.0,0.62,1.0,1399.97,-0.13583100700091497,0.02007327667539228,0.06840435844731634,0.03158815352610896,0.8454866807660015,0.37232379666375015,326.04478066528696,448.7875518604557,6.5940952722868245,334.8011063065159,219.61314158331518,2.932700272531043,347.2777112635315,28.24894781616996,-8.619116921870578,-2.188100227252922,0.6458971941227216
47619227,77.499000,-0.429933,0.989722,1026.8,1029.27,1037.47,1029.28,-0.01,0.01,1.0,1.0,0.65,1.0,1399.88,-0.1297345212710782,0.02264696054197017,0.06535352869244566,0.02593582582823656,0.450252770288357,0.1378927331906514,326.0839433961793,448.7215736945093,6.551830225523506,334.4814047322075,219.58517637502263,3.008389906055944,346.789149535121,28.296432864233793,-8.509658433812687,-2.099590143936892,0.5177763099550985
47619327,77.601000,-0.298625,0.628078,1026.9,1028.72,1036.58,1029.2,-0.01,0.01,1.0,1.0,1.0,1.0,1400.01,-0.12382004612470182,0.024743700751993388,0.06364090011741917,0.020950140549930656,0.37471482153607977,0.09507974371472938,326.08119051516513,448.7260910657439,6.558503100153051,334.29122814634167,219.61101883071467,3.048343771081243,346.30713023837166,28.32005489389785,-8.866469655848348,-2.0497149416240976,0.5050046188520629
47619427,77.700000,-0.227210,0.413212,1026.85,1028.32,1035.55,1029.02,-0.01,0.0,1.0,1.0,1.0,1.0,1400.06,-0.11811393736373818,0.026389314642977904,0.0608032494908127,0.018041382356317096,0.384102021931179,0.0782516684788321,326.0823015331728,448.7252526320751,6.543562731714637,333.9092818260708,219.6402108986281,3.107566968851559,345.7963156295451,28.316859225845334,-9.000102255850678,-2.000848588362063,0.44945398897594435
47619527,77.799000,-0.178118,0.311696,1026.95,1028.09,1034.41,1028.81,-0.01,0.0,1.0,1.0,1.0,1.0,1400.01,-0.11263783556245216,0.027602796260376004,0.06192174082074315,0.012088409924186997,0.3974735329032487,0.053900858440574434,326.08855101147344,448.72777573182026,6.546763780046812,333.7362267059933,219.6338091833639,3.28560731010109,345.78565454315043,28.32002459564035,-9.188045870121273,-1.9119529430762996,0.22003248851247603
47619627,77.905000,-0.153796,0.266617,1027.02,1027.85,1033.48,1028.88,-0.01,0.0,1.0,1.0,1.0,1.0,1400.01,-0.10740813944277869,0.02838313040033751,0.05873887200076077,0.009347750432719144,0.40714641724406053,0.024183658969380746,326.0903392344619,448.7218959466847,6.562607064143959,333.5449409248241,219.588633888391,3.1878456688580505,345.7476327807135,28.31346424350947,-9.29688950216662,-1.8633986691671718,0.07647240160616464
47619728,78.001000,-0.141019,0.261243,1027.04,1027.79,1032.67,1028.88,-0.0,0.0,1.0,1.0,1.0,1.0,1400.16,-0.10243420184157567,0.028714019165938444,0.05261580945549715,0.00408032439261221,0.41533347963172246,-0.005944243395217525,326.0861942261741,448.72193898617127,6.5430368332859175,333.4909092061218,219.59339139374526,3.306546499424978,345.76947696451293,28.31228521813866,-9.41380360905657,-1.8504539193708471,0.028060933814661126
47619827,78.101000,-0.125833,0.233780,1027.21,1027.77,1031.98,1028.97,-0.0,0.0,1.0,1.0,1.0,1.0,1400.08,-0.09772561095690933,0.028596382041028913,0.05153461109934791,-0.003147849390923319,0.6251936102099862,-0.05238493574608152,326.08680910796636,448.7268441896013,6.570721040898888,333.4153141605255,219.65519714468343,3.34295157169873,345.8854199714396,28.35260488582825,-9.641664490408969,-1.8411782165069273,-0.04720635607713364
47619928,78.198000,-0.102480,0.171242,1027.14,1027.71,1031.26,1029.05,-0.0,0.0,1.0,1.0,1.0,1.0,1400.12,-0.09329799947404936,0.028058363593628392,0.05224209212481273,-0.008349856877052387,0.5244675433068137,-0.13534712343998814,326.05001446458084,448.7908134967366,6.6028658684387045,333.3289095101684,219.68073689114692,3.424121349206551,346.1677470435839,28.367378716667044,-9.86960340322065,-1.8196918268359006,-0.1999189641488055
47620027,78.301000,-0.055713,0.062419,1027.16,1027.6,1030.71,1029.08,-0.0,0.0,1.0,1.0,1.0,1.0,1400.16,-0.08916062681539823,0.027121478379879653,0.045169845152911614,-0.012093754856833977,0.2549349054479894,-0.11657451340297223,326.0818374126779,448.7246716286335,6.5718266671291365,333.26679574144697,219.64504651246233,3.4042087325209374,346.35280863692094,28.388558327369726,-10.1092492361873,-1.7964621591610799,-0.32122561802134353
47620127,78.402000,-0.013730,-0.039805,1027.26,1027.71,1030.26,1029.17,-0.0,0.0,1.0,1.0,1.0,1.0,1400.06,-0.08532050024395282,0.02581949815470518,0.03977485439560613,-0.01530353152608532,0.2260247510173708,-0.1319895179679387,326.08445835997856,448.7250081267573,6.552874626941073,333.2406819868228,219.6443719786111,3.443330735313443,346.5118714126075,28.443123925075625,-10.278703473597808,-1.789274381370079,-0.3919565215453855
47620227,78.501000,0.025472,-0.146476,1027.3,1027.59,1029.83,1029.13,-0.0,0.0,1.0,1.0,1.0,1.0,1400.16,-0.08177590716953818,0.02417612717605488,0.038323389356027186,-0.019655069012050795,0.2780505664485892,-0.189099717310528,326.05194457124264,448.78640053361033,6.5901058879883765,333.13676778352954,219.65320735984744,3.3750187202100075,346.637833095467,28.39236412443517,-10.357304902472231,-1.7710274687824283,-0.4957450807649928
47620328,78.600000,0.086495,-0.313700,1027.27,1027.61,1029.5,1029.35,-0.0,0.0,1.0,1.0,1.0,1.0,1400.18,-0.07852719129149417,0.022236591096656978,0.03480602386018042,-0.02267125825220976,0.19822983805493297,-0.17794236661356957,326.085075747253,448.72864358988573,6.563570315906126,333.1248073542443,219.66376173696483,3.3731694461718296,346.7489037576278,28.45372517648469,-10.394469495701037,-1.7602872756739356,-0.5549763246934312
47620427,78.700000,0.171209,-0.550921,1027.37,1027.67,1029.25,1029.43,-0.0,0.0,1.0,1.0,1.0,1.0,1400.15,-0.07556418564285643,0.020031620042453593,0.03043765232437316,-0.02444471715540699,0.15806126112890478,-0.17140702640651678,326.0906233172273,448.7188008585173,6.545198517818673,333.0816371312133,219.64411833616515,3.4120753147015397,346.85317097451855,28.452690314367,-10.423674015122717,-1.7480382154488059,-0.6238278344174408
47620528,78.799000,0.273421,-0.847404,1027.22,1027.65,1029.0,1029.44,-0.0,0.0,1.0,1.0,1.0,1.0,1400.16,-0.07287690425630303,0.017602751532690804,0.028577775462901314,-0.02766535521255065,0.1496778717177277,-0.192133271233328,326.08340260261616,448.72056261255005,6.539817995433083,333.0817484793873,219.64716093394182,3.4734358992921712,346.916705786992,28.440151769103245,-10.477076995787261,-1.7498801687517598,-0.6387158697089523
47620627,78.900000,0.390590,-1.184747,1027.32,1027.58,1028.87,1029.57,-0.0,0.0,1.0,1.0,1.0,1.0,1400.08,-0.07045750179010046,0.015001891815061615,0.02451609051468831,-0.02802141744266077,0.08172030186944118,-0.13607803915369993,326.08594805921393,448.7256577922886,6.568793850995614,333.0721577773385,219.6387223357877,3.4363982924466137,346.88935044457213,28.431503973615555,-10.497770463716156,-1.7467443668839582,-0.6396874254750462
47620727,79.000000,0.498901,-1.499054,1027.19,1027.56,1028.84,1029.56,-0.0,0.0,1.0,1.0,1.0,1.0,1400.1,-0.06829822037328298,0.012291975429755875,0.021672378177423884,-0.028752808410939922,0.08872144589863813,-0.15655643696155538,326.022984182671,448.7878221536994,6.557475691965767,333.0304638428688,219.63474127589384,3.474328802318307,346.90746623859076,28.3990347201759,-10.573872532313544,-1.7515537074408398,-0.6472811837815411
47620828,79.101000,0.585229,-1.748860,1027.3,1027.59,1028.78,1029.62,-0.0,0.0,1.0,1.0,1.0,0.01,1400.17,-0.06731158522790134,0.010911628955916582,0.01923159254118688,-0.029352432277295528,0.10271740104508209,-0.18442947276907767,326.08496822410615,448.72738768518195,6.574299618706111,332.9768358892432,219.62855578485477,3.536916583529706,346.9409133067834,28.4402404061717,-10.625072567220059,-1.7230811547385585,-0.7312087230078497
47620928,79.201000,0.614782,-1.833195,1027.29,1027.63,1028.76,1029.57,-0.0,0.0,1.0,1.0,1.0,0.04,1399.05,-0.0647019043655696,0.006725475082458209,0.018479347014899797,-0.03019299216348018,0.14758700334298552,-0.2767919843345763,326.0851351646059,448.7240772037098,6.574021909221998,332.9239027150182,219.5992050515105,3.5798461131946158,346.9108575087434,28.450370530478384,-10.630113007134563,-1.7128532742424494,-0.7567742537606619
47621027,79.301000,0.582433,-1.726092,1027.26,1027.47,1028.74,1029.58,-0.0,0.0,1.0,1.0,1.0,0.04,1399.23,-0.06322392076725425,0.003911588640224905,0.01564705915723619,-0.0313406409295074,0.041946293184764345,-0.12674218201816273,326.0896238874163,448.7219914029681,6.548301888081293,332.8858149666788,219.57697493043614,3.6004247833327154,346.83176954517916,28.462305938124157,-10.608479236996876,-1.698832273006499,-0.7759061677257906
47621128,79.399000,-0.224440,0.697059,1027.21,1027.61,1028.68,1029.69,-0.0,0.0,1.0,1.0,1.0,0.03,1399.42,-0.06193395579725553,0.0011132971364562947,0.012415131954939828,-0.028262603054401793,0.03618191122197146,-0.11524000863303815,326.07530231919156,448.72706639111584,6.555328678477839,332.8993261416731,219.59644403533167,3.5757355371221458,346.7308489834504,28.475870626300164,-10.705657990679565,-1.7058925694308942,-0.7275319706899794
47621228,79.501000,0.040198,-0.091152,1027.24,1027.51,1028.7,1029.67,-0.01,0.01,1.0,1.0,1.0,1.0,1399.54,-0.060818690303867586,-0.0016238011016028188,0.011857934637445805,-0.03046696260519435,0.06877627932844095,-0.21188413058520936,326.08502784783843,448.73369834170205,6.545536008150752,332.85632504140466,219.57386597613677,3.5670771648235227,346.674203861724,28.45485190286713,-10.698793669391224,-1.692503848308758,-0.750274003046107
47621327,79.598000,0.456780,-1.333500,1027.26,1027.6,1028.95,1030.14,-0.01,0.01,1.0,1.0,1.0,1.0,1399.41,-0.05986427111139079,-0.004262998441213658,0.009742504062041211,-0.028194413740646032,0.052911992440025965,-0.18444535594234818,326.07681681362453,448.72885951118496,6.557012648936223,332.84839739477326,219.55615689716208,3.6324871231654616,346.64634142594036,28.485284300950354,-10.737119906299613,-1.6924796415548258,-0.7454139880417898
47621427,79.700000,0.411583,-1.194506,1027.37,1027.51,1028.79,1029.91,-0.01,0.01,1.0,1.0,1.0,1.0,1399.47,-0.05905313152540573,-0.006790741243944061,0.008628231093173538,-0.028174922637703638,0.06342878549773508,-0.22618265105429983,326.0468528532309,448.7854820435096,6.597670391745778,332.74111603385705,219.5340087508111,3.711327054830159,346.8022107995244,28.466457890461356,-10.698965388012077,-1.6725915111154028,-0.8637560998638469
47621527,79.798000,0.258305,-0.732589,1027.22,1027.49,1028.75,1029.68,-0.01,0.01,1.0,1.0,1.0,0.02,1399.53,-0.058367548400512816,-0.009217066642354197,0.007765421601092659,-0.027042561638845546,0.051740563515319256,-0.21291332404219274,326.0809413333377,448.72371181661265,6.5610238320716885,332.8506590137379,219.57074434343525,3.5932889210534125,346.7021545757067,28.4832128818123,-10.721337013731576,-1.692159936521786,-0.7616678715742387
47621627,79.900000,0.058843,-0.133789,1027.28,1027.63,1028.62,1029.77,-0.01,0.01,1.0,1.0,1.0,1.0,1399.71,-0.05779994396566478,-0.011517127765655295,0.005807434258528643,-0.024842694744534658,0.03907202423401414,-0.1999765798134973,326.09081376817755,448.7230375028276,6.575471526456045,332.85239573936553,219.5490833419536,3.723828216506146,346.69802087698264,28.465207298699596,-10.746136293986137,-1.6899728289928009,-0.7643700950164098
47621727,80.001000,-0.190733,0.614810,1027.27,1027.53,1028.68,1029.72,-0.01,0.01,1.0,1.0,1.0,1.0,1399.88,-0.057340830873304154,-0.01367160706264727,0.004898602548357255,-0.024398898870745173,0.037892915518273305,-0.2248903357471267,326.0444264532305,448.7838858899546,6.602467391697742,332.695952325387,219.5148008815989,3.689965362401252,346.5742951693188,28.462414023145346,-10.899628685030011,-1.6617918197947967,-0.8311733122851774
47621827,80.099000,-0.485585,1.496836,1027.29,1027.58,1028.79,1029.69,-0.01,0.0,1.0,1.0,1.0,1.0,1399.74,-0.0569770671462434,-0.015666286415661364,0.0036877722369501958,-0.021463713309678743,0.017593310689693113,-0.13394085386265217,326.08913923628484,448.72877982519566,6.543807704987568,332.70249473758577,219.51366436023386,3.736947726364136,346.4509087317853,28.438677402141156,-10.76054480355628,-1.652649596571849,-0.8102101331293294
47621928,80.200000,-0.819280,2.494360,1027.28,1027.65,1028.67,1029.71,-0.01,0.0,1.0,1.0,1.0,1.0,1399.96,-0.05668514738823231,-0.01752752395114807,0.002875224240303536,-0.01942463652957408,0.008452091571277274,-0.0860792167659414,326.0788505702845,448.73099105117655,6.549910041783143,332.6632574254114,219.517458908522,3.753919111709138,346.4201404764353,28.451361902487893,-10.887948561961762,-1.6454307974301858,-0.8273651216144491
47622027,80.299000,-1.218902,3.688408,1027.18,1027.61,1028.65,1029.63,-0.01,0.0,1.0,1.0,0.18,1.0,1399.96,-0.05645574429519091,-0.01923920466538045,0.002517571414315181,-0.018445998261160567,0.0074341099962294465,-0.08395186188662064,326.0857097803484,448.7265167502445,6.539620485694383,332.691062077676,219.51995501853966,3.751105642218653,346.387222518537,28.42372739630382,-10.795817487775926,-1.650712303179651,-0.7980421990619146
47622127,80.401000,-1.615702,4.873695,1027.23,1027.47,1028.69,1029.59,-0.01,0.0,1.0,1.0,0.18,1.0,1398.81,-0.056280539248906455,-0.020803050489933736,0.0019505377796674415,-0.01702117923428626,0.009568424057341535,-0.11367845937416056,326.08274329855584,448.72277913950217,6.57702784907598,332.6636979094788,219.51296255039446,3.757184529933941,346.427383444496,28.448442830484716,-10.84181071117382,-1.6445952062949714,-0.831099563853757
47622228,80.498000,-2.036316,6.129997,1027.24,1027.52,1028.63,1029.63,-0.01,0.0,1.0,0.19,0.4,1.0,1399.06,-0.05615439431267463,-0.022217052257978206,0.0012252894150939443,-0.015162955309240542,0.008649310313340625,-0.13378991024337533,326.0516947250359,448.78051535939335,6.596996703687861,332.6617907537259,219.5074431517508,3.7375499615127543,346.3495007533769,28.417938158911923,-10.78009717049281,-1.6514181918869206,-0.7942533349101311
47622328,80.601000,-2.511917,7.549627,1027.18,1027.6,1028.6,1029.77,-0.01,-0.0,1.0,0.2,0.42,1.0,1397.91,-0.05606963198786177,-0.023488326621331875,0.0007772203367132992,-0.01343258145408707,0.0011233629832986672,-0.0705259454569133,326.08570995679247,448.72401958582407,6.571337061205828,332.6322317347071,219.5014131632665,3.7468784281503025,346.31399109664204,28.445154457098443,-10.81551807469463,-1.6359038199393268,-0.8242171718926845
47622427,80.700000,-3.012182,9.042304,1027.2,1027.51,1029.96,1029.96,-0.01,-0.0,1.0,0.28,0.55,1.0,1398.22,-0.05601786596565325,-0.024624174004961162,0.0004485349345165967,-0.011654216754759483,2.405267793989509e-05,-0.05282064012602521,326.0852190207616,448.71765326558165,6.5424370559266425,332.6406130370522,219.49650669343492,3.734249675935531,346.12642257952785,28.44530732704306,-10.642987315790604,-1.638130114670611,-0.7614034004282457
47622527,80.799000,-3.535809,10.604651,1027.3,1027.63,1032.94,1030.74,-0.01,-0.0,1.0,0.33,0.44,1.0,1398.15,-0.055991023120125896,-0.02562144750775297,0.00019613835919814928,-0.01017402344851336,-0.0012021500871427849,-0.04276913840952691,326.0921990624326,448.7251680664733,6.556969503949154,332.6342015389021,219.50957054218762,3.7671991645792855,345.81289076704127,28.397896603822872,-10.494225004397016,-1.6348250698423756,-0.6751105299460605
47622628,80.899000,-4.082481,12.234953,1027.32,1027.45,1035.29,1031.07,-0.01,-0.0,1.0,0.4,0.39,1.0,1398.21,-0.05598553686416893,-0.02644783240629185,-1.4514413034760533e-05,-0.008041666585087344,-0.0018736720356145656,-0.018609355276977473,326.0797863158207,448.7240142701212,6.553556532919933,332.87463297568524,219.58047343057746,3.6375255832807643,345.0108915458233,28.1785275141767,-9.727343079205847,-1.6985073391849914,-0.23109237456587994
47622728,80.999000,-4.651951,13.932520,1027.58,1029.64,1034.18,1030.63,-0.01,-0.0,1.0,0.23,0.5,1.0,1398.43,-0.056010099999399876,-0.02699754580641555,-0.0004446899583097299,-0.004315331698145776,-0.00682584529956383,0.017753847894056794,326.07514594548337,448.7311125929899,6.545080607940894,332.52734819150976,219.5100555148173,3.7932369349702406,344.19569709397655,28.20205512675098,-9.184152552230001,-1.612357830248522,-0.26557211285055216
47622828,81.100000,-5.238996,15.681938,1027.31,1028.92,1037.41,1030.8,-0.01,-0.0,1.0,0.39,0.52,1.0,1398.44,-0.05605950048566173,-0.02717746538891348,-0.0005113003060780983,-0.0006636259187052992,-0.0018429575146770155,0.02716701317659677,326.05303200003146,448.7802399480751,6.583243483602259,332.57756769985826,219.4952042105204,3.858410655303042,343.4727320786702,28.236116139449784,-8.919998730490125,-1.6299690248144203,-0.00041947549396414985
47622928,81.200000,-5.858531,17.528353,1027.92,1029.78,1039.1,1031.51,-0.01,-0.01,1.0,0.38,0.55,1.0,1398.32,-0.05610619248627151,-0.027011172989223935,-0.000514748615381343,0.0033566855648597027,-0.0030779363230876507,0.056653079525503476,326.086388527703,448.71865525377825,6.559482040391097,332.5263809150992,219.49649365774943,3.7822940165707197,343.24122795548163,28.147613790824394,-8.549957568824857,-1.6093005320457798,0.013591163889548952
47623028,81.301000,-6.485031,19.396421,1028.26,1033.3,1045.41,1032.63,-0.01,-0.01,1.0,0.14,0.17,1.0,1396.79,-0.056154470222935564,-0.02646348959897821,-0.0005275093275482317,0.00731084337924535,-0.003621584785882143,0.07553432370211403,326.0954135907858,448.7211687539847,6.545173292315371,333.0673678574505,219.5930454985628,3.385009250206518,342.66468596829225,28.048047083216368,-7.7128818184421695,-1.7428691545755273,0.6173451991597325
47623129,81.400000,-7.121612,21.295329,1027.71,1032.64,1042.94,1031.54,-0.0,-0.01,1.0,0.25,0.55,1.0,1395.18,-0.05623349278044028,-0.025450210046133463,-0.0011425843754175168,0.013454220892593348,-0.014259584599264248,0.13768873634983206,326.061687933863,448.79564361918585,6.363269196265733,333.1395224272256,219.61955904575132,3.342342631567101,342.15782815924945,27.817150017128387,-6.931745253720226,-1.7689506567843807,0.8459091276124577
47623228,81.501000,-7.780490,23.262640,1027.46,1032.4,1045.7,1032.09,-0.0,-0.01,1.0,0.33,0.5,1.0,1395.43,-0.05638397364507123,-0.023804717271632542,-0.0018203965021526712,0.019696906691662505,-0.013549767266702518,0.1452011977209665,326.0829195266188,448.71493699509045,6.546584848097152,333.1769907507227,219.58195608605718,3.369819602915125,341.86922476806444,27.963396467600358,-7.202277572014254,-1.7733394055799179,0.949398339935398
47623328,81.599000,-8.432893,25.213086,1027.55,1032.04,1049.09,1032.53,-0.0,-0.01,1.0,0.43,0.39,1.0,1395.91,-0.05658405905421258,-0.02165062634261812,-0.0022896551202261756,0.024597598942658488,-0.01426889622209929,0.15336867558142034,326.0845562463274,448.7272607376467,6.584418252469506,333.1180880243696,219.63686890708556,3.3395877204158486,340.9967132526976,27.865145775720258,-6.101231383559581,-1.7585422620416977,1.1645048381945506
47623428,81.700000,-9.094975,27.193268,1027.89,1035.53,1047.4,1031.91,-0.0,-0.01,1.0,0.2,0.72,1.0,1396.2,-0.056828572268202406,-0.01896253082558881,-0.002769220093082957,0.030901748841991507,-0.019450683107396127,0.22624255294140885,326.058663675821,448.7818935033608,6.5836242227301565,333.1208963688263,219.55799747350008,3.357228755704701,339.4776739862546,27.822723910198953,-5.376229405869533,-1.7646858740450824,1.6304870875682305
47623529,81.801000,-9.729571,29.092960,1027.6,1033.9,1055.52,1033.41,-0.0,-0.01,1.0,0.4,0.2,1.0,1396.14,-0.05710600405164031,-0.01569390112151331,-0.0029577479017794182,0.03411284949622965,-0.016185622488254402,0.21331557565831916,326.0837248325954,448.71689556024296,6.56976238263994,332.93347093211673,219.54302969477234,3.31921235055326,339.0795724632482,27.885016604584653,-4.989593341221344,-1.7119959801115943,1.5872566418813474
47623628,81.901000,-10.356480,30.975429,1027.83,1036.13,1053.83,1032.54,-0.0,-0.01,1.0,0.28,0.52,1.0,1395.02,-0.05737946613488834,-0.011953368423207902,-0.002732350982632985,0.039091206349534974,-0.019687320629464013,0.31054521798157547,326.05032651315713,448.7839627003589,6.601328961681021,333.52561362424495,219.56084672318505,3.2402641844978737,337.72570390046553,27.79287732496013,-3.8968126576870783,-1.8678337191101138,2.480979394595936
47623728,82.000000,-10.786404,32.259349,1027.67,1036.11,1055.77,1032.83,-0.0,-0.01,1.0,0.34,0.53,1.0,1395.32,-0.05768958872669883,-0.0075903101296057335,-0.004230380924181424,0.058922077226050786,-0.059618341065870176,0.8231686348471657,326.05309762305,448.78639373523816,6.5841413517516685,333.32216356463886,219.57433918537527,3.206728285404059,338.074635382338,27.74167867933888,-4.017812733687695,-1.8164282840789627,2.2136983834419484
47623829,82.100000,-11.647101,34.853137,1027.53,1035.83,1060.71,1033.3,-0.0,-0.01,1.0,0.41,0.22,1.0,1395.48,-0.05804089725501398,-0.0026561272659177708,-0.0039549599034229424,0.05533120994400316,-0.027035568640482607,0.3638617654664186,326.08251241896056,448.71655579229764,6.544603805777449,333.63751137924476,219.54201859003237,2.964932415860422,337.03059032392304,27.816705135439022,-2.582543859962763,-1.8881366698925515,2.7623810855710493
47623928,82.201000,-12.382094,37.067386,1027.81,1038.62,1059.58,1032.47,-0.0,-0.01,1.0,0.25,0.55,1.0,1394.71,-0.05844078536404803,0.0028261747830354376,-0.004193946722111512,0.0576975552724071,-0.029561688855618586,0.3912236083505842,326.0883263607584,448.7277473998183,6.557020336886358,333.7282037726452,219.5464088373712,3.0697539639785667,336.1066520587814,27.965093894732995,-2.085491951002021,-1.9092771603222252,3.1072738494057845
47624028,82.300000,-12.739314,38.151418,1027.49,1037.69,1063.61,1032.95,0.0,-0.01,1.0,0.34,0.21,1.0,1394.9,-0.05888802897158333,0.008858883015195732,-0.005271571613562578,0.07154289628073873,-0.05749818436378599,0.8023965923959946,326.0849734877309,448.7173852132399,6.553805138619776,333.4289905272933,219.56553755307314,3.0417291894130067,335.4952306705324,27.85059407801107,-1.8740675755800225,-1.8356265069737803,3.05376199328632
47624129,82.401000,-13.318961,39.907871,1027.43,1037.9,1061.63,1031.87,0.0,-0.01,1.0,0.33,0.38,1.0,1394.49,-0.05935030392350717,0.015342295822809328,-0.005385956423868029,0.07672615039417842,-0.046963251779391986,0.6904805527197954,326.08421735792564,448.7350747942833,6.547799886734994,333.74176849371514,219.54716097535774,3.0830053969065316,333.9936247294467,27.90471783955346,-0.4875691911892037,-1.9136358479086764,3.7519737043716717
47624229,82.501000,-13.879394,41.615984,1027.26,1037.85,1060.95,1031.14,0.0,-0.01,1.0,0.34,0.45,1.0,1395.18,-0.05983107416314086,0.02230663281480969,-0.005160476053377024,0.07602287122922312,-0.02497970897810597,0.41196346830349656,326.03539294890743,448.81485365864035,6.486787437627027,333.46205994207077,219.54427479692245,3.0769095372445903,334.4475220106391,27.828313085606123,-0.9749406791716798,-1.8553097463943986,3.41610922030557
47624328,82.601000,-14.435728,43.312844,1027.37,1037.87,1061.68,1030.8,0.0,-0.01,1.0,0.34,0.39,1.0,1395.77,-0.060309039577783045,0.029579059923778298,-0.005115225305538061,0.07855404069422885,-0.02703020453407015,0.4211273189069692,326.08675025352915,448.7218467214211,6.5563974923512935,333.66190531929334,219.54576586390135,2.9670628226097966,334.11494968055376,27.92513755224441,-0.46683961707921384,-1.8931576573425553,3.650852438399724
47624428,82.699000,-14.955951,44.905683,1027.29,1037.96,1061.53,1030.5,0.0,-0.01,1.0,0.34,0.41,1.0,1396.8,-0.06079429601399267,0.03707709046624314,-0.005193668538208142,0.08075668840896194,-0.026088675841226254,0.4187200879330085,326.04528909662537,448.77183693645964,6.5857531637944655,333.9502628198214,219.57055100852742,2.9254310290793337,334.4495093407141,27.947770058358632,-0.54463608358543,-1.975303817974044,3.80133178408892
47624528,82.801000,-15.436311,46.384543,1027.84,1038.11,1062.1,1030.66,0.0,-0.01,1.0,0.61,0.95,1.0,1396.94,-0.06129183593422679,0.04465393304306734,-0.005445481855815229,0.08114344971965176,-0.03070990311712114,0.4113370906636876,326.07852725419514,448.7303707587964,6.567828970778503,333.7082311167334,219.54887223028808,2.8826766907845593,334.4306682536396,27.912058258017698,-0.5246033077523676,-1.9067352428253015,3.5974764813294073
47624628,82.900000,-15.893159,47.795693,1029.59,1047.12,1073.07,1033.0,0.0,-0.01,1.0,0.13,0.03,1.0,1395.53,-0.06180813673475767,0.05225791400617778,-0.005488389978773641,0.0808721266748863,-0.03854914461730558,0.5695215835031295,326.03774508716253,448.7666657875551,6.587188540301331,334.0387853381688,219.5375903604094,2.7833293388452676,333.4449748028879,28.081645885419643,0.2368518594612057,-1.9990474890345737,4.1758002381502335
47624728,83.001000,-16.327620,49.136063,1028.74,1044.54,1069.26,1031.77,0.0,-0.01,1.0,0.09,0.31,1.0,1396.21,-0.06233277140616385,0.05983170363904351,-0.006165731466797474,0.0872019651058922,-0.05483858380003356,0.7246010884222812,326.04488593075075,448.78751353876896,6.616549990517587,334.3829935530586,219.47179856612334,2.6770020420430742,331.8853510270373,28.02641186337946,1.6699082774369602,-2.082404173724201,4.912260452560426
47624828,83.099000,-16.760576,50.485825,1028.23,1044.16,1069.13,1031.55,0.0,-0.0,1.0,0.22,0.77,1.0,1395.98,-0.06290701983514763,0.06766610347706445,-0.006262557980890506,0.08422440692032522,-0.03266118023835441,0.4200502774656042,326.0806391116138,448.71444583225247,6.554578289286487,334.34428937825743,219.46862466907984,2.623883347003182,332.34078147802467,28.05445320767239,1.539230011974668,-2.0644536298894294,4.7285930314974385
47624928,83.210000,-17.189376,51.823038,1027.69,1043.87,1077.88,1032.98,0.0,-0.0,1.0,0.25,0.03,1.0,1395.45,-0.06351437885318026,0.07563839368561423,-0.006618529742037859,0.08496153417116395,-0.03614905522381956,0.4086995237072068,326.0518436863231,448.79201413532843,6.6032099654193415,334.64036985302005,219.50089205611903,2.6033226186040483,332.3470153773029,28.100625724873563,1.9964836011090457,-2.1451173319897308,4.976718790648958
47625028,83.299000,-17.626791,53.191629,1027.41,1043.75,1074.4,1032.09,0.0,-0.0,1.0,0.33,0.57,1.0,1395.0,-0.06417796856190704,0.08371311279008604,-0.007129874612664504,0.08794814049852462,-0.04963978605341618,0.5460579325022358,326.0788620886302,448.715600291688,6.530048360731895,335.3015133060902,219.52717898565126,2.5410178153237686,330.9357275731422,28.280449410907377,3.350851619895574,-2.3043661727227978,5.916454886957077
47625128,83.402000,-18.059999,54.547328,1027.32,1043.66,1078.6,1032.69,0.0,-0.01,1.0,0.38,0.35,1.0,1394.84,-0.06493391595018941,0.09203621725522096,-0.008465281188039443,0.09083572160289877,-0.06657930568739931,0.6781858297020913,326.04752575094705,448.7744911814111,6.610000075168789,334.42734748030153,219.47999378392922,2.444749340714515,330.5765992949897,28.23794616235917,3.2336738040016484,-2.0930063245222614,5.3395341238854135
47625228,83.502000,-18.273814,55.213816,1027.63,1044.9,1078.56,1031.96,-0.0,-0.01,1.0,0.38,0.34,1.0,1395.68,-0.06532849624470193,0.09625614428727607,-0.008981473174423469,0.09610533463538065,-0.07628302485793996,0.8200339326563238,326.08637169307366,448.71975767346515,6.556392474501258,334.6108600577075,219.4809266729074,2.8068395120278056,327.42989270651714,28.383007103955226,5.024610524020907,-2.1296229004156055,6.4112609959768445
47625328,83.601000,-18.922038,57.252746,1027.45,1044.85,1079.36,1031.94,-0.0,-0.0,1.0,0.37,0.55,1.0,1396.27,-0.06650087561167607,0.10914044755568109,-0.008573430229036907,0.09811402469773575,-0.07597004532052712,0.9566571768334424,326.04383248046406,448.77345413010187,6.622443669683853,334.02752072267424,219.54209984155688,2.6607211793610706,327.01754406992296,28.36651322774843,4.858546417117324,-1.9946958085340831,6.089357534182702
47625428,83.700000,-19.388305,58.714696,1027.57,1045.18,1084.89,1031.96,-0.0,-0.0,1.0,0.42,0.3,1.0,1396.29,-0.06721645190264289,0.11792041479441624,-0.008275407285708023,0.1004166488119039,-0.05646671878710966,0.7986992637749677,326.0214348025867,448.78263624560526,6.581880177008178,334.4726012959722,219.48482369913316,2.619426358306839,326.2318139534742,28.578642926008623,5.7649423496183205,-2.110779379748323,6.693293253395397
47625528,83.801000,-19.901380,60.341303,1027.77,1047.04,1081.95,1031.07,-0.0,-0.0,1.0,0.27,0.59,1.0,1396.7,-0.06789423647017863,0.1268663544097213,-0.0071991379726449355,0.09642312449130258,-0.05315044317026772,0.7486834432387619,326.0482413773631,448.78930785757035,6.587500769102386,335.16017589901253,219.4465990579581,2.4881838814900625,326.3163189814566,28.644708989482893,6.473819596403019,-2.275201819081893,7.204220455343681
47625628,83.900000,-20.437337,62.024900,1027.53,1046.05,1087.29,1031.23,-0.0,-0.0,1.0,0.4,0.28,1.0,1396.83,-0.06858732444105263,0.13602052567454598,-0.007838421404251443,0.10415967005303134,-0.08177367512055675,1.0562073576272106,326.0872170537865,448.7133037023114,6.568685953640271,334.9948006830277,219.4680077463706,2.422178383838678,326.88476277740403,28.629282766060932,6.1267331604356885,-2.2251725058014418,6.883768928879698
47625729,84.000000,-20.996214,63.800013,1027.7,1048.07,1087.34,1030.31,-0.01,-0.0,1.0,0.28,0.43,1.0,1397.15,-0.06931265516764681,0.1452854501076088,-0.008314032937068437,0.10473787151820266,-0.07940129670600089,0.9569454278767275,326.03644241786816,448.7908745070969,6.619483829531661,335.50282955396045,219.51684723784987,2.293214365971939,325.17285829625814,28.83592791550605,7.573113714793285,-2.3643155008776677,7.82954832232603
47625828,84.101000,-21.586145,65.671742,1027.48,1047.72,1087.13,1030.31,-0.01,-0.01,1.0,0.36,0.62,1.0,1397.46,-0.07008213364758605,0.1546933708813992,-0.008836582009776443,0.10698646405868253,-0.08614064253387294,1.0359416984501957,326.07478239338707,448.7130115325963,6.55977504065891,334.775638627775,219.4509164305674,2.4224454848665875,324.4437649685326,28.78800549339596,7.540659792436025,-2.1734216579578383,7.448622964750281
47625928,84.200000,-22.201375,67.622928,1027.56,1047.85,1094.07,1030.61,-0.01,-0.01,1.0,0.43,0.4,1.0,1397.52,-0.07084764345563238,0.1641838388391665,-0.008769706879296665,0.10791840292686733,-0.08092145849645918,1.0392178887947081,326.0857636637662,448.7262478325562,6.565764282197673,334.90281887065856,219.46021375410447,2.3781750918663005,322.7276256268433,29.08993747569096,8.839261682453648,-2.211528530152932,8.203232800443192
47626028,84.317000,-22.826803,69.617697,1027.86,1050.55,1092.09,1029.88,-0.01,-0.01,1.0,0.23,0.54,1.0,1395.97,-0.07157399006998151,0.17371750228059124,-0.007985518481470713,0.10730634586260861,-0.07389524753239499,1.0516941694885875,326.0761682245944,448.7261290220244,6.555520209191734,335.19478207156754,219.46403568879253,2.5058654033345493,321.813631958604,29.16984671388809,9.287773247340075,-2.277667628986759,8.577651994233989
47626129,84.407000,-23.450986,71.604479,1027.55,1049.74,1094.65,1030.18,-0.01,-0.0,1.0,0.3,0.59,1.0,1395.45,-0.07227574256074472,0.18338838081637934,-0.008123510300661774,0.11160590873213144,-0.08827444656568223,1.2480263631707418,326.04360949793755,448.77488548770793,6.580119361219418,335.0571988504593,219.44915155078385,2.267557616062534,322.2892818345571,29.142316354683313,9.124622053670596,-2.250837366616448,8.339966145303089
47626228,84.501000,-24.081163,73.636522,1027.46,1049.55,1098.0,1030.13,-0.01,-0.01,1.0,0.37,0.22,1.0,1395.33,-0.07296424470108033,0.19312533832999665,-0.007755492750909646,0.1099490777726332,-0.07746165883143961,1.0898617467842073,326.0768090560191,448.72222564669835,6.562793410509603,335.74117089199433,219.58197233379659,2.1755603627939646,322.0522715793125,29.295186207243656,9.84894087660424,-2.41511105601546,8.944892308319378
47626328,84.601000,-24.739224,75.754513,1027.47,1050.95,1096.44,1029.74,-0.01,-0.01,1.0,0.29,0.34,1.0,1394.6,-0.0736714388570659,0.20286118997701216,-0.008335805596311299,0.11225222391701783,-0.09283174427718036,1.1900267180519206,326.0891815511885,448.72291104769556,6.559280028746419,335.81244777909654,219.55209524230892,2.0089493595809422,321.9989555304351,29.365394197953812,10.20691352660821,-2.429489940647454,9.013147714091518
47626428,84.700000,-25.378288,77.835370,1027.64,1049.44,1096.34,1029.91,-0.01,-0.01,1.0,0.46,0.9,1.0,1395.15,-0.07442385805643842,0.21262667139346653,-0.008538864300505144,0.10863605149844562,-0.07725172636597528,0.9331507192515409,326.02092611387496,448.7770344797077,6.557568321768686,335.766886392498,219.56670532182,2.1247066976594047,321.44871055499993,29.453123610218185,10.461374799545776,-2.4347342502191838,9.176500127654139
47626531,84.801000,-26.049762,80.010950,1028.72,1057.11,1106.48,1030.82,-0.01,-0.01,1.0,0.08,0.05,1.0,1394.27,-0.07520657157380739,0.2223364873920955,-0.00900373871613334,0.11027527674339647,-0.062342539889341964,0.7316915257560996,326.0804986045485,448.72415469350824,6.582461725451944,335.6564585404283,219.55026532383118,1.9696069860148013,321.0873059069698,29.51403519374394,10.735084932261788,-2.3926945195643503,9.169401875137813
47626629,84.904000,-26.730072,82.240148,1028.08,1054.47,1103.71,1029.81,-0.01,-0.01,1.0,0.13,0.25,1.0,1394.93,-0.0759944686040113,0.23189902590003636,-0.008473863453514124,0.10194349208590597,-0.03434749637806282,0.37917519172901587,326.04600316916657,448.774629811335,6.595940027100034,336.51112747599126,219.51886932628457,1.7688205717063574,318.9225692304154,30.088157226086356,12.643768820822888,-2.613637684107915,10.53195421552668
47626730,85.002000,-27.427406,84.520357,1027.71,1054.04,1103.41,1030.0,-0.01,-0.01,1.0,0.33,0.89,1.0,1393.76,-0.07683077823617353,0.24159960070481465,-0.008881297366238891,0.10077709018442722,-0.03036761223802739,0.29380964367515083,326.02773913201503,448.77137910564664,6.559562303364716,336.15192058217065,219.57487922735734,1.672440739140531,319.92401520352223,29.80993385158412,12.107096960196897,-2.5292534061155156,9.946310902425363
47626830,85.103000,-28.148942,86.872339,1027.63,1053.48,1113.55,1030.61,-0.01,-0.01,1.0,0.44,0.23,1.0,1393.49,-0.07771138847627578,0.2513954027304839,-0.00956006729863806,0.10690620997296874,-0.0726570931481215,0.7875343028501542,326.0450176727375,448.7968930650644,6.613431598583306,336.82648559836645,219.58310476056738,1.4267240633827254,319.8061907438175,29.973153285569545,12.601620678856502,-2.6930214323828414,10.515438098925355
47626931,85.203000,-28.926752,89.421682,1028.11,1057.1,1112.22,1030.0,-0.01,-0.01,1.0,0.3,0.2,1.0,1393.75,-0.07865129882178674,0.26116220891639674,-0.010394409614892266,0.10404892160753007,-0.09059243688748492,0.8689247716016105,326.08540079167466,448.72148532994646,6.53223803675559,337.8961020844447,219.58698624305578,1.213640362315991,319.0161688614314,30.571598743408735,9.83584543509624,-2.950690485326134,11.605489647280354
47627031,85.309000,-29.708653,91.983276,1027.63,1055.66,1111.56,1029.67,-0.01,-0.01,1.0,0.26,0.35,1.0,1392.67,-0.07972995439083644,0.271138716229083,-0.012641157006160851,0.11172064108330691,-0.13871651395207218,1.1151747722777947,326.084340782856,448.7190996914442,6.55544860467661,337.53500941418486,219.59532159802734,0.9741024675849396,319.37686001339387,30.47783248069388,14.24037858712176,-2.869768807377456,11.223989758032143
47627131,85.402000,-30.512186,94.618978,1027.43,1055.49,1111.84,1029.63,-0.01,-0.01,1.0,0.27,0.38,1.0,1393.69,-0.08096305367303569,0.2814053309522201,-0.01511507632814543,0.12180958519470007,-0.1591860097880507,1.1847241243787041,326.02708790826046,448.79328381993855,6.580374990141454,337.9140428668235,219.57490583470576,0.9577020116878356,318.90806917341104,30.674103415667744,14.374873020389849,-3.038517386262588,11.920123091584788
47627232,85.502000,-31.339391,97.384650,1027.34,1055.44,1111.37,1029.71,-0.01,-0.01,1.0,0.26,0.4,1.0,1394.68,-0.08231348749397555,0.29172797917392584,-0.015051572062319364,0.11173089595995958,-0.08035123525547584,0.5167564317085666,326.04367796353966,448.7735804856278,6.600239112479498,337.8132007080149,219.57027376458356,1.010457572085715,320.11400144079755,30.29491588698033,13.73763690700041,-2.9390537546254945,11.220319237459847
47627332,85.604000,-32.133095,100.041825,1027.75,1054.76,1112.38,1029.79,-0.01,-0.01,1.0,0.67,1.0,1.0,1395.49,-0.0837522520579303,0.3019379375989354,-0.015602429589932108,0.10768608235223733,-0.08698105323172353,0.523201437713171,326.0789835777383,448.720594793237,6.5754682374956435,337.98503501108104,219.59181383221778,0.8151287300459742,320.37447571110016,30.37884733566834,13.905490501506595,-2.9745434869548504,11.26644055959966
47627432,85.705000,-32.975116,102.850818,1029.48,1064.81,1122.96,1030.9,-0.01,-0.01,1.0,0.1,0.48,1.0,1394.04,-0.08526674369482061,0.31193495273857746,-0.016447614353128248,0.10595304719527807,-0.09343473553234653,0.5396970189438389,326.0836206159765,448.714490249604,6.570944261709049,338.2683654541978,219.6464990801661,0.8439080222549692,320.2473049781431,30.460941122216877,14.08912762526135,-3.0453098967298042,11.531968759049303
47627532,85.804000,-33.862005,105.805204,1028.75,1061.69,1125.03,1030.29,-0.01,-0.01,1.0,0.22,0.56,1.0,1394.58,-0.08682816300526133,0.3215948512182118,-0.017188672121609898,0.10374879070376633,-0.09468373420031566,0.5067295176300033,326.0494787527288,448.7758772120039,6.5844757388065,339.3100198298765,219.67636147590662,0.28014060732100454,318.0011499629294,31.372849665540876,16.611469166015297,-3.3116847639044593,13.079629642855192
47627632,85.904000,-34.695039,108.596683,1028.16,1061.23,1127.59,1030.21,-0.01,-0.01,1.0,0.24,0.58,1.0,1395.05,-0.08850960436905102,0.33137607641427796,-0.018474664370848083,0.10527534107350071,-0.09746461929334997,0.5002676431480948,326.08360122653687,448.72514502905636,6.563404287400502,340.2476047033659,219.75649151212608,-0.04723252886789622,318.45893329367016,31.596225147249253,17.301092372718152,-3.5398069484351704,13.684958159869979
47627732,86.004000,-35.511887,111.352842,1027.62,1060.9,1128.19,1029.77,-0.01,-0.01,1.0,0.29,0.32,1.0,1394.78,-0.09035328309117176,0.3414732907007001,-0.020482075582281274,0.10944204128188809,-0.11612155877613065,0.5527912508868081,326.081301728447,448.71657052078075,6.544872130997198,340.7433183566531,219.74996123750952,-0.10143199833422875,318.43324867644213,31.916333634341935,17.97981244755079,-3.6639675838018966,14.101546877751733
47627832,86.104000,-36.333697,114.144728,1027.69,1059.81,1127.89,1029.85,-0.01,-0.01,1.0,0.49,0.98,1.0,1395.37,-0.09238906311936756,0.3519324945446177,-0.02259172277057234,0.11349294028543602,-0.13300624279842369,0.6059288542634937,326.0555562150385,448.77177452971904,6.60283171189766,340.3741219720816,219.73895461592778,-0.20905442079066813,318.23239805462555,31.829838297055602,17.87422423205077,-3.577334752893523,13.87496286742656
47627933,86.204000,-37.151484,116.942942,1028.95,1068.32,1138.51,1030.64,-0.01,-0.01,1.0,0.11,0.1,1.0,1394.22,-0.09459462344433837,0.36269281714198226,-0.0238103649067878,0.11452993428704043,-0.11311583310122894,0.5068988782120283,326.04449930816037,448.7859943796765,6.612466383195259,340.8806189491478,219.76141455950793,-0.2725871801290157,317.86084153304154,31.87301157166523,18.1326397925828,-3.5710244060521794,13.97496903805478
47628033,86.304000,-37.987406,119.802247,1027.66,1065.75,1134.83,1029.93,-0.01,-0.01,1.0,0.23,0.92,1.0,1395.18,-0.09689475176054761,0.3735989111382942,-0.02477850759004989,0.11684306347788083,-0.15103719287372547,0.6999962935012548,326.03937079376834,448.76634641542944,6.588337267903764,341.1050587881007,219.74475423090342,-0.40963085625111895,315.01603627615896,32.909800077938556,20.229667565296765,-3.753350846125014,15.455897480072291
47628133,86.404000,-38.853762,122.756163,1027.67,1065.26,1144.45,1030.58,-0.01,-0.01,1.0,0.34,0.37,1.0,1394.25,-0.09929134133121958,0.3849037653672737,-0.02664017048326472,0.12596367558318133,-0.22196104709371958,1.0571862794596152,326.08655263214166,448.7328445346293,6.554282106556268,341.6115772397983,219.82680882904856,-0.5517456256046093,314.7554400378455,33.17526207894544,21.324491513478826,-3.880012303610083,15.94776633272446
47628233,86.509000,-39.727786,125.759330,1027.61,1064.91,1143.81,1029.88,-0.01,-0.01,1.0,0.45,0.7,1.0,1394.41,-0.10174833680867323,0.3965413974462489,-0.02812860561651254,0.13328899799252572,-0.2229012851468675,1.0570894953305852,326.0900354099063,448.6996101889419,6.565604003895186,342.0444720712693,219.84178386194526,-0.9749493031560695,313.96712875813955,33.80238115595515,22.45255586329289,-3.9878266003514242,16.55804733916624
47628335,86.609000,-40.649360,128.957537,1027.87,1069.37,1148.53,1030.27,-0.01,-0.01,1.0,0.16,0.58,1.0,1394.41,-0.10430901449986568,0.4086981528142715,-0.027714585811840442,0.13178436074446745,-0.1529189569584824,0.7325664397022569,326.04163374064416,448.7674518103469,6.605750800792778,342.0483808941095,219.8807461677282,-0.963130257009024,314.1646385051289,33.68741115214884,22.270131182429967,-4.000356104303631,16.517856952885765
47628434,86.710000,-41.557158,132.127327,1027.45,1067.74,1153.27,1030.29,-0.01,-0.01,1.0,0.37,0.46,1.0,1393.82,-0.10696136687863457,0.42133186943763,-0.028869903447062046,0.13756662845145262,-0.16397588139357486,0.7821629808543463,326.08390651171743,448.7057515111056,6.569177251070724,342.9802837905124,219.96056697291604,-1.3017156603525086,312.82584351753974,34.609594788651535,24.056714290366266,-4.224509378866737,17.6894176390813
47628533,86.810000,-42.468900,135.337600,1027.42,1068.05,1151.78,1029.89,-0.01,-0.01,1.0,0.4,0.7,1.0,1394.28,-0.10971162116946671,0.434458411371518,-0.03025708296515309,0.14458011186525443,-0.19877905045861874,0.9541106627305534,326.055348805825,448.77524207279487,6.5992091054407735,343.2143821861321,219.9632005267493,-1.2643417504867052,312.4746343923255,34.829821110797766,24.383942539337646,-4.288687755410416,18.004819913011367
47628634,86.907000,-43.355271,138.509360,1027.42,1068.89,1157.55,1029.96,-0.0,-0.01,1.0,0.28,0.12,1.0,1394.44,-0.11256858933570021,0.44813655282283754,-0.031016205163476373,0.14866223138804263,-0.1683154574386493,0.8108640222175721,326.07872832018427,448.7243280039658,6.570517059260672,343.11495665099784,219.9728403621791,-1.5468173158925296,311.8515151887783,35.285827769840694,30.269828609831883,-4.271024779801365,17.905468555413012
47628740,87.006000,-44.217104,141.636905,1027.39,1069.4,1159.43,1029.52,-0.01,-0.01,1.0,0.46,0.63,1.0,1393.43,-0.11549318814189555,0.46217643092479094,-0.03165682279832688,0.1521696219665432,-0.2142692954748943,1.036108240823451,326.0492170171671,448.77767865010776,6.590399155932845,343.8005398194772,219.95368251465035,-1.442511856915921,311.029212655009,35.632153943008184,25.71696816521736,-4.435911211788866,18.953341078180777
47628840,87.113000,-45.141881,144.979475,1027.81,1073.9,1161.48,1030.12,-0.01,-0.01,1.0,0.09,0.48,1.0,1392.19,-0.11847828285556178,0.47660350294761716,-0.033284788349347304,0.1615074883109656,-0.28142263994851846,1.3816398244375596,326.08266953640316,448.7168161825598,6.583171845007695,343.962054830981,220.05201014386324,-1.8097929133427202,310.69264675645684,35.80617026861193,26.50752059943703,-4.470881622597327,19.177408672367136
47628940,87.213000,-46.042092,148.288902,1027.53,1072.19,1163.54,1029.63,-0.01,-0.01,1.0,0.38,0.88,1.0,1393.34,-0.12147335608438468,0.4912290889157153,-0.03368821454030765,0.1651089350259568,-0.3102503059136625,1.5352441649653348,326.04674092549317,448.76748672264483,6.594074052353712,344.40419086564174,220.00152735613162,-2.2802721597916262,310.4231305748182,36.36240433601109,27.284149730933976,-4.5879004242677395,19.65937885373308
47629040,87.313000,-46.939274,151.637239,1027.61,1072.69,1167.36,1030.06,-0.01,-0.01,1.0,0.41,0.87,1.0,1392.71,-0.12450424215672304,0.5061652594119062,-0.03342159367189194,0.1650548792325001,-0.26543076963506845,1.3173062796447599,326.08317488118803,448.7369420793083,6.58567426486181,345.22616651883885,220.17115367935358,-2.4731764110030574,310.9395858946426,36.537125511720845,27.639126523229823,-4.787500535222828,20.15100546233205
47629140,87.413000,-47.854275,155.075747,1027.55,1074.93,1173.19,1030.32,-0.01,-0.01,1.0,0.31,0.68,1.0,1392.86,-0.1275872216247458,0.521346541201434,-0.03489300604554408,0.1710439912815964,-0.30560882849176857,1.4748659801205606,326.042777082915,448.77747626987156,6.617992118967126,346.39286306273203,220.1940359863187,-2.988974546807281,311.2005012205866,37.23484787785626,28.774729423779945,-5.087455940480439,21.06282544467191
47629241,87.513000,-48.776680,158.592585,1027.5,1073.67,1176.23,1030.12,-0.01,-0.01,1.0,0.41,0.45,1.0,1393.44,-0.13079124614534454,0.5368326788278882,-0.0370272992383387,0.17722992942187873,-0.38330853960150246,1.792133142475463,326.05726205757776,448.78773521639937,6.607514964520959,347.13742258408143,220.4244227448975,-3.687255460212381,310.8619157717585,37.9407496318714,29.7067682601687,-5.274012918809664,21.79115375821486
47629341,87.613000,-49.701014,162.181588,1027.45,1076.33,1177.06,1029.91,-0.01,-0.01,1.0,0.19,0.38,1.0,1394.08,-0.13419457281939556,0.5528592540267876,-0.0381818060555842,0.17812591171833886,-0.36268951528201887,1.6529107292254794,326.04452807770133,448.78120927775296,6.591597515739507,347.8831361862617,220.53694655794968,-3.42780985390301,310.321277688185,38.64179671477568,30.82029746064274,-5.465471688497613,22.598676856490798
47629440,87.714000,-50.425124,165.131856,1027.23,1075.42,1176.04,1029.62,-0.01,-0.01,1.0,0.27,0.48,1.0,1394.93,-0.13778287898990593,0.5693378656641419,-0.043115776400083836,0.19635810291068165,-0.5171625048296448,2.320102964085584,326.0835239349783,448.7133264157412,6.555455051396018,347.3963729638376,220.38574087338824,-3.6886253917754197,310.19051088182414,38.60548986095764,30.533547209125125,-5.332724677479731,22.232701036477323
47629541,87.812000,-51.175593,168.253531,1027.32,1075.26,1178.17,1029.69,-0.01,-0.01,1.0,0.28,0.31,1.0,1395.73,-0.1415237125322166,0.5862305968062173,-0.04262480962230131,0.19168328940966423,-0.3638527935950464,1.617894771322091,326.0882275914078,448.72926079003037,6.575544740163331,347.86690186314,220.5436648232288,-3.443021410073754,309.39784269819415,38.955927574996,31.353585803829244,-5.4519556143145795,22.865081146710494
47629641,87.914000,-51.861525,171.185117,1027.21,1075.28,1177.62,1029.56,-0.0,-0.01,1.0,0.28,0.37,1.0,1396.56,-0.14532545910789607,0.6032360594468232,-0.04292772956914402,0.19157280552813324,-0.3585826488012127,1.591455311306044,326.0463147877282,448.7714862751633,6.567793287479395,347.7210449373727,220.44894998902058,-3.7885023137627813,309.53438898029935,38.911722027639144,31.316313913195383,-5.422855492435367,22.724785957706455
47629740,88.012000,-52.590571,174.299891,1027.32,1075.22,1177.49,1029.39,-0.01,-0.01,1.0,0.28,0.39,1.0,1397.3,-0.14914579943626244,0.6202423943601177,-0.04132512994083038,0.18364841529271705,-0.20617459546633546,0.9080280861266649,326.08808449137973,448.72630725308994,6.562153628713366,347.8468946509079,220.55168485481775,-3.581973945565789,309.2877268278898,39.106029646672766,31.51721618360995,-5.447273247912949,22.892039818950664
47629840,88.111000,-53.255916,177.228180,1027.32,1075.27,1177.3,1029.57,-0.01,-0.01,1.0,0.28,0.41,1.0,1397.83,-0.15293185947036106,0.6370347152046721,-0.0395198330601511,0.17509800897210623,-0.14632727707624096,0.6437444828141546,326.046050333852,448.7699703222322,6.621294370967711,347.66808879229404,220.41605209364343,-3.8282479727188017,309.44043990377276,38.96016116982697,31.438099743573602,-5.409011694144407,22.71466599901774
47629940,88.212000,-53.969492,180.321982,1027.35,1075.3,1177.84,1029.61,-0.01,-0.01,1.0,0.28,0.37,1.0,1397.35,-0.15663464609096514,0.6534175798301942,-0.03821194534983663,0.1689349836932853,-0.14015924635791105,0.6164710148006879,326.0837179305422,448.7294060991268,6.567263678077384,347.79952806352435,220.55960260984548,-3.5552002913780565,309.298495738862,39.21772253141759,31.594156937555134,-5.427936540868129,22.82820987922852
47630040,88.312000,-54.694782,183.454115,1027.29,1075.26,1177.58,1029.64,-0.01,-0.01,1.0,0.87,1.0,1.0,1397.4,-0.16020860075843302,0.6692035089447123,-0.0373286096553493,0.16481406943450555,-0.14105840286645485,0.6217673444878424,326.06881382156564,448.7800235745401,6.358230831509351,347.70307197330555,220.48342539167496,-3.7762104111788664,309.29568544839475,39.03734426174292,31.420161133411277,-5.413401221615697,22.778403141201395
47630140,88.413000,-55.420903,186.591438,1028.45,1082.94,1183.09,1030.13,-0.01,-0.01,1.0,0.31,1.0,1.0,1395.48,-0.1636255265645289,0.6842832157368411,-0.03577837618728304,0.1578088290222479,-0.1466522917389686,0.6437429253607724,326.0860756422345,448.7162991404776,6.549242530141542,347.8745190001837,220.5277691524929,-3.4909943889584176,309.1704323842312,39.2619407171706,31.547940190497798,-5.454316700583424,22.96150035921819
47630240,88.512000,-56.174853,189.817280,1028.19,1083.32,1189.32,1030.31,-0.01,-0.01,1.0,0.33,1.0,1.0,1394.55,-0.1668643394547617,0.6985525836970645,-0.03354866990400186,0.1477460566960984,-0.13632687863415757,0.5993150909982347,326.0832793290509,448.719251922262,6.552365101215237,347.79424200290526,220.50449936697777,-3.7139879684428863,309.17226102164534,39.16275862937898,31.55312240176821,-5.434416490496348,22.891988164410783
47630340,88.612000,-56.899047,192.931134,1027.76,1082.93,1194.7,1030.42,-0.01,-0.01,1.0,0.36,1.0,1.0,1393.32,-0.16991154370781156,0.7119691723932354,-0.030955504042217405,0.1362834555818772,-0.10535751908512231,0.4637119394433384,326.05943056637545,448.76799206340337,6.599692933157892,349.35759831629673,220.62311789651818,-4.551423369171021,308.07815450045814,40.93232730432862,33.270899513334356,-5.8308354119548556,24.599462750073826
47630440,88.713000,-57.636733,196.063065,1027.53,1083.49,1200.2,1030.4,-0.01,-0.01,1.0,0.44,1.0,1.0,1393.32,-0.17283274679990085,0.7248243780776819,-0.03220973874894208,0.14125544978855348,-0.2574276281255241,1.1082881375293483,326.092336151124,448.7313672146235,6.550585823106922,351.38880526545296,220.91302491762062,-5.201316722466276,309.4657049459108,41.608213537912285,34.83676265137175,-6.336047882588798,25.8319684112936
47630540,88.812000,-58.347823,199.165739,1027.69,1085.39,1205.35,1030.54,-0.01,-0.01,1.0,0.29,1.0,1.0,1393.35,-0.17586157870053223,0.7378411738541469,-0.034359136256148684,0.14557998253638813,-0.20099551965609855,0.7956298105349076,326.05386202759587,448.79805061191826,6.5221338080666,353.0633460555589,221.15511264025577,-5.95846101147869,311.41328079346926,42.542121785550044,36.06075770835348,-6.766422985841886,26.658867287863437
47630640,88.912000,-59.077573,202.398738,1027.51,1086.79,1210.61,1030.39,-0.01,-0.01,1.0,0.16,0.91,1.0,1393.24,-0.17914124232611323,0.7512874657805343,-0.03676536315040671,0.1475118520715258,-0.23260188396784,0.8511624953267172,326.0917536070869,448.7269210133182,6.561758194708153,353.8706406787229,221.25736152402914,-6.287727916986548,311.72536525169903,43.061578538903035,36.86208776220236,-6.96256153589325,27.23169353857613
47630740,89.013000,-59.692224,205.286462,1027.32,1086.69,1215.18,1030.35,-0.01,-0.01,1.0,0.35,1.0,1.0,1393.58,-0.18274949255294004,0.7652654555179443,-0.03952906979792702,0.150249301931444,-0.22875319588441836,0.8033106356938994,326.1003864386796,448.723130572279,6.570795622330137,354.64006745136953,221.3954120211237,-6.6930517059634145,310.9110812540592,44.17121060341376,38.17672574340843,-7.155716059151932,28.171953534697607
47630840,89.113000,-60.371263,208.427529,1027.38,1086.53,1219.22,1030.25,-0.01,-0.0,1.0,0.42,1.0,1.0,1392.63,-0.18670474789304212,0.7799368175262985,-0.04378537457458914,0.16048688230342503,-0.2756557646781978,0.9675907320402882,326.05232002130987,448.78115044455575,6.605354679898549,354.88382425346856,221.4311056084437,-7.003091500994416,310.37064867630596,44.739037032734664,39.00909941275769,-7.227412198037331,28.594835213957595
47630940,89.212000,-61.168908,212.021399,1027.37,1090.11,1224.34,1030.28,-0.01,-0.0,1.0,0.12,0.79,1.0,1392.59,-0.19095107720369808,0.7953091085309782,-0.04661546321469803,0.16798481227911793,-0.26286557819022593,0.9358848729426421,326.09777568112185,448.7371332827672,6.565765574233801,355.2285883835551,221.52963193008927,-7.037017076117918,307.9932270623781,46.26038163124253,40.553685317690295,-7.306167864735563,29.69529706473013
47631040,89.313000,-61.739908,214.877031,1027.19,1089.33,1227.74,1030.15,-0.01,-0.0,1.0,0.3,1.0,1.0,1393.13,-0.195420543548906,0.811480137132728,-0.04788095236742903,0.17415305427240843,-0.2852162357869297,1.0653956453809403,326.0985015441882,448.7252488782658,6.55624716480213,355.082937312381,221.47951117190905,-6.922350911528165,303.95277124267653,48.39155966757671,43.24643593943738,-7.268639317424197,30.994414581352526
47631141,89.413000,-62.243700,217.548986,1027.36,1089.17,1231.53,1030.09,-0.01,-0.0,1.0,0.32,0.77,1.0,1392.44,-0.20000604933173224,0.8285352441650193,-0.05081345119843618,0.19270181513743123,-0.2771763603432645,1.1626425456043978,326.0957474718109,448.73526392835834,6.5556371480777385,355.21794535446566,221.52190745899532,-7.093691630002179,300.8165235826488,50.27195194730813,45.651112940292016,-7.303844369560912,32.2313161946053
47631241,89.514000,-62.656054,220.022410,1027.32,1089.06,1235.03,1030.09,-0.01,-0.0,1.0,0.41,0.98,1.0,1393.02,-0.2046199109255018,0.8467806658811182,-0.048808809612600305,0.19808417635295114,-0.20342181668283735,0.9597229305910712,326.0947659561027,448.7399401443407,6.57304231784301,355.65232188894896,221.56903437536022,-7.406674504108147,298.8437515730859,51.99546912791586,47.54263922056009,-7.4131964869299445,33.34767564036407
47631342,89.615000,-62.961582,222.296341,1027.39,1090.69,1238.62,1030.14,-0.01,-0.0,1.0,0.28,0.71,1.0,1393.45,-0.20922582109084653,0.8663213089019248,-0.04822506546947063,0.20995757148202426,-0.17919339950369864,0.9175536529291869,326.08900534376824,448.7309947471894,6.55448628798693,355.65175239300066,221.5660827177959,-7.450614220093508,297.44771506526143,53.18298517128246,48.43031340590595,-7.414677415970521,33.89779896831909
47631442,89.714000,-63.139184,224.323216,1027.22,1091.72,1241.58,1029.99,-0.01,-0.0,1.0,0.25,0.89,1.0,1393.53,-0.21380355713725732,0.8871315696828929,-0.048207289788646565,0.2247688614129893,-0.22048347688872616,1.1694116814966777,326.0868180674756,448.74094202888136,6.5732029060962045,356.1001337230446,221.65909398042984,-7.437793237729444,295.7743573700975,54.65058661208564,50.13338773465168,-7.529120724125611,34.91866018766144
47631543,89.815000,-63.189091,226.111647,1027.18,1091.67,1245.95,1030.14,-0.01,-0.0,1.0,0.26,0.54,1.0,1394.0,-0.21830213552288524,0.9089931435977877,-0.0477467437914611,0.2378360466204925,-0.1912680498352267,1.1037869173932935,326.08348035452883,448.736211477877,6.573138890836954,356.1173104724295,221.68696835941847,-7.644942136804813,294.9142853596895,55.54055079790989,50.89262529069252,-7.53527737197472,35.292738193679824
47631642,89.915000,-63.117929,227.691564,1027.27,1091.49,1247.59,1029.76,-0.01,-0.0,1.0,0.27,0.42,1.0,1394.59,-0.22270906972798354,0.9318516845537179,-0.04593440362467214,0.243840969601676,-0.17303645261929976,1.0580234063613807,326.09465388303465,448.7480507198357,6.578377011756336,356.97247953313195,221.72712306733712,-7.950280203818212,293.68221215545407,57.18486735829548,52.42908017316099,-7.745448855976456,36.529860028569374
47631742,90.015000,-62.923761,229.047430,1027.3,1091.51,1246.89,1029.65,-0.01,-0.0,1.0,0.27,0.49,1.0,1395.59,-0.22702664152291654,0.9555831237848574,-0.04504754010035721,0.2525769564404004,-0.18705867530219403,1.1723309849424657,326.0872497359981,448.74354008008095,6.575860553600175,356.80593715496343,221.7459198287495,-7.8790466681765405,293.6849297546248,57.26152092251419,52.44712551613051,-7.706792928583347,36.40792725266457
47631843,90.115000,-62.605966,230.162997,1027.13,1091.43,1248.34,1029.69,-0.01,-0.0,1.0,0.27,0.96,1.0,1396.09,-0.23125234046051096,0.9800092270644232,-0.0447143305672194,0.2629725103718292,-0.21187722986562796,1.3570176669502645,326.0629137836548,448.7959115448842,6.375717408044755,357.1244420381295,221.7684151088522,-8.040384954281816,293.27496013367573,57.76263319804197,52.92477883152156,-7.790742211415845,36.85306382493721
47631943,90.215000,-62.019307,230.450264,1027.14,1091.31,1252.02,1029.81,-0.01,-0.01,1.0,0.28,0.67,1.0,1396.3,-0.2353553244279229,1.0047610075095248,-0.04305904972857368,0.2635383077490259,-0.20767316827566681,1.3633573806111898,326.0723811208666,448.7278855941639,6.562409341925122,357.0019063095938,221.74004327200103,-8.10153486587613,293.3549773445013,57.75226688054819,52.9145124294021,-7.7593765068245535,36.73097969558259
47632042,90.316000,-61.424258,230.769849,1027.17,1091.39,1255.21,1029.84,-0.01,-0.0,1.0,0.27,0.41,1.0,1396.31,-0.2393145541105723,1.0295396124336547,-0.04117103778846052,0.2610489279748027,-0.2875770843478481,1.9007005574105762,326.08050014003516,448.7485299048539,6.5853782829991845,357.4413779606993,221.91306382575007,-8.056949242667967,292.62336795212155,58.81836427267654,53.941393556805146,-7.871463486250696,37.417066929812016
47632143,90.415000,-60.758856,231.025697,1027.15,1091.36,1254.46,1029.61,-0.01,-0.0,1.0,0.27,0.49,1.0,1397.12,-0.24311194506084946,1.0540866568615903,-0.04304847977432848,0.2814857126007641,-0.20044282876338532,1.3992336345814287,326.0907865453676,448.74976318767483,6.579674828259873,357.5145815699703,221.91614771812303,-8.206029648733656,290.56159629339396,60.577738606574854,55.579319829246224,-7.887120461865922,38.31194736334132
47632242,90.514000,-60.198300,231.430668,1027.09,1091.32,1255.54,1029.7,-0.01,-0.0,1.0,0.28,0.4,1.0,1397.54,-0.2467564677590288,1.0784681631516684,-0.03807225771928253,0.2588006988173108,-0.11710732504519757,0.9102381897408361,326.09412058885613,448.7398701417546,6.5608430721735465,357.1224574608631,221.77993241628616,-8.107382692792,289.5972152506008,60.78647575513022,55.78516765769322,-7.784807544828443,38.324180061593324
47632342,90.614000,-59.559213,231.763423,1027.17,1091.32,1255.96,1029.63,-0.01,-0.0,1.0,0.28,0.37,1.0,1398.02,-0.2501966538934145,1.1026015674975296,-0.03576736307374739,0.25603349678282084,-0.1510404896759073,1.2139426433003644,326.09155234457756,448.74524214321093,6.571198584493804,357.19543375307745,221.7834443102669,-8.088080576942959,288.9243154625291,61.404341504782955,56.427970415209835,-7.803464766198707,38.66569873608368
47632442,90.714000,-58.932438,232.116852,1027.16,1091.16,1255.28,1029.63,-0.01,-0.01,1.0,0.29,0.44,1.0,1398.38,-0.25339734189835283,1.1262934441451813,-0.0329618447948889,0.24902607735450139,-0.15494438079048,1.2958299429896694,326.03589859671894,448.818589484847,6.593014923338431,357.273983560753,221.85226595380868,-8.023273963298468,289.183258104819,61.43398011240173,56.4444159249383,-7.836562489932358,38.672278518177734
47632542,90.815000,-58.294516,232.460259,1027.2,1091.19,1256.08,1029.66,-0.01,-0.01,1.0,0.29,0.37,1.0,1397.39,-0.2563591561348636,1.149363822816025,-0.03124809139121305,0.24764026190387675,-0.1481699157225853,1.277975803974259,326.08982648382073,448.7289760833056,6.563119008404593,357.5200959184399,221.94227629338104,-8.212315816904875,289.59767513186557,61.35294119152218,56.31450263438622,-7.890336428357874,38.70695643378097
47632642,90.914000,-57.334763,231.310257,1027.17,1091.19,1255.73,1029.57,-0.01,-0.0,1.0,0.29,0.41,1.0,1397.97,-0.2590993592331067,1.1715865445724747,-0.028244492577396186,0.2320122277579653,-0.11909803990984524,1.0493458587223226,326.0930848662872,448.7378599095293,6.590229500476178,357.5946148342372,221.94588258680642,-8.251227656159589,289.6232065011353,61.50844965710089,56.53169223365391,-7.907818086379049,38.77621356828476
47632742,91.015000,-56.426411,230.276147,1027.18,1091.21,1255.77,1029.62,-0.01,-0.01,1.0,0.28,0.41,1.0,1398.29,-0.2616354779459251,1.1928062405644098,-0.02623475022304994,0.22202830702971688,-0.1137118421345476,1.027475289134067,326.0913633699987,448.7380588843929,6.608268098234561,357.435594743843,221.92642763655428,-8.066350939161115,289.23134702991007,61.506578666964614,56.56961953606096,-7.868154020314161,38.76960818575191
47632842,91.114000,-55.498298,228.986086,1027.18,1091.24,1256.1,1029.59,-0.01,-0.01,1.0,0.29,0.39,1.0,1398.61,-0.2639577080285387,1.2128859367318199,-0.02386127154055679,0.20932648885992042,-0.09496312219071681,0.9135860082227187,326.0930686223526,448.7374658291198,6.571938530054356,357.28044494869374,221.8213910457409,-8.093203714436351,288.65829796656453,61.79320573365965,56.76144223405702,-7.825710209186262,38.86169736699155
47632942,91.215000,-54.571028,227.524621,1027.2,1091.28,1256.01,1029.56,-0.01,-0.0,1.0,0.35,0.4,1.0,1399.21,-0.2660440091644883,1.2317318659647045,-0.021143382430272934,0.19471576745167807,-0.0717303860498478,0.7584335971919052,326.09058112858924,448.7495263490579,6.577952495144454,357.2333275873864,221.8189551213359,-8.177296012777855,288.48179610138135,61.846588911751695,56.93789860000739,-7.814156863314095,38.88495875010458
47633042,91.315000,-53.671716,226.024904,1027.23,1091.02,1256.03,1029.51,-0.01,-0.0,1.0,0.35,0.4,1.0,1399.33,-0.26788921802077764,1.2493113612328788,-0.018635510275351392,0.18135448137670024,-0.06806298295667511,0.7591984171441848,326.08152806689947,448.74310953602253,6.578666305008334,357.3345860158476,221.86414254540978,-8.049184190602986,288.7315020011641,61.91625653769425,56.97199274201344,-7.8432532156776595,38.90143395396721
47633143,91.414000,-52.847010,224.644420,1027.1,1091.01,1256.1,1029.47,-0.01,-0.0,1.0,0.53,0.14,1.0,1399.31,-0.26950832426317,1.2655889744590503,-0.01654943263208093,0.1694969807253617,-0.06647210971929406,0.7557618444150279,326.06959093065944,448.7381044077665,6.5762157799607035,357.50684314635294,221.94229566713156,-8.179149192004319,288.9994855069119,61.87108258551709,56.947515874520654,-7.891754336957313,38.95348908687719
47633242,91.515000,-52.159895,223.470396,1027.09,1087.33,1255.98,1029.61,-0.01,-0.0,1.0,0.25,0.14,1.0,1399.33,-0.2709372643972038,1.2805679475200595,-0.014412305735310587,0.15309529863818575,-0.04708316701874019,0.550416459952331,326.08619191931206,448.7420871471654,6.575872372961148,357.4823546756018,221.93825300814834,-8.1471443586648,288.96297036022713,61.878914348521164,56.95003429255267,-7.88129390047325,38.937744229728395
47633342,91.614000,-51.536584,222.464528,1027.12,1088.74,1255.96,1029.52,-0.01,-0.0,1.0,0.51,0.09,1.0,1399.68,-0.2721966070657109,1.2942479744162436,-0.012760824520853118,0.14073309556882627,-0.04905068789574554,0.5976956639578794,326.0890120256528,448.74017443768304,6.553452442865407,357.4062662853172,221.91072474202198,-7.93961692052344,288.6774641031194,61.98971289776282,56.95115112028201,-7.860856994474067,38.97815981806349
47633442,91.714000,-51.019877,221.621890,1027.07,1085.39,1255.85,1029.56,-0.01,-0.0,1.0,0.31,0.19,1.0,1399.89,-0.2732864339239504,1.3066517563301234,-0.010650486084960536,0.12386824997282095,-0.03488370574631352,0.4762813954850264,326.0892525402349,448.7511373725045,6.565161530489549,356.64072891892926,221.78131983456697,-7.659769738070086,286.99003806098887,62.32097168437207,57.18650270152509,-7.731559179988071,38.930221604768576
47633542,91.815000,-50.472110,220.912755,1027.16,1085.52,1255.7,1029.52,-0.01,-0.0,1.0,0.33,0.26,1.0,1399.94,-0.2741802129113243,1.3178064037261779,-0.008896913384459238,0.11807710900593947,-0.04235298863704328,0.7681835562748429,326.089888075677,448.7517675501323,6.562015574811967,356.4012523340996,221.7401900805341,-7.412371006151192,286.1326222806077,62.53066544785204,57.49363853052858,-7.605344536671928,39.02540839544122
47633642,91.915000,-50.011891,220.357185,1027.16,1084.72,1255.68,1029.49,-0.01,-0.0,1.0,0.34,0.29,1.0,1400.16,-0.2748232498629267,1.3277626680593937,-0.006091276004949091,0.10591893547890797,-0.01694119316126022,0.6257254257439729,326.0837547579954,448.7498076448154,6.584080730077053,356.3187270909628,221.69345478730952,-7.538707534505124,285.98321806749755,62.54273963559013,57.58046567528786,-7.584922142304604,39.01253010228404
47633742,92.016000,-49.643045,219.932377,1027.2,1084.43,1256.07,1029.6,-0.01,-0.0,1.0,0.36,0.39,1.0,1400.08,-0.27522253940681046,1.3365932929704412,-0.0033945003180260187,0.09124454942114951,0.005164015696536754,0.3697148102046552,326.0832439332231,448.7429620155089,6.568795473079714,356.4040357933521,221.72677922109546,-7.433463613563349,286.10445782925467,62.56060550370774,57.59651720404528,-7.60752976659847,39.04486582285158
47633843,92.114000,-49.343759,219.586663,1027.05,1083.18,1254.22,1029.48,-0.01,-0.0,1.0,0.36,0.36,1.0,1399.94,-0.2754095812552136,1.3443585012893404,-0.0012221189615758926,0.07667659241298214,0.012351982079857387,0.20427735227560076,326.0884368054715,448.7535352944198,6.561170860765805,356.5446611346408,221.77134578373267,-7.638788555871317,286.31884773765086,62.516021826537774,57.55033760821534,-7.63677320758531,39.058345896547955
47633943,92.216000,-49.047410,219.257549,1027.17,1082.47,1253.63,1029.46,-0.01,-0.0,1.0,0.32,0.33,1.0,1400.13,-0.27543256638788494,1.3511295573733775,0.000310729611101679,0.0676006953690226,0.014725904853585707,0.22315431940000174,326.0756103465144,448.8129741511373,6.562724008274969,356.28648572592937,221.74292400943733,-7.457256243455343,286.48624240846317,62.34689537218231,56.944993779641756,-7.617525204465409,38.92880674903299
47634044,92.316000,-48.788070,218.938395,1027.28,1082.95,1254.05,1029.63,-0.01,-0.0,1.0,0.39,0.4,1.0,1400.25,-0.2753237597407868,1.3569451693574412,0.0017096586986017855,0.058485440657099874,0.024935857542995717,0.27926147675394347,326.0535936924748,448.8045084274087,6.363558787614431,356.07714965461645,221.67373859815496,-7.367418123593863,285.84775344856973,62.158695929806655,57.19464584404406,-7.530056485310231,38.822479105393974
47634144,92.418000,-48.547583,218.637290,1027.05,1081.08,1252.54,1029.44,-0.01,-0.0,1.0,0.3,0.36,1.0,1400.29,-0.2750682737453573,1.361791861835263,0.003410342833193711,0.04932021305677844,0.03562877500264314,0.2046293954938442,326.0671519700201,448.72909597403304,6.539411091028998,355.88651713410684,221.61699060203497,-7.20117416438154,285.6999223638701,62.21425875496226,56.96791651467909,-7.480033901528133,38.72443471863998
47634244,92.518000,-48.366738,218.387508,1027.24,1081.29,1252.02,1029.53,-0.01,-0.0,1.0,0.36,0.36,1.0,1400.16,-0.2746696346127934,1.3657596893366002,0.004833936667481374,0.03923993156674803,0.04119867605437044,0.13862961667190746,326.0900537994735,448.7398566530743,6.563469985755076,355.97589631961335,221.71007537294585,-7.295098234424211,285.999063405678,61.91908462143744,56.898192086884535,-7.4992073573837,38.64833718258259
47634343,92.616000,-48.230515,218.178325,1027.25,1081.08,1252.29,1029.48,-0.01,-0.0,1.0,0.38,0.4,1.0,1400.14,-0.2741440778132949,1.3688702415782987,0.005989466712693692,0.02939587546149138,0.04313100861925547,0.07468308352261317,326.08924039642704,448.73561576311164,6.5840197729840915,356.02413841170346,221.6707837877614,-7.400572619603114,286.5054908634127,61.580907237710086,56.332341495322865,-7.510230081813187,38.493241330104865
47634443,92.716000,-48.152872,218.018851,1027.25,1080.4,1251.03,1029.46,-0.01,-0.0,1.0,0.33,0.4,1.0,1400.1,-0.2735251179965159,1.3711270397227273,0.006577575763776254,0.020122932629860917,0.024195104881886934,-0.013192592850094022,326.0693307971715,448.8097159334626,6.335493078465324,356.04785660728265,221.67004285845658,-7.38490069995613,286.4617247933882,61.676987715832276,56.52510960776397,-7.518600663095775,38.54297503420972
47634543,92.816000,-48.071072,217.868417,1027.22,1080.64,1251.19,1029.6,-0.01,-0.01,1.0,0.36,0.37,1.0,1400.09,-0.27285101657994043,1.372658066918334,0.007260886325046,0.013318365350051303,0.03633660111934983,-0.010484088235432292,326.05369425199535,448.8102185556768,6.603937486615859,355.7732428950012,221.604489693371,-7.3070990992041915,286.2849345407819,61.48680020248984,56.527565747082086,-7.4522400478414665,38.364489844219875
47634644,92.917000,-48.025081,217.747981,1027.17,1080.17,1251.26,1029.5,-0.01,-0.01,1.0,0.33,0.39,1.0,1400.09,-0.27212147791815516,1.3734940314085584,0.007896676293480284,0.0061500637840043145,0.04874697414738616,-0.0288128455343615,326.06947118472374,448.79721532171635,6.3611285322639715,355.6521474388559,221.64438793305453,-7.26808331897876,285.92917332813016,61.61078418836534,56.35580815842223,-7.420010543533358,38.381674609218756
47634744,93.017000,-47.972368,217.633927,1027.18,1080.21,1251.11,1029.57,-0.01,-0.01,1.0,0.34,0.4,1.0,1400.08,-0.27133356284833926,1.3737122375796869,0.00889835232728883,8.50428958589786e-05,0.0639595734313161,-0.05599189419936743,326.07712996765196,448.7503915066866,6.564481690273031,355.73895529327064,221.65956763189646,-7.272339084856797,285.99914745236936,61.57020227744738,56.54799782455226,-7.44164934962945,38.42270810144928
47634844,93.118000,-47.967232,217.591842,1027.2,1079.95,1250.69,1029.43,-0.01,-0.01,1.0,0.33,0.38,1.0,1400.15,-0.27092007824408826,1.3736188700979992,0.009108780705540002,-0.00273233245033806,0.05259825161570409,-0.0674515867350058,326.0884174954718,448.7412337202435,6.580401119829022,355.7637173703207,221.6260630334955,-7.315290167937308,286.3588744486941,61.433737352882105,56.16714975613182,-7.444202817082068,38.31353558332052
47634944,93.219000,-48.007727,217.527330,1027.23,1079.87,1250.75,1029.55,-0.01,-0.01,1.0,0.35,0.45,1.0,1400.11,-0.2696443880437347,1.3726648695302042,0.00891631897499737,-0.009309351681970201,0.043934195253215326,-0.0831572970120957,326.0925167669273,448.747889037111,6.562486716939426,355.8661667168641,221.6323378475305,-7.072658639118881,286.42365763137167,61.37276458440962,56.24600437100711,-7.468583999236818,38.36486570214447
47635045,93.317000,-48.026222,217.484352,1027.23,1079.47,1248.26,1029.42,-0.01,-0.01,1.0,0.36,0.37,1.0,1400.03,-0.26879878697823006,1.37155767997387,0.009368504829892047,-0.0137490792574992,0.02438867567864469,-0.07727900662912499,326.08597485324765,448.74839168656354,6.576236575934907,355.7178349793307,221.61299395908503,-7.262181215338878,286.3557466613476,61.321739361439796,56.1065914664049,-7.432773121418947,38.26490449297318
47635146,93.416000,-48.082402,217.440774,1027.24,1079.42,1249.08,1029.6,-0.01,-0.01,1.0,0.35,0.35,1.0,1400.08,-0.26796042650076973,1.370118515192488,0.008918367886801936,-0.016605672157252133,0.0458869981802604,-0.11779321324789488,326.09761303419936,448.7541657886113,6.554676786759199,355.4808241147819,221.59131125084772,-7.180438779569252,286.55368533582936,60.8999045076148,55.956493637738646,-7.374384925555958,37.96524892683234
47635246,93.518000,-48.141817,217.368734,1027.24,1079.0,1249.23,1029.57,-0.01,-0.01,1.0,0.32,0.39,1.0,1400.13,-0.26711977369184264,1.3683369218271408,0.008500907199598978,-0.019322614089227842,0.02054805200248402,-0.07891205346615385,326.0880568148036,448.7449372993848,6.577599799585212,355.725361520958,221.64952995521975,-7.164767434308734,286.60312293841383,61.07758927082521,55.924576988117025,-7.435418015303839,38.161515240382066
47635346,93.618000,-48.192238,217.278797,1027.27,1079.17,1248.96,1029.48,-0.01,-0.01,1.0,0.34,0.38,1.0,1400.15,-0.26629406156948354,1.3662777692048182,0.008471418870962512,-0.02221293842883484,0.03286955805227346,-0.11348526658448442,326.0879721942244,448.74777448304854,6.54029424652977,355.6898101599094,221.6492513501401,-7.225830427802386,286.93610026350314,60.71828945408544,55.61456260680203,-7.426518737631072,37.98641616836364
47635447,93.718000,-48.256908,217.200275,1027.22,1078.95,1249.15,1029.56,-0.01,-0.01,1.0,0.32,0.42,1.0,1400.15,-0.26549949394748573,1.364007390088289,0.008454075993876124,-0.02540409141196389,0.03822468134295439,-0.1469855267308648,326.0158388729073,448.8029906309848,6.563410711727527,355.6537408652116,221.65473889859803,-7.235129067108708,286.6936247478376,60.914210125828866,55.899049703262385,-7.43385570559935,38.08777504419629
47635547,93.826000,-48.338450,217.153472,1027.26,1078.95,1248.25,1029.5,-0.01,-0.01,1.0,0.33,0.36,1.0,1400.05,-0.2647448810224954,1.3615762456055804,0.00790919999400618,-0.026437607631102977,0.03409851564541128,-0.13736193098290228,326.0892987836752,448.7488098618242,6.549209335823274,355.5458319666446,221.61885409694577,-7.135907111287694,286.3508039841688,60.926062716893526,55.89212504554294,-7.389457139944835,38.07583990362023
47635646,93.919000,-48.419036,217.139254,1027.29,1078.86,1248.15,1029.61,-0.01,-0.01,1.0,0.33,0.36,1.0,1400.06,-0.2640244648838145,1.35905133463216,0.007639379491866503,-0.02740255417132915,0.02834930772622961,-0.11623091786506598,326.0922696004349,448.7457591909013,6.557903179703914,355.46075012164005,221.57450175976882,-6.913406389189416,286.70052586827984,60.62217453350881,55.67963060589081,-7.366286542744094,37.86516503693119
47635746,94.018000,-48.504678,217.137817,1027.3,1078.69,1248.35,1029.53,-0.01,-0.01,1.0,0.32,0.38,1.0,1400.13,-0.2633278075360592,1.3564609903485545,0.007072297949634528,-0.026922903596678052,0.019015771613595755,-0.08908190741202145,326.08322354373354,448.736729763575,6.574409409309355,355.6516639273437,221.6206507870919,-7.1033872827215605,286.70052586827984,60.62217453350881,55.67963060589081,-7.366286542744094,37.86516503693119
47635847,94.118000,-48.590314,217.131205,1027.26,1078.7,1248.05,1029.58,-0.01,-0.01,1.0,0.31,0.38,1.0,1400.05,-0.26265649496298366,1.3538015878266456,0.006956860817763203,-0.02822386810678272,0.02543564348041221,-0.12056561830543343,326.08279333293524,448.7559792004915,6.585012990943201,355.6437399821395,221.63724078776363,-7.213264176014761,286.9277763353556,60.658157030290845,55.56764880125787,-7.415721428972598,37.94727031561435
47635946,94.219000,-48.681022,217.126912,1027.27,1078.64,1247.99,1029.59,-0.01,-0.01,1.0,0.3,0.38,1.0,1400.15,-0.2620352890932563,1.351170514669626,0.006446646145859937,-0.028113046355935367,0.03518250414961192,-0.1747143016779379,326.0653335023346,448.7317078655709,6.545517743801001,355.690173433296,221.6450341705389,-7.162639402127589,287.0794123328206,60.559685784276866,55.59698064567996,-7.4270564912969395,37.92462607090823
47636046,94.318000,-48.778390,217.138169,1027.09,1078.78,1247.98,1029.65,-0.01,-0.0,1.0,0.31,0.39,1.0,1400.07,-0.26146908813231073,1.3485644373096672,0.005944246180457549,-0.02821866499262102,0.034258235249751925,-0.18280506260014315,326.0192167824343,448.8140185345617,6.557368382278074,355.4947112421563,221.58725822348936,-6.870256198120823,286.56028293489715,60.70890905128134,55.61863265092173,-7.391045870847586,37.97663962454129
47636146,94.421000,-48.865803,217.158891,1027.25,1078.76,1247.9,1029.6,-0.0,-0.0,1.0,0.31,0.4,1.0,1400.04,-0.2609487999016021,1.3460128863521938,0.005516463132417799,-0.02746476291229737,0.029828702133786092,-0.1581029939010108,326.09155121900227,448.7477606683917,6.536520926112651,355.4214426233309,221.5933473868057,-6.952436753862127,286.5980132775772,60.65746599423558,55.614428482088314,-7.357253153526974,37.8682392652812
47636246,94.519000,-48.920003,217.181427,1027.19,1078.69,1247.45,1029.58,-0.01,-0.0,1.0,0.3,0.36,1.0,1400.12,-0.2605809237198372,1.3441554089404186,0.0041488030820433066,-0.021075106563821843,0.00033790700379808443,-0.005961438950291767,326.04268329725835,448.7979310602846,6.352625384479376,355.52541950392896,221.63037099698232,-6.907146135262261,286.78379407737833,60.574332522718294,55.416271793399495,-7.394746936351768,37.90315849156126
47636346,94.619000,-49.009975,217.210521,1027.21,1078.7,1247.49,1029.62,-0.01,-0.0,1.0,0.3,0.37,1.0,1400.04,-0.2601172873762596,1.3417442451466748,0.004827791419091703,-0.025598505425954727,0.04200810744960648,-0.2353424899980622,326.08442707705586,448.7462407835317,6.562196661644669,355.5194320622133,221.59121917994932,-7.016270212236017,287.1250931277759,60.41279334048945,55.20122772724233,-7.383310382503425,37.7600409108475
47636447,94.719000,-49.093187,217.231566,1027.17,1078.71,1247.45,1029.52,-0.01,-0.0,1.0,0.3,0.37,1.0,1400.12,-0.2596987869888074,1.3394323427906871,0.004352162039821309,-0.024678712173436253,0.020926041457428466,-0.13506051816476405,326.0672338066442,448.7380981045507,6.52968007162067,355.6103762316234,221.63006605725502,-7.159197615100195,287.14642511962546,60.43386716210491,55.419672792342936,-7.411650193295655,37.83541385654425
47636546,94.819000,-49.183519,217.284867,1027.16,1078.75,1247.31,1029.67,-0.01,-0.0,1.0,0.3,0.37,1.0,1400.16,-0.2593265978314257,1.3372093130094203,0.003828039030465197,-0.023665058487520825,0.023974826589295208,-0.16746997448131692,326.09008529312905,448.74643673972827,6.589025599632088,355.4573175147094,221.61116080307053,-6.9651201825095095,287.0546761328761,60.369732876869975,55.36587095057969,-7.395297923001729,37.79630250546468
47636646,94.918000,-49.284865,217.400341,1027.24,1078.63,1247.34,1029.57,-0.01,-0.0,1.0,0.29,0.38,1.0,1400.11,-0.25899954093453714,1.3350921648670557,0.003594994140290969,-0.02383798015038766,0.03701756509014922,-0.2568929974112599,326.09082664816583,448.7443157995106,6.552479343733214,355.38726986378725,221.6211388783623,-6.926565324286035,286.8189034581637,60.4235664676654,55.38757432083019,-7.349954272240587,37.74328054512962
47636747,95.019000,-49.390378,217.594800,1027.16,1078.78,1247.33,1029.66,-0.01,-0.0,1.0,0.29,0.37,1.0,1400.09,-0.25870255011369486,1.3330810621105718,0.0033496043099146425,-0.0228463545899795,0.026678979292535668,-0.18445263064005818,326.0697052641543,448.8031149780627,6.340472928514585,355.51487720331016,221.61874486878122,-6.915635264527725,286.91489666755274,60.515581653696664,55.34652734624955,-7.384888854912219,37.83476104978846
47636846,95.124000,-49.497287,217.860301,1027.08,1078.72,1247.2,1029.66,-0.01,0.0,1.0,0.28,0.37,1.0,1400.09,-0.2584274757496282,1.331186466270326,0.0027397466559698634,-0.019101738277596172,0.003773224865314822,-0.034603557178617024,326.06014475878266,448.80083634596616,6.372956300210842,355.49102048595967,221.58554704381993,-6.97528019769884,287.0335403968827,60.401299524283246,55.37372326244767,-7.380349525805212,37.77239242958308
47636947,95.218000,-49.618907,218.151606,1027.16,1078.67,1247.27,1029.65,-0.01,0.0,1.0,0.27,0.34,1.0,1400.1,-0.2581846926076241,1.3294348488093395,0.002431964959492109,-0.0179649046443003,0.005211461405120538,-0.05010976933395996,326.059782199202,448.81038632711255,6.375982756080288,355.50188610132074,221.58107861606132,-7.043140075239837,287.0404293496467,60.39085104379037,55.17466069223574,-7.382683682060106,37.777493423206195
47637047,95.322000,-49.757446,218.527841,1027.31,1078.56,1247.13,1029.6,-0.01,0.0,1.0,0.26,0.31,1.0,1400.09,-0.2579775401789337,1.3278182255063549,0.0020599321070766253,-0.016647063264195388,0.006346890877653622,-0.06442719466459766,326.089806485179,448.7343554706085,6.570012239691152,355.4557067043747,221.59578040325633,-6.937712127690755,286.96207654106365,60.456525026943886,55.307353086431256,-7.3666946339323,37.761726241670466
47637147,95.420000,-49.915346,219.023660,1027.13,1078.74,1247.26,1029.57,-0.01,0.0,1.0,0.26,0.27,1.0,1400.15,-0.25779873069682024,1.326325293537637,0.0018255429524902098,-0.015470162973572819,0.006756617860096383,-0.062212217938717174,326.08342392095085,448.73756736248174,6.575886468721374,355.4406075711507,221.6013675304748,-6.923548737733141,286.8099738568156,60.48488558040435,55.339724027545834,-7.364608181695826,37.8017196846374
47637247,95.519000,-50.051812,219.459448,1027.2,1078.57,1247.29,1029.6,-0.01,0.0,1.0,0.25,0.29,1.0,1400.12,-0.25763912441217884,1.3249558530670127,0.001633973302672325,-0.014044139377524613,0.005624288119306597,-0.047688707656815175,326.0818945076135,448.74334471535064,6.561839700757289,355.4589283529638,221.61197961533864,-6.939013330960424,286.8414156030571,60.4793045546942,55.30279233529287,-7.369688267493667,37.805854541424345
47637347,95.618000,-50.176088,219.861717,1027.15,1078.69,1247.26,1029.56,-0.01,0.0,1.0,0.22,0.2,1.0,1399.01,-0.257497729073214,1.323722599641213,0.0013994911932839746,-0.01237574812265772,0.002991084746364937,-0.030286549062021606,326.05941014645606,448.8048944286524,6.575259219980312,355.47561378467077,221.6098178073302,-6.9695864835476975,286.95591559179934,60.48501064353517,55.287884153752785,-7.37735980436369,37.79275678603885
47637448,95.719000,-50.294676,220.240474,1027.1,1078.65,1247.27,1029.56,-0.01,0.0,1.0,0.22,0.16,1.0,1399.02,-0.25737698534757625,1.3226289660919195,0.0012252664825980364,-0.011358809765169014,0.0068767145329194125,-0.07124918209804312,326.03459171373805,448.81398366552145,6.566030766963702,355.5097939417,221.598964457012,-6.980627698464409,287.0987175808959,60.391767053155334,55.325809277606425,-7.391351101175524,37.777486255058015
47637547,95.820000,-50.407599,220.592560,1027.14,1078.66,1247.23,1029.61,-0.01,0.0,1.0,0.23,0.16,1.0,1399.16,-0.2572792953641551,1.3216593719977043,0.0009975750429110043,-0.010506993526264044,0.00661761086976923,-0.08629862051349321,326.08786128315927,448.74382234899537,6.579414381460023,355.4887416769639,221.58121767477297,-6.891266474807407,287.04392841375545,60.445319856637326,55.29770152222467,-7.374601570734901,37.76326662003355
47637647,95.919000,-50.495485,220.869070,1027.26,1078.65,1247.17,1029.54,-0.01,0.0,1.0,0.23,0.15,1.0,1399.45,-0.257204811566731,1.3208036004364097,0.0007504630167865987,-0.009079659286020832,0.004202304637004362,-0.06272178200170754,326.0668178142151,448.73246398812955,6.55817438355755,355.4538939260804,221.61453671230652,-6.91487773261862,286.84849850844654,60.44764512884337,55.38336638476713,-7.37261120728615,37.80366855062028
47637747,96.019000,-50.547830,221.035807,1027.19,1078.67,1247.15,1029.56,-0.01,0.0,1.0,0.2,0.06,1.0,1398.76,-0.25714809077247885,1.3200594563920671,0.0005090893591095765,-0.006922483255512067,0.0003406234333650495,-0.009372455559516534,326.08921133059164,448.73481484085926,6.562900929949594,355.4458388519291,221.64675959982884,-6.936087026619811,286.7921496396813,60.485516736535516,55.295453540046495,-7.3660143863695815,37.805732361553154
47637847,96.118000,-50.579314,221.089984,1027.17,1078.7,1247.14,1029.61,-0.01,0.0,1.0,0.2,0.06,1.0,1398.52,-0.2571025805478938,1.3194293522983045,0.00047181810437297775,-0.006543302536247224,0.0029843076551729756,-0.04144491166265189,326.072581789488,448.73776294078385,6.5469077219194824,355.4372061786597,221.61061927325133,-6.9719012807714655,286.817426561215,60.468400076847836,55.30441288430161,-7.366744776407414,37.79942656045349
47637948,96.220000,-50.568025,220.999738,1027.1,1078.69,1247.05,1029.58,-0.01,0.0,1.0,0.2,0.04,1.0,1398.66,-0.2570636177542549,1.318900607145535,0.0003992563111791116,-0.005347671513851457,0.0018970198245794566,-0.024719429488991997,326.0388244529181,448.7932388536978,6.340105023847442,355.4864184918306,221.58050104664065,-6.972331726711106,287.0394279141421,60.45579480698901,55.329127145469634,-7.384577708184057,37.78530683281278
47638048,96.319000,-50.529513,220.772561,1027.17,1078.65,1247.17,1029.53,-0.01,0.0,1.0,0.19,0.04,1.0,1399.04,-0.25703486013611937,1.3184608537468165,0.00025446598340570046,-0.004555579743571612,0.0002785450179077968,-0.02567959113659622,326.08359905849454,448.7373353038851,6.576603419457484,355.4612764963537,221.60335025798986,-6.972200257241077,286.99346642813816,60.456420894251195,55.292796575832675,-7.369763872575027,37.75910636241001
47638147,96.420000,-50.444170,220.360198,1027.17,1078.73,1247.07,1029.62,-0.01,0.0,1.0,0.2,0.03,1.0,1399.34,-0.25701864439906646,1.3180950884757108,0.0001451156642033307,-0.003679341792792533,0.00011819655051438866,-0.012834214071000952,326.09233526672165,448.73843295550597,6.565376652254352,355.4302698163272,221.63100336660932,-6.931967407782397,286.811793429657,60.47760449966744,55.32665353328341,-7.360754398361815,37.7856207784411
47638247,96.520000,-50.354765,219.949500,1027.19,1078.69,1246.95,1029.64,-0.01,0.0,1.0,0.2,0.03,1.0,1399.52,-0.2570070855172702,1.317792145030004,0.00011584266570220346,-0.0029198762866955727,0.00036193682513557725,-0.005009261674559446,326.08382346802176,448.7437803386737,6.568550864196254,355.4451459317745,221.61826638516868,-6.902298184784043,286.8006092789991,60.46379896585133,55.33080433395103,-7.365977788215929,37.80377346790787
47638348,96.620000,-50.275980,219.600622,1027.28,1078.62,1247.18,1029.57,-0.01,-0.0,1.0,0.19,0.03,1.0,1399.57,-0.2569964072178478,1.3175544268708745,9.98147187752872e-05,-0.0021070561273173294,0.0003332228529289676,-0.006172256938107151,326.09127728108143,448.73697999280705,6.559717602951177,355.4389153375439,221.60576382215467,-6.927918230310592,286.8099050894639,60.47932206484481,55.310983035052644,-7.374062054601796,37.81886183574374
47638447,96.720000,-50.196910,219.234504,1027.25,1078.62,1247.13,1029.54,-0.01,-0.0,1.0,0.19,0.01,1.0,1399.77,-0.25698907851699193,1.3173827339827473,6.788120767685146e-05,-0.0018384209922997603,0.00027416223176435206,-0.01504034318662419,326.09237975070073,448.7496665639727,6.542783062965204,355.48695826795404,221.58693152291437,-6.950443935270402,286.998919342672,60.465370989919904,55.3666900394867,-7.373034085323734,37.77498646857244
47638548,96.819000,-50.155580,219.052122,1027.08,1078.7,1247.08,1029.48,-0.01,0.0,1.0,0.22,0.14,1.0,1399.39,-0.2569858015153652,1.3172588381171206,1.7180143731170654e-05,-0.0012110453097932783,-0.00042403686075077185,-0.00539467751383479,326.08778749688037,448.740934946008,6.568911959265116,355.45928648277237,221.6053563161903,-6.951750703129355,286.97570419606194,60.48138868756321,55.33319443922409,-7.3681798357865285,37.76362752709464
47638647,96.920000,-50.108314,218.836655,1027.27,1078.73,1247.04,1029.53,-0.01,0.0,1.0,0.22,0.14,1.0,1399.78,-0.2569879342084422,1.3171712872621333,-4.0876731842079654e-05,-0.0008311113336316525,-0.0006020336215559086,-0.004302319986149524,326.03030446220356,448.8175871820233,6.582457969406439,355.4343321517902,221.60669092688823,-6.9225635804851215,286.831367723488,60.47467177934324,55.315808393815374,-7.373831997573024,37.809846914115205
47638748,97.019000,-50.075389,218.693841,1027.1,1078.62,1246.95,1029.63,-0.01,0.0,1.0,0.22,0.13,1.0,1399.84,-0.2569924572961808,1.3171164327215368,-7.163182201405947e-05,-0.0004489624263623327,-0.0013826342951030425,0.00037674559454452234,326.090479133458,448.7383293155419,6.557084083169872,355.42457416877767,221.6197632786192,-6.953487457314277,286.787103419055,60.48370805932226,55.33237748254959,-7.359444722521734,37.79094114665565
47638847,97.120000,-50.051208,218.603920,1027.11,1078.66,1246.98,1029.5,-0.01,0.0,1.0,0.21,0.13,1.0,1399.97,-0.2570001139570748,1.3171055566550849,-8.113616037175051e-05,3.2777285375602884e-05,-0.00045730811438066295,0.003718919646238123,326.0862006120307,448.7491293128803,6.555215110364826,355.4349284389212,221.5939114452149,-6.949916475684923,286.82821507029286,60.47856924181608,55.32741082363644,-7.361900565959015,37.78925012827851
47638947,97.219000,-50.037708,218.563671,1027.22,1078.62,1247.0,1029.61,-0.01,0.0,1.0,0.22,0.14,1.0,1399.98,-0.25700687293219915,1.3171285367488677,-7.154552422764063e-05,0.00037167592338983353,-0.0006981169597968268,0.0062269445483782064,326.0897680220677,448.74342874437934,6.570882786495207,355.4828577232478,221.58134739400558,-6.880530298796231,286.95717079666775,60.48414082478121,55.29656212321252,-7.372685737156259,37.78874738604166
47639048,97.320000,-50.036968,218.569702,1027.17,1078.64,1247.06,1029.54,-0.0,0.0,1.0,0.22,0.13,1.0,1399.88,-0.2570148456339375,1.3171736462776402,-0.0001108315913417576,0.0006278859863474243,-0.0016670228741987858,0.009398579484870075,326.07730442106674,448.7443481258207,6.557244786316258,355.4602832515434,221.5877035824688,-6.959805672984254,286.96248012234037,60.488389037107915,55.335441946865714,-7.370351969654686,37.77541168087426
47639148,97.420000,-50.042947,218.604521,1027.25,1078.61,1247.01,1029.5,-0.0,0.0,1.0,0.22,0.13,1.0,1400.14,-0.257026464278106,1.3172377997020488,-0.0001414494759473399,0.0007793279003749329,-0.0014824921531935266,0.008474336495759233,326.07056749270816,448.73401169588857,6.5467154011326185,355.44060393636926,221.61108196198188,-6.94603764492748,286.8462720527732,60.47877191732844,55.29778577672019,-7.362954755596319,37.76501532798167
47639247,97.520000,-50.055683,218.675921,1027.21,1078.71,1246.99,1029.51,-0.01,0.0,1.0,0.23,0.12,1.0,1400.16,-0.2570380606389632,1.3173106905008471,-0.00012652615772678962,0.0008639939543467208,-0.001164426023569616,0.009512678940037173,326.0468697665552,448.8109580722261,6.600712677682081,355.45138631631113,221.6137832118295,-6.9124408255796315,286.8038967811248,60.487914076515146,55.30809325032024,-7.37439368510364,37.825160371509504
47639348,97.620000,-50.079266,218.798036,1027.23,1078.64,1247.11,1029.52,-0.01,0.0,1.0,0.22,0.13,1.0,1400.08,-0.25705024848804914,1.317400979329643,-0.0001492188438618887,0.0011292179311452094,-0.0015434343855505156,0.011993333776992993,326.0900397025194,448.7350448768281,6.568961883063639,355.42745844440043,221.6349565173515,-6.909015693805889,286.78934527450133,60.484339119768265,55.30779162571345,-7.360861733663191,37.79210178283295
47639449,97.720000,-50.104291,218.932522,1027.24,1078.63,1246.98,1029.61,-0.01,0.01,1.0,0.22,0.11,1.0,1400.12,-0.25706307683349455,1.3175129816205047,-0.00012615906846901841,0.0012586813289336026,-0.0004453976529469173,0.008895038769539038,326.0958114412309,448.732409999057,6.53909981107847,355.44322438347376,221.60968832873206,-6.938194765905425,286.8369471734954,60.47091078780498,55.339435412605866,-7.362616076556465,37.78754611560189
47639548,97.821000,-50.147112,219.144491,1027.15,1078.64,1247.1,1029.56,-0.01,0.01,1.0,0.23,0.14,1.0,1400.08,-0.2570727835743124,1.317632929489598,-9.261113211599855e-05,0.0012933234541442594,-9.162614705478406e-05,0.005240724907436382,326.0570252875391,448.8088205299599,6.6056041092344175,355.44086041669675,221.5855362958507,-6.949448190308687,286.9074569043943,60.4492156238909,55.4022150386482,-7.368426530569236,37.77754276320694
47639648,97.920000,-50.211287,219.443246,1027.26,1078.73,1247.09,1029.54,-0.01,0.01,1.0,0.24,0.15,1.0,1400.22,-0.25708035697995735,1.3177527739172907,-7.632726049416494e-05,0.0012422633604478959,-0.00027542402154895405,0.0050827810935522,326.0905936336188,448.74030899212704,6.5549563785931495,355.4740037548638,221.57441063769988,-6.8878425342726,286.95883131904407,60.454339048747435,55.38322437188404,-7.370162022726651,37.777604760493816
47639748,98.020000,-50.283915,219.775205,1027.2,1078.73,1247.04,1029.46,-0.01,0.01,1.0,0.24,0.14,1.0,1400.26,-0.25708698528111495,1.3178657485693768,-6.921501568913957e-05,0.0011643358370236002,-0.00039460867377094807,0.005351641735718103,326.0614459446045,448.73446069211025,6.560044531844981,355.440338787289,221.61258487369687,-6.937525817050892,286.84910231128316,60.481533789528086,55.3269219990936,-7.3704540420750515,37.799684641051286
47639849,98.120000,-50.385936,220.235659,1027.25,1078.68,1246.94,1029.56,-0.01,0.01,1.0,0.24,0.16,1.0,1400.27,-0.25709366332613987,1.3179730757327186,-7.64458457528271e-05,0.001171573235990872,-0.0006321292102165762,0.00816873328914433,326.06299271928987,448.79075530888116,6.374260550066677,355.4171931862487,221.62366504715496,-6.986622981156236,286.7844635873528,60.48500470258683,55.34851361453579,-7.362877669806937,37.796046145243125
47639948,98.221000,-50.475321,220.645169,1027.17,1078.65,1246.9,1029.51,-0.01,0.01,1.0,0.24,0.13,1.0,1400.27,-0.2571016115897823,1.3180881150292774,-9.3700716487511e-05,0.0012982177864883633,-0.0006844651315377685,0.008438182449806689,326.0108798826349,448.8043881219112,6.527097741829141,355.4289211732127,221.63283022500815,-6.918498528393726,286.7740999379991,60.487581959759126,55.31781143896268,-7.378570993611834,37.83323670154726
47640049,98.320000,-50.615138,221.272302,1027.27,1078.65,1246.86,1029.56,-0.01,0.01,1.0,0.24,0.14,1.0,1400.12,-0.257112403459246,1.3182154141653493,-0.00011764427136764964,0.0013549977083300458,-0.0002934201059598192,0.004865097758654719,326.0842337913853,448.7417776547292,6.570013150761457,355.4459326919151,221.60826068279903,-6.952130046380989,286.9264068150226,60.4964671834606,55.303419579270546,-7.36581449682806,37.771280947384575
47640148,98.421000,-50.718207,221.740054,1027.23,1078.65,1246.96,1029.6,-0.01,0.01,1.0,0.24,0.13,1.0,1400.17,-0.25712295243061206,1.3183406286884536,-0.00011006845530657825,0.001305929265411987,-0.0004659374763233289,0.0058853080983434876,326.0818558763463,448.74986998044824,6.578690536173296,355.4414618715684,221.60294111702615,-6.93737215397486,286.8598777160172,60.48419964907899,55.30025753771328,-7.3648651166759995,37.78717842288571
47640248,98.520000,-50.814825,222.174247,1027.17,1078.56,1246.98,1029.63,-0.01,0.01,1.0,0.24,0.13,1.0,1400.13,-0.25713304302025697,1.3184534901947602,-0.00010342120783433665,0.00117553991562958,-0.00030043977565918776,0.005280671241462923,326.0825631222715,448.7394069585362,6.554848382846351,355.4457428664131,221.61067933305523,-6.892322562309244,286.8149079517525,60.48439698107173,55.28633901313956,-7.366335529249134,37.80397842550245
47640348,98.621000,-50.888122,222.512355,1027.27,1078.72,1246.99,1029.67,-0.01,0.01,1.0,0.25,0.14,1.0,1400.27,-0.25714118530972957,1.3185583633636462,-7.732242646336637e-05,0.0011205070283211063,-0.0002598828187526226,0.008009345568155359,326.05812570065524,448.7998615830363,6.351894226476957,355.42319066983987,221.60895644226068,-6.929625251989926,286.77752691971364,60.492382472677846,55.33992840758538,-7.359899962811132,37.79850903822517
47640449,98.720000,-50.950480,222.807744,1027.22,1078.59,1246.91,1029.53,-0.01,0.01,1.0,0.25,0.13,1.0,1400.22,-0.2571457473082497,1.3186594678220172,-3.784237832457932e-05,0.001127174156189722,-8.462697638922139e-05,0.009498193274347831,326.08786011094304,448.74050628360425,6.571637484971329,355.43876783081583,221.61265217558088,-6.908269608140642,286.8072941147991,60.49980890395672,55.310874915376985,-7.363318649660486,37.79986001433563
47640548,98.821000,-51.033965,223.190031,1027.21,1078.63,1246.93,1029.58,-0.01,0.01,1.0,0.24,0.12,1.0,1400.23,-0.25714734510995285,1.3187559749219064,-7.123350678694205e-06,0.0010441114618289786,0.00014370743853138232,0.008164087936139926,326.0830490120891,448.74287073717915,6.560309169298161,355.44288817663926,221.59459108310486,-6.936937666152394,286.8546791973653,60.4745835021256,55.39912318929255,-7.364879648698443,37.789039689328234
47640648,98.921000,-51.063303,223.332925,1027.34,1078.61,1246.78,1029.73,-0.01,0.0,1.0,0.16,0.24,1.0,1399.39,-0.2571460301216091,1.3188425728953612,2.6043710111543556e-05,0.0009075842354098762,0.0003979691195191518,0.006478326608092703,326.0842849502655,448.7388455288374,6.573910369218869,355.4221901193069,221.57581243916042,-6.923612149270027,286.836831032617,60.48835929793607,55.3462832230183,-7.358965143207152,37.78052538567836
47640749,99.020000,-51.055820,223.312688,1027.28,1078.65,1246.96,1029.66,-0.01,0.0,1.0,0.16,0.26,1.0,1399.25,-0.257142514489079,1.3189169358209185,5.1133419784375595e-05,0.0007900550817719064,0.0007768692951113221,0.006618327660257431,326.0873796802562,448.74339704166977,6.5620671000902355,355.44104262213204,221.63429689771712,-6.9275246300745,286.81195096136867,60.494875465150656,55.29372876005426,-7.364603691903049,37.79830571367978
47640848,99.121000,-51.014104,223.140983,1027.24,1078.65,1246.94,1029.62,-0.01,0.0,1.0,0.17,0.28,1.0,1399.36,-0.25713760147718046,1.3189831712727766,5.867874806816505e-05,0.0007299884421607154,0.0005869027778849852,0.005145686167826356,326.08387516456025,448.7367230855309,6.593029727945986,355.4161409908484,221.61628282221972,-6.939821349865941,286.7675220088084,60.497408459241065,55.31380746613432,-7.358930772779949,37.79547142667518
47640948,99.220000,-50.937782,222.817214,1027.15,1078.62,1246.92,1029.66,-0.02,0.0,1.0,0.16,0.29,1.0,1399.44,-0.2571315703057235,1.3190448431277864,7.087927249854844e-05,0.0006432516742739216,0.0005409679926425796,0.0028383102854983118,326.0873034115707,448.7399389988235,6.559559293276185,355.43023918123777,221.63238604667865,-6.922598451224092,286.80065699847177,60.498290152358265,55.31108729862349,-7.361991462365358,37.793911559996836
47641048,99.321000,-50.838670,222.393509,1027.28,1078.69,1246.88,1029.65,-0.02,0.0,1.0,0.16,0.31,1.0,1399.66,-0.25712503762887573,1.3191044648593253,7.107589868653543e-05,0.0006081647107941342,0.0004443936248289508,0.0022204139331268038,326.0495087691703,448.7939067282292,6.350507039379377,355.4346260742984,221.58383169745025,-6.946976648013495,286.82823056746145,60.489325844078266,55.299743575854826,-7.369168205896064,37.806360964917275
47641149,99.420000,-50.720859,221.885626,1027.14,1078.75,1246.87,1029.63,-0.02,0.0,1.0,0.17,0.33,1.0,1399.69,-0.2571185572270248,1.3191587381682561,6.363584188164294e-05,0.0005703929347579073,0.0001625999696255677,0.002523064433761827,326.0860404064654,448.74469340169713,6.558093936230817,355.4334678083623,221.59863513887956,-6.938463503627649,286.82408620612455,60.48944712061538,55.295213443722865,-7.3618715399340715,37.79078423801398
47641249,99.521000,-50.590748,221.322411,1027.37,1078.65,1246.9,1029.67,-0.02,-0.0,1.0,0.16,0.35,1.0,1399.85,-0.2571119523409027,1.3192047805018883,7.36631853270228e-05,0.00045192567409720654,0.0003843172596498008,0.0013475875281409033,326.0892098239261,448.74147029410125,6.54148584274723,355.46458942296175,221.64849404867724,-6.8839640914780444,286.79044801257413,60.502608613362916,55.31214018000548,-7.370509876169529,37.82284654530579
47641350,99.621000,-50.436755,220.654997,1027.25,1078.6,1246.78,1029.68,-0.02,-0.0,1.0,0.15,0.36,1.0,1399.82,-0.25710588695784714,1.3192482966345207,5.261142387476347e-05,0.0004886578222549961,-0.00011756068047224347,0.003069893705765732,326.07780683450005,448.7280689653886,6.5540277649078265,355.45699177002314,221.64553818410997,-6.893356365177043,286.77343192518515,60.4927903454456,55.35068157475608,-7.369523313045979,37.82286969417166
47641449,99.722000,-50.264624,219.908091,1027.28,1078.6,1246.81,1029.59,-0.02,-0.01,1.0,0.19,0.17,1.0,1399.89,-0.25710287702290774,1.3192991589657266,1.853860974225708e-05,0.0005662449702158526,-0.0002266581622904384,0.004254311190357335,326.0826079414844,448.7403725654473,6.5507438772838835,355.4382824854429,221.60949739053942,-6.92053655693562,286.7770224200523,60.50243321355412,55.33177770764879,-7.364404505208039,37.81173820309719
47641550,99.821000,-50.087868,219.145361,1027.13,1078.57,1246.82,1029.69,-0.02,-0.0,1.0,0.19,0.17,1.0,1400.05,-0.2571021539843996,1.31935633873242,7.960150535547274e-06,0.000633091428780491,9.22119630842413e-05,0.0029560102258195174,326.08220411094266,448.7337338190219,6.56368794926247,355.42807305644976,221.59854055971218,-6.937017649797085,286.81071238790776,60.51297338674039,55.31915522949343,-7.361833159315924,37.79613823713942
47641649,99.923000,-49.899476,218.326863,1027.18,1078.55,1246.81,1029.66,-0.02,-0.0,1.0,0.2,0.19,1.0,1399.96,-0.2571009038933624,1.3194079673829466,1.8989089245141412e-05,0.0005115112613896707,0.0002542487932675033,0.0013774194153976286,326.08119100587817,448.75334270052383,6.562713065867982,355.44111500108784,221.62884587373074,-6.934495660384131,286.8234275380865,60.487122691398056,55.30747242492351,-7.3656634253429205,37.79669772669232
47641750,100.022000,-49.704936,217.479556,1027.13,1078.66,1246.81,1029.65,-0.02,-0.0,1.0,0.19,0.19,1.0,1400.2,-0.2570986407211905,1.319449607606094,2.3841573069842568e-05,0.000407197343593803,8.718112539563356e-05,0.00120625127609987,326.0913634486394,448.7492005004178,6.569686311078246,355.4154472824041,221.59440157573925,-6.945668584393974,286.7884567383045,60.503128858471406,55.355027669776135,-7.355799959305064,37.786239194800224
47641849,100.123000,-49.509898,216.632017,1027.22,1078.52,1246.8,1029.72,-0.02,-0.0,1.0,0.26,0.07,1.0,1399.47,-0.2570954890996423,1.319481680287383,4.5249391070485734e-05,0.0003080302524207873,0.0005486525479278168,0.0011593305597672862,326.08233109703883,448.74353144852614,6.561047625177303,355.4552654121844,221.64562235320457,-6.880284613667806,286.78016808324963,60.50603359058754,55.35720770145282,-7.369744757371761,37.822411426622566
47641950,100.222000,-49.310327,215.761669,1027.19,1078.47,1246.8,1029.69,-0.02,-0.0,1.0,0.26,0.08,1.0,1399.55,-0.25709276622499566,1.3195130145254055,1.7468109373481378e-05,0.00036219409151442406,-0.0001703983208008101,0.0028802663495245584,326.05480040218055,448.80194900245465,6.606392046995408,355.42181277480387,221.61049119203537,-6.929934658840269,286.7564166020844,60.50310407448723,55.3562121928491,-7.365274603516574,37.81468181395583
47642050,100.322000,-49.122952,214.946754,1027.2,1078.62,1246.87,1029.53,-0.02,-0.0,1.0,0.26,0.08,1.0,1399.57,-0.25709244312415735,1.319549453990745,-2.3452766229744396e-08,0.00041249525318312564,-3.9620099125224085e-05,0.0030227492858315957,326.0836297206817,448.73849714752384,6.562247792309867,355.43238028100706,221.61238687370118,-6.908586253472586,286.7779528193364,60.493991380256794,55.364253546722836,-7.362839327067536,37.80509812257729
47642150,100.422000,-48.940135,214.151486,1027.2,1078.66,1246.89,1029.47,-0.02,-0.0,1.0,0.26,0.09,1.0,1399.77,-0.25709264159028566,1.3195858896292039,8.593753701592635e-07,0.0003796201966840221,0.0001288497940068212,0.001940144141990059,326.06553264886435,448.8012265321464,6.599757724570619,355.4261702260583,221.60083733958365,-6.8964606145131135,286.81158169844826,60.498901423697774,55.36254728763652,-7.363407053866215,37.79635253245661
47642250,100.522000,-48.757895,213.357500,1027.22,1078.56,1246.84,1029.49,-0.02,-0.0,1.0,0.26,0.09,1.0,1399.75,-0.25709198107288456,1.3196162776834643,1.058215869767636e-05,0.0002991611583624376,0.00015450005974646492,0.0013967193126880825,326.0825098437582,448.73957717542265,6.5588206078385145,355.44279704967346,221.63203170697528,-6.941072832642479,286.7919794252185,60.510315450186965,55.33222621975734,-7.366297288505127,37.81050174898277
47642351,100.623000,-48.575218,212.560098,1027.16,1078.56,1246.84,1029.49,-0.02,-0.0,1.0,0.27,0.09,1.0,1399.93,-0.25709098057263063,1.319640097302549,8.401363675825909e-06,0.0002600245321533554,-4.155019212568706e-05,0.0020914066930083734,326.0934964691973,448.7367616391568,6.569070231437549,355.44352507314375,221.6065514581249,-6.92575205645427,286.7645449165953,60.50288809518714,55.349281798942854,-7.36302498341569,37.81474849761941
47642450,100.723000,-48.389768,211.753297,1027.13,1078.54,1246.72,1029.58,-0.02,-0.0,1.0,0.27,0.09,1.0,1399.95,-0.2570906230613226,1.3196650859873675,6.91823410581571e-06,0.00027742726301062084,0.00019738438595511015,0.0017250913081397437,326.0960742603131,448.74358007359257,6.578536546357776,355.4173714494406,221.62175547370714,-6.956927276568653,286.76216301097526,60.51830474833367,55.31273779399189,-7.356164742545645,37.79390076071137
47642551,100.823000,-48.194483,210.905515,1027.15,1078.55,1246.75,1029.65,-0.02,-0.0,1.0,0.26,0.1,1.0,1399.97,-0.25708827203776097,1.3196868516813218,3.574527935153814e-05,0.00020954170123105265,0.00038779211269558765,0.0010032977621680856,326.0743005289384,448.7436028255467,6.542739986396551,355.44404681941313,221.6124502644496,-6.925144342116001,286.779741423253,60.5070712570771,55.38052355653028,-7.367886979553152,37.819835867628576
47642652,100.923000,-48.003962,210.072544,1027.24,1078.53,1246.8,1029.52,-0.02,-0.0,1.0,0.27,0.1,1.0,1399.98,-0.2570874473688295,1.3197114195808428,-1.9928104482607722e-06,0.0003000340581843317,-0.00018347785267999796,0.0027636883380237867,326.08037451318637,448.73206002606224,6.560014766560877,355.4337919646685,221.63385494566793,-6.946547880906318,286.7975393611696,60.50043827119841,55.37486699490215,-7.364892212324824,37.80180776503789
47642751,101.026000,-47.798891,209.176030,1027.33,1078.44,1246.65,1029.57,-0.02,-0.0,1.0,0.28,0.11,1.0,1400.04,-0.25708838598019124,1.3197380957138087,-1.2581682130688824e-05,0.0002759867657796557,-0.0001059802217459429,0.001536706281698164,326.0322908002197,448.81028602236756,6.582340623038718,355.45164450953337,221.62730705918102,-6.914534514481753,286.7754611834901,60.50686566193803,55.353910567699764,-7.378529675999366,37.8427638478519
47642852,101.124000,-47.598708,208.301856,1027.13,1078.95,1247.9,1029.47,-0.02,0.0,1.0,0.43,0.83,1.0,1399.97,-0.2570886551104756,1.3197581104068201,-5.770206947242525e-06,0.00021667856978392576,-0.00037897642383502523,0.0024116402356709828,326.07093386734084,448.7333601994097,6.534713372615805,355.4375950287035,221.63177323252165,-6.94453141076604,286.7796315048562,60.49742389071179,55.33683346505273,-7.368070089184274,37.81457796766614
47642951,101.224000,-47.407551,207.464691,1026.98,1076.24,1239.04,1029.04,-0.02,0.0,1.0,0.36,0.49,1.0,1400.09,-0.2570906457426646,1.3197794386568538,-2.752801842519113e-05,0.00023368150925917987,-0.00029503990737592703,0.0013793604649767934,326.0373161577593,448.7870959973805,6.352370657767501,355.43810339102487,221.6443936592216,-6.913336678871704,286.76797145950184,60.49802164058708,55.37862621336634,-7.375217510400726,37.83099294098475
47643051,101.323000,-47.215856,206.623837,1027.14,1076.89,1240.3,1029.51,-0.02,0.0,1.0,0.29,0.21,1.0,1400.08,-0.2570944878582052,1.319801617882679,-5.282733686192822e-05,0.000244359902666176,-0.0005735694045878889,0.0014059361698989276,326.0946242750812,448.7327173801755,6.577911853000072,354.77266969566665,221.4997567656592,-6.767479326671256,288.2720046139634,58.586897669685264,53.82552336031083,-7.193012683774631,36.59119831583635
47643152,101.422000,-46.990608,205.563393,1027.19,1076.91,1240.71,1029.51,-0.02,0.0,1.0,0.31,0.35,1.0,1400.11,-0.2570771599595132,1.319677670473764,0.00043725878569679614,-0.0031278263502272073,0.00981725701912332,-0.07445401540914476,326.08563261550114,448.74473090102873,6.538779798376393,355.34814570793213,221.57319215238334,-6.793915391467876,288.59810277535365,58.745635713014444,53.71396152590738,-7.339988860841383,36.970818773776706
47643252,101.523000,-46.844073,204.666389,1027.15,1077.11,1241.15,1029.45,-0.02,0.0,1.0,0.37,0.68,1.0,1400.12,-0.2570085165432566,1.3190558607071596,0.0008485226287270572,-0.008514761469670024,0.008140403264001464,-0.10379151275740785,326.05471975435734,448.7931314151564,6.346904886255512,355.0187381819624,221.51068886338157,-6.759731620480075,288.982126784907,58.23200385004203,53.27145490039386,-7.262413311910631,36.54525862315513
47643351,101.624000,-46.718958,203.781011,1027.01,1076.06,1235.3,1029.15,-0.02,0.0,1.0,0.37,0.51,1.0,1400.13,-0.25691357532975345,1.3179940804330474,0.0012359578066344443,-0.014193178385009884,0.014414902536812758,-0.17189940575699664,326.08504983598567,448.74572967597993,6.546838756121114,355.00648511386146,221.53297420516412,-6.674080665525806,288.24477821269227,58.642648403653965,53.46107868737701,-7.254050280788909,36.79470511432759
47643451,101.723000,-46.557729,202.833456,1027.12,1076.13,1235.5,1029.54,-0.02,0.01,1.0,0.32,0.25,1.0,1400.05,-0.2567907032782878,1.3165810886311582,0.001435548682816335,-0.016128766093816034,0.01095260372153057,-0.11018642228465367,326.0839915274077,448.73948232155857,6.561673721709503,354.2066203216556,221.43047850738947,-6.428986823772999,289.14772792529396,57.222957695127505,52.16461137147113,-7.052784479957601,35.7190013777983
47643552,101.823000,-46.406630,201.868015,1027.09,1075.95,1236.27,1029.48,-0.01,0.01,1.0,0.33,0.41,1.0,1400.17,-0.2566072152059024,1.3147838967883057,0.002358982555921441,-0.021574513607681253,0.024387375899984666,-0.195683454340848,326.0874154191635,448.7286943340339,6.579739605329764,354.50580686297354,221.4369649263996,-6.425056543699498,289.3101021365988,57.123542348577146,52.27173433369713,-7.1267352091334,35.89548508741246
47643651,101.925000,-46.283990,200.897916,1027.13,1076.08,1234.49,1029.45,-0.02,0.01,1.0,0.33,0.37,1.0,1400.06,-0.2563332202538049,1.312399844120896,0.0033044203257142656,-0.02831523887323286,0.03104440951680631,-0.25907592914492344,326.08109458938446,448.73310700060426,6.564052221009001,354.553633127163,221.44176310493177,-6.476802513147458,289.8251265038721,56.9821935429109,52.008984521457116,-7.14018612704186,35.764132554402394
47643751,102.031000,-46.170536,199.895032,1027.22,1075.96,1235.62,1029.5,-0.02,0.01,1.0,0.39,0.67,1.0,1400.09,-0.2559940460222494,1.30949334824052,0.003930251577146073,-0.03384692529654043,0.03275768948967108,-0.28771593386067706,326.0875354597323,448.73709896533484,6.530907432797882,354.3981583221783,221.45623577882955,-6.503272837341751,289.99118125542213,56.67775995485891,51.73232135821001,-7.1003214353043305,35.54968452575173
47643851,102.122000,-46.065119,198.898719,1027.23,1075.15,1229.58,1029.1,-0.02,0.01,1.0,0.34,0.43,1.0,1400.08,-0.25560504472546813,1.30613603743295,0.004463928044678715,-0.038466414595387244,0.03907345036732609,-0.33546398018220674,326.08267314476876,448.7293598359553,6.540987451675706,354.1646516997854,221.41178487011408,-6.258315104349838,290.0202878121065,56.354254622234,51.255572490888824,-7.1268770976879505,35.721037473460555
47643951,102.224000,-45.967271,197.890576,1027.23,1075.36,1230.66,1029.5,-0.02,0.01,1.0,0.34,0.25,1.0,1400.13,-0.25516659731111285,1.3023734829334814,0.0051106651412839614,-0.043543159004174894,0.05758001562758507,-0.479096065428985,326.0843213081666,448.7392512189863,6.557859541160566,353.8177335870841,221.34926811047563,-6.322273729964011,290.929479947005,55.31205001082847,50.50809153023936,-6.953684063983033,34.65205055089379
47644051,102.324000,-45.895744,196.884067,1027.13,1075.07,1231.23,1029.54,-0.02,0.01,1.0,0.32,0.35,1.0,1400.15,-0.2546561329948086,1.2981191759772588,0.006278037371356684,-0.05201474570771861,0.06725583439635834,-0.5567486743125787,326.0859028486617,448.7391174623683,6.57357063886437,354.4347059803346,221.4514373078231,-6.3915486004905775,291.1071650672403,55.62671868242346,50.67666331176448,-7.109588079235569,35.120755764705294
47644152,102.424000,-45.790109,195.779812,1027.2,1075.26,1231.47,1029.5,-0.01,0.01,1.0,0.35,0.71,1.0,1400.12,-0.2541000425857999,1.2933950420035847,0.006059345411502293,-0.052476928617916266,0.03891158313457335,-0.36097259863737136,326.09084294545255,448.7460128309168,6.547163895938034,354.17112636616656,221.42452913758268,-6.391942503052073,291.88962463745145,55.11406461639568,50.31739641486486,-7.045333892889566,34.6210589719856
47644252,102.525000,-45.712258,194.695950,1027.18,1074.9,1225.28,1029.16,-0.01,0.0,1.0,0.35,0.46,1.0,1400.11,-0.2535309219011869,1.2883397694724144,0.006152066879590332,-0.05549298950253712,0.038691563680239495,-0.37060143157015535,326.085818500492,448.7231481904409,6.551943183238858,354.18811186938143,221.4168320773139,-6.214033428577567,291.1047903297956,55.47944574727958,50.35792117888147,-7.046545488925439,34.908062537156965
47644352,102.624000,-45.532573,193.464545,1027.23,1074.86,1226.97,1029.44,-0.01,0.0,1.0,0.35,0.42,1.0,1400.07,-0.2529524698742506,1.2830574575269063,0.005405421384995615,-0.048935268914076076,0.002274105152873123,0.002347472489345234,326.0389215831531,448.79653751357125,6.338751188380584,353.4681350866118,221.2588308692071,-6.164102826778017,291.9421585834851,54.11589158747821,49.31872895759292,-6.865007352825667,33.938875325701865
47644452,102.732000,-45.528373,192.449412,1027.23,1074.75,1223.65,1029.36,-0.01,0.0,1.0,0.35,0.51,1.0,1400.16,-0.2523045422501433,1.2773800137033184,0.0073135314583405425,-0.06337215627474434,0.06454947945740484,-0.5504796514897877,326.09520659800216,448.7240652705141,6.569693969798134,353.7032017520893,221.30129446033018,-6.273913674840723,292.2912579599006,54.01102876480515,49.236761741080464,-6.9488994307274385,34.08659061032172
47644552,102.828000,-45.483892,191.346626,1027.2,1074.52,1223.54,1029.46,-0.01,-0.0,1.0,0.33,0.19,1.0,1399.1,-0.2516094930401022,1.2713420989121063,0.00811625951748256,-0.07078144149927236,0.07645866379092818,-0.6750953040755772,326.0238891524248,448.8309207376078,6.55599590849868,353.8169359596811,221.33050825530904,-6.209055525451314,293.49385986898596,53.3827917923659,48.40999956006384,-6.932839060424639,33.594881675444455
47644653,102.925000,-45.438917,190.253151,1027.21,1074.49,1223.85,1029.53,-0.01,-0.0,1.0,0.34,0.32,1.0,1398.48,-0.25088886829780727,1.264961940897896,0.008308893514124166,-0.07475403270676616,0.07429555853313535,-0.7065426366660262,326.08860828185425,448.7243316764769,6.535721407088171,353.9061897261647,221.37472846376423,-6.247117515178258,294.2941230673299,52.852568841902965,48.13566900645179,-6.980817897390017,33.442069089675634
47644753,103.027000,-45.393529,189.174791,1027.27,1074.52,1224.42,1029.55,-0.01,-0.0,1.0,0.35,0.71,1.0,1398.94,-0.25017349525731514,1.2582455384261442,0.007724560336777801,-0.07447725255467535,0.047052658541873925,-0.5029238793880397,326.02019557320983,448.78955933119806,6.533031745070707,353.94147633709997,221.3122260652297,-6.221988106257979,294.3185656419392,53.00699630648304,48.1789707896641,-6.997661645704642,33.502251031533554
47644853,103.124000,-45.360421,188.123948,1027.18,1074.37,1217.99,1029.22,-0.01,-0.0,1.0,0.35,0.46,1.0,1399.05,-0.24948296909080558,1.2513179747299845,0.007355286045045955,-0.07521829687336716,0.05528678381425565,-0.592553030676759,326.0870683833715,448.7313210654698,6.570016890552058,353.67365918365243,221.29280106893196,-6.130606672145806,293.84401380849175,52.95602711262223,48.07587923367844,-6.928449772419133,33.42294540868082
47644954,103.223000,-45.353421,187.101752,1027.16,1074.2,1219.12,1029.54,-0.01,-0.0,1.0,0.34,0.24,1.0,1398.08,-0.24880190881801778,1.2442896616120402,0.007886888266788662,-0.08121310870913535,0.0900165285965488,-0.9136749711366927,326.0931701351007,448.73413837173456,6.523040368347302,353.18143935658117,221.2077808323616,-5.978122779199489,294.956711043105,51.60221536472398,46.46386973442824,-6.789421041246052,32.52592768556418
47645053,103.331000,-45.315776,186.071077,1027.29,1074.11,1219.6,1029.48,-0.01,-0.0,1.0,0.34,0.35,1.0,1397.93,-0.248081147157941,1.2370584539683744,0.008680783031574388,-0.0859172732757427,0.08546306897950635,-0.8248942212982451,326.08622035027815,448.7346132467079,6.549247267810983,353.5938136009646,221.32218637131828,-5.977560187416683,295.17206160884564,51.75527812432089,46.55791540447126,-6.8969372592238125,32.80450196769998
47645153,103.424000,-45.219535,184.981036,1027.29,1074.09,1219.83,1029.48,-0.01,-0.0,1.0,0.33,0.72,1.0,1398.36,-0.24733663974543807,1.2295979412771285,0.0079030065093206,-0.08042768782713794,0.05814758881483966,-0.6241806024576689,326.0834349389019,448.7334165266422,6.558967415506959,353.57164375136574,221.29014641243916,-6.1072274770902855,296.1812868073007,51.42373412434723,46.539909179590175,-6.889816953440112,32.447473213184
47645254,103.526000,-45.269237,184.032263,1027.24,1074.07,1213.71,1029.28,-0.01,-0.0,1.0,0.34,0.45,1.0,1398.73,-0.24661784515144536,1.2220343012122943,0.008155142521598388,-0.08783402821206765,0.0787505724944574,-0.9020467745151559,326.0298234383411,448.8008289696139,6.533601905822564,353.21264304875234,221.19992705791782,-5.998619512394702,296.0780498129248,50.98595773704744,46.279792792997334,-6.933695068023552,32.68172253181143
47645353,103.627000,-45.210458,182.990437,1027.3,1073.99,1214.87,1029.55,-0.01,-0.0,1.0,0.34,0.25,1.0,1397.95,-0.2459406688055968,1.2144711320687052,0.007524535403862017,-0.08509628185795706,0.07536618268440977,-0.8622747694136932,326.084149617643,448.72912489267327,6.548517728494761,352.8699998728888,221.18228960821438,-5.864523525490613,296.5333125555817,50.44709683698075,45.50973062712675,-6.713719724944013,31.690485202030096
47645453,103.726000,-45.192315,181.947384,1027.18,1073.81,1215.8,1029.41,-0.02,-0.0,1.0,0.33,0.64,1.0,1397.84,-0.245249541300547,1.2067758408019231,0.00826933919048576,-0.09115324187722036,0.09193798790558506,-0.9976768229985299,326.01594573105996,448.81485832192004,6.478589407227766,353.32340287960386,221.25681986977204,-6.059325041390302,297.51849380275956,50.177476049514205,45.20928326205911,-6.842895665079722,31.751762442306863
47645553,103.826000,-45.101476,180.844869,1027.22,1073.76,1209.97,1029.26,-0.02,-0.0,1.0,0.33,0.42,1.0,1398.27,-0.24454719344146422,1.19896009944208,0.007778610463233521,-0.0877678949420694,0.06344841844147932,-0.7531343416880977,326.0888290710716,448.73237449485333,6.545549679881018,353.57279683217746,221.3161019928251,-6.034911258799764,298.0627927404963,50.00441183818067,44.8988149324372,-6.890040428631618,31.73392353895008
47645653,103.925000,-45.069104,179.795288,1027.26,1073.72,1211.39,1029.63,-0.01,-0.0,1.0,0.32,0.33,1.0,1397.43,-0.24388528361275708,1.1911219341752388,0.007101066466581271,-0.08721126773559061,0.052316656644282034,-0.7254312370498079,326.0924729931894,448.7319085077249,6.550111908283088,353.29695474903855,221.25559198307744,-6.085848716502359,299.90294233817275,48.75602371095242,43.67003847475705,-6.819760771873077,30.838453441853495
47645753,104.035000,-45.059395,178.757781,1027.24,1073.72,1212.22,1029.43,-0.01,-0.0,1.0,0.33,0.61,1.0,1397.43,-0.24327310206478436,1.1832023697524865,0.0067228876699128555,-0.08933073289320574,0.05916422173799504,-0.8430368552342409,326.05172780489585,448.78377313302497,6.588531120098724,353.59526081742933,221.2892428066796,-6.056110445556402,299.5436221905575,49.2303107347893,43.69838756868459,-6.903393127408583,31.24669301587307
47645853,104.126000,-45.094393,177.801581,1027.25,1073.7,1206.85,1029.31,-0.01,0.0,1.0,0.33,0.49,1.0,1397.85,-0.24270562877489918,1.175138926404147,0.006228320989710756,-0.0927170791383385,0.060810124649364056,-1.004515646355439,326.05659791507014,448.78647423427213,6.60128378628451,353.2469292187618,221.24084234919027,-6.108515150449773,299.8771038730273,48.90491479209522,43.635731162278944,-6.81418999634593,30.835340907831956
47645953,104.224000,-45.088553,176.871950,1027.18,1073.62,1207.45,1029.55,-0.01,0.0,1.0,0.33,0.27,1.0,1397.45,-0.24218816416599623,1.167080934549622,0.00589036832280526,-0.09339890361677453,0.06228967655627362,-1.0243226480532945,326.08870041517474,448.7275167953058,6.543514785341959,353.17084545439025,221.206053685929,-5.888219676181378,299.91594405552746,48.40824587922494,43.17985098724828,-6.787742740575481,30.230866002134526
47646053,104.330000,-45.069707,176.009544,1027.21,1073.46,1208.12,1029.53,-0.02,0.0,1.0,0.33,0.55,1.0,1397.41,-0.2416856848457008,1.1589844013603046,0.005745933608086827,-0.09288146327020316,0.059265744763414105,-0.9573202385882907,326.08506713288585,448.72505477678055,6.549766726980943,353.27847563141063,221.18736386103507,-5.974411403094385,301.27647726008917,47.76936780466429,42.59827445821204,-6.815189523988398,30.32253008164194
47646153,104.425000,-45.086565,175.238876,1027.2,1073.55,1203.62,1029.5,-0.02,0.0,1.0,0.32,0.47,1.0,1397.76,-0.2411960374867488,1.150785891077668,0.005249249368540022,-0.09201384629650394,0.03164919846641218,-0.6927971100827797,326.0818269141136,448.7332350457372,6.587951094822762,353.6277465142818,221.2779716854929,-6.120469732040318,302.1755406090721,47.75394438520672,42.44152086234377,-6.9051658883720615,30.326129693481228
47646253,104.526000,-45.115661,174.544976,1027.2,1073.55,1204.26,1029.6,-0.02,0.0,1.0,0.32,0.31,1.0,1397.18,-0.240779802069434,1.1426358914129986,0.00424677263794427,-0.08885992209818198,0.025590720373744914,-0.6767506707250737,326.0898674967937,448.72757804684437,6.547657726465647,353.5498113566425,221.28108749230321,-6.0467591964932055,303.14352233390485,47.110333034913424,41.58046858463355,-6.884424818093033,29.909679269649594
47646353,104.624000,-45.227638,173.961352,1027.24,1073.58,1203.82,1029.47,-0.01,0.0,1.0,0.32,0.44,1.0,1397.27,-0.24042638198053268,1.1344426230178997,0.0037424252123300773,-0.09185198663007124,0.022598193316514248,-0.6739243901040465,326.0848735747844,448.72699782790005,6.53938292099971,353.3270151350147,221.25301206967052,-6.059210565221709,303.37407726306736,46.79984992548839,41.22535839455116,-6.836505054509552,29.65155149265028
47646453,104.724000,-45.240837,173.324497,1027.19,1073.45,1202.4,1029.56,-0.01,0.0,1.0,0.32,0.38,1.0,1397.91,-0.2401132668985412,1.1261973940095211,0.003221696338493671,-0.08856818695642758,0.018409454067171056,-0.6033678010468857,326.0913047849406,448.72364722320265,6.58144087680558,353.23387323894144,221.18269585225815,-5.9983704506773385,303.40337007329356,46.72232335050383,41.13718254675352,-6.802470983238746,29.54568687744999
47646553,104.827000,-45.329728,172.755863,1027.19,1073.43,1201.91,1029.64,-0.01,0.01,1.0,0.31,0.45,1.0,1396.62,-0.23983627647681882,1.1180177651485907,0.002988042909074816,-0.0910574788848318,0.025923702130997244,-0.8333290830995025,326.0903460408511,448.7316421059854,6.579925387603651,353.4259186963809,221.24899041025108,-6.024573977046389,303.79565778324024,46.49372385840668,41.13141437938765,-6.85212257998783,29.558720359528824
47646654,104.927000,-45.358533,172.157736,1027.22,1073.44,1202.25,1029.69,-0.01,0.01,1.0,0.3,0.37,1.0,1396.03,-0.23957843696318523,1.109924773839436,0.002785342498309045,-0.09014565579809156,0.020959645745146173,-0.7664211053722154,326.0810948510582,448.716215899514,6.573095359593152,353.4923227664741,221.27246268080293,-6.083524855028172,304.4702968195412,46.313366516947106,40.651367160853034,-6.872069659650168,29.396551947165914
47646754,105.027000,-45.397240,171.629374,1027.22,1073.43,1202.52,1029.63,-0.01,0.01,1.0,0.29,0.55,1.0,1396.71,-0.23935783714615272,1.1019999818344863,0.0022736356724641824,-0.08794251128825797,0.013740797246914573,-0.6932423707983546,326.08877571218443,448.7340736559841,6.5425453512984815,353.5271790597756,221.28869343941733,-6.091445781617067,304.7517103163399,46.23009529795693,40.743374192959315,-6.880340011603835,29.328213243239382
47646853,105.127000,-45.419185,171.158349,1027.15,1073.56,1199.04,1029.47,-0.01,0.01,1.0,0.3,0.36,1.0,1397.22,-0.23918369441035806,1.0942724356820805,0.0017052025608183116,-0.08368450917284345,0.005840693821846008,-0.5175972051545356,326.04758851395036,448.7926137476509,6.59828975888155,353.3006901515863,221.27217709873722,-5.9802142032727925,304.8683197720752,45.99256779837796,40.37085704391319,-6.830521667216116,29.10731316300415
47646954,105.227000,-45.444869,170.746671,1027.31,1073.37,1199.86,1029.55,-0.01,0.01,1.0,0.3,0.4,1.0,1396.34,-0.23905429904088676,1.086795965941825,0.0012818561360662829,-0.07968759020226082,0.0050916314334066345,-0.4132211065091138,326.0871266166843,448.7253855350857,6.534132971847993,353.27011732173776,221.19630253596188,-6.015454742250035,305.3149873535078,45.53936517394642,40.070088556632115,-6.789824925078225,28.896223216759047
47647053,105.325000,-45.464829,170.360622,1027.17,1073.51,1200.07,1029.59,-0.01,0.01,1.0,0.28,0.44,1.0,1396.97,-0.2389349950426059,1.0794965825351457,0.0012771536190229796,-0.07684235423577188,0.008200328128012184,-0.47996446203979604,326.08989317195545,448.720065942962,6.528809688464123,353.54920627734424,221.2881549169381,-6.0404610005887855,305.9459148687286,45.54068518998016,40.06991114546589,-6.8843641713449575,28.924320622572424
47647153,105.426000,-45.577575,170.046550,1027.13,1073.5,1198.26,1029.57,-0.01,0.01,1.0,0.28,0.41,1.0,1397.62,-0.2388300069756512,1.0723863205755528,0.0010289499215479026,-0.07913184083547749,0.005390915542069351,-0.6925422322453999,326.08243213662354,448.72812929673984,6.570316098968981,353.6754922132602,221.316224734302,-5.863641280421202,306.45904417205804,45.31240724065151,39.89161860537293,-6.918174606670926,28.853468292025354
47647253,105.527000,-45.597929,169.618930,1027.16,1073.44,1198.69,1029.67,-0.01,0.01,1.0,0.27,0.38,1.0,1396.47,-0.23876359476842685,1.0655122891321411,0.0005613034355495778,-0.0762498209759543,9.45945550857217e-05,-0.6505314843436465,326.0561425923659,448.77956252029145,6.580195151732648,353.4184554876123,221.2650215427239,-6.152081758445907,306.77033133495286,45.11163989350949,38.992950816947335,-6.898652298623126,28.745140918032725
47647354,105.624000,-45.597655,169.150697,1027.11,1073.45,1198.67,1029.64,-0.01,0.01,1.0,0.28,0.4,1.0,1397.08,-0.23873843822174454,1.0588792623433962,0.00016970601214683529,-0.07333511871849381,-0.0007565522250315273,-0.5091868108918387,326.0870292398091,448.72456927572284,6.555427643415804,353.54991373993283,221.29561462618094,-6.007152752302681,306.5024799833603,45.221086152384174,39.339144442011666,-6.88533960916821,28.73071873992674
47647453,105.728000,-45.481121,168.555230,1027.25,1073.55,1198.61,1029.59,-0.01,0.01,1.0,0.27,0.45,1.0,1397.8,-0.23873493300443072,1.0524661394118509,-5.108905112531803e-05,-0.06511820643991356,-0.0024918665928402375,-0.24625360589745282,326.08419465340546,448.7310449024791,6.552724031240573,353.3329367594061,221.25488611340006,-6.0179851445567465,306.64288134025594,45.04634780346277,38.994289909647605,-6.830756126236882,28.502157221864657
47647553,105.824000,-45.486902,168.064752,1027.21,1073.51,1196.37,1029.46,-0.01,0.01,1.0,0.28,0.43,1.0,1398.09,-0.23874350501461383,1.0463286536786407,-7.53598975949382e-05,-0.06550015631774699,0.0001985710367609959,-0.32189312175921647,326.0505532896921,448.78758424752687,6.57800667433654,353.3733500864877,221.24775649437592,-6.012488470405165,306.6871298439585,45.07325907468413,38.75232452613757,-6.847245863919411,28.53671222990112
47647653,105.924000,-45.398769,167.467269,1027.32,1073.51,1196.68,1029.56,-0.01,0.01,1.0,0.29,0.35,1.0,1397.57,-0.23875152212130776,1.0404727355711993,-0.0001036852599789384,-0.06134101119152113,-0.0009393262133938526,-0.3118522230797703,326.05118359136895,448.7953604276403,6.591718286171328,353.42768102611393,221.25319757310137,-6.102829527509878,307.72781606739534,44.55191590527866,38.51060994763835,-6.860505668890308,28.221560328276574
47647754,106.025000,-45.308581,166.850791,1027.24,1073.49,1196.78,1029.57,-0.01,0.01,1.0,0.28,0.45,1.0,1397.62,-0.23875894648970794,1.0348741062796996,-7.419775387637077e-05,-0.05814213928939931,-0.0008855656663762536,-0.31836694992790776,326.09270143706505,448.7187927811588,6.546531306902699,353.6715887340726,221.32023223173982,-5.913878052127696,308.24484126055904,44.5376088879031,38.75814291123354,-6.91505742776973,28.241268533570633
47647853,106.125000,-45.275381,166.246709,1027.2,1073.49,1194.67,1029.45,-0.01,0.01,1.0,0.28,0.38,1.0,1397.98,-0.2387813590066438,1.029485401188527,-0.00038173863142973745,-0.0582485677996986,-0.006242525553271847,-0.3976503886529488,326.0876882487778,448.7289691034116,6.561509562731922,353.6514291095104,221.32188452079964,-5.92154723709128,308.36327795345466,44.313858449858365,38.37857717612742,-6.911039837866681,28.173546929708454
47647954,106.225000,-45.131824,165.405211,1027.19,1073.53,1195.36,1029.52,-0.01,0.01,1.0,0.29,0.34,1.0,1397.2,-0.23883587661415737,1.0243363438159288,-0.000709456589787758,-0.054940693462283044,-0.0075898567940510045,-0.3524606446645036,326.0482942742501,448.78491596137127,6.604886508511766,353.46418095723317,221.25754892609945,-6.105597389735698,308.471161590876,44.206896453108335,38.34982300203463,-6.870724767200506,27.999925416237108
47648055,106.326000,-44.946200,164.365910,1027.1,1073.43,1193.53,1029.48,-0.01,0.01,1.0,0.31,0.52,1.0,1397.1,-0.23890797370366149,1.0193998678885887,-0.0007975549128462002,-0.05368559103076386,-0.006710167506687118,-0.4538331641957301,326.03088301753417,448.81895467659524,6.468824662700726,353.448220405841,221.25159250099813,-6.0628501050077,308.3494260658487,44.21073499336755,38.357516055374646,-6.869888797720065,28.031160766548354
47648154,106.427000,-44.708920,163.121944,1027.26,1073.49,1193.49,1029.6,-0.01,0.0,1.0,0.32,0.45,1.0,1396.07,-0.2389778790992021,1.0146555833549518,-0.0007994997864369921,-0.05332758651505969,-0.00680128778870429,-0.42927365934292155,326.091131105627,448.72292498725403,6.546808803157804,353.4438995527367,221.24465964551388,-6.076833432001294,308.6094517456728,44.11199142075963,38.56751371336287,-6.856522925268902,27.916995357831706
47648254,106.528000,-44.318094,161.583950,1027.21,1073.53,1193.17,1029.49,-0.01,0.0,1.0,0.34,0.56,1.0,1396.77,-0.2390435904110494,1.0101370670609806,-0.0006800211892369904,-0.0480981232534095,-0.004654561509381458,-0.3573841970707825,326.0935145378824,448.72680996681294,6.5642402942028895,353.4671862515513,221.25789022685166,-6.1224079167907215,308.8635963258295,44.06510619489186,37.963515234326785,-6.8619920386543125,27.8531309391772
47648354,106.626000,-43.925584,159.836566,1027.19,1073.4,1190.31,1029.38,-0.01,0.0,1.0,0.37,0.53,1.0,1397.36,-0.23910367409254166,1.0058273374302287,-0.0006586788091396535,-0.04708724295354815,-0.006682295045486582,-0.4645034707996231,326.08666121976916,448.7244528756722,6.553587521335591,353.5387295539127,221.28475746312898,-6.05211720761997,309.4321784755619,43.811297151981094,38.28503511329682,-6.882331944645599,27.721327411680946
47648454,106.728000,-43.558789,158.027275,1027.15,1072.87,1188.89,1029.4,-0.01,0.0,1.0,0.35,0.3,1.0,1396.9,-0.23916608145533003,1.0017130360614932,-0.0007778328832817022,-0.049116945220148145,-0.011064096488301596,-0.6619387611864236,326.03451627177236,448.78545026354124,6.546232326892679,353.43828743899655,221.26002292641823,-6.098989086833318,311.04082957855576,42.95660376655324,36.27344967730629,-6.8677754794984365,27.111097874281597
47648555,106.827000,-43.055535,155.919581,1027.26,1073.16,1186.37,1029.6,-0.01,0.0,1.0,0.4,0.68,1.0,1396.77,-0.23922725566170988,0.9976422864602069,-0.0006953314028626013,-0.04784102780748478,-0.006859990243643793,-0.5004855493302472,326.04960136839713,448.779272367108,6.593376156218265,353.6298112395923,221.33828269136566,-5.93879241843972,312.1265798786097,42.73618778424179,36.1896093507182,-6.914108258718033,26.910327795854364
47648655,106.926000,-42.518285,153.685569,1027.15,1071.62,1188.24,1029.33,-0.01,0.0,1.0,0.39,0.61,1.0,1397.51,-0.23928887505922147,0.9934687360228837,-0.0007205966889839468,-0.046227773975201614,-0.0065274206660378194,-0.3226841879557638,326.0551713047684,448.7823984513029,6.6016466363063255,353.7420989627098,221.32565658934232,-5.913424996381069,312.1891027473761,42.69972241156182,36.2995191705962,-6.940125010245924,26.97581937709328
47648756,107.028000,-41.957807,151.235817,1027.03,1071.77,1183.44,1029.09,-0.01,0.0,1.0,0.32,0.55,1.0,1398.02,-0.23936770041336694,0.989202192590044,-0.0009501053769404248,-0.04634854896695039,-0.008808839147652518,-0.30063820330310465,326.0858892346387,448.71979250176696,6.56006780920714,353.32206303509406,221.30108250211003,-5.9719383913547555,312.6992775414178,42.09924251197015,35.74442623928371,-6.829343690781845,26.431055660293424
47648855,107.128000,-41.355476,148.572155,1027.32,1071.62,1183.85,1029.52,-0.01,0.0,1.0,0.35,0.28,1.0,1397.27,-0.23945529691257061,0.9848437679772369,-0.0008790727656855458,-0.0486477727437278,-0.004392517680005575,-0.4093111380740668,326.0841757725703,448.7242818705195,6.549568568396489,353.18453615127174,221.22289804161665,-5.858225771056876,312.64983372510324,41.98513488109218,35.22088349170468,-6.7931619311688545,26.329432101699688
47648955,107.228000,-40.685615,145.674882,1027.12,1071.52,1184.29,1029.43,-0.01,0.0,1.0,0.34,0.37,1.0,1397.71,-0.23951545832956908,0.9803075972426978,-0.0005206337047499178,-0.05161372299309632,0.0002848773605085561,-0.41933411076034494,326.03096428486697,448.81018868707525,6.465075509695935,353.03287156099304,221.241516241843,-5.894951650566514,314.06599305308333,41.21104315164748,34.171465356948715,-6.76672954461188,25.746505692315324
47649056,107.329000,-39.892772,142.463121,1027.31,1071.48,1183.73,1029.53,-0.01,0.01,1.0,0.33,0.37,1.0,1396.59,-0.23952662735739244,0.9755336570582959,7.598623819162596e-05,-0.05285917633579788,0.004055106329449682,-0.36996132529737585,326.09546975932955,448.72431095776307,6.524231257098996,353.6242244439103,221.32965273787863,-6.133840853098898,315.70375001071636,41.15468578198316,34.444940694719065,-6.902726004892714,25.690730748779472
47649155,107.429000,-39.118443,139.091851,1027.11,1071.7,1178.53,1029.52,-0.01,0.01,1.0,0.59,1.0,1.0,1396.87,-0.23952690595914555,0.9705133081727026,-0.00011062924372506872,-0.055222382667319075,-0.0039149857088962665,-0.468879983700782,326.0153214716995,448.81979386250623,6.479803287144641,353.76361499467595,221.30959151872912,-5.989163242046741,315.1053732706013,41.38775391207862,54.540764626286276,-6.953738362140927,26.033761417231787
47649255,107.528000,-38.351542,135.618274,1026.78,1068.32,1179.4,1029.16,-0.01,0.01,1.0,0.51,1.0,1.0,1397.38,-0.2395647401295895,0.9653575374401739,-0.0005827151315252712,-0.05866814347332828,-0.007356657571089474,-0.46683700480036755,326.08747884805746,448.7200535398912,6.5519454875543,353.37245574582346,221.25655265981445,-6.02469255637521,314.99133753888606,41.225317324474396,34.47117189053792,-6.840130537650109,25.715059967925825
47649356,107.628000,-37.352858,131.767953,1026.87,1067.47,1173.7,1028.92,-0.01,0.01,1.0,0.35,0.77,1.0,1397.9,-0.23960648729746395,0.9601179466750859,-0.0003547652892775897,-0.056659587556133026,0.0006404615357042308,-0.32041574241908316,326.0877927473961,448.71125131241234,6.573996486557296,352.3564362030904,221.16269531188135,-5.578630599877673,314.9661794524249,40.44030494184589,32.919222984716214,-6.585185120761261,24.85956228177337
47649455,107.729000,-36.371859,127.990105,1027.15,1067.75,1171.62,1029.14,-0.01,0.0,1.0,0.36,0.45,1.0,1398.42,-0.2396011693534998,0.9547606504497426,0.00047315150331791084,-0.05714719366073707,0.015616361863824823,-0.3149311782672492,326.0941985643815,448.7215389722222,6.564192771129691,352.0912969091282,221.15190569496406,-5.309909299342915,315.6776716344305,39.97932650549807,32.327471062087234,-6.529255695453929,24.43587663476223
47649555,107.828000,-35.499660,124.353526,1027.13,1067.35,1171.48,1029.38,-0.01,0.0,1.0,0.36,0.39,1.0,1398.76,-0.23945453568194297,0.9489514072829387,0.002229364315913287,-0.06530275438756661,0.033566791178216905,-0.6105754985485732,326.07885480057826,448.7273814425741,6.546908100102062,352.16393169121113,221.1745999046652,-5.325540616868817,317.93691839115223,38.900904104500285,30.8755156210326,-6.53944713884563,23.713943106251712
47649655,107.928000,-34.744902,121.006499,1027.55,1063.33,1171.09,1029.38,-0.01,0.0,1.0,0.63,1.0,1.0,1397.73,-0.2391623863064542,0.9425959890535439,0.0038603522901999128,-0.07522582591080608,0.04566636944284028,-0.7360237570261116,326.11201828000316,448.70947083118284,6.569856985285518,352.5914572913294,221.1712829107679,-5.54342002141159,319.3427821294752,38.74284738273949,30.44091147260809,-6.637858721130774,23.604843906123033
47649755,108.028000,-33.969777,117.841757,1027.37,1062.65,1164.41,1028.98,-0.01,0.01,1.0,0.57,1.0,1.0,1396.73,-0.23878461724350963,0.9356362333592512,0.004227506310898015,-0.07658406303604043,0.029827709339313817,-0.518536055788423,326.0206807936404,448.7868133270279,6.586363515871288,352.55892748940977,221.16569860415473,-5.576542522106491,319.69444173432413,38.6415687982653,30.342611210866522,-6.65006671470906,23.507190981294038
47649855,108.128000,-33.467778,115.242943,1027.4,1062.03,1159.61,1028.78,-0.01,0.01,1.0,0.68,1.0,1.0,1395.97,-0.23836912007847685,0.9281695913752714,0.004758146601725385,-0.08521280497490112,0.03690007737484552,-0.6538927502857247,326.0516083975879,448.7757890202231,6.587849302128011,352.0681617586733,221.12936503356877,-5.245895762785093,320.3767520204195,38.10397019036193,29.410690661315073,-6.519756831035822,22.86305047461058
47649956,108.228000,-32.910728,112.888163,1027.4,1062.35,1155.12,1028.66,-0.01,0.01,1.0,0.67,0.98,1.0,1395.24,-0.23791860017191052,0.920302703786299,0.00510257793520798,-0.08653339055722553,0.04117532218731867,-0.615760653269211,326.0534154152217,448.77556264001583,6.599079762396851,351.7329583621938,221.04595851682868,-5.207554783669607,321.04704025658606,37.62578157511208,28.45481556720951,-6.4336840448469035,22.364908933216448
47650055,108.329000,-32.535817,110.901788,1026.97,1065.74,1151.48,1028.79,-0.01,0.01,1.0,0.7,1.0,1.0,1396.19,-0.23737421175765375,0.9118380489345508,0.006452177070624552,-0.09601530266454085,0.062351070271633405,-0.8356974997817371,326.0835425244974,448.72173941469816,6.544735904279236,351.70439193524857,221.0309004055056,-5.092014339915968,322.73381013044343,36.958046202432406,37.62017306091466,-6.420185750303244,21.78458424649763
47650155,108.427000,-32.250976,109.278682,1026.56,1062.41,1147.28,1028.85,-0.01,0.0,1.0,0.58,0.71,1.0,1396.97,-0.23673175614223035,0.9027516477739815,0.007538665925804898,-0.10415379313073467,0.08219842650025737,-1.0877612130096965,326.0482455461905,448.77898809987147,6.564205776453187,352.05502823531043,221.13711924443336,-5.1833186928695705,327.44157095111007,35.765714109562055,24.83845167930515,-6.517458657684378,20.59836058393257
47650255,108.529000,-32.222114,108.144340,1026.56,1061.09,1145.3,1029.2,-0.01,0.0,1.0,0.41,0.47,1.0,1397.5,-0.23601893888962439,0.8928460774550173,0.008341043289157114,-0.11819159158338378,0.08752819836051698,-1.3198359508892605,326.0541661039836,448.78617627842044,6.590462151107037,352.0486995631009,221.1722038136492,-5.145788384273455,331.14135726830307,34.79448664864721,22.745713096158497,-6.515206862138659,19.430939470162173
47650356,108.629000,-32.293385,107.360281,1027.03,1061.41,1144.95,1029.41,-0.01,0.0,1.0,0.38,0.38,1.0,1396.6,-0.23529506911408377,0.8818283252914503,0.008130810577098952,-0.12905584917109256,0.07352624226635215,-1.2913025917543666,326.0945829008239,448.71580827578674,6.557504737779586,351.57434132761057,221.0685624717462,-5.034892689217164,331.17101698374137,34.533907089452676,22.182937707431446,-6.386335956197328,19.014919050980158
47650455,108.730000,-32.252515,106.812511,1026.9,1061.58,1145.12,1029.51,-0.01,0.0,1.0,0.49,0.91,1.0,1397.28,-0.23455771221667543,0.8696172223799127,0.00773383847901164,-0.1292449783763113,0.07170756738753829,-1.2018267755166718,326.09002322452557,448.70998910579806,6.5631399507786075,351.04456275100966,221.06483988791567,-4.7825853601589,330.2023789088183,34.369025235276645,22.278813514197388,-6.255804967900695,18.88157074796348
47650556,108.827000,-33.071356,107.242046,1026.76,1060.37,1139.29,1029.05,-0.01,0.0,1.0,0.37,0.62,1.0,1396.83,-0.2337479364914963,0.8563878862167169,0.01121147387720242,-0.17941983796654684,0.1410510508963834,-2.1416387793008296,326.0921059934267,448.71392804061765,6.547098280032446,350.6745376892915,220.9428382644187,-4.752558648793521,329.5947794353546,34.309502374530666,22.054692126270336,-6.159863658881827,18.76382903203828
47650655,108.928000,-32.938969,107.426263,1027.41,1060.87,1138.63,1029.36,-0.01,0.0,1.0,0.39,0.4,1.0,1396.79,-0.23283608126477395,0.8424628308569154,0.011060348462274518,-0.16366615834075127,0.13099369670580568,-1.8116678038792986,326.0480224196261,448.7726170256107,6.5921712194100985,350.04599728205477,220.89580126133623,-4.365240033167908,330.59564852951576,33.76101451132987,20.90140786921091,-6.011726881712696,17.95733530575043
47650755,109.027000,-33.259275,108.276202,1027.39,1060.58,1138.95,1029.57,-0.01,0.0,1.0,0.4,0.45,1.0,1395.99,-0.23179439557549328,0.8279774885429121,0.012813092597536673,-0.1715677573447108,0.1609858759711362,-2.009584542613307,326.08418386034197,448.72065388855174,6.554291118671128,350.3540765876079,220.91351118238802,-4.628037261622887,331.41282360847856,33.62359280044096,20.551102120135532,-6.081183066659964,17.937244092046644
47650855,109.127000,-33.639285,109.537352,1027.33,1060.5,1137.25,1029.51,-0.01,-0.0,1.0,0.39,0.27,1.0,1395.4,-0.2306242250128756,0.8129587786027717,0.01374852629367877,-0.1731777487932005,0.15014483015074198,-1.8264308517631453,326.0918851612678,448.71448528978124,6.545163044059849,350.59756954585566,220.96142208217927,-4.761640283164528,332.7593148830851,33.51996681572839,20.025199676935525,-6.141261811725939,17.7188229325644
47650955,109.228000,-34.169518,111.282017,1027.32,1061.45,1137.98,1029.62,-0.01,-0.0,1.0,0.35,0.17,1.0,1395.17,-0.22938969623148042,0.7976441299402577,0.014089338300429573,-0.1738528914587868,0.11337852665002243,-1.3868687044581498,326.0911881190395,448.71938975567605,6.549386946822166,350.62858222096327,220.96251559506004,-4.806901624689204,333.51232945869947,33.367387856314515,19.668563070711365,-6.149045500562464,17.511345839012115
47651055,109.328000,-34.734919,113.386340,1027.44,1060.52,1138.03,1029.58,-0.01,-0.0,1.0,0.42,0.18,1.0,1395.54,-0.22814239152998064,0.7822153154406195,0.013329032280789294,-0.16515427867291763,0.09109588645765886,-1.1351616880857995,326.0475590181938,448.7829023304597,6.5835624867198534,350.6289008232452,220.9455251984482,-4.751177760050774,333.2154277414325,33.381711468653485,19.816385986299583,-6.157814342222532,17.619779196169876
47651155,109.427000,-35.585650,116.037860,1027.24,1062.15,1138.25,1029.56,-0.01,-0.0,1.0,0.28,0.14,1.0,1394.42,-0.2269054428967029,0.7668449743224135,0.013783364418810057,-0.17150811623115,0.1015082876163108,-1.2681740303896412,326.0897263051795,448.7154156366926,6.532219219942606,350.2994512387929,220.89883829488718,-4.577853036835366,332.7301222557965,33.40719885454825,19.839139387399527,-6.0659703302410435,17.485338564302594
47651256,109.527000,-36.340207,118.822017,1027.29,1062.09,1138.3,1029.53,-0.01,0.0,1.0,0.31,0.15,1.0,1395.14,-0.22568267119835506,0.751760453636322,0.013211577921612316,-0.1613212420027505,0.10182102718065345,-1.1988781926074359,326.089191165402,448.7246214933996,6.552853971135717,350.34092036488386,220.88439459139468,-4.559155158224213,332.29603533682973,33.460266963403186,20.029448664597744,-6.0757902092317435,17.65097286603127
47651355,109.627000,-37.296260,121.979433,1027.09,1062.05,1138.22,1029.56,-0.01,0.0,1.0,0.3,0.15,1.0,1395.99,-0.22446298923370148,0.737136092657638,0.013824412595360444,-0.1639677772046585,0.13864377707299144,-1.6026854193767195,326.08390024376905,448.7147839169846,6.544251696845394,350.4513328279548,220.93570573138123,-4.832070272111958,332.8622949733534,33.39517635000143,19.82686324082083,-6.106185468024059,17.570350209307076
47651455,109.727000,-38.237520,125.205748,1027.22,1062.16,1138.52,1029.57,-0.01,0.0,1.0,0.3,0.15,1.0,1396.71,-0.22326469813435562,0.7231089706290383,0.01363806926622917,-0.15895220610127342,0.11526549003827387,-1.3338677075249081,326.0942439134055,448.7185140476157,6.543850023117697,350.5997678973359,220.95422648481832,-4.812205215521166,333.286921265742,33.374877304083455,19.73200674423825,-6.140921591095526,17.555081850822624
47651555,109.827000,-39.142888,128.454796,1027.22,1062.18,1138.08,1029.78,-0.01,0.0,1.0,0.0,1.0,1.0,1397.12,-0.22212397795744943,0.7097884328562932,0.011987781873170808,-0.14032970544285567,0.06607611833693981,-0.7832757036290602,326.05503236395356,448.78522555815175,6.574359615700806,350.65751132376204,220.92832555922448,-4.817305405032482,333.3781793751268,33.36275258361548,19.709648489443577,-6.162544638520054,17.58856163648389
47651655,109.926000,-40.164876,131.839525,1027.16,1062.07,1148.88,1030.65,-0.01,0.0,1.0,0.1,0.98,1.0,1396.85,-0.22106005574162044,0.6972384010032794,0.011297991617735365,-0.1340107008822341,0.08494542739666339,-1.0243112522542694,326.08291042196004,448.7261552177476,6.558147371636396,350.50253917633614,220.93367539659798,-4.861731554188801,332.9860429995379,33.42291648898943,19.917169313459613,-6.118808796438333,17.574469297193488
47651755,110.027000,-41.219241,135.300284,1027.24,1062.12,1153.88,1030.56,-0.01,0.0,1.0,0.19,0.66,1.0,1396.59,-0.22007450018363864,0.6855246952058381,0.010834528813192365,-0.12870143178984966,0.07547450907602654,-0.8949790991103544,326.08815767357447,448.72591084313797,6.550012474774484,351.0811679820227,221.0279546160265,-4.898690161045155,329.8414228113992,34.45300503317594,22.25471568716499,-6.263930999671442,19.02247022923919
47651855,110.127000,-42.168246,138.529416,1027.19,1062.17,1155.73,1030.47,-0.01,0.0,1.0,0.21,0.41,1.0,1396.43,-0.21919155267995877,0.6749778184356973,0.008871667400575958,-0.10598142038316197,0.03821890827589869,-0.4458322669770207,326.03344377494443,448.81147106275506,6.4419801902650535,350.3019101871961,220.90677259257498,-4.594902488336878,326.55408027585054,34.98831218576539,23.63118011054725,-6.078244919714923,19.435606133522523
47651956,110.226000,-43.141685,141.764371,1027.29,1061.3,1155.5,1029.78,-0.01,-0.0,1.0,0.39,0.97,1.0,1396.95,-0.2184036677983573,0.6660530380680573,0.008348281457111525,-0.08960669901143245,0.04361035641986062,-0.3231247246613029,326.05423064995335,448.794988620451,6.5870484055504015,349.89252732328106,220.8234232664029,-4.217718240473747,322.59200780193817,35.751342272810206,25.225289781397784,-5.969551819979552,20.330454073353742
47652055,110.327000,-44.070072,144.861852,1027.93,1066.71,1164.88,1030.44,-0.01,-0.0,1.0,0.35,0.47,1.0,1396.79,-0.21763644804268256,0.6589667963065805,0.00841041399955246,-0.06915332199117873,0.06378547185819647,-0.3093799471154692,326.09006945525994,448.7088155282613,6.554790396346838,349.2461114902538,220.71829594922724,-4.144936377233536,321.5241699516559,35.732042854797115,25.385334881461155,-5.79940540192286,20.121701560922315
47652155,110.427000,-44.988021,147.894388,1027.55,1063.66,1162.02,1029.8,-0.01,0.0,1.0,0.35,0.8,1.0,1396.89,-0.21681482920332287,0.6536809404980463,0.009388509790753655,-0.05138309257044995,0.07876096918827923,-0.22199404568683725,326.0891529252706,448.7113935934701,6.531756004231765,349.91504474318276,220.7914226570935,-4.264713016291826,319.05204488869043,36.81402391783148,27.550247052144773,-5.967808715920715,21.45856152129394
47652255,110.535000,-45.843841,150.714346,1027.7,1065.02,1167.02,1030.15,-0.01,-0.0,1.0,0.46,0.84,1.0,1396.62,-0.2159616297012029,0.6502538906871612,0.009385351108644174,-0.02949069017009116,0.0611784113253855,0.013398183529541963,326.0859419902807,448.7237424814865,6.538682398880543,349.543266566664,220.846078147876,-4.231840548270633,319.33085969975093,36.654289666137096,39.56505849619658,-5.877225843422918,21.069551113803374
47652355,110.627000,-46.691136,153.508084,1027.95,1069.99,1173.94,1030.13,-0.01,-0.0,1.0,0.14,0.51,1.0,1395.86,-0.21511153963677734,0.6487008328671648,0.00907631196944441,-0.009838215640849553,0.05180260581525816,0.10848486677478894,326.0852458491928,448.7213273342699,6.533022476798892,350.4941651058226,220.84389884165424,-4.796485140070865,317.0461626601057,37.9554778449204,29.26619838072901,-6.113882948880784,22.591906941013754
47652455,110.729000,-47.529296,156.329904,1027.24,1068.52,1175.67,1030.06,-0.01,0.0,1.0,0.33,0.76,1.0,1396.26,-0.2141309956771675,0.649385106727639,0.007316699999525482,0.015485077034798619,-0.040654607300968315,0.15050682466516177,326.0557228141107,448.76464804724765,6.590103107360828,350.24524608796764,220.85486646646012,-4.609452610336353,316.08182268825846,38.337265484255425,30.220385905761102,-6.058486109797994,22.718847432500034
47652555,110.827000,-48.228929,158.702696,1027.28,1068.71,1179.06,1029.99,-0.01,0.0,1.0,0.42,0.6,1.0,1396.31,-0.21361381354874628,0.6512442451704138,0.00706344885268297,0.03107753204430685,0.02247674003258951,0.3217708811865996,326.03226878631796,448.8043748290882,6.359513838410465,350.18433788996055,220.8934589888808,-4.672238478662195,314.10119681076833,38.86285793135088,31.061814964641414,-6.049145097781021,23.31043881691044
47652655,110.929000,-48.911322,161.115283,1027.54,1072.31,1182.13,1029.96,-0.01,0.0,1.0,0.32,0.58,1.0,1396.18,-0.21300210851055518,0.6553318580547387,0.0061974845321291884,0.050640415740387794,0.021823577056964125,0.4154901904753181,326.04164899598464,448.751742725695,6.578014071281199,350.30963857787293,220.80205496677425,-4.641071729836325,312.05092463301037,39.834640912066675,32.48641588894453,-6.076935755215267,24.091122552607146
47652756,111.029000,-49.544463,163.449182,1027.38,1071.28,1183.93,1029.99,-0.01,0.0,1.0,0.36,0.63,1.0,1396.4,-0.2124679604131535,0.6611786518360054,0.005366732299687253,0.06935130325222334,0.02044751628608994,0.5454988095221399,326.0486216287252,448.7641281597759,6.616546654396359,350.0101944001633,220.82826817079962,-4.533599545933156,310.6236755254104,40.18547394561415,32.93995764101846,-6.001130856919954,24.302267827295793
47652856,111.135000,-50.100872,165.629317,1027.53,1074.18,1188.35,1029.74,-0.01,0.0,1.0,0.36,0.37,1.0,1396.4,-0.21200356384462848,0.668725510920804,0.0048292147899062655,0.08797343837460825,0.03217988088704549,0.8103621351926981,326.07686627839547,448.73242406886067,6.576024326563737,350.50969607801926,220.80677006435477,-4.774034732531963,309.32046919014743,41.03417243885619,52.59742517584318,-6.118541537459783,25.141869365569377
47652963,111.235000,-50.529047,167.500745,1027.32,1073.14,1186.17,1029.62,-0.01,0.0,1.0,0.22,0.4,1.0,1397.23,-0.21160234961135477,0.6777997650454455,0.004174435296206941,0.10980013290790024,0.022808620614517033,1.042953210269002,326.110068222053,448.7074392401149,6.580591261417188,350.59617124395027,220.827450500016,-4.963270246913014,309.1233557958911,41.37309450332785,54.18927511729544,-6.133000248590536,25.27888639133667
47653063,111.335000,-50.941512,169.430039,1027.3,1072.27,1187.46,1029.79,-0.01,0.0,1.0,0.39,1.0,1.0,1397.67,-0.21129813311104656,0.6883070944533701,0.0028673314292358173,0.11786083624444528,0.009902758564321094,0.9225416645952427,326.08553157461006,448.7234799911203,6.531258107943179,350.6796716061798,220.83721604578346,-5.022370164643036,309.09781278018335,41.47004049580675,54.0296021599318,-6.159684232593175,25.37142374211544
47653162,111.438000,-51.190914,170.940076,1027.57,1077.14,1195.68,1030.04,-0.01,0.0,1.0,0.34,0.5,1.0,1396.96,-0.21109776556360332,0.6999644272540498,0.0018289956455516674,0.13448500110085865,0.003479675973902789,1.074692953527309,326.07867687331645,448.719048126911,6.55019635378214,350.9258220580013,220.85857949983202,-4.990847208083797,309.07700678141634,41.49163093396235,34.839816048448974,-6.223254535018179,25.579479345757342
47653262,111.534000,-51.438376,172.506647,1027.23,1075.55,1193.72,1029.57,-0.01,0.0,1.0,0.21,0.29,1.0,1397.37,-0.21099460469399992,0.7123997785680626,0.0007018960448267823,0.13600481017951963,-0.0047355716439455905,1.0855848623270896,326.0469459112501,448.7585617384959,6.581448203127955,351.4874324245915,220.92799912721895,-5.331776399748005,307.55295131236375,42.75460089602264,36.70473661404086,-6.371485343372596,26.594788157675584
47653363,111.635000,-51.488471,173.543013,1027.15,1075.53,1193.01,1029.58,-0.01,0.0,1.0,0.23,0.47,1.0,1397.9,-0.21101906337445042,0.7255495343536774,-0.0009779833851128622,0.15278440853957456,-0.027229699587391375,1.831722065788553,326.08067939729614,448.7280123606274,6.581296296840353,351.17871146210695,220.92422132367713,-5.128808877999677,307.15593953796844,42.87112284191633,36.14649535384732,-6.2871429125533105,26.461878859673725
47653463,111.736000,-51.515684,174.548735,1027.24,1075.42,1195.28,1029.6,-0.01,0.01,1.0,0.24,0.36,1.0,1398.15,-0.2111905036579867,0.7394743651105076,-0.0023244349745161394,0.1544751836342003,-0.03481615308700009,1.7682369030131542,326.05004076721383,448.77242041751276,6.590167257920544,351.32332916071147,220.89860369060003,-5.257662190863523,306.8375418750936,43.14970710226366,36.85291361575057,-6.336548480653251,26.77806938750718
47653562,111.835000,-51.204637,174.686066,1027.2,1075.36,1194.47,1029.46,-0.01,0.01,1.0,0.26,0.37,1.0,1398.66,-0.21146695807699814,0.7538591044147924,-0.004070036528740027,0.18787193606754832,-0.07178032596188515,2.7997533836069657,326.0928017333457,448.7165253113054,6.5422736561048245,351.42017535303944,220.949940066908,-5.234904607591351,306.8201775721738,43.224923248297934,36.93664477177059,-6.345155291672009,26.77774288691342
47653662,111.934000,-51.213987,175.578200,1027.15,1075.34,1194.24,1029.59,-0.01,0.01,1.0,0.26,0.37,1.0,1399.19,-0.21183644295257337,0.7684898378680415,-0.004413813222889319,0.1613691260466558,-0.03745002217658035,1.0551986701759837,326.0504192815811,448.7893537076006,6.575430028922316,351.43306247679135,220.9806947201824,-5.246443759461955,306.82016407481086,43.21287511502342,36.93718203508555,-6.357723636505427,26.803534295438936
47653763,112.035000,-50.978747,175.817849,1027.22,1075.35,1194.31,1029.5,-0.01,0.01,1.0,0.29,0.38,1.0,1399.39,-0.21229040754948159,0.7831638410819755,-0.005240981864688207,0.15908620674286578,-0.040322136988414144,0.9964206114693507,326.0826920405759,448.7197161018677,6.564994442918394,351.45593236247925,220.96459606030234,-5.201354833647986,306.79155537579715,43.30408581521235,37.278737550011094,-6.3587629784757915,26.835776796199752
47653862,112.136000,-50.669480,175.806938,1027.18,1075.19,1194.26,1029.62,-0.01,0.01,1.0,0.31,0.39,1.0,1399.73,-0.21280863695180255,0.7976519753108713,-0.005859754114560176,0.15651686656186997,-0.04532333185027486,1.0413174108251444,326.1040048375819,448.7153522610836,6.595364479317301,351.3448373105835,220.92804075502812,-5.239806644121348,306.7974935833061,43.114570199358134,37.0841327098855,-6.323079728284051,26.710899479458106
47653962,112.236000,-50.305964,175.581008,1027.26,1075.34,1193.86,1029.58,-0.01,0.01,1.0,0.32,0.82,1.0,1399.71,-0.21337035217836048,0.8117748994320921,-0.006249732006991397,0.1525421885280862,-0.044727208295829796,0.9879550063271981,326.0473253377234,448.7747137588492,6.587363365663383,351.42524594890654,220.95708533617434,-5.186367810117329,306.46831937996933,43.31148081512858,37.397774231643126,-6.356302213273378,26.914325542028116
47654062,112.335000,-49.925818,175.203546,1027.23,1075.35,1201.99,1030.06,-0.01,0.01,1.0,0.33,0.49,1.0,1399.08,-0.21395716418784888,0.8253922465383329,-0.006396275360769011,0.14418432007245305,-0.04605814577133155,0.9425461150255361,326.08168743969884,448.72282481451543,6.532646274063276,351.38204261427717,220.94511722460854,-5.284520634314456,306.68811445690267,43.13358376300054,37.249811227372795,-6.338134613222666,26.78559172514975
47654163,112.435000,-49.423878,174.466826,1027.22,1075.44,1200.12,1029.45,-0.01,0.01,1.0,0.34,0.27,1.0,1399.07,-0.21455685051752918,0.8384027183086544,-0.00678665786080029,0.14368746563523663,-0.06663795810565556,1.3193891966398015,326.0505443326341,448.7763189186768,6.580387077780403,351.9820376355051,221.05717312370183,-5.419208836477382,305.215078010599,44.363238656615565,38.71329172121531,-6.496565811283913,27.818107267421656
47654262,112.535000,-48.902532,173.606127,1027.25,1075.56,1199.58,1029.53,-0.01,0.0,1.0,0.34,0.42,1.0,1399.42,-0.21518973726461268,0.8508965772249146,-0.007627569535547129,0.14390051479019947,-0.09421880500643834,1.628686938359386,326.10625102782706,448.71864209840004,6.611831879778782,351.4388987852934,220.96527959033182,-5.291915274840069,304.3425987936192,44.492512816956406,39.07916780948918,-6.346831269857596,27.636262797653877
47654363,112.635000,-48.391794,172.672059,1027.22,1075.54,1200.44,1029.48,-0.0,0.0,1.0,0.2,0.23,1.0,1399.56,-0.21586692390807377,0.8630975844340107,-0.007776452926378879,0.13807015617866594,-0.07591601816547677,1.3301476549787434,326.04477674795567,448.77019864597276,6.5966672410063065,351.35952737576673,220.91435569754043,-5.155058260271919,303.21544331556004,44.78748146988011,38.9687576343102,-6.332749492971274,27.953762318301198
47654463,112.735000,-47.851377,171.627700,1027.2,1075.5,1200.01,1029.51,-0.0,0.0,1.0,0.16,0.14,1.0,1399.81,-0.21652269856630116,0.8748738109830696,-0.007273131670012735,0.13199457227994402,-0.058210718752849534,1.0983612523739987,326.0846843486052,448.7295079470106,6.536952897927495,351.58164728279047,220.9848223052442,-5.230852214506662,303.4295136870763,44.85039597079998,39.122460419580605,-6.317704093304504,27.832199317519006
47654563,112.835000,-47.361782,170.596623,1027.21,1075.57,1199.9,1029.53,-0.0,-0.0,1.0,0.12,0.06,1.0,1399.55,-0.2171266127300219,0.8861433130385973,-0.006374035631007262,0.12029143499841614,-0.03650749223187668,0.7079690279395432,326.0500339322846,448.7779638311093,6.578117902575178,351.66005001442215,220.96962947296925,-5.366928962354816,303.912373013109,44.80466483064682,39.02931354867326,-6.406318115170349,27.977712905171607
47654663,112.937000,-46.837423,169.456652,1027.19,1075.48,1200.02,1029.57,-0.0,0.0,1.0,0.09,0.02,1.0,1399.61,-0.21770435005852154,0.8968735590466632,-0.0062644271454032055,0.11448220275657701,-0.041459935743883757,0.7045996948354716,326.04908217909184,448.7828239865193,6.590309817578271,351.9526539827054,221.05251291553992,-5.471132702189606,304.6826100152606,44.618308743105175,39.30048104573231,-6.489314936028503,27.977006273630643
47654763,113.037000,-46.362088,168.351105,1027.2,1075.55,1199.83,1029.57,-0.01,0.0,1.0,0.05,0.13,1.0,1399.56,-0.21828548195715172,0.9069825295784029,-0.006416741994130734,0.10744975221118615,-0.04511440225955434,0.6466421886272488,326.0492812880225,448.7737436348725,6.5744164244186125,351.7063303605873,220.9790298446967,-5.381573581472327,304.4739244112333,44.53762004290327,39.452634558723396,-6.426273735540269,27.83893466035469
47654862,113.135000,-45.917225,167.243903,1027.22,1075.54,1199.82,1029.57,-0.0,0.0,1.0,0.04,0.13,1.0,1399.59,-0.2188780498464989,0.9164085829307499,-0.006371805303649681,0.09895398442402774,-0.0376700683616683,0.5332558068616853,326.0530157720557,448.77953316279815,6.6058048084418015,351.65662848301133,220.96248989779463,-5.2390284965384195,303.8798728381633,44.80725472092268,38.775429828206555,-6.412377912556385,27.99944187098092
47654962,113.236000,-45.474590,166.127211,1027.22,1075.52,1199.75,1029.54,-0.0,0.0,1.0,0.04,0.31,1.0,1399.93,-0.21945134450321266,0.9251271875734182,-0.006068370648295975,0.09159596675655882,-0.029860270129633885,0.4406795680114135,326.0515280448575,448.7883815088359,6.595976498020313,351.40045395154027,220.93257659221948,-5.194886180899243,303.239577300151,44.84922254545457,39.21814125550793,-6.312497508650857,27.79909504440584
47655063,113.336000,-45.054192,165.016029,1027.2,1075.49,1200.08,1029.58,-0.0,-0.0,1.0,0.08,0.43,1.0,1399.95,-0.2199707234926836,0.9331400713452795,-0.005229214717960374,0.08234496044289313,-0.027349137825569,0.47413278438644324,326.0523878484554,448.7804869270804,6.587915296672474,351.4375739247511,220.9453216718051,-5.216208325875435,303.31533687865783,44.868971100187174,39.18071084183992,-6.357621677437528,28.001073393165925
47655162,113.436000,-44.594388,163.834102,1027.24,1075.46,1197.54,1029.52,-0.0,-0.0,1.0,0.08,0.4,1.0,1400.17,-0.22042380765871147,0.9404513848959618,-0.00479556800183526,0.07839147124847327,-0.03167526604390334,0.5403798745708503,326.07817518307866,448.7142617587261,6.56345493951813,351.66936411920454,220.98039472305263,-5.364869463211989,304.1385071780914,44.62337781183118,38.973925250758406,-6.4116137028253855,27.90689769400911
47655263,113.536000,-44.235596,162.725709,1027.34,1075.45,1198.06,1029.6,0.0,-0.0,1.0,0.09,0.31,1.0,1400.2,-0.22082974157964794,0.9470815558835933,-0.00421793349485344,0.06792222534922959,-0.018765143350546035,0.2682558253579013,326.04401230026224,448.77943794827075,6.586673278585305,351.70356817576044,220.96448033855512,-5.4289136992116145,304.89330737951093,44.37482708893846,38.176774201987406,-6.426330035270328,27.699132200654986
47655362,113.636000,-43.888371,161.637881,1027.19,1075.44,1198.18,1029.51,0.0,-0.0,1.0,0.1,0.35,1.0,1400.25,-0.22121599886581497,0.9530025207886205,-0.0040891602532850905,0.060519624044641486,-0.024128325186234187,0.3041590618371238,326.0912415392156,448.7230939877667,6.556994895625783,351.87936268243203,221.05296540241358,-5.33350351438765,305.1619462328629,44.244068703891195,38.37198156214701,-6.462330891875628,27.725416295533293
47655462,113.735000,-43.563904,160.546054,1027.18,1075.53,1198.57,1029.53,0.0,-0.0,1.0,0.23,0.74,1.0,1400.2,-0.22158846728649428,0.9581399683080695,-0.004058687308305544,0.05326274710053548,-0.032284577794704644,0.3576700106645076,326.0783258627053,448.7176620338682,6.5510831071606095,351.5967445540632,220.99072577692982,-5.4093400622440315,305.0979282020595,44.20293606756268,38.18798867778759,-6.393726010573344,27.5236533872651
47655562,113.834000,-43.244694,159.427488,1027.22,1075.51,1194.73,1029.31,0.0,-0.0,1.0,0.25,0.48,1.0,1400.09,-0.22194736120764239,0.9625533406586171,-0.0038423129451732453,0.045939540721012286,-0.024916137551221944,0.272451207758439,326.0803013495066,448.7249931287311,6.5434932816483915,351.3168597858287,220.90877373259897,-5.212303603096511,304.6297665233234,44.18310973615114,38.468527569010135,-6.3212219948008395,27.44067376670577
47655662,113.936000,-42.957030,158.340565,1027.21,1075.48,1193.04,1029.63,0.0,-0.0,1.0,0.25,0.25,1.0,1400.02,-0.2222673701674914,0.9662763286367427,-0.003181467445293438,0.03655944809805072,-0.01202848466843227,0.1312385270544741,326.0437942435436,448.76896768527996,6.600062557828246,351.0070160001027,220.91664434530932,-5.126211639816741,305.4181495815534,43.60752442478321,37.45671905996325,-6.252319280077674,26.923924287616277
47655763,114.035000,-42.662923,157.270236,1027.18,1075.5,1193.35,1029.56,0.0,-0.0,1.0,0.34,0.67,1.0,1400.08,-0.22252357793502972,0.9693080020936325,-0.0023587186292535296,0.028871391939388594,-0.0021402671573977614,0.058165924076851776,326.05054963810596,448.7752379205232,6.581366597659939,351.6512238990043,220.9675794653641,-5.339198978712143,306.81498428966415,43.36037452728323,37.14131636495531,-6.411910047738641,26.991892468251308
47655863,114.135000,-42.457832,156.354199,1027.25,1075.32,1188.06,1029.25,0.0,-0.0,1.0,0.35,0.45,1.0,1400.07,-0.22270351476490535,0.9714665453006943,-0.0018366490348469572,0.0199729137046883,-0.010421132748831071,0.04639132352994624,326.0520192416204,448.784452630827,6.604179298416481,351.8957041170274,221.04872417658743,-5.36636489064657,307.62434798333766,43.1716048601212,37.09628546772674,-6.4742870010054245,26.92479899490222
47655963,114.236000,-42.325334,155.549565,1027.12,1075.18,1188.94,1029.64,0.0,-0.0,1.0,0.35,0.26,1.0,1400.09,-0.22287840144948007,0.9728298682821199,-0.0019151648696669116,0.011348531485525249,-0.010018239205979308,-0.02845873754718231,326.0487681718082,448.7730399551952,6.575588657284999,351.68931383712027,220.98667001572545,-5.489845974726407,309.95861247258244,42.11955686097342,36.17264074388577,-6.422407983525793,25.97733197799682
47656064,114.335000,-42.280196,154.932618,1027.23,1075.1,1189.36,1029.63,0.0,0.0,1.0,0.36,0.35,1.0,1400.02,-0.22307778140876885,0.9733823514736052,-0.0021759012032608427,0.0019844413609534615,-0.018294239089447106,-0.08055926698488021,326.0770519464596,448.7162301435887,6.538364317302793,351.784421585719,220.97581896246706,-5.319640537767713,309.06692979382177,42.31931788376586,35.7211136945723,-6.440294060505844,26.327772841364876
47656163,114.436000,-42.292816,154.450485,1027.27,1075.02,1189.64,1029.6,0.0,0.0,1.0,0.41,0.66,1.0,1400.16,-0.22327321996589375,0.9729821550793792,-0.0022449234283611623,-0.008224017673665153,-0.019401934933384015,-0.15791678477654644,326.045317233955,448.78552967032095,6.578467251625698,351.45537165290835,220.95820791748204,-5.242281785968416,308.98859811202647,42.16577011335223,35.631805447048805,-6.364016078023267,26.089333419028
47656263,114.535000,-42.269367,154.029205,1027.1,1073.53,1184.35,1029.23,0.0,-0.0,1.0,0.36,0.49,1.0,1400.06,-0.22344372952190397,0.9718009399643036,-0.0016297265392330694,-0.015640618544767407,-0.004564933119012959,-0.16191720117649852,326.05894728994434,448.7695805917524,6.326981524977523,351.44430264156426,220.94493782334249,-5.154804978869412,308.8836295737841,42.197959732254446,35.55304015022465,-6.357954960125108,26.108974551464293
47656363,114.637000,-42.293960,153.778303,1027.14,1073.84,1184.53,1029.48,0.0,-0.0,1.0,0.33,0.25,1.0,1400.04,-0.22357448994921067,0.9699756619115236,-0.0012508316020276007,-0.021514655908474064,-0.004525401019301018,-0.19656715030603833,326.08563393747346,448.71875707788524,6.540427127475535,351.35250887238857,220.9330068483257,-5.1976035533154405,310.5755174647154,41.388661327898646,34.530128667188826,-6.329593733836994,25.454792439937748
47656464,114.735000,-42.407633,153.745178,1027.27,1073.57,1185.52,1029.56,0.01,-0.0,1.0,0.34,0.43,1.0,1400.05,-0.22364909737711214,0.9674900183590467,-0.0005247524838397059,-0.030295406815583886,0.0026433952434301165,-0.2779227181675793,326.0905404979284,448.70672014728547,6.5436398945334435,351.66892131243713,220.9768143450987,-5.266030432268654,310.8052172543938,41.420087083402755,35.04991134536907,-6.408542003484411,25.63814552680556
47656565,114.836000,-42.579871,153.891674,1027.18,1073.59,1182.82,1029.52,0.01,-0.0,1.0,0.34,0.4,1.0,1400.16,-0.22367586269663295,0.9642906953294891,-0.0002455209529322549,-0.03744973150849472,-0.0013454485128958932,-0.278739873933381,326.03860546901717,448.77711013098366,6.621895980925646,351.9383664238654,221.06194696550162,-5.273524333394199,312.05614577557463,41.150804509030785,34.361985003776404,-6.4887963245609885,25.47664576230368
47656664,114.937000,-42.801474,154.189941,1027.18,1073.58,1183.39,1029.64,0.01,-0.0,1.0,0.34,0.3,1.0,1400.08,-0.22370791621550382,0.9605344919077948,-0.0004568305352162683,-0.04287076732769051,-0.005891036955943209,-0.28835198663644185,326.0830438977225,448.7056721832675,6.558372568599138,351.4486304097229,220.98529815192563,-5.274821927131377,312.14719588959406,40.96927478958797,33.1673734993573,-6.355929337845341,25.02753391804613
47656764,115.037000,-43.019615,154.560361,1027.26,1073.48,1183.39,1029.61,0.01,-0.0,1.0,0.31,0.28,1.0,1400.13,-0.22375778252861486,0.9563025651318544,-0.00047702328383908193,-0.046589268251748875,0.0008447951510289572,-0.23390460016056522,326.08024670006546,448.71517062286097,6.556605542109111,351.4676018796427,220.9783436570583,-5.154259400085851,311.21475051922107,41.12647193239663,53.248555829144976,-6.360883469975323,25.337299202054943
47656864,115.136000,-43.225103,154.946476,1027.18,1073.41,1183.57,1029.56,0.01,-0.0,1.0,0.29,0.26,1.0,1400.17,-0.2237817068506115,0.9516273522560637,-0.00012646847379239773,-0.04979665848540046,0.0025275100466206884,-0.20723067964050934,326.0162547819085,448.79522946466557,6.620819171137064,351.1782185168068,221.00820027736944,-5.216664096664195,311.3336940997793,41.05266103275257,52.6545526669763,-6.303489358919936,25.091604410473188
47656965,115.236000,-43.417247,155.299360,1027.22,1073.33,1183.66,1029.59,0.01,-0.0,1.0,0.29,0.24,1.0,1400.16,-0.22376284541896324,0.946675217906036,0.00042282225676025157,-0.05311278383135147,0.007281583175841664,-0.25684645252754207,326.04611941501093,448.76416493891975,6.605609614527056,351.4611607628362,220.97258665486575,-5.2100701081412035,311.3129287784057,41.05970233750348,53.302928869124656,-6.366245409075863,25.312148584007137
47657064,115.337000,-43.584692,155.635338,1027.11,1073.45,1183.73,1029.52,0.01,-0.0,1.0,0.27,0.21,1.0,1400.11,-0.22370460032077558,0.9415611278738625,0.000669114236875687,-0.053474341178064974,0.003674565348626368,-0.19134220396226,326.0562035293858,448.78097860943825,6.576104978392239,351.6771111611849,220.98184140931923,-5.2830112282552655,311.99660077664805,41.00983493829195,33.280180689965015,-6.417173451852839,25.268080852918942
47657164,115.436000,-43.755601,155.938080,1027.2,1073.46,1183.61,1029.64,0.01,-0.0,1.0,0.26,0.19,1.0,1399.05,-0.22363419317975308,0.9364082560131556,0.0007397195704895041,-0.05427330940064808,0.0017087081413447566,-0.19728046755342998,326.05264100564625,448.7757141274117,6.58724386085537,351.73995550134936,220.9895893298852,-5.296068980130556,312.0900351657185,41.12988017759442,33.947617094845434,-6.4340312953780465,25.300025260493854
47657264,115.536000,-43.888852,156.170437,1027.19,1073.43,1183.74,1029.64,0.01,-0.0,1.0,0.25,0.16,1.0,1399.04,-0.22357814921922245,0.9313001860164132,0.0004821474735184196,-0.05227910790811755,-0.0008605104251861651,-0.15693326980311348,326.0412918168391,448.7798796562568,6.620748343709454,351.5870480094816,220.98277964774053,-5.304646032340644,312.11578999601124,41.018224409633454,33.18424640259258,-6.398563631865079,25.16781293817138
47657365,115.635000,-44.023990,156.374307,1027.23,1073.49,1183.71,1029.56,0.01,-0.0,1.0,0.25,0.18,1.0,1399.16,-0.22353815360642365,0.9262950247931939,0.00040118991377378384,-0.05193123143849636,0.0011388757861521587,-0.18541567404769407,326.0911306468704,448.7184419360066,6.522938873028724,351.4364757373874,220.97483896017292,-5.185091844455986,311.5185380992976,40.97179104325186,34.28077347061614,-6.350256369481186,25.20422095593259
47657465,115.736000,-44.126748,156.507154,1027.23,1073.43,1183.65,1029.59,0.01,-0.0,1.0,0.24,0.13,1.0,1399.27,-0.22349605672990752,0.9214265501860085,0.000522430715960196,-0.05132639939597922,0.006141677243155373,-0.36727876990449126,326.0770399767958,448.7268383391865,6.56502987763509,351.3987258633158,220.941676457001,-5.17316298142521,311.1834292956218,41.100721961572596,34.56684180111537,-6.343228850821891,25.291336935538602
47657565,115.836000,-44.240120,156.611250,1027.31,1073.48,1183.65,1029.51,0.01,-0.0,1.0,0.24,0.1,1.0,1399.39,-0.223430993002745,0.9167486459364512,0.0008557001336630008,-0.05358918652174087,0.009177794681656476,-0.407661730041306,326.0941979004424,448.7046180524106,6.5648518126839654,351.3544658523308,220.94828741089276,-5.2114917881634115,311.4463583912355,40.95408093820223,52.94370667450375,-6.331489817096037,25.16430023518656
47657665,115.937000,-44.178964,156.461609,1027.29,1073.38,1183.71,1029.59,0.01,-0.0,1.0,0.23,0.11,1.0,1399.65,-0.2233459164284142,0.9123233888463667,0.0009643487442946706,-0.04533365548832409,0.0053035953614681075,-0.141498381830349,326.051473635652,448.7719987873754,6.578783250335666,351.56453573682063,220.9798123819043,-5.2984216843972165,311.7162476103127,41.09261651503435,34.36623886998169,-6.390579084546558,25.271520975309734
47657765,116.037000,-44.179564,156.316391,1027.2,1073.39,1183.73,1029.5,0.01,-0.0,1.0,0.23,0.11,1.0,1399.78,-0.223255945053146,0.9081598353236815,0.0009006064574084475,-0.04265267098706381,0.002737617259298929,-0.1593514230359509,326.04993088737865,448.7861005167907,6.592626490904123,351.6636500465104,220.9785077384813,-5.305563948030279,312.0283229905042,41.06349355595511,33.23385881295567,-6.41515185876313,25.254131431671986
47657865,116.137000,-44.159003,156.065235,1027.19,1073.32,1183.7,1029.62,0.01,-0.01,1.0,0.24,0.12,1.0,1399.81,-0.22317936773357555,0.9042718146005507,0.0007510371954924496,-0.0408545994402558,0.001551348795069048,-0.1770369557542945,326.0443119650714,448.77667655179664,6.591963445974501,351.47148516566784,220.9527386761189,-5.296347026355855,311.7878002051977,41.00077704921637,52.541631760433695,-6.368362121951556,25.172764002081347
47657966,116.237000,-44.038866,155.560790,1027.17,1073.37,1183.78,1029.58,0.01,-0.01,1.0,0.24,0.12,1.0,1399.97,-0.22311747620147704,0.900667504769566,0.0006343606105321626,-0.03666141117491099,0.0024064308499419777,-0.11220935445095365,326.04926773808825,448.77847554358556,6.603569123197684,351.4181766689443,220.95639229910967,-5.173226205983052,311.2871623281211,41.01595618991678,53.44616024893944,-6.3539403284461144,25.28045108176116
47658065,116.338000,-43.854194,154.837832,1027.2,1073.39,1183.56,1029.42,0.01,-0.01,1.0,0.25,0.11,1.0,1399.97,-0.22305305673946532,0.8973464121907728,0.0006982458491824789,-0.03319286148667327,0.0032734824648723545,-0.08630180210610183,326.09208800344726,448.7197552912931,6.522978137847017,351.342677756812,220.9272968806515,-5.199189306458507,311.25811175414265,41.082211479786515,52.9032799545976,-6.325362450490787,25.215652388374142
47658165,116.437000,-43.603083,153.896084,1027.19,1073.39,1183.84,1029.45,0.01,-0.01,1.0,0.25,0.11,1.0,1400.16,-0.22297552485144573,0.894331290697116,0.0008779048110372882,-0.03014884708420804,0.005529498078406111,-0.10429388715835161,326.04354719481444,448.7715683832236,6.577607810982955,351.4731344237122,220.93125382634537,-5.248889691074012,311.59712709058834,40.93601885016455,34.20764159301521,-6.368507733211247,25.228527224776908
47658266,116.537000,-43.321391,152.808923,1027.22,1073.35,1183.81,1029.48,0.01,-0.01,1.0,0.25,0.11,1.0,1400.11,-0.22288730302924278,0.891614405720131,0.0009536546744792646,-0.028298342340870978,0.004974041981666776,-0.13158028623064114,326.04426577590266,448.7755079816334,6.6013921421832205,351.59457702844537,220.9758938743031,-5.275612246792607,311.9075262765917,41.01679347982067,33.805686842023604,-6.399625049898684,25.23583379400155
47658367,116.640000,-42.971695,151.539520,1027.23,1073.56,1183.25,1029.51,0.01,-0.01,1.0,0.32,0.4,1.0,1399.75,-0.22280518575759284,0.8891802238545918,0.0008022665847336655,-0.024494901696717253,0.0014609296234392353,-0.07714866477707846,326.0175544610149,448.78849842643604,6.513113644600064,351.5588339387761,220.96537638142567,-5.3562215182012665,311.96550723698283,40.984454687997946,33.40622430579124,-6.396726963698023,25.200120600901556
47658468,116.746000,-42.583630,150.091898,1027.24,1073.33,1183.47,1029.52,0.01,-0.01,1.0,0.33,0.37,1.0,1399.69,-0.2227426696056182,0.8870180864286782,0.0005854789890822386,-0.022074245746217212,0.0012523830839846848,-0.09486248331637447,326.07853297115696,448.70985770646564,6.541158257557065,351.5370464986555,220.9512766686935,-5.319585524224703,311.9329033397431,41.02335460755677,33.75474052993699,-6.377961459205682,25.169416127873607
47658567,116.841000,-42.129057,148.435797,1027.14,1073.62,1183.54,1029.47,0.01,-0.01,1.0,0.41,0.72,1.0,1399.8,-0.22269495844580708,0.8850992661533443,0.0004828579550240033,-0.019736280986385715,0.001590663346796137,-0.07162842486623955,326.09216683347483,448.71920487126437,6.533931290585851,351.37606544102573,220.946296953321,-5.1887314858481615,311.53992709650333,40.89892975396901,34.197894569846845,-6.334177891122133,25.144269448544605
47658667,116.940000,-41.600782,146.568849,1027.11,1071.6,1177.91,1029.11,0.01,-0.01,1.0,0.36,0.44,1.0,1399.89,-0.2226487562407734,0.8833982352990591,0.0005262559903634241,-0.017015369826212427,0.003990026599985472,-0.06473341535550411,326.08803625097477,448.7219664379189,6.538451526566569,351.413113718572,220.95141296942012,-5.141274800766884,311.4783749765479,40.96217425652773,52.961125448141246,-6.344475103775843,25.198685013968245
47658768,117.044000,-41.043008,144.587524,1027.22,1072.34,1179.54,1029.42,0.01,-0.0,1.0,0.37,0.51,1.0,1399.9,-0.22259003351089854,0.8818962090365234,0.0006765567639678093,-0.015387924746068189,0.005917640257548567,-0.09599192332751125,326.08385258407,448.7085902516353,6.5563516306564065,351.10055163057996,220.94684552079326,-5.086581195865034,312.4263410938185,40.561962540024446,32.999086796205425,-6.268078793776804,24.637081485365513
47658867,117.142000,-40.441875,142.443458,1027.19,1071.73,1177.52,1029.3,0.01,-0.0,1.0,0.36,0.47,1.0,1399.83,-0.222520309267972,0.8805705570943586,0.0008739102286361905,-0.014543582980772653,0.010803024884683805,-0.12708821022105804,326.08027736979096,448.72613159605066,6.540309886431066,351.589254622936,220.98015668618493,-5.197363763541095,314.01252198522474,40.121247786308416,32.962665916425514,-6.390850132249095,24.518953668572024
47658971,117.240000,-39.679914,139.483344,1027.19,1071.25,1175.75,1029.51,0.0,-0.0,1.0,0.31,0.23,1.0,1398.89,-0.22239315714579844,0.8783583760093975,0.000914637402659369,-0.016226031048274882,0.004504804483357013,-0.12339830368508574,326.0863315667436,448.7146493378886,6.547290834046393,351.4443585565242,220.96808007515932,-5.196147298478525,314.7777619334648,39.745537806979904,32.145296745769684,-6.353325759659255,24.144842166226617
47659070,117.344000,-39.474754,138.666795,1027.3,1071.3,1176.06,1029.49,0.01,-0.0,1.0,0.34,0.34,1.0,1398.45,-0.2223539065557927,0.8775007031557575,0.0008432952876951937,-0.018896872427391957,0.004968906256450438,-0.14622807292961493,326.0439665019783,448.775758966323,6.578699424713463,351.48334376526657,220.9850131422939,-5.212462223600352,315.64996580785544,39.26278967933569,31.5035275542771,-6.372314318332412,23.89953931920272
47659171,117.443000,-38.425617,134.580360,1027.16,1071.41,1176.39,1029.42,0.01,-0.0,1.0,0.55,0.9,1.0,1398.82,-0.22224176333132975,0.874471594812175,0.0007115200800715197,-0.023125739910986407,0.003924351942818577,-0.1680124414036988,326.05087073637054,448.781663431431,6.589114687647974,351.35678720923335,220.94284581385233,-5.1468168694435885,315.60986284077063,39.260625803450004,31.385914469721854,-6.337829941913392,23.806719349632353
47659271,117.544000,-37.856400,132.335971,1026.91,1068.17,1169.29,1028.81,0.01,-0.0,1.0,0.41,0.6,1.0,1398.88,-0.22217922287228195,0.8721349233097057,0.0006569910156664048,-0.024817735195618734,0.0022653262442934394,-0.14822438110921277,326.0507886841937,448.78254650227564,6.6030654276037435,351.0651688805352,220.9644472243036,-4.946033559157087,314.9525641495505,39.370355874521955,31.58491901574095,-6.265964380304979,23.779286439858147
47659370,117.643000,-37.565915,131.217558,1027.06,1068.93,1169.76,1029.35,0.0,-0.0,1.0,0.41,0.73,1.0,1399.25,-0.2221457865680519,0.8709033983137718,0.0007208354624519728,-0.02607388458928178,0.004080091997055607,-0.11204305431531905,326.0274107575857,448.8034925603887,6.474125538985387,350.59048082554375,220.8912075482572,-5.009252647094525,316.27551245633737,38.53708310215984,30.303543778857467,-6.151265370988881,22.959688580331857
47659470,117.743000,-36.980928,129.009069,1026.85,1066.78,1164.42,1029.07,0.0,-0.0,1.0,0.42,0.71,1.0,1399.35,-0.22195184280185618,0.8667199228014574,0.0014274887163313612,-0.02865789681875934,0.0150776312616432,-0.18947993386340253,326.07908541048045,448.72490153031407,6.536056867312317,351.06026236221624,220.90626761042978,-4.892415630767517,317.33375437795445,38.25431618275288,30.089878612269548,-6.257698608598228,22.97717120563258
47659570,117.843000,-36.289844,126.037399,1027.18,1066.89,1162.46,1029.2,0.0,0.0,1.0,0.36,0.67,1.0,1399.6,-0.22175397580509099,0.8633578267846349,0.0022176577175814505,-0.03791220810345024,0.021997685048059646,-0.3666691343666951,326.0528290024259,448.7601360452263,6.567432370419825,350.8575903598842,220.8852013413239,-4.84285380425193,319.8367560981753,37.4284432913682,28.47563213076273,-6.212330783749171,22.022064403574927
47659670,117.943000,-36.090590,125.082846,1027.04,1065.9,1159.3,1029.15,0.0,0.0,1.0,0.4,0.51,1.0,1399.67,-0.2216442597448043,0.8614550552056399,0.002408138430298187,-0.04207790185523468,0.014272140056258069,-0.2731928110009692,326.0851429264345,448.7222366894324,6.550387745269604,351.07136570703597,220.9869353035945,-4.853820666068449,320.95177517766155,37.079091691276226,27.877843621770182,-6.261224620033613,21.82351911467571
47659770,118.047000,-35.541206,122.326452,1027.16,1065.92,1158.76,1029.52,0.0,0.01,1.0,0.32,0.31,1.0,1399.79,-0.22129125581192774,0.8546363286357983,0.002438353237206587,-0.047784750858379806,0.01015795492120304,-0.247824445370121,326.0860372555537,448.7069725139391,6.54349861626457,350.7522349669807,220.90801016977298,-4.985716762996682,322.333749372088,36.519319144350185,26.875021765932118,-6.179941161941665,21.12152332835924
47659871,118.145000,-35.181252,120.500863,1027.13,1066.0,1159.79,1029.55,0.0,0.01,1.0,0.44,0.9,1.0,1399.79,-0.22102649714150752,0.8491191470349327,0.0029490420846873425,-0.061743401769371084,0.015430271423709644,-0.33326665698064034,326.0426809417222,448.7804442629076,6.577895746745004,350.7698156043244,220.91845969103588,-4.945797354975132,322.34967226038367,36.41421770651437,26.65048733431592,-6.193389788410754,21.14352128876157
47659970,118.243000,-34.978090,119.530808,1027.04,1064.17,1153.1,1029.17,0.0,0.0,1.0,0.35,0.62,1.0,1399.8,-0.22088344002457133,0.8460851045360283,0.0030442593187410445,-0.06480902173828292,0.012389920853811666,-0.2825739670633206,326.08720467931767,448.71136620348074,6.527801357163574,350.73272486880205,220.89537424901337,-4.84317022825134,322.3877230548555,36.3789953808151,26.58483868295096,-6.174342581260257,21.08206628252198
47660071,118.342000,-34.355934,116.572839,1027.19,1064.74,1152.82,1029.47,0.01,0.0,1.0,0.33,0.32,1.0,1399.94,-0.22041333394227797,0.8361399531887763,0.003227940783136648,-0.06811017818621443,0.014238483642172008,-0.2937016340662881,326.0902247488229,448.71089858835774,6.539687785313232,350.50352489230704,220.89791093878887,-4.884742167834483,322.7794819478612,36.16515469913287,26.06809720615651,-6.11668856409159,20.76842859424721
47660170,118.444000,-34.117308,115.542246,1027.3,1064.48,1153.62,1029.52,0.01,0.0,1.0,0.34,0.45,1.0,1399.97,-0.22024322606550287,0.8326069065253369,0.0036990207780929433,-0.07630966827297433,0.02263297606982203,-0.4283559753447644,326.09089621960493,448.71768287858436,6.527450613050891,350.727567121417,220.9008819184076,-4.823766250114108,324.7886872283284,35.611228526580774,25.106935789821428,-6.172120970655735,20.313345380178397
47660271,118.543000,-33.363056,112.210270,1027.15,1064.46,1151.32,1029.48,0.01,0.01,1.0,0.33,0.37,1.0,1399.91,-0.21966917072809855,0.8211888337252767,0.004095551707874731,-0.08038080872308882,0.018013146622600385,-0.37779121623029,326.1066014365176,448.70099376917835,6.5661863498955295,350.8393117138851,220.93905420861404,-4.865771853199261,326.1442327314633,35.339087693479996,24.592201539677774,-6.197475353202867,19.97394761759686
47660371,118.643000,-33.107817,111.059309,1027.28,1064.41,1152.2,1029.64,0.01,0.01,1.0,0.33,0.34,1.0,1399.92,-0.21947790813374338,0.8171348948720405,0.003987017229744067,-0.08557542567316251,0.01671675826162917,-0.4389436345816457,326.03663256251906,448.8079338966848,6.463714370756781,350.8332438899806,220.91211952629607,-4.866702627166268,326.382517028495,35.20097591019839,24.302579476036012,-6.2097410292030455,19.9199038914372
47660471,118.743000,-32.353592,107.530259,1027.19,1064.41,1152.17,1029.73,0.01,0.01,1.0,0.33,0.36,1.0,1399.98,-0.21893759320752942,0.8044100023439297,0.003909915394375079,-0.09533467110907329,0.026309571546972613,-0.6464613806528846,326.03146054928163,448.8122667727741,6.471825654644209,350.61144323906234,220.90864859507573,-4.835990744646053,325.83045714155566,35.277833670213276,24.36941316167279,-6.137843012862286,19.685279215363103
47660572,118.844000,-31.692534,104.998717,1027.12,1064.43,1152.44,1029.48,0.01,0.0,1.0,0.59,1.0,1.0,1400.04,-0.21857711204761673,0.7955776337393439,0.0038272002069035184,-0.09405647138887281,0.017890170616564307,-0.4432970039672543,326.05251367995146,448.7756369053972,6.57096023160154,350.27095981555533,220.89269961888849,-4.650178116409881,325.3361298627296,35.23523797232739,24.487217098439235,-6.066385331871963,19.78213870762707
47660671,118.945000,-31.088928,102.701244,1026.82,1061.5,1145.65,1029.1,0.01,0.0,1.0,0.51,1.0,1.0,1400.0,-0.2182016208917229,0.786711103991842,0.004085787469800919,-0.09377058273410273,0.018901357655906833,-0.3699438535728841,326.05189895285724,448.7747644854894,6.555681750294936,350.43869314854174,220.90369692786095,-4.80383238846763,325.14581563226324,35.33411164690245,24.571869096615206,-6.108552260573109,19.978613085347
47660771,119.044000,-30.330735,99.965675,1026.62,1060.5,1140.93,1028.94,0.01,0.0,1.0,0.37,0.85,1.0,1400.12,-0.2178058270598459,0.7779456904152525,0.0042170663148472605,-0.09116496207303644,0.019555313832621775,-0.3556672004402693,326.0491478915682,448.7710504475937,6.5948192463254385,349.9579265528458,220.84815551998483,-4.394118299059821,327.47919651458335,34.554669583722884,27.42809534747186,-5.988342988749853,18.85690404144271
47660871,119.144000,-29.552326,96.946110,1026.92,1060.65,1138.46,1028.94,0.01,0.0,1.0,0.36,0.58,1.0,1400.13,-0.21737327570534168,0.7691102610028945,0.004749547824716339,-0.09478462757846941,0.02261565644892588,-0.41939425751798437,326.10062565640925,448.70173986716054,6.556555250168151,350.34603982525704,220.89778362331248,-4.525271870065194,329.4856085008264,34.12945282430392,21.718880123691196,-6.075179830423043,18.523396490497653
47660972,119.244000,-28.842229,94.204488,1026.94,1060.4,1136.69,1029.2,0.01,0.0,1.0,0.35,0.42,1.0,1400.04,-0.21692054336764235,0.7600073744415187,0.004692052130960147,-0.09400693149877792,0.014958435590788225,-0.31605950716455705,326.07991395695586,448.7117662352178,6.543065058054108,350.379410893861,220.9291059364477,-4.712354659038522,332.0524503077041,33.49268433183859,20.17784867029334,-6.089194648782372,17.762844281450633
47661073,119.345000,-28.487610,92.833409,1026.96,1060.59,1137.32,1029.43,0.01,0.0,1.0,0.58,1.0,1.0,1400.12,-0.2166922831633357,0.7552980201874723,0.004647224720511776,-0.09668043971322858,0.01709565283076194,-0.41501758333292255,326.0842579517106,448.7155595015466,6.544217399386909,350.51937935906466,220.92446753190202,-4.701987680392188,333.22868334805435,33.38625753158479,19.66818664986912,-6.122698323167201,17.5130753134003
47661172,119.445000,-27.918466,90.165663,1026.42,1058.08,1131.14,1028.89,0.01,0.0,1.0,0.52,1.0,1.0,1400.06,-0.21625650065516688,0.7455545441101765,0.004578933296782683,-0.10717992330112235,0.025492444410806527,-0.709214104136102,326.04728677068914,448.77613449742245,6.587160947601349,350.49240690297955,220.95317088138583,-4.6583601474502565,333.2879701192864,33.2575859379606,19.44035468079369,-6.1243342786246755,17.48584437983115
47661272,119.545000,-27.244544,87.376037,1026.26,1057.17,1126.64,1028.98,0.01,0.0,1.0,0.45,1.0,1.0,1400.05,-0.21584815430158788,0.7354125879819954,0.004346163476382221,-0.11232280693119459,0.030646626134791417,-0.9061093948144594,326.04400353367436,448.769911623628,6.581733391522667,349.5178111662627,220.90309348621804,-4.102121043247939,334.03708975090007,32.7678023772572,18.21142259987281,-5.881604711479779,16.467197844329213
47661372,119.645000,-26.182523,83.334550,1026.3,1056.14,1123.34,1028.76,0.01,-0.0,1.0,0.39,0.67,1.0,1400.01,-0.2151977367126283,0.719531863348571,0.005346359910398817,-0.11865495648610598,0.039148905851870155,-0.6779939796824416,326.0523115973515,448.7778231763439,6.575390748846549,349.22760128553483,220.69075022572477,-3.880578870940679,334.40918124289027,32.44637486790159,17.29826889798455,-5.8017528021584726,16.104493674836654
47661472,119.745000,-25.395480,80.556435,1026.45,1056.41,1121.31,1029.12,0.01,-0.0,1.0,0.35,0.49,1.0,1399.89,-0.21463578026745211,0.7082907387509385,0.006119643467232381,-0.12544244399832014,0.05554850869288952,-0.96369844733184,326.0455375193797,448.7640643674565,6.566178748389093,348.40136853093054,220.6926965183872,-3.747271177356807,335.5091010392188,31.906879780487785,15.968369930918469,-5.5983173990613615,15.103323570906586
47661572,119.844000,-25.024951,79.176952,1026.58,1056.27,1120.8,1029.21,0.01,-0.0,1.0,0.56,1.0,1.0,1400.03,-0.2143022104878575,0.7024604741161163,0.007284965470387013,-0.12453970216737031,0.04107481574465928,-0.4906698381337971,326.07965038624593,448.71283955915163,6.54747510439408,348.2866756131546,220.6776018965497,-3.5599135382908402,335.40880087464683,31.856382484680594,15.728958960304213,-5.562163645048673,15.02593876899809
47661672,119.947000,-23.795681,74.803337,1026.38,1054.16,1115.46,1028.95,0.01,-0.0,1.0,0.45,0.74,1.0,1400.04,-0.21351640652677104,0.6903803058313505,0.008832687552848367,-0.12820155740098194,0.05694258785439675,-0.6461269852965669,326.0544020552023,448.7738525626742,6.56334706185184,348.17273298683824,220.6300102675489,-3.5731569484468957,336.06512143394514,31.618884046152633,14.968576084282232,-5.537466103219148,14.740158297886195
47661772,120.046000,-22.953350,71.837714,1026.39,1054.1,1113.47,1029.18,0.01,-0.0,1.0,0.5,0.96,1.0,1399.99,-0.21203797825720852,0.6713459916556017,0.010684079790381532,-0.13513357403723864,0.06774717516175131,-0.7131338051444823,326.0874964672974,448.7037969170284,6.525175999249195,348.14982324057553,220.61876814993875,-3.4556639870876973,336.32032840321864,31.585022680724997,14.702511290531008,-5.524947396451961,14.630723432061927
47661872,120.144000,-22.542211,70.398082,1026.28,1052.37,1109.41,1028.89,0.01,-0.01,1.0,0.43,0.7,1.0,1400.01,-0.2114833650298023,0.6648547737984094,0.012149981017684656,-0.14083827801964294,0.07783573580628785,-0.8002592765936912,326.008953534583,448.7769786753306,6.601957491976521,347.7702155580294,220.62633784295582,-3.29828586698417,338.28109522220166,31.106655838257353,13.4668903901412,-5.448452571066334,13.76327181076468
47661972,120.244000,-21.780024,67.876627,1026.36,1052.09,1108.12,1029.06,0.01,-0.01,1.0,0.35,0.48,1.0,1400.14,-0.21029205060087425,0.6516554261235633,0.012994970312869754,-0.14067656394145114,0.07430138130077278,-0.7308067820338952,326.04812333893614,448.76357633674064,6.574875593604464,347.7518360178576,220.61037524884665,-3.144994575584859,338.95623716986995,31.041587165804785,12.680310206744318,-5.434069466700699,13.524639163075392
47662073,120.345000,-20.232335,62.334182,1026.63,1052.27,1106.92,1029.24,0.01,-0.01,1.0,0.59,1.0,1.0,1400.11,-0.20832558987601588,0.6312161758841259,0.015267527770283321,-0.15405592226854853,0.08786848025450518,-0.8490343996661349,326.0842068092893,448.7131482084378,6.525557707238424,347.37491150045514,220.53665031643746,-2.868581917686931,339.9399254825527,30.69171806537757,11.535438207576151,-5.330722913794331,12.904201121440313
47662172,120.445000,-19.591704,60.611492,1026.4,1051.12,1103.66,1029.07,0.01,-0.01,1.0,0.5,0.82,1.0,1400.12,-0.20761892398286028,0.6242085564179569,0.014050436727882868,-0.13855469498818568,0.0314750900982547,-0.25218357721569556,326.0460588033249,448.7694485819112,6.579449224559511,346.7165626569313,220.466173834254,-2.7289077041205347,339.95382225763035,30.482579541686288,10.77264154272002,-5.173435618142451,12.385536472314394
47662272,120.544000,-18.759773,57.530358,1026.22,1049.75,1099.67,1028.96,0.01,-0.01,1.0,0.57,1.0,1.0,1400.13,-0.20612343316167797,0.6099474974328991,0.01647038627481622,-0.15364865450372095,0.12776748917347172,-1.1092261519690627,326.09002077968694,448.7207729088413,6.5319777141818145,346.22967730945555,220.4091845651769,-2.384953149085797,340.8836171760831,30.171987958487364,9.761906185909108,-5.041085559726554,11.879591879095836
47662372,120.645000,-17.890987,54.476668,1026.14,1048.86,1097.28,1028.85,0.01,-0.01,1.0,0.49,0.86,1.0,1400.07,-0.20450312211816057,0.5954189621536802,0.019001591327845475,-0.1661533142634106,0.1752626684766936,-1.4211238452166894,326.0511473672287,448.75739173189686,6.5606924317582385,345.85835897189963,220.3666130857599,-2.123168906391985,340.6847232729308,30.19936986675858,9.584090585974776,-4.9565801083148155,11.471548422941522
47662473,120.744000,-16.880778,51.191961,1026.06,1047.71,1093.08,1028.96,0.01,-0.0,1.0,0.41,0.62,1.0,1400.24,-0.2027205260294042,0.580551998214857,0.021078471887640664,-0.17129101662610924,0.2377494064144822,-1.831671494612332,326.0468637201121,448.76603744881737,6.577116849843016,345.31620827054104,220.3602352022758,-2.274205829229183,341.58664038347337,29.924710868710854,8.50056630519382,-4.813879880296859,10.749720520544924
47662573,120.846000,-15.551923,46.865599,1026.43,1047.4,1091.59,1028.93,0.01,-0.0,1.0,0.38,0.48,1.0,1400.2,-0.1997493074069707,0.5577097923492568,0.024585032439761054,-0.1823708049046724,0.3083749482303314,-2.2039498177132977,326.04962600378707,448.7792315925701,6.6006536829906635,344.9518228252541,220.39595966818638,-1.9578688538403208,342.0909763320781,29.770212697746526,7.439458195344374,-4.731315428994307,10.322441917193785
47662672,120.949000,-14.611717,44.007841,1026.54,1047.83,1091.0,1029.13,0.01,-0.01,1.0,0.71,1.0,1.0,1399.11,-0.19758850842503062,0.5421739651212469,0.024428636658821678,-0.176779178293771,0.21276478469923246,-1.458939690986451,326.0456866890002,448.76874202593916,6.574489845151613,344.72055703750726,220.2070679591078,-2.118946045788781,342.5841196938655,29.654914308145525,7.114109668931703,-4.671035538991086,9.984434398948723
47662772,121.045000,-13.637707,41.172101,1026.69,1047.48,1086.47,1028.6,0.01,-0.01,1.0,0.8,1.0,1.0,1398.7,-0.19529699551700935,0.5264633842927678,0.024325731764159596,-0.16767085037971166,0.17051038288375364,-1.1059307316650495,326.08843601865533,448.7115036513896,6.53688209943765,344.22865484772706,220.2234096474575,-1.462135347269116,342.5171948790926,29.53340230716413,6.716615733468953,-4.5393282315719015,9.592877431165622
47662873,121.145000,-12.757846,38.437999,1026.39,1046.22,1084.77,1028.75,0.01,-0.01,1.0,0.76,1.0,1.0,1398.92,-0.19289694925871864,0.5107390054126959,0.026214024657612536,-0.16872528873856757,0.17747988117395302,-1.0935436934359417,326.05252314552513,448.7723459394442,6.569507200436976,343.9423933145001,220.1588833288555,-1.3383172094487155,342.973907275739,29.446611502106833,5.8189115732498555,-4.474493414496173,9.239947054088718
47662973,121.245000,-11.912588,35.795409,1026.06,1044.6,1081.58,1028.46,0.01,-0.0,1.0,0.71,1.0,1.0,1399.21,-0.19037659693939374,0.4949515181272586,0.02797918626067775,-0.17258172413037645,0.13095669915941574,-0.757905616847204,326.04998842692885,448.772862085191,6.58885797845443,343.4119218063032,220.1379227704283,-1.0072165799019235,343.6510213604538,29.239495045191127,4.915043249440394,-4.414149861023866,8.988940111376607
47663073,121.345000,-11.057641,33.246779,1025.89,1043.13,1078.33,1028.45,0.01,-0.0,1.0,0.6,0.98,1.0,1399.36,-0.18774618910237112,0.47912486503385,0.02810849370399323,-0.16993304439683216,0.19364993885795898,-1.1093637293438492,326.0445675669094,448.7804452285223,6.564587693923243,343.11369173898044,220.13160066376938,-0.8101299154801369,343.8145300602356,29.14150943392392,4.395946563381521,-4.269333045126316,8.328420116551637
47663174,121.445000,-10.265865,30.806067,1025.97,1041.65,1074.19,1028.3,0.01,-0.01,1.0,0.51,0.77,1.0,1399.68,-0.1850061876680156,0.4632427599975792,0.029539586001738404,-0.1689607332843832,0.14651061331079135,-0.7817599567542783,326.07772361511314,448.70263548338147,6.560544077840249,342.5010707635964,220.08531302902446,-0.6422388200396029,344.3854021062899,29.031536822242526,3.1443807703148665,-4.108939577231139,7.652798815661667
47663274,121.548000,-9.468361,28.376632,1026.0,1041.21,1073.3,1028.3,0.01,-0.01,1.0,0.45,0.62,1.0,1399.67,-0.1821548040753985,0.44729472015617033,0.031116023871842254,-0.17481090451959652,0.19007873184774424,-1.0083353042503784,326.0499039360032,448.76804620050996,6.574511387429506,342.0386282781056,220.08341264054766,-0.47934126537205757,344.1705058817015,28.967313635940258,2.9047276267680537,-4.0701970043039415,7.56494244003097
47663374,121.648000,-8.782910,26.304485,1027.32,1039.19,1071.21,1028.4,0.01,-0.01,1.0,0.74,1.0,1.0,1398.08,-0.1791904604556555,0.4312991101415593,0.032104323925647445,-0.17086697031967724,0.15073961884513734,-0.7422096121933908,326.0440301692052,448.7745451846353,6.58263897815608,341.74738606590347,220.03967667425425,-0.27405632057769136,344.14425967443333,28.90085523986924,2.551148799514021,-3.9273699179616774,7.136290580068463
47663474,121.746000,-8.008741,23.973175,1026.96,1042.34,1069.4,1028.12,0.01,-0.01,1.0,0.82,1.0,1.0,1398.26,-0.1761176888780425,0.41533810418153366,0.03341548753451734,-0.1708703010561623,0.19303874223616113,-0.9455283771220542,326.04032197550066,448.774673026047,6.58253763303482,341.05670923564657,219.9609050208423,0.13354547354930185,343.61365037886884,28.774916781071187,2.106645061693283,-3.7547723375927706,6.743310687608896
47663574,121.846000,-7.152106,21.316027,1026.52,1040.76,1066.72,1027.7,0.01,-0.01,1.0,0.71,0.89,1.0,1398.67,-0.17293063031115663,0.39948432759932934,0.037308856142661884,-0.1826377552583175,0.3256015129938534,-1.5217765613216745,326.0881212065059,448.710982987141,6.527190402968905,340.8840247704704,219.91228067515368,0.16688486525373417,343.9509817066508,28.75822245814459,1.6258895046542574,-3.700038701075874,6.480878438311773
47663673,121.946000,-6.353504,18.993125,1026.21,1039.48,1064.67,1027.23,0.01,-0.01,1.0,0.8,1.0,1.0,1398.88,-0.16964257518759818,0.38376519135750503,0.035734455938057304,-0.168625220023259,0.2532000648550429,-1.1448677875742537,326.08052374947243,448.7094051028233,6.552446384103331,340.6836122544904,219.92049576154045,0.3483006126435641,345.1189114592557,28.740811127079123,0.7031097240304505,-3.6521083240043524,5.97521378495902
47663773,122.045000,-5.606058,16.707710,1026.2,1038.19,1062.43,1027.02,0.01,-0.01,1.0,0.71,1.0,1.0,1398.98,-0.16629789070219836,0.3682239349014823,0.03732953399742261,-0.17207315557054947,0.23063296016602444,-1.0299283068916005,326.084223725108,448.70608085333845,6.546891060535019,340.6251953281725,219.93180622263455,0.32980030079983685,345.4242612919513,28.767503151375195,0.21027666165034573,-3.6368472022336706,5.835620043014108
47663873,122.147000,-4.832466,14.401904,1026.07,1037.08,1060.21,1026.88,0.01,-0.01,1.0,0.62,0.92,1.0,1399.27,-0.1629353697891115,0.35289476685700677,0.03533762878718103,-0.1601464884424837,0.14434622174081288,-0.6312087405460122,326.1061221994493,448.68777398199535,6.586567915607454,339.8912701320605,219.92044955346262,0.473400274442271,345.548217001371,28.58344341722645,-0.6446535784913608,-3.4483810058491904,5.203285156685145
47663974,122.247000,-4.061117,12.052931,1026.1,1036.35,1058.18,1026.69,0.01,-0.01,1.0,0.56,0.78,1.0,1399.59,-0.15956000489626498,0.33776379671511486,0.03601490593705009,-0.1602939001089456,0.16625109893279458,-0.7101049936265168,326.1014223001832,448.69723062994217,6.562381724333974,339.5951666133644,219.9279573436288,0.6915780984682957,345.14748685460864,28.654294373901795,-0.7144176795752997,-3.37562752729835,5.088531591126493
47664073,122.346000,-3.313265,9.802810,1026.1,1035.24,1055.97,1026.76,0.01,-0.01,1.0,0.5,0.69,1.0,1399.65,-0.1561601489687471,0.3228323505416012,0.035908772658158346,-0.1561559925667294,0.20580780676615182,-0.8530392020800945,326.07329663835674,448.70976983999117,6.530346192443504,338.78769567142285,219.8648460330136,1.258452152380395,344.22447512693304,28.46296727060452,-1.2013718569028242,-3.180027840968935,4.733003843717267
47664173,122.446000,-2.556351,7.518976,1026.37,1035.99,1055.42,1026.86,0.01,-0.01,1.0,0.86,1.0,1.0,1398.75,-0.15270503006115616,0.30813403376423487,0.037977621615947,-0.15930468675114368,0.23937422129927607,-0.9471130486903612,326.1094984915901,448.700481925436,6.549072077516744,338.05878304286665,219.7416604490715,1.5256442408277373,342.940583651756,28.34243880299317,-1.2570725454898,-2.9875371500188677,4.514013286652492
47664274,122.545000,-1.759320,5.144216,1027.1,1037.31,1053.74,1027.03,0.01,-0.01,1.0,0.53,1.0,1.0,1398.18,-0.1491668741248487,0.2937131283171369,0.03874561958770588,-0.15486744168376312,0.245853188945978,-0.903103382319593,326.07840267196,448.71238975465343,6.533689266151401,337.3157863015336,219.6979199927254,1.6120484972759543,341.9448859231166,28.357754550531848,-1.587950238953759,-2.8091616295242696,4.2324347155237785
47664373,122.645000,-0.946869,2.719783,1026.89,1036.25,1051.81,1026.76,0.01,-0.01,1.0,0.53,1.0,1.0,1398.52,-0.14550175315407088,0.27958694109996285,0.041117120849402854,-0.15502441089582644,0.29896395382639773,-1.0434495505814487,326.04379232196555,448.79655474123456,6.511404985652266,336.90506841170804,219.71911810739226,1.8057823486665556,341.7919766805591,28.330272291733724,-1.9147689447948508,-2.714538813806618,3.96640936261303
47664474,122.746000,-0.117157,0.234650,1026.74,1035.51,1049.99,1026.69,0.01,-0.01,1.0,1.0,1.0,1.0,1398.95,-0.14171067239645782,0.265745260301483,0.042372422933742784,-0.1520660901681151,0.3128784785592884,-1.0620270679085437,326.07698260591417,448.70769249425433,6.562618935639108,336.8277516428939,219.71745727106762,1.9171520663607615,342.54856567503117,28.216139404706556,-2.5443793861575226,-2.687982389409254,3.6648483789427835
47664575,122.846000,0.731442,-2.322676,1026.64,1034.27,1048.33,1026.66,0.01,-0.01,1.0,1.0,1.0,1.0,1399.12,-0.13978325847543466,0.25892692847036314,0.04135934230100343,-0.14564328290268436,0.20269016856431044,-0.6630045758129998,326.04104593343305,448.76614146971474,6.591443573236585,336.7272079017434,219.70726831321844,1.8945025628600993,343.6552084113972,28.218203852041956,-3.7442921978149313,-2.6710528913613167,3.2700703327548752
47664675,122.947000,1.572299,-4.868672,1026.38,1032.53,1045.89,1026.76,0.01,-0.01,1.0,1.0,1.0,0.32,1398.48,-0.13397723976762274,0.2389731055523375,0.04195922810424064,-0.14235292271462746,0.21517098042072563,-0.7075285349756564,326.03059905398084,448.77877928158,6.591229718946939,336.70397237902057,219.71739360955723,1.9757373025193459,343.8681733406819,28.126796899246965,-3.869553582146842,-2.6678317143845645,3.194184003980465
47664776,123.047000,2.402557,-7.384570,1026.35,1032.11,1044.96,1026.16,0.01,-0.01,0.28,1.0,1.0,0.59,1398.34,-0.1301467550991524,0.22608655163467328,0.04038140854177429,-0.13526480084821807,0.32605754846881946,-1.081071254019011,326.0329644221993,448.76445983082345,6.602027305150264,336.3212403716943,219.70741221360487,1.9973224010718325,344.1144062894244,28.13719453481619,-4.491417687621881,-2.5717561111261737,2.813977637375905
47664875,123.148000,3.184485,-9.752828,1025.87,1031.19,1045.18,1031.47,0.01,-0.01,0.33,1.0,1.0,0.17,1396.88,-0.126372415603889,0.2135174537971588,0.040050743134779083,-0.13288477983302083,0.34636869488002014,-1.1434203744043234,326.04228098424306,448.764711609743,6.597984315745224,335.6835999972396,219.7050066455588,2.5813158742172058,343.48468283153335,28.012474631520586,-4.9646333857904095,-2.4102057266164474,2.489999239987745
47664976,123.248000,3.936805,-12.024451,1025.25,1030.2,1043.45,1031.94,0.01,-0.01,0.5,1.0,1.0,0.54,1396.61,-0.1226385083545821,0.20123607315253825,0.040130974107457126,-0.1312596165148112,0.2305307477429458,-0.7356842560193576,326.08232000751633,448.71148243479956,6.544202132422322,335.25986966802583,219.58453231414833,2.6079240706379228,343.6828148221009,27.992790949373255,-5.516488998530279,-2.293723732195787,2.070174791723945
47665075,123.347000,4.681853,-14.271755,1028.78,1030.82,1044.17,1035.76,0.01,-0.01,0.26,1.0,1.0,0.24,1395.33,-0.11891915504279156,0.1891646116054971,0.040141744543478707,-0.12976092297547115,0.24607977184886218,-0.7837884041794865,326.03476064487234,448.77737515079514,6.579905606788325,334.6189022799252,219.5620403762877,3.117207851057007,343.1177118487751,27.994895581301062,-5.807386910670417,-2.218655589880247,1.9243324232591927
47665175,123.450000,5.327783,-16.212432,1029.08,1029.98,1042.22,1035.4,0.01,-0.01,0.21,1.0,1.0,0.22,1395.2,-0.1152079931897072,0.17726799150711553,0.040073164488516305,-0.1276735950142002,0.23579349618122286,-0.7311786080588245,326.03459903777224,448.74558137713814,6.593879905256297,333.7525255629744,219.5672592828836,3.084988293252942,343.47789573134594,28.031170716209076,-7.150601739035094,-2.0078794419501005,1.2280876601878492
47665275,123.548000,5.933284,-18.028461,1028.81,1029.68,1041.5,1034.91,0.01,-0.01,0.27,1.0,1.0,0.32,1395.02,-0.11148446207186603,0.16550078217156564,0.04050983705933104,-0.1274664266176758,0.2628707102448726,-0.8126014857924989,326.038562518776,448.77632582119844,6.602286428638569,333.42603222704946,219.59870341579258,3.3505845773895153,341.91742293449647,27.89325775233044,-6.861910389888038,-1.9147532276181196,1.1782267662026227
47665375,123.646000,6.493536,-19.701644,1028.5,1028.88,1039.67,1034.01,0.0,-0.01,0.3,1.0,1.0,0.4,1395.78,-0.10772003982150817,0.15381699153699055,0.03646492654736793,-0.1120734974879561,0.22605288985118965,-0.6698357574810971,326.0412461090485,448.777591484514,6.5556364476097615,332.84247735921895,219.5606625394166,3.5852383249151183,341.8031733461417,27.852662855493925,-7.261332132111088,-1.6995583581856495,0.7229808233328048
47665475,123.746000,6.946913,-21.049169,1028.19,1028.41,1038.94,1035.44,0.01,-0.01,0.33,1.0,1.0,0.3,1396.42,-0.10389799244013637,0.14226249723163556,0.049408397968394725,-0.14782240751888204,0.7053370353266873,-2.0692487586435555,326.0389566771288,448.77539316700296,6.602001001932802,332.24682055243363,219.51295254552764,3.8761187994440207,340.6390605078309,27.838165857516106,-7.160058207729012,-1.5510500046104447,0.5950774007288149
47665576,123.847000,7.354798,-22.258554,1028.1,1027.95,1037.76,1035.1,0.0,-0.01,0.35,1.0,1.0,0.33,1396.97,-0.10001473166811402,0.13089046069022722,0.04485011651944576,-0.12971745747587457,0.37918231911307276,-1.0573500142772414,326.0387117382813,448.762020213167,6.581508202774563,332.0954453123122,219.46209613049524,3.856341237060646,340.73410724542333,27.884929974659748,-7.618031411542606,-1.5130602419499657,0.44426890789458584
47665675,123.948000,7.684601,-23.233306,1027.86,1027.8,1036.53,1034.33,0.0,-0.01,0.72,1.0,1.0,1.0,1397.62,-0.09609194279508043,0.11974007599581493,0.04203227012505919,-0.11830565318539854,0.24825169651309403,-0.6701940830573129,326.0379070206845,448.75572758000254,6.584890691108914,331.8132345077561,219.39980093069104,15.415744396991503,340.92835184268586,27.90575312962722,-7.841911600777696,-1.4424391994227246,0.15965608808359955
47665776,124.048000,7.921803,-23.928243,1034.98,1029.69,1038.55,1044.12,0.0,-0.01,0.17,1.0,1.0,0.53,1396.43,-0.09216991367554343,0.10886060548180919,0.04327997585125594,-0.11918818286751606,0.3333894189696225,-0.8993371763149967,326.0345876372421,448.7718804445376,6.583209612872353,331.800907207058,219.44859334879095,3.932231910640973,341.08325050396445,27.940815758868236,-8.230283606314698,-1.440395236319039,0.10584733084438191
47665875,124.148000,8.055865,-24.312012,1035.04,1029.89,1039.77,1050.06,0.0,-0.0,0.2,1.0,1.0,0.19,1395.24,-0.08827765400531633,0.09823734160730051,0.04162615290228961,-0.11309575699492017,0.19596150768163767,-0.5213774561162786,326.0229200875062,448.8000711053131,6.4424907924656125,331.09380613591946,219.55613436196424,4.212862551188937,341.57270197960406,28.033934030734315,-9.416352908017428,-1.267178535744902,-0.5973867380814717
47665976,124.248000,8.067657,-24.325996,1034.79,1029.22,1038.16,1045.62,0.0,-0.0,0.23,1.0,1.0,0.57,1395.03,-0.08440600244706079,0.08772289578388505,0.04108473659348636,-0.11171775646420523,0.192079609830904,-0.5279123583394412,326.03283413195214,448.76314801945375,6.593599770437637,329.7310258317838,219.4133595677353,4.91799330083315,339.3955969944631,27.925005234107353,-9.839308490216295,-0.9237959898973099,-1.041720414069257
47666077,124.350000,7.927014,-23.880451,1034.1,1028.2,1037.97,1050.82,0.0,-0.0,0.27,1.0,1.0,0.04,1395.16,-0.08047063322202597,0.0770770684854818,0.04177136687689086,-0.11211578689859471,0.18524386610775406,-0.4692517937365591,326.0309827329163,448.75425934617476,6.6137962168187725,328.0045243836786,219.2542927665811,5.731050685691782,338.02111398500125,28.016222127027604,-10.29139391487737,-0.4926920985944832,-2.0128909224472396
47666176,124.451000,7.591454,-22.850455,1033.96,1028.11,1037.24,1049.89,0.0,-0.0,0.31,1.0,1.0,0.23,1394.77,-0.07639016861921566,0.06632357273286385,0.04433428532786744,-0.11556649584378828,0.22356812713163357,-0.5501204870474695,326.07892488831186,448.69662185978893,6.5316276371775555,327.6329025054265,219.3246539065737,6.022340262120313,337.0172896445315,27.949062961396724,-10.6316352161511,-0.38816860449975116,-2.0309979660043442
47666277,124.549000,7.056678,-21.224418,1033.76,1027.87,1035.99,1049.13,0.0,-0.0,0.33,1.0,1.0,0.3,1395.5,-0.07208922578103055,0.0553635875773904,0.0465813124731716,-0.1169433423380101,0.18603370319303045,-0.41763306858171345,326.08766753870526,448.6823659806501,6.582802904604343,326.4903880068421,219.38171356562347,6.4381460938589985,334.84874835712037,27.961927716149162,-10.160652261684067,-0.10062840720265882,-2.298979798597385
47666376,124.649000,6.312436,-18.974051,1033.67,1027.69,1034.54,1048.6,0.0,-0.0,0.35,1.0,1.0,0.36,1396.19,-0.06756104905407165,0.044324307359687475,0.04948538448888047,-0.11856144500200289,0.2682396675508329,-0.5901495084143545,326.01285919831986,448.79975832248243,6.460998322358191,326.38002603491856,219.38521293930577,6.509555393474779,334.16941715350043,27.88774597740668,-10.107578429741162,-0.09169903380523273,-2.145892993758484
47666476,124.749000,5.348050,-16.065465,1033.67,1027.66,1033.67,1048.11,0.0,-0.0,0.22,1.0,1.0,0.0,1396.91,-0.062847553801064,0.03334186983955762,0.049535005327984716,-0.11357399226162404,0.20039753647043776,-0.4142394846836222,326.09348263542074,448.69684399950944,6.562833577006799,326.2991238336172,219.3636397614297,6.469749670306833,334.41924684871674,27.90643569812728,-10.279033320015339,-0.05137664051710825,-2.3258318348372975
47666577,124.848000,4.175646,-12.538171,1033.69,1027.49,1032.98,1048.57,0.0,-0.01,0.22,1.0,1.0,0.05,1397.26,-0.05803585510143213,0.022562293053453194,0.05102493890242486,-0.11293350434947332,0.26339686475082225,-0.5521266458340975,326.0513409566994,448.7644942984871,6.581973651396234,326.48170777930386,219.33530588257184,6.375415950683216,335.13463603478203,27.974885803249947,-10.654755354748069,-0.10747618394386545,-2.374082420724924
47666677,124.949000,2.725727,-8.184112,1033.67,1027.51,1031.97,1048.03,0.0,-0.0,0.23,1.0,1.0,0.01,1397.91,-0.05320737077812789,0.012018652761516528,0.05334773995703663,-0.11578599188798737,0.3942805561736694,-0.841962333787676,326.04342824589656,448.7594862573857,6.598870492426751,326.70467103111,219.30487283388248,6.362143426154894,336.61310399117554,27.963785968398525,-11.403299975597886,-0.16511464024171896,-2.6341353352314396
47666776,125.049000,-3.152216,9.433327,1033.55,1027.58,1031.06,1047.62,-0.0,-0.01,0.24,1.0,1.0,0.03,1398.31,-0.048459339707009066,0.0017357682844394186,0.04990507685461418,-0.10812984467726139,0.09187551667597296,-0.20170767421814353,326.03487527363166,448.754021766432,6.572877624981767,326.72670976068525,219.29976898041573,6.361844225487715,336.7635309352119,27.999120959418406,-11.49287910355937,-0.17275372161990715,-2.6578315692596823
47666877,125.150000,-0.800609,2.390035,1033.73,1027.59,1030.47,1047.34,-0.0,-0.01,0.23,1.0,1.0,0.05,1398.81,-0.043867415904465,-0.008239902062189657,0.04738549476205445,-0.10317196436059714,0.198682184708116,-0.43954889648454337,326.03577953432773,448.7562713926858,6.560825506949043,326.62619715473414,219.37736964218925,6.295933667187119,336.54478251535176,27.955443921496645,-11.48735716696125,-0.14747809337596815,-2.6711894424868228
47666977,125.252000,-2.564322,7.663362,1033.7,1027.59,1029.87,1047.09,-0.0,-0.01,1.0,1.0,0.07,1.0,1398.07,-0.03946488359050684,-0.017845792582219817,0.04627196294385733,-0.1010010228275062,0.24400191327217105,-0.5332805108824045,326.0744000648284,448.7079050749432,6.535136171029649,326.33339930282204,219.36730439916562,6.4467990871296985,336.31493346897537,27.96877654727214,-11.603143149705247,-0.06470531986830799,-2.8558900864351533
47667077,125.349000,-4.510286,13.472194,1033.73,1027.6,1029.5,1044.97,-0.0,-0.01,1.0,1.0,0.1,1.0,1396.77,-0.03526682322511446,-0.027010288452111043,0.045019830945628815,-0.09825262303129707,0.24033291413980798,-0.5229740272057617,326.0360751240406,448.767680140344,6.591877837432341,326.3877966570008,219.38138241809028,6.505518449711843,336.13643548528296,27.940249197343576,-11.545336461435102,-0.08785242976440617,-2.739414823428582
47667178,125.449000,-6.563435,19.593530,1032.44,1027.21,1028.59,1043.69,-0.0,-0.01,1.0,0.46,1.0,1.0,1397.3,-0.031285665793343846,-0.03568479767930094,0.04141819381994162,-0.09016625167310846,0.11819332800456485,-0.2556536590079552,326.0369257454007,448.75641357078564,6.594726106372279,326.5669472842808,219.39779893810805,6.428053943059318,336.3582017199344,27.96966840509751,-11.458439766395035,-0.13240376089941294,-2.6632318394319956
47667278,125.550000,-8.699607,25.951344,1032.08,1030.27,1036.72,1044.79,-0.0,-0.01,1.0,0.39,0.96,1.0,1395.58,-0.027554596108579864,-0.043802782643907204,0.04096470214089977,-0.08908519706768364,0.2615053206318173,-0.5674597095365858,326.00301283323836,448.7748094751879,6.590253390733374,326.74010177738603,219.40597443881117,6.300396993647387,336.24841559973703,27.882331957859257,-11.1650784839249,-0.1841223993825224,-2.4739073744150994
47667378,125.651000,-10.870065,32.406959,1031.9,1030.22,1045.31,1046.33,-0.0,-0.01,1.0,0.41,0.25,1.0,1394.47,-0.024104740847570843,-0.05129044126366648,0.036081579986152953,-0.07814253540641278,0.19653867870355163,-0.42065714081482036,326.0354873156431,448.75406603085094,6.580841840574817,327.0578175946899,219.25348505275974,6.128452735420625,335.66065474154243,27.87986074718337,-10.06501464469577,-0.25522734003592185,-2.0634352464772068
47667478,125.750000,-13.110276,39.060451,1031.83,1033.71,1043.16,1044.76,-0.0,-0.02,1.0,0.13,0.44,1.0,1395.11,-0.02096894058385699,-0.05800231307975569,0.033135806160699506,-0.06964034757673175,0.20553620827871658,-0.3856232733590123,325.99912634545433,448.77896680227195,6.600809534940398,327.21417122957524,219.16084891897373,16.5683415999679,332.58060259397786,27.592116246759023,-7.487307554797628,-0.3031829310866665,-0.9982460882818538
47667578,125.850000,-15.241431,45.380709,1030.71,1032.42,1042.82,1043.36,-0.01,-0.02,1.0,0.24,0.49,1.0,1395.69,-0.018202134460663294,-0.06342371480144343,0.029792179173849003,-0.05551093247536259,0.1747532008971661,-0.25122870496256966,326.0272981910547,448.7580036921233,6.5761324255909095,327.01667952055897,219.2139622765278,6.01501320531344,331.7489027795096,27.669876217504047,-7.244637179515147,-0.24695488988015277,-0.9213324328218973
47667680,125.951000,-17.349545,51.635219,1029.78,1031.97,1046.65,1042.44,-0.01,-0.02,1.0,0.29,0.18,1.0,1396.09,-0.015764542858792023,-0.06752463641224629,0.02439774948366156,-0.037933045919305866,0.09216798864940637,-0.060939495276838895,326.0672712785838,448.70646882138294,6.54184817255731,327.2282286201442,219.30169082719055,6.085255033542863,330.3623669342877,27.535622173524317,-6.11430779180337,-0.2899564193530429,-0.3564202308709261
47667779,126.051000,-19.492265,57.988899,1029.01,1031.58,1044.66,1040.67,-0.01,-0.02,1.0,0.33,0.35,1.0,1396.85,-0.01362576057012626,-0.07029655237281791,0.0216721022022599,-0.024007393795016683,0.06788091420739376,0.039056246885947256,326.0311895913442,448.7533123310359,6.574592192901844,327.62208096192404,219.2906417407639,5.86357031662773,330.36629641483785,27.607577176762174,-5.746197789115238,-0.3972319354373015,-0.025750596803692405
47667878,126.151000,-21.594105,64.228365,1028.51,1031.28,1043.79,1039.08,-0.01,-0.01,1.0,0.37,0.44,1.0,1397.57,-0.011824720377463172,-0.07164148905629318,0.018108899460089124,-0.009164425770591154,0.07174780127278599,0.07557213146573008,326.0305863900984,448.7726885645004,6.570820714873395,327.78131352522894,219.2374315346596,5.688379173656891,330.789098311705,27.529106054900733,-5.661278820170682,-0.437001845015401,-0.024857824044597576
47667978,126.251000,-23.735029,70.593985,1028.18,1031.79,1043.87,1037.81,-0.01,-0.01,1.0,0.34,0.45,1.0,1397.98,-0.010356668419563248,-0.07175024855167803,0.01463844196819832,0.0035717622422601803,0.02767447165173926,0.13959512592369833,326.03189040339913,448.7569749570285,6.583162953378485,327.8621703817104,219.26790871983323,5.555191291522658,330.6835691844788,27.63718902695856,-5.461637110294473,-0.45695028711169267,0.07038986301738526
47668079,126.351000,-25.791726,76.722224,1027.88,1031.77,1045.28,1036.99,-0.01,-0.01,1.0,0.35,0.34,1.0,1398.17,-0.009206508001583135,-0.07076269646802595,0.010937012762810816,0.014204115733649287,0.018142815699394698,0.15259482944665514,326.030451733817,448.7565576604259,6.595397902301007,327.8898987819978,219.23085044855122,5.651046756565652,329.59058403908926,27.575786392195937,-4.980652521795116,-0.4641577571176649,0.41990458070707837
47668179,126.461000,-28.244637,84.035477,1027.6,1031.9,1043.69,1035.65,-0.01,-0.01,1.0,0.34,0.49,1.0,1398.5,-0.008333762783345376,-0.06880814664029673,0.008208619617118081,0.02452401310991592,0.009468091786872655,0.19848936933096364,326.02562556905133,448.757007823573,6.594295869254576,327.6164935101898,219.30659904023244,5.758626397228778,329.1404165559324,27.601690558080293,-4.520595009928989,-0.39724731253620166,0.33904191702380126
47668280,126.551000,-30.468385,90.680383,1027.39,1032.09,1045.7,1035.09,-0.01,-0.02,1.0,0.34,0.33,1.0,1398.62,-0.007696382561561538,-0.06597794956271075,0.0058342156841850925,0.03251334256195336,0.009894426399074244,0.23609863989739482,326.0736088881923,448.6984939543727,6.528946057257333,327.7406765549243,219.18306106600917,5.586585478094729,328.22784249146395,27.585139175968536,-4.106785371387579,-0.4161561625557839,0.6866296806492237
47668383,126.652000,-32.366542,96.363458,1027.34,1032.35,1045.02,1033.72,-0.01,-0.02,1.0,0.34,0.36,1.0,1398.92,-0.007257954743037704,-0.06237946568853648,0.003970215846120464,0.041898636971242686,0.002024576554364239,0.29706199182702075,326.07389390769987,448.6930654420504,6.526329797200748,327.7522058959529,219.27706765843138,5.802832839854357,328.11327226698063,27.57627516429757,-3.73312421169412,-0.4191446071366068,0.7303733603447591
47668480,126.756000,-34.580791,103.005964,1028.22,1034.2,1045.55,1033.51,-0.01,-0.01,1.0,1.0,1.0,1.0,1399.18,-0.007000050070866976,-0.058094301806644974,0.002052241771036341,0.04806184349196332,-0.007567200916375829,0.2964370501251872,326.03297564935406,448.75646675103724,6.5871734303953335,327.87751412054627,219.23110333318476,5.559138635236403,328.03010512970155,27.61056507014475,-3.526343002551823,-0.4604371079050876,0.8752485274185148
47668580,126.853000,-36.024357,107.363187,1030.26,1042.67,1053.02,1035.02,-0.01,-0.01,1.0,1.0,1.0,1.0,1397.65,-0.006911378787505427,-0.053228131689219374,0.00032066628074118117,0.05450398914637833,-0.014249043706709406,0.3073256407272755,326.0329292532522,448.76354559266633,6.5990711834877835,328.02448734589103,219.24767004711327,5.461292140080701,328.03041712382327,27.61504056586699,-3.4076815952480697,-0.49715519391082924,0.9925374577638791
47668681,126.953000,-38.051573,113.475104,1033.99,1053.4,1061.76,1037.59,-0.01,-0.01,1.0,0.91,1.0,1.0,1395.32,-0.006976095410751414,-0.04791868543375403,-0.0013597595554579642,0.058221846430146044,-0.02367022866831543,0.2567838822882736,326.03878281417735,448.7527566744618,6.598640559423612,328.87680769930205,219.0944495014838,5.049081922291075,326.39780746581545,27.682269533088196,-1.2345395160780754,-0.7080021340770755,2.1580067379399543
47668781,127.053000,-40.077018,119.594276,1036.3,1063.1,1069.68,1039.78,-0.01,-0.01,1.0,0.12,1.0,1.0,1393.31,-0.00724712071213417,-0.04191195154179667,-0.0039044049200259064,0.06730160897992375,-0.04391054149143188,0.3699873837114019,326.0681878434335,448.6956746031481,6.551354990647229,330.0604713886788,219.17238278666213,4.618597605767963,326.61515535726693,27.736609607156467,0.22255612477937356,-0.9964911710267252,3.0240370694936907
47668880,127.152000,-42.092946,125.709574,1035.4,1059.96,1077.73,1041.57,-0.01,-0.01,1.0,0.39,1.0,1.0,1392.92,-0.00782745258358961,-0.034881296004088645,-0.007616553506417014,0.07792238173624084,-0.07017307438595861,0.3914805745497285,326.03264843923836,448.77852007238965,6.488841098146235,332.639040514678,219.29961930123326,3.392236280186486,328.9998135104932,27.968318988675204,1.4918640830903258,-1.6490137611779008,4.387693498853211
47668980,127.253000,-44.124540,131.902476,1034.8,1059.94,1085.07,1043.23,-0.02,-0.01,1.0,0.41,1.0,1.0,1392.84,-0.008916698260078288,-0.02650989454656615,-0.014099971400011617,0.0942308086524399,-0.12621850303001514,0.5220308324342298,326.0376965384803,448.76350353175843,6.580532060407225,335.8263364747444,219.46940781475266,2.2944425089471987,333.6667926417038,28.18375168871749,2.1758895330317705,-2.444491287730714,5.5358031128719505
47669080,127.351000,-46.110526,137.999093,1034.38,1062.87,1092.34,1044.54,-0.02,-0.01,1.0,0.17,1.0,1.0,1392.43,-0.010780254413164533,-0.016554289563210936,-0.02308427251636273,0.11070069232490047,-0.17905219090343952,0.5751956694448694,326.0394911785052,448.7492099088055,6.598618599021659,338.32880405392297,219.54804357382199,1.073879125197536,336.83835384606147,28.4619175948001,3.490853607989878,-3.069147386068628,6.585186320749389
47669180,127.452000,-48.019889,143.905166,1033.02,1061.45,1099.36,1045.63,-0.02,-0.01,1.0,0.3,1.0,1.0,1392.52,-0.013624123688828406,-0.004831599125727731,-0.03398157488380518,0.13041436643475107,-0.21032293001284993,0.5844871603357009,326.0415502406992,448.76563802128106,6.581895488611488,340.0199557749013,219.68637547233013,0.17852813137688991,337.60119097674783,28.79149968838632,5.020937169729078,-3.4918560936703678,7.709648901481596
47669280,127.554000,-50.354895,151.129399,1031.73,1060.8,1106.4,1045.68,-0.01,-0.01,1.0,0.36,1.0,1.0,1392.81,-0.017494741404784984,0.00873376526763277,-0.04493200821166655,0.15110206916306482,-0.2543993100416399,0.7117693272271518,326.03812557309016,448.75292056022977,6.577974044730954,340.4794855107047,219.7165578643759,0.0749915728632967,335.7482874610529,29.103069407866954,6.826539902616917,-3.607877163206752,8.637595114319549
47669381,127.652000,-52.425923,157.607999,1030.85,1060.58,1113.51,1044.69,-0.01,-0.01,1.0,1.0,1.0,1.0,1392.81,-0.022288197323374937,0.024172287085264484,-0.05385931963111199,0.1705833784331585,-0.28567151890746956,0.848612318087601,326.04094048147374,448.7564386335282,6.600452360266585,340.12775866385,219.68705686815434,0.07524446735510461,330.68917607893553,29.554500020827966,9.443004200108723,-3.5190215790746375,9.879993955382965
47669480,127.752000,-53.605361,161.447861,1033.08,1070.87,1120.38,1043.59,-0.01,-0.01,1.0,0.82,1.0,1.0,1392.03,-0.02777240516993164,0.04149682460561196,-0.0606020427095366,0.1925014627286679,-0.3053323298752314,1.013036011986093,326.04267612147277,448.7655070504979,6.5843664730482585,339.23078773961845,219.67189635410116,0.34833340273957214,324.5299726304997,30.138403771204093,12.37886086664141,-3.2946798587322927,11.024521160998209
47669580,127.852000,-55.884921,168.641854,1035.09,1079.86,1127.22,1041.94,-0.01,-0.01,1.0,0.09,1.0,1.0,1391.08,-0.03366484256326295,0.06075314537740233,-0.0629809725442187,0.210184975264988,-0.2844981654422329,1.0710387919192255,326.05238297767187,448.7635672614343,6.500973409256797,339.1025903541137,219.5505446552444,0.272468286601158,319.7151991678904,30.99842750901656,15.399489483697243,-3.258608220749443,12.387877935749554
47669681,127.952000,-58.368458,176.498035,1033.61,1076.34,1134.33,1040.32,-0.01,-0.01,1.0,0.39,1.0,1.0,1391.38,-0.039760804259203926,0.08199310844720455,-0.06511969673247005,0.23265030156877106,-0.30695768314802724,1.2388936282309528,326.08042058745946,448.6939965079114,6.551485974817078,340.7399713204111,219.61710949839832,-0.45397816421880727,320.0051208371773,31.481011390113324,16.975876858263568,-3.6615943054834688,13.612486758093453
47669781,128.053000,-60.094354,182.121342,1032.6,1076.38,1141.0,1038.7,-0.02,-0.01,1.0,0.4,1.0,1.0,1391.69,-0.04605716484634251,0.1052231020152648,-0.0680428762625036,0.25468051380406276,-0.2827317105601583,1.136699642793709,326.03665013593036,448.7532062582967,6.595313462761576,343.8732891664525,219.97220535061058,-1.5569188211737108,323.56387842055494,32.02259743539249,18.108993810923977,-4.457979602420356,15.083282008566323
47669881,128.153000,-61.428264,186.641799,1031.88,1079.09,1147.45,1037.32,-0.02,-0.0,1.0,0.18,1.0,1.0,1391.62,-0.052763865909299774,0.13049350489055717,-0.07273508105000272,0.2737207874900826,-0.35308716768652804,1.3034177682487231,326.0473137976621,448.7722544191531,6.498527366664539,347.2522539189324,220.3847200743944,-3.09865394723371,328.30088769972957,32.63846734302849,18.849378681210673,-5.3044943110562395,16.372979951744107
47669982,128.253000,-62.464465,190.366913,1030.57,1077.68,1154.0,1036.13,-0.02,-0.0,1.0,0.31,1.0,1.0,1392.1,-0.0601382297312289,0.1577926471474985,-0.0814475165118467,0.29767203230334544,-0.4372358853441726,1.4908813023367617,326.11011111693915,448.6989738020034,6.583127005780639,350.46308009976127,220.7967624196376,-4.729300811940232,332.7862633780582,33.25039790931956,19.915199335972325,-6.099316115341728,17.58302741511529
47670081,128.353000,-63.999174,195.768044,1029.46,1077.12,1160.37,1035.06,-0.01,-0.0,1.0,0.37,1.0,1.0,1392.43,-0.06837461241805576,0.18702190738252206,-0.09077595843657775,0.316272084019744,-0.35832577703985585,1.092732158931519,326.03997142930604,448.76018201584185,6.583813716557988,352.79173887051104,221.13469667984975,-5.628295662634831,335.3624176154369,34.051159338148885,21.15639503915123,-6.702959156315598,18.72841945026431
47670182,128.453000,-65.717891,201.901604,1028.59,1077.34,1166.28,1034.26,-0.01,-0.0,1.0,0.36,1.0,1.0,1392.71,-0.07755835875019547,0.21804294928989176,-0.10078807974792994,0.33474961442526563,-0.5200843200927371,1.591609950374567,326.08782670033145,448.71460215262374,6.535650256470517,353.57857417289495,221.29194498105917,-6.126808927082307,334.1837493110516,34.8949530027949,22.945996241788805,-6.89244711035092,19.725210686274135
47670281,128.553000,-67.549636,208.501469,1027.88,1078.17,1172.08,1033.36,-0.01,-0.0,1.0,1.0,1.0,1.0,1392.98,-0.0875715005817987,0.2506308228818883,-0.10904933130412242,0.3518277432869263,-0.5528069279697461,1.7217461648832175,326.0425451748816,448.76835183488083,6.579277248396135,352.81276520545424,221.14078005225713,-5.727177369791194,329.03476117030516,35.99884978830722,32.89259838613087,-6.707479626957955,20.733463069153963
47670381,128.653000,-68.654104,212.852301,1028.64,1088.05,1177.6,1032.75,-0.01,-0.0,1.0,0.49,1.0,1.0,1392.29,-0.09811140473352413,0.2845732921338553,-0.11258354511374004,0.3636164914678452,-0.5141463393813045,1.705630198624329,326.0272299913092,448.8042101840221,6.4669612491111605,351.6658007742518,220.94972757758538,-5.39892920217444,322.29824418448914,37.23136590086009,28.007069811067645,-6.420013773451977,21.921978094501597
47670481,128.753000,-69.527582,216.394108,1028.62,1092.66,1183.37,1032.19,-0.01,-0.0,1.0,0.12,1.0,1.0,1391.64,-0.10881021662251042,0.31968418835665763,-0.11410163370572467,0.3785474174739112,-0.5839536215619558,2.039218532544983,326.04136115242716,448.7412051526326,6.6096264671803056,351.47039015202836,220.83386878752495,-5.73928368678618,318.29377528096325,38.50102934198941,30.16540423318217,-6.3665116831250685,23.045531839083026
47670581,128.854000,-70.803799,221.168965,1028.09,1090.59,1189.06,1031.6,-0.01,-0.0,1.0,0.3,1.0,1.0,1392.23,-0.11942951718106243,0.3557189139722032,-0.11104937540918668,0.3825963457878689,-0.49560177014520407,1.8528374621240193,326.0406040724616,448.7789944403641,6.598892157952424,353.6790420726333,221.18561039939362,-6.276752689596182,320.0666906731828,39.21841114370762,31.30120504475887,-6.923969529693779,24.313452789523655
47670682,128.953000,-72.453188,227.261242,1027.7,1089.79,1194.54,1031.27,-0.01,-0.0,1.0,0.38,1.0,1.0,1392.68,-0.12998166642202474,0.3927616181509394,-0.11257792462173374,0.39820413198257654,-0.571197912002179,2.0736505659794022,326.0541233384986,448.7600981506488,6.582857623268451,356.7427316913143,221.7775985696586,-7.604667873602467,324.5075200741842,40.00069924884773,32.04077194454139,-7.699843913944139,25.455632337225417
47670781,129.053000,-72.101325,227.484410,1027.54,1090.14,1199.78,1031.0,-0.01,-0.0,1.0,0.36,1.0,1.0,1392.98,-0.14072311633376078,0.43079545859851603,-0.1154775092313807,0.4084205450431741,-0.6275097538281651,2.1963441267276496,326.0820724910365,448.71844894607966,6.558270455126627,359.5238947234128,222.29331533764432,-8.959387798472378,328.3618026324537,40.92903763966744,32.58675987529157,-8.401552102860377,26.55249340252333
47670886,129.152000,-71.678582,227.774895,1027.47,1090.97,1205.08,1030.78,-0.01,-0.0,1.0,0.3,1.0,1.0,1393.08,-0.1518148643273966,0.4696605222496823,-0.12102475192222462,0.42106677730404246,-0.6990686419349215,2.3545881763793983,326.08648390974423,448.7194365097091,6.5369869588991,361.25166706732506,222.62232414468772,-9.707011926741316,329.88301728219244,41.66453373851383,33.710957319052284,-8.840458970580487,27.515291193405364
47670986,129.259000,-71.216266,228.107767,1027.22,1090.82,1209.88,1030.71,-0.01,-0.0,1.0,0.32,1.0,1.0,1393.44,-0.1632832335776968,0.5091016183184827,-0.12248902895061246,0.4183962324969618,-0.6723588719350124,2.227694245495814,326.09029567792425,448.7252836781006,6.549328857591929,361.4836009874495,222.66658864130147,-9.91517816825702,326.32539134641235,43.69368076137196,36.74323329363521,-8.898381665676142,28.9106721927766
47671086,129.361000,-70.776729,228.407596,1027.1,1091.02,1217.2,1030.43,-0.01,-0.0,1.0,0.32,1.0,1.0,1393.7,-0.1750035020430329,0.5489183224335047,-0.12879783777306217,0.43721108786964696,-1.0775965151131366,3.657839234330998,326.09242665646065,448.7158975076603,6.561095367600072,361.0064482332497,222.59237982616906,-9.515842179012354,323.850074118764,44.396869521217845,38.10262031834948,-8.777295240572446,29.33283548362576
47671186,129.459000,-70.357665,228.664949,1027.12,1091.08,1219.55,1030.47,-0.01,-0.0,1.0,0.74,1.0,1.0,1393.92,-0.18675095191778268,0.5889724617055384,-0.13164069943322987,0.4508141890302488,-1.0465786597069642,3.640170668335025,326.0849897575348,448.7145764927718,6.541475514465984,360.0457806057127,222.37175073010306,-9.12315456980564,318.375831287792,45.99483971167116,39.745587634242575,-8.533084551024483,30.358851059984417
47671286,129.558000,-69.954759,228.866753,1027.78,1102.35,1226.37,1030.49,-0.01,-0.0,1.0,0.14,1.0,1.0,1393.18,-0.19826397189265202,0.629011344648262,-0.12419951021731504,0.43710955531621154,-0.8714246828566121,3.206416839271321,326.08640471135175,448.71942979088095,6.565988041815076,359.7831644958786,222.2941536943115,-9.254053404210925,314.58716779606425,47.42818654703557,41.797494110288895,-8.46467008341379,31.420919589574126
47671386,129.658000,-69.556982,228.993290,1027.6,1099.04,1229.29,1030.28,-0.01,-0.0,1.0,0.03,1.0,1.0,1392.99,-0.20932915341884875,0.6690393327655498,-0.11956230800105452,0.44018789488384213,-0.7876320630040067,3.0916885103441825,326.031701452053,448.81246379513533,6.46603646725661,361.4779449927902,222.62984413841852,-10.005040171689142,314.91907501766605,49.02521072840529,43.48023435630262,-8.906673371695836,32.82617075072819
47671487,129.761000,-69.091395,229.157596,1027.5,1098.75,1233.25,1030.26,-0.01,-0.0,1.0,0.05,1.0,1.0,1393.49,-0.2199157369290012,0.7090837895423072,-0.11323745812770666,0.43472912630281507,-0.6410459658092714,2.6111449522811903,326.0861793007522,448.72690839618826,6.548216871321013,362.46374231226656,222.85877222678957,-10.864914760648347,316.0640899105372,49.8943365343125,44.2876942226351,-9.150026308772341,33.279388174366105
47671587,129.860000,-68.547124,229.416569,1027.36,1098.36,1239.71,1030.16,-0.01,-0.0,1.0,0.08,1.0,1.0,1393.76,-0.23013210572143444,0.7489918309099638,-0.10770709670036539,0.4241560931597074,-0.7132119064930084,2.877279216411819,326.0536125738173,448.78102282607256,6.562796901936062,364.8979500428698,223.37370646138478,-11.464385468444187,318.234734758718,51.11616172328226,45.634357991209214,-9.777718563124553,34.71264435856355
47671687,129.961000,-67.961444,229.697801,1027.21,1098.29,1241.9,1030.13,-0.01,-0.0,1.0,0.03,1.0,1.0,1394.0,-0.24016138505080012,0.7887623300986627,-0.11259921407963142,0.4480195008604941,-1.0823041618141862,4.339414724234101,326.0929815025926,448.7357789481542,6.556316449911218,365.4150655728991,223.52613557727338,-11.474357657477958,317.21005788222465,52.36046747488617,47.04121301475864,-9.904125290578744,35.536945149460344
47671787,130.062000,-67.339005,230.035409,1027.16,1098.3,1246.09,1030.06,-0.01,-0.0,1.0,0.08,1.0,1.0,1394.24,-0.2500366739583151,0.8282787497198123,-0.11137208739488612,0.4474543867565081,-0.7995808380839511,3.2608979327147893,326.07966457506865,448.7236823975723,6.557159672651388,364.7934188455478,223.31204635257623,-11.363151508712017,313.5497030666261,54.05378928060763,48.72689179383283,-9.745296922363261,36.33452340639385
47671888,130.160000,-66.691436,230.343061,1027.16,1098.42,1250.07,1030.07,-0.01,-0.0,1.0,0.1,0.7,1.0,1394.33,-0.25966388609986624,0.8674225820614174,-0.10777877646578307,0.4426344235973979,-0.9166192990465715,3.8820787108043264,326.08995603865725,448.7190794010568,6.5604033930775465,364.34931723694945,223.2781095069179,-11.267032222772938,311.26927976673613,55.00229238858002,49.92980662804535,-9.631839693629162,36.770763829238234
47671988,130.260000,-65.999762,230.613129,1027.28,1098.42,1252.82,1029.91,-0.01,-0.0,1.0,0.11,0.49,1.0,1394.88,-0.2688640033333986,0.9060796137324238,-0.10090858800557899,0.4312094798039652,-0.8298250185543903,3.739320517932334,326.05292742239567,448.78864450006665,6.591803273383991,363.6397257558196,223.0583516597631,-10.980044301048421,306.2350353456029,57.252494230067526,52.206449659983136,-9.453698716943682,38.00408480637681
47672088,130.362000,-65.226610,230.822465,1027.34,1098.36,1253.68,1029.7,-0.01,-0.0,1.0,0.11,0.43,1.0,1395.61,-0.2774798744950382,0.9442542328949822,-0.09530793284678821,0.432025580469333,-0.782230404950009,3.7883158950359848,326.056858722426,448.7909186037416,6.595508287955682,364.00256823506675,223.22019900188926,-11.084047170770175,305.9571256752224,57.853903487313545,52.84822845218529,-9.54894454797237,38.43954011996387
47672188,130.462000,-64.421308,231.135618,1027.29,1098.1,1254.08,1029.59,-0.01,-0.0,1.0,0.11,0.47,1.0,1396.2,-0.28546061965476405,0.9817879319456817,-0.08498818296241577,0.4085327511602136,-0.4130094582277375,2.2080834862276055,326.08520215260904,448.72554699380527,6.5608564744172755,364.6218149950529,223.270041411818,-11.222927849895072,307.24049409355604,57.80916200465979,52.768105387764315,-9.699703084535482,38.52579377606226
47672287,130.562000,-63.605929,231.510363,1027.29,1098.14,1254.76,1029.64,-0.01,-0.0,1.0,0.1,0.37,1.0,1396.9,-0.2928459442887463,1.0184095985950208,-0.07712403853978327,0.38910325978543797,-0.3750191646413637,2.052007279732622,326.09089113149736,448.7285242598928,6.565146954762436,364.98970862363547,223.44189590996479,-11.590096834615597,307.65406725501526,58.08715874146476,53.20802409557395,-9.796310391694522,38.71626491048195
47672388,130.661000,-62.794432,231.913030,1027.21,1098.23,1253.9,1029.53,-0.01,-0.0,1.0,0.11,0.42,1.0,1397.48,-0.2996983303659383,1.053808716854123,-0.0721463623304363,0.37777242441717807,-0.3873895767527484,2.152774328153046,326.05255239486235,448.7824931496988,6.61430557001921,364.8372836889566,223.37001712468145,-11.457767602532757,307.263642760041,58.1965127352215,53.13064409286019,-9.756990416022376,38.73072852083748
47672488,130.760000,-62.002288,232.329280,1027.2,1098.28,1254.15,1029.64,-0.01,-0.0,1.0,0.13,0.45,1.0,1398.02,-0.3060321399127564,1.087742100931366,-0.06674462421196575,0.36310388986249853,-0.3431571209641574,2.015760266178607,326.0957620210432,448.71983954548006,6.556823770042829,364.17832099044443,223.24504208022972,-11.226251328330138,305.78234982525794,58.461175889802895,53.34707589006158,-9.586745932768393,38.68675862408127
47672588,130.860000,-61.246420,232.752978,1027.25,1098.33,1255.58,1029.62,-0.01,-0.0,1.0,0.14,0.34,1.0,1398.42,-0.3117718589731451,1.1199591688635449,-0.05873793625726546,0.33658592645636437,-0.30428883148598673,1.9222260236881563,326.088486201695,448.72606188586707,6.555311286813872,363.88443798659347,223.18595205647546,-11.030305936274015,304.14386611183124,59.01584933887602,53.845274748079014,-9.513215690209933,39.02259174957241
47672688,130.960000,-60.440858,233.117912,1027.26,1098.23,1254.76,1029.63,-0.01,-0.0,1.0,0.14,0.42,1.0,1398.78,-0.31687602313137636,1.1503544359135194,-0.05368415734305476,0.32748845077434396,-0.3780433914782991,2.496540257217586,326.01497709097094,448.79562267311,6.594040964588671,364.10187613066194,223.2135084386845,-11.057111321316173,304.46355385173183,59.06371465133931,54.069520739742515,-9.583341580874126,39.13359961009263
47672789,131.061000,-59.724835,233.514443,1027.21,1098.04,1254.93,1029.57,-0.01,-0.01,1.0,0.13,0.41,1.0,1399.03,-0.321377646504817,1.1788659469713845,-0.047656637643768034,0.30831399293795897,-0.3039462890580667,2.1166949952778458,326.0852356219629,448.7219828408895,6.574513548650457,364.5307000144624,223.30327119807703,-11.223764146784848,305.64075994085954,58.85542660080296,53.69069470470025,-9.67874494116899,39.06029614601951
47672889,131.161000,-59.116063,233.927500,1027.25,1098.08,1255.44,1029.62,-0.01,-0.0,1.0,0.14,0.38,1.0,1399.3,-0.3253672186323915,1.20540541125234,-0.04201357463225488,0.2841825446817874,-0.27401856356777704,1.966330557800194,326.08920448492864,448.71756589403395,6.5693397740906265,364.73895864891267,223.29822470897676,-11.365831190445672,306.02762414907096,58.98994726014958,53.72093987773771,-9.729168332278032,39.121378324771044
47672989,131.261000,-58.535042,234.305219,1027.32,1098.14,1255.14,1029.63,-0.01,-0.0,1.0,0.15,0.42,1.0,1399.56,-0.3289084299578712,1.2299229403722245,-0.03807833668426486,0.26759814923876957,-0.3004199465875137,2.2102590307753087,326.0897955085035,448.7261491206125,6.544719730305757,364.5341584080628,223.30309802155801,-11.219937251637814,305.51594768448496,59.06164191887664,53.853982931721376,-9.678290093317209,39.12187581309951
47673089,131.361000,-58.044979,234.673376,1027.2,1098.2,1255.78,1029.6,-0.01,-0.0,1.0,0.16,0.39,1.0,1399.74,-0.3320259822121519,1.2524082684097924,-0.03305615225894633,0.24274823751267582,-0.1877169041423626,1.4993491915199255,326.09272651755145,448.71846671456586,6.5275984682516865,363.9574807348657,223.1999590598271,-11.086179858912443,303.8622620534221,59.41823909095839,54.126949360411,-9.531111986412201,39.21145367622043
47673190,131.461000,-57.621577,235.019607,1027.31,1098.27,1255.56,1029.53,-0.01,-0.0,1.0,0.17,0.4,1.0,1399.85,-0.33469111521326944,1.2728797265751444,-0.026337450649512446,0.2090200202271351,-0.11526096463302442,1.088554237389059,326.0845128759582,448.7346563670148,6.573738341993394,364.09898565180237,223.20936720732155,-11.08628326216355,303.9068676538326,59.51995353549479,54.22269963093931,-9.567820525788171,39.325201672290895
47673290,131.562000,-57.063864,235.277388,1027.34,1097.97,1255.66,1029.57,-0.01,-0.0,1.0,0.16,0.42,1.0,1400.09,-0.3369002287777568,1.2914290952893928,-0.02336961644305247,0.2032622047354591,-0.14460028999677482,1.4354036869028997,326.08387809546497,448.72823973976324,6.5512169170294445,364.2778279990281,223.27679092517977,-11.1125625090289,304.34765558556495,59.413475762803365,54.37419278129724,-9.615241456785244,39.31960149278936
47673390,131.662000,-56.789056,235.592010,1027.25,1097.95,1255.99,1029.61,-0.01,-0.0,1.0,0.16,0.38,1.0,1400.0,-0.3387215330549461,1.3081297573135493,-0.017672805121553017,0.1675924435234124,-0.062140492829444366,0.7271880221573576,326.0879388366751,448.73103848165414,6.5644274079487275,364.6291632341237,223.25621181007645,-11.199061732921002,305.25488510045807,59.35512965013417,54.18805882939623,-9.70002628475424,39.313315273725024
47673490,131.763000,-56.391698,235.826524,1027.11,1098.01,1255.79,1029.63,-0.01,-0.0,1.0,0.17,0.39,1.0,1400.07,-0.3402245898853011,1.323040320240817,-0.015562100449494794,0.15862421399182824,-0.09479961957316185,1.0726942172575065,326.0885371043471,448.72954052781046,6.5383510061701005,364.6411903355382,223.25420986287654,-11.14787370934757,305.25297803224316,59.43696675651831,54.195735049832905,-9.702826737953739,39.332613370796494
47673590,131.863000,-56.129889,236.063719,1027.16,1098.02,1255.84,1029.56,-0.01,-0.0,1.0,0.17,0.41,1.0,1399.98,-0.3414608471175196,1.3362396217266626,-0.01253220325861584,0.1384869940921076,-0.055461546236257764,0.7474253287472168,326.09205969151304,448.7316584784456,6.548020234117098,364.1320473209866,223.2193522546476,-11.098420906751626,303.8572261436623,59.69075511521529,54.60526193965125,-9.574664480402218,39.38265412754274
47673690,131.963000,-55.883470,236.269703,1027.22,1098.13,1256.04,1029.62,-0.01,-0.0,1.0,0.17,0.39,1.0,1400.0,-0.34242236030756884,1.3478303602344504,-0.009191350274380533,0.11855677726671472,-0.03507601607313483,0.6663517978249657,326.0565049358775,448.7906986540329,6.591047409655889,364.0290631594888,223.1964563980175,-11.109510503012709,303.3501300658865,59.891077213247634,54.75656102459259,-9.554598427101443,39.492614913452904
47673790,132.063000,-55.587192,236.431923,1027.23,1097.99,1256.24,1029.61,-0.01,-0.0,1.0,0.18,0.39,1.0,1400.03,-0.34310330022813523,1.3579449605725835,-0.0065363019172976254,0.10768226976446836,-0.015131370554848467,0.5538603644994458,326.08178438999363,448.7252905943365,6.550165275151145,364.2800390433318,223.25761608483148,-11.219036806655254,303.943990334677,59.80601528032028,54.694381282716044,-9.615625819841451,39.49222563231581
47673890,132.162000,-55.417668,236.599967,1027.17,1097.95,1256.25,1029.68,-0.01,-0.0,1.0,0.19,0.39,1.0,1400.0,-0.34354637585820885,1.3667061799695948,-0.0040041383413045315,0.08994698472526445,-0.009026048604586471,0.49353335550071237,326.088168987324,448.72775301752023,6.569714836208983,364.58378032542606,223.28757605721236,-11.236461505862087,304.53782541415643,59.74088697512567,54.49144206492592,-9.69022505772007,39.54109531806858
47673990,132.262000,-55.253972,236.742224,1027.23,1097.95,1256.31,1029.62,-0.01,-0.0,1.0,0.19,0.4,1.0,1400.16,-0.34381873887221814,1.3742231666252507,-0.0024502921190473577,0.07816910853104805,-0.00468088208027264,0.4431894005646679,326.0432354570321,448.78501409538393,6.563009142595011,364.5748476337447,223.27929184287942,-11.236249414110667,304.60910422149595,59.74683401126678,54.6701936427089,-9.69634962308422,39.53018929788455
47674090,132.362000,-55.144783,236.872349,1027.25,1097.88,1256.48,1029.67,-0.01,0.0,1.0,0.19,0.38,1.0,1400.02,-0.3439695731898986,1.3806002482894826,-0.0011981839208878482,0.06573819535526677,0.0003835124762152904,0.47688982620573517,326.0513366344025,448.7974511959672,6.591841146680046,364.3199398314809,223.2836852715829,-11.240167974596803,303.930355688145,59.91812722792647,54.665395891522536,-9.631071132151703,39.549439760319345
47674190,132.462000,-54.999279,236.970271,1027.23,1097.96,1256.37,1029.64,-0.01,0.0,1.0,0.2,0.4,1.0,1400.1,-0.34400220620235883,1.3859273779399954,0.00017203923076828024,0.05776551137445321,0.015314227164082221,0.5114546683716233,326.08640483680267,448.7234007779629,6.548667401279626,364.10902460063284,223.2112319884611,-11.084520089315681,303.3317886089467,60.13249498596373,55.020356148240054,-9.57037959011902,39.580502179667405
47674291,132.561000,-54.925038,237.065693,1027.23,1097.91,1256.43,1029.67,-0.01,-0.0,1.0,0.2,0.4,1.0,1400.16,-0.3439037845438558,1.3903183859940276,0.0016670446919871606,0.04558658864903516,0.02598498567917406,0.23766540248414142,326.09555148110184,448.7320321376111,6.559016520995594,364.17163982176396,223.222901781675,-11.230493481459991,303.3502517313832,60.191559135061716,55.06817392265968,-9.583715035659994,39.626245678776236
47674391,132.663000,-54.869998,237.148572,1027.23,1097.77,1256.73,1029.57,-0.01,-0.0,1.0,0.19,0.38,1.0,1400.08,-0.3436819399760361,1.3938857522832975,0.002791365712645552,0.035115037768245407,0.024446353550846848,0.11118632104060999,326.08109911486963,448.72716538855815,6.552235678580251,364.4346442051438,223.3024966214766,-11.167776155959547,303.81408286937545,60.08130765910552,54.84922951199225,-9.655789844557937,39.686641652066996
47674492,132.763000,-54.829243,237.219168,1027.28,1097.84,1256.71,1029.7,-0.01,-0.0,1.0,0.21,0.38,1.0,1400.11,-0.34337932764856427,1.3967338062859935,0.003380268111690802,0.027344256751611482,0.02212589522704997,0.08285915736233666,326.0918411205942,448.7201141362575,6.5584129514768055,364.5533637150154,223.2663512919874,-11.246983324134707,304.24003370825585,60.07393365109148,54.61568594384405,-9.681234242502162,39.645981680637995
47674592,132.864000,-54.789518,237.275125,1027.26,1097.88,1256.76,1029.57,-0.01,-0.0,1.0,0.21,0.39,1.0,1400.18,-0.3430394836907921,1.3989430897905426,0.0038123895121499525,0.021669628374445887,0.026336109009014435,0.07613293435127681,326.09582501153676,448.72190820973583,6.563418031348869,364.51167094236416,223.29903666374508,-11.212474526367389,304.13584871430027,60.0815743883964,54.650997756190144,-9.671254199551713,39.642461964674624
47674692,132.964000,-54.789676,237.326736,1027.28,1097.78,1256.7,1029.62,-0.01,-0.01,1.0,0.21,0.39,1.0,1400.25,-0.34267684347229727,1.4005759690887531,0.003984662052323508,0.01536456602781891,0.03151999411991979,0.06204467388291072,326.092101726924,448.72349415319945,6.54651379027149,364.1870170207082,223.24278512405624,-11.185786106663432,303.262813742979,60.30598917932364,55.24677796059729,-9.589551951982788,39.6805328011703
47674793,133.064000,-54.746983,237.357025,1027.27,1097.76,1256.91,1029.56,-0.01,-0.01,1.0,0.23,0.39,1.0,1400.14,-0.34227816370397796,1.4017120170821344,0.004761044952662883,0.011058395358094665,0.04816598287719645,0.054462471181411565,326.08428193715616,448.73425098681105,6.559434654343572,364.1490446256608,223.23164849153036,-11.227890052694137,303.0058698556917,60.38862939363389,55.094676615694425,-9.581189438516404,39.74218560503661
47674896,133.165000,-54.748037,237.388764,1027.31,1097.84,1256.86,1029.48,-0.01,-0.01,1.0,0.23,0.39,1.0,1400.1,-0.3418337943332793,1.4024380454380103,0.005014092537933021,0.0064528307899293065,0.0448276298665678,0.01944273002857636,326.08690546200086,448.7261731089213,6.55722686182096,364.2938074292352,223.26941783127586,-11.208100876970695,303.28579777330526,60.35368946884787,55.26223784425159,-9.618219048885118,39.76615089415924
47674996,133.268000,-54.734686,237.409686,1027.33,1097.76,1257.03,1029.63,-0.01,-0.01,1.0,0.22,0.39,1.0,1400.16,-0.3413617954587964,1.4028297038394584,0.005410576001573156,0.0031840958542094094,0.049722737668763804,-0.0008759726622768905,326.0945607182798,448.7358059266581,6.565417446661426,364.466966174654,223.2811051844679,-11.189697049560728,303.65830905355836,60.245573695473496,55.09467548364139,-9.65918603724236,39.77277801902449
47675097,133.368000,-54.763744,237.433667,1027.25,1097.87,1256.99,1029.63,-0.01,-0.01,1.0,0.24,0.39,1.0,1400.14,-0.3408913287481223,1.402945057399984,0.005114459406584391,0.00024244311708891128,0.03060006907871045,-0.02377436531935339,326.08961451259995,448.72348361736664,6.556853403118565,364.476223650452,223.29198858196884,-11.211509705942406,303.7483090339111,60.29792356852029,54.883965998600125,-9.663669936122917,39.761599414833846
47675197,133.470000,-54.807735,237.454608,1027.23,1097.91,1257.03,1029.52,-0.01,-0.01,1.0,0.24,0.37,1.0,1400.19,-0.3404458400138607,1.4028242566141598,0.00456611172173884,-0.002098257470658248,0.025810715400424428,-0.03187778130803355,326.09471030713325,448.72594042426294,6.53256909035727,364.29649629837,223.27213690326482,-11.216380887706421,303.3374718155859,60.40542627966906,55.174017283814926,-9.61707876454234,39.75441971928046
47675296,133.570000,-54.816557,237.461926,1027.21,1097.81,1256.95,1029.57,-0.01,-0.01,1.0,0.24,0.4,1.0,1400.06,-0.340019268828924,1.4025105867619383,0.004769969354864961,-0.004261063692040256,0.036183252725968236,-0.0503675072260399,326.0830688457624,448.7156482165786,6.547100858053001,364.19077006572087,223.2332649129319,-11.143988558960492,302.83889165193585,60.49324367603128,55.37873004242052,-9.592640820446393,39.84138253473079
47675396,133.669000,-54.837581,237.468428,1027.23,1097.87,1257.21,1029.55,-0.01,-0.01,1.0,0.25,0.39,1.0,1400.18,-0.33959354834023403,1.4020474917173078,0.004612105526622191,-0.0054368593953821286,0.02793761674329876,-0.04213646972190251,326.08346858292003,448.7164360090733,6.541533055609633,364.2072834607209,223.2590854503133,-11.198345337943003,302.9276320807868,60.48065729091601,55.270449902957175,-9.59766730354869,39.82470919266088
47675496,133.768000,-54.853455,237.471431,1027.28,1097.68,1257.17,1029.59,-0.01,-0.01,1.0,0.25,0.37,1.0,1400.18,-0.3391681220251353,1.4014921311498478,0.004529881901102212,-0.006268979704848171,0.021938623051540814,-0.03945318683007726,326.0920252933462,448.72791001686005,6.552026910751001,364.4069107198314,223.29117365017194,-11.139852626704997,303.30672460178886,60.443465121567336,55.183261436658164,-9.645733292428252,39.857472982637546
47675597,133.869000,-53.779513,232.745799,1027.27,1097.75,1257.1,1029.54,-0.01,-0.02,1.0,0.25,0.39,1.0,1400.2,-0.3387640297747821,1.400878591097416,0.00419847217413589,-0.006761401665488491,0.01714030162606019,-0.037947923626602424,326.0850351213331,448.7252264337255,6.535676965279706,364.4599125463328,223.29522854053215,-11.204735610840757,303.42958866459685,60.48311721458829,55.509309048339155,-9.660835144637742,39.870243280476075
47675697,133.969000,-50.629840,219.062961,1027.21,1097.77,1257.32,1029.58,-0.01,-0.02,1.0,0.26,0.38,1.0,1400.1,-0.33839914490231304,1.4002316012677916,0.0037367134566476555,-0.0070206864542837815,0.015978170415811035,-0.040102587776558826,326.0823012108578,448.71827808370364,6.543854584673008,364.37050768617297,223.28950248382603,-11.147310444454535,303.29850465913245,60.505836618473616,55.49172614213978,-9.639476958849352,39.843678506380115
47675796,134.070000,-48.348143,209.102160,1027.19,1097.69,1256.28,1029.54,-0.02,-0.02,1.0,1.0,0.54,1.0,1400.19,-0.3380729824248272,1.3995639064944274,0.0033352574267013404,-0.007156609807124278,0.014250620494342626,-0.03828891883916419,326.0837970576856,448.72608906440496,6.5481221733982675,364.22640275950005,223.26524722533983,-11.2035895553153,302.87427408336805,60.619252512819905,55.43983224776751,-9.602163906401028,39.8714383654885
47675896,134.168000,-45.962250,198.756472,1026.88,1091.15,1254.65,1029.36,-0.02,-0.02,1.0,1.0,1.0,1.0,1399.68,-0.33776857032434116,1.3988841291504848,0.003203374380342831,-0.0072451774256654415,0.015481120685016374,-0.03635612663579941,326.0907446287063,448.73216571500296,6.540672451864143,364.1843041040694,223.25863222740603,-11.186180132286276,302.70218652254357,60.64829606958263,55.5602887090714,-9.589516495692337,39.89037602784737
47675997,134.269000,-43.533687,188.263360,1026.64,1086.69,1246.95,1028.95,-0.02,-0.02,1.0,1.0,1.0,1.0,1399.76,-0.33747283316373333,1.3982168889148032,0.003127514983308159,-0.007057545070064284,0.01737477566333512,-0.03989287130060068,326.0878516130501,448.74047756131915,6.548189352365546,363.84328492213183,223.20203312368255,-10.825556628355667,302.9769140738975,59.938892902346346,54.83669415106827,-9.50327222173866,39.45257644612648
47676096,134.368000,-41.095369,177.712980,1026.47,1082.29,1241.37,1028.86,-0.02,-0.02,1.0,0.86,1.0,1.0,1399.75,-0.3371683635250146,1.3974884435253225,0.0034284344714951578,-0.00864929227761076,0.027438181786484477,-0.0819981202709353,326.0899753483982,448.7312722969394,6.548369377949479,362.88990173873464,223.0309646158155,-10.421278202877094,303.2881042806559,58.3736149888547,53.45989285157434,-9.260459710549977,38.41989461461654
47676196,134.468000,-38.671583,167.188323,1026.43,1080.75,1238.76,1028.91,-0.02,-0.02,1.0,0.98,1.0,1.0,1399.85,-0.3367900526139277,1.3963969306430357,0.004715573779850616,-0.014579296971011313,0.04631261739424068,-0.16651784187819138,326.0804994255898,448.72255084818005,6.531826478108122,361.7909218300404,222.78848440968187,-9.85151774593072,303.01501171145117,57.06894441554972,51.907972798043545,-8.98168775456682,37.491494030111866
47676296,134.568000,-36.170689,156.329910,1026.12,1075.7,1230.77,1028.83,-0.02,-0.02,1.0,0.93,1.0,1.0,1399.76,-0.3362347089964065,1.3945351665627512,0.006883094427722729,-0.023701026263112598,0.06477808999771649,-0.23406863806750802,326.0889225820257,448.7242204888671,6.549036393750462,359.99487861361587,222.42246485984575,-8.98711013096298,301.8184883146333,55.63148329656945,50.55623293159653,-8.521032406326144,36.27074339139172
47676397,134.668000,-33.624388,145.573112,1026.0,1073.86,1228.22,1028.82,-0.02,-0.02,1.0,0.67,1.0,1.0,1399.81,-0.3353565413581207,1.391511137704064,0.011188174823792106,-0.038197239197857946,0.10751445459150707,-0.3553520434893204,326.05118962287247,448.7854717074184,6.571824952520659,358.122600949442,222.08260863820237,-8.112363856261728,299.5816876182092,54.70804005541371,49.71160946118999,-8.052139252501451,35.38206867311432
47676498,134.768000,-30.929763,134.632849,1026.07,1070.73,1220.61,1028.77,-0.02,-0.02,1.0,0.5,1.0,1.0,1400.0,-0.3339825052165155,1.3870024927247124,0.017106758573437988,-0.05484376240260519,0.17179499397357373,-0.5196041134251699,326.0753194740325,448.71866065396455,6.548507032023382,356.15523841854576,221.7509256411104,-7.2208592395134374,297.72972340654036,53.481938518418254,48.4746336784517,-7.549386460556307,34.24654068634488
47676598,134.869000,-28.177027,123.901912,1026.26,1069.51,1215.65,1028.79,-0.02,-0.02,1.0,0.39,1.0,1.0,1400.0,-0.3319809732329621,1.3808297735128534,0.02477081810896916,-0.07493041018255411,0.2401887611272754,-0.6905052857364635,326.07792141647843,448.71498876107586,6.549872019852097,354.4785831874485,221.48905132081424,-6.427278190671557,296.14127473780593,52.463612697855886,47.60963231427308,-7.12437569937246,33.29031384515014
47676699,134.970000,-25.256887,112.762378,1026.63,1069.43,1210.63,1028.78,-0.02,-0.02,1.0,0.34,1.0,1.0,1400.0,-0.32926356026606696,1.3728785608830072,0.03266574412837758,-0.0940953658611439,0.361560088749691,-1.0099666072900193,326.07729667232445,448.7132384752211,6.535278046215857,353.7946553695716,221.34696652358275,-6.169876704130739,295.93439229389213,51.80829326552736,46.79534077095434,-6.950415943796749,32.74461027992221
47676798,135.071000,-22.351037,102.174134,1026.72,1069.08,1205.86,1028.79,-0.02,-0.02,1.0,1.0,1.0,1.0,1399.91,-0.3258206821497302,1.3631484662576558,0.04322904621158396,-0.12126402274617654,0.5772345692882724,-1.603538420273633,326.0794033285914,448.7103260858587,6.538602884342212,352.741089779427,221.1809983655561,-5.7777479140222034,297.06106675683003,49.74091530930465,44.695347070322065,-6.683390486827732,31.359454176016754
47676898,135.170000,-19.624357,91.499489,1026.31,1064.56,1201.02,1028.76,-0.02,-0.02,1.0,1.0,1.0,1.0,1399.95,-0.32166281720657713,1.3514820193986345,0.05006987131009795,-0.14103274817305383,0.5153468632207061,-1.470902305543791,326.0461071154144,448.7644354668966,6.593583532323594,352.886393269832,221.20323774824084,-5.6781203022092015,299.61854844203214,48.32469529630953,43.21745884079602,-6.6769311316595275,30.925918662460397
47676999,135.270000,-17.080502,80.649150,1025.9,1061.31,1196.13,1028.8,-0.02,-0.01,1.0,1.0,1.0,1.0,1399.97,-0.3169077575518698,1.3378741363375888,0.05348411146897716,-0.15472574794564548,0.39479542567808484,-1.1882322493265727,326.0471015992042,448.7753284566671,6.576101822395289,353.17533702252217,221.25644153758986,-5.866866081462929,302.98999221091765,46.6603304853129,41.2392799367759,-6.799565649086524,29.63572910931555
47677099,135.370000,-14.783087,70.270076,1025.48,1058.71,1191.33,1028.68,-0.02,-0.01,1.0,1.0,1.0,1.0,1400.09,-0.31174725402709896,1.3224411313031266,0.05833499559975695,-0.17883327656329667,0.4704241116326572,-1.5589700590063256,326.08651793087574,448.70891691495433,6.543619040544055,352.981717188198,221.23836905733614,-5.6345909762802835,305.0539501358442,45.403037239168455,39.669945208965764,-6.743115610167509,28.733062661471784
47677198,135.471000,-12.737115,60.029612,1024.89,1055.98,1186.74,1028.77,-0.02,-0.01,1.0,0.99,1.0,1.0,1400.06,-0.3063389585933479,1.3051273961034013,0.06079389788088688,-0.19956071749685309,0.4411590219606616,-1.5728219640168042,326.07352668444804,448.7087862987795,6.524533326689347,352.0936232520645,221.2006210906369,-5.127664744930705,305.6065023406674,44.231450358440114,38.40226909355651,-6.524565605301771,27.767343291546588
47677298,135.570000,-10.950221,50.648366,1024.76,1054.81,1184.28,1028.81,-0.02,-0.01,1.0,0.83,1.0,1.0,1400.06,-0.30072249280519586,1.2859781060925626,0.06157084770885075,-0.21419074579435432,0.39491485004035165,-1.4745223043375724,326.03951869290154,448.77233332370446,6.558971016798819,350.7367569429333,220.96532992094083,-4.716914307211099,305.07962043312205,43.41864093310881,36.733606557617485,-6.187441143340399,26.796343624045
47677398,135.670000,-9.273591,42.196436,1024.38,1052.15,1177.39,1028.76,-0.02,-0.01,1.0,1.0,1.0,1.0,1400.19,-0.29490004567059486,1.2651825928841536,0.06397024418974671,-0.23156467170865974,0.32557718786272766,-1.2530395243865062,326.0385668425459,448.76458325240594,6.585527803476369,349.1318958786404,220.76050785791685,-3.6825199534221915,303.78466233386695,42.50439319599309,36.01556808129636,-5.977515601785319,26.330018889305876
47677498,135.771000,-7.742104,34.816769,1024.15,1051.02,1174.97,1028.71,-0.02,-0.01,1.0,1.0,1.0,1.0,1400.07,-0.2888413407133649,1.2429119891900688,0.06698946172641472,-0.247884896256223,0.4119631841628605,-1.5594694049530284,326.0421802891025,448.76925106552807,6.586615028186775,348.18650330597836,220.66163294540942,-3.5379808319034076,302.822348119875,42.165124421294756,35.401958456093155,-5.544807778991743,25.34920930673401
47677598,135.871000,-6.362972,28.582283,1023.78,1047.93,1168.11,1028.77,-0.02,-0.01,1.0,0.96,1.0,1.0,1400.01,-0.28250519113102224,1.2193348478738189,0.070725811631337,-0.2634591908575694,0.5638047050476267,-2.0993201141683047,326.08384457449563,448.704831628454,6.525162161823402,345.2540182592276,220.31099996729353,-2.04393906487473,299.2773864907584,41.3193895404482,50.533695214291825,-4.7978596099973245,24.001544202184647
47677698,135.971000,-4.996430,23.515472,1023.59,1046.3,1163.5,1028.71,-0.02,-0.01,1.0,0.83,1.0,1.0,1400.11,-0.2757664976096446,1.1944856864074993,0.07641592337329207,-0.27930714903891196,0.4808966483326751,-1.6906454044017176,326.07505384904226,448.705555616515,6.538648394400096,344.22543045806606,220.22030235332403,-1.4485232526611622,298.3375473762103,40.920863684347175,33.62411514816326,-4.541915669973754,23.439337138588417
47677798,136.069000,-3.895865,19.816822,1023.62,1044.79,1159.05,1028.74,-0.01,-0.01,1.0,1.0,1.0,1.0,1400.11,-0.26853548901740554,1.1684712033207052,0.08004812910498539,-0.2849464389240472,0.5200160132100953,-1.7703327702245346,326.0710227749779,448.70083215955765,6.544060533698019,342.0027982484239,219.98727008488703,-0.5187883545932358,296.34558519640495,40.040704441463404,32.98259262348934,-3.984684377855745,22.206388734823566
47677899,136.171000,-3.019478,17.414245,1023.74,1043.03,1154.49,1028.75,-0.01,-0.01,1.0,1.0,1.0,1.0,1400.09,-0.2607733344793242,1.141382929803943,0.08587418439862417,-0.29620918724926976,0.6796542282612121,-2.262233467726181,326.0711252307582,448.7037768590136,6.556388508168562,341.07173391090083,219.90683621765496,0.025321066909047157,296.20685646928735,39.19226463663948,31.49464936368984,-3.7511133270636323,21.444803961728816
47677998,136.271000,-2.706247,16.148131,1023.69,1042.19,1152.52,1028.81,-0.01,-0.01,1.0,0.89,1.0,1.0,1400.12,-0.2524797375544062,1.113286958129799,0.07871002671918961,-0.26411626998537857,0.14813307545728846,-0.4411844289554629,326.03188638765005,448.7615198557282,6.5873370120940296,340.6061567271877,219.88786206236702,0.020309732343725243,297.4232094641978,38.486024062474826,30.348181760672624,-3.6435745714588674,20.67726563009794
47678098,136.371000,-2.828454,16.090432,1023.87,1040.11,1146.04,1028.71,-0.01,-0.01,1.0,0.89,1.0,1.0,1400.06,-0.24596991986678998,1.0916361463603377,0.07229578106007814,-0.23969032251375044,0.03296731738858511,-0.08826449770068331,326.07194350420656,448.7013636833469,6.5388336002439,340.14292039597086,219.8790139121045,0.3867282531129921,299.9191317983964,37.18709786429088,28.2549541493983,-3.518859474399968,19.45458014531831
47678198,136.470000,-2.826363,17.415753,1023.95,1039.38,1143.86,1028.78,-0.01,-0.01,1.0,0.82,1.0,1.0,1400.08,-0.23700722162879223,1.0619948148737157,0.10179657269516985,-0.336617619417516,0.7729279586673249,-2.5605683874825114,326.0321171790658,448.7753788167316,6.599183651962498,339.6404131704073,219.86533888869297,0.5436836235388005,301.09442665394016,36.45690666078987,33.42385144840573,-3.402128459197062,18.673076284390522
47678298,136.570000,-3.746282,19.665101,1024.19,1038.29,1139.64,1028.69,-0.01,-0.01,1.0,0.74,1.0,1.0,1400.11,-0.22784315843336045,1.0315916043058408,0.10085087388322755,-0.33548981050690757,0.5569753761993135,-1.878739718505794,326.03427736738644,448.7661416068816,6.608056452810047,338.92602551767544,219.82264376259107,0.9130872328147922,301.5406123685769,35.81677977279802,25.80072053915758,-3.222906767696302,17.93056263437574
47678398,136.671000,-4.946847,23.002623,1024.21,1037.32,1135.29,1028.59,-0.01,-0.01,1.0,0.61,1.0,1.0,1400.03,-0.21857913820507935,1.00059795444048,0.10403797261725398,-0.34928601004862525,0.4853935365151937,-1.6624648791497316,326.03807075661143,448.7690680211862,6.581625857783682,338.51920391153374,219.78197780050772,1.262036516544688,301.6494323210521,35.48951009237445,25.436407880928904,-3.121377054655375,17.55605798554611
47678498,136.772000,-6.544138,27.315415,1024.58,1036.51,1131.12,1028.64,-0.01,-0.01,1.0,0.46,1.0,1.0,1400.04,-0.20927546150820303,0.9691853775591626,0.09418710857405987,-0.3190296941526635,0.2504570838420782,-0.8730220675784035,326.06921993045876,448.70370079667873,6.569035248891233,337.22618808637077,219.62267957838256,1.6133215317261729,301.65184967479763,34.739969156472064,23.89214297820174,-2.7882819422190486,16.468059183726286
47678598,136.872000,-8.221550,32.625729,1025.16,1036.19,1124.9,1028.62,-0.01,-0.01,1.0,0.45,1.0,1.0,1400.1,-0.19996898034239893,0.9375211122878347,0.10355209975311247,-0.35319938580955035,0.7291550097515573,-2.5082173328724786,326.0309805745056,448.7598358320013,6.602639263209397,336.3800197707936,219.66875181833797,2.0368605603305356,301.7857473457978,34.230044435956934,23.077957085438527,-2.5865406803264888,15.740348714127759
47678698,136.972000,-10.286421,38.979663,1025.3,1036.06,1123.0,1028.65,-0.01,-0.01,1.0,0.16,1.0,1.0,1400.08,-0.19068244460231218,0.9057241143968722,0.09908024265299208,-0.3400156351832297,0.5545392186954495,-1.921680881153069,326.02649303179146,448.7653112852693,6.58728643430599,335.6307247204585,219.61407390079333,2.4116418701191735,301.9566869395777,34.00052600297699,22.53989387301685,-2.4844281209724617,15.355018016826502
47678798,137.071000,-12.500961,45.980950,1026.2,1036.46,1116.99,1028.64,-0.01,-0.01,1.0,0.01,1.0,1.0,1398.88,-0.18144364123160875,0.8739020916605653,0.10025562547184937,-0.3460912605289605,0.6096223942827225,-2.1238087258286966,326.0276446612287,448.76263615956884,6.574867906597209,335.3394750934324,219.53549588845206,2.4756471544252143,302.25884864449336,33.54180539193298,21.59159819511953,-2.311001904495219,14.707105280950994
47678898,137.171000,-14.974717,53.840321,1026.36,1036.56,1115.09,1028.65,-0.01,-0.01,1.0,0.16,1.0,1.0,1399.16,-0.1722859566977885,0.8421701336086698,0.09664491398044577,-0.3356781630759561,0.4871830875248415,-1.713015285587029,326.0323446811928,448.76642831917866,6.589508356047555,334.85393107541313,219.51633773924075,2.62334791317399,303.03768907175174,33.073854176844755,20.34689589521349,-2.2032496575911376,14.09068681402763
47678998,137.272000,-17.610091,62.236561,1026.64,1036.74,1111.3,1028.7,-0.01,-0.02,1.0,0.36,1.0,1.0,1399.17,-0.1632635070632504,0.8106806298430472,0.09745960865068194,-0.3413689021503364,0.5561980229745734,-1.9827634151537794,326.03744711868575,448.75959822133245,6.579544434015198,334.5578989387526,219.49904931017792,2.778969707929132,304.32000786915637,32.599256083591236,19.22244497709707,-2.128413943222993,13.446889094733061
47679098,137.373000,-20.464170,71.283990,1027.37,1037.85,1107.59,1028.71,-0.01,-0.02,1.0,0.29,1.0,1.0,1399.32,-0.1544374406181848,0.779505404323756,0.09285105574448228,-0.3298928038819841,0.44220350567875594,-1.6230579598585457,326.0402270939257,448.7865678432592,6.482734931146866,334.5154973909297,219.4952253164957,2.7903564821597597,306.1825241431402,32.08436791689126,18.170885942116133,-2.1168537988354266,12.830642751439502
47679198,137.473000,-23.469171,80.768831,1027.64,1039.4,1103.69,1028.68,-0.02,-0.02,1.0,0.63,0.36,1.0,1399.28,-0.14588523826586275,0.7487231843409095,0.09008299170144125,-0.32715818691895343,0.4795532353246829,-1.8187901928898733,326.03108577628575,448.75565541662405,6.593230097931366,334.6679161947154,219.49032866696027,2.804481103528467,308.44945093232576,31.575751957444446,16.900987547894548,-2.1574131807251176,12.257648165500594
47679298,137.573000,-26.641639,90.770071,1029.5,1046.72,1103.5,1029.1,-0.02,-0.02,1.0,0.3,0.46,1.0,1398.74,-0.1376976844796013,0.7184195723093848,0.08677798100937109,-0.3253544888321861,0.47318998692637754,-1.8847848913989314,326.088900147892,448.6880755073478,6.539945484917569,335.02628963145077,219.46716165348053,2.6666707168043224,311.222859068851,31.062056767345776,15.729809288710413,-2.2327580296546707,11.66621373210904
47679398,137.672000,-29.867014,100.956184,1029.78,1047.31,1105.47,1029.64,-0.02,-0.02,1.0,0.26,0.31,1.0,1397.2,-0.12996983654344268,0.6886764486141078,0.08085593682805486,-0.3166683887848103,0.3819213472321325,-1.639876672133419,326.03714376300417,448.7494898826201,6.598201343946746,335.7044069271879,219.55164363094187,2.2839009324627115,313.27745608115123,30.873517486537956,15.129167975739927,-2.4152289019370183,11.609032842434264
47679498,137.772000,-33.041744,111.014129,1028.99,1047.09,1105.68,1029.58,-0.02,-0.02,1.0,0.3,0.31,1.0,1397.7,-0.12280532570000086,0.6596790242409896,0.07408816901928157,-0.3063487663188169,0.3135064169975458,-1.4666406050807859,326.06733960991346,448.7062128339202,6.535269826983485,336.48925946115145,219.5928766389579,1.8680536543070672,314.9675064359136,30.82482419769577,15.170335733386311,-2.611935243321016,11.728170256358073
47679598,137.870000,-36.401690,121.779932,1028.27,1046.72,1105.72,1029.44,-0.02,-0.02,1.0,0.34,0.32,1.0,1398.02,-0.11630904678121624,0.6317477240076672,0.06666178080696385,-0.293880676178424,0.28422590882977966,-1.4399692318446136,326.03859878398265,448.74398412035794,6.608296637804105,336.553178947076,219.57934583547768,1.7590475399456356,315.522430248579,30.836356311039964,14.87212324054786,-2.5874074217546608,11.568358226777299
47679698,137.972000,-39.567607,131.937925,1027.74,1046.74,1105.64,1029.59,-0.02,-0.02,1.0,0.36,0.33,1.0,1398.48,-0.1105121324131267,0.6051119874685927,0.05893285475686461,-0.2776853086297744,0.2276723086342849,-1.2458234183141517,326.07865510515927,448.7042909740494,6.543734243487882,336.1260357035937,219.54410385347745,1.9783662612168864,314.4613759024007,30.88456929118175,15.011574319923705,-2.5205810044328225,11.592010485400898
47679798,138.070000,-42.487431,141.255820,1027.57,1047.09,1105.75,1029.61,-0.02,-0.02,1.0,0.34,0.34,1.0,1398.75,-0.10535422787073273,0.5799139487098549,0.053018218919954035,-0.26430139249361784,0.2693487838258506,-1.4669539264566507,326.03378299638354,448.7442827800408,6.591445921138979,335.50428420084353,219.48296830436124,2.303548234907671,312.9892219283546,30.908826904998097,15.702741830230524,-2.38220965505446,11.5906094664189
47679898,138.170000,-46.115000,152.936950,1027.48,1047.21,1105.81,1029.62,-0.02,-0.02,1.0,1.0,1.0,1.0,1399.06,-0.10074060281189252,0.5562924616712102,0.04847059756603746,-0.2519490811843822,0.3137773368709606,-1.7201295003648203,326.02631899578284,448.7483110864262,6.604678181206081,335.5130743639042,219.48578328979573,2.3208857991941136,312.4468002177034,31.073239753373915,15.800258950014182,-2.369515568797141,11.718695509945807
47679999,138.270000,-49.085518,162.289949,1030.42,1057.03,1113.15,1030.39,-0.02,-0.02,1.0,1.0,1.0,1.0,1397.61,-0.09661972131430949,0.5343695978089715,0.04372771577945316,-0.23614706623588255,0.24191749358421932,-1.3993821697822113,326.04050939256774,448.75547587372444,6.59887953187799,336.52320715268985,219.54972226685624,1.7013212454279538,314.0196104026654,31.03665549073614,15.797458824412972,-2.61859089789964,12.044605953908636
47680098,138.376000,-52.414657,172.730281,1033.54,1067.32,1121.35,1031.0,-0.02,-0.02,1.0,0.85,1.0,1.0,1395.24,-0.0930021288794512,0.514214017586931,0.036652460637293875,-0.2089368473849039,0.13419239028874674,-0.8963421059545651,326.0613020385833,448.7551840879252,6.580306685577143,337.4379427767437,219.4820127517449,1.4183054322722493,313.88115759530973,31.430651817249238,16.654445862662914,-2.8407131332280504,12.82155134113788
47680202,138.469000,-55.370702,181.884384,1035.85,1074.65,1128.53,1031.25,-0.02,-0.02,1.0,0.26,1.0,1.0,1393.74,-0.08998952214374176,0.4961368421332028,0.02932613699449513,-0.18298172350244346,0.13951481059518592,-1.0584876738530595,326.03174024192606,448.7675298796478,6.583789113153439,338.8791856365869,219.57595860629058,0.49466238146676855,314.79509563414604,31.873394006160034,18.154164786114908,-3.208385215859881,13.72843360626873
47680303,138.574000,-58.265569,190.984993,1034.5,1071.34,1139.66,1031.43,-0.02,-0.02,1.0,0.37,1.0,1.0,1393.16,-0.08770124046344807,0.48058396174187445,0.023235282910008464,-0.16920987298690812,0.16577178877840987,-1.5275710418747417,326.0619284237471,448.7450974683881,6.563392508472279,341.4248497609635,219.72563935057832,-0.5063173423235195,316.6620181041379,32.4974694585118,19.417378158840663,-3.8377253956893336,15.209672604431509
47680403,138.678000,-61.025569,199.503134,1034.19,1078.27,1146.55,1031.59,-0.02,-0.02,1.0,0.4,1.0,1.0,1392.68,-0.0862618931744359,0.4678422391752489,0.012114020845371177,-0.13055895721634445,0.013090031804111333,-0.9152034761537075,326.0797816650717,448.70237567146467,6.562062654739367,345.77070476713095,220.22486648817667,-2.1197790194679613,322.2453254458197,33.256010433990525,20.888485324724815,-4.925762305999504,17.02308496870098
47680503,138.776000,-63.682738,207.921960,1032.75,1075.79,1153.86,1031.58,-0.02,-0.02,1.0,0.12,1.0,1.0,1392.42,-0.08589118992100127,0.4582866137071997,-0.0010938866013564747,-0.09310779365336316,-0.14098625558715353,-0.5783356367845254,326.0424771271202,448.74381114313104,6.593712315782655,347.78084482942796,220.3861922023502,-3.5744182233012745,324.68960981357895,33.908304305631304,21.884352175314284,-5.4378512657501075,17.934607272108508
47680604,138.877000,-66.095612,215.778181,1031.69,1075.65,1156.21,1031.59,-0.01,-0.02,1.0,1.0,1.0,1.0,1391.57,-0.08683595848018519,0.45226087745693655,-0.016590553594693937,-0.05334057113640356,-0.32403593246024337,-0.2698531453927695,326.0314022514491,448.7425118123467,6.594142491902249,348.55969714161836,220.4730742634265,-3.8439065659715435,325.01110086340134,34.31254579752037,22.502758994577444,-5.63636469028002,18.48213625445911
47680703,138.976000,-68.364591,223.511417,1032.5,1090.14,1165.55,1031.27,-0.01,-0.02,1.0,0.78,1.0,1.0,1391.0,-0.08911142140107806,0.4497430496641256,-0.03384338967844668,-0.015000280828748984,-0.5524404100265328,0.21431603472202596,326.04694795331784,448.7515456060168,6.609516681397555,349.4203813712096,220.66160211831735,-4.232066655495556,324.0617237820793,35.20081037249788,31.06098966330322,-5.850940716191307,19.487837357134985
47680803,139.075000,-69.609813,227.266138,1032.38,1094.39,1168.69,1031.25,-0.01,-0.02,1.0,0.21,1.0,1.0,1390.31,-0.09262451258697996,0.4506948739426898,-0.043130835253530904,0.024423339754417468,-0.5151439872552683,0.5493116266369846,326.0456192170059,448.7484231142192,6.57919796143221,349.7788524093553,220.67510487218817,-4.6376311484172,321.5265053610665,36.207497307644296,26.361785352156037,-5.940798076991337,20.589133733759766
47680903,139.175000,-69.542173,227.350166,1030.75,1093.83,1177.65,1030.95,-0.01,-0.02,1.0,0.67,1.0,1.0,1390.77,-0.09720064317669647,0.4550797779519349,-0.05930892217748666,0.06801025449029655,-0.8949183815644112,1.263061279817706,326.04465433368244,448.7900495681383,6.517461427286834,350.75685900079253,220.69364068499814,-5.193723858814534,320.79351896571416,37.051581942457744,27.922225084950483,-6.183367225773358,21.633550885124095
47681004,139.275000,-69.622812,227.252954,1030.42,1098.53,1180.61,1030.91,-0.01,-0.02,1.0,0.11,1.0,1.0,1390.69,-0.10267637670665081,0.4628012388672964,-0.06178223445245952,0.09555398950804915,-0.4575353115604683,0.9032648417644756,326.0489068476003,448.7582528368347,6.58057810626825,354.8003238293419,221.3813230725423,-6.959512201778032,325.4344977627577,38.267823587790296,29.2386723256114,-7.206704278183659,23.52432837505431
47681104,139.376000,-69.541719,227.331014,1028.91,1094.08,1188.97,1030.71,-0.01,-0.02,1.0,0.32,1.0,1.0,1390.2,-0.10910524791683408,0.47393226029498586,-0.07337666829868639,0.13348249367025514,-0.7358435077984682,1.4703182186923112,326.045053594082,448.75597739762765,6.58870388613062,358.5243504517392,222.0769039360292,-8.40568764690702,330.86605132949256,39.10172099411856,29.944543003435165,-8.154022450557742,24.90372974628851
47681207,139.475000,-69.325118,227.564770,1028.38,1094.29,1194.38,1030.69,-0.01,-0.02,1.0,0.41,1.0,1.0,1390.8,-0.11666943678151791,0.4884521710735255,-0.09336257173505098,0.1833891521364997,-1.1835798102502597,2.4073192770700875,326.08714251457786,448.69916635350984,6.56241190019159,361.99961251913544,222.7756431247081,-10.050465547226384,336.8639271352606,39.796475229117334,30.40752560329524,-9.032084837105893,25.88588574721379
47681307,139.583000,-69.082269,227.831790,1027.81,1095.26,1199.85,1030.58,-0.01,-0.02,1.0,0.23,1.0,1.0,1391.35,-0.1255408681626044,0.5062153591770943,-0.10905145512035239,0.21998476703389094,-1.190394106538255,2.432097883045273,326.0476537473269,448.7685443655748,6.609735586458491,364.7495771148284,223.3691965100578,-11.296514091386122,340.3944129840145,40.95268755266338,31.4337257945231,-9.742896795878627,27.090609306648034
47681408,139.680000,-68.814235,228.138469,1027.44,1094.94,1204.66,1030.51,-0.01,-0.02,1.0,0.28,1.0,1.0,1391.69,-0.1357656105913726,0.5269388647929232,-0.1223700774799823,0.2484157523957451,-1.3036249378527298,2.653788057563729,326.04377402553024,448.7744998082339,6.590491004279929,365.48528540667195,223.56906364904856,-11.57119937006338,341.35211931003903,41.3475018546841,31.784072683267954,-9.933789254919668,27.411846238653524
47681508,139.781000,-68.544501,228.462119,1027.2,1094.94,1209.73,1030.5,-0.01,-0.02,1.0,0.26,1.0,1.0,1392.32,-0.14726681265706787,0.5503157367224257,-0.13343257659091748,0.2713103945155143,-1.0132274673582078,2.06178384988406,326.03859776824345,448.80826689746243,6.466754132641019,365.8902549447257,223.63362170264608,-11.54580689438318,339.38786976345324,42.51309804297926,33.86416809422582,-10.03634428797834,28.397392032202497
47681608,139.881000,-68.351150,228.694381,1027.19,1095.04,1214.78,1030.49,-0.01,-0.02,1.0,0.24,1.0,1.0,1392.77,-0.1597890117949996,0.5758977890640463,-0.13633767745613445,0.28006232495847144,-0.7547806991708492,1.5977833773212777,326.0401212286422,448.7815490407927,6.589523926108133,364.3009697224414,223.28532361839092,-11.132448732115298,331.02787667465935,44.42628326424479,37.1905682999546,-9.760888467412535,29.172537127390065
47681709,139.981000,-68.139619,228.967640,1027.25,1095.12,1219.42,1030.3,-0.01,-0.02,1.0,0.24,1.0,1.0,1393.22,-0.1729710525872989,0.6034637333829163,-0.1463696227198947,0.31011976134214375,-1.2448374229272283,2.743807821002639,326.09401382704624,448.71184263461635,6.531907050742566,363.80956746485424,223.12089218430467,-10.981097973385133,328.16341740011643,45.10752073456527,38.18702907012632,-9.491247696983255,30.30588224499698
47681808,140.080000,-67.995871,229.137061,1027.31,1094.86,1224.26,1030.26,-0.01,-0.02,1.0,0.25,1.0,1.0,1393.36,-0.18638042604412186,0.6327767561302796,-0.1532291624461963,0.34197427982352424,-1.4428927399991625,3.3987652403992965,326.08346859112413,448.71409143834245,6.560766789015568,363.70883750900424,223.11811491797224,-10.97419402545532,323.5450534975336,46.97266273811051,41.003940805116805,-9.46875673362533,31.782206703081158
47681908,140.180000,-67.956460,229.076370,1027.26,1094.75,1228.8,1030.31,-0.01,-0.02,1.0,0.27,1.0,1.0,1393.64,-0.19968450763121295,0.6636514728463853,-0.14351703642491326,0.3413510428611339,-0.8725035780517442,2.288725191724522,326.0540876050176,448.7678787084295,6.591449162250675,363.96132900966677,223.20426324351294,-11.001408817340225,323.086137328953,47.486301157694434,41.16249679675967,-9.53973706181942,32.17463044202887
47682008,140.280000,-67.849683,229.062085,1027.1,1094.82,1233.15,1030.22,-0.01,-0.02,1.0,0.29,1.0,1.0,1393.89,-0.2127238499122834,0.6959543717484906,-0.13806594796610586,0.350132816094507,-0.9017744196333913,2.478900739936973,326.0936047070625,448.721172737994,6.527305817869532,364.6579169931446,223.26984033050687,-11.138459501233266,321.152419601427,49.31804423269103,43.682537327621425,-9.706718726588207,33.45512082442556
47682109,140.381000,-67.663733,229.139832,1027.16,1094.9,1237.51,1030.2,-0.01,-0.02,1.0,0.29,1.0,1.0,1393.98,-0.22542239964065217,0.7294414410890178,-0.14387584764514283,0.3885391803121153,-1.2119177471367315,3.499623012406187,326.0494193898895,448.78066579750873,6.586953856406716,364.25606839375416,223.27642914803695,-11.14120473751722,317.85677777177756,50.86828380527812,45.35336521190154,-9.616169212853073,34.295159929004846
47682208,140.482000,-67.469387,229.063934,1027.14,1094.92,1241.82,1030.24,-0.01,-0.02,1.0,0.29,1.0,1.0,1394.2,-0.23768621210751806,0.7638545649204683,-0.12967627292874156,0.37286541101560583,-0.5280523227072996,1.7619084779185639,326.08311942258695,448.71664978209606,6.551353857413737,363.9047477309172,223.16370537586312,-10.913688660737053,315.59212122149813,51.71823959808022,81.20454687079885,-9.519028435499678,34.77567470766467
47682309,140.580000,-67.190991,229.007732,1027.26,1094.73,1245.88,1030.14,-0.01,-0.02,1.0,0.3,1.0,1.0,1394.26,-0.24936540829857293,0.7989221915906688,-0.11996240935837828,0.3702198881325446,-0.40769198948856367,1.5239237498004907,326.05315832702985,448.7849108732946,6.57355715322671,363.47271463598685,223.03633098460375,-10.718677909085478,310.4151614553489,54.019911768504045,48.93581060623538,-9.411640122780442,36.25137142106428
47682409,140.681000,-66.819527,228.920283,1027.29,1094.62,1249.84,1030.08,-0.01,-0.02,1.0,0.32,0.77,1.0,1394.55,-0.2603126090697666,0.834520330505465,-0.11184501236186296,0.37589243741616524,-0.4493390042018857,1.8220338660481552,326.0788346554876,448.7177032363843,6.562663971183429,363.5533544479034,223.07636657070523,-10.894524344305324,309.58109001276233,54.693128527034524,49.73170572193131,-9.434952380640336,36.64223703819259
47682508,140.781000,-66.329758,228.855399,1027.09,1094.69,1252.21,1029.92,-0.01,-0.02,1.0,0.32,0.53,1.0,1395.02,-0.270467527296365,0.8705756100685766,-0.10593995951332805,0.3886844235231234,-0.42928538339845956,1.8962129860718062,326.0808548188396,448.72084022782275,6.555602250502322,364.0835723916639,223.19785891185916,-11.02817586972978,308.7463996033809,55.974617084036225,50.97014983168816,-9.565012615855666,37.44033191633707
47682608,140.880000,-65.728400,228.873201,1027.16,1094.89,1252.17,1029.74,-0.01,-0.02,1.0,0.33,0.43,1.0,1395.66,-0.27984008138992283,0.9067944152882825,-0.09641210602886094,0.38426409923820537,-0.3964694262919112,1.8755146127858717,326.0818733944855,448.72828949786094,6.532358267359128,364.0343167412304,223.19736835792827,-10.997203832823173,306.71604183510175,57.51840378078611,52.26246546726947,-9.552262188648296,38.18809155633882
47682708,140.980000,-65.026985,228.955689,1027.1,1095.0,1252.55,1029.66,-0.01,-0.02,1.0,0.08,0.54,1.0,1396.12,-0.28846667617910204,0.9429584652618953,-0.08816889568384265,0.3814717358439545,-0.36793909126723406,1.8967639361208828,326.0373089916143,448.776939562014,6.539048110700059,363.5331814688979,223.05937696817836,-10.840387497736181,304.7647346618162,58.08743117859267,53.34740704321037,-9.431763073250426,38.47110173849589
47682808,141.081000,-64.231857,229.091232,1027.15,1094.89,1254.54,1029.66,-0.01,-0.02,1.0,0.02,0.37,1.0,1396.4,-0.2963252038084215,0.9788920513315612,-0.07892989679934669,0.3737351242495434,-0.32665105821771556,1.8685528308279793,326.11124466031595,448.71656985196,6.588681853693325,363.4513414654776,223.0421311833504,-10.745101297496321,303.93099436708417,58.44995096384459,53.18607689959641,-9.395041765101572,38.671248336556005
47682908,141.180000,-63.316120,229.221835,1027.14,1094.67,1253.26,1029.61,-0.01,-0.02,1.0,0.04,0.42,1.0,1397.32,-0.30337149420382603,1.0142412950034365,-0.07448669633851739,0.387265192097097,-0.43580570159968424,2.610009965043161,326.0818134077579,448.72262175236835,6.537388431084886,363.6501383238305,223.09900394670876,-10.907938330799148,303.80505580024544,58.80110061351475,53.65678871097125,-9.45352309642675,38.92106722343799
47683009,141.280000,-62.441959,229.538346,1027.18,1094.77,1254.47,1029.7,-0.01,-0.02,1.0,0.12,0.47,1.0,1397.64,-0.30963050676271386,1.0486938276793065,-0.06415068313103321,0.3654874611220244,-0.4006321396121283,2.5784816252971163,326.0824763893042,448.7250823316079,6.534362681047946,363.8928086149473,223.18259167082982,-10.95150133061047,304.6536713584001,58.74724181637699,53.64131923493142,-9.516670421577643,38.84529843226525
47683108,141.380000,-61.466411,229.813054,1027.16,1094.68,1254.74,1029.65,-0.01,-0.02,1.0,0.12,0.32,1.0,1398.02,-0.3151778362567682,1.0820009030073094,-0.060529639725447275,0.37492690506799453,-0.5553371858668633,3.7113753006459818,326.091735212709,448.7235825119367,6.514794474645535,364.1117391596165,223.21796070883514,-11.036219012547662,304.64892199628395,59.010990434244896,53.738794950911135,-9.570006054784693,39.04640509462633
47683209,141.480000,-60.620293,230.233971,1027.2,1094.81,1254.2,1029.73,-0.01,-0.02,1.0,0.15,0.41,1.0,1398.45,-0.3200867176757509,1.1138827005596195,-0.0534525157771031,0.3574930043043268,-0.463846894583128,3.3566550811372706,326.04637279663245,448.78746674430477,6.5796914646252445,363.70398606896396,223.12705622075805,-10.97072289297257,303.48378768872686,59.29845374494499,54.02988778714147,-9.474067307210287,39.130577711483724
47683310,141.581000,-59.839018,230.688904,1027.25,1094.72,1254.93,1029.69,-0.01,-0.02,1.0,0.15,0.42,1.0,1398.83,-0.32438624341972977,1.1441816477941888,-0.045512248731437714,0.3321719508331992,-0.3080668398877535,2.5444687227811613,326.05139123057637,448.7828449822638,6.587094071754485,363.42465597685606,223.05302774154757,-10.835612693275161,302.6849019340109,59.435943249288606,54.53768535479918,-9.400972358568827,39.1684378503395
47683409,141.683000,-59.017363,231.094370,1027.16,1094.69,1254.95,1029.56,-0.01,-0.02,1.0,0.16,0.37,1.0,1399.05,-0.328062277100516,1.1727643813968995,-0.03928197434680344,0.3182154215650893,-0.35006205025721293,3.147579827750554,326.0780402213791,448.72712178950303,6.564146072142636,363.6647331677219,223.10547807976846,-10.937561770654982,302.8833543251169,59.582458114800495,54.43189116813635,-9.458142913771837,39.306346842161275
47683510,141.782000,-58.249293,231.506043,1027.27,1094.68,1254.67,1029.6,-0.01,-0.02,1.0,0.17,0.41,1.0,1399.27,-0.33115178200823403,1.1995391380778442,-0.03360266395008884,0.3038378508472887,-0.2617725582411407,2.687369505725503,326.08386565634856,448.7232094550329,6.557346738712215,363.81462572363716,223.16933954754973,-10.908682591359215,303.3288241121017,59.52172719301186,54.503594787791954,-9.496537310070593,39.277893545264746
47683609,141.882000,-57.780099,232.026189,1027.32,1094.62,1255.31,1029.48,-0.01,-0.02,1.0,0.16,0.41,1.0,1399.45,-0.33372532396697857,1.2244414490264528,-0.025897676625662974,0.2612696354391201,-0.07528554328865321,1.036859964943641,326.088358434508,448.724593636848,6.5524012879465685,364.0725738537129,223.19825588443064,-11.042672964072636,303.9485806941173,59.43991536974571,54.19753619418469,-9.560302077075916,39.28135131762326
47683709,141.982000,-57.281213,232.473882,1027.13,1094.81,1255.13,1029.54,-0.01,-0.01,1.0,0.19,0.39,1.0,1399.6,-0.3358648047889928,1.2474110060567238,-0.02105536260619181,0.23510920435602498,-0.0834464029041873,1.1622184978421224,326.08539423386554,448.72815400281564,6.537669436987553,363.964258921277,223.18948836835145,-11.008257377256623,303.65790475474756,59.55794454135591,54.27527872005695,-9.533762069227024,39.29887264663182
47683809,142.083000,-56.760560,232.859946,1027.18,1094.67,1255.24,1029.6,-0.01,-0.01,1.0,0.2,0.41,1.0,1399.68,-0.33762217207716066,1.268431595666918,-0.017411883438920358,0.21824409368139627,-0.06656317434433784,1.098364065291801,326.0821474916594,448.72215128551045,6.562015897821813,363.5485496807174,223.08271461198007,-10.86074638621636,302.419007789968,59.92780065203619,54.79611829226046,-9.42768770164769,39.39493168187739
47683909,142.183000,-56.300853,233.222437,1027.22,1094.66,1255.63,1029.52,-0.01,-0.01,1.0,0.21,0.39,1.0,1399.81,-0.3390125079955093,1.287536956773052,-0.013495054066274742,0.19865429516647837,-0.03610874305675566,0.9067916589016001,326.0775100380513,448.72559784517284,6.549994587950138,363.59754985900815,223.09282423199645,-10.891680993383739,302.3011409820158,59.97106115495872,54.81987417292824,-9.441215530080763,39.47718937083711
47684009,142.283000,-55.929427,233.572278,1027.27,1094.67,1255.33,1029.5,-0.01,-0.01,1.0,0.21,0.4,1.0,1399.86,-0.340039818801811,1.3048086844281133,-0.009490846378642446,0.17487874603765502,-0.006670800499189391,0.5461007624552348,326.08012637284963,448.7245687844113,6.548496958551917,363.71152298749485,223.12515229152706,-10.94962673347484,302.48963421554646,59.997092165382846,54.95356786200981,-9.470104393477726,39.511299868828154
47684109,142.383000,-55.567442,233.881896,1027.22,1094.72,1255.56,1029.33,-0.01,-0.01,1.0,0.23,0.39,1.0,1399.91,-0.34075715923368377,1.3203347262913308,-0.00646314744042248,0.15690754406152282,-0.003193894725720343,0.5564188675821594,326.07926588383117,448.7257796475644,6.538984832877332,364.0129089200063,223.19000286840162,-10.991948323191444,303.3049121893355,59.880195474806264,54.398154645037344,-9.54741569458635,39.48670146676447
47684209,142.483000,-55.253295,234.165221,1027.29,1094.66,1255.67,1029.49,-0.01,-0.01,1.0,0.23,0.39,1.0,1399.9,-0.3412274669173103,1.3341740404296984,-0.004186963899131289,0.1411326864446386,0.0012290617283540113,0.48211402328800435,326.087565923044,448.72233216005674,6.53796047035695,363.86389948339547,223.19431309706096,-10.933102737891017,302.96215677246096,60.00741073867884,54.73427095485192,-9.50886842525003,39.483431579301055
47684310,142.584000,-55.013178,234.430681,1027.24,1094.62,1255.84,1029.54,-0.01,-0.01,1.0,0.25,0.4,1.0,1400.05,-0.3414983200851602,1.3463986347230217,-0.0021021246929389826,0.12335105618073672,0.009952234593531345,0.3990963092918715,326.0847128852974,448.7180748686389,6.54019422983693,363.64951714431595,223.08791618983284,-10.92745749023017,302.279223072638,60.132937503838264,54.9832613516966,-9.45238408207805,39.54158836415496
47684410,142.683000,-54.778711,234.659846,1027.28,1094.61,1255.72,1029.47,-0.01,-0.01,1.0,0.25,0.39,1.0,1400.13,-0.34157674217612094,1.357110835150131,-6.951889867864584e-05,0.10789376392212792,0.01896914180043885,0.3285203799648756,326.09360119071926,448.72155702424794,6.551382119248456,363.5828447235296,223.08727833918869,-10.891247749354305,301.96472139289165,60.242385676040726,55.19558507762977,-9.433543773700617,39.5929963303831
47684509,142.783000,-54.577251,234.864796,1027.19,1094.59,1255.92,1029.53,-0.01,-0.01,1.0,0.26,0.4,1.0,1400.11,-0.3414707533716489,1.3664253939187212,0.0017922568879210545,0.0930620282893663,0.024120902921787632,0.268651347101928,326.0783205478908,448.7169150622674,6.546963731484454,363.76608254498564,223.12569316303447,-10.97832425581093,302.4091081158827,60.19401842086174,54.90953152772778,-9.484369739006434,39.604160486913685
47684609,142.882000,-54.405290,235.046732,1027.27,1094.61,1255.98,1029.55,-0.01,-0.01,1.0,0.27,0.39,1.0,1400.15,-0.34121545031468375,1.3744526062002342,0.003176909317259765,0.08031670273399581,0.02511579582233144,0.2378986433642651,326.08378198594954,448.71505671349263,6.544394064059252,363.93967835490787,223.18945072702462,-10.936883754267058,302.82343529176364,60.16962949693577,55.097389759828914,-9.528628808580605,39.6083140191039
47684709,142.982000,-54.306495,235.219004,1027.2,1094.67,1255.99,1029.44,-0.01,-0.01,1.0,0.29,0.39,1.0,1400.17,-0.34086138665673665,1.381288840752302,0.003980892843691771,0.06675726664758964,0.02101562272520151,0.12858717153857308,326.0437478684383,448.7913849786451,6.569414251680853,363.89206460928534,223.16421690510452,-10.935073826074783,302.68706221664655,60.1937564238109,55.06856905018571,-9.522546179378391,39.62920565660277
47684810,143.081000,-54.176972,235.354299,1027.18,1094.7,1255.95,1029.36,-0.01,-0.01,1.0,0.3,0.4,1.0,1400.12,-0.3404434332375164,1.3870329176046017,0.004747532364664434,0.05796326437398137,0.03682352119198251,0.28100568323691333,326.08241735155804,448.7216073940324,6.5438809349809555,363.79660234314326,223.15521429888554,-10.896659485092544,302.4378446392798,60.29745221395012,55.34911023889595,-9.491924010515728,39.62839417216407
47684910,143.181000,-54.106079,235.480202,1027.17,1094.57,1256.22,1029.52,-0.01,-0.01,1.0,0.3,0.38,1.0,1400.04,-0.339967839743381,1.391787198567387,0.005351314306517211,0.04745514548721886,0.04201307823469693,0.23531717106450573,326.08874781667606,448.7226515218926,6.542885356218013,363.63788382364976,223.08153526934262,-10.940287073173641,301.8644510760965,60.44287297086119,55.36114821965854,-9.448062038755076,39.69390756869315
47685011,143.282000,-54.046414,235.586463,1027.24,1094.68,1256.17,1029.41,-0.01,-0.01,1.0,0.31,0.39,1.0,1400.05,-0.3394358188423456,1.3956508525821547,0.005927600452837518,0.038117481298947674,0.04743877249301135,0.1941913326843035,326.08755891002335,448.7206994085003,6.551932353346381,363.6944587861037,223.129132847451,-10.97338787498126,301.8586462438044,60.49327813075596,55.42124221118183,-9.464374603669732,39.74606392559404
47685110,143.383000,-53.961303,235.666638,1027.13,1094.62,1256.47,1029.54,-0.01,-0.01,1.0,0.32,0.37,1.0,1400.16,-0.3388540184225809,1.3987496081541226,0.006667641231800381,0.031771746928472414,0.051962784595099815,0.1597781053432916,326.0829058616791,448.7245717258488,6.534233005106816,363.80378399291413,223.12144075936814,-10.972103839177866,302.12751217019775,60.41657977288475,55.47802117598277,-9.492060054737943,39.744255164359174
47685211,143.482000,-53.967929,235.754022,1027.32,1094.63,1256.32,1029.43,-0.01,-0.01,1.0,0.33,0.39,1.0,1400.1,-0.3382467653444923,1.4011794524621006,0.006536886710081947,0.023515934615496118,0.033085456600568636,0.05589951833879001,326.094451744696,448.7206283205631,6.546523874001026,363.87988617198044,223.17675284008328,-10.96088746773643,302.4631503313557,60.49085169750791,55.44657183402138,-9.510460956373535,39.70330922313123
47685311,143.585000,-53.977372,235.825619,1027.27,1094.65,1256.31,1029.44,-0.01,-0.01,1.0,0.34,0.4,1.0,1400.07,-0.3376431304948573,1.4030045283098638,0.006308017754341926,0.016969650387865045,0.035522675419272176,0.04509960781261386,326.0409458220441,448.7995402242773,6.499838427583917,363.76344464837706,223.12599030324262,-10.975996036176031,302.02277650395035,60.49471773322079,55.5932820661124,-9.489552325375895,39.76766392331934
47685410,143.683000,-53.955667,235.874021,1027.19,1094.58,1256.43,1029.48,-0.01,-0.01,1.0,0.34,0.39,1.0,1400.1,-0.33705068467466165,1.4042933716416612,0.006538539926174587,0.012325750544976907,0.04773326110562595,0.04466050149689392,326.06585832759276,448.7813711630994,6.364110107930021,363.65295909391534,223.07900380185123,-10.94792049973087,301.5327188020378,60.594982180313224,55.266368312039944,-9.454921979589532,39.83249878825728
47685511,143.781000,-53.964087,235.918654,1027.18,1094.4,1256.41,1029.43,-0.01,-0.01,1.0,0.34,0.38,1.0,1400.08,-0.33646169094595435,1.4051477129467553,0.006449136387582352,0.007800295310768433,0.04222567776451272,0.014028800537178929,326.07748137803827,448.7202770903266,6.538435468861814,363.6744207802667,223.11235343508446,-10.946824101082353,301.55383742918366,60.66036502770616,55.37300364397893,-9.461239617557654,39.84900806990714
47685610,143.883000,-53.978994,235.955447,1027.25,1094.4,1256.4,1029.53,-0.01,-0.01,1.0,0.35,0.4,1.0,1400.23,-0.33587622469257156,1.4056499271614458,0.006256463389877577,0.004135196061504922,0.037884035690378716,-0.004064873854574758,326.08530170377827,448.7300105698297,6.54571262232203,363.8094553521639,223.1400906790478,-10.969670263419237,301.8409746186812,60.63967194753213,55.5318633379838,-9.493415109170376,39.860855878698146
47685710,143.982000,-53.997510,235.984699,1027.19,1094.31,1256.74,1029.57,-0.01,-0.01,1.0,0.35,0.37,1.0,1400.02,-0.33531145770613996,1.405860021803083,0.006020353598745366,0.0012095630703252607,0.03741234720100051,-0.017747122052944105,326.09358468879066,448.7252898826519,6.550125978710614,363.8015217491354,223.16902766201946,-10.890114834690888,301.94149491298515,60.63898081711744,55.573100579103055,-9.490798641521536,39.81875798213294
47685810,144.081000,-54.032116,236.010307,1027.26,1094.2,1256.62,1029.49,-0.01,-0.01,1.0,0.35,0.39,1.0,1400.14,-0.334780655441953,1.405813709328825,0.005612871518455625,-0.0014742899884256843,0.033403523587627694,-0.03279899828827357,326.0858047312479,448.71999052889873,6.552680366495502,363.77566833529204,223.12666609871278,-10.976500383468062,301.7325164331623,60.675458031843135,55.633528737686234,-9.484802219597794,39.87239554426272
47685910,144.182000,-54.069605,236.029637,1027.21,1094.09,1256.5,1029.5,-0.01,-0.01,1.0,0.35,0.4,1.0,1400.18,-0.334289938824935,1.405551899074928,0.005182727179274686,-0.003578934317911116,0.03704281431637322,-0.04412408325912646,326.0779873536793,448.72895132979227,6.56906969299819,363.63249012980225,223.07517308212354,-10.862603209415328,301.39057329670874,60.77371189484775,55.81478491262414,-9.448867398923182,39.87934017292633
47686010,144.282000,-54.089525,236.039013,1027.27,1094.03,1256.67,1029.61,-0.02,-0.01,1.0,0.35,0.39,1.0,1400.19,-0.33382618142545983,1.4051287237768688,0.005113475708964847,-0.005293650534380532,0.03419046893944291,-0.05036603638733317,326.09083585644794,448.7311828814417,6.548629079793232,363.6160321797723,223.09420589829585,-10.911551512204753,301.27477265666244,60.83278068074015,55.685701403349945,-9.442316966650894,39.90153848667367
47686110,144.382000,-54.121795,236.048121,1027.31,1093.86,1256.81,1029.57,-0.02,-0.01,1.0,0.34,0.38,1.0,1400.24,-0.33337926644189697,1.4045898330619344,0.004691625040237939,-0.006108271791879736,0.02269434915619846,-0.04041171074159654,326.0225844667088,448.7968231578037,6.549061032077606,363.6999480521597,223.12747744155644,-10.953361436668086,301.41663263068057,60.77859705348524,55.75537748222258,-9.478577529431162,39.94590217631647
47686210,144.482000,-54.146112,236.052321,1027.25,1093.75,1256.69,1029.54,-0.02,-0.01,1.0,0.34,0.39,1.0,1400.22,-0.3329570339596057,1.4039784000860658,0.004479110860502692,-0.006902256585986239,0.033784216701056594,-0.06220068225052556,326.0576623785593,448.7960230405123,6.587919290387328,363.7816308296356,223.13121686983456,-10.971383222614557,301.5616078693177,60.79698866200907,55.557195732921066,-9.490276316754446,39.951554059282955
47686310,144.582000,-54.174664,236.055322,1027.26,1093.63,1256.79,1029.58,-0.01,-0.01,1.0,0.34,0.39,1.0,1400.12,-0.33257484996658265,1.4033275191157013,0.0042313260317622114,-0.007644857583571373,0.033119041451794645,-0.0709274173613306,326.08777701492596,448.7258596394955,6.559137878419863,363.7238421360399,223.12432533132048,-10.898238624841136,301.4390228616643,60.79947662417225,55.81547475718223,-9.471170659223139,39.9343877744825
47686411,144.682000,-54.215060,236.059672,1027.12,1093.63,1256.77,1029.64,-0.01,-0.01,1.0,0.34,0.39,1.0,1400.09,-0.3322327210808016,1.4026531911585205,0.0035785560787435795,-0.007397532695679779,0.021439680782348567,-0.05233787896657811,326.0507479039581,448.77919260059156,6.589437054407566,363.63082137980115,223.10295065656422,-10.867190432510426,301.19069323703786,60.921231562341596,55.78818596066451,-9.45426078704113,39.96527832868257
47686510,144.784000,-54.239190,236.058303,1027.16,1093.51,1256.87,1029.6,-0.01,-0.01,1.0,0.34,0.38,1.0,1400.12,-0.3319186727805519,1.401966935852121,0.0033444373937194867,-0.00751049441487771,0.025846010497480917,-0.06209090381507145,326.09277327525007,448.7131638188007,6.560226121704441,363.610348782981,223.0939160715585,-10.881129278361557,301.0399925049677,60.94858859744589,55.642973202083446,-9.439757055566554,39.9772683784118
47686611,144.882000,-51.425278,223.795747,1027.04,1093.43,1256.78,1029.6,-0.01,-0.01,1.0,0.34,0.39,1.0,1400.09,-0.33162401051930457,1.4012924358157313,0.0032130403332331953,-0.007421433158560713,0.02046805647015971,-0.048823349461042616,326.09176655152163,448.72068707934017,6.537141840516114,363.64006768904244,223.08842010750263,-10.860170920001755,301.1198030234262,60.99292167910054,55.85602323476943,-9.448219620717667,39.988075750854335
47686712,144.983000,-50.885110,221.356435,1027.17,1093.55,1256.94,1029.6,-0.01,-0.01,1.0,0.34,0.38,1.0,1400.15,-0.3313480561096478,1.4006457074953629,0.0028433388581312843,-0.0067406646118745835,0.009815681408460376,-0.025604984580545553,326.1110554548635,448.71542043849615,6.546000270558982,363.69927569972435,223.13063199235654,-10.915405419311258,301.2723594075074,60.969335409302765,55.88586599736159,-9.460037662955486,39.97518604671895
47686811,145.085000,-50.442109,219.331425,1027.31,1093.46,1256.96,1029.57,-0.01,-0.01,1.0,0.36,0.38,1.0,1400.07,-0.3310978915890324,1.400031778417678,0.002502128573591508,-0.006287463358604578,0.01406982183933029,-0.038932084240588326,326.0857769044073,448.71966445730595,6.524784702753049,363.68117004300825,223.11087793646098,-10.918166578675844,301.22310112214245,61.0117712881433,55.87854509725305,-9.460822006277315,39.99371283681011
47686912,145.184000,-50.031633,217.477686,1027.16,1093.31,1255.9,1029.61,-0.01,-0.0,1.0,1.0,0.48,1.0,1400.08,-0.3308771831415785,1.3994567778488007,0.002422930998341355,-0.006438964909751508,0.014757667715560117,-0.04234539453786132,326.05086877587036,448.7827124656451,6.591675345519837,363.6226800576824,223.10267678870696,-10.803858696134435,300.938414620321,61.06035213556614,55.98914986444125,-9.4520636997356,40.05253361631978
47687012,145.285000,-49.675401,215.849426,1026.91,1089.1,1254.96,1029.52,-0.01,-0.0,1.0,0.87,0.33,1.0,1399.63,-0.33068120108990867,1.3989340154291685,0.001972249170397887,-0.005197553051598382,0.0045165403201409635,-0.009487489709014309,326.0821787826321,448.72056156500867,6.547196145980003,363.5671913257464,223.09092418450993,-10.779269070251324,300.7660184851583,61.08055015194346,55.93501585093306,-9.43268879303747,40.05353844266851
47687112,145.386000,-49.324638,214.314690,1026.85,1084.88,1256.25,1029.63,-0.01,-0.0,1.0,0.55,0.47,1.0,1399.79,-0.3305000366439832,1.398480061280856,0.0019266118886197827,-0.0046600679263792645,0.015769460309043512,-0.03423340838871536,326.08028469485896,448.72874286380943,6.529092241049877,363.3370060916756,223.0757525803354,-10.694213958044998,300.663232932661,60.84537975660483,55.515666341369496,-9.375311913262435,39.873455001944215
47687211,145.484000,-48.988630,212.865808,1026.68,1082.65,1254.05,1029.51,-0.01,-0.0,1.0,0.38,0.31,1.0,1399.74,-0.3303227390273216,1.3980726333530717,0.002033085114990291,-0.004537021451951167,0.021718856709569374,-0.04522672732307621,326.07962128044056,448.7185819036147,6.53985186887178,362.2150666097824,222.92163820350478,-10.02015426210533,298.5865034901077,61.01847278708417,55.59974648992679,-9.092239986547662,39.63949648824129
47687311,145.585000,-48.642573,211.547112,1026.73,1082.0,1253.85,1029.64,-0.0,-0.0,1.0,0.34,0.32,1.0,1400.0,-0.330108073228113,1.3976601061783298,0.0029048859316595285,-0.004983160241614074,0.04443864117851596,-0.0629990248295765,326.08835820948,448.7244077904711,6.552636775617531,360.6538082380013,222.56052837164384,-9.391134223754246,295.53280548713843,61.164765750680374,55.752604070123475,-8.689482494112417,39.352372930051864
47687411,145.686000,-48.183949,210.154355,1026.9,1082.51,1254.12,1029.62,0.0,-0.0,1.0,0.54,1.0,1.0,1399.88,-0.3297124506305478,1.3970767827249062,0.005894576417690118,-0.008042068927487324,0.08420985307466905,-0.09670954794585541,326.0506287138939,448.76960332673013,6.576182220600673,359.791499891599,222.3881502283116,-9.021070919416712,293.2966224379939,61.701298831861315,56.08480242415131,-8.470822386332063,39.42222584385601
47687512,145.786000,-47.653606,208.724108,1026.69,1080.4,1248.67,1029.26,0.0,-0.0,1.0,0.38,0.77,1.0,1399.99,-0.32899408795699425,1.3962538735564856,0.009487463944652465,-0.009825952709453243,0.10802577114165794,-0.08700151388315397,326.0797544504282,448.72033308418577,6.543242098587859,357.52358618527285,221.99823494664415,-7.835425027510959,288.6864802763654,61.99051867327323,56.66140274637905,-7.895919078904239,39.06975302255551
47687614,145.887000,-46.936010,207.133046,1026.94,1079.44,1244.0,1029.1,0.0,-0.0,1.0,0.31,0.39,1.0,1400.07,-0.3278184071864376,1.3952115721877874,0.01554489148385527,-0.012843403387526101,0.19008210276498852,-0.13735015364694717,326.0754058831347,448.71657066301805,6.570191648001395,356.2255085657994,221.74334259536334,-7.4035733526313265,289.1590130894633,59.964153953053184,55.08780718221857,-7.566616136005927,37.6499657194996
47687718,145.989000,-46.270911,205.545406,1027.18,1079.49,1245.55,1029.5,0.0,-0.0,1.0,0.35,0.43,1.0,1399.98,-0.3260505351099687,1.3937061079084103,0.02136662803347226,-0.01922414268551812,0.1730708359532972,-0.1871063110159436,326.0896926808399,448.7186393062976,6.5375396462799165,356.74183712447706,221.80569375294527,-7.583446382632983,289.89435297000733,59.75568452530405,54.668546887539804,-7.693133776916075,37.802975633518784
47687817,146.092000,-45.625740,203.874803,1027.14,1079.5,1242.12,1029.25,0.0,0.0,1.0,0.55,0.96,1.0,1400.0,-0.3236976353847797,1.3913797310442761,0.02712253030075914,-0.027842888850383,0.22519053450651072,-0.25358935321760073,326.08318049234987,448.7282331712338,6.569085957644398,357.3066135955816,221.86469641549706,-7.827309657150388,291.64104731400755,59.08161059619757,54.161822217905105,-7.83643732124844,37.6416806637147
47687917,146.192000,-45.006517,202.109025,1026.85,1076.04,1236.15,1029.2,0.0,0.0,1.0,0.4,0.48,1.0,1400.03,-0.3209313523623329,1.3883380796787301,0.03233213905558325,-0.036953911592997685,0.2699479872034721,-0.3419563161325331,326.03761456165347,448.77607849212535,6.571360622144888,357.00650260084234,221.78414950262322,-7.77723173818735,292.9480410644647,57.968735098418165,53.35640289517385,-7.768992885273801,36.89549688134827
47688018,146.289000,-44.619359,200.303635,1026.99,1076.55,1237.22,1029.45,0.0,0.0,1.0,0.3,0.29,1.0,1399.95,-0.31791143265958344,1.3846524557710385,0.03297242609808945,-0.04207615252938982,0.19125805068067842,-0.29642530546110046,326.08584548012686,448.72252669684775,6.556560441138415,356.63534181263833,221.82504901480993,-7.4383032218931815,293.381123614754,56.988438116925956,52.326594945965674,-7.668194457249513,36.33013926303123
47688118,146.392000,-44.192736,198.300664,1027.28,1076.41,1237.26,1029.42,0.0,0.0,1.0,0.35,0.48,1.0,1400.02,-0.31469423578488337,1.38010571064842,0.03501738523938412,-0.05236627167424456,0.1890471573855498,-0.3521268775307695,326.0782549258041,448.72178333010766,6.532086438829361,356.36880318275547,221.8320957691336,-7.327615492964376,293.0732625769847,56.95838934550079,52.01314287955635,-7.6042179337250415,36.210390765004924
47688219,146.491000,-43.784649,196.133918,1027.02,1076.38,1235.59,1029.27,0.0,0.0,1.0,0.49,0.91,1.0,1400.04,-0.311314406077643,1.3746768672203793,0.035829979304465895,-0.05970990675610847,0.16126305033136704,-0.32186258288535213,326.08240376878035,448.72198578412105,6.537760161389167,356.4159040330542,221.79050089747005,-7.310473468758421,293.01060450675465,56.8754476943189,52.044809356231326,-7.613488186833527,36.25735436883364
47688319,146.591000,-43.298302,193.830731,1026.88,1073.38,1228.17,1029.0,-0.0,0.0,1.0,0.37,0.6,1.0,1399.99,-0.3078275478420552,1.368556557355222,0.03797416267619388,-0.06849313521993712,0.27927646535593165,-0.5462653484377836,326.07921628553487,448.7122903405987,6.545206659805658,356.2542027108692,221.7248071398902,-7.27405529966472,294.07879486376413,55.878110841703446,51.09155616728636,-7.5723185725196185,35.695501924446475
47688418,146.693000,-42.835931,191.435799,1027.09,1074.35,1229.61,1029.42,-0.0,0.0,1.0,0.38,0.71,1.0,1399.99,-0.30429573657507686,1.3619018588571263,0.03946321647528388,-0.07657162884231869,0.26269300536325263,-0.5712345925235858,326.0787700597071,448.7112825012299,6.550966240661667,355.9223274773767,221.6598935181598,-7.1677169381568735,295.9057248821693,54.365657285554114,49.68785814910952,-7.488012748323986,34.71141178015503
47688519,146.795000,-42.572642,189.052019,1026.99,1072.78,1223.47,1029.01,-0.0,0.0,1.0,0.41,0.81,1.0,1400.07,-0.3007537108265526,1.3545791384009058,0.03714556680480435,-0.08003443456752174,0.18092919934939689,-0.4751544112805086,326.0845254309032,448.71566283011947,6.522692774224212,356.3236678749434,221.81111771935213,-7.084884639795187,296.45465603704963,54.090978259720664,49.03288751857608,-7.590972227799004,34.82636435460997
47688618,146.892000,-42.237995,186.533081,1026.99,1072.59,1220.53,1029.14,0.0,0.01,1.0,0.32,0.63,1.0,1399.98,-0.2972376993411945,1.3464418807724698,0.037314988378504645,-0.08987167499642304,0.16940269416375422,-0.49528170636609775,326.08071310754457,448.70572237748735,6.541351464636173,355.45318440970834,221.61353437637456,-6.989372736436484,298.1586894119118,52.40357556011379,47.649156745984044,-7.369813484054546,33.44572823288901
47688718,146.991000,-41.967545,184.004504,1027.07,1072.48,1218.16,1029.09,0.0,0.01,1.0,0.39,0.67,1.0,1400.02,-0.29379071122306166,1.3375546306722381,0.03651461603478669,-0.09828972198625599,0.22242925581136777,-0.7046214010154166,326.07691700912216,448.7120855991897,6.551095322266071,355.5495098773844,221.6447654912687,-6.77009716850588,298.4978241568489,51.967999472949714,47.15574510950712,-7.3954581851429415,33.375489546728375
47688818,147.093000,-41.694898,181.387555,1027.04,1071.65,1215.01,1029.28,0.0,0.01,1.0,0.35,0.66,1.0,1400.08,-0.29039119895869986,1.3277266596611894,0.03683132281992,-0.11080871019242736,0.21832437213106062,-0.7643890257373955,326.04192717473114,448.7771504160585,6.57983513364444,355.18026344664383,221.55036402047926,-6.783943014826338,299.8742042652876,50.78685915703585,45.73347613053426,-7.307420882386203,32.56069309258635
47688918,147.192000,-41.481225,178.729543,1027.23,1071.67,1212.47,1029.2,0.0,0.01,1.0,0.36,0.65,1.0,1400.08,-0.2870598554307295,1.3170249294021226,0.03508423861161269,-0.11721192674726245,0.18717271552295464,-0.7382389986072624,326.10024011952174,448.7002281342473,6.551755583026792,355.10484671378487,221.5562001498485,-6.720154135187677,300.8814329457407,49.97575411176777,44.85954209528109,-7.276865611226433,32.09147965475437
47689020,147.292000,-41.273010,176.056421,1027.19,1071.15,1209.1,1029.22,-0.0,0.01,1.0,0.34,0.44,1.0,1400.03,-0.28381190426179304,1.305464407429125,0.03445912587144375,-0.12729995099714458,0.17689192101620185,-0.7720935274964674,326.04857199360055,448.76648837321324,6.585041150323621,355.1740919154464,221.55010274226618,-6.66360547904117,302.26164210397167,49.168802276363856,44.03114723176772,-7.304572207116266,31.673015474581305
47689120,147.395000,-41.113825,173.385617,1027.14,1071.21,1210.6,1029.42,-0.0,0.01,1.0,0.36,0.78,1.0,1400.05,-0.28066423727546064,1.2930711935535713,0.029977007873592254,-0.12263188989764229,0.030904256484328547,-0.2429395639881429,326.04713865789415,448.76835180995414,6.571869225708469,355.02473364749414,221.5568570530074,-6.832455845599965,303.712821984493,48.24881308443091,42.81041680824346,-7.26802563362022,31.028674609548474
47689220,147.497000,-40.885696,169.275137,1027.17,1070.66,1203.85,1028.98,0.0,0.01,1.0,0.35,0.58,1.0,1400.06,-0.2776502769588965,1.2799477626158269,0.031000236829284267,-0.1402222628977287,0.11553298843428986,-0.6596671453897714,326.03886299854815,448.76783401976587,6.582897141578882,355.20274088991243,221.56554864736057,-6.768756797920646,304.0840475595185,48.19926854675576,42.97226126960103,-7.31453713951166,31.057727228911872
47689321,147.593000,-40.783051,167.827196,1027.19,1070.76,1204.69,1029.36,0.0,0.01,1.0,0.35,0.76,1.0,1400.21,-0.27478911813946416,1.2661692603547294,0.029799692261910687,-0.14893119568012875,0.15959130685323733,-0.9320646460090822,326.0381778430861,448.7658382725431,6.588914294313855,354.82007483349935,221.50880161777732,-6.62452703249861,304.8713515547391,47.558435909433314,42.29836759321336,-7.218029681897341,30.457136334433024
47689420,147.694000,-40.628737,165.055429,1027.14,1070.2,1198.75,1028.92,0.0,0.01,1.0,0.36,0.87,1.0,1400.07,-0.2721075387300274,1.2519622141186937,0.02852908729601195,-0.15639947454386752,0.16838466911164737,-1.0534242407264103,326.0877641429978,448.7136340261709,6.552251024821596,355.01793140923974,221.51143218786416,-6.466468467392708,305.9956114256155,46.860164229512066,41.18841659705307,-7.256550552334643,30.191835380527543
47689521,147.791000,-40.471523,162.315699,1027.15,1070.12,1195.32,1029.13,0.0,0.01,1.0,0.33,0.47,1.0,1400.05,-0.26956186458900383,1.2372005073536558,0.026722695601467793,-0.16034199744949357,0.04360129412167405,-0.4113552130778107,326.0399272847054,448.765883503752,6.576230426830174,354.27074039115394,221.42547932737293,-6.378774383907442,308.1324098309008,45.14483846182858,39.24285301731366,-7.07867296108266,28.824489487327302
47689620,147.892000,-40.231011,159.553335,1027.1,1069.97,1196.2,1029.32,0.0,0.01,1.0,0.35,0.71,1.0,1400.06,-0.2671584364886233,1.2219762919058905,0.023463025958580602,-0.15345161435315818,0.09758726798082434,-0.7539084136534264,326.0707680902882,448.7034523730805,6.542642388406731,354.48968470704125,221.4753461593603,-6.288138675216639,309.44722222299276,44.7597321139255,39.16942205259803,-7.1288405302558315,28.55713832155464
47689721,147.993000,-40.334552,157.139794,1027.28,1069.8,1190.67,1029.0,0.0,0.01,1.0,0.34,0.55,1.0,1400.12,-0.26487517142002853,1.2061753332547256,0.02546432068353313,-0.18249724554472374,0.18876309135713185,-1.5139132778286062,326.0457862473374,448.7811755410836,6.550698669661675,354.8145347546354,221.4868999502505,-6.391335643183602,310.8159811980146,44.18237156402313,38.2346018115875,-7.213597426433552,28.363765280172835
47689821,148.094000,-40.161829,154.712583,1027.14,1069.63,1191.05,1029.47,0.01,0.01,1.0,0.33,0.3,1.0,1399.04,-0.26273380257305584,1.1898834224514194,0.021906247440211565,-0.1731235214980887,0.07338574098382476,-0.7538834421370075,326.08387235466955,448.7491588175847,6.549805771975917,354.25648628534907,221.45370337355243,-6.372577118741046,312.42987255620903,43.155516142165034,37.18582215954888,-7.074932898463604,27.352044053008306
47689920,148.195000,-40.271485,152.044491,1027.09,1069.54,1191.42,1029.45,0.01,0.01,1.0,0.33,0.39,1.0,1398.52,-0.2607641472597582,1.1732857610636422,0.020064216996359054,-0.17548113599013987,0.0868277457529756,-0.9169104900004447,326.0490162477172,448.77692841760074,6.563593509177198,354.8694252769535,221.51144954585612,-6.317268446152592,312.5913061245807,43.49645702530711,37.03291558236015,-7.227320163204866,27.81472423591212
47690020,148.292000,-40.247936,151.277986,1027.1,1069.65,1190.36,1029.52,0.01,0.01,1.0,0.32,0.42,1.0,1398.7,-0.2589500146929142,1.156410236872636,0.017798827881663468,-0.1722987322238407,0.04873069235131958,-0.6480047423090559,326.05220727132894,448.78914301963,6.509370385395729,354.4439854872006,221.46146760000008,-6.390314937211063,313.2503226581094,42.810088565707616,35.922006530185065,-7.119015389619336,27.222422603106473
47690120,148.393000,-40.572217,150.446985,1027.11,1069.49,1185.7,1029.48,0.01,0.01,1.0,0.34,0.91,1.0,1397.5,-0.25656076164658587,1.1311203331715933,0.0177045445792129,-0.19895597257193426,0.12024456448606942,-1.4406709538484164,326.1057674300004,448.69158773079295,6.585068532120569,354.517233288488,221.49196680412342,-6.282953580060766,312.54955427697524,43.26766062646767,59.50813261635115,-7.127875101657815,27.5061844234775
47690220,148.494000,-41.033631,150.139176,1027.13,1069.34,1186.95,1029.21,0.01,0.01,1.0,0.28,0.69,1.0,1397.71,-0.2558428246661071,1.1227880813589677,0.016435754281548042,-0.19269500640011464,0.09708886915670455,-1.2936858777836182,326.03610870050727,448.7698590151386,6.5827617622895955,354.36045624231286,221.46182816249242,-6.299810195949807,312.8169654106095,42.72557149299938,35.959392476504725,-7.102888075789575,27.290649938922414
47690321,148.593000,-41.039684,149.909089,1027.21,1069.47,1182.94,1029.17,0.01,0.01,1.0,0.28,0.64,1.0,1398.25,-0.2544953556891739,1.106350142438368,0.01353640952818468,-0.16902320257444212,0.032974211939389084,-0.518416564110385,326.0800647494617,448.69939454620055,6.543027543579097,354.2883643580351,221.34512454948342,-6.245880675457416,314.0760203434158,42.19308251923395,56.55685279662313,-7.083313823434289,27.196958190575074
47690420,148.695000,-41.445619,150.355762,1027.14,1069.43,1181.5,1029.19,0.01,0.01,1.0,0.28,0.36,1.0,1398.43,-0.25326213276526155,1.0903235933181905,0.012570389240410812,-0.16708385538124254,0.04289777965605497,-0.6600349822814249,326.0511774845753,448.7656898294186,6.568172577515991,354.28310265417934,221.41833349105664,-6.1551959749045455,315.4782179777889,41.52024443348814,34.1895524061334,-7.078734699552754,26.329942874068166
47690521,148.793000,-41.906078,151.202700,1027.2,1069.36,1182.42,1029.45,0.01,0.01,1.0,0.22,0.36,1.0,1397.8,-0.25211724349814857,1.074603102101978,0.011603017190136507,-0.16331724796952382,0.03241324059327672,-0.576644536959242,326.05664851836235,448.74521194920516,6.563636420186308,354.28856496914784,221.44553141104015,-6.2838479603055335,317.77229314741334,40.8195061836681,33.781093786075,-7.08020222278416,25.589564979709735
47690621,148.894000,-42.928171,153.400777,1027.23,1069.32,1182.56,1029.58,0.01,0.01,1.0,0.19,0.35,1.0,1398.0,-0.2505975546834732,1.0513672560164438,0.009957913940097289,-0.16418273426326543,0.020103719701919053,-0.4603088961958061,326.09894675825893,448.6950313895591,6.5568213732672245,354.72455450847883,221.46860410299487,-6.355743588615793,318.0103703064644,40.902053025648094,33.485417794845944,-7.180201968759511,25.85354932329495
47690720,148.995000,-43.523012,155.198237,1027.19,1069.48,1182.67,1029.48,0.01,0.01,1.0,0.19,0.37,1.0,1398.2,-0.2497628667571265,1.0362460279295351,0.009102238777527624,-0.16234381727264702,0.021582999618527856,-0.6369653542227908,326.0432858100222,448.78663523691677,6.462349488716652,354.3619670757289,221.4592990077453,-6.333517042986426,317.63738949207715,40.88128932380494,33.52969084815803,-7.100884730398923,25.697371736518043
47690821,149.094000,-43.977483,156.339117,1027.17,1069.42,1182.45,1029.52,0.01,0.01,1.0,0.06,0.05,1.0,1397.67,-0.24904471121590696,1.0215594032965427,0.007223328239916668,-0.15337101791985733,0.016176653909958823,-0.49310004223284937,326.04834250902763,448.7474630550634,6.572977522809488,353.9212198640419,221.3528805261542,-6.20658232820531,316.5704105068053,40.90576942228836,33.443275587699354,-6.988167698338035,25.670857710034397
47690923,149.194000,-44.993155,159.793127,1027.23,1069.48,1182.88,1029.52,0.01,0.01,1.0,0.01,0.15,1.0,1397.93,-0.24839864840157397,1.007501294234971,0.0062487979386070674,-0.13638749851311538,0.0062163084164674,-0.13322136190004621,326.0518969289395,448.7969367445738,6.474027100783169,353.9575684616497,221.3555424947586,-6.0735714943981,315.95936367649216,41.065215888802214,33.90989707112314,-6.994882568986717,25.89130904167123
47691023,149.295000,-45.495429,161.231131,1027.21,1069.43,1182.86,1029.47,0.01,0.01,1.0,0.03,0.16,1.0,1398.4,-0.24808849012395823,1.0007294035474377,0.006384147609318775,-0.13952853318893535,0.020275540967381583,-0.4537176182165738,326.0374342777527,448.749513623983,6.605383442568111,353.95018073588636,221.36417426454486,-6.181192801345749,316.7102447131761,40.813100603853,33.58358354871689,-6.998346111312851,25.650921538212735
47691124,149.396000,-46.891556,165.761045,1027.18,1069.43,1182.21,1029.52,0.01,0.01,1.0,0.16,0.6,1.0,1398.65,-0.24722888142186816,0.98163041248631,0.0058989454834435994,-0.13426395001297228,0.028821417096415638,-0.7358615470947609,326.04753169608597,448.7532137083104,6.571507853063092,354.3181554489965,221.42028983527894,-6.148641290247749,317.0425150645542,40.93354578617358,34.16996873687484,-7.088784588109442,25.846709787248393
47691223,149.497000,-47.795737,168.958512,1027.13,1069.42,1188.72,1029.91,0.01,0.01,1.0,0.19,0.39,1.0,1398.29,-0.24674528673374205,0.9699537297649283,0.0056006761374308,-0.13354156878815276,0.02615625627288548,-0.761536257468607,326.04178809211504,448.76343825134586,6.581787080428455,354.289758523708,221.43145882098645,-6.269728535519193,317.2984047397552,40.985241889118264,34.3262247014171,-7.083191175645546,25.751471800733878
47691324,149.597000,-48.734460,172.248987,1027.15,1069.42,1186.77,1029.53,0.01,0.01,1.0,0.2,0.28,1.0,1398.62,-0.2463423684763116,0.9591344178548687,0.003936761891083296,-0.11093894801684251,0.016599256586462163,-0.6099145665533454,326.04213160350156,448.7578379412172,6.5726982778584775,354.44832096355674,221.47154766497778,-6.238108450295319,316.45606583861553,41.29220457813265,34.66802145856997,-7.123875352015917,26.15460484800337
47691424,149.697000,-49.801209,175.857447,1027.32,1068.16,1186.36,1029.76,0.01,0.01,1.0,0.44,1.0,1.0,1398.84,-0.24602780887400788,0.9493615651515753,0.0031994063067898736,-0.10486650004103175,0.019325665518896605,-0.7422750716742934,326.0335578988975,448.7483004316261,6.609849419823467,353.93487651835363,221.3705059977315,-6.178849722274297,314.7674277118963,41.78805484628365,35.27841458343809,-6.994471636450332,26.292641412119877
47691524,149.797000,-50.731245,179.304440,1027.9,1076.9,1195.13,1030.3,0.01,0.01,1.0,0.34,0.99,1.0,1397.29,-0.24575670039073633,0.9407447521192066,0.0029798914068937797,-0.09027975201940161,0.018350778400184804,-0.4040256188912919,326.0815482068688,448.7093513471324,6.547451100685445,353.644440894346,221.3328223327351,-5.907518298271563,313.4097397624047,42.022291321943484,34.871420963914666,-6.911748948355814,26.470370724758148
47691624,149.897000,-51.668352,182.798186,1027.52,1074.19,1199.92,1030.2,0.01,0.01,1.0,0.24,0.83,1.0,1396.95,-0.24547304340574755,0.9332520417969706,0.003085504699475474,-0.07504567053309437,0.016390457300848135,-0.24651898554514162,326.0423027203776,448.75498185157215,6.583282760173598,353.8434285255809,221.3139334943285,-6.254937038764567,312.75925063860564,42.4007024740809,36.31813645070068,-6.968945626795694,26.87062100042339
47691725,149.998000,-52.642650,186.319507,1027.28,1074.05,1204.22,1030.07,0.01,0.01,1.0,0.28,0.49,1.0,1396.55,-0.24519688858772748,0.9270064787352242,0.0027599115964579294,-0.06158068294768182,0.0038331687148418143,-0.10537236381445113,326.041695393207,448.76361967672386,6.576749143218673,354.65828678154077,221.45839417175299,-6.5493303453391425,311.1956001512307,44.075024675250155,62.23145491026685,-7.175501584349301,28.11844991269981
47691824,150.097000,-53.577807,189.771080,1027.17,1074.05,1203.1,1029.77,0.0,0.01,1.0,0.29,0.36,1.0,1397.32,-0.24501247275316795,0.9223620836155487,0.001440765440839506,-0.04204916599372941,-0.007306016933689703,0.000548617771359557,326.10804280775403,448.69285746815945,6.561818121126,354.7795204530055,221.46488779803408,-6.603049149410956,308.69155451063534,45.367740985846886,39.6325292438851,-7.191538907349609,29.04950935240226
47691924,150.197000,-54.488457,193.222228,1027.4,1073.55,1203.26,1029.83,0.0,0.01,1.0,0.54,1.0,1.0,1397.61,-0.24493601930646278,0.9196000185052919,0.0008150603681755472,-0.03118118304746005,-0.006909452021454478,0.08861841616041616,326.07927158545476,448.6947336148533,6.530763002722823,353.63425470540943,221.27286182008322,-6.306130480082817,306.71494474881547,45.42091363528571,39.8479580648124,-6.908420361090173,28.756001347181268
47692024,150.297000,-55.328065,196.462555,1027.99,1082.65,1210.92,1030.13,0.0,0.01,1.0,0.22,1.0,1.0,1396.43,-0.24487805788089814,0.9185710417361299,0.0007184458421473928,-0.004693832672816188,0.006492136475515998,0.13095755970048356,326.04892492054216,448.76284074163806,6.571306648963701,353.6072574622243,221.2768746803167,-6.1360275682257175,304.99888625470834,46.009072322806375,40.30500968437884,-6.917767724817282,29.135264551292707
47692124,150.407000,-56.153830,199.697362,1027.59,1079.94,1216.1,1030.0,0.0,0.01,1.0,0.17,0.68,1.0,1396.11,-0.24478313764365286,0.9190347746123665,0.001122204024347948,0.010836995029646145,0.006711360815459433,0.19479713518746195,326.09397802109,448.69244157847874,6.535256348222977,354.7798857547029,221.4087763579917,-6.781451830880518,305.1176350312605,47.156458646453665,41.59059533311194,-7.193375736167404,30.29440685297981
47692224,150.496000,-56.922979,202.782344,1027.32,1079.65,1217.31,1029.83,0.0,0.01,1.0,0.19,0.4,1.0,1396.2,-0.24472861961837786,0.9211687423065822,-1.7958419464000372e-05,0.02975420287674476,-0.018091100265108004,0.29845230497672043,326.0808131009262,448.7132849742947,6.52366516801013,355.9343256409661,221.655795841829,-7.2920968130844255,306.11841773225825,47.85434826464603,42.69781018458871,-7.490283262722283,30.974213491938677
47692324,150.596000,-57.689631,205.906682,1027.17,1078.54,1216.33,1029.69,0.0,0.01,1.0,0.4,1.0,1.0,1396.93,-0.24487558852841615,0.9251737703298338,-0.0025414289825609637,0.04887734992728095,-0.03556364762530111,0.3466539073468196,326.1100545896042,448.69666193213715,6.562210704373177,356.38596860320433,221.69760587998059,-7.348681999090029,305.73492756397815,48.62542468299304,43.38427377024463,-7.5969678788075115,31.506497862008004
47692425,150.697000,-57.497341,205.817760,1027.61,1085.39,1223.31,1030.06,0.0,0.01,1.0,0.29,0.88,1.0,1396.14,-0.24527831793312593,0.9309595150718353,-0.005122459508903109,0.0674576657557111,-0.04160906167226599,0.4395385857472495,326.04169424355035,448.77924288873646,6.579512781683977,355.67536721876303,221.59932624644966,-7.374214009642856,304.64811801995955,48.70408340620553,43.80154418046761,-7.431782412649958,31.30668207680352
47692525,150.797000,-57.280937,205.769480,1027.3,1083.23,1227.38,1029.95,0.0,0.01,1.0,0.19,0.74,1.0,1394.97,-0.245851614743733,0.9381902715423981,-0.006490176162685661,0.08131041186022091,-0.03556246618733839,0.4455108128816255,326.04762051127915,448.74532568163687,6.604905686926324,355.7774896598852,221.59362459391627,-7.294857849453527,301.2712870822767,50.69352490677698,45.55437686676802,-7.45655199858167,32.60246111538305
47692624,150.896000,-56.992844,205.678387,1027.24,1083.08,1229.43,1029.88,0.0,0.01,1.0,0.2,0.56,1.0,1394.97,-0.24653819867803559,0.9469489363362135,-0.007597654977521643,0.09788881634175976,-0.03338089268980907,0.4531666839601545,326.03791801891305,448.74852566209836,6.599575880686139,355.62361023320136,221.55433716262473,-7.413355578059434,300.5531293160736,51.09296189550298,46.291312565634726,-7.419422675053194,32.742788934134516
47692724,150.996000,-56.718657,205.717742,1027.2,1083.02,1230.4,1029.63,0.0,0.01,1.0,0.22,0.4,1.0,1395.18,-0.2473056750501655,0.957088250332666,-0.008028264141556598,0.10772227622856417,-0.04339902974221029,0.6125652596549465,326.0443356624276,448.76445017372595,6.579152152330689,356.08445480895807,221.69088673469676,-7.301491290507012,298.9736543246149,52.46856262628976,47.64109121293562,-7.536039166406665,33.7210900484232
47692825,151.098000,-56.365403,205.708209,1027.11,1083.08,1229.43,1029.49,0.0,0.01,1.0,0.23,0.46,1.0,1396.38,-0.2481556340549405,0.9685858771547176,-0.008977726624297688,0.12126570358186334,-0.05850576735747237,0.800839822091411,326.0934243505357,448.697229129189,6.5835885997145285,356.184073595154,221.69929948070683,-7.274629324706878,298.5691257856127,52.92079051292162,48.23977261357775,-7.5510554873986635,33.95018076421664
47692924,151.197000,-56.024398,205.816804,1027.25,1082.89,1231.59,1029.67,-0.0,0.01,1.0,0.14,0.43,1.0,1396.63,-0.24908609582963728,0.9812851149823523,-0.009888635227549191,0.13530127419479865,-0.06444903043639366,0.8889935359793889,326.08265735482735,448.70001767590264,6.560711138683269,355.89672040361836,221.59590277793038,-7.300349701324965,298.1130200119727,52.931667754562845,48.30114259869328,-7.478979103875015,33.869215476577175
47693024,151.298000,-55.539662,205.761238,1027.25,1082.97,1230.96,1029.53,-0.0,0.01,1.0,0.15,0.34,1.0,1397.37,-0.25007097022145586,0.9948998897155242,-0.011343606320089353,0.15864033287603393,-0.08155597654513684,1.1966010042882576,326.0481683129512,448.79338304520167,6.497497004774039,356.0588985473229,221.63072156255305,-7.375447414471852,297.2301004146504,53.5892767778388,48.763641656741214,-7.5258320242818195,34.34605152261824
47693124,151.399000,-55.316747,206.198613,1027.16,1082.97,1230.76,1029.53,-0.0,0.01,1.0,0.16,0.41,1.0,1397.66,-0.2510700616866138,1.0091394955750552,-0.010469168547326095,0.1507969160503477,-0.04114613798790643,0.634036976756002,326.0498234330641,448.7710210603725,6.57520352309165,355.7745842826798,221.5933412457887,-7.463505355440786,297.20677485107564,53.372380549740896,48.5453258425669,-7.454442244793471,34.10495766496399
47693225,151.498000,-54.926762,206.405319,1027.23,1082.87,1231.05,1029.53,-0.0,0.01,1.0,0.08,0.46,1.0,1398.18,-0.2520573575286711,1.0237501774446391,-0.010551641160862235,0.1587130633149077,-0.04774965956078459,0.7783855332791592,326.05008729300044,448.7563855581767,6.572369214724776,356.0001266263242,221.62129833306972,-7.3805816395189945,297.0928222699157,53.68623529207723,48.94877213273024,-7.511687813484361,34.3529349559279
47693324,151.597000,-54.640292,206.791933,1027.2,1082.75,1232.16,1029.58,-0.0,0.01,1.0,0.09,0.4,1.0,1398.43,-0.2530178969948057,1.0384567587509763,-0.010114605694217467,0.15628724307763814,-0.06804944031285422,1.0801430382814707,326.07913590768504,448.71568570305925,6.548187755901393,356.08566832146704,221.651531848436,-7.459288516669357,297.5139574226421,53.41771908487914,48.68187805256615,-7.528018455466854,34.251936002786735
47693424,151.698000,-54.332263,207.150214,1027.2,1082.81,1231.5,1029.53,-0.0,0.01,1.0,0.04,0.43,1.0,1398.92,-0.2539580690734421,1.053040652309804,-0.0101401678437973,0.1572117276969109,-0.053956791796020226,0.8277513272505912,326.04372474878693,448.7662794176399,6.595769300378154,356.173609277551,221.69924318447875,-7.2934111821765315,297.33559605400404,53.772901616875615,48.91259143251107,-7.558513024605846,34.42646074204141
47693524,151.796000,-54.099164,207.606024,1027.17,1082.78,1231.8,1029.59,-0.0,0.01,1.0,0.01,0.49,1.0,1398.93,-0.25488269535171953,1.0673721918609567,-0.009734640107811278,0.1513194362658778,-0.054242262417700284,0.8582913082102618,326.0287294638783,448.77948715666963,6.638357291161081,356.04631618665053,221.64652855842408,-7.4728235692701,297.02950286070694,53.782972074922164,49.12484683033471,-7.528504828108608,34.427464832952666
47693625,151.898000,-53.808616,207.967945,1027.14,1082.97,1233.22,1029.54,-0.0,0.01,1.0,0.01,0.35,1.0,1399.02,-0.25577043071707917,1.0813010066823832,-0.009542494328202988,0.1508836776222209,-0.054517978584939404,0.8943323045975141,326.0399246952562,448.76685443422735,6.598813593483738,355.90781597057935,221.57709814591138,-7.280718713993127,296.40770802485184,54.05775420137128,49.400891807498155,-7.489536625563192,34.5332724263078
47693724,151.998000,-53.598019,208.415193,1027.02,1082.97,1232.86,1029.44,-0.0,0.01,1.0,0.05,0.49,1.0,1398.99,-0.256604178877351,1.0947533225839727,-0.008732876611190488,0.14298160305742336,-0.04017456103934264,0.7125781634461478,326.0768744464366,448.708222182723,6.540705739047959,355.9390499922908,221.59400519599143,-7.248298154408897,295.8006514527296,54.468660900425874,49.80827873263811,-7.490581949332469,34.77192873605708
47693824,152.097000,-53.398562,208.851452,1027.21,1082.89,1234.35,1029.64,-0.0,0.01,1.0,0.06,0.41,1.0,1399.16,-0.2573700159292012,1.1076660989051315,-0.00782685789304561,0.1345946795183667,-0.02542927895687908,0.5070594909119442,326.04036513107104,448.77051783144253,6.563993881303538,355.8858662676937,221.58193112006916,-7.359041001462035,295.92670417966974,54.312591401645335,49.634930693748274,-7.48402393432946,34.68871139769211
47693925,152.196000,-53.229906,209.297262,1027.24,1082.83,1234.52,1029.5,-0.0,0.01,1.0,0.07,0.36,1.0,1399.15,-0.25806843763854104,1.1199859331331279,-0.007022902066938364,0.12517229890592865,-0.016306889172189552,0.3162691638328049,326.0394186321898,448.7601590707483,6.59221893907011,356.10257990684835,221.67582928965402,-7.278114619075637,295.65155245067683,54.88765475270001,50.84132086165434,-7.541399688153347,35.0054391160196
47694025,152.299000,-53.022736,209.669301,1027.25,1082.95,1234.2,1029.55,-0.0,0.01,1.0,0.11,0.51,1.0,1399.35,-0.258722426993492,1.1317438438008889,-0.0066913866808649,0.12095762906450344,-0.024116953274901043,0.45413556989685006,326.0384562171039,448.7772426434421,6.5781920521802055,356.06149696238555,221.65379034855874,-7.435320675698047,295.58415549866015,54.7235274208,49.87801038349312,-7.530168566805874,34.97533597645751
47694124,152.399000,-52.817133,210.013940,1027.21,1082.83,1237.22,1029.63,-0.0,0.01,1.0,0.12,0.4,1.0,1399.29,-0.2593311635530105,1.1428751925720555,-0.006376693075982758,0.11748916353008926,-0.02847299996431524,0.5479816767829053,326.0387852133397,448.75886990917024,6.582500343687459,355.92683861152756,221.60258508835338,-7.309720416152384,294.975706042087,55.07475088798255,50.27784404289818,-7.49562669849103,35.094469402794125
47694224,152.504000,-52.675174,210.400272,1027.16,1082.74,1236.48,1029.53,-0.0,0.01,1.0,0.12,0.36,1.0,1399.36,-0.2598878950130738,1.1533525243072897,-0.005685405002513904,0.10897255497132928,-0.017942741221303866,0.3992840123097227,326.03623122352803,448.76610506783464,6.581137482762469,356.0888195508258,221.63974604039993,-7.3803500574037075,294.54015573187746,55.455721195310396,50.7088463189756,-7.537398961408339,35.397639143651276
47694324,152.595000,-52.517657,210.741411,1027.27,1082.87,1236.23,1029.54,-0.0,0.01,1.0,0.13,0.39,1.0,1399.7,-0.2603906755986798,1.1632559660257376,-0.005093027576180535,0.10261259253165407,-0.01384467070220123,0.35109178230701255,326.0414147953174,448.76374609547634,6.5793874903779335,355.8008924437416,221.57538596265613,-7.285200668441068,294.1496538786359,55.50068270927458,50.736487475075464,-7.456680242817037,35.23502705581158
47694424,152.697000,-52.369742,211.065352,1027.2,1082.85,1236.39,1029.43,-0.0,0.01,1.0,0.13,0.38,1.0,1399.77,-0.26082164179533995,1.172553067585283,-0.004214592582162307,0.09517907928057387,-0.009819685375502618,0.3295473158916451,326.0441354559936,448.7886490287241,6.5322728156461976,355.86989632994806,221.58460722850452,-7.320461793733735,294.12619415067286,55.55417531254651,50.76076085429057,-7.47862695281751,35.3565075271939
47694524,152.801000,-52.227097,211.366614,1027.21,1082.85,1236.12,1029.56,-0.0,0.01,1.0,0.14,0.41,1.0,1399.92,-0.26101107912333865,1.1769712198958484,-0.0039931237434060116,0.09409132644985933,-0.01575253014313396,0.44484416572046936,326.04837641658804,448.75880293773827,6.588575121656252,355.89244331178054,221.5748251474914,-7.2818934220816125,294.34439183108066,55.463439641361724,50.652795453348226,-7.483818463764987,35.298452172725206
47694625,152.895000,-52.159407,211.509524,1027.25,1082.78,1236.52,1029.47,-0.0,0.01,1.0,0.14,0.38,1.0,1400.01,-0.261345171938025,1.185329794484871,-0.0033248943788908914,0.08635384419502942,-0.015239091436123415,0.4735147203098989,326.0402321006227,448.7653995560709,6.576897748864156,356.0236962685962,221.6557456541522,-7.514723764816907,294.59906008159743,55.44933942871859,71.54003141650863,-7.527862160222587,35.423215422349216
47694724,152.997000,-51.902420,211.834603,1027.24,1082.87,1236.45,1029.5,-0.0,0.01,1.0,0.15,0.4,1.0,1399.93,-0.2617622380433114,1.196640818693158,-0.003079922378284447,0.08529704318928567,-0.031679093698714696,0.9041637902736218,326.08427526295577,448.70263000071293,6.537458470325404,356.1446957482975,221.64282169243032,-7.404357902180448,294.50389157771144,55.58883646470791,50.63981681285734,-7.5415250603978485,35.448450550315656
47694824,153.097000,-51.896263,212.182129,1027.2,1082.89,1236.04,1029.56,-0.0,0.0,1.0,0.25,0.59,1.0,1400.06,-0.2620026958565584,1.2033758456490375,-0.0025760866357098845,0.07288713084264177,-0.0180027721664988,0.540867704226641,326.0541074696885,448.7917852598728,6.497268031271591,355.91498981298474,221.5866267121146,-7.307668914755638,294.2199980661498,55.62810095583137,50.78584760214864,-7.48729720355682,35.36718435924985
47694924,153.197000,-51.845807,212.451365,1027.15,1082.83,1238.81,1029.65,-0.01,0.0,1.0,0.26,0.43,1.0,1399.68,-0.2622034927642597,1.2094833310644248,-0.0019997257900042356,0.06412468500303346,-0.008964332327245594,0.3753193662669154,326.0783098717913,448.7099412094554,6.548549694530842,355.92266361367734,221.58472162912992,-7.229838008253103,293.78490979050446,55.810374298304886,50.793654665586736,-7.485803736665886,35.51928104578349
47695025,153.298000,-51.775393,212.670449,1027.18,1082.85,1239.88,1029.58,-0.01,0.0,1.0,0.27,0.36,1.0,1399.17,-0.2623584905663268,1.2149927678718346,-0.0015210142174151928,0.05798496495343189,-0.0051751498569353,0.3016658699524361,326.0388313250919,448.7607673162487,6.592626430017214,356.15468783943965,221.6494031281442,-7.406702192067214,293.26795994748835,56.50798220313305,51.773258819540786,-7.553576980540391,35.954252378862606
47695125,153.397000,-51.709685,212.872688,1027.16,1082.9,1239.31,1029.61,-0.01,0.0,1.0,0.28,0.41,1.0,1398.12,-0.26248739985467695,1.2200704279580539,-0.0013494625020964452,0.05337282327446322,-0.005076057014578093,0.22324408402571574,326.0725968307704,448.7118841275418,6.5466258058621545,355.854609849171,221.55564218433125,-7.462905477164995,292.70575357651927,56.73566791593748,51.893415622225014,-7.4693350284276345,35.9024234177881
47695224,153.496000,-51.629719,213.045230,1027.2,1082.94,1239.5,1029.59,-0.01,0.0,1.0,0.31,0.44,1.0,1398.31,-0.2625840204142047,1.224822450866854,-0.0010951439262536387,0.05062926159356262,0.0006196706929963847,0.1717629345370501,326.0701007053379,448.7023224957813,6.560893052186476,355.804699090064,221.55206625283208,-7.31249659465819,292.235411407191,56.881617951358635,52.02053727647865,-7.457771690778423,36.02409836764182
47695324,153.596000,-51.538994,213.192627,1027.2,1082.84,1240.15,1029.59,-0.01,-0.0,1.0,0.31,0.39,1.0,1398.47,-0.2626308033384282,1.2292401576973315,-0.00031966048590353636,0.04541504085676113,0.0028582065920009893,0.17152516974996015,326.0794268421418,448.7085281763167,6.5620798486098995,355.7014074161411,221.60417817965111,-7.455082760090884,292.3403002443359,56.79609079033938,52.00563412676058,-7.43132711409311,35.89210330178443
47695424,153.696000,-51.542947,213.669970,1027.22,1082.76,1240.19,1029.52,-0.01,-0.0,1.0,0.32,0.42,1.0,1398.9,-0.26263619959948786,1.2333486757686551,6.297896796443072e-05,0.042104467619781594,0.0021819955774022093,0.1510734576371648,326.0390309176432,448.77089249968753,6.584669245485145,356.1079437900206,221.64239953341428,-7.406421024006996,292.2855729634318,57.11352093995235,52.393631019186536,-7.541376120552611,36.284515323618905
47695525,153.796000,-50.445853,209.645046,1027.13,1082.76,1240.1,1029.58,-0.01,-0.0,1.0,0.33,0.47,1.0,1399.09,-0.2626345399970263,1.2372169801104456,-1.1216126048156063e-05,0.04000144006707059,-0.0005006825294406464,0.13888782403913066,326.0702129571048,448.71329226416066,6.553763520810353,355.9850742827684,221.63988093533675,-7.465965080841857,292.53982517400397,56.933623761313946,52.2368745905481,-7.504980160261597,36.076765946995586
47695624,153.897000,-49.046248,204.287073,1027.29,1082.73,1241.48,1029.62,-0.01,-0.0,1.0,0.34,0.36,1.0,1399.31,-0.26263129481805214,1.2408152735280675,5.185241662294742e-05,0.03641316581750322,0.0002332281202219001,0.1066664829162775,326.04018794707713,448.7733403016905,6.586378644712516,356.1297435774277,221.64903260334185,-7.378126786240926,292.4488344227556,57.11339668598937,52.26737668391559,-7.546631197300361,36.251401379829915
47695724,153.996000,-47.550574,198.476610,1027.21,1082.68,1241.1,1029.63,-0.01,-0.0,1.0,0.35,0.39,1.0,1399.37,-0.26263196112417486,1.2441471389262988,-2.0878120685873773e-05,0.033653865522487204,0.00022780086198198843,0.0936818058346358,326.0382553574002,448.7698910868241,6.572537255967715,355.9767789158312,221.63623184085526,-7.360910235795952,291.3530068489377,57.59578736901429,52.60348694295053,-7.508879205726315,36.39791134458283
47695824,154.097000,-46.163212,193.175469,1027.08,1082.73,1241.01,1029.55,-0.01,-0.0,1.0,0.36,0.4,1.0,1399.49,-0.2626218525129251,1.2472623614006364,0.00022462975387197532,0.032073293269267784,0.004561186466252561,0.10717205609673232,326.0793416089876,448.71210305756017,6.539505354010252,355.69028480269014,221.5972004900333,-7.360068427705961,291.203943619917,57.52355103108631,52.56066489107872,-7.428247772237501,36.312954771515734
47695925,154.195000,-44.731521,187.676600,1027.25,1082.48,1241.1,1029.56,-0.01,-0.0,1.0,0.35,0.4,1.0,1399.56,-0.2625724885488549,1.250163974747038,0.0006893329503205969,0.030067725608540753,0.003391997024937966,-0.07326891344468987,326.033821748658,448.76334362593605,6.5917715515142055,355.8012230491592,221.5562708921186,-7.370346018983133,291.1037206199432,57.64410798231967,52.82568365707302,-7.464060360619897,36.46768515109433
47696026,154.298000,-43.350010,182.221423,1027.16,1082.35,1241.27,1029.54,-0.01,-0.0,1.0,0.34,0.39,1.0,1399.73,-0.2624947696517262,1.252886066496917,0.0008620716282840456,0.027151987893085105,0.0030279814144043384,0.02144024669018748,326.033709566424,448.77236564881264,6.56538376088617,355.8614506855655,221.56236736334876,-7.440402390551298,291.5853272758029,57.44451975280255,52.772126927705315,-7.4652051489614335,36.31801401909685
47696125,154.397000,-41.924569,176.624377,1027.19,1082.24,1241.33,1029.44,-0.01,-0.0,1.0,0.34,0.38,1.0,1399.88,-0.26240777380408914,1.2554153010441704,0.0008846223669075405,0.026325757825583822,0.0023820412979451795,0.1081954680256391,326.0822897363111,448.70462147844245,6.540167070669155,356.0361075247101,221.64093509311124,-7.479039694772955,291.65097271904904,57.5896814211287,52.62102054487764,-7.5149600242546155,36.45841953884827
47696225,154.498000,-40.556986,171.131773,1027.17,1082.24,1241.27,1029.57,-0.0,-0.0,1.0,0.35,0.39,1.0,1399.86,-0.26233344230676453,1.2577769884681012,0.0007720453659207481,0.024631877400470747,0.0034327780568452525,0.09406487346962815,326.03249559591876,448.7780366765616,6.58398473454151,355.9266320189774,221.6118586371361,-7.233990247014101,291.50149275823094,57.57543410803735,52.65378624559967,-7.49681211782435,36.43599193131898
47696326,154.598000,-39.169002,165.477456,1027.2,1082.24,1241.3,1029.51,-0.0,-0.0,1.0,0.36,0.39,1.0,1399.97,-0.26226091246012506,1.259932709934612,0.0007827281400491167,0.022013373632027572,0.004294143007686727,0.07869996357067897,326.04715943237585,448.7716965696973,6.571910299488447,355.66792868689214,221.59335127360325,-7.361753478045041,291.01765017077196,57.65280815348229,52.531474557524284,-7.428633268699057,36.37916191622
47696425,154.699000,-37.776225,159.874625,1027.13,1081.98,1241.28,1029.52,-0.0,0.0,1.0,1.0,1.0,1.0,1400.03,-0.2621713483646864,1.2618921869202853,0.0010597415698412826,0.02000019752988775,0.007102414430416851,0.06234876766409355,326.07813358415376,448.7092652386448,6.529836493902535,355.67141036198393,221.58890732177173,-7.334474885262102,290.83783617817176,57.71658162493209,52.628343635942976,-7.423689068859998,36.43284743330278
47696525,154.798000,-36.383699,154.233214,1026.81,1078.24,1236.62,1029.35,-0.0,0.0,1.0,0.9,1.0,1.0,1399.64,-0.2620568847245942,1.2636743188752313,0.0012999613375211927,0.01806155246931599,0.009857837175392752,0.08686687260190405,326.0479477003143,448.7948392319409,6.5096731139257855,355.6806784827482,221.60336514351792,-7.347752745519301,290.9822128949168,57.713168307282864,52.56224013066844,-7.431174938427083,36.40482809272921
47696625,154.898000,-35.023032,148.762006,1026.43,1074.48,1230.9,1029.03,-0.0,0.0,1.0,0.62,1.0,1.0,1399.53,-0.26192073198863347,1.2652728084643947,0.001598224865786367,0.01684662499748941,0.013312736034378284,0.0863381033427599,326.0362601376681,448.7603565674161,6.583276923649497,354.9885003161659,221.50819395501773,-6.855968699909543,292.60492278765764,55.56689627043087,50.85839460916072,-7.260448516610695,35.124026485266015
47696725,154.998000,-33.779486,143.354201,1026.32,1072.1,1225.51,1028.76,-0.0,0.0,1.0,0.44,1.0,1.0,1399.63,-0.26173595909904607,1.266419101995405,0.0023000130070111487,0.009051610473969324,0.02331101636327373,-0.023940421936760072,326.0375414439661,448.77146602042285,6.573416267264462,354.7154928803303,221.45714734403992,-6.418581097516727,293.3081232047425,54.57218601592374,49.79661660192622,-7.190441865433972,34.58259508826345
47696828,155.097000,-32.626097,138.294275,1026.62,1070.66,1220.12,1028.77,-0.0,0.0,1.0,0.34,1.0,1.0,1399.96,-0.26145216157906304,1.2667115560789282,0.0037264672707312406,-0.0009019295161227239,0.043403837867177227,-0.11923476647448374,326.04125349755225,448.7643069613602,6.584852784480121,354.2385787264051,221.43166094511955,-6.301602704858593,295.14670357234587,52.719158120850594,47.952373157408935,-7.070599998624818,33.444103087851985
47696925,155.206000,-31.586553,133.276269,1026.84,1070.98,1215.17,1028.75,-0.0,0.0,1.0,0.92,1.0,1.0,1399.82,-0.2610300520262563,1.2658336329287816,0.005187449082125571,-0.014982628368798927,0.05176846327574246,-0.24040114936620371,326.04114732358016,448.7760203931462,6.566973068260551,354.28730904104464,221.43481315081615,-6.242764980117255,295.9093976984243,52.19263754320506,47.20025543667133,-7.082457676360496,33.196130912332805
47697026,155.297000,-30.661593,128.583525,1026.63,1067.84,1209.92,1028.81,-0.0,0.0,1.0,0.69,1.0,1.0,1399.93,-0.2604726332259306,1.2636598860364068,0.00664527009848528,-0.029352495363703875,0.059004303819422385,-0.3439899403025083,326.0837246413903,448.70467229718264,6.5262536987011295,354.11277642062913,221.3849054566313,-6.314923782296839,298.70628711972194,50.32272145279982,45.41995464776767,-7.02922227500246,32.005416093942266
47697125,155.397000,-29.828506,123.903053,1026.42,1065.23,1205.16,1028.75,-0.0,0.0,1.0,0.49,1.0,1.0,1399.89,-0.2598024220633298,1.2600856923709585,0.007586636349662467,-0.04435300016013776,0.0528709381448378,-0.4025600929542692,326.0408525472941,448.76690369706597,6.590490982563418,354.33906633253406,221.45882091874296,-6.087836502793523,301.12827800305024,48.96995622576168,43.778557271833066,-7.080099342372199,31.337179260646547
47697225,155.498000,-29.096187,119.247744,1026.41,1063.74,1200.17,1028.85,-0.0,0.0,1.0,0.38,1.0,1.0,1400.01,-0.25904525965167224,1.2549487219519095,0.008247715447523611,-0.060961932803282465,0.046969458257837174,-0.47395166186136817,326.04667210197374,448.7568794764032,6.589674430101685,353.9923760383521,221.38604695996318,-6.117138575968837,303.155313415677,47.43750955282443,42.055207566336776,-7.006969789299355,30.305124523078376
47697326,155.597000,-28.541633,114.892130,1026.57,1063.35,1195.37,1028.75,-0.0,0.0,1.0,0.35,1.0,1.0,1400.05,-0.2582254946687268,1.248093710200812,0.009227895853608182,-0.08197236758507379,0.05854227320214785,-0.6358794583901369,326.08389113119665,448.6997521949834,6.537898865860599,353.17241799301956,221.24860685593268,-5.758692788193182,303.87718727697063,46.30994009193219,40.65356727805998,-6.9272958066978685,29.931836749975982
47697426,155.698000,-27.898220,110.460813,1026.71,1063.42,1190.58,1028.69,-0.0,0.0,1.0,0.37,1.0,1.0,1400.08,-0.25731145130974364,1.2394736508069601,0.010197046472448528,-0.09782645948910645,0.06254785749822811,-0.6240161119535089,326.04891306169276,448.78760751557115,6.486028857665562,351.6935765399692,221.02284927376925,-5.082956978157189,303.89979654829943,44.78580839476769,38.675714806542274,-6.550428660984662,28.434053946491442
47697526,155.797000,-27.303719,106.057812,1026.93,1062.96,1185.78,1028.95,-0.0,0.01,1.0,0.34,1.0,1.0,1400.04,-0.2561812914093767,1.2288739223055758,0.013444202704741708,-0.12340396351142623,0.08179758652644371,-0.7316941226268463,326.04382067146497,448.78211777888595,6.501942722395745,351.1487925795266,221.00783450721298,-4.889009075706735,304.3172610509172,44.10453761467895,37.93872058489863,-6.289675622646852,27.407098876813393
47697625,155.898000,-26.655506,101.792404,1026.99,1062.89,1181.05,1028.76,-0.0,0.01,1.0,0.34,1.0,1.0,1400.03,-0.2547497744645991,1.2162551062525433,0.014709431847665025,-0.13075849518514013,0.11906325984252666,-0.9835501378827349,326.04528497326055,448.75152380531466,6.566108139942299,350.83823604011167,220.8943225586828,-4.863498121630044,305.25589896565367,43.10969938730767,36.88381873790207,-6.2098755016781615,26.800098172196027
47697725,155.997000,-26.417505,99.781983,1027.15,1062.79,1176.45,1028.74,-0.01,0.01,1.0,0.34,0.86,1.0,1399.99,-0.2539198357345354,1.20922968896564,0.018777138000137764,-0.15806791583377997,0.17330686280593602,-1.3958221259697965,326.0362078881763,448.7532428310457,6.579234847065479,350.671039530258,220.88672194169268,-4.910600519340473,308.00887889094423,41.87631829925998,35.63910316169799,-6.170327491472029,25.745460676539096
47697825,156.098000,-25.509983,93.601754,1027.13,1062.55,1172.5,1028.81,-0.01,0.01,1.0,0.32,0.55,1.0,1399.93,-0.25103698106164274,1.185582670745003,0.020932834689847375,-0.1708401717982951,0.15241682030684414,-1.2141656616562317,326.0317639966824,448.7637369774758,6.5770021441823525,351.0327818794809,220.97711761889687,-4.960504175444888,311.09175431796024,40.659926776433764,33.56249238932027,-6.263502411320823,25.016606689592678
47697925,156.198000,-24.959620,89.493345,1027.14,1062.61,1170.64,1028.95,-0.01,0.01,1.0,0.33,0.41,1.0,1400.06,-0.24887606920430302,1.1677917782325058,0.0230928297891728,-0.19269507735103444,0.11321087077861902,-1.0203312584004662,326.0516439216459,448.7867794282007,6.5006730733868565,351.4237779429082,221.02229204988603,-4.950349417535067,315.20270365853287,39.35673330809319,31.615350084504872,-6.356335284574791,23.98862241337668
47698025,156.297000,-24.793976,85.425470,1027.23,1062.45,1170.54,1029.26,-0.01,0.01,1.0,0.32,0.41,1.0,1400.1,-0.246643221054446,1.148406563379928,0.02487749800455653,-0.22187608120445093,0.21340279817660757,-1.9625901457032462,326.0691119922324,448.7024771649244,6.529104159656198,351.38679238348044,221.0026425153217,-4.970586192634244,315.82653180333494,39.17907622018546,31.1423685420834,-6.3445909114442305,23.755161011781823
47698126,156.397000,-24.322633,81.497413,1027.13,1062.54,1170.14,1029.29,-0.01,0.01,1.0,0.34,0.39,1.0,1400.06,-0.24552560661251177,1.1381804650507295,0.024746669195432416,-0.22830202023897372,0.21806432851129395,-2.1445759881417086,326.07959863860594,448.692439240153,6.538804563450743,351.03922457144887,220.97096209203582,-4.960679646963077,315.30472341776334,39.09599118232309,31.073146469720694,-6.254989331593348,23.62576742962088
47698225,156.500000,-23.823963,77.609662,1027.01,1062.56,1169.4,1029.52,-0.01,0.01,1.0,0.34,0.34,1.0,1400.07,-0.2421906114647447,1.1059191253573613,0.02338789595490265,-0.23210395083191393,0.09573898212779644,-1.0222912667435107,326.0445374278708,448.7482650597866,6.574277106173148,350.73570445126984,220.92010787606483,-4.8944570461939945,315.0418304706593,38.999304288538944,31.00467918926551,-6.185361992650422,23.471461340678736
47698326,156.597000,-23.762584,75.690612,1027.03,1062.25,1170.13,1029.44,-0.01,0.01,1.0,0.32,0.42,1.0,1400.05,-0.24108242876040942,1.0948187678599282,0.024700195484762766,-0.247986538135144,0.18654201573135779,-1.9151772274613128,326.04962289132396,448.7495792728308,6.59501665543326,350.67240305122044,220.8968161864883,-4.84799261113008,314.78869156670686,38.87655893814342,31.17331500899368,-6.167701719344152,23.487758314653906
47698425,156.697000,-22.699357,70.032044,1027.1,1062.21,1169.52,1029.33,-0.01,0.01,1.0,0.32,0.38,1.0,1400.08,-0.2377577534520471,1.0611269615093986,0.02408989068657378,-0.24601720730130675,0.12722370130238933,-1.3372848992847612,326.0374374874486,448.7495301422473,6.58421999526111,350.9562869395026,220.94925068267693,-4.893402782663021,315.52645320947624,38.821307810761375,30.604762403089516,-6.242708168385959,23.493827514348474
47698525,156.797000,-21.759682,66.031545,1027.13,1062.18,1169.2,1029.48,-0.01,0.01,1.0,0.33,0.36,1.0,1400.18,-0.23560278298722284,1.038821817643386,0.0225191819891865,-0.23563070998704178,0.05318282811686344,-0.6362545825968182,326.04396081121916,448.74669892871,6.5849289825898865,351.11161971012706,220.96680055934624,-4.797705803815341,316.8926288481296,38.58474538800589,30.401659422201313,-6.280248577356479,23.186936803591898
47698625,156.897000,-20.995358,62.224469,1027.18,1062.16,1169.48,1029.49,-0.01,0.01,1.0,1.0,1.0,1.0,1400.02,-0.23355900754879827,1.0169174192098231,0.021800550243281154,-0.23256162570298344,0.10267211052888392,-1.1801516062365354,326.04358313465093,448.7560192408746,6.574884591839031,351.06176843306196,221.02828501078633,-4.7848756251537115,316.55220623931405,38.62484225017655,30.47903909824373,-6.269376939544829,23.252120345369924
47698725,156.998000,-20.099211,58.549115,1026.46,1059.42,1164.97,1029.1,-0.01,0.01,1.0,0.8,1.0,1.0,1400.09,-0.23163859643079984,0.995604637166542,0.020068782751567312,-0.2250553573778221,0.0860577510287559,-1.0181581792193597,326.03927051922807,448.74829125964567,6.573042925480142,350.7261704600907,220.90554253281263,-4.815904661262532,315.95250326042185,38.53072145386506,30.373511995118765,-6.18390834595473,23.162908704532555
47698826,157.099000,-19.139587,55.030237,1025.87,1057.15,1160.05,1028.92,-0.01,0.01,1.0,0.64,1.0,1.0,1400.02,-0.22982585796039506,0.9750880950554952,0.01906820396818947,-0.21595719970638066,0.1069535712111373,-1.198282031826073,326.04841069584984,448.7529291842906,6.573078676712595,349.9347449567817,220.84111648212178,-4.255261657172829,317.0317787817144,37.69495618315721,28.85169913483737,-5.983051017532282,22.15088025732665
47698925,157.198000,-18.645420,53.268580,1025.53,1055.3,1155.63,1028.82,-0.01,0.01,1.0,0.51,1.0,1.0,1400.06,-0.22894081738958774,0.9651090249030623,0.018881612695622163,-0.21250860510523092,0.10494638858789074,-1.1524415171034605,326.08058485777354,448.6995099200245,6.514958111730462,349.601492402478,220.797937898495,-4.083622075167664,318.23052653969035,36.91373675942231,27.752223207209767,-5.892430722322959,21.466412545240864
47699025,157.297000,-17.344722,47.927054,1025.5,1054.18,1150.95,1028.72,-0.01,0.01,1.0,0.43,1.0,1.0,1400.03,-0.22628156581706563,0.9358845218761536,0.02022621206102928,-0.21762376693683394,0.15026716331096518,-1.535026993240521,326.0849623945734,448.76082462268613,6.609761173126487,348.819422188538,220.72566450965468,-3.5931141669600226,319.42844167666107,36.100339560476726,26.351797791890718,-5.693413450855741,20.431990737225746
47699126,157.398000,-16.181262,44.461207,1025.64,1053.46,1146.61,1028.71,-0.01,0.01,1.0,0.38,1.0,1.0,1400.15,-0.2244463759782852,0.9166850481426617,0.020201845498213775,-0.20737979885791435,0.10657266142433341,-0.9871885064661836,326.03458526110643,448.75354703367884,6.5836254234933875,348.0499662079332,220.60437929080703,-3.4776801836222853,319.4724680656277,35.514454565051985,25.324127740234765,-5.511723139023279,19.800488514770652
47699226,157.498000,-15.153846,41.183966,1025.99,1053.3,1142.05,1028.69,-0.0,0.01,1.0,0.38,1.0,1.0,1400.11,-0.2225102793819879,0.8975736991507886,0.0213714319874427,-0.2053465495499507,0.12323148685043889,-1.0334632481002175,326.10373043819015,448.6842194383538,6.565450511161739,346.9960873125743,220.4853547043649,-2.7953448621949764,319.44392804783007,34.91226844144501,24.118047918096792,-5.23103413399153,18.907118358439618
47699326,157.598000,-14.080817,37.859684,1026.16,1053.03,1137.85,1028.58,-0.0,0.01,1.0,0.37,1.0,1.0,1400.11,-0.22038093677913984,0.8783574902577777,0.023936044229409356,-0.2077801650044926,0.14588436124766677,-1.0613878983427396,326.04042786835925,448.75218285169785,6.583070256258437,346.05889303454086,220.28359030482255,-2.639578171761901,319.3537715008622,34.37469663291046,23.282982819099345,-5.007479498092314,18.18936655260653
47699426,157.698000,-12.935348,34.629659,1026.21,1053.01,1133.65,1028.46,-0.0,0.01,1.0,0.38,1.0,1.0,1400.01,-0.21798538770715145,0.8589018467545283,0.02651850311693627,-0.20728787413741082,0.1465707521974851,-0.9500390402599693,326.034260569637,448.7553434673901,6.593128474727242,345.5925954638401,220.29259490614658,-2.341523995541468,320.20541706311724,33.823899905533935,21.93170200688279,-4.893070970240796,17.539129387560916
47699526,157.798000,-11.949810,31.584538,1026.53,1052.61,1129.49,1028.48,0.0,0.01,1.0,0.35,1.0,1.0,1399.95,-0.215316218917051,0.8391590757196392,0.029710995878594857,-0.21354156684554307,0.17803932636205383,-1.1359882439449362,326.0474097379374,448.77771959951883,6.492840881940502,345.4679823705711,220.32867866216998,-2.322726496046202,322.2813855502679,33.25258205878064,20.566196848114398,-4.859061562857845,16.783448782338112
47699626,157.898000,-10.989109,28.588121,1026.75,1052.46,1125.44,1028.55,0.0,0.01,1.0,0.35,1.0,1.0,1400.04,-0.21242932624220937,0.8191175564802742,0.031692817623510804,-0.2164941465826889,0.17821873837429256,-1.1419356749450102,326.049149912523,448.7670090959217,6.482715281225299,345.7043642003681,220.3866222656219,-2.153662543286516,324.81635789046453,32.748907099845624,19.311849909845954,-4.918954155960917,16.189975323006546
47699726,157.999000,-10.016856,25.625107,1026.87,1052.37,1121.35,1028.47,0.0,0.01,1.0,0.35,1.0,1.0,1399.96,-0.20941044787237165,0.7988057025523216,0.0316774086002811,-0.21218555235440875,0.1226829750826072,-0.8121287991414794,326.04088145246664,448.74650412653267,6.567879778447819,345.80268357682155,220.33972890101649,-2.1927226020752077,327.46438457084656,32.21789110205299,16.687405153585605,-4.944928574198754,15.457514086501657
47699827,158.099000,-9.258195,22.718918,1027.04,1052.24,1117.33,1028.48,0.0,0.01,1.0,0.35,1.0,1.0,1400.02,-0.20634565063282026,0.778204607248313,0.032516875738468676,-0.21939808880416425,0.13132620171081003,-0.9107554624510948,326.0486010438196,448.7693928896302,6.469263582395387,345.87406686095136,220.32649549096834,-2.36093969843761,329.5909035871705,31.783984010066387,16.58461599913648,-4.959999053661067,14.856006041510351
47699927,158.199000,-8.448892,19.936571,1027.1,1052.21,1113.49,1028.49,0.0,0.01,1.0,0.35,1.0,1.0,1400.1,-0.2032979590245394,0.7573731452050142,0.03157126999711958,-0.21782633584908212,0.06975288988870358,-0.5385494047935565,326.03121946789656,448.75194296387474,6.581376080335931,345.7102831910318,220.37678874012767,-2.2297998763373372,331.3114563220334,31.392831348433084,15.268745008077168,-4.925005712437646,14.207001249826158
47700027,158.299000,-7.763164,17.334397,1027.23,1052.06,1109.68,1028.5,0.0,0.01,1.0,0.34,1.0,1.0,1400.11,-0.2002946881667489,0.7362638427875718,0.03130702745109797,-0.22261756535904823,0.11545999404061727,-0.8867212999618302,326.0355682795539,448.7440458410726,6.577589110496182,345.5488516781303,220.3211217598788,-2.348127488081216,332.99980402299786,31.07987607582893,14.070233397438352,-4.882701610884954,13.559271362772389
47700126,158.399000,-7.137885,14.931798,1027.14,1051.93,1105.82,1028.63,0.0,0.01,1.0,0.34,1.0,1.0,1400.05,-0.19735416755588564,0.7149183834411297,0.031175102453247675,-0.22917030079305847,0.1477077862094316,-1.1573450756846075,326.03562691246805,448.7445417027693,6.561635094519604,345.53128107684,220.33905495129335,-2.3208875877114834,333.97583353895317,30.89387108479534,13.283082010011132,-4.878682273242343,13.247868193760175
47700227,158.499000,-6.513752,12.725211,1027.15,1051.85,1102.21,1028.65,0.0,0.01,1.0,1.0,1.0,1.0,1400.12,-0.19450306733900555,0.6935256725823219,0.030649916217092954,-0.2329983777951406,0.15138259607981983,-1.230142236723131,326.0382151113129,448.7483934594678,6.600626606756939,345.6036542536586,220.3069101828047,-2.331847026045408,335.0274201344329,30.74642540549533,12.82956461667202,-4.895293104647369,12.98400476583228
47700327,158.599000,-5.905384,10.822402,1026.61,1049.5,1098.91,1028.53,0.0,0.0,1.0,1.0,1.0,1.0,1400.21,-0.19177310108804807,0.6722040301209014,0.028914023939335495,-0.23027466684563141,0.13349572128577988,-1.1847807840399744,326.029083594194,448.74609184898674,6.580749064803993,345.89153011239324,220.3731848680067,-2.3039274759470594,339.57192737640315,30.280005243443128,10.32934288669722,-4.970720026870483,11.845523407286207
47700426,158.700000,-5.393571,9.088588,1025.94,1047.23,1095.35,1028.63,0.0,0.0,1.0,0.99,1.0,1.0,1400.17,-0.18920707216754426,0.6508657615962476,0.026826567774957604,-0.2297495430364323,0.10900064824473422,-1.1118396352496251,326.0299735123684,448.74253733084674,6.5829597752326565,345.77135997393395,220.36451617538518,-2.1706960338393,341.13014029594234,30.034727388704344,9.166758186976113,-4.940464199227795,11.277817508152372
47700526,158.798000,-4.907524,7.497181,1025.51,1045.17,1091.76,1028.61,0.0,0.0,1.0,1.0,1.0,1.0,1400.13,-0.18681985163589662,0.6293941351229223,0.02485083040168122,-0.2299507278899991,0.09992103012416803,-1.0840916180200995,326.0540162701174,448.746728225201,6.567870525780898,345.34000307556846,220.35606423442476,-2.099910981801405,341.7107184021813,29.847358186677596,8.200575219388037,-4.82677510352125,10.744931008570113
47700626,158.898000,-4.395853,6.028812,1025.25,1043.3,1088.36,1028.42,0.0,0.0,1.0,0.92,1.0,1.0,1400.17,-0.18457580646610328,0.6078324875615151,0.02344296561262935,-0.22961679242751512,0.09096759011753275,-0.9916509067272496,326.04850345664784,448.7771432052321,6.491094887311244,344.66678890931985,220.25220631727373,-1.7775146542911586,341.94196286464165,29.6305004427321,7.19646859310102,-4.657689983634181,10.134333923395053
47700727,158.998000,-3.855449,4.643906,1024.98,1041.67,1085.1,1028.48,0.0,0.0,1.0,0.86,1.0,1.0,1400.15,-0.18240885946402113,0.5862183655625797,0.0228613076350762,-0.2295285814456796,0.09943309956691396,-1.0227219174161153,326.04089984680576,448.75011298313296,6.581932985399451,343.7876593806972,220.21613739286738,-1.054248951737412,341.46149016691606,29.474046165961358,6.497778280459287,-4.440380886254875,9.579470016142489
47700826,159.099000,-3.300610,3.408970,1024.99,1040.37,1082.02,1028.42,0.0,0.0,1.0,0.77,1.0,1.0,1400.07,-0.18023968474690433,0.5645920145825197,0.023204660370757094,-0.22900740461903776,0.10509300339074551,-0.9602366726787014,326.0336647591737,448.74728796493184,6.56870027984915,342.64231440192344,220.10474906915624,-0.6412600326724103,340.2451596052179,29.2921727943603,6.068632137975644,-4.15468207646448,9.0291260807208
47700926,159.199000,-2.742543,2.262828,1024.94,1039.27,1078.83,1028.45,0.0,-0.0,1.0,0.71,1.0,1.0,1400.08,-0.17796772088981133,0.5429851446455035,0.02493732738789212,-0.23075076538673378,0.12999343752159653,-1.0271065631945544,326.0344023238605,448.7436572016466,6.566441207403112,341.47834014849616,219.99766828385714,0.06108890848978648,338.90340678705434,29.08154359142405,5.585657506943763,-3.862500942775571,8.497717493810368
47701026,159.299000,-2.148784,1.213566,1025.0,1038.13,1075.78,1028.26,0.0,-0.0,1.0,0.63,1.0,1.0,1400.1,-0.1754957477422159,0.5214345802893144,0.027228686245426084,-0.2285905564023149,0.16729981516668413,-1.1854407735595418,326.0360830592375,448.7413066342164,6.577572991723634,340.6061015050055,219.88309103171815,0.2376913149077034,337.84333466408646,28.955779150036502,5.268655965260103,-3.6427595748128074,8.114545815467272
47701126,159.399000,-1.586116,0.212693,1025.06,1037.24,1072.95,1028.18,0.0,-0.01,1.0,0.76,1.0,1.0,1400.02,-0.1727651379523311,0.5000121259244011,0.030401170513796826,-0.228961940768712,0.18607762162994063,-1.1639956732233503,326.0289936794393,448.7447581149976,6.578234505701103,339.69996266562936,219.88726985899112,0.5865033055804284,337.36031556458306,28.894911824079504,4.516026357912612,-3.418542847733063,7.538921104422022
47701227,159.500000,-1.080457,-0.641448,1025.24,1036.39,1070.27,1027.94,0.0,-0.01,1.0,0.71,1.0,1.0,1400.05,-0.1697537518018216,0.4787795389186804,0.03373684654204986,-0.22905135993908132,0.19602793061807655,-1.1119655927624297,326.0429059037079,448.76964717701736,6.486345268504998,339.0216090999439,219.82143544074722,0.9490281693279496,336.8341315653731,28.658857713367038,3.9775616738485517,-3.2445323737838336,7.14467298395891
47701327,159.599000,-0.591699,-1.425182,1025.32,1035.41,1067.7,1027.59,0.0,-0.01,1.0,0.74,1.0,1.0,1399.99,-0.16645826639728334,0.45778577959128075,0.03662445966440129,-0.22485425752839422,0.2126905242116459,-1.099088354570626,326.0299599239422,448.7468371118437,6.57359285734346,338.4364198741537,219.76628728178613,1.3232272195565593,336.5949416022232,28.610975508278283,3.4870307523517545,-3.1013264480392,6.754589791855644
47701427,159.699000,-0.158930,-2.121494,1025.54,1034.49,1065.09,1027.18,0.0,-0.01,1.0,1.0,1.0,0.21,1400.22,-0.16288369432043218,0.43707176714834556,0.03922802777486484,-0.21994048811846256,0.19407452223206917,-0.9057829356415426,326.03027016118705,448.7480038895745,6.602552644336203,337.9419759886469,219.68298881357302,1.466662338467483,336.5744297772145,28.50102269226035,2.9536970987545086,-2.9767805516299353,6.36339729986236
47701526,159.799000,0.228760,-2.770917,1025.5,1033.49,1062.74,1026.3,0.0,-0.01,1.0,1.0,1.0,0.35,1398.93,-0.15905940126673215,0.41669111692949184,0.041337445329414246,-0.21402882005644835,0.2277130294942125,-1.0285516231119698,326.04385931875635,448.77268323267856,6.4884305967127975,337.52586576237263,219.65913850427,1.5634505588342837,336.68813245858746,28.465693702371365,2.21042513247718,-2.868973069337744,5.9889917514160675
47701626,159.898000,0.548546,-3.369038,1025.57,1032.49,1060.56,1025.16,0.0,-0.01,1.0,1.0,1.0,0.51,1399.04,-0.15502572016536809,0.3967000267959818,0.04465521053863738,-0.21593017327961184,0.20128517991014555,-0.8374416371805347,326.0472396341059,448.77467993284256,6.476099104405571,337.1112960204689,219.691736143305,1.7751654313756564,336.74092974406375,28.396066849881574,1.7281076548778502,-2.7650750127441923,5.641079865540754
47701726,159.998000,0.859200,-3.950113,1025.65,1031.69,1059.85,1031.34,0.0,-0.01,1.0,1.0,1.0,0.01,1398.77,-0.15083260427503098,0.37717577471336283,0.04608837859959147,-0.2099134957809142,0.23918725343420882,-0.9712841678508619,326.03694620358294,448.77847352999424,6.487273736930112,336.42664310980155,219.69298405922905,2.0247336589280436,336.557425384232,28.357573491734687,1.0705405666242092,-2.5967517285375217,5.154340443962116
47701826,160.099000,1.141247,-4.490108,1025.69,1030.87,1057.25,1027.95,0.0,-0.01,1.0,1.0,1.0,0.39,1397.72,-0.14648798965593712,0.3580843175467021,0.04675671885527585,-0.20115559668037783,0.2277862732281566,-0.8730248940510799,326.0449361198198,448.77025100674274,6.473269298755194,335.6665824395822,219.63954802501053,2.4124318608645074,336.19500378325324,28.25191877159129,0.4732684640549965,-2.4045491633793596,4.650905051769751
47701927,160.197000,1.385177,-4.989622,1025.92,1030.33,1055.64,1028.45,0.0,-0.01,0.28,1.0,1.0,0.41,1397.75,-0.14198098314560606,0.3393599365476415,0.048779107923886185,-0.19843344236405996,0.24905491275583289,-0.9067534386130245,326.02676212501865,448.7423250716198,6.582411502382315,335.10735821438413,219.57442577447125,2.7389258744964238,335.1559011691762,28.050996080011615,0.319850264065591,-2.269112715820597,4.523703415303243
47702027,160.300000,1.606398,-5.443390,1025.63,1029.59,1054.49,1031.69,0.0,-0.01,0.31,1.0,1.0,0.15,1396.47,-0.13732642399875056,0.3210900865897214,0.04989245768297629,-0.191702685241515,0.19288240705416962,-0.6360798950013608,326.02275272202473,448.7386913435384,6.5837719066992895,334.2699362695472,219.5443597926919,2.8755548654463046,334.844058497801,27.93498342571466,-0.49355652020885343,-2.0608058732980528,3.949936003030201
47702127,160.399000,1.606963,-5.710400,1025.22,1028.86,1052.29,1029.37,0.0,-0.0,0.4,1.0,1.0,0.43,1397.05,-0.13494082443301683,0.31211186995225365,0.04866055296893039,-0.18189040335538656,0.16326888496254888,-0.5171832677702921,326.0314583044546,448.7629749289503,6.523004897543372,333.7845882293826,219.56254106861593,3.1155468719703854,334.53060203829966,27.893746546638386,-0.8846967314339351,-1.9373973121538,3.651788959904065
47702227,160.501000,1.439773,-6.402398,1025.92,1028.87,1051.11,1030.81,0.0,-0.0,0.36,1.0,1.0,0.32,1397.18,-0.12757302507769047,0.2857915594532013,0.05082710476293602,-0.1803369981718359,0.3203709765463005,-1.0574019325390862,326.04883402197714,448.77065114795585,6.5019990104641545,333.5836711900237,219.60029490138788,3.1938780320534392,334.6464851173852,27.84891476631063,-1.1882304400413126,-1.883135820914457,3.4487035031875326
47702328,160.600000,1.415691,-6.789423,1026.72,1028.5,1049.89,1031.95,0.0,-0.01,0.29,1.0,1.0,0.31,1396.96,-0.12254673779261815,0.26882374012007676,0.056493874987412464,-0.18801539474068646,0.39695341578149407,-1.2581189579355399,326.0413630908955,448.7681467895265,6.4982494506787205,333.2810254188721,219.61596919596326,3.3224153323940775,335.608747439589,27.914173770086087,-2.470689288552658,-1.8095580593932408,2.9234413943632265
47702427,160.700000,1.452096,-7.138269,1026.44,1028.05,1047.82,1030.36,0.0,-0.01,0.32,1.0,1.0,0.46,1396.56,-0.11749259265057975,0.2522880126433522,0.05491109057871302,-0.1780601856006336,0.3107999057249451,-0.9713083703147971,326.02628090647517,448.7333523194557,6.590429314390484,333.343510624906,219.6151392114949,3.4028220102121565,336.63129428517396,27.893153105344208,-3.0867643129447178,-1.829203915490025,2.675955744986479
47702527,160.813000,1.533341,-7.419895,1026.27,1027.84,1047.11,1034.15,0.0,-0.01,0.34,1.0,1.0,0.21,1396.72,-0.11248337601277741,0.23621526201119103,0.052666898694071616,-0.1680738859178526,0.33572958187173607,-1.0514160470937648,326.0353658934931,448.7777987963732,6.492129464419814,333.14241246636215,219.6228851135085,3.427350222516088,337.055679393855,27.861256960118393,-3.3664024225542883,-1.776410909424148,2.3837528819751426
47702627,160.899000,1.643729,-7.633369,1026.15,1027.58,1045.18,1031.75,0.0,-0.01,0.37,1.0,1.0,0.44,1397.44,-0.10757706385745516,0.22064254450550352,0.0550243610307834,-0.17427783676574798,0.4300236109633124,-1.3551718217281645,326.03046989939895,448.73599657463956,6.564123494403834,333.06175463226236,219.5835222282228,3.385841185690684,337.69860724022544,27.771207872973932,-4.355226047450227,-1.7575048249727512,2.1302166414957115
47702728,161.001000,1.772622,-7.798695,1026.5,1027.71,1044.52,1034.09,0.0,-0.01,0.36,1.0,1.0,0.28,1397.49,-0.1028047339490167,0.20553610139535658,0.05035363100125931,-0.15943591822723524,0.18112529216918583,-0.5757799246576496,326.0246451258519,448.74198961573154,6.559966558573113,332.9560323617451,219.5543204100611,3.5198173671319912,338.1778683926362,27.75184039476004,-4.778578596272732,-1.7322843791279734,1.905072350298715
47702828,161.098000,1.909083,-7.909895,1026.7,1027.67,1043.15,1034.24,0.0,-0.01,0.36,1.0,1.0,0.27,1397.48,-0.0981989730243428,0.19091511011489307,0.04798264420494897,-0.15265481328771982,0.2546726922940053,-0.819325509468027,326.0281124732168,448.7430975947416,6.578965019419512,332.6779394630433,219.46972933194544,3.7292752865540213,339.26674746510633,27.8077592999977,-5.712600279006562,-1.6613365953688157,1.3537782531589173
47702931,161.207000,2.044018,-7.971277,1026.76,1027.49,1041.47,1033.24,0.0,-0.0,0.36,1.0,1.0,0.36,1396.83,-0.09377823752916167,0.17674837263279985,0.047770639718314044,-0.15397087607340537,0.2568973515084838,-0.8519344265583342,326.070133752518,448.68316365350654,6.507916289162715,332.76504488189664,219.48415791831988,3.7276990661591434,339.3822313229243,27.807090218906968,-5.77142980916485,-1.6731360161348388,1.369059275452613
47703029,161.303000,2.185340,-8.008817,1027.07,1027.61,1040.06,1032.63,0.0,-0.0,0.38,1.0,1.0,0.45,1397.25,-0.08956311163026351,0.16302365671835664,0.043636148770630906,-0.14302686565533304,0.30917963534258025,-1.0258379102528608,326.03434320823595,448.76762570429537,6.468752175615232,332.64217074854105,219.466352805445,3.757995237246037,340.0317603102602,27.876973395288676,-6.126122909194301,-1.6506488447468588,1.0924981673648055
47703128,161.401000,2.335461,-8.011595,1027.43,1027.66,1039.75,1035.88,0.0,-0.0,0.36,1.0,1.0,0.18,1397.35,-0.08557728453054823,0.1497755806644194,0.0418867884118641,-0.14044693125878302,0.2085693658102096,-0.7304975639692504,326.02974278201066,448.74394902369215,6.562285513558665,332.63841700154444,219.4647394346627,3.8223849044932985,340.22654115929464,27.825510700154634,-6.382894980390294,-1.6510190026345906,1.034545641409808
47703229,161.499000,2.494520,-8.000321,1027.77,1027.68,1038.18,1034.15,0.0,-0.01,0.34,1.0,1.0,0.33,1397.8,-0.0818349052607865,0.13703974663393692,0.041042405825927636,-0.13925017355737726,0.23599761192715332,-0.8314798442656921,326.0329973162754,448.74300069522207,6.575397513424139,332.3727319221266,219.4977424920171,3.851015134234175,341.00047732360895,27.896283115131325,-7.200218320020253,-1.5841002812648415,0.5899337219717857
47703329,161.602000,2.637943,-7.974896,1027.72,1027.65,1036.91,1033.44,0.0,-0.01,0.39,1.0,1.0,0.4,1398.34,-0.07833138840024038,0.12478610560934253,0.0396485559276947,-0.14026664470905553,0.3991399504415901,-1.4502908496217013,326.0282565334802,448.7371347574515,6.591362741287513,332.42103641921665,219.49101599247254,3.8463419496843154,340.9886042442313,27.861152530324144,-7.2965291373640815,-1.5973417968756352,0.6347548608856219
47703429,161.701000,2.648570,-7.990890,1028.47,1027.8,1036.1,1034.75,0.0,-0.01,0.34,1.0,1.0,0.3,1398.53,-0.07506857504185013,0.11303091906852686,0.03663478319814545,-0.13346701812889397,0.29961044703591516,-1.1290470655252285,326.0358161409887,448.7491164755018,6.56997692383227,332.22503485739634,219.49500949907238,3.8799759235154054,341.2907838464299,27.907090748108022,-7.494916908110037,-1.5464499172103008,0.38374157396440634
47703529,161.800000,2.655465,-7.996676,1028.5,1027.58,1035.17,1034.23,0.0,-0.01,0.36,1.0,1.0,0.34,1398.61,-0.07203628109109536,0.10177663416097527,0.031539588348645106,-0.11835988108835843,0.13884240713123408,-0.5535716392508641,326.03094656607203,448.7774597764428,6.5023751256205955,332.0712246017911,219.44998614455557,3.8451019072043073,341.3439515848234,27.893266720027622,-7.777732894074494,-1.508770122595953,0.24617454732501365
47703629,161.900000,2.651881,-7.971489,1028.55,1027.63,1034.06,1033.7,0.0,-0.01,0.36,1.0,1.0,0.4,1398.96,-0.06921933830000433,0.09101622678650141,0.029301304913571094,-0.11311629827911975,0.16875791896463443,-0.6796344012827333,326.0204681731451,448.73637172364084,6.589613249612112,331.81349240444996,219.36421872718788,15.3763876648,341.18684733781873,28.001853506678,-8.06627382583676,-1.4437603525120768,0.08328705142472792
47703729,162.001000,2.639496,-7.920331,1028.73,1027.59,1033.61,1035.46,0.0,-0.0,0.35,1.0,1.0,0.26,1398.9,-0.06659211833299468,0.08073509116272604,0.028980104401658976,-0.11417735792670297,0.20404876043408407,-0.8197338151538228,326.03176732976334,448.7713799895347,6.493197131236739,331.262389347085,219.49697618731741,4.07664058421607,340.60369291468135,27.972093074934808,-8.22256246020506,-1.3069081565128915,-0.17847609048690716
47703829,162.103000,2.625877,-7.869368,1028.71,1027.6,1032.59,1034.41,0.0,-0.0,0.36,1.0,1.0,0.34,1399.26,-0.0640976032803598,0.07089028296449863,0.026831186771953446,-0.10570136861886083,0.1871108630516292,-0.7296760903352854,326.0418135570138,448.7437937007244,6.559175733974489,330.51072254425475,219.42899684892586,4.586124751969675,339.23574176936745,27.88993765465268,-8.287508975810098,-1.1164443822001044,-0.37525518740778585
47703929,162.201000,2.605844,-7.800461,1028.85,1027.57,1031.85,1033.89,0.0,-0.0,0.35,1.0,1.0,0.39,1399.52,-0.061664824465241075,0.06142133173657406,0.027568983337661553,-0.10610115273810751,0.21556364924880753,-0.7938854142544761,326.03448457739086,448.7362846069417,6.553070378617205,329.95454621885233,219.44575930706728,4.814687335096674,338.12732569482637,27.884360459011084,-8.168518191725385,-0.9794609174553349,-0.48406494740925665
47704029,162.301000,2.590041,-7.749433,1028.99,1027.53,1031.47,1035.2,0.0,-0.0,0.35,1.0,1.0,0.28,1399.34,-0.05925157807344772,0.05239315889371593,0.025803899141438918,-0.0948047627924546,0.15049164131736817,-0.5098679971716534,326.0305212805867,448.73696168131045,6.560472665358889,329.71492705847254,219.29361083458585,4.620583148284585,337.9323916611804,27.869078759639,-8.38359385017404,-0.9548989151814152,-0.4087024322258468
47704129,162.402000,2.572419,-7.692682,1029.02,1027.48,1030.77,1034.47,0.0,-0.0,0.35,1.0,1.0,0.34,1399.51,-0.0568549296364645,0.04384081018961217,0.026048455684325816,-0.09145706730838488,0.17488336400082571,-0.5792352487437421,326.0296946252307,448.7355378647577,6.566429960232598,329.85038865643537,219.38328213424575,4.907418932831879,338.49411279765184,27.851913068327125,-8.549664449149654,-0.9543808305177784,-0.6752176876398057
47704229,162.501000,2.555937,-7.638883,1029.15,1027.43,1030.15,1034.24,0.0,-0.0,0.34,1.0,1.0,0.36,1399.76,-0.05450124195483354,0.03573406615547877,0.026040993792031574,-0.08889596763785249,0.2117998423370773,-0.706216325649746,326.0383388938837,448.76633979735664,6.477455710578342,330.2379562221634,219.43178422063602,4.978734839188722,339.2295194414401,27.84431341309455,-8.923990562719418,-1.049093788102316,-0.5888403174996335
47704330,162.602000,2.541995,-7.592355,1029.18,1027.44,1029.68,1034.65,-0.0,0.0,0.35,1.0,1.0,0.33,1399.72,-0.052253216763738154,0.028117993476898143,0.024781635146657103,-0.08370795108694586,0.2078736821617295,-0.6975741730597251,326.03958985945025,448.7425290848347,6.578624294031108,330.30899935208083,219.41929482721883,4.995418443640044,339.9199473349937,28.024266166237652,-9.328421727509516,-1.051671848674438,-0.819013406080789
47704431,162.703000,2.526625,-7.540760,1029.19,1027.54,1029.36,1034.03,-0.0,0.0,0.35,1.0,1.0,0.38,1399.75,-0.050145576776112116,0.020975765023618278,0.023337006145341177,-0.07931936260196323,0.19117352473621732,-0.6553669865313874,326.02929263179317,448.7408026291006,6.555755118047357,330.14290180887286,219.49373484665784,4.839992603584955,339.8017289168104,28.002230344242783,-9.302312445500093,-1.0280050904733464,-0.8315404595452907
47704533,162.803000,2.509263,-7.484313,1029.15,1027.51,1029.3,1035.18,-0.0,0.0,0.36,1.0,1.0,0.28,1399.75,-0.04818524698384729,0.014294559085306226,0.02106931867073336,-0.07185998876605883,0.12638602300927373,-0.4311522763648537,326.03142027230984,448.74527902719564,6.57301425217759,329.82863584081485,219.36338652201584,4.866471312454456,339.117388066122,27.875921750287535,-9.28583228101395,-0.9483946320318146,-0.8803609251340241
47704631,162.904000,2.489451,-7.421653,1029.39,1027.53,1029.06,1034.8,-0.0,0.0,0.34,1.0,1.0,0.31,1399.85,-0.04634453441234128,0.008055225218464338,0.0197952473831932,-0.06674511840869538,0.13595685746642752,-0.4491474173823166,326.04600017962554,448.7431371467367,6.579658449583857,329.70400322637073,219.30601759138094,4.630418116963503,339.29341213423834,27.92891408258289,-9.575868491709347,-0.9134109626276695,-1.0417214388027507
47704732,163.003000,2.504948,-7.465536,1029.46,1027.59,1028.91,1034.63,-0.0,0.0,0.34,1.0,1.0,0.33,1400.0,-0.0454618837628287,0.0050942687517248906,0.01867622642056729,-0.06255041543112755,0.11374923936671288,-0.3736273933798771,326.033925572796,448.74201248071216,6.5528697293504115,329.950160692291,219.47418639070688,4.80412081459358,339.69416684312455,28.045585009170473,-9.67254167085434,-0.9786018746009526,-0.9567234379854428
47704831,163.108000,2.470543,-7.358119,1029.58,1027.52,1028.68,1034.66,-0.0,0.01,0.33,1.0,1.0,0.33,1400.09,-0.04298018863833201,-0.0031600099548946816,0.01966249376000209,-0.06525043325862705,0.24515822449487154,-0.8139779380956426,326.03187788135557,448.7384255592383,6.540689707697482,330.18238312273223,219.45958376532764,4.946665933322432,340.3565217095467,28.133489098095275,-9.81555062753923,-1.037079829005379,-0.969788216316231
47704931,163.203000,2.436477,-7.253000,1029.48,1027.59,1028.77,1034.53,-0.01,0.01,0.34,1.0,1.0,0.33,1399.95,-0.04150034393921614,-0.008116499028832403,0.015727701181496828,-0.05315948125797112,0.09335061062580555,-0.3289172570785549,326.04868039997,448.74489438862986,6.577826358108462,330.1109510674808,219.43461823615883,4.981936052383733,340.4479508454087,28.10630587282564,-9.862547772727282,-1.0148983513080747,-1.062747152646418
47705032,163.305000,2.422078,-7.206122,1029.53,1027.53,1028.63,1034.55,-0.01,0.01,0.34,1.0,1.0,0.33,1400.1,-0.040182332378273074,-0.012649144674253576,0.013999765463428739,-0.048653864661886495,0.09754909482667438,-0.3509689302345807,326.03046223993516,448.7430262442349,6.5781128222769665,329.96901020174886,219.49035631089743,4.814598294760498,339.89922775737404,28.043727336459195,-9.7265005121485,-0.9842414406173057,-1.0007526266227607
47705131,163.403000,2.412579,-7.174831,1029.49,1027.52,1028.62,1034.58,-0.01,0.01,0.35,1.0,1.0,0.34,1400.12,-0.03900107720570793,-0.01679637687596374,0.012872130538170776,-0.04533458433132699,0.09745529955901654,-0.34487009517562345,326.02612423311734,448.7681783003867,6.491015442705973,329.7135533489115,219.29710889393826,4.742978273784759,339.5095384856115,27.985923450832736,-9.672667544047743,-0.9206212522415212,-1.0899966913706998
47705231,163.505000,2.404684,-7.149812,1029.6,1027.48,1028.65,1034.58,-0.01,0.01,0.34,1.0,1.0,0.34,1400.14,-0.037932851699327697,-0.020543328911774714,0.011444829669389452,-0.03997179414653432,0.08915342450586457,-0.3065626554837018,326.02594949127183,448.74456898536744,6.575508183431463,329.80857740908704,219.35952443330513,4.910941747763033,339.3844729052447,27.894238522031696,-9.539503975770081,-0.944738894317295,-0.9737128573168325
47705332,163.604000,2.394973,-7.119371,1029.59,1027.44,1028.62,1034.72,-0.0,0.0,0.35,1.0,1.0,0.33,1400.06,-0.036957534275635216,-0.023915750393731554,0.011033420881808947,-0.03791371997759983,0.11967949988136854,-0.40593475229602166,326.0403108778566,448.74759304219424,6.5730126140826695,329.824585571465,219.35789301199316,4.873300330275143,339.5571012456171,27.99390499167062,-9.718555741119765,-0.9451309355813907,-1.0212160499342897
47705432,163.705000,2.385402,-7.089613,1029.62,1027.49,1028.6,1034.78,-0.0,0.0,0.34,1.0,1.0,0.31,1400.12,-0.036082740666627276,-0.026903572589727236,0.00989808069369457,-0.03371198972718758,0.1087368828635452,-0.3688231962328503,326.0281145261964,448.76742722984244,6.474596014415887,329.9922687455856,219.54356436436262,4.677903253657051,340.10252927330475,28.062839802782868,-9.864243602108578,-0.9907636332687133,-1.040906666509748
47705532,163.805000,2.374586,-7.055682,1029.72,1027.52,1028.68,1034.79,-0.0,0.0,0.34,1.0,1.0,0.31,1400.2,-0.03531654382779051,-0.029534326514880537,0.008435795729217004,-0.029233421606861938,0.08225553128867834,-0.29281488351247714,326.0318851846707,448.740616981063,6.58060879718961,330.01094416510585,219.46987081594142,4.815895516644015,340.4572311913725,28.133710873241352,-9.858507114554468,-0.9942847222841921,-1.136477730392363
47705632,163.905000,2.363943,-7.022017,1029.83,1027.55,1028.43,1034.7,-0.0,0.0,0.33,1.0,1.0,0.31,1400.2,-0.034666540837075405,-0.03184541682179469,0.006876299744720217,-0.02493619129559443,0.054330032021208355,-0.20959998740496738,326.03198611064096,448.7390197288066,6.562899614122617,330.00771942364815,219.45115188089522,4.920368151690741,340.10813038184114,28.064403170467575,-9.737194689174984,-0.9933797036277311,-1.0342153807005692
47705733,164.005000,2.354156,-6.991412,1029.78,1027.42,1028.65,1034.68,-0.0,0.0,0.34,1.0,1.0,0.31,1400.27,-0.0341229244138145,-0.03386287825057482,0.005885329741461185,-0.02204031070515597,0.04191860696869661,-0.16015165238068207,326.03297454184093,448.7714875610897,6.471549667528478,329.8054440272612,219.35708177869063,4.871581464788979,339.71645646943966,28.03724481432766,-9.862739326257973,-0.9420816452861798,-1.0813004169712719
47705833,164.104000,2.346392,-6.968108,1029.8,1027.49,1028.58,1034.62,-0.0,0.0,0.34,1.0,1.0,0.32,1400.26,-0.033657179405161795,-0.03560179649763087,0.004733245737059162,-0.017604385163411736,0.020813707794713403,-0.07515762133985061,326.0315888338012,448.75823534129455,6.472495876946036,329.68910393978194,219.3165164063147,4.764191119710365,339.4573358711333,27.927533662209658,-9.639682927116795,-0.9132708387859758,-1.0952213020098176
47705933,164.205000,2.339426,-6.947338,1029.9,1027.45,1028.66,1034.56,0.0,0.0,0.33,1.0,1.0,0.32,1400.18,-0.03325166931814454,-0.03707919127194396,0.004165411689291323,-0.01494040905918158,0.01737486492355082,-0.05613103538059721,326.0458830728708,448.73807212169163,6.535395633252023,329.831112299149,219.4489878386722,4.901681719981868,339.5700567704374,27.98846200297298,-9.71961971610597,-0.9457840569059984,-1.0203632087409946
47706032,164.307000,2.333777,-6.930571,1029.84,1027.43,1028.59,1034.61,0.0,-0.0,0.34,1.0,1.0,0.32,1400.27,-0.032895980844094494,-0.038324144981152344,0.0034260931044194426,-0.011849232045799196,0.008071283528531564,-0.025132104077633107,326.02677940428106,448.74438465528397,6.548699079586541,329.94019633664476,219.50421885500762,4.739793344402232,340.183748109869,28.07051049381909,-9.833202249224339,-0.9780157643767464,-1.106924749254989
47706132,164.405000,2.328291,-6.913395,1029.77,1027.5,1028.59,1034.73,0.0,-0.0,0.34,1.0,1.0,0.31,1400.13,-0.03260740409057632,-0.03933890115232639,0.002860425456956904,-0.010317222533045083,0.009953997035542958,-0.04392409332307759,326.02961937195795,448.74231394393075,6.577958318737722,329.98451046971127,219.4924866247319,4.79558912323369,340.2097797465458,28.063276286488612,-9.850968059264131,-0.9883370272651093,-1.0808976048365504
47706233,164.506000,2.322965,-6.896619,1029.88,1027.53,1028.56,1034.67,0.0,-0.0,0.34,1.0,1.0,0.31,1400.18,-0.03238846376569948,-0.04017370040285282,0.0021567095733533857,-0.008562649603764468,0.01434176546016767,-0.06541770568940028,326.029747555054,448.7365015950586,6.582060312928115,329.8832954294748,219.47267688491272,4.650011453630737,339.89645612181675,28.05390037003961,-9.861753030363952,-0.9629571537401297,-1.068511950176256
47706336,164.604000,2.317479,-6.879759,1029.9,1027.59,1028.62,1034.59,0.0,-0.0,0.34,1.0,1.0,0.32,1400.13,-0.03222754023825471,-0.04084782312664467,0.0016749741187265935,-0.007182248051537552,0.012959783538223189,-0.058293107854787474,326.0373276785022,448.73884299612087,6.559056127321889,329.8498696463176,219.4459182692286,4.924848927578652,339.6329945907418,28.01741910256884,-9.750824624937055,-0.9525912613097411,-1.0204243447388945
47706433,164.711000,2.312570,-6.865589,1029.93,1027.61,1028.64,1034.72,0.0,-0.0,0.34,1.0,1.0,0.31,1400.07,-0.032109385560565945,-0.04134909977142112,0.001166319468785309,-0.004872239429172013,0.008078490882522696,-0.031398189311984556,326.0305888424326,448.7427688674544,6.552892029609747,329.70310833316836,219.31494099297353,4.75430800739765,339.5372832850684,27.957080465340415,-9.759520454610628,-0.9170722640713233,-1.107785613001253
47706532,164.806000,2.308625,-6.854299,1029.95,1027.46,1028.65,1034.64,0.0,-0.0,0.34,1.0,1.0,0.32,1400.14,-0.032014396143570975,-0.04171515345835161,0.0010455421665861164,-0.003805724280508997,0.00833314874044027,-0.02497993981826358,326.0478320222273,448.7688068812861,6.480600195242065,329.7005102167594,219.29848135989926,4.6180730982467635,339.5357097913904,28.00497473700334,-9.659508231632092,-0.9119495984333877,-1.119324996220269
47706633,164.904000,2.306503,-6.848401,1030.05,1027.51,1028.63,1034.66,0.0,-0.01,0.33,1.0,1.0,0.32,1400.23,-0.03193486909867778,-0.04197759181742778,0.0007830688182923117,-0.002429597783604626,0.0025931409089105413,-0.004632947497257567,326.04369771597794,448.7417285823687,6.55830582898654,329.91780388286145,219.4546819432544,4.8558671801104385,340.04587971096873,28.051239150000693,-9.933684554404923,-0.9679954299903395,-1.092979225838973
47706734,165.006000,2.305325,-6.844735,1030.05,1027.42,1028.59,1034.57,0.0,-0.01,0.33,1.0,1.0,0.33,1400.2,-0.03188540930905039,-0.04213196179947692,0.0003813559938122255,-0.0012875225435754383,-0.0010650094657866183,-0.0002718211745956355,326.0360993446177,448.74478359549175,6.570229411204437,329.9020482502858,219.4478946989556,4.867120750152524,340.12501232192193,28.086598806702096,-9.912352619446661,-0.965916165022165,-1.126134166180913
47706833,165.106000,2.304239,-6.841078,1029.98,1027.49,1028.6,1034.6,0.0,-0.01,0.34,1.0,1.0,0.32,1400.11,-0.031870891078294855,-0.04220892175581904,3.101021951916134e-05,-0.0006062463599364917,-0.0028287338145602378,0.0011771321965677107,326.022342331252,448.7365731314509,6.584394197719633,329.86749545213524,219.45176892256393,4.904934366063003,339.76135503745695,28.028027562551262,-9.78421895410683,-0.960771893469093,-1.0371927585218335
47706934,165.206000,2.303631,-6.839313,1029.97,1027.6,1028.57,1034.6,0.0,-0.01,0.34,1.0,1.0,0.33,1400.13,-0.0318849283988283,-0.04221613492716942,-0.00024261713661702136,0.00026782162821639623,-0.0036124682556527943,0.009906902516468901,326.04400896916655,448.76761494493155,6.469412469916352,329.709527210949,219.30497903084782,4.710734722908763,339.6434284663652,28.035689313155867,-9.866367998508682,-0.9151854404542074,-1.1427131868925355
47707035,165.307000,2.303566,-6.839597,1030.02,1027.56,1028.63,1034.62,0.0,-0.01,0.34,1.0,1.0,0.33,1400.2,-0.031906767277206316,-0.04216808589260724,-0.00023219400911477569,0.0006805843747125573,-0.0016466989037276193,0.009364495854301678,326.0379280766818,448.74539505781235,6.579004476141034,329.6859116768309,219.34138629105533,4.8519817640528595,339.5787586692906,27.958492755392633,-9.758871392086931,-0.9110409611449385,-1.136982659104319
47707134,165.408000,2.303638,-6.840340,1030.13,1027.44,1028.67,1034.54,0.0,-0.01,0.33,1.0,1.0,0.33,1400.19,-0.031926468562199536,-0.04208224879545529,-0.00019527348972056484,0.0010406518039036822,-0.0008010302390057947,0.009361427697056366,326.046534193793,448.74661920804795,6.563482781875124,329.8124958230585,219.35403351634932,4.913600422180869,339.6360773884788,28.03128237512068,-9.82337914312116,-0.9405462013879732,-1.0582125889887213
47707234,165.507000,2.303926,-6.841628,1030.14,1027.56,1028.53,1034.54,0.0,-0.01,0.33,1.0,1.0,0.34,1400.18,-0.03194344602479144,-0.041969863243655266,-0.00022734386919312212,0.0014875827147555671,-0.00343959694540711,0.01989093379970275,326.0478995377877,448.7481589166238,6.565336084608269,329.8817041428573,219.41803400910882,4.897024483053936,339.8743316103795,28.050529225096817,-9.90766048694862,-0.9577475435368455,-1.0736010513152145
47707335,165.607000,2.304849,-6.844462,1030.15,1027.51,1028.56,1034.61,0.0,-0.01,0.33,1.0,1.0,0.33,1400.21,-0.03197464270659534,-0.04180341609992052,-0.00042189144873779706,0.002043235411476084,-0.004770283686547742,0.018475829946966824,326.0312816971474,448.7396609858354,6.5676946405152,329.88988193405135,219.47784627442974,4.66853858693427,339.93956554963336,28.05689549744834,-9.926846457249914,-0.964227894600362,-1.0768385544993113
47707435,165.711000,2.306622,-6.849606,1030.11,1027.54,1028.68,1034.53,0.0,-0.01,0.34,1.0,1.0,0.34,1400.23,-0.03202303389675072,-0.041600481147664445,-0.000540726216824624,0.0021242869801660676,-0.004940925647530757,0.0169817789618451,326.04118442590976,448.73832056304644,6.550077195380166,329.6910763711558,219.41067309144708,4.4429746170907025,339.7067233340548,28.0445904033406,-9.902147941682186,-0.9118209324358153,-1.1723497917066958
47707536,165.809000,2.310084,-6.860253,1030.12,1027.53,1028.61,1034.62,0.0,-0.01,0.34,1.0,1.0,0.33,1400.23,-0.03207800244665114,-0.04138608812066877,-0.0006625463904038466,0.0026670267363594754,-0.006870696742790919,0.031085091072285725,326.0248394397429,448.7398296269104,6.566789481033595,329.6813859538223,219.3438964929279,4.855245735929736,339.5350399272163,27.98392796643626,-9.725343041589838,-0.9132112284229216,-1.1212922244254415
47707636,165.909000,2.314597,-6.874017,1030.07,1027.51,1028.59,1034.61,0.0,-0.01,0.34,1.0,1.0,0.34,1400.24,-0.03212233734256439,-0.04118410524450058,-0.00042612223936208785,0.0021293706504746483,-0.0017253399712231052,0.01365824903113005,326.0406214759999,448.7697466248752,6.4869818980184535,329.73675763958903,219.31481069257302,4.950340536499436,339.5142600979859,27.969727018539405,-9.69745207566817,-0.9228595926002082,-1.0794816691835842
47707735,166.011000,2.320550,-6.892321,1030.16,1027.5,1028.55,1034.67,0.0,-0.01,0.34,1.0,1.0,0.33,1400.26,-0.03215799503643556,-0.04097697656292776,-0.00037706894650627856,0.0023876681921319327,-0.0034845791663851845,0.026726275726932796,326.0237328029931,448.73593019786705,6.590325406236423,329.69101761977726,219.42734718621807,4.60076880669092,339.54724990206154,27.986895300087173,-9.717212182620589,-0.9162414602036487,-1.1147643149475008
47707835,166.109000,2.323742,-6.902260,1030.22,1027.51,1028.63,1034.58,0.0,-0.01,0.33,1.0,1.0,0.34,1400.2,-0.03218604154005586,-0.0407693107363493,-0.00028494659230726514,0.002384930789370966,-0.0018280587015265554,0.023744806753356155,326.0274840367179,448.7418953059867,6.545503330889168,329.7142148321828,219.3150263285952,4.689972499814545,339.68287055096783,28.045296368407254,-9.890294148876798,-0.920624235206296,-1.1422115307144478
47707936,166.209000,2.323875,-6.902640,1030.24,1027.44,1028.58,1034.7,0.0,-0.01,0.33,1.0,1.0,0.33,1400.24,-0.03220357585156162,-0.040587177745366375,-0.00017378822300253218,0.0019169251457359783,-0.000970862497228226,0.01060966838850701,326.0301184650852,448.7714136358299,6.466966737392455,329.8393263752045,219.45538518611545,4.886298136071274,339.8178301946326,28.022081408563455,-9.914998875543244,-0.9516625035438511,-1.0805298665741376
47708036,166.309000,2.324213,-6.903532,1030.28,1027.53,1028.64,1034.56,0.0,-0.01,0.33,1.0,1.0,0.35,1400.24,-0.03222491284088967,-0.04040783629949219,-0.00027039029785213035,0.0019685668496056516,-0.0027975027215585875,0.014752036203679871,326.02201920110167,448.7326264898285,6.5551020513720895,329.7028798826486,219.29052538164345,15.593073971431076,339.7084790151462,28.047523657070325,-9.902807824838694,-0.919097633375589,-1.1567189748437097
47708136,166.409000,2.324408,-6.904103,1030.26,1027.52,1028.65,1034.81,0.0,-0.01,0.33,1.0,1.0,0.33,1400.09,-0.03224873191753397,-0.04023865603858673,-0.0002345020335868096,0.0017399970458150764,-0.0008162749673416309,0.008826385132007612,326.0487332193824,448.7461055267792,6.595804696719237,329.72227842628695,219.30866308772974,4.892975978382799,339.5553553407004,28.00904021958845,-9.839275178710958,-0.9172899199362411,-1.1079163394997742
47708235,166.508000,2.324520,-6.904671,1030.41,1027.52,1028.66,1034.76,0.0,-0.01,0.32,1.0,1.0,0.34,1400.18,-0.03226505373873352,-0.040088124098175804,-0.00014467232265625424,0.0016046267525155766,-7.813585513557139e-05,0.009828081415764483,326.02770363722647,448.7378190834269,6.581676122755059,329.72879472597083,219.30343955145995,4.918220473647559,339.56663200703076,27.96496391897865,-9.768906635344168,-0.8951460225393935,-1.1671361778471363
47708336,166.609000,2.324557,-6.905046,1030.42,1027.56,1028.54,1034.76,0.0,-0.01,0.32,1.0,1.0,0.34,1400.32,-0.03226958021852003,-0.03995570646910321,-1.0843557778362971e-05,0.0013751225041798158,0.0003772698408249203,0.008374957603338411,326.1059473669726,448.6732416991202,6.544281140884959,329.67186297040826,219.34507223131445,4.8675027492669205,339.5896938945495,28.01174167458888,-9.932716169293986,-0.8908432426680002,-1.1856048218838575
47708436,166.710000,2.324612,-6.905391,1030.34,1027.53,1028.71,1034.79,0.0,-0.01,0.33,1.0,1.0,0.34,1400.25,-0.03226650122262553,-0.03983479722741264,8.710649179485624e-05,0.0011791080699790223,0.002002093600103936,0.002065948714294252,326.0350992476362,448.7598338435392,6.481903176508743,329.69885694959675,219.3031639002007,4.706661247139648,339.7034439117341,28.04811686918525,-9.970455629194726,-0.9147697334809366,-1.1648841010008293
47708536,166.811000,2.324664,-6.905448,1030.44,1027.41,1028.64,1034.83,0.0,-0.01,0.32,1.0,1.0,0.33,1400.13,-0.032254604933308895,-0.039745313942688085,0.00014288581906727409,0.0008494478663330866,0.0011507121150703657,0.0022462633009161454,326.02957904474783,448.7468518789326,6.546603686284726,329.6883129401238,219.31689611162977,4.7420503137454615,339.69639164496476,28.039426482389345,-9.965924154003352,-0.9136219475946613,-1.1678723603508654
47708636,166.909000,2.324697,-6.905392,1030.4,1027.52,1028.48,1034.86,0.0,-0.01,0.33,1.0,1.0,0.33,1400.23,-0.03223955367010075,-0.039685484370174315,0.000178857438845085,0.0005462509314133577,0.001675644377219628,0.0016082931913495762,326.0256148855584,448.73650152845823,6.577238086819047,329.70453491083526,219.32418569498464,4.834534315428806,339.61971330369687,28.032979299783502,-9.95038589642721,-0.9187323873646857,-1.1296864303204355
47708736,167.009000,2.324721,-6.905417,1030.3,1027.51,1028.68,1034.79,0.0,-0.01,0.33,1.0,1.0,0.34,1400.26,-0.03222194432944948,-0.03964563405084873,0.0001951838411720215,0.0004174187592921841,0.0013259243809622295,0.002969388343320932,326.0312102275619,448.7426814562779,6.574563996140997,329.7072463611578,219.3186207462566,4.915787591039124,339.52259973638803,27.98530984018175,-9.830214865154097,-0.9179653321271318,-1.1007548878419031
47708837,167.110000,2.324778,-6.905668,1030.41,1027.55,1028.62,1034.78,0.0,-0.01,0.33,1.0,1.0,0.34,1400.19,-0.032205002729240415,-0.03960343352646738,0.0001831299437625674,0.0005039978335658661,0.0012906439376913874,0.004740907313417489,326.0278539981634,448.7388166954366,6.576961818152347,329.7063487784298,219.30996588770796,4.948535084941597,339.5353222639264,27.994518143976258,-9.873022660554582,-0.9185600154306801,-1.1039075123446653
47708936,167.210000,2.324839,-6.905974,1030.34,1027.49,1028.71,1034.85,0.0,-0.01,0.33,1.0,1.0,0.34,1400.16,-0.032188498464864546,-0.03955103243342253,0.00017940875798938032,0.0005979558119799785,0.0012589290248612856,0.004417562499920244,326.0382261036143,448.7646907323871,6.4854904879893684,329.6870259291583,219.32113011155943,4.904359311319825,339.5661346169899,28.009684587589547,-9.88579032596728,-0.9110877140859793,-1.1338887721899804
47709036,167.308000,2.324860,-6.906108,1030.38,1027.44,1028.65,1034.84,0.0,-0.01,0.33,1.0,1.0,0.34,1400.23,-0.032169993796093005,-0.03949945639103483,0.00021369562497341635,0.0005265909614889891,0.001616525268151652,0.002365844210885954,326.02763951891285,448.73941435006986,6.5653260481315465,329.7043259068483,219.32119322821762,4.880238573947559,339.64848829962415,28.029509231675057,-9.94320432729124,-0.9181510492269246,-1.1394996847535366
47709136,167.408000,2.324910,-6.906155,1030.36,1027.54,1028.61,1034.96,0.0,-0.01,0.33,1.0,1.0,0.33,1400.23,-0.032150617325782456,-0.03945733229193783,0.00020634719611081596,0.0004123215534945172,0.0011785775819663751,0.001218108527741017,326.0313652376562,448.7685925695536,6.481460935379397,329.68538244481744,219.41828047383964,4.689532858761618,339.64015439017714,28.031806956436395,-9.93156757287255,-0.9127611430366345,-1.1519759386475483
47709236,167.508000,2.324933,-6.906078,1030.52,1027.47,1028.61,1034.89,-0.0,-0.01,0.32,1.0,1.0,0.34,1400.15,-0.03213158296719775,-0.0394297490572791,0.00020822713687186463,0.00023924870395842138,0.001354741202010907,0.0002818442653350786,326.0347701480601,448.76983494306234,6.5678193263541464,329.71666476131844,219.31376817672077,4.930131377064839,339.57319644766983,28.016255477259318,-10.008243065623285,-0.9201222549074763,-1.1253986148330846
47709336,167.610000,2.324970,-6.906140,1030.48,1027.6,1028.63,1034.91,0.0,-0.01,0.32,1.0,1.0,0.34,1400.09,-0.03211396436714377,-0.03940915395453848,0.0001874027578754105,0.00023381846614394948,0.0012416394834925903,0.002017702655794963,326.021309215822,448.7351744991271,6.582290088713879,329.68995460771754,219.32472362028247,4.955960428239264,339.5199287380221,28.00482029362129,-9.935728530947086,-0.9161743997271568,-1.1089092519140888
47709436,167.709000,2.325003,-6.906251,1030.4,1027.52,1028.62,1034.94,-0.0,-0.01,0.33,1.0,1.0,0.33,1400.25,-0.032097688790292844,-0.03938580959478291,0.00017497852080625704,0.0002642413992609095,0.0008761913935918446,0.001415124651070179,326.0204378820071,448.72844835360627,6.555738733300997,329.69034497976406,219.32043236307172,4.933597573800213,339.57358366283273,27.988323385121,-9.936237830700975,-0.9164991587972378,-1.1239806674150423
47709537,167.808000,2.325020,-6.906246,1030.49,1027.58,1028.64,1035.06,-0.0,-0.01,0.32,1.0,1.0,0.32,1400.28,-0.032081090302446734,-0.039366084890495645,0.0001736413222802752,0.0001951013958516321,0.0008596035503794083,0.0010154265603021684,326.02898822608836,448.73504175671064,6.575908476702865,329.6892385323293,219.32803828453564,4.937696866140558,339.5140475550247,27.99285625642345,-9.93327623487968,-0.9140919768582163,-1.1112970072389818
47709637,167.910000,2.325037,-6.906311,1030.45,1027.51,1028.65,1034.94,-0.0,-0.01,0.33,1.0,1.0,0.34,1400.34,-0.032065270079686264,-0.03934771560690993,0.00017189465864966084,0.00020057678424149317,0.0012066342595516307,0.001284128868740558,326.0411633386002,448.7418288973348,6.571787787127459,329.6515378121789,219.39434806491226,4.803572295527625,339.5739390930053,28.00938958318088,-9.888718934246642,-0.9018722787611062,-1.1641123064924406
47709737,168.009000,2.325008,-6.906248,1030.49,1027.56,1028.6,1035.04,-0.0,-0.01,0.32,1.0,1.0,0.33,1400.21,-0.032048216412964195,-0.039333573677172606,0.00020843617859078107,9.85761557272272e-05,0.002050319919786188,-0.0008691119783566244,326.01951598083355,448.7330903378189,6.5857753897290365,329.69072805526923,219.31353547856904,4.95866407550247,339.5735327895973,28.017438212037625,-9.919032518986173,-0.9167788950289756,-1.1238472339301906
47709836,168.110000,2.325036,-6.906278,1030.56,1027.5,1028.61,1035.02,-0.0,-0.01,0.32,1.0,1.0,0.33,1400.32,-0.032030670293270544,-0.03932389201457627,0.00018307174235895405,0.00011140431294913424,0.001138768843680253,0.0006680789691674241,326.0224515805819,448.73968556299286,6.571473829191148,329.6858687852255,219.32832876258925,4.961286489515172,339.5203719544189,27.996353857485623,-9.941965154583624,-0.9148653693772788,-1.1126947498134538
47709937,168.210000,2.325038,-6.906275,1030.44,1027.38,1028.67,1035.03,-0.0,-0.01,0.33,1.0,1.0,0.33,1400.27,-0.032013769077983416,-0.03931563865134642,0.0001818621406001899,9.657267118074096e-05,0.0011356186276867645,0.0009580032718671087,326.02398276690593,448.72561307188136,6.578424558760277,329.6726641924119,219.33632709219813,4.958494830166454,339.545468464939,27.973391065375125,-9.976866231926959,-0.9112736796763498,-1.13084027125284
47710037,168.309000,2.325037,-6.906240,1030.55,1027.45,1028.75,1034.97,-0.0,-0.01,0.32,1.0,1.0,0.33,1400.27,-0.03199734827437661,-0.03930916123935167,0.00018263928436049897,5.61900676307792e-05,0.001316063075019893,3.856671417459928e-05,326.03817223019564,448.7353218047162,6.576362255785354,329.6653902252014,219.327813843233,4.927092027506005,339.5316597537661,27.95883189258916,-9.989737626979396,-0.9058420474478238,-1.1396590854283197
47710136,168.410000,2.325019,-6.906157,1030.47,1027.45,1028.68,1035.0,-0.0,-0.01,0.33,1.0,1.0,0.33,1400.28,-0.03197990366880145,-0.03930709861194872,0.00019335743482332563,-9.690506552840142e-06,0.001320256081464581,-0.0010280212740149816,326.0261076571048,448.7376387325238,6.54631293035588,329.6645972277931,219.35685726809794,4.925304652928291,339.54773603274975,27.953634785627276,-10.019350038995892,-0.9087623344528449,-1.1383278171283802
47710237,168.509000,2.324969,-6.905986,1030.55,1027.51,1028.57,1035.06,0.0,-0.01,0.32,1.0,1.0,0.33,1400.2,-0.0319594332762984,-0.03931544837198328,0.0002202071954636978,-0.00011281237698699422,0.0016395424074330924,-0.0010857351059024396,326.0210947391317,448.73372087126637,6.576823074974777,329.68107681064134,219.342605505505,5.024135722515086,339.5580794370985,27.969555306057217,-9.998854927190077,-0.9140882972029126,-1.126308844845122
47710337,168.609000,2.324948,-6.905918,1030.59,1027.53,1028.69,1035.07,0.0,-0.01,0.32,1.0,1.0,0.33,1400.24,-0.03193999553743258,-0.039324750703586896,0.0002184941763640676,-0.00011000415950399302,0.0020633796212017304,-0.0013962182605807539,326.0478901465762,448.7583313157125,6.554697125932303,329.67054835162276,219.32442793646686,4.922887483757328,339.5345422843163,27.982341472893896,-10.004247062041904,-0.9045994341627804,-1.1418788244948217
47710438,168.709000,2.324917,-6.905782,1030.45,1027.54,1028.63,1034.98,0.0,-0.01,0.33,1.0,1.0,0.33,1398.83,-0.03192040756924251,-0.039337465773442104,0.00022255181395603704,-0.00015952546931372982,0.001446453519119922,-0.0013362886413146801,326.03766562684484,448.7698299095528,6.471089611365508,329.6317358861645,219.34554053446675,4.930824533975484,339.5009389186112,27.95151411480549,-9.922809757213866,-0.8974996271607077,-1.1568342633141186
47710537,168.810000,2.324843,-6.905603,1030.48,1027.51,1028.71,1035.06,0.0,-0.01,0.33,1.0,1.0,0.33,1398.89,-0.03189795786963726,-0.039356337683684205,0.00025950071343366714,-0.00021933550069669748,0.0019249212455161317,-0.0011748486532505555,326.03095510623785,448.765847286192,6.496602848715797,329.6232656399641,219.36931168571053,4.935960756034837,339.3578078656253,27.927458989736248,-9.926480854668077,-0.8971687800061536,-1.1165631727442191
47710638,168.910000,2.324734,-6.905514,1030.45,1027.54,1028.57,1035.07,0.0,-0.01,0.33,1.0,1.0,0.33,1399.12,-0.031870534689096036,-0.03937361038818832,0.0003302149055913087,-0.00019002242160444808,0.003472066779409783,-0.0020559494853014436,326.03426211151555,448.7680071834938,6.482321778996243,329.5781657241275,219.3839151086105,4.992358695201695,339.3251936635056,27.912758428461995,-9.86899503883429,-0.885129238812501,-1.1439240950780152
47710737,169.010000,2.324560,-6.905259,1030.5,1027.52,1028.61,1034.99,0.0,-0.01,0.32,1.0,1.0,0.33,1399.21,-0.03183440800888432,-0.03939587389399934,0.00045420498021278143,-0.0002907568911951252,0.004894804374121894,-0.0035511983246121715,326.0408241858116,448.7466912220275,6.5639320208097836,329.56632198531094,219.38635750141248,5.00002650476045,339.30277287845763,27.902550796015277,-9.894929737004729,-0.880624104382513,-1.149585482524628
47710837,169.111000,2.324376,-6.904902,1030.5,1027.48,1028.66,1034.96,0.0,-0.01,0.32,1.0,1.0,0.34,1399.09,-0.031787256300236315,-0.03942927248940638,0.000568069159733703,-0.0004272185049855068,0.005417541000659368,-0.004881625112422427,326.03491756168023,448.76080561505756,6.475940424845764,329.56238663682456,219.4064012861844,4.96499539181977,339.29922573545656,27.924510341239863,-9.929697148456604,-0.8811392016295134,-1.1487002210221111
47710937,169.210000,2.324218,-6.904563,1030.49,1027.42,1028.62,1035.01,0.01,-0.01,0.33,1.0,1.0,0.33,1397.87,-0.031730883947100386,-0.03947318763508786,0.0006367204097107498,-0.00048506235004970886,0.00402896446563222,-0.0026815530870824876,326.03302498937774,448.73593159139057,6.558471668201301,329.5640131129418,219.3943813183008,4.940193607948396,339.31473085774155,27.89555805711125,-9.889879568233674,-0.8820675258403631,-1.1507283464673141
47711038,169.309000,2.324137,-6.904307,1030.48,1027.61,1028.63,1034.91,0.01,-0.01,0.33,1.0,1.0,0.34,1397.15,-0.03167066686128307,-0.039517556217706334,0.0006273342715656208,-0.00045092546392197096,0.004941147949404299,-0.0031717414019339736,326.0316597920666,448.7349459257767,6.55713815210024,329.56328962174257,219.38835476417037,4.945663598344518,339.22102292385733,27.853564368767863,-9.88415317347403,-0.8822084158168083,-1.1221559695210808
47711138,169.410000,2.323884,-6.904068,1030.53,1027.53,1028.57,1034.98,0.01,-0.01,0.32,1.0,1.0,0.34,1397.08,-0.031607855745484165,-0.039555829260563356,0.0007941696983207562,-0.0004240034106370165,0.010878762687241295,-0.004404694069409234,326.02933879776356,448.7397425261617,6.597764526162679,329.56166754811267,219.38099785384557,5.028028293820035,339.20774065792153,27.862112241437092,-9.823403096159687,-0.8823362307633867,-1.1186601649376995
47711238,169.516000,2.323879,-6.904016,1030.64,1027.64,1028.69,1035.06,0.01,-0.01,0.31,1.0,1.0,0.33,1396.12,-0.03154334201757242,-0.03958267378036983,0.000728233776712217,-0.00025911051188173064,0.00701801656903144,-0.00165396295055654,326.0443746729569,448.7444837235,6.571499932425735,329.5462884251575,219.40170292062012,5.008805048634853,339.1347457999431,27.882789031362748,-9.860980607453106,-0.8748009684732639,-1.116537001072311
47711338,169.611000,2.323750,-6.903940,1030.55,1027.47,1028.7,1035.02,0.01,-0.01,0.32,1.0,1.0,0.33,1396.88,-0.03147615068261139,-0.039599874974160634,0.0007959807435175071,-0.00015771206962944548,0.008635563396710021,-0.0007974551094102282,326.0323375096096,448.7696997554483,6.494689916708261,329.51743433865465,219.3906518620513,5.036739076707681,339.123266370426,27.894303146022615,-9.910187150285532,-0.8704630098200052,-1.1307355692978573
47711442,169.715000,2.323693,-6.903889,1030.54,1027.56,1028.55,1035.04,0.01,-0.01,0.32,1.0,1.0,0.33,1395.77,-0.03140523087256711,-0.039609302128854364,0.0007999477450849221,-6.08871930970906e-05,0.007515065801941963,0.0008593739563563517,326.0423375837643,448.73905257198686,6.565036884220584,329.5396516426352,219.41195283054319,5.033355697856106,339.07158344706056,27.895152192869787,-9.848510748317754,-0.873711843026774,-1.1018781932154174
47711543,169.815000,2.323611,-6.903985,1030.55,1027.65,1028.66,1035.07,0.01,-0.01,0.32,1.0,1.0,0.33,1395.16,-0.03133240826966104,-0.03960421816493196,0.0008458266626525347,0.00011986665817766282,0.008654249374196347,0.0023473592847418957,326.02562545588887,448.7340455551988,6.558009911853646,329.5290853935465,219.40885034915414,5.001016146184012,339.04324014055646,27.897859474788504,-9.82314833575069,-0.8752542581548908,-1.0935742810036317
47711644,169.915000,2.323595,-6.904108,1030.59,1027.54,1028.54,1035.03,0.01,-0.02,0.32,1.0,1.0,0.33,1394.5,-0.03125767073516587,-0.03958623257065349,0.000842375369837791,0.0002728383654406217,0.006810729163156926,0.0038870976029286354,326.0474348418084,448.73744655599876,6.562953716580629,329.5013284303606,219.43375889975246,5.024600503821609,338.9381420440943,27.88876350087077,-9.898827524450455,-0.8700200713790655,-1.087923616635235
47711743,170.020000,2.323608,-6.904360,1030.53,1027.57,1028.59,1035.11,0.01,-0.02,0.32,1.0,1.0,0.33,1394.45,-0.031182025484130113,-0.03955017297855173,0.0008314928131026441,0.00047417889784406045,0.005389066566148953,0.004881625939247731,326.03975466418103,448.7698662572734,6.479777057763721,329.33805200556844,219.42297282787638,5.252883722085877,338.82597743302574,27.918985304325624,-9.773749778565715,-0.8239287125806268,-1.1885009696364894
47711843,170.116000,2.323432,-6.904122,1030.56,1027.58,1028.47,1035.07,0.01,-0.02,0.32,1.0,1.0,0.33,1394.77,-0.03109679611484685,-0.039517391540195325,0.0009996571974976085,0.00021503934172613357,0.007369343980406395,-0.002453663247668316,326.04199230816346,448.7382209984548,6.563475628335859,329.27324063056597,219.38767093607456,5.088320017294572,338.64162694498907,27.93885504983391,-9.596572320133342,-0.8071689538012823,-1.187148057816397
47711944,170.215000,2.323052,-6.903473,1030.52,1027.55,1028.67,1035.1,0.01,-0.02,0.32,1.0,1.0,0.33,1394.7,-0.030986372832197257,-0.03952128513329901,0.0013114612948857242,-0.00025215435696845505,0.009808918581348561,-0.007874419990566105,326.0273984189545,448.7420250263545,6.582402656964672,328.89831910207903,219.33774243355862,5.520424630250451,337.8556113412967,27.99743848458802,-9.471558344202364,-0.7148274881210106,-1.2505991049507799
47712043,170.317000,2.322173,-6.902104,1030.47,1027.56,1028.61,1035.1,0.01,-0.02,0.33,1.0,1.0,0.33,1395.2,-0.03082061800954548,-0.03959600149403323,0.0019974750826196696,-0.0010393902213378064,0.017764336480817232,-0.011533159909289215,326.0318574442917,448.76666651012806,6.488163971225715,328.7007097948562,219.3053365717156,5.383314850516346,337.44209157169075,27.992407096275038,-9.493562942148465,-0.6663740730799823,-1.2833645229678141
47712143,170.419000,2.320925,-6.900425,1030.52,1027.48,1028.65,1035.11,0.01,-0.02,0.32,1.0,1.0,0.33,1395.19,-0.030580791627792057,-0.039733977892147526,0.0029270756824243244,-0.0017409668516711213,0.025347449649809575,-0.016305337953572464,326.0361381507192,448.7690172017153,6.464708649630807,328.6263195684806,219.31209876436895,5.460983575766953,337.24316474167466,27.935019191630772,-9.483501760410846,-0.6467451985734027,-1.284538468559536
47712244,170.520000,2.319821,-6.898603,1030.56,1027.52,1028.66,1035.18,0.0,-0.02,0.32,1.0,1.0,0.32,1395.93,-0.030267427007225456,-0.03992614494857928,0.003604063827975242,-0.0022314487377770747,0.02223369714500961,-0.014120292561153854,326.03646649461507,448.7636443197317,6.479874608562085,328.59857600490193,219.31627772006112,5.399480223975567,337.2316294613091,27.888613922057537,-9.443112619748792,-0.63976310924197,-1.302663765195725
47712344,170.617000,2.318828,-6.896652,1030.56,1027.53,1028.56,1035.1,0.0,-0.02,0.32,1.0,1.0,0.33,1396.56,-0.02989325586677844,-0.04016089946144029,0.004081270923428492,-0.002567874881227793,0.019085591057500816,-0.011789165086223087,326.04483190574734,448.77261847137044,6.458497970456016,328.75359879941186,219.28364927198973,5.443601522206251,337.39422090980145,27.989524400723596,-9.453815563311611,-0.6762577922718062,-1.2337368626637455
47712444,170.717000,2.317828,-6.894771,1030.57,1027.5,1028.63,1035.03,0.0,-0.03,0.32,1.0,1.0,0.34,1395.51,-0.029482530080452037,-0.0404119407008757,0.004523466386620202,-0.0027074258873919796,0.02802181872652941,-0.015363453036763416,326.0395453689766,448.76224392670645,6.485538877629591,328.68590182990613,219.30270077808234,5.394709691270694,337.44116072734596,27.9958773604087,-9.545078024963866,-0.6607628177176929,-1.2988178977663603
47712544,170.816000,2.317012,-6.892783,1030.56,1027.47,1028.55,1035.15,0.0,-0.03,0.32,1.0,1.0,0.33,1396.43,-0.029051166342321685,-0.040671602322145596,0.0047605145749210044,-0.0028833648963433587,0.0302974896237647,-0.018263500291954726,326.04713430677157,448.7326827770127,6.564530622678505,328.64724441724303,219.3061468012491,5.439645190595834,337.34335089450434,27.966335673305032,-9.485867496399582,-0.649310060786576,-1.3035961384372512
47712644,170.916000,2.316255,-6.890706,1030.65,1027.5,1028.6,1035.12,0.01,-0.03,0.31,1.0,1.0,0.33,1395.09,-0.0286056382091676,-0.04094514819568051,0.004913211796558766,-0.0030656521851610227,0.027975857950318747,-0.018886793992638443,326.03234429340415,448.73791755710886,6.549981740436375,328.59518323730214,219.31176664033015,5.5045051074709015,337.311531346241,27.93373455853922,-9.58597253391584,-0.6400044075293678,-1.3277359913348583
47712745,171.016000,2.315984,-6.889643,1030.54,1027.55,1028.49,1035.1,0.01,-0.03,0.32,1.0,1.0,0.33,1393.73,-0.02837727736146782,-0.041090833960606796,0.004868149153009687,-0.0031318143078568005,0.02486834180623803,-0.01795752377219354,326.0398666329094,448.74657371361525,6.571399884625327,328.4840521145185,219.26112385097426,5.604132652846773,336.97305476906666,27.862647389883136,-9.446496626262027,-0.6102182842147136,-1.319110662867567
47712844,171.117000,2.315984,-6.889643,1030.47,1027.51,1028.59,1035.15,0.01,-0.03,0.33,1.0,1.0,0.33,1393.55,-0.02837727736146782,-0.041090833960606796,0.004868149153009687,-0.0031318143078568005,0.02486834180623803,-0.01795752377219354,326.04414826951154,448.7451948249633,6.573079818619125,328.5013390062541,219.25914024218878,5.602525773697876,336.94761166620987,27.87129739009037,-9.401740655831011,-0.613463327929473,-1.2999944018543266
47712944,171.216000,2.315984,-6.889643,1030.53,1027.5,1028.59,1035.07,0.01,-0.02,0.32,1.0,1.0,0.33,1393.3,-0.02837727736146782,-0.041090833960606796,0.004868149153009687,-0.0031318143078568005,0.02486834180623803,-0.01795752377219354,326.0410163398366,448.76299078445703,6.4708321631943155,328.4918904430902,219.33531425458594,5.580900676162066,337.06673916216226,27.934158134721073,-9.473178600184418,-0.6099809029252984,-1.3448696484894127
47713044,171.318000,2.315984,-6.889643,1030.57,1027.56,1028.6,1035.17,0.0,-0.02,0.32,1.0,1.0,0.32,1393.86,-0.02837727736146782,-0.041090833960606796,0.004868149153009687,-0.0031318143078568005,0.02486834180623803,-0.01795752377219354,326.031806684223,448.7658940172344,6.474439103611105,328.55210524127335,219.32018208567933,5.551958671219967,337.0907031048041,27.932506797667106,-9.385627069251493,-0.6293282276949764,-1.295851918245342
47713145,171.418000,2.315984,-6.889643,1030.59,1027.55,1028.71,1035.1,0.0,-0.02,0.32,1.0,1.0,0.33,1392.88,-0.02837727736146782,-0.041090833960606796,0.004868149153009687,-0.0031318143078568005,0.02486834180623803,-0.01795752377219354,326.04265846317134,448.7626505187593,6.472858098702163,328.5125750489612,219.25515327923753,5.594987681440974,337.0663961196917,27.907169517573664,-9.469391051987639,-0.6165826167071543,-1.3264215687276832
47713245,171.518000,2.315984,-6.889643,1030.65,1027.49,1028.68,1035.12,0.01,-0.02,0.31,1.0,1.0,0.33,1393.28,-0.02837727736146782,-0.041090833960606796,0.004868149153009687,-0.0031318143078568005,0.02486834180623803,-0.01795752377219354,326.0912234310106,448.67588964892184,6.546398814448884,328.45365105716405,219.3371422574003,5.472412796842185,336.911271461427,27.925605000243102,-9.461275824305353,-0.5901852459815288,-1.3496283130772138
47713344,171.619000,2.315984,-6.889643,1030.6,1027.63,1028.6,1035.19,0.01,-0.01,0.32,1.0,1.0,0.32,1393.3,-0.02837727736146782,-0.041090833960606796,0.004868149153009687,-0.0031318143078568005,0.02486834180623803,-0.01795752377219354,326.02355557042705,448.7321553483112,6.556699251020466,328.4617107695956,219.2561309822503,5.605019426026927,336.909195688818,27.85214983405778,-9.41674327586792,-0.6087378704651695,-1.3095947127529792
47713445,171.717000,2.315984,-6.889643,1030.63,1027.53,1028.63,1035.06,0.01,-0.01,0.31,1.0,1.0,0.33,1392.91,-0.02837727736146782,-0.041090833960606796,0.004868149153009687,-0.0031318143078568005,0.02486834180623803,-0.01795752377219354,326.02355557042705,448.7321553483112,6.556699251020466,328.4617107695956,219.2561309822503,5.605019426026927,336.909195688818,27.85214983405778,-9.41674327586792,-0.6087378704651695,-1.3095947127529792
