ezloophw-py logger started on:,2026-2-17_133026
ctrl_params:,{'n_inputs': 2, 'bidirectional': True, 'u_offset': array([1022., 1022., 1022., 1022.]), 'u_max': 1350.0, 'cmd_separator': ',', 'cmd_bookends': ('<', '>')}
Timestamp (millisec since midnight today),Test time,u_t(0),u_t(1),MPRpressure_0,MPRpressure_1,MPRpressure_2,MPRpressure_3,ForcePlate_0,ForcePlate_1,ValveOpening_0,ValveOpening_1,ValveOpening_2,ValveOpening_3,RPRpressure_0,tagid_x_102,tagid_y_102,tagid_rotation102,tagid_x_103,tagid_y_103,tagid_rotation103,tagid_x_104,tagid_y_104,tagid_rotation104,theta_0,theta_1
48629386,0.000000,0.000000,0.000000,1018.64,1018.98,1020.11,1020.93,0.0,0.0,0.23,0.17,0.02,0.19,1376.54,0.0,0.0,0.0,0.0,0.0,0.0,0.0,0.0,0.0,0.0,0.0
48629485,0.000000,0.000000,0.000000,1018.6,1019.0,1020.21,1020.91,0.0,0.0,0.24,0.17,0.04,0.18,1378.12,0.0,0.0,0.0,0.0,0.0,0.0,0.0,0.0,0.0,0.0,0.0
48629585,0.099000,0.000000,0.000000,1018.66,1019.05,1020.15,1020.86,0.0,0.0,0.23,0.16,0.03,0.17,1379.94,0.0,0.0,0.0,0.0,0.0,0.0,0.0,0.0,0.0,0.0,0.0
48629685,0.199000,0.000000,0.000000,1018.68,1019.02,1020.26,1020.86,0.0,0.0,0.22,0.17,0.05,0.17,1381.83,0.0,0.0,0.0,0.0,0.0,0.0,0.0,0.0,0.0,0.0,0.0
48629785,0.299000,0.000000,0.000000,1018.75,1018.96,1020.27,1021.0,0.0,0.0,0.21,0.18,0.05,0.2,1383.38,0.0,0.0,0.0,0.0,0.0,0.0,0.0,0.0,0.0,0.0,0.0
48629885,0.399000,0.000000,0.000000,1018.66,1018.99,1020.17,1021.02,0.0,0.0,0.57,0.51,0.37,0.2,1381.68,0.0,0.0,0.0,0.0,0.0,0.0,0.0,0.0,0.0,0.0,0.0
48629985,0.499000,0.000000,0.000000,1025.78,1026.38,1020.47,1021.19,0.0,0.0,0.64,0.74,0.31,0.16,1381.97,0.0,0.0,0.0,0.0,0.0,0.0,0.0,0.0,0.0,0.0,0.0
48630085,0.600000,0.000000,0.000000,1027.61,1027.39,1020.54,1021.08,0.0,0.0,0.95,0.92,0.29,0.18,1383.59,645.7287373054894,672.8978101216993,0.6887496717029684,652.6451222538377,329.35573787178396,-2.4928074804216416,676.4982546736613,46.296502652555546,-7.141899791502002,-1.1533555042430799,-2.5101693322379357
48630186,0.700000,0.000000,0.000000,1025.11,1025.12,1020.5,1021.14,0.0,0.0,0.53,0.53,0.3,0.17,1384.84,645.7238020307918,672.8297271721631,0.6726499751860744,652.5905060543615,329.22306144414785,-2.6129062913458823,676.3875178560544,46.509706389306324,-6.991611177025589,-1.1448578755876613,-2.521736513081789
48630285,0.803000,0.000000,0.000000,1023.84,1023.75,1020.46,1021.01,0.0,0.0,0.31,0.3,0.31,0.2,1386.15,645.7265842979161,672.8359230005199,0.6321802618325425,652.405335381018,329.3045265037144,-2.5279323784342522,675.7605336122998,46.184299289520794,-7.041148747073783,-1.1137731584618646,-2.488228583791229
48630385,0.901000,0.000000,0.000000,1023.69,1023.64,1020.56,1021.09,0.0,0.0,0.29,0.28,0.29,0.18,1387.15,645.7274678843289,672.8271990892861,0.6552336825446806,652.1620332034721,329.25471861872717,-2.3631272738628737,675.2130412756414,46.298916877406654,-6.93653837077032,-1.0729332567191827,-2.5114522563312187
48630485,0.999000,0.000000,0.000000,1023.63,1023.56,1020.51,1021.09,0.0,0.0,0.28,0.27,0.3,0.18,1387.77,645.7222726704848,672.902158356163,0.7048802808568256,651.876810447408,329.3155410338067,-2.3945661842236543,674.6126110866688,46.16839818804037,-6.903190900654892,-1.0262079890712106,-2.5384003461675135
48630585,1.103000,0.000000,0.000000,1023.62,1023.65,1020.52,1021.14,0.0,0.0,0.27,0.28,0.3,0.17,1388.71,645.7355044724552,672.8086311469439,0.6365399109317076,651.8193219621639,329.28455438727957,-2.3824600473908766,674.3779430343169,46.19721451741272,-6.787198166122105,-1.014603204854793,-2.5269431862153033
48630686,1.201000,0.000000,0.000000,1023.65,1023.63,1020.54,1021.21,0.0,0.0,0.28,0.28,0.29,0.16,1389.14,645.728137959075,672.8683520878274,0.7466675935696218,651.8633566025113,329.3171741193672,-2.407023601766825,674.4972985721552,46.15312977488784,-7.075079609854841,-1.0230929060740432,-2.523878883549012
48630785,1.301000,0.000000,0.000000,1023.61,1023.6,1020.49,1021.21,0.0,0.0,0.27,0.27,0.3,0.16,1389.46,645.7288005058537,672.8788388320464,0.654208463512722,652.0894114993231,329.3016047009702,-2.3399994093273384,674.8416036405467,46.232811104161854,-7.108528729956736,-1.0605898858129128,-2.4741983010911235
48630885,1.401000,0.000000,0.000000,1023.7,1023.58,1020.49,1021.14,0.0,0.0,0.29,0.27,0.3,0.17,1389.46,645.7360979579352,672.8326212110347,0.637805274264808,652.2830415020035,329.31363428662536,-2.4995715175662765,675.3611691279496,46.268996851404765,-7.194607196793609,-1.0918372528071125,-2.477642465040498
48630985,1.501000,0.000000,0.000000,1023.76,1023.54,1020.47,1021.07,0.0,0.0,0.3,0.26,0.31,0.19,1389.96,645.7377391413119,672.8284587704636,0.6478258095562676,652.4637951078444,329.2951928311054,-2.465974674465212,675.6927651539422,46.23858503331133,-7.227465669103106,-1.121653784649253,-2.448143440420669
48631085,1.600000,0.000000,0.000000,1023.73,1023.56,1020.45,1020.99,0.0,0.0,0.29,0.27,0.31,0.2,1390.29,645.7249961919089,672.8482162993993,0.6564717204124947,652.4594585269006,329.26857219572145,-2.506149867801367,675.762332805635,46.34470048885245,-7.188840157414425,-1.122903735685409,-2.462700782133229
48631186,1.700000,0.000000,0.000000,1023.67,1023.66,1020.41,1021.03,0.0,0.0,0.28,0.28,0.32,0.19,1390.4,645.3613326213716,672.7525532971538,0.40424776428039433,652.1121808380395,329.12410143364593,-2.43372341245476,675.3025245067995,46.16716690625419,-6.958925207046492,-1.1254753741472965,-2.4343763128040106
48631285,1.801000,0.000000,0.000000,1023.63,1023.65,1020.42,1021.05,0.0,0.0,0.28,0.28,0.32,0.19,1390.38,645.1337589041145,672.6823155775892,0.5680301277461985,651.4643495972399,327.88663469843556,-2.3840865585070405,674.3302549522144,44.08147696462178,-7.192873525091853,-1.0518559225704571,-2.5026034479970773
48631385,1.901000,0.000000,0.000000,1023.56,1023.68,1020.6,1021.12,0.0,0.0,0.26,0.29,0.28,0.18,1390.57,645.1535740090261,672.6924623051748,0.5820301667335008,651.1731511796407,327.9034953622394,-2.2598698725009165,673.6639609520677,43.917423933631774,-6.936607013828582,-1.0002098776345523,-2.527775624234645
48631485,2.002000,0.000000,0.000000,1023.5,1023.56,1020.5,1021.13,0.0,0.0,0.26,0.27,0.3,0.17,1390.74,645.1002305305344,673.8870232610826,0.8472333868424664,650.9928367628703,327.64897212955896,-2.115286643491498,673.2519795209668,42.71772944330885,-7.240433581480845,-0.975019571865687,-2.516897950557439
48631585,2.101000,0.000000,0.000000,1023.53,1023.64,1020.49,1021.07,0.0,0.0,0.26,0.28,0.3,0.19,1390.81,645.109645346586,673.8940699787222,0.8488265414642061,651.0103221816479,327.7049494809156,-2.1636157861883536,673.12448903493,42.62563609233125,-7.353293031371298,-0.9764926871089674,-2.4826788582266666
48631686,2.201000,0.000000,0.000000,1023.66,1023.55,1020.45,1021.14,0.0,0.0,0.28,0.26,0.31,0.17,1390.71,644.9460347202871,674.7273792605505,1.1778393402054612,651.0103221816479,327.7049494809156,-2.1636157861883536,673.12448903493,42.62563609233125,-7.353293031371298,-0.9764926871089674,-2.4826788582266666
48631785,2.301000,0.000000,0.000000,1023.57,1023.55,1020.61,1020.93,0.0,0.0,0.27,0.26,0.28,0.21,1390.78,644.9482617321538,674.7283351844229,1.187238706492292,651.0103221816479,327.7049494809156,-2.1636157861883536,673.12448903493,42.62563609233125,-7.353293031371298,-0.9764926871089674,-2.4826788582266666
48631885,2.400000,0.000000,0.000000,1023.54,1023.46,1020.56,1020.96,0.0,0.01,0.26,0.25,0.29,0.21,1390.87,644.9274323163824,674.6518407967554,1.17170592285103,651.0103221816479,327.7049494809156,-2.1636157861883536,673.12448903493,42.62563609233125,-7.353293031371298,-0.9764926871089674,-2.4826788582266666
48631985,2.501000,0.000000,0.000000,1023.52,1023.58,1020.53,1021.15,0.0,0.01,0.26,0.27,0.29,0.17,1390.8,645.0886556949498,673.6764316512277,0.7906485517454686,651.7952946666766,327.79761768722153,-2.4723085711675017,674.9921918699342,42.99146342090045,-7.16110841803493,-1.1108340412002535,-2.4346814361589706
48632085,2.600000,0.000000,0.000000,1023.66,1023.66,1020.45,1021.11,0.0,0.01,0.28,0.28,0.31,0.18,1390.93,645.0767987566992,673.2944060556654,0.7128669606545504,651.7715784509287,327.78657084394115,-2.266640732523361,674.9892988315896,43.299579031608445,-7.189886246474494,-1.1100605748762962,-2.4455953322400124
48632185,2.701000,0.000000,0.000000,1023.62,1023.66,1020.52,1021.14,0.0,0.0,0.27,0.28,0.3,0.17,1390.99,645.0896423575218,672.9902005591733,0.6250186802385855,651.5057454624175,327.8541418509684,-2.438592286365221,674.5850779198291,43.63676687663667,-7.0254734611415,-1.0650098132601309,-2.512389347673581
48632285,2.802000,0.000000,0.000000,1023.5,1023.69,1020.42,1021.21,0.0,0.0,0.26,0.29,0.32,0.16,1390.99,645.167558164657,672.6709430478849,0.6033906642582569,651.3319175562656,327.87182084113795,-2.2335295768086216,673.8595866180102,43.98666464371986,-6.970121581871106,-1.0242315920282439,-2.488727910316665
48632385,2.901000,0.000000,0.000000,1023.55,1023.62,1020.45,1021.08,-0.0,0.01,0.26,0.27,0.31,0.18,1390.93,645.1713416801837,672.3150720844784,0.6605658485637828,651.2008467420509,327.9051184201953,-2.283333383802631,673.4076592656703,44.29672494001798,-6.952084961286018,-1.002961447225566,-2.471257246800902
48632485,3.000000,0.000000,0.000000,1023.5,1023.59,1020.57,1021.09,-0.0,0.01,0.25,0.27,0.29,0.18,1390.97,645.1215943678984,672.2185747623116,0.5558024221411875,651.034634284133,327.97724861486205,-2.066343647355165,673.1646330075451,44.66823591147274,-6.715068022199442,-0.9840739366364348,-2.4983040524410103
48632585,3.101000,0.000000,0.000000,1023.47,1023.61,1020.44,1021.08,0.0,0.01,0.25,0.27,0.31,0.18,1391.05,645.1969128916743,672.3719118048008,0.7253400724629795,651.2468752139591,328.4200762879772,-2.1950535620221454,673.4705739771541,45.065043863232845,-7.0257068203580495,-1.0077037803139803,-2.4691531609183173
48632685,3.201000,0.000000,0.000000,1023.54,1023.66,1020.52,1021.16,0.0,0.01,0.26,0.28,0.3,0.17,1391.0,645.2730492991441,672.6428377032884,0.5165660398318541,651.536639228117,328.76536379240395,-2.2642549107524066,673.8330077632886,45.51768762567464,-6.981681466680949,-1.0435041961969225,-2.4138546489096453
48632786,3.300000,0.000000,0.000000,1023.64,1023.64,1020.4,1021.11,0.0,0.01,0.28,0.28,0.32,0.18,1391.13,645.3149641644865,672.8833059137028,0.4254298306814002,651.7208382160401,329.13634104427723,-2.3248927662361334,674.402539782381,45.92488800042181,-6.964671454186722,-1.0676081720960657,-2.443687248697848
48632886,3.402000,0.000000,0.000000,1023.56,1023.68,1020.58,1021.17,0.0,0.01,0.27,0.29,0.28,0.17,1391.14,645.6984093851618,672.8053839586702,0.7158274839649857,652.2215042456435,329.2617555884738,-2.4177569520064335,675.0952925832758,46.22477733446003,-6.930486472046902,-1.0877829421688296,-2.444782626981962
48632986,3.502000,0.000000,0.000000,1023.65,1023.58,1020.39,1021.05,0.0,0.01,0.28,0.27,0.32,0.19,1391.08,645.7487552536169,672.8495054520432,0.6378531908123972,652.2268942176615,329.29172403657884,-2.394938052432714,675.3163649320255,46.21826333907581,-7.008249799281664,-1.0802434447331979,-2.5026382880894764
48633087,3.601000,0.000000,0.000000,1023.49,1023.66,1020.49,1021.05,0.0,0.01,0.25,0.28,0.3,0.19,1391.06,645.7160779390541,672.8100684223535,0.7178440223739282,652.1896867234956,329.2648575736374,-2.4019759434655326,675.089857230462,46.20825783735351,-6.975097916261137,-1.0795276963734672,-2.466279764736784
48633186,3.702000,0.000000,0.000000,1023.51,1023.63,1020.59,1021.05,0.0,0.01,0.26,0.28,0.28,0.19,1391.0,645.7160636194869,672.8190482065974,0.7169996001027595,652.0369907292871,329.27774902650367,-2.3713856879088753,674.6341989588294,46.194795544182575,-6.994754885109647,-1.0540845800371839,-2.455811381257172
48633286,3.802000,0.000000,0.000000,1023.56,1023.56,1020.51,1021.01,0.0,0.01,0.26,0.27,0.3,0.2,1391.1,645.7148596202919,672.827329467042,0.6547996755827712,651.80251775218,329.3507491354386,-2.2864583465586046,674.1591443951781,46.143929789673415,-6.906604307888583,-1.0153839377953588,-2.4828573790550146
48633386,3.902000,0.000000,0.000000,1023.61,1023.61,1020.49,1021.17,0.0,0.01,0.27,0.27,0.3,0.17,1391.16,645.7196522843731,672.8211324981023,0.7188358872691512,651.7171525391309,329.3170995314843,-2.223982615133673,673.7911986650453,46.1651407784973,-6.834149214886286,-1.0002693060444117,-2.4571272191937594
48633486,4.002000,0.000000,0.000000,1023.61,1023.63,1020.43,1021.15,0.0,0.01,0.27,0.28,0.31,0.17,1391.15,645.6971231498264,672.852322058817,0.6823755521810708,651.720355346405,329.2991506863523,-2.181564669160486,673.7384763245519,46.11782260347659,-6.842317530672554,-1.004416375623832,-2.437125520116343
48633586,4.102000,0.000000,0.000000,1023.63,1023.58,1020.58,1021.15,0.0,0.01,0.28,0.27,0.28,0.17,1391.15,645.7082472935153,672.8207218524897,0.6561672079224425,651.8098127827033,329.35751373196763,-2.2574560592053468,674.0910109501846,46.15632604675246,-6.852216605381023,-1.0177427265205348,-2.4630630892091534
48633686,4.202000,0.000000,0.000000,1023.46,1023.51,1020.49,1021.11,0.0,0.01,0.25,0.26,0.3,0.18,1391.13,645.7602073391924,672.8643712434119,0.6374829245857869,652.0153432251439,329.31685831747006,-2.384263696285271,674.5144319145109,46.1380194571607,-6.995890792115029,-1.0430967392685027,-2.4565206862374396
48633787,4.300000,0.000000,0.000000,1023.61,1023.53,1020.48,1021.08,0.0,0.01,0.27,0.26,0.3,0.18,1391.15,645.7666034764136,672.8613873437403,0.6357149361866153,652.1890786609556,329.25658523315985,-2.313548104279685,674.8608750836039,46.246467632328,-7.051034855831484,-1.0708170401995303,-2.4385205938654897
48633886,4.402000,0.000000,0.000000,1023.59,1023.63,1020.48,1021.01,-0.0,0.01,0.27,0.28,0.3,0.2,1391.14,645.7464793896273,672.8657539117283,0.622861186843123,652.2281869843025,329.3020366296778,-2.365345799084024,675.1421724733977,46.20642345965656,-6.889549187704273,-1.0808197107709283,-2.4658389125517672
48633986,4.502000,0.000000,0.000000,1023.63,1023.55,1020.57,1021.11,-0.0,0.01,0.28,0.26,0.29,0.18,1391.19,645.7057669104008,672.8286233605794,0.6655893970327155,652.1817108726752,329.2459662363068,-2.333103210376089,675.0947432676089,46.22139009134009,-6.908099409534227,-1.0797993445705059,-2.4688443719686015
48634086,4.601000,0.000000,0.000000,1023.58,1023.51,1020.53,1021.19,-0.0,0.01,0.27,0.26,0.29,0.16,1391.16,645.6990825585713,672.8448329310457,0.6729865686731094,652.0423092310059,329.2872889008653,-2.296152123699541,674.7210683031402,46.193983711277376,-7.052189169638148,-1.0577524295353655,-2.464709850780555
48634187,4.703000,0.000000,0.000000,1023.65,1023.54,1020.49,1021.11,-0.0,0.01,0.28,0.26,0.3,0.18,1391.07,645.706612989498,672.8725550555994,0.6886700192366039,651.8260912957745,329.26289246638936,-2.369590759322753,674.3640930365661,46.18989937672186,-7.031848041188386,-1.0202949909182188,-2.5116423873462654
48634287,4.803000,0.000000,0.000000,1023.58,1023.58,1020.38,1021.21,-0.0,0.01,0.27,0.27,0.32,0.16,1391.25,645.7559887878668,672.858558952303,0.6294861752675489,651.760062386866,329.3438822382154,-2.238113785238921,673.9608974263828,46.14667698989218,-6.774359816092165,-1.0013343712684752,-2.479783592267618
48634387,4.903000,0.000000,0.000000,1023.49,1023.67,1020.52,1021.09,-0.0,0.0,0.25,0.28,0.3,0.18,1391.25,645.7117873939239,672.8323822700748,0.6744759979675771,651.7507767633423,329.3167402558635,-2.1848199894596267,673.7725755812306,46.15958324016817,-6.818714928159349,-1.0071534523581132,-2.432769087421016
48634486,5.002000,0.000000,0.000000,1023.52,1023.59,1020.52,1021.09,-0.01,0.0,0.26,0.27,0.3,0.18,1391.16,645.7539273416454,672.8704667416923,0.6277820549782239,651.7713457734926,329.3236710949241,-2.2248027113723197,673.9046235181812,46.13210832328618,-6.818964515908954,-1.0034657064490784,-2.4620248039361043
48634587,5.102000,0.000000,0.000000,1023.61,1023.52,1020.44,1021.03,-0.01,0.0,0.27,0.26,0.31,0.19,1391.27,645.7128731488723,672.8162118687568,0.7113783358179675,651.8368711801379,329.26327221810266,-2.3397100290911994,674.3363425458657,46.22268827830996,-6.762715057034245,-1.0212169474066284,-2.50256690322311
48634687,5.203000,0.000000,0.000000,1023.66,1023.48,1020.46,1021.03,-0.01,0.0,0.28,0.25,0.31,0.19,1391.16,645.7582564960261,672.8556161104751,0.6291135954442068,652.0621475877799,329.3090982732355,-2.269985039762281,674.6175694784151,46.17209715689439,-6.987954909901339,-1.051228308419157,-2.4522539046748166
48634787,5.303000,0.000000,0.000000,1023.49,1023.56,1020.53,1021.12,-0.01,0.01,0.25,0.27,0.29,0.18,1391.11,645.7663031249517,672.8709189093704,0.6444948340170337,652.17302172512,329.26498913985233,-2.3335946529488836,674.9374627786399,46.2237808534711,-7.13194601394558,-1.0681870550359929,-2.461913520268807
48634886,5.403000,0.000000,0.000000,1023.57,1023.52,1020.55,1021.2,-0.01,0.01,0.27,0.26,0.29,0.16,1391.2,645.7468368585029,672.8598631844716,0.6300075931258488,652.1961041691983,329.25577742995387,-2.374393227109786,674.9622370142481,46.209258447051546,-7.047202131498838,-1.075285276637661,-2.4479714313968652
48634987,5.501000,0.000000,0.000000,1023.64,1023.61,1020.47,1021.2,-0.01,0.01,0.28,0.27,0.31,0.16,1391.22,645.715144806283,672.8223454605886,0.7198572185935935,652.1121850639103,329.3023380456165,-2.263261813316072,674.7809127456859,46.23484087110618,-7.021200161662766,-1.0668404790763264,-2.4449320526242055
48635087,5.604000,0.000000,0.000000,1023.54,1023.53,1020.45,1021.23,-0.01,0.01,0.26,0.26,0.31,0.15,1391.19,645.7079129700263,672.8545639166368,0.6589587318693557,652.0012211716244,329.29358184173265,-2.352085289430083,674.5079126134275,46.16438987833706,-7.010034309555424,-1.0494197415428423,-2.4461967970730627
48635187,5.704000,0.000000,0.000000,1023.45,1023.59,1020.5,1021.06,-0.01,0.01,0.25,0.27,0.3,0.19,1391.15,645.7129130405536,672.8378127829297,0.664980779483583,651.7464754837282,329.28680528234537,-2.3228938426214936,674.1468466651063,46.15475114776047,-6.8703070682842435,-1.0061449990680575,-2.5113195869986438
48635288,5.803000,0.000000,0.000000,1023.57,1023.5,1020.52,1021.05,-0.01,0.01,0.27,0.25,0.3,0.19,1391.18,645.7504399364307,672.8650762905511,0.6546443139254529,651.7606842678762,329.3366762568664,-2.1935767195212486,673.8510212568596,46.180651742602,-6.791944040125152,-1.0023232560687487,-2.456232051455045
48635389,5.904000,0.000000,0.000000,1023.59,1023.51,1020.58,1021.15,-0.0,0.01,0.27,0.26,0.28,0.17,1391.23,645.7018110004637,672.8474456740073,0.6665752155492946,651.7647227026216,329.3284069126336,-2.223927749638044,673.8611227164281,46.15093393792176,-6.803474076863612,-1.0111322804910459,-2.4394968099002785
48635488,6.005000,0.000000,0.000000,1023.62,1023.61,1020.47,1021.2,-0.0,0.01,0.28,0.27,0.31,0.16,1391.31,645.7624071307065,672.8646354483368,0.6444624313532672,651.7678890147006,329.2835037272176,-2.318745509492744,674.1239165381044,46.161951528412374,-6.863900559651271,-1.0013755085978888,-2.5121074837527515
48635588,6.104000,0.000000,0.000000,1023.56,1023.61,1020.51,1021.09,-0.0,0.01,0.27,0.27,0.3,0.18,1391.24,645.7046491851324,672.8640908877953,0.6982291721413418,652.018749935473,329.2868150874235,-2.393673099311223,674.4698360807284,46.148488112211524,-7.008490290128028,-1.0528362342661615,-2.428035997549235
48635689,6.204000,0.000000,0.000000,1023.58,1023.5,1020.48,1021.24,-0.0,0.01,0.27,0.26,0.3,0.15,1391.32,645.7021994682492,672.8385169692581,0.6506897555391103,652.0919212848387,329.29953922950665,-2.294616178403448,674.7298712994045,46.215096772423045,-7.001588529652295,-1.0655614270089866,-2.441027541605859
48635789,6.304000,0.000000,0.000000,1023.58,1023.49,1020.49,1021.13,0.0,0.01,0.27,0.25,0.3,0.17,1391.37,645.7137696090623,672.8600258683139,0.6471605332978446,652.1634511455898,329.2643379867798,-2.3040944264706247,674.8623232724615,46.17647987485381,-7.037783844510775,-1.0753806009473108,-2.4335860782349505
48635889,6.404000,0.000000,0.000000,1023.59,1023.53,1020.59,1020.98,0.0,0.0,0.27,0.26,0.28,0.2,1391.26,645.7524285435439,672.8583550692314,0.64812620211678,652.1193553489794,329.28188331615337,-2.335112346780535,674.8257160778154,46.24844843261201,-7.018477819939607,-1.061645120037674,-2.4634410466127656
48635989,6.504000,0.000000,0.000000,1023.49,1023.55,1020.45,1021.07,0.0,0.0,0.25,0.26,0.31,0.19,1391.35,645.7036029484617,672.838978164456,0.6542178361743769,652.0497833227494,329.31208424212696,-2.364779140409374,674.6156834188346,46.176514323026424,-6.982280775767071,-1.058339253461339,-2.440161950117423
48636088,6.604000,0.000000,0.000000,1023.6,1023.56,1020.51,1021.09,0.0,0.0,0.27,0.26,0.3,0.18,1391.2,645.7130927508456,672.8063890289283,0.708701723632733,651.900533767081,329.3448026802826,-2.3210390548666853,674.3384755623381,46.19958965036747,-6.784230232515256,-1.03206858243864,-2.466818288605088
48636189,6.703000,0.000000,0.000000,1023.58,1023.53,1020.42,1021.17,0.0,0.0,0.27,0.26,0.32,0.17,1391.25,645.7083808634393,672.8459328514326,0.6718906854208337,651.7829862970354,329.32168208069663,-2.240160279990758,674.0128302378994,46.15044890915297,-6.9011843909746196,-1.0130667101036515,-2.4625620085300732
48636288,6.804000,0.000000,0.000000,1023.62,1023.58,1020.55,1021.13,0.0,0.0,0.27,0.27,0.29,0.17,1391.3,645.7082419366933,672.8253163997496,0.660542746004515,651.7519264723549,329.33152657242414,-2.241153045534801,673.8692200024332,46.18472794169585,-6.803050286536188,-1.0080004370804572,-2.450444166362468
48636388,6.904000,0.000000,0.000000,1023.62,1023.53,1020.46,1021.22,0.0,0.0,0.28,0.26,0.31,0.16,1391.29,645.7673720841385,672.8691897985914,0.6431775159127338,651.7392445287102,329.2934081898683,-2.282104834551267,674.0011504585012,46.1447513410715,-6.871689048989814,-0.995787985062276,-2.503923909196447
48636489,7.004000,0.000000,0.000000,1023.55,1023.5,1020.48,1021.16,0.0,0.0,0.26,0.25,0.3,0.17,1391.3,645.7572136281863,672.8677560090251,0.6471691925331517,651.8444230839461,329.2734808496906,-2.3727866579337458,674.3383587189654,46.211499050669616,-6.802866364149535,-1.0149614056900012,-2.5136223724945896
48636589,7.104000,0.000000,0.000000,1023.57,1023.57,1020.47,1021.09,0.0,-0.0,0.27,0.27,0.31,0.18,1391.39,645.762518416451,672.8564352337465,0.6361206989742206,652.0596762803751,329.3001883464398,-2.3724243961540314,674.5542361944471,46.17287821426314,-7.103573617464261,-1.050076005140366,-2.4424747328344325
48636689,7.204000,0.000000,0.000000,1023.53,1023.41,1020.54,1021.12,0.0,-0.0,0.26,0.24,0.29,0.18,1391.4,645.7173628988281,672.8172366630686,0.7041043375746682,652.1122166483937,329.28735444500234,-2.306117377835948,674.7341293067768,46.212148461363434,-6.990280915812625,-1.0664452683991335,-2.436182986755414
48636790,7.304000,0.000000,0.000000,1023.48,1023.61,1020.5,1021.14,0.01,0.0,0.25,0.27,0.3,0.17,1391.35,645.710214847743,672.8368189667684,0.6686651968125785,652.1306544025505,329.27659305643266,-2.3282484956748073,674.7787666789313,46.219100401940416,-7.026791930956423,-1.0706165792109588,-2.433394643928431
48636889,7.405000,0.000000,0.000000,1023.62,1023.61,1020.51,1021.12,0.01,-0.0,0.25,0.27,0.3,0.17,1391.39,645.709382065751,672.8410908625649,0.6572918278185802,652.0304552266024,329.2887237493331,-2.2715420943808593,674.6642730398767,46.18955120793827,-6.957730840840951,-1.054074978506689,-2.462932557323808
48636989,7.504000,0.000000,0.000000,1023.51,1023.66,1020.49,1021.22,0.01,-0.0,0.27,0.27,0.3,0.18,1391.34,645.7011506216311,672.8008480515031,0.7214903414335578,651.860082470442,329.2784618711286,-2.35366406635986,674.4222706537649,46.158044088382326,-7.021040968381392,-1.0271324742151924,-2.5020719082587686
48637089,7.605000,0.000000,0.000000,1023.61,1023.58,1020.47,1021.16,0.01,-0.0,0.26,0.28,0.3,0.16,1391.43,645.7031946086307,672.8313952786575,0.6538675759742361,651.7471334592016,329.3154720420236,-2.2707134955430197,674.1454115443715,46.156837223439986,-6.874533604890264,-1.0079779076400015,-2.5068099974133013
48637189,7.704000,0.000000,0.000000,1023.61,1023.58,1020.47,1021.16,0.01,-0.0,0.27,0.27,0.31,0.17,1391.48,645.7222272893147,672.8138652517492,0.7208846849281348,651.7766036308268,329.32815636528113,-2.2476389804039036,673.9103953000923,46.14822017115978,-6.864978200855936,-1.0098070605173357,-2.449628186303666
48637289,7.804000,0.000000,0.000000,1023.56,1023.55,1020.58,1021.06,0.0,-0.0,0.27,0.26,0.28,0.19,1391.41,645.7653175656735,672.8639503895411,0.6399874885096769,651.7770944459653,329.31839182458555,-2.258534996881356,673.9835067305842,46.1466315917623,-6.8915485913654875,-1.0025287217445809,-2.478917610700491
48637390,7.903000,0.000000,0.000000,1023.6,1023.49,1020.54,1021.13,0.0,-0.01,0.27,0.25,0.29,0.17,1391.38,645.7554898761042,672.865493850528,0.6424234677777698,651.7870234434946,329.3019500325635,-2.306299879063822,674.163990763625,46.159318431433555,-6.885459828649672,-1.0057700438278325,-2.5071947097625804
48637489,8.004000,0.000000,0.000000,1023.59,1023.59,1020.53,1021.08,0.0,-0.01,0.27,0.27,0.29,0.18,1391.42,645.7591148315802,672.86780398011,0.633491360035227,652.0006990352109,329.2961795709511,-2.3616288296541756,674.4139577236906,46.15698985364687,-6.991744174126334,-1.0407643506993665,-2.444559027290929
48637590,8.105000,0.000000,0.000000,1023.5,1023.46,1020.52,1021.18,0.0,-0.01,0.25,0.25,0.3,0.16,1391.4,645.7006341166168,672.8372346578158,0.675249821735539,652.0391949728539,329.28195033389596,-2.2797638928067707,674.6416695909808,46.20244255184061,-6.949019850670194,-1.0569815175858004,-2.451132000349226
48637689,8.205000,0.000000,0.000000,1023.58,1023.45,1020.51,1021.17,0.0,-0.01,0.27,0.25,0.3,0.17,1391.3,645.7119556149473,672.8321698073374,0.6596747968540302,652.0856494026376,329.29656791835663,-2.294546684371163,674.7212291074015,46.206121122231764,-7.0062028453607486,-1.0628996206078931,-2.4457779021368693
48637790,8.304000,0.000000,0.000000,1023.54,1023.49,1020.62,1021.23,0.0,-0.01,0.26,0.25,0.28,0.15,1391.22,645.7090074253501,672.8353394574856,0.6537638155031879,652.0634773072916,329.29341699854245,-2.3503383392976085,674.6647667520688,46.18572532341053,-7.0460782027571645,-1.0596750144510931,-2.445054125457201
48637889,8.405000,0.000000,0.000000,1023.53,1023.48,1020.46,1021.08,0.0,-0.01,0.26,0.25,0.31,0.18,1391.24,645.6996916115818,672.8317580616508,0.684274363288399,651.9861190598358,329.28947526252733,-2.367687851877393,674.4975184414914,46.162632703787516,-7.021968258598824,-1.0483296660708459,-2.449361256862753
48637989,8.504000,0.000000,0.000000,1023.37,1023.51,1020.57,1021.03,0.0,-0.01,0.23,0.26,0.29,0.19,1391.35,645.758867914102,672.8692169310731,0.6431848216751089,651.7957458757854,329.2992126938928,-2.360434955411973,674.3080961303708,46.200970724637806,-6.759431752496792,-1.0066421235925342,-2.5333849239694928
48638091,8.605000,0.000000,0.000000,1023.55,1023.59,1020.52,1021.05,0.01,-0.0,0.26,0.27,0.3,0.19,1391.41,645.756858141285,672.8614711322073,0.620734608923896,651.7339736036396,329.3011990878182,-2.269544577199344,674.0187213350662,46.16212452162011,-6.869358758846983,-0.9967070468017786,-2.5068311228033338
48638189,8.723000,0.000000,0.000000,1023.6,1023.44,1020.47,1021.07,0.01,-0.0,0.27,0.24,0.31,0.19,1391.39,645.7224319139235,672.8525505029195,0.6649020822823124,651.7808926022767,329.33466625937,-2.2340489511773307,673.9749424560648,46.15558413277871,-6.862182415838677,-1.0103935188975097,-2.4605865329193706
48638289,8.807000,0.000000,0.000000,1023.57,1023.57,1020.52,1021.21,0.01,-0.01,0.27,0.27,0.3,0.16,1391.34,645.7114301440032,672.8402708793743,0.6689558944574016,651.8110967645947,329.353066375712,-2.26128966190271,674.0790859682272,46.14115246231556,-6.866880498392948,-1.0173549977962066,-2.4610130315505954
48638391,8.906000,0.000000,0.000000,1023.63,1023.45,1020.43,1021.17,0.0,-0.01,0.28,0.25,0.31,0.17,1391.33,645.7085227342661,672.8206176609257,0.633373667144614,651.8566436361087,329.2793110128185,-2.341311387846798,674.3470239565744,46.203545005932256,-6.767861812361961,-1.0252734470387472,-2.4920628741615474
48638489,9.012000,0.000000,0.000000,1023.57,1023.56,1020.48,1021.25,0.0,-0.01,0.27,0.27,0.3,0.15,1391.29,645.7085227342661,672.8206176609257,0.633373667144614,651.8566436361087,329.2793110128185,-2.341311387846798,674.3470239565744,46.203545005932256,-6.767861812361961,-1.0252734470387472,-2.4920628741615474
48638589,9.106000,0.000000,0.000000,1023.5,1023.58,1020.53,1021.09,0.0,-0.0,0.26,0.27,0.29,0.18,1391.38,645.7092544690057,672.8154466817937,0.7131658957623469,652.0253841462641,329.27531998878845,-2.2781967527828484,674.676661960403,46.17804712395929,-7.027419445650114,-1.053288329347455,-2.4680476499664556
48638690,9.205000,0.000000,0.000000,1023.56,1023.55,1020.57,1021.05,0.0,-0.0,0.26,0.26,0.29,0.19,1391.51,645.7103480940486,672.8331981508239,0.6546594790093505,652.049399460113,329.2830431846182,-2.2604159098930885,674.6804727128723,46.19239144848402,-7.006782591198634,-1.0570790724386536,-2.4565094183223772
48638790,9.306000,0.000000,0.000000,1023.57,1023.47,1020.47,1021.16,0.0,-0.0,0.27,0.25,0.31,0.17,1391.39,645.7097135410152,672.8434939367856,0.6619324983939253,652.0397668418652,329.29045500499967,-2.364173762995061,674.5456288083623,46.15597392865328,-7.068817206377991,-1.055570065747205,-2.433644799840148
48638890,9.406000,0.000000,0.000000,1023.61,1023.55,1020.54,1021.15,0.0,-0.0,0.27,0.26,0.29,0.17,1391.43,645.767174444488,672.8630232161677,0.6159347521030686,651.8502276451176,329.27953397933504,-2.344729527839172,674.3073864435847,46.153469038183594,-7.000305174491534,-1.0143003838229088,-2.506524464334135
48638991,9.506000,0.000000,0.000000,1023.58,1023.6,1020.51,1021.22,0.0,-0.0,0.27,0.27,0.3,0.16,1391.47,645.7621420756702,672.8720988122118,0.626439273305753,651.7649735759667,329.29785464685745,-2.265425430809059,674.1194649057007,46.164093676952845,-6.887401953784595,-1.0009537254890655,-2.512448230746441
48639090,9.606000,0.000000,0.000000,1023.62,1023.51,1020.52,1021.19,0.0,0.0,0.28,0.26,0.3,0.16,1391.54,645.6998960934427,672.8368209860811,0.6500504127988662,651.7432132404168,329.27508719514424,-2.2994291065788826,673.988984825469,46.14447169125698,-6.879489224350769,-1.0077398820790364,-2.4770604155565072
48639191,9.706000,0.000000,0.000000,1023.58,1023.53,1020.56,1021.17,0.0,0.0,0.27,0.26,0.29,0.17,1391.47,645.7232191583009,672.8413557200397,0.6850456861915647,651.724198765329,329.2895762281996,-2.2929987969902887,674.0491576402561,46.159178997195085,-6.894562361367308,-1.0007104091222618,-2.5070489056817054
48639291,9.806000,0.000000,0.000000,1023.62,1023.55,1020.5,1021.14,0.0,0.0,0.27,0.26,0.3,0.17,1391.55,645.7087367725686,672.8385664646348,0.6648435075165187,651.8059043966678,329.29866583312486,-2.3109014375631585,674.1780355114745,46.164112694860165,-6.882346885437696,-1.0167823241417742,-2.4843259525021772
48639391,9.906000,0.000000,0.000000,1023.57,1023.47,1020.56,1021.01,0.0,0.0,0.27,0.25,0.29,0.2,1391.46,645.7564664757797,672.8677119854301,0.6536072037896635,651.9559139814426,329.287810554235,-2.267438170388033,674.398397205572,46.15192593603491,-6.974486376866076,-1.033714822000049,-2.464587741450002
48639490,10.006000,0.000000,0.000000,1023.63,1023.49,1020.6,1021.14,0.0,0.0,0.28,0.25,0.28,0.17,1391.54,645.707365137217,672.8361856290693,0.6626695043980347,652.047036169993,329.2915814688077,-2.348706427323886,674.5590548957508,46.18579752246556,-7.0316303287297215,-1.0571994600413888,-2.432082960823476
48639591,10.106000,0.000000,0.000000,1023.52,1023.53,1020.53,1021.1,0.0,0.0,0.26,0.26,0.29,0.18,1391.5,645.707365137217,672.8361856290693,0.6626695043980347,652.047036169993,329.2915814688077,-2.348706427323886,674.5590548957508,46.18579752246556,-7.0316303287297215,-1.0571994600413888,-2.432082960823476
48639691,10.206000,23.851141,-14.980162,1023.54,1023.49,1020.56,1021.15,0.0,0.0,0.26,0.25,0.29,0.17,1391.47,645.7522874019714,672.8716396388776,0.6349274848093945,652.0559872873375,329.311913802439,-2.390023571300803,674.552035736557,46.178544426689655,-7.078191483162891,-1.0511560265502233,-2.440517216836025
48639790,10.308000,23.851141,-14.980162,1023.65,1023.57,1020.54,1021.22,0.0,0.0,0.28,0.27,0.29,0.16,1391.39,645.7084248040818,672.8370982955948,0.6628874636014961,651.8635507798544,329.2859502730162,-2.346432263898008,674.3910366380182,46.17529996174621,-7.005093669120787,-1.0264119807983945,-2.496690646483448
48639890,10.408000,22.087083,-13.497928,1023.62,1023.51,1020.49,1021.03,0.0,0.0,0.27,0.26,0.3,0.19,1391.53,645.7001084475944,672.8397719499726,0.6591767430944709,651.7837713814951,329.298108928697,-2.301219555697737,674.2113459266146,46.17615996545531,-6.908571593328097,-1.0145255084065292,-2.5001902482962635
48639991,10.506000,22.202165,-13.774356,1023.6,1023.58,1020.48,1021.19,0.0,0.0,0.27,0.27,0.3,0.16,1391.43,645.7059112042434,672.8315927677976,0.6709686103150984,651.8155800694589,329.344991180932,-2.269103781879455,674.0432687823072,46.15932633070415,-6.871571129887299,-1.0190246952149975,-2.4499848326372025
48640090,10.607000,22.207913,-13.802940,1023.56,1023.47,1020.56,1021.07,0.0,0.01,0.27,0.25,0.29,0.19,1391.43,645.7505942270055,672.863847876987,0.6534637350916163,651.7376285703086,329.29887041533755,-2.2823161873870474,674.0343198914238,46.15824443281796,-6.885800526116626,-0.9983470533044667,-2.505928546828071
48640190,10.706000,20.806682,-14.137644,1023.59,1023.51,1020.54,1021.12,0.0,0.0,0.27,0.26,0.29,0.18,1391.56,645.7574932743871,672.8548117956432,0.629907919634433,651.7693464381299,329.2931841837079,-2.3070674502556243,674.1308744444405,46.14643677096757,-6.901943244141386,-1.002494558989983,-2.510575444025559
48640290,10.806000,17.726102,-14.443815,1023.59,1023.37,1020.49,1021.13,0.0,0.0,0.27,0.23,0.3,0.17,1391.5,645.705096361177,672.8271402016168,0.663229830414202,651.8519525030889,329.2798058523599,-2.3531806437548646,674.3628998702198,46.20357141989392,-6.7584568607124895,-1.0250445966737467,-2.49664980712169
48640390,10.906000,17.989227,-12.828204,1023.59,1023.42,1020.53,1021.17,0.0,0.0,1.0,0.24,0.29,1.0,1391.59,645.7140548423625,672.82196900513,0.731804550831184,652.0164471255306,329.2790270325632,-2.353013045358069,674.4626290434973,46.15951363177993,-6.975483360326192,-1.0509893621590054,-2.4310434720505336
48640490,11.006000,16.638862,-11.080518,1032.72,1027.02,1024.59,1033.57,0.0,0.0,1.0,0.85,0.52,0.57,1388.73,645.7067927020265,672.8022111639696,0.6873282628972227,652.0552112750293,329.2887779805929,-2.3732800183441,674.5523004279619,46.17543601277773,-7.101454022610725,-1.0587539049585342,-2.425850767568022
48640590,11.106000,16.634305,-11.062960,1043.45,1030.21,1028.27,1040.69,0.0,0.0,0.63,1.0,1.0,0.85,1385.86,645.7538706946649,672.8754442759616,0.6374793144737142,651.866279327399,329.2586430763648,-2.2792411051637447,674.6960550645554,46.214168399594385,-7.192338430723913,-1.019095351893602,-2.5731843360251423
48640690,11.208000,13.310400,-9.729835,1043.2,1028.89,1026.74,1037.53,0.0,0.0,0.59,1.0,0.95,0.22,1385.05,645.6974213998872,672.8156328001161,0.6414802970725948,650.2492576407517,329.13895790379263,-1.7373390376252311,676.2713883162439,46.58370382011945,-8.841741882134675,-0.7588113380840255,-3.7442307631945084
48640791,11.307000,3.740342,-6.076010,1037.36,1026.53,1025.27,1037.05,0.0,-0.0,0.4,0.77,0.65,0.12,1385.96,645.7040887269306,672.8391047672703,0.6621823604539832,647.1597624558414,328.92690802045433,-0.07942205424618062,671.0483917503973,46.13964464168065,-9.9337902858238,-0.24251382687153902,-4.343604681718052
48640891,11.407000,3.163149,-7.914565,1040.33,1026.24,1024.24,1036.85,0.0,-0.0,0.1,0.72,0.45,0.08,1385.66,645.7486362759507,672.8668857563122,0.6306231045535943,641.5347148679433,328.9933621766636,1.8550385505214146,671.0483917503973,46.13964464168065,-9.9337902858238,-0.24251382687153902,-4.343604681718052
48640991,11.507000,4.527341,-9.906111,1039.89,1025.48,1023.99,1036.65,0.0,0.0,1.0,0.59,0.4,1.0,1386.28,645.6944353144357,672.7982068744583,0.7396077441015675,633.5700367958328,329.15713538346955,4.145146777371827,671.0483917503973,46.13964464168065,-9.9337902858238,-0.24251382687153902,-4.343604681718052
48641092,11.607000,4.527936,-9.906353,1036.98,1023.79,1023.11,1034.42,0.0,0.0,1.0,0.3,0.22,0.9,1387.14,645.6802911644342,672.8375844746258,0.7347361062562334,626.5147715970277,329.4860887945749,6.094532998492766,671.0483917503973,46.13964464168065,-9.9337902858238,-0.24251382687153902,-4.343604681718052
48641191,11.708000,7.691453,-10.971107,1034.42,1022.59,1022.17,1032.41,0.0,0.0,1.0,0.1,0.03,0.1,1387.97,645.6691418283606,672.822268784358,0.7202126009791953,621.845726512597,329.8379001138604,7.092036241048032,606.3772503320229,46.51416488335391,-1.291186288180913,3.973336557868047,-4.821628287560231
48641291,11.808000,14.237642,-13.234418,1032.53,1021.55,1022.15,1032.46,0.01,0.0,1.0,0.08,0.03,0.11,1388.78,645.6740618721911,672.8421428378807,0.7340541266429571,620.7650151323127,329.88257664501066,7.101945188360068,602.0879360282728,46.722720155551094,0.7497062968710693,4.154080553998283,-4.534427239231487
48641392,11.908000,15.878334,-12.089991,1031.04,1020.3,1022.33,1032.43,0.01,0.0,0.23,0.29,0.07,0.11,1388.02,645.6802873083584,672.8274102900496,0.7327109807509854,624.1262180873167,329.73998070069604,6.768725257383492,608.021012340865,46.47863599878439,-1.1476563726444242,3.5948163764300918,-3.935507401206338
48641491,12.015000,15.129500,-10.653605,1031.05,1020.09,1022.31,1032.42,0.01,0.0,0.23,0.33,0.06,0.11,1387.47,645.6953800277273,672.8377991297697,0.7027191574950149,630.5688287080575,329.39338413986155,5.463616171320067,608.021012340865,46.47863599878439,-1.1476563726444242,3.5948163764300918,-3.935507401206338
48641591,12.107000,14.928024,-10.437658,1031.7,1020.68,1022.4,1032.31,0.01,0.0,0.34,0.22,0.08,0.13,1388.13,645.7488793742405,672.8666460604551,0.6499114256291939,638.1882886986464,329.1201453818552,3.4357467236217754,608.021012340865,46.47863599878439,-1.1476563726444242,3.5948163764300918,-3.935507401206338
48641691,12.207000,12.034707,-9.548985,1031.92,1020.76,1022.32,1032.46,0.01,0.0,0.89,0.21,0.06,0.04,1388.82,645.7527465635969,672.876929477794,0.6348533900198344,644.3987929059031,329.0120867978192,1.3449938650407969,608.021012340865,46.47863599878439,-1.1476563726444242,3.5948163764300918,-3.935507401206338
48641791,12.307000,4.062303,-7.481676,1039.99,1024.26,1022.29,1032.52,0.01,0.0,0.49,0.38,0.06,0.03,1387.5,645.7559599548897,672.8589134341094,0.620840337943418,646.9887222264281,328.97744721713804,0.6026547870744043,663.9948229271688,45.386862128770254,-7.088604254435359,-0.20539569495926477,-3.0209598389873515
48641891,12.407000,5.426507,-8.320154,1040.81,1025.01,1022.28,1032.59,0.01,0.0,0.62,0.51,0.06,0.01,1387.12,645.7404591660522,672.8749776832016,0.6550934846534434,645.4053068689999,328.9293834038659,0.8586861763640815,661.3592147913836,45.35274389294307,-7.447623566893916,0.05583094058123732,-3.3317050046205776
48641991,12.508000,4.783912,-4.447281,1038.04,1024.04,1022.29,1032.61,0.01,0.0,0.15,0.35,0.06,0.01,1387.79,645.7472112737204,672.8510601308234,0.6599686480675592,639.7989210348533,329.00446024597335,2.9253616707068932,661.3592147913836,45.35274389294307,-7.447623566893916,0.05583094058123732,-3.3317050046205776
48642091,12.607000,4.197796,-1.588475,1037.1,1023.99,1022.15,1032.65,0.01,0.0,0.0,0.34,0.03,0.0,1388.52,645.6923616165227,672.8349246881262,0.6975612602503354,631.1799412270806,329.3370833241469,5.4608245683746794,661.3592147913836,45.35274389294307,-7.447623566893916,0.05583094058123732,-3.3317050046205776
48642191,12.707000,2.750251,-6.054981,1036.94,1024.07,1022.15,1032.6,0.01,0.0,0.03,0.35,0.03,0.01,1387.95,645.6701249498558,672.8237814348449,0.7164224718951518,622.8325594688836,329.7446271001296,7.291945375430753,661.3592147913836,45.35274389294307,-7.447623566893916,0.05583094058123732,-3.3317050046205776
48642292,12.807000,2.368329,-5.388842,1037.1,1023.75,1022.2,1032.65,0.0,0.0,1.0,0.3,0.04,0.92,1388.72,645.6697618777172,672.8372161479246,0.7304903695763014,618.0529998383644,330.1584308223256,7.951619938190188,595.8841362699914,47.496020882153346,1.1068443666796872,4.607555520489257,-4.730653550854362
48642392,12.908000,0.384004,-3.136311,1036.95,1023.25,1021.94,1031.5,0.0,0.0,1.0,0.21,0.01,0.69,1388.67,645.676314715955,672.8329537730477,0.7022658932324086,618.3041420709375,330.09880195756153,8.120385961807116,594.8387195735687,47.373537037268704,1.6632612777459628,4.566187198432458,-4.387855988317741
48642492,13.007000,2.834082,-3.635623,1034.82,1021.85,1021.42,1030.08,0.0,0.0,1.0,0.03,0.12,0.41,1388.12,645.6673642107477,672.8342153063127,0.7302687414188989,623.3273550418041,329.67609004776915,7.332562085708596,594.8387195735687,47.373537037268704,1.6632612777459628,4.566187198432458,-4.387855988317741
48642592,13.108000,3.147765,-6.763272,1032.82,1020.57,1021.16,1029.52,0.01,0.01,1.0,0.24,0.17,0.29,1387.36,645.6979140595084,672.8071799895241,0.7309479445593404,631.183874104392,329.35495336368587,5.563525461095719,594.8387195735687,47.373537037268704,1.6632612777459628,4.566187198432458,-4.387855988317741
48642691,13.207000,4.349930,-8.228788,1031.03,1019.61,1021.2,1029.56,0.01,0.0,1.0,0.41,0.16,0.16,1387.8,645.6927729443979,672.823994731735,0.6699325055071036,638.7901569493066,329.13644806353113,3.1475699354498268,594.8387195735687,47.373537037268704,1.6632612777459628,4.566187198432458,-4.387855988317741
48642791,13.307000,6.118445,-6.756553,1029.98,1022.05,1021.11,1029.55,0.01,0.0,0.62,0.01,0.18,0.14,1388.48,645.7484104615111,672.8728937348167,0.6224789835982171,644.2592840945885,328.92642978507445,1.2306327957269172,655.0209998588202,45.13812408961074,-6.477460346569737,0.2480622184789595,-2.667833307007092
48642891,13.406000,9.004930,-7.682632,1028.84,1022.16,1021.06,1029.72,0.01,0.0,0.12,0.03,0.19,0.19,1387.65,645.7610249294689,672.8639538258677,0.6174592136160779,645.5582310731638,328.91933449686115,0.7438719779808519,659.5934032313413,45.258110482746325,-6.125188879768018,0.033782272139298866,-2.900171879219624
48642991,13.507000,8.986802,-8.944152,1028.31,1022.33,1021.0,1029.71,0.01,0.0,0.03,0.06,0.2,0.19,1388.04,645.7483820482778,672.8693442923851,0.6423287376254448,643.0323828540204,328.9434826086977,1.6037556257942576,654.7032324127179,45.017285759547526,-6.477491905758857,0.4524581415683856,-3.2587469496770094
48643092,13.607000,8.143500,-9.549332,1028.19,1022.37,1020.97,1029.87,0.01,0.0,0.01,0.06,0.21,0.22,1388.73,645.6913580319439,672.8087436867413,0.7312367172754428,638.662406379586,329.06258961541727,2.950966909752068,654.7032324127179,45.017285759547526,-6.477491905758857,0.4524581415683856,-3.2587469496770094
48643192,13.708000,9.315408,-9.754403,1028.11,1022.44,1020.91,1029.79,0.01,0.0,0.34,0.07,0.22,0.35,1389.38,645.7038212362961,672.81692449978,0.725409676933694,633.847621554116,329.201981015951,4.015021749996081,632.2979061735224,45.17476218631255,-4.150805138899552,1.9761678714143929,-3.6397203885271106
48643292,13.808000,9.305877,-8.704333,1029.04,1022.66,1021.45,1031.19,0.01,-0.0,0.39,0.11,0.11,0.11,1387.29,645.6804270451092,672.8096900813887,0.6869767729273049,630.5633921444695,329.3127964961197,4.752565166119213,623.9133544766892,45.38839594474318,-1.636305579209693,2.5199172934002334,-3.698106152928939
48643392,13.908000,9.806817,-9.268034,1030.4,1022.94,1021.62,1031.12,0.0,-0.0,0.16,0.16,0.08,0.13,1387.69,645.6864479043442,672.8178876776682,0.7327926160590967,630.1537380523598,329.3185458963594,4.8631904290812225,621.9096557798606,45.37370337628686,-1.1458168418282604,2.589096308012722,-3.5151285654773985
48643492,14.007000,9.708683,-9.691763,1030.89,1023.03,1021.71,1030.99,0.01,-0.0,0.07,0.17,0.06,0.15,1388.25,645.6872184297789,672.8235695491114,0.73815759806881,632.360817995278,329.220186962364,4.431877478094874,627.2146572821842,45.318180147974395,-2.75292554828876,2.221060786858073,-3.403661135284794
48643593,14.108000,9.542812,-9.439305,1031.09,1022.87,1021.7,1030.91,0.0,-0.0,0.11,0.15,0.06,0.16,1388.81,645.7238248656772,672.8184396549569,0.7050669836158283,636.5034973431427,329.09546325792775,3.489970528600951,636.668376824499,45.15813809132927,-4.4405533353246405,1.5365839065127438,-3.1064388785419474
48643692,14.208000,9.344770,-9.241884,1031.25,1022.86,1021.63,1030.88,0.0,-0.0,0.08,0.15,0.07,0.16,1389.56,645.7187197988316,672.8037808309313,0.7135968787933942,640.5482655271628,329.0159808339717,2.2599528845821637,646.649459228944,45.02491797123573,-5.478141073847983,0.8616445228883421,-2.9540280645635404
48643793,14.307000,9.304274,-9.574721,1031.06,1022.94,1021.64,1030.96,0.0,-0.0,0.05,0.16,0.07,0.06,1390.03,645.6926175567355,672.8389001391896,0.6767956026803988,642.8767244934176,328.9065368344523,1.465243474797007,653.1364092055409,45.01971509470818,-5.499682802441294,0.46908985736481595,-3.007951410246837
48643893,14.409000,9.348596,-9.561748,1030.81,1023.17,1021.64,1031.03,0.0,-0.0,0.08,0.2,0.07,0.11,1390.3,645.7490652302004,672.8602708104007,0.619313896540109,642.774940636967,328.889187640633,1.588076979357084,653.5640277448093,45.02185208117565,-5.458088559667968,0.49539205162488514,-3.167405621689696
48643993,14.509000,9.488818,-9.502499,1030.67,1023.2,1021.51,1030.93,0.0,-0.0,0.11,0.2,0.1,0.13,1390.67,645.7060243497185,672.8163521547231,0.7195979503128261,642.774940636967,328.889187640633,1.588076979357084,653.5640277448093,45.02185208117565,-5.458088559667968,0.49539205162488514,-3.167405621689696
48644093,14.608000,9.757453,-9.873528,1030.47,1023.43,1021.35,1031.05,0.01,-0.01,0.17,0.24,0.13,0.09,1390.88,645.6830137765306,672.798402919481,0.7132707931381459,636.4265538056015,329.0752589551031,3.389069595093725,638.999336345747,45.05475417413153,-4.595391675707934,1.542601787536122,-3.6041997283737626
48644193,14.709000,9.938833,-9.855007,1030.44,1023.4,1021.55,1030.91,0.01,-0.01,0.22,0.24,0.09,0.19,1391.11,645.7026095347458,672.8094311736132,0.7312355976368823,636.4265538056015,329.0752589551031,3.389069595093725,638.999336345747,45.05475417413153,-4.595391675707934,1.542601787536122,-3.6041997283737626
48644293,14.809000,10.016289,-9.687580,1030.55,1023.26,1021.52,1031.09,0.01,-0.01,0.2,0.21,0.1,0.16,1391.11,645.6932828175092,672.8164542625409,0.7464442201977995,630.5648201720782,329.2701201147661,4.676777361295011,624.2234357767735,45.292929045631666,-1.5804406713662773,2.521457317661878,-3.763677433902723
48644392,14.909000,9.982397,-9.831852,1030.76,1023.1,1021.63,1030.99,0.01,-0.01,0.21,0.19,0.07,0.14,1391.28,645.699579589961,672.806250811281,0.7361507099726926,630.8137411059056,329.2915746587104,4.630757841583639,623.9317001507213,45.361843091215015,-1.5654100106753823,2.481298516339799,-3.574103105265911
48644493,15.008000,9.840392,-9.805347,1030.96,1023.06,1021.66,1030.96,0.0,-0.01,0.17,0.18,0.07,0.17,1391.34,645.70492579295,672.8289310529655,0.7427675014905144,633.2720016661257,329.147746923761,4.1224154154951735,629.2158090193743,45.27555131403602,-2.8220365455978733,2.0718142486339426,-3.324996350316624
48644592,15.108000,9.611983,-9.317932,1031.12,1022.93,1021.62,1030.92,0.0,-0.01,0.15,0.16,0.08,0.18,1391.57,645.700113207644,672.8068170230111,0.7259739692228329,636.9095682694676,329.03896017435045,3.2023249413584187,637.9165485729508,44.993406728451546,-4.221411933992071,1.4648006753850469,-3.132721868017363
48644692,15.207000,9.494151,-9.702349,1031.08,1022.89,1021.76,1030.87,0.0,-0.01,0.09,0.15,0.05,0.09,1391.6,645.7057781116762,672.8244214525624,0.7110371005952371,640.346644115772,328.95843690025197,2.232256686665104,646.3772437000711,44.91613068403515,-4.9607079851683205,0.8928795429071433,-3.002042691208722
48644792,15.307000,9.401281,-9.713286,1030.95,1023.04,1021.59,1030.81,0.0,-0.01,0.11,0.18,0.08,0.1,1391.62,645.7096743972718,672.8110617551979,0.7079988046909292,642.2492130045022,328.93368099753485,1.6040160629359528,651.5061863928922,44.990213783229265,-5.192748133796144,0.5765518520677355,-3.0203687742750134
48644892,15.409000,9.452537,-9.555407,1030.63,1023.21,1021.57,1030.9,0.0,-0.01,0.17,0.21,0.09,0.08,1391.76,645.7096743972718,672.8110617551979,0.7079988046909292,642.2492130045022,328.93368099753485,1.6040160629359528,651.5061863928922,44.990213783229265,-5.192748133796144,0.5765518520677355,-3.0203687742750134
48644993,15.509000,9.640415,-9.978488,1030.58,1023.27,1021.65,1030.9,0.0,-0.01,0.18,0.22,0.07,0.08,1391.78,645.6902815175555,672.8494742409338,0.6969743163209641,639.3601871023518,328.8888590558263,2.2805322770734398,646.0883971940373,44.896369607021114,-5.110628202354953,1.05432639649464,-3.4658222796901965
48645093,15.609000,9.773854,-9.921645,1030.4,1023.44,1021.64,1031.11,0.0,-0.01,0.21,0.24,0.07,0.04,1391.78,645.6953579470165,672.8146316217109,0.7314425255718519,636.0439680444437,329.0976504359688,3.4135529318501296,637.8330789158815,44.967603132228206,-4.214325061545896,1.6084123631981218,-3.5776001818893284
48645194,15.709000,9.975075,-9.954499,1030.44,1023.47,1021.55,1030.97,0.0,-0.01,0.23,0.25,0.09,0.19,1391.6,645.6970775236151,672.8117190510543,0.72657559193814,632.861454396532,329.1744566866168,4.153449553876515,630.05956178213,45.133145183223924,-2.807946535857724,2.139131517275771,-3.7130937855940855
48645294,15.809000,10.008073,-9.772007,1030.53,1023.31,1021.56,1030.95,0.0,-0.01,0.21,0.22,0.09,0.19,1391.64,645.6994532374885,672.8205093896238,0.7492162912428497,631.2189482566592,329.27849004112295,4.523531715226509,625.5882650591406,45.220583722686506,-1.9047118123346918,2.4136232105251856,-3.6916605722550795
48645394,15.910000,10.018406,-9.704023,1030.83,1023.22,1021.66,1031.03,0.0,-0.01,0.2,0.21,0.07,0.15,1391.8,645.6955884394873,672.8083502374074,0.7448204274713948,631.719777855056,329.2092468841173,4.357013262210915,626.1824850475377,45.19859736569127,-1.7334125917053267,2.329208058221663,-3.541474488945039
48645494,16.010000,9.852984,-9.502394,1030.87,1023.07,1021.64,1030.89,0.01,-0.01,0.2,0.18,0.07,0.16,1391.88,645.6977125624426,672.8189121663228,0.7342076698942007,634.0513263782095,329.1806122304535,3.909975883474002,631.2116435218943,45.18769042987155,-3.049584472247496,1.9410917299485078,-3.30929446089521
48645595,16.110000,9.657851,-9.473612,1031.08,1022.88,1021.68,1030.89,0.01,-0.01,0.13,0.15,0.06,0.12,1391.81,645.6906026474823,672.8073689157277,0.7324472992086118,637.288975270933,329.0171265510422,3.0784319211206053,638.8678851822475,45.03136601484597,-4.249531644436439,1.3999291837383814,-3.118409346434267
48645696,16.211000,9.600719,-9.639470,1030.93,1022.82,1021.58,1030.88,0.01,-0.01,0.16,0.14,0.08,0.12,1391.8,645.7525359319451,672.8740368608416,0.648833012265922,640.1880257196568,328.922179683077,2.231096810542836,646.2249813279581,44.89457399752145,-4.781733408371714,0.9268597695718084,-3.0713476748258004
48645797,16.312000,9.433504,-9.630618,1030.84,1023.08,1021.65,1030.98,0.01,-0.01,0.17,0.18,0.07,0.1,1391.96,645.7525359319451,672.8740368608416,0.648833012265922,640.1880257196568,328.922179683077,2.231096810542836,646.2249813279581,44.89457399752145,-4.781733408371714,0.9268597695718084,-3.0713476748258004
48645896,16.413000,9.402377,-9.757927,1030.69,1023.19,1021.45,1031.02,0.0,-0.01,0.13,0.2,0.11,0.12,1391.89,645.7434646165351,672.8581313566743,0.6261831181605277,641.498208345474,328.90702862300793,1.6156350538646278,650.1826995758497,44.996014935375726,-4.913127092208427,0.707143878821806,-3.16634937396364
48645997,16.512000,9.782829,-9.799483,1030.51,1023.38,1021.61,1031.04,0.0,-0.01,0.16,0.23,0.08,0.12,1391.94,645.6924751995191,672.8082128051614,0.7007048487889022,638.7363492729911,329.00702857161394,2.6530056791003798,644.2298291036682,44.90500824465711,-4.700431323615932,1.1591067825016799,-3.425963484024338
48646096,16.612000,9.793337,-9.748568,1030.5,1023.39,1021.49,1030.96,0.0,-0.01,0.16,0.23,0.08,0.12,1391.78,645.7037717781019,672.8125610666112,0.7233295052955544,635.6001366186936,329.12099922767277,3.4161404299048366,636.7948078361418,45.047954978600046,-3.930290554996964,1.683861465444216,-3.608679320505822
48646196,16.711000,9.975048,-9.979695,1030.49,1023.29,1021.58,1030.86,0.01,-0.01,0.22,0.22,0.08,0.18,1391.77,645.6915762002576,672.807992139123,0.7421023927160262,633.0107347173004,329.17278157991655,4.077092697659755,630.1985108167634,45.12002460957882,-2.6384286732461772,2.1133723926259185,-3.6595146054633814
48646296,16.812000,10.044465,-9.885724,1030.64,1023.19,1021.68,1030.88,0.01,-0.01,0.22,0.22,0.08,0.18,1391.78,645.6870386634993,672.8331835338593,0.7246004932243957,631.8460944987094,329.2549470851761,4.35932170772776,626.9556875554846,45.214358140985574,-2.035352651750452,2.306895571952671,-3.6274110038896055
48646396,16.912000,9.988803,-9.746017,1030.64,1023.19,1021.68,1030.88,0.01,-0.01,0.2,0.2,0.06,0.17,1391.92,645.7088701227217,672.8258056914261,0.7204599266514995,632.470047277435,329.2101713525371,4.2555384850566575,627.9970265435165,45.202443365925525,-1.982497519476822,2.206400440577306,-3.5104873276765933
48646496,17.012000,9.883168,-9.750682,1030.88,1023.06,1021.7,1030.9,0.01,-0.01,0.16,0.18,0.06,0.17,1391.92,645.6944356097301,672.814442714594,0.7201427789015185,634.7570093012107,329.0828193761492,3.751959702191738,633.0385830499116,45.16204102621656,-3.2383380409871845,1.8225177822269272,-3.2982579529704728
48646596,17.112000,9.700242,-9.395368,1030.9,1022.92,1021.83,1030.92,0.01,-0.0,0.15,0.16,0.03,0.17,1391.86,645.7023185863338,672.8178980257914,0.7288756868807093,637.5770121889867,328.9940873207926,2.8273211736196173,639.7973426685382,44.968876472918744,-4.098578840718762,1.3537722297360282,-3.1554377076875793
48646696,17.212000,9.596803,-9.647364,1031.02,1022.92,1021.65,1030.94,0.01,-0.0,0.13,0.16,0.07,0.16,1391.77,645.7023185863338,672.8178980257914,0.7288756868807093,637.5770121889867,328.9940873207926,2.8273211736196173,639.7973426685382,44.968876472918744,-4.098578840718762,1.3537722297360282,-3.1554377076875793
48646796,17.311000,9.344625,-9.657100,1030.94,1022.95,1021.7,1030.84,0.01,-0.0,0.13,0.16,0.06,0.11,1391.75,645.707264763051,672.8079877029074,0.7198304151819642,639.9805296868943,328.9871226101736,2.2087589804867256,645.9830925677644,44.92298743436722,-4.555686247631185,0.9542393892728558,-3.119016474858234
48646897,17.412000,9.715938,-9.833063,1030.73,1023.12,1021.71,1030.81,0.01,-0.01,0.17,0.19,0.06,0.12,1391.93,645.6993939785054,672.8130360760308,0.7195486888451554,640.219056359972,328.906359107732,2.1169894591195613,647.491163122488,44.96750140629849,-4.790622474691861,0.9129617472197699,-3.293034977237369
48646997,17.512000,10.016661,-9.952861,1030.61,1023.17,1021.54,1030.89,0.01,-0.01,0.19,0.2,0.09,0.1,1391.97,645.7010871019614,672.8081730722581,0.7077274286320061,638.0433828667467,328.99662200638426,2.735094555566118,642.428626839666,44.91008008563363,-4.290595927128226,1.2759361938964122,-3.43623676696072
48647096,17.612000,9.880545,-9.911912,1030.55,1023.3,1021.59,1030.96,0.01,-0.01,0.2,0.22,0.08,0.17,1391.86,645.6966499058595,672.808792042189,0.7423681869928898,635.3364262184058,329.1406161551691,3.5563359504021568,635.9578188473603,45.015866641731506,-3.491470817088926,1.726716102844901,-3.578740255606772
48647196,17.713000,9.946297,-9.704205,1030.53,1023.34,1021.55,1031.01,0.01,-0.01,0.2,0.23,0.09,0.17,1391.89,645.6797452031907,672.833404189872,0.700630449892569,633.1651572674247,329.1725589097195,4.016016008095327,630.4596919487079,45.0975244653155,-2.559508829605412,2.085533987136803,-3.6254126395679975
48647297,17.812000,10.019048,-9.647801,1030.71,1023.26,1021.63,1031.0,0.01,-0.01,0.2,0.21,0.07,0.18,1391.96,645.7087460499,672.8168791265254,0.7394296266052212,632.3688670399843,329.18831293129153,4.223780204644031,628.269149482898,45.1611424699152,-1.8567700569586905,2.223142180344239,-3.6193205124258983
48647398,17.913000,9.986758,-9.720781,1030.81,1023.22,1021.64,1030.93,0.01,-0.0,0.19,0.21,0.07,0.16,1391.91,645.7263220575667,672.8712560482735,0.6494249017599462,633.2238396461647,329.1796155739694,4.034951819275164,629.663845360729,45.106418026322046,-2.2277721897635656,2.0833318804118,-3.448672861149106
48647497,18.013000,9.851465,-9.606627,1030.89,1023.13,1021.72,1030.98,0.01,-0.0,0.18,0.19,0.06,0.14,1392.0,645.6972916724286,672.8085673431459,0.7214020999163753,635.3701451236986,329.1567200204845,3.59745265216489,634.4350935968373,45.00229423416703,-3.1804111431189144,1.7212882626779364,-3.2540370979127045
48647598,18.113000,9.724701,-9.604565,1030.97,1023.07,1021.66,1030.94,0.01,-0.0,0.17,0.18,0.07,0.16,1391.89,645.696164282963,672.8056062132747,0.726865708129365,637.8879418641011,328.9793237557221,2.7867405089444883,640.6295659299517,44.99664884481326,-3.9671530376645405,1.300951460816879,-3.1550303547226584
48647697,18.215000,9.683980,-9.765148,1031.05,1022.96,1021.67,1030.83,0.01,-0.0,0.16,0.16,0.07,0.18,1392.05,645.696164282963,672.8056062132747,0.726865708129365,637.8879418641011,328.9793237557221,2.7867405089444883,640.6295659299517,44.99664884481326,-3.9671530376645405,1.300951460816879,-3.1550303547226584
48647798,18.315000,9.461541,-9.844250,1030.9,1022.94,1021.67,1030.86,0.01,-0.0,0.19,0.16,0.07,0.17,1392.05,645.6914736589827,672.8368071995286,0.6864095358474109,639.7683115923822,328.9502434775991,2.1376213382271083,645.5834685987156,44.97876582053355,-4.316940385002332,0.98677491009353,-3.1466866257269186
48647898,18.414000,9.724830,-9.971520,1030.87,1023.08,1021.64,1030.9,0.01,-0.0,0.14,0.18,0.07,0.17,1391.9,645.6914736589827,672.8368071995286,0.6864095358474109,639.7683115923822,328.9502434775991,2.1376213382271083,645.5834685987156,44.97876582053355,-4.316940385002332,0.98677491009353,-3.1466866257269186
48647999,18.514000,9.805286,-9.967022,1030.68,1023.2,1021.54,1031.02,0.01,-0.0,0.13,0.2,0.09,0.17,1391.9,645.7029187801731,672.8099416319118,0.7297175360482355,640.467901235526,328.90308236501556,2.1217928496416567,647.6307519808649,44.94379585125068,-4.552584309521953,0.8721002181058339,-3.18917555790296
48648098,18.616000,10.147787,-10.040641,1030.52,1023.34,1021.61,1031.09,0.01,-0.0,0.21,0.23,0.08,0.18,1391.89,645.692862321711,672.8233105112779,0.7338493082012648,639.4796286096772,328.94831185465523,2.1887979472259427,645.8502594768123,44.933384385231335,-4.514798942605895,1.0351242119180868,-3.3552127989390677
48648199,18.721000,10.221826,-9.955221,1030.56,1023.33,1021.5,1031.01,0.01,-0.0,0.21,0.23,0.1,0.19,1391.86,645.6898659106657,672.8187130896804,0.7238672830972486,637.4320969180087,329.00570138366913,2.8060931094400816,641.0402387863709,44.91789629724949,-3.95916731865299,1.3758768488992927,-3.4794167032329772
48648299,18.815000,10.094426,-9.732616,1030.67,1023.2,1021.65,1030.93,0.01,-0.0,0.19,0.2,0.07,0.21,1391.97,645.6898659106657,672.8187130896804,0.7238672830972486,637.4320969180087,329.00570138366913,2.8060931094400816,641.0402387863709,44.91789629724949,-3.95916731865299,1.3758768488992927,-3.4794167032329772
48648398,18.915000,10.159826,-9.762375,1030.82,1023.1,1021.7,1030.81,0.01,-0.0,0.24,0.19,0.06,0.23,1391.96,645.6915087991405,672.8383704436588,0.6876691717116059,635.0924671065964,329.1279995352765,3.5491390448452846,635.3443205228198,45.07374845846974,-3.4175891100211766,1.7662777255968851,-3.5833560780794516
48648499,19.014000,9.749430,-9.603598,1030.94,1023.03,1021.61,1030.86,0.01,-0.0,0.2,0.17,0.08,0.17,1391.95,645.6936580456598,672.8093024180997,0.7200924871736424,632.9088074770228,329.1673631664951,4.053448770627386,629.3217474788904,45.07577500004321,-2.1085374470320297,2.130648817015776,-3.5378954412211727
48648599,19.115000,9.459324,-9.469442,1030.99,1022.98,1021.63,1030.89,0.01,-0.0,0.19,0.17,0.07,0.17,1391.9,645.7035673120768,672.8047715783204,0.7098256907631628,635.8669541492008,329.0863559086279,3.3556939695890327,635.8096750078214,44.99065216574263,-3.163936777843766,1.6392564564342125,-3.2669609852346624
48648699,19.216000,9.652118,-9.759399,1030.93,1022.95,1021.57,1030.96,0.01,-0.0,0.14,0.16,0.09,0.13,1391.85,645.704522633875,672.8158205907696,0.7173226718485107,639.5531802128154,328.94133855986837,2.1584544683423172,645.2274910600918,44.95449184178667,-4.233432446038531,1.024816877476339,-3.1943022899778857
48648799,19.315000,9.782079,-9.857713,1030.82,1023.01,1021.56,1030.91,0.01,-0.0,0.11,0.17,0.09,0.11,1392.05,645.6764781211973,672.8265234695795,0.6494193321226807,639.8709777316191,328.95587362005193,2.128648758417174,646.441105314939,44.94074362477892,-4.372936093394001,0.9672214616188595,-3.25963096480807
48648900,19.415000,9.680611,-9.825769,1030.82,1023.13,1021.68,1030.92,0.01,-0.0,0.14,0.19,0.06,0.17,1392.07,645.6964590315523,672.8264622904968,0.7120382280851503,638.9595444351987,328.92339471088764,2.3393002375218943,644.3909505817642,44.93901262854935,-4.3558384351526875,1.1222563723873782,-3.3402022701028686
48649000,19.516000,9.769307,-9.662847,1030.64,1023.15,1021.57,1030.84,0.01,-0.01,0.19,0.2,0.09,0.2,1392.03,645.6943726540405,672.8038607685088,0.7155367899775387,636.9834846028762,329.0613257135352,3.056576768861417,639.8774111245535,44.923955453622064,-3.794727888542141,1.4516397428128216,-3.4868142835484637
48649100,19.616000,9.881674,-9.919293,1030.55,1023.28,1021.59,1030.93,0.01,-0.01,0.19,0.22,0.08,0.18,1391.95,645.6756996302535,672.823842347307,0.6708905807612137,634.9126447431814,329.0904462615289,3.6191076308436094,634.7904429979754,44.98012793749502,-3.031861474832462,1.7934719280982632,-3.562299753655789
48649199,19.717000,9.978106,-9.843699,1030.63,1023.1,1021.62,1031.01,0.01,-0.01,0.19,0.19,0.08,0.13,1392.0,645.7458620804756,672.8614426187594,0.6312842873759624,633.5396481288509,329.17462572855095,3.9008586476793248,631.2344408012219,45.02400290551441,-2.409521113149126,2.0340341352034033,-3.6032593180042314
48649299,19.822000,9.948424,-9.738484,1030.73,1023.15,1021.6,1031.01,0.01,-0.01,0.18,0.2,0.08,0.13,1392.0,645.6787388277604,672.8346002625498,0.6919297053799821,633.3543373892728,329.10988430086326,3.944899621122347,630.3487064291908,45.07214088271537,-2.261175710488034,2.053485775097816,-3.50070162480968
48649406,19.928000,10.001077,-9.795818,1030.8,1023.08,1021.64,1030.93,0.01,-0.01,0.2,0.18,0.07,0.18,1391.98,645.6969577315685,672.8083191141575,0.732978801487293,634.4445993335823,329.09780244698266,3.717214547324139,632.66192105256,45.10797739693635,-2.6968030056224515,1.8750734548355903,-3.39049106576336
48649502,20.023000,9.861176,-9.725623,1030.86,1022.93,1021.66,1030.98,0.01,-0.01,0.19,0.16,0.07,0.17,1391.97,645.6717892003783,672.8132506430891,0.6695943302011869,636.3188259101673,329.07732374182734,3.310968427937221,636.9531704190395,44.93614053402243,-3.217183963152799,1.558618370041884,-3.2451492176886862
48649607,20.118000,9.651314,-9.758622,1030.86,1022.95,1021.64,1030.82,0.01,-0.01,0.18,0.16,0.07,0.19,1392.02,645.7008899659344,672.8228283575896,0.7196362971613339,638.2122013096324,329.00876890511563,2.7019619842722213,641.5955746161413,44.96861429110923,-3.8160271233235106,1.247774511351647,-3.1780012754988647
48649706,20.226000,9.674584,-9.931763,1030.95,1022.96,1021.63,1030.86,0.01,-0.01,0.16,0.16,0.07,0.17,1391.99,645.7491251794588,672.8636515494779,0.6581528121446406,639.3630742576569,328.92903804740115,2.2349067910194296,644.8469522417319,44.90785847168448,-4.30020202854056,1.0637246493170285,-3.2335781734112863
48649806,20.321000,9.763816,-9.674318,1030.74,1023.05,1021.72,1030.9,0.01,-0.01,0.19,0.18,0.06,0.16,1392.09,645.7405967418873,672.876051334324,0.6478476215834778,639.3949829816821,328.94103436424393,2.1914359314821263,645.3423855477625,44.949419751149925,-4.365146950249764,1.0569893236833414,-3.3137016154879166
48649906,20.422000,9.876124,-9.692473,1030.76,1023.13,1021.6,1030.87,0.0,-0.01,0.15,0.19,0.08,0.21,1392.16,645.7039605249765,672.818575447953,0.7333572940792523,638.3572481374149,329.0204544378866,2.6932658332190327,643.0206680169206,44.94539646238505,-4.125530986033835,1.2241822516289467,-3.388856360957922
48650006,20.522000,9.989405,-10.035482,1030.62,1023.21,1021.62,1030.99,0.0,-0.02,0.18,0.21,0.08,0.19,1392.16,645.6865404129926,672.8209228147296,0.7512039219265257,636.6005289695377,329.05619089439966,3.190512352212965,638.7562025478925,44.941327877683875,-3.5372936294051276,1.5140265536117572,-3.4627668238555493
48650106,20.621000,9.915318,-10.031339,1030.63,1023.32,1021.62,1031.02,0.0,-0.02,0.21,0.22,0.08,0.13,1392.05,645.68983732294,672.8002005448219,0.7215033353963802,634.8385895214319,329.0881529113022,3.6132505295590747,634.3917878280857,44.96988409525415,-2.9620842456190553,1.8082702278530538,-3.5264377308388086
48650207,20.727000,10.039758,-10.088313,1030.6,1023.29,1021.68,1030.9,0.0,-0.01,0.22,0.22,0.06,0.16,1392.09,645.6941849827499,672.8149631663038,0.7397941052376549,633.7907772191451,329.13002934756196,3.8299432716463393,631.5934666504229,45.069971938846436,-2.4300297036975387,1.983626426226512,-3.524057451959885
48650306,20.823000,10.024334,-9.944292,1030.8,1023.06,1021.65,1030.83,0.0,-0.01,0.18,0.18,0.07,0.17,1392.04,645.673829484211,672.8093670838085,0.7454591642799723,633.8177900053466,329.10677959746795,3.8802423063832703,631.456843751392,45.09909379107066,-2.466696480503112,1.9756376744964752,-3.474988449435024
48650406,20.922000,10.017090,-10.049787,1030.86,1023.11,1021.73,1030.85,0.0,-0.02,0.17,0.19,0.05,0.17,1392.1,645.6902015471958,672.8004121305505,0.7266787138851258,634.9524037417525,329.11038548418685,3.5947276098152865,633.8002655969184,45.088553745790165,-2.7935652972421274,1.7894916594754346,-3.3465635411166144
48650506,21.021000,9.874006,-9.761660,1030.85,1023.01,1021.67,1030.84,0.0,-0.02,0.17,0.17,0.07,0.17,1392.12,645.6957699496577,672.813158862103,0.7251354799737325,636.7073621322262,329.07837865284233,3.205978736619661,637.7542328220828,44.99081181959285,-3.433004275568875,1.4979004975055665,-3.2069366015133
48650607,21.122000,9.792815,-9.700811,1030.87,1022.98,1021.7,1031.02,0.0,-0.02,0.17,0.17,0.06,0.13,1392.07,645.683945925138,672.8145074578981,0.7188906742785376,638.2966439677956,329.0300989074671,2.7177700838559344,641.89772580785,44.88446825702513,-3.8536621753808586,1.2309926972771295,-3.188076960238067
48650707,21.222000,9.717188,-9.679517,1030.81,1023.08,1021.6,1031.04,0.0,-0.02,0.18,0.18,0.08,0.13,1392.12,645.6847448928492,672.8177448172975,0.6668992193572403,639.1449080959907,328.8992815250189,2.424648472553627,644.4270759381462,44.9393943840977,-4.296114253919261,1.08938580821228,-3.244453908410387
48650806,21.322000,9.636422,-8.976716,1030.79,1023.06,1021.64,1030.95,0.0,-0.01,0.18,0.18,0.07,0.15,1392.07,645.7338988769385,672.8666363140624,0.609666164946387,638.9194440059731,328.95361216861846,2.5518994111214526,644.2970672268057,44.94586205598905,-4.163641189489852,1.135137058407542,-3.3550272609136735
48650907,21.422000,9.458857,-3.375662,1030.68,1023.17,1021.62,1031.0,0.0,-0.02,0.18,0.2,0.08,0.14,1392.01,645.7089839531503,672.8157828707674,0.7006394907081012,637.7971534376262,328.98928987073197,2.64924188235822,641.7156955297377,44.95609510413984,-3.835775842625474,1.3182070598871514,-3.426820612145858
48651006,21.523000,11.774039,-7.112185,1030.63,1023.35,1021.65,1030.92,0.0,-0.02,0.19,0.23,0.07,0.15,1392.03,645.6952103268275,672.8158067315006,0.7313320941010237,636.2293448119776,329.0635539419652,3.2410999355990064,637.8957781185054,44.93126881102667,-3.424787273201935,1.577348558319687,-3.4907324971657747
48651106,21.621000,13.990123,-5.823007,1030.59,1023.29,1021.62,1030.86,0.0,-0.02,0.19,0.22,0.08,0.16,1392.07,645.730799673851,672.8679771451089,0.6589518153598155,634.7573110029995,329.0620593603453,3.581271457248962,634.199459285795,44.9838412921695,-2.960604600633077,1.8281279637189451,-3.543742873383516
48651206,21.721000,14.373587,-6.044713,1030.68,1023.14,1021.83,1030.87,0.0,-0.02,0.18,0.19,0.03,0.16,1391.97,645.6997732225576,672.8254459886869,0.74591898226426,634.010778971024,329.10814550775586,3.746670042296713,632.1867475731781,44.999121128229376,-2.493967866009508,1.9477402825501424,-3.527636336476201
48651306,21.822000,18.910542,-8.338774,1030.72,1023.11,1021.6,1031.02,0.0,-0.02,0.17,0.19,0.08,0.13,1392.09,645.6985532831652,672.819474950424,0.7295269329354329,634.2860654951536,329.14203784166745,3.80496102647607,632.4976386516532,45.06405666001983,-2.6098474046450537,1.9019205930458558,-3.4431375653732577
48651406,21.922000,18.650442,-5.211785,1030.94,1023.02,1021.78,1031.03,0.0,-0.02,0.92,0.17,0.04,0.6,1392.19,645.6725310465786,672.8388969778092,0.6847028898724257,635.417926469911,329.1449497006614,3.5049312417349805,635.019368493599,45.03837507209707,-3.076405746477433,1.708995208039167,-3.337613272452668
48651506,22.021000,16.039056,-0.725802,1040.09,1026.58,1021.58,1030.23,0.0,-0.01,0.1,0.78,0.08,0.6,1391.0,645.6725310465786,672.8388969778092,0.6847028898724257,635.417926469911,329.1449497006614,3.5049312417349805,635.019368493599,45.03837507209707,-3.076405746477433,1.708995208039167,-3.337613272452668
48651606,22.122000,15.954173,-0.611123,1041.41,1026.29,1021.08,1029.09,0.0,-0.01,0.57,0.73,0.18,1.0,1390.54,645.7002965235872,672.8092637048408,0.7143707706275544,638.3305551471861,329.0067777716699,2.7322037975070277,642.034064941285,44.870875903012205,-3.8802848634716947,1.2280028112806929,-3.202773150332738
48651706,22.222000,15.576074,2.412801,1039.94,1024.82,1020.29,1027.53,0.0,-0.02,0.34,0.48,0.34,0.98,1390.57,645.7365938457806,672.8462474395726,0.6385538248575591,638.4903401320097,328.9445445317014,2.677335876988683,643.3897471650085,44.996884833015116,-4.077542758345333,1.2070842476269137,-3.402686914574741
48651807,22.322000,16.500014,0.954596,1038.78,1023.93,1019.74,1026.17,0.0,-0.02,0.14,0.33,0.45,0.71,1390.52,645.670248261478,672.8088214099884,0.7210752872176437,636.3569942540212,328.9972531609336,3.4601692444700287,638.4123676401338,45.082045931321716,-4.084900945780987,1.5516629996185465,-3.5181053422249313
48651907,22.422000,18.306117,-2.098615,1038.38,1023.97,1022.17,1026.37,0.0,-0.01,0.07,0.34,0.03,0.75,1390.55,645.6917315203201,672.8337567170563,0.7225405045980197,632.28678176618,329.1551765244971,4.6058183944692095,628.6931398667242,45.44487322168204,-3.5300991948946963,2.2336507385936764,-3.7415981775425875
48652007,22.523000,19.917523,-0.872242,1038.2,1024.04,1021.68,1025.43,0.0,-0.01,0.36,0.35,0.06,0.27,1390.38,645.6810143260628,672.83611947973,0.7188385813011328,627.849549092802,329.3950532896657,5.6361647218688775,617.591304624302,45.815099809106684,-1.8848757625391652,2.972128992251484,-3.8725391065784374
48652106,22.623000,20.980362,-0.431796,1039.37,1024.4,1021.69,1025.57,0.0,-0.01,0.43,0.41,0.06,0.54,1388.34,645.6577254105047,672.8441293932841,0.7334862112988118,625.0202210215638,329.48471807493837,6.277524748122173,608.528760466357,46.21871028661148,0.577889380345381,3.4396060085818623,-3.547270754282748
48652207,22.722000,21.516600,-2.016917,1042.08,1025.0,1021.4,1024.82,0.0,-0.01,0.03,0.51,0.12,0.39,1388.32,645.6771649762363,672.837727038742,0.7347826420581749,624.1039819419849,329.52344036779954,6.4321560297543385,605.7577088868459,46.47780907465888,1.5632290900116559,3.5956245692934736,-3.482675264222215
48652308,22.824000,20.173490,6.426436,1042.58,1024.25,1021.37,1024.44,0.0,-0.01,0.04,0.38,0.57,0.49,1388.53,645.6798135939646,672.8351021929426,0.7226854426224602,625.6978896529179,329.4791096520827,5.981016300051753,608.4272594859482,46.18962625853738,0.797519188937161,3.330624986076761,-3.1725535169193537
48652407,22.926000,20.443883,6.223453,1042.44,1023.82,1027.04,1026.1,0.0,-0.01,0.06,0.31,0.56,0.82,1387.63,645.6680049806963,672.829663956451,0.7099510653304987,628.8258013116405,329.3092407976628,5.447519935523497,615.6174582279225,45.88009307456114,-0.20449228627929444,2.8068639711904027,-2.9455648854040546
48652507,23.023000,21.573948,6.404794,1042.35,1023.83,1026.64,1025.14,0.0,-0.01,0.08,0.31,0.48,0.63,1387.5,645.7083539303144,672.8363718910148,0.6934212941994947,631.5622605533785,329.2070541808519,4.677967092136537,622.7837920770871,45.57186740642584,-0.8574369785811541,2.3573484934087596,-2.941966687601221
48652607,23.124000,23.594423,4.444669,1042.15,1023.84,1025.63,1024.17,0.0,-0.01,0.41,0.31,0.33,0.43,1388.17,645.7364813505466,672.8517776564942,0.6459245362515106,633.507078436938,329.11446826884594,4.068466502242244,625.2603269391947,45.254889108532566,0.09503145968491772,2.037595971415173,-2.411090318802223
48652708,23.225000,26.344489,6.912535,1044.28,1024.82,1025.26,1023.9,0.0,-0.01,0.22,0.48,0.24,0.38,1387.71,645.6903267471046,672.8145654004043,0.7034035585314444,632.5139732671968,329.17887406025557,4.328540061789475,623.9550214873263,45.31765136075239,0.12544034832174106,2.195871378748213,-2.6646900823021245
48652807,23.324000,26.175321,7.256423,1044.22,1024.59,1025.37,1023.79,0.01,-0.01,0.23,0.44,0.21,0.36,1388.1,645.6985411518102,672.8077803332698,0.7404930746367525,630.0886300002367,329.2688680668999,5.101163862450389,617.6765176397166,45.77302086565921,0.43760116364468926,2.6016478041135405,-2.696353178656393
48652907,23.423000,26.714639,7.460865,1043.69,1024.13,1025.25,1023.89,0.01,-0.01,0.32,0.36,0.24,0.38,1388.97,645.6806777255769,672.8357328639271,0.7107414440117679,626.469246135942,329.4598285064017,5.899089371497788,609.5785823720825,46.21774056344692,0.9208915469416914,3.2022851940655235,-2.9918748026203645
48653007,23.524000,26.296880,9.613499,1043.67,1024.12,1025.31,1023.63,0.01,-0.01,0.81,0.36,1.0,0.33,1389.65,645.6703398221391,672.8300926023134,0.6922308646163747,623.0744647954016,329.5880889543365,6.805602570345624,601.4881727384624,46.900853789416196,2.7158473051666574,3.76638904266193,-3.1660868628327385
48653107,23.625000,25.537194,11.116582,1051.91,1026.86,1035.92,1027.63,0.01,-0.01,0.61,0.83,0.86,1.0,1388.68,645.6610152634199,672.8420019261573,0.6973291669674959,621.2308800244473,329.7672975988108,7.249618340687896,596.0155687178393,47.28881552302689,3.7709899146208357,4.073121300976328,-3.0452810457318167
48653208,23.723000,24.688693,12.059828,1052.27,1025.86,1034.48,1026.19,0.01,-0.01,0.68,0.66,0.57,0.84,1387.59,645.6794779927445,672.8381336498069,0.7237860835380395,621.0695125530905,329.76734712266654,7.21541702535492,595.2393511629599,47.40703624508699,4.109841246325263,4.103048213670177,-2.9792587988452297
48653307,23.824000,24.949054,11.008230,1049.09,1023.7,1032.5,1024.7,0.01,-0.01,0.13,0.29,0.18,0.54,1388.23,645.666469002597,672.8245538113515,0.7254114944979362,623.1251775687919,329.5473062470443,7.0278851658584065,596.5354469147362,47.16072853336477,4.958143874123089,3.7569322252703428,-2.1347113599508383
48653407,23.924000,26.680237,9.175536,1048.35,1023.36,1032.09,1023.79,0.01,-0.01,0.24,0.23,0.18,0.36,1388.91,645.652501820853,672.8105946461117,0.7045285670060761,623.7772847043555,329.5776207231827,6.789500800773564,597.7273407514706,47.22344532573587,5.18256206346133,3.646691433877601,-2.022206920520855
48653507,24.023000,28.667441,12.404993,1048.25,1023.59,1031.89,1023.86,0.01,-0.01,0.24,0.27,0.16,0.37,1388.44,645.6906078251236,672.8357167328974,0.7165551695968354,623.4566791367256,329.6574532664128,6.84541736051235,596.3874418835337,47.196627298720074,5.30572237545548,3.706914059581151,-1.9396848909344149
48653607,24.123000,30.860836,13.449572,1048.14,1023.65,1031.88,1023.91,0.01,-0.01,0.26,0.28,0.16,0.38,1387.98,645.676716884614,672.8133762496319,0.7261992648525262,621.7689907585494,329.70564594897985,7.172337446569015,593.6686234848493,47.60241212772839,5.294496094046618,3.9859238765816114,-2.283366680221076
48653707,24.223000,32.495306,15.026090,1048.01,1023.64,1031.85,1023.71,0.01,-0.02,0.28,0.28,0.17,0.34,1388.55,645.6641980953295,672.8395305649534,0.7138572299586259,620.2634372310821,329.943333420406,7.764361638496679,589.0664166595317,48.001423815156016,6.253001322119636,4.236568053082858,-2.159013440656185
48653808,24.323000,33.142257,14.570499,1047.98,1023.74,1031.78,1023.45,0.01,-0.02,0.28,0.3,0.18,0.29,1389.14,645.6584658522387,672.825819838423,0.7079877297012235,619.0489736568309,329.95127046307385,8.039612806763296,585.4186404470344,48.528362631233556,6.843287988580619,4.437663204008428,-2.0607365201753787
48653908,24.423000,32.740806,16.009565,1047.99,1023.74,1031.79,1023.62,0.01,-0.01,1.0,0.3,0.96,0.32,1389.97,645.6611370581415,672.8405413593184,0.7415917444664282,618.0260982021413,330.0538326287741,8.29658342184415,583.2302597669416,48.74641743694643,7.088164847968899,4.609146316620071,-2.1670054899554057
48654008,24.523000,31.764366,17.560122,1057.49,1027.18,1042.04,1027.49,0.02,-0.01,0.4,0.88,1.0,1.0,1388.87,645.6518164109091,672.8356826618341,0.7243362521890846,617.8603962411577,330.0678272304033,8.408356120445957,582.1481329299281,48.879519885195656,7.421452889721489,4.635369084246341,-2.032650751381124
48654109,24.629000,31.299315,17.337324,1058.22,1026.47,1040.16,1025.88,0.02,-0.01,0.52,0.76,0.72,0.78,1387.52,645.6552343167644,672.8443959470271,0.7322490879289593,618.3847773288609,329.99267929336617,8.392729141097844,582.8138512230518,48.74200339141335,7.185385827409409,4.547737073553046,-1.8873126136278362
48654209,24.728000,31.181900,19.414755,1055.27,1024.37,1037.8,1024.23,0.02,-0.01,0.34,0.4,0.5,0.45,1388.2,645.6526338628248,672.8326814098007,0.7269846357493412,619.4939928168712,329.81934738843614,8.227548072444227,583.4879147012248,48.68087625469703,7.9661280117910716,4.3610091831475515,-1.4237408725746077
48654311,24.839000,31.869254,21.859696,1054.04,1023.86,1041.85,1025.34,0.02,-0.01,0.08,0.32,0.16,0.67,1387.47,645.6491086635654,672.8389415640062,0.7389278945737733,618.5470520611507,329.88298337691845,8.799123733416755,579.9105434826247,49.25885863932593,9.019714876694836,4.518402533918642,-1.1975710461244198
48654412,24.936000,33.792185,21.246355,1053.76,1023.97,1041.32,1024.51,0.02,-0.01,0.03,0.33,0.27,0.5,1387.94,645.6586761348055,672.8546668610894,0.7336311506778047,615.281535975312,330.3179121845699,9.605382747015458,572.3800504659908,50.367830577601914,4.547238678044762,5.067895783701516,-1.423172502434765
48654511,25.028000,35.106982,20.696967,1053.44,1023.99,1040.93,1024.05,0.02,-0.01,0.02,0.34,0.34,0.41,1388.71,645.6929102178142,672.8296378034985,0.6712259094813132,610.9401221897576,330.7821548608893,10.56420658573495,572.3800504659908,50.367830577601914,4.547238678044762,5.067895783701516,-1.423172502434765
48654612,25.127000,35.636902,20.958265,1053.53,1023.89,1040.89,1023.62,0.01,-0.01,0.01,0.32,0.35,0.32,1388.2,645.6539487268709,672.8503644935062,0.749734466541601,607.8524500948516,331.19746019137136,11.697388104137708,551.8912807337723,53.72403121609509,13.322943417236898,6.313696072193975,-1.2248698000802118
48654711,25.234000,36.401071,20.865514,1053.55,1023.8,1040.78,1023.74,0.01,-0.01,0.0,0.31,0.38,0.35,1389.03,645.644548223965,672.8401324785314,0.7323749378861708,606.294671281696,331.3755545660651,11.915653893113921,546.8280483619332,54.902831447052364,14.201349450481125,6.5736845687349525,-1.008539492173412
48654811,25.326000,38.901586,20.276183,1053.77,1023.73,1041.21,1023.98,0.02,-0.01,0.79,0.29,0.33,0.4,1389.52,645.6510565413108,672.8540608891675,0.718620940000751,606.3410212963407,331.4017172225393,12.008742328530698,547.1936303899955,54.65313853492926,14.077997844057315,6.567320133931386,-1.0707412529162657
48654912,25.430000,41.897207,22.409971,1061.77,1026.53,1041.31,1023.7,0.01,-0.01,0.57,0.77,0.31,0.34,1389.4,645.6472327153772,672.8387264601871,0.7155465594008429,608.8123212748369,331.0454466126145,11.536791847903334,551.2163390033668,54.07816999736681,13.492879957536788,6.151001119572613,-0.5546383487159297
48655011,25.533000,43.002930,22.717047,1062.01,1025.61,1041.13,1023.76,0.01,-0.01,0.32,0.61,0.66,0.35,1388.83,645.6530840596361,672.8610940681441,0.7298847141528723,611.814595664574,330.7586434873493,10.904839558257473,558.2139372236683,52.61813717011297,12.473827965223775,5.648940679466797,-0.3900874741932938
48655112,25.627000,43.888893,26.153824,1060.72,1024.43,1047.84,1026.21,0.01,-0.01,0.73,0.41,0.62,0.84,1387.65,645.6500421258601,672.8358691513147,0.6945232479286672,613.9482710204401,330.38545683723163,10.248283296070085,564.8565245592375,51.53945619679925,11.666726466054671,5.288986269216094,-0.593183587085031
48655211,25.731000,43.523234,26.779832,1067.24,1026.9,1046.38,1024.93,0.01,-0.01,0.38,0.83,0.33,0.59,1387.12,645.6450080883346,672.83525033222,0.7123732505123703,613.9434640535171,330.416583668969,10.357455806695718,564.8669488196431,51.6432801013263,11.71004139948212,5.289436158144635,-0.5945683172268978
48655311,25.830000,43.200971,27.211600,1067.09,1026.18,1045.84,1023.99,0.01,-0.01,0.29,0.71,0.57,0.4,1387.13,645.6488674902877,672.8510485636177,0.7112335032174512,610.6814884210025,330.8076781327488,11.19664756764051,564.8669488196431,51.6432801013263,11.71004139948212,5.289436158144635,-0.5945683172268978
48655412,25.931000,41.567038,31.836059,1065.59,1025.13,1050.78,1025.78,0.01,-0.01,0.04,0.53,0.42,0.76,1386.5,645.6463775393833,672.8420249506094,0.7201127870432285,605.4980120199797,331.58964916163853,13.502446305209604,564.8669488196431,51.6432801013263,11.71004139948212,5.289436158144635,-0.5945683172268978
48655512,26.029000,41.569183,31.721252,1064.74,1024.35,1049.87,1024.99,0.01,-0.01,0.11,0.4,0.23,0.6,1386.58,645.6313958550616,672.8473871011221,0.6993546735977717,598.0214140238372,332.730105440718,15.554772453944048,564.8669488196431,51.6432801013263,11.71004139948212,5.289436158144635,-0.5945683172268978
48655611,26.129000,41.583229,29.560458,1064.4,1023.82,1049.3,1024.04,0.01,-0.01,0.17,0.31,0.12,0.41,1386.45,645.6141478698621,672.864664543213,0.6867244266681085,590.4269262896046,334.0935467648346,17.11250429685338,564.8669488196431,51.6432801013263,11.71004139948212,5.289436158144635,-0.5945683172268978
48655711,26.229000,41.694857,30.261674,1064.55,1023.74,1049.33,1023.88,0.01,-0.01,0.15,0.3,0.51,0.38,1387.46,645.6189549447505,672.8688104905304,0.702573140022869,585.6331542383361,335.1155250477433,18.302057626054754,491.2075144539383,70.07782170888551,23.841423579009138,10.070858222461524,-0.5321322436572018
48655812,26.332000,42.100671,32.144280,1064.99,1023.55,1053.38,1025.16,0.01,-0.01,0.23,0.26,0.3,0.63,1386.56,645.6067067823227,672.8755941055533,0.7517995659006261,584.3076055889799,335.3882483315467,18.616546455525626,487.01624841891277,71.4579440989009,24.80254382713094,10.2946186009307,-0.3540803454381134
48655912,26.428000,41.181078,34.534680,1065.49,1023.09,1053.2,1024.36,0.01,-0.01,0.32,0.18,0.26,0.47,1386.86,645.6832095603972,672.8828920632459,0.6885170187415947,586.7253825079484,334.9654928527379,18.112982657502382,491.9953790276697,69.93466197668643,24.292029767434848,9.897005255142174,-0.12559035896849835
48656013,26.529000,42.834163,34.474520,1065.75,1023.04,1052.86,1023.79,0.01,-0.01,0.32,0.18,0.26,0.47,1387.85,645.6184189993039,672.8678259190096,0.7212812872735177,592.4699849593,333.7718676478663,17.108194126437155,491.9953790276697,69.93466197668643,24.292029767434848,9.897005255142174,-0.12559035896849835
48656112,26.628000,48.773233,32.901791,1065.38,1022.94,1052.88,1023.75,0.01,-0.01,0.3,0.16,0.2,0.35,1388.78,645.6839138460183,672.8617715838437,0.6669732105817988,598.4113849213255,332.71919767246203,15.424600706010983,491.9953790276697,69.93466197668643,24.292029767434848,9.897005255142174,-0.12559035896849835
48656212,26.727000,53.843033,31.590701,1065.06,1023.13,1052.62,1023.71,0.01,-0.01,0.3,0.16,0.2,0.35,1389.44,645.6305529519584,672.8708768519418,0.6970554091891114,602.0713981037402,332.1074969280293,14.142783601252187,525.6729389974738,60.37045996766592,20.12101168968444,7.284508938062263,1.1342303446033242
48656312,26.828000,56.088398,32.650847,1065.06,1023.13,1052.62,1023.71,0.01,-0.01,0.97,0.19,0.46,0.34,1386.86,645.644754191011,672.8781328899305,0.719159590343415,602.1800589183372,332.09747358861756,14.189048559984851,526.9033288636497,60.044304364469255,19.81303020795105,7.268516726637894,0.9296583065361244
48656413,26.927000,54.588627,34.479131,1073.5,1025.37,1054.89,1024.15,0.01,-0.01,0.35,0.64,0.06,0.54,1386.08,645.636628327887,672.8616952882294,0.7450054488357356,598.9511642195495,332.6222274826303,15.072814785286162,519.9056333166536,62.04305567250093,21.236417141189786,7.812967865532961,0.658973112831351
48656513,27.029000,51.687277,41.464356,1073.5,1025.37,1054.89,1024.15,0.01,-0.01,0.46,0.57,0.0,0.43,1386.0,645.6705197329412,672.883287763048,0.6710520231394733,593.6178522397935,333.5456841178288,16.53226137717734,519.9056333166536,62.04305567250093,21.236417141189786,7.812967865532961,0.658973112831351
48656613,27.128000,50.387367,39.889253,1070.93,1023.82,1054.54,1023.62,0.01,-0.01,0.03,0.31,0.07,0.32,1386.98,645.6112147203127,672.8865655488522,0.7088594388542362,587.5668650391895,334.6756338230255,18.44492708646123,519.9056333166536,62.04305567250093,21.236417141189786,7.812967865532961,0.658973112831351
48656713,27.228000,50.366129,39.161939,1070.07,1023.66,1054.36,1023.75,0.01,-0.01,0.12,0.28,0.11,0.35,1386.9,645.6139610782835,672.8938692007108,0.6976113336430115,581.7721264729269,336.07844263886756,19.628743365511223,519.9056333166536,62.04305567250093,21.236417141189786,7.812967865532961,0.658973112831351
48656812,27.328000,51.379388,39.508277,1070.17,1023.57,1054.49,1023.62,0.01,-0.01,0.1,0.27,0.08,0.32,1387.79,645.6165233274428,672.8790336878664,0.6752289429373299,578.39973280174,336.84907667396527,20.245295209945613,470.2332360338466,77.96166040634195,28.721989299376066,11.311702978773912,0.05239438718689371
48656912,27.428000,53.709801,40.544911,1070.58,1023.2,1054.45,1023.71,0.01,-0.01,0.03,0.2,0.09,0.34,1388.82,645.6077132184627,672.8916082379154,0.6931571151783652,578.8111778064679,336.73639569021304,20.356821571466558,469.92053602586253,78.08297327313856,28.57478846947394,11.238703930899652,0.35322398096712604
48657013,27.528000,56.092854,40.728370,1071.04,1022.98,1054.43,1023.7,0.01,-0.02,0.05,0.17,0.09,0.34,1389.1,645.6775617850432,672.868037527321,0.6714578852732658,582.632738097022,335.89449096115646,19.730716022949405,477.89054195154864,75.26390252945478,27.519385214161275,10.597032892301339,0.7001374574766395
48657112,27.629000,56.451431,40.667073,1071.47,1022.79,1054.5,1023.66,0.0,-0.02,0.12,0.13,0.08,0.33,1389.63,645.6716275964798,672.8519666721569,0.6728121664027066,588.0681502057114,334.62384272466835,18.2802021863994,477.89054195154864,75.26390252945478,27.519385214161275,10.597032892301339,0.7001374574766395
48657212,27.728000,56.685669,40.564233,1071.42,1022.78,1054.46,1023.61,0.0,-0.02,0.11,0.13,0.09,0.32,1390.33,645.6933415226955,672.8490298304721,0.6617224753074852,592.9488956519292,333.64589226035054,16.912280311713413,501.8875926732758,67.31895692603092,24.445464724585772,8.838435828002412,1.1994808613212697
48657312,27.829000,56.890985,41.695063,1071.29,1022.91,1054.39,1023.48,0.01,-0.02,1.0,0.15,1.0,0.3,1388.01,645.6182412809624,672.839836973794,0.709967390220129,595.1597927917081,333.22925774645137,16.073989884184275,508.01378004764797,65.46212756107951,23.17718733951361,8.451032257848803,1.1256461602271095
48657413,27.929000,54.038701,47.058638,1079.5,1025.21,1064.17,1027.15,0.01,-0.02,0.04,0.55,0.23,1.0,1386.91,645.6373756563336,672.847827963454,0.7334756840257809,593.7963032121498,333.48532600392565,16.595327029256318,505.91582626550286,66.06327640935537,23.471748648036698,8.685368565149291,0.8208672930903447
48657515,28.029000,52.706411,51.204015,1080.47,1024.97,1063.35,1026.02,0.01,-0.02,0.27,0.5,0.07,0.8,1386.61,645.685485355819,672.8489354838598,0.6622553586942156,589.834125376038,334.21401369845813,17.69910118649228,505.91582626550286,66.06327640935537,23.471748648036698,8.685368565149291,0.8208672930903447
48657616,28.129000,52.706504,51.203892,1079.24,1024.07,1062.52,1024.86,0.0,-0.02,0.06,0.35,0.23,0.57,1387.53,645.6245938083524,672.8642866450743,0.6773935855422357,576.4702037489712,337.3018410786295,21.285628000985014,505.91582626550286,66.06327640935537,23.471748648036698,8.685368565149291,0.8208672930903447
48657715,28.238000,57.886656,48.372798,1078.55,1023.94,1062.1,1024.21,0.01,-0.02,0.65,0.33,1.0,0.44,1387.54,645.6079708651645,672.8642866450743,0.6773935855422357,576.4702037489712,337.3018410786295,21.285628000985014,505.91582626550286,66.06327640935537,23.471748648036698,8.685368565149291,0.8208672930903447
48657816,28.331000,60.884186,45.710864,1075.85,1023.34,1071.32,1027.36,0.01,-0.02,0.19,0.23,0.38,1.0,1388.0,645.6135039859022,672.8769820094178,0.7156261698466364,570.3784928538176,338.97596940732615,22.83814459449489,447.9115989924174,87.58976044951316,33.36716699170865,12.697904511581763,0.5779751398967754
48657915,28.430000,60.884900,45.710286,1075.51,1022.88,1071.66,1026.44,0.01,-0.02,0.14,0.15,0.31,0.89,1388.79,645.6034306730588,672.8823616460113,0.7229561414158643,568.5163297160601,339.42271186405947,23.145151249667272,440.6953312915426,91.09106753265398,35.362939615869315,13.01661746903133,1.2025027937878257
48658015,28.532000,63.575231,45.110600,1076.22,1022.54,1070.99,1025.11,0.01,-0.02,0.26,0.09,0.44,0.62,1389.24,645.6017291200166,672.8751549676092,0.7251720334518708,571.5854941274188,338.671197040298,22.612227951547105,441.82766979524644,91.2108170124673,36.8211246588318,12.487744007834738,2.6951401784653406
48658116,28.631000,61.495030,47.993757,1076.75,1022.13,1073.43,1025.01,0.01,-0.02,0.35,0.02,0.05,0.6,1389.35,645.6190560161764,672.8737152848457,0.6991286280911969,576.9123265780903,337.2773857069724,21.679699019478758,441.82766979524644,91.2108170124673,36.8211246588318,12.487744007834738,2.6951401784653406
48658215,28.732000,60.155036,49.135083,1076.96,1021.86,1073.08,1023.96,0.01,-0.01,0.38,0.02,0.02,0.39,1387.58,645.6210025257285,672.8896292027276,0.7201462537642517,583.5384199147936,335.6640559266508,19.65705613324014,441.82766979524644,91.2108170124673,36.8211246588318,12.487744007834738,2.6951401784653406
48658316,28.831000,57.523955,49.535319,1076.2,1021.83,1072.66,1024.03,0.01,-0.01,1.0,0.03,0.53,0.41,1385.87,645.6818226876846,672.8450623873566,0.6635635777292649,588.9922412921984,334.4102312127094,18.15203254236792,479.0655402678118,76.6505108705861,32.731664896407736,9.509059675897008,4.078657703773857
48658416,28.932000,55.006937,49.805153,1084.16,1023.78,1071.31,1023.3,0.01,-0.01,0.34,0.3,0.04,0.26,1385.87,645.6241342045441,672.8579094593747,0.7236989992720256,589.4778355681364,334.321307441356,17.75291944407272,482.5747059546526,75.09200193724399,31.402547754888815,9.416789796601273,3.577097802755702
48658515,29.032000,54.752954,49.581860,1084.8,1024.94,1071.19,1023.33,0.01,-0.01,0.45,0.5,0.01,0.27,1386.92,645.6850550028248,672.8541735047278,0.6449864820898171,586.2604135962637,335.05170774151327,18.991612992560654,475.98028474749447,77.6282588091029,32.89370190441521,9.977125251101452,3.236027067682297
48658616,29.136000,55.930726,47.404116,1081.83,1024.0,1070.94,1023.44,0.01,-0.01,0.06,0.34,0.04,0.29,1385.84,645.6850550028248,672.8541735047278,0.6449864820898171,586.2604135962637,335.05170774151327,18.991612992560654,475.98028474749447,77.6282588091029,32.89370190441521,9.977125251101452,3.236027067682297
48658716,29.232000,58.833012,46.059861,1080.81,1023.93,1070.9,1023.49,0.01,-0.01,0.61,0.33,0.09,0.3,1386.13,645.5987276480125,672.8829879679892,0.6906268542549985,571.4867937109584,338.7487459463836,23.161074254170256,475.98028474749447,77.6282588091029,32.89370190441521,9.977125251101452,3.236027067682297
48658816,29.332000,58.832497,46.058935,1079.18,1023.44,1070.93,1023.46,0.01,-0.01,0.34,0.25,0.1,0.29,1387.32,645.5938352390609,672.8936654944708,0.7024763732112973,564.7485681499487,340.60235003631254,24.412090436748944,475.98028474749447,77.6282588091029,32.89370190441521,9.977125251101452,3.236027067682297
48658917,29.432000,56.717569,46.558128,1078.87,1022.85,1070.93,1023.26,0.01,-0.01,0.33,0.14,0.57,0.25,1387.0,645.606876339263,672.8808208665235,0.6883135634895564,565.9036089141402,340.31761665219676,24.39951774450209,422.2364186082317,100.86041398889968,40.21265431554695,14.01767052705353,2.280537698756831
48659016,29.534000,65.844481,50.548277,1080.33,1022.43,1068.91,1022.52,0.01,-0.01,0.08,0.07,0.17,0.1,1387.94,645.6159609026896,672.8726411382155,0.6981692309382956,573.0473814377194,338.3178331423487,22.92371874994979,422.2364186082317,100.86041398889968,40.21265431554695,14.01767052705353,2.280537698756831
48659116,29.632000,73.781993,54.994484,1081.16,1022.03,1069.11,1022.66,0.01,-0.01,0.42,0.01,0.11,0.13,1388.63,645.6159609026896,672.8726411382155,0.6981692309382956,573.0473814377194,338.3178331423487,22.92371874994979,422.2364186082317,100.86041398889968,40.21265431554695,14.01767052705353,2.280537698756831
48659217,29.732000,71.993397,57.472994,1080.59,1021.78,1069.28,1022.48,0.01,-0.01,1.0,0.04,0.65,0.1,1384.68,645.6220772810228,672.8541577589502,0.680259356568576,580.7964414859681,336.3412353341989,20.809782388126564,422.2364186082317,100.86041398889968,40.21265431554695,14.01767052705353,2.280537698756831
48659316,29.833000,70.161116,60.011773,1088.1,1023.23,1075.09,1024.35,0.01,-0.01,0.04,0.21,0.51,0.47,1384.01,645.6091061068821,672.8794777624473,0.7092064937355447,586.6261944764556,334.9333929860169,18.901858544549935,475.5309105629901,77.7564682583434,31.83587287947158,9.900308985823465,3.56276004674109
48659416,29.932000,68.907926,61.614920,1089.01,1024.25,1073.38,1023.62,0.01,-0.01,0.2,0.38,0.17,0.32,1384.01,645.616105086711,672.8477165047312,0.6829568271486366,587.2790524378821,334.7542646666855,18.53539861506344,478.57880644510067,76.57439949685502,31.701378818175012,9.789825611856406,3.252671042677349
48659517,30.035000,66.830844,63.301039,1087.48,1024.66,1073.04,1023.63,0.01,-0.01,0.06,0.45,0.1,0.33,1385.31,645.6143358959425,672.8632080560461,0.6858381383225042,583.0552693790748,335.7491170397234,20.37046492674311,478.57880644510067,76.57439949685502,31.701378818175012,9.789825611856406,3.252671042677349
48659617,30.132000,66.960585,62.411447,1086.29,1024.56,1072.88,1023.68,0.01,-0.01,0.78,0.44,1.0,0.34,1385.6,645.6028872861993,672.889224690722,0.7036301548510592,583.0552693790748,335.7491170397234,20.37046492674311,478.57880644510067,76.57439949685502,31.701378818175012,9.789825611856406,3.252671042677349
48659716,30.232000,67.956659,61.035424,1093.11,1025.37,1081.74,1026.02,0.01,-0.01,0.37,0.57,0.37,0.8,1384.45,645.594588932103,672.9061412255973,0.7202732781198493,562.3687477829012,341.444843471266,25.901906437476978,478.57880644510067,76.57439949685502,31.701378818175012,9.789825611856406,3.252671042677349
48659816,30.331000,68.869272,60.331879,1094.18,1023.91,1082.21,1024.89,0.01,-0.01,0.56,0.33,0.28,0.58,1384.18,645.5721052407033,672.8970120010528,0.7217103102878681,555.284950628835,343.7809396955621,27.058659452403425,478.57880644510067,76.57439949685502,31.701378818175012,9.789825611856406,3.252671042677349
48659917,30.431000,68.868445,60.330985,1091.63,1022.78,1081.85,1023.65,0.01,-0.01,0.12,0.13,0.35,0.33,1385.7,645.6403361664374,672.9394127989334,0.7314391601379404,554.5949543486971,343.9436843361449,27.2915488500787,398.86603622517396,114.46081334417562,45.623696541515145,15.46875032920658,3.2236296358657164
48660016,30.532000,65.919426,60.345348,1091.36,1022.35,1082.13,1023.43,0.0,-0.01,0.08,0.06,0.04,0.29,1387.12,645.6613946314212,672.9093711668291,0.7231392072327161,556.5075287979479,343.3738893642098,26.90204251406313,402.3331177942239,112.78634643517383,44.6406746084911,15.138625211827618,3.4900515897287683
48660116,30.632000,80.116320,63.807577,1092.02,1022.06,1082.13,1023.46,0.01,-0.01,0.2,0.01,0.04,0.29,1388.19,645.5898215097508,672.8962684032168,0.6900658010284868,561.3438722741556,341.68502873038364,25.90242356677753,402.3331177942239,112.78634643517383,44.6406746084911,15.138625211827618,3.4900515897287683
48660216,30.733000,79.739193,64.148812,1092.25,1021.87,1082.14,1023.53,0.01,-0.01,0.74,0.02,0.37,0.31,1389.08,645.6014147536262,672.8934730358303,0.6727018532694896,566.8814234020626,339.99316390632833,24.466628583446283,402.3331177942239,112.78634643517383,44.6406746084911,15.138625211827618,3.4900515897287683
48660316,30.833000,79.298539,66.497887,1098.61,1023.06,1082.66,1023.54,0.01,-0.01,0.6,0.18,0.63,0.31,1386.83,645.6040689335452,672.8836764230285,0.6911056000535247,570.8215734694151,338.8363998670263,23.268367464691426,433.1528373028608,97.00653934103369,41.14685096028252,12.618634945479878,4.414694130442559
48660417,30.932000,76.371434,69.120365,1105.2,1024.56,1088.26,1025.09,0.01,-0.01,0.52,0.43,0.49,0.62,1385.94,645.6040689335452,672.8836764230285,0.6911056000535247,570.8215734694151,338.8363998670263,23.268367464691426,433.1528373028608,97.00653934103369,41.14685096028252,12.618634945479878,4.414694130442559
48660516,31.032000,76.457723,69.074606,1103.16,1024.46,1086.55,1023.75,0.01,-0.01,0.32,0.42,0.39,0.35,1385.66,645.6024284818678,672.8834411168865,0.6733554617984026,571.8006433783781,338.51117138801357,22.87325364662191,435.68637158098653,95.77298474098187,40.88987439620019,12.446620181895645,4.388079092643366
48660616,31.132000,77.338545,69.148237,1100.87,1024.35,1087.25,1024.06,0.01,-0.01,0.07,0.4,0.25,0.41,1385.69,645.590302541253,672.8730642525887,0.6676297571329685,568.8134071324076,339.33133036153856,24.04857075381679,435.68637158098653,95.77298474098187,40.88987439620019,12.446620181895645,4.388079092643366
48660716,31.233000,78.978487,67.466190,1099.84,1024.22,1087.23,1023.67,0.01,-0.01,0.24,0.38,0.77,0.33,1385.56,645.5890840250229,672.900655078293,0.7010342793455171,562.1623605045505,341.45606989603755,26.205993360742514,435.68637158098653,95.77298474098187,40.88987439620019,12.446620181895645,4.388079092643366
48660816,31.332000,80.292920,66.956915,1099.89,1023.74,1094.43,1025.35,0.01,-0.01,0.09,0.3,0.66,0.67,1385.87,645.5872188438201,672.9061200947083,0.6809197880758351,551.8247747371894,345.0842174735188,29.024076746135318,435.68637158098653,95.77298474098187,40.88987439620019,12.446620181895645,4.388079092643366
48660916,31.432000,80.943048,69.408343,1100.35,1023.29,1092.33,1023.45,0.01,-0.01,0.11,0.22,0.57,0.29,1386.31,645.6067712410957,672.9497541898319,0.7481537732013231,539.7584149343392,349.8546556019506,31.757393978516948,362.94830595868285,139.33250877111104,52.38406029717291,18.13918052386071,3.7473511132714705
48661016,31.532000,80.871737,71.405121,1101.26,1022.84,1089.64,1022.83,0.01,-0.0,0.29,0.14,0.35,0.17,1386.31,645.5323826863541,672.938693031889,0.7056225260067975,541.9461502009674,348.93992226390145,31.51982202176032,362.94377050367495,140.1435667828572,53.946503198040304,17.729691925682435,5.147300656400205
48661117,31.631000,78.323914,72.508068,1101.96,1022.27,1090.03,1022.69,0.01,-0.0,0.17,0.05,0.28,0.14,1386.15,645.5619857146451,672.9260633682914,0.6969082375336672,546.9300780282251,346.9494315058084,30.284515723246294,362.94377050367495,140.1435667828572,53.946503198040304,17.729691925682435,5.147300656400205
48661216,31.733000,80.540870,73.093976,1102.33,1022.14,1090.18,1022.75,0.01,-0.0,0.1,0.02,0.25,0.15,1387.28,645.5799495710893,672.9132398193552,0.6794003033074255,560.1511106719587,342.1739621530408,27.184682098651656,403.082505762388,114.55909113387344,47.232653253722056,14.482761845634169,5.642597885231069
48661316,31.836000,83.077803,73.356504,1102.03,1022.29,1089.88,1022.87,0.01,-0.0,0.15,0.05,0.3,0.17,1388.33,645.5799495710893,672.9132398193552,0.6794003033074255,560.1511106719587,342.1739621530408,27.184682098651656,403.082505762388,114.55909113387344,47.232653253722056,14.482761845634169,5.642597885231069
48661416,31.931000,82.162403,74.290113,1101.28,1022.8,1089.95,1022.91,0.01,-0.0,0.65,0.14,1.0,0.18,1389.11,645.5831552349458,672.8971065142025,0.6716689444532146,561.6119877671014,341.63286645958874,26.35189037140268,407.8071563039199,115.47317966528215,47.452083789474734,14.224124869273954,5.353401500826834
48661519,32.032000,82.147539,75.723530,1106.66,1024.01,1098.93,1024.89,0.01,-0.01,0.43,0.34,0.53,0.58,1388.8,645.5519734933087,672.9109795371594,0.6913585901268767,552.7001067730106,344.8311781084342,28.881934163937554,401.88754864248983,115.47317966528215,47.452083789474734,14.684774710367986,5.308890878164597
48661619,32.138000,82.413169,74.609860,1105.97,1024.52,1096.68,1023.4,0.01,-0.01,0.31,0.43,0.21,0.28,1387.91,645.5519734933087,672.9109795371594,0.6913585901268767,552.7001067730106,344.8311781084342,28.881934163937554,401.88754864248983,115.47317966528215,47.452083789474734,14.684774710367986,5.308890878164597
48661719,32.236000,82.372547,74.985272,1104.77,1024.12,1096.2,1023.7,0.01,-0.01,0.11,0.36,0.3,0.34,1387.49,645.5890584156369,672.9498387133062,0.749993820049159,540.4907038395407,349.5283088309403,32.13171681880192,360.3590862835,142.90179351680217,55.2366494592844,14.684774710367986,5.308890878164597
48661819,32.334000,80.646077,75.695845,1104.73,1023.62,1096.56,1023.46,0.01,-0.01,0.1,0.28,0.23,0.29,1388.27,645.5890584156369,672.9498387133062,0.749993820049159,540.4907038395407,349.5283088309403,32.13171681880192,360.3590862835,142.90179351680217,55.2366494592844,18.001975609116116,5.077119473965382
48661919,32.435000,81.757433,74.392741,1105.35,1023.16,1096.55,1023.31,0.01,-0.01,0.46,0.2,0.23,0.26,1389.15,645.603050600147,672.9890899258393,0.6049373919296283,538.2916294694015,350.49339174864156,32.595710442809846,353.583540958402,148.04500163761833,55.56368389138718,18.40501964060964,5.566386107212722
48662021,32.534000,82.007477,76.346273,1103.94,1022.51,1096.48,1023.29,0.01,-0.01,0.03,0.09,0.02,0.26,1389.6,645.5970554161416,673.0403068446175,0.6923462976754519,544.4660137460728,347.9436693174456,31.14972517696608,356.59385444846305,145.5269166261584,54.83462127926181,18.2146705224854,5.357893014914858
48662119,32.638000,81.841606,79.237215,1104.04,1022.0,1096.73,1023.14,0.01,-0.01,0.01,0.0,0.32,0.23,1390.16,645.5970554161416,673.0403068446175,0.6923462976754519,544.4660137460728,347.9436693174456,31.14972517696608,356.59385444846305,145.5269166261584,54.83462127926181,18.2146705224854,5.357893014914858
48662220,32.735000,82.269578,80.748173,1104.31,1021.92,1096.73,1023.13,0.01,-0.01,0.05,0.01,0.32,0.23,1389.36,645.5763815864827,672.9236307128531,0.6977682346068037,555.5689771039051,343.73791387603075,28.317974026762776,390.14266105690666,123.30874315608115,50.65601993304103,15.292288897693872,6.30268959156696
48662319,32.836000,83.360646,80.673234,1104.18,1021.97,1096.42,1023.19,0.01,-0.01,0.02,0.01,1.0,0.24,1388.76,645.5763815864827,672.9236307128531,0.6977682346068037,555.5689771039051,343.73791387603075,28.317974026762776,390.14266105690666,123.30874315608115,50.65601993304103,15.292288897693872,6.30268959156696
48662419,32.936000,87.225340,79.771230,1103.54,1022.43,1105.21,1025.11,0.01,-0.01,0.12,0.07,0.49,0.62,1387.41,645.5756276615983,672.9218137265583,0.7092271259545552,557.1449348006852,343.24082250199893,27.528403222338344,393.7421652562048,121.12537712164834,50.93264194683517,15.015068730386453,6.310514077194739
48662520,33.035000,92.839941,78.320990,1102.96,1022.85,1103.32,1023.55,0.01,-0.01,1.0,0.14,0.31,0.31,1387.16,645.6318326433702,672.9590819562214,0.7466606396272116,550.1486051005717,345.69351166709333,29.415285631520554,389.07954805098416,124.3771577975928,50.81641456749828,15.455634733404597,6.098415505086422
48662619,33.134000,93.124322,78.641864,1111.28,1024.48,1102.77,1023.57,0.01,-0.01,0.35,0.42,0.2,0.31,1387.25,645.5383563410713,672.9378003972649,0.6902330055327542,544.3191921346873,348.10275784012396,31.147551633113736,364.63028146621156,141.35662222395703,56.25776692836526,15.455634733404597,6.098415505086422
48662719,33.234000,92.444740,80.176748,1112.12,1024.04,1103.03,1023.44,0.01,-0.01,0.49,0.35,0.25,0.29,1387.44,645.5841356241418,672.9735689388242,0.7317362909708748,540.8864605937524,349.3337608381955,31.932305560358376,355.8960270882456,147.79297124195918,57.13469214935446,17.926425843888286,6.695375641996158
48662820,33.334000,92.524066,81.784180,1109.44,1023.41,1102.95,1023.38,0.01,-0.01,0.04,0.24,0.24,0.28,1388.34,645.602387583015,672.9752874758868,0.7063002258169306,537.7292740642819,350.61493676143476,32.818509100830816,351.49633368715587,150.27385754595798,57.497081518956335,18.50205379697894,5.905792758565482
48662919,33.436000,91.896938,82.593492,1109.01,1023.06,1102.72,1023.47,0.01,-0.01,0.94,0.18,0.21,0.29,1389.19,645.5778776731329,672.9729889658752,0.7524149209381731,537.6574844044616,350.7680225467468,32.959246057234715,350.1928775211079,151.78488450317317,58.14619523243733,18.517928318682152,6.256880490772041
48663020,33.535000,90.364704,83.036533,1116.96,1023.71,1103.19,1023.21,0.01,-0.01,0.52,0.29,0.28,0.24,1386.9,645.5916679626321,672.9655056523951,0.7318311069733254,540.4769495890313,349.51987164354654,32.23289317540066,354.0609902868512,149.05689861976055,57.08845017032391,18.003342454742164,6.913901767130824
48663120,33.635000,90.543030,83.253957,1116.96,1023.61,1103.12,1023.29,0.01,-0.01,0.52,0.27,0.29,0.26,1386.93,645.6089241396387,672.954126686468,0.719709516858282,543.6137738303097,348.1054478742322,31.650882256701824,362.3713149736193,142.4252113038722,55.98925171432071,17.431111003211665,6.5238154062451486
48663220,33.735000,90.730450,84.679285,1113.43,1023.27,1102.86,1023.41,0.01,-0.01,0.08,0.22,0.35,0.28,1387.95,645.5440537256494,672.9269453951531,0.6655414419243866,545.6444010310266,347.4462578202821,30.896442167687223,366.38922955276854,139.7483560837488,54.892108635661344,17.062799205136994,6.670473372030358
48663320,33.835000,92.191422,83.895461,1112.28,1023.54,1102.98,1023.44,0.01,-0.0,0.27,0.26,0.32,0.29,1387.67,645.5489733071257,672.9411459237313,0.6931607279369351,544.6990252960605,347.66861215355544,30.945922137411344,364.36005153747004,141.52568974666306,56.078719533840854,17.225921040825526,6.728402405337562
48663420,33.936000,93.681589,85.754488,1112.02,1023.71,1102.93,1023.46,0.01,-0.0,0.32,0.29,0.33,0.29,1388.75,645.5489733071257,672.9411459237313,0.6931607279369351,544.6990252960605,347.66861215355544,30.945922137411344,364.36005153747004,141.52568974666306,56.078719533840854,17.225921040825526,6.728402405337562
48663521,34.037000,95.486340,85.397259,1111.74,1023.73,1102.63,1023.41,0.01,0.0,0.67,0.29,1.0,0.28,1389.56,645.5279365837057,672.9467533040826,0.6916779340911963,541.8331901826723,348.99943530131867,31.86024014770717,359.2063374281971,144.93181190187545,56.51327693520259,17.749742087718065,6.3269274400529625
48663620,34.137000,96.739889,84.038514,1118.08,1024.31,1111.76,1025.1,0.01,0.0,0.1,0.39,0.87,0.62,1388.87,645.5757769881616,673.0571602376149,0.7048365817570986,538.0486054913979,350.50334468544077,32.801630041049364,350.6201755762895,151.49967064212782,58.17597003674533,18.436424873006573,6.411417065019336
48663720,34.238000,97.171263,84.984593,1119.6,1024.17,1108.03,1023.21,0.01,0.0,0.36,0.37,0.13,0.24,1387.83,645.5757769881616,673.0571602376149,0.7048365817570986,538.0486054913979,350.50334468544077,32.801630041049364,350.6201755762895,151.49967064212782,58.17597003674533,18.436424873006573,6.411417065019336
48663821,34.336000,98.505738,87.932683,1118.33,1023.78,1107.57,1023.32,0.01,0.0,0.14,0.3,0.04,0.26,1388.62,645.5920182577212,672.9808684849169,0.7285242631446989,538.7241494798943,350.2041669246461,32.63683944375517,350.6308587115361,151.74058652327486,58.16674773810833,18.319147809049696,6.824980058303609
48663920,34.436000,98.407774,87.054164,1117.93,1023.97,1107.84,1023.12,0.01,-0.0,0.08,0.33,0.09,0.22,1389.45,645.572780177302,673.0606799839205,0.686971891639599,538.5882999416716,350.3197099811293,32.84143754972953,350.54818255753213,152.89825917051294,59.628637149152354,18.18264034200592,7.438192083554981
48664020,34.536000,97.982077,87.811931,1117.81,1023.86,1107.59,1023.09,0.01,-0.0,0.06,0.32,0.04,0.22,1390.13,645.572780177302,673.0606799839205,0.686971891639599,538.5882999416716,350.3197099811293,32.84143754972953,349.2307937974403,153.43040149819015,59.18681326357393,18.339694836590603,7.203485771568758
48664120,34.635000,95.961473,91.939713,1117.66,1023.87,1107.38,1023.18,0.01,-0.0,0.4,0.32,0.49,0.24,1390.83,645.520461731672,672.9604950288641,0.7222136784800386,536.4792887407325,351.1299495175319,33.175933009293715,346.8007921133742,154.7703095454204,59.432845578667305,18.717176210462817,6.574131284899956
48664221,34.736000,95.960787,91.939619,1119.34,1023.94,1110.77,1023.56,0.0,-0.0,0.11,0.33,0.19,0.31,1388.63,645.5964786032703,673.0169597413867,0.7582176126469591,536.0468763322876,351.4070396326281,33.48903497044274,343.90682567881794,157.78900985465367,60.5139609160605,18.810321567889716,7.159837025276339
48664320,34.836000,96.778025,92.251418,1119.8,1023.76,1110.73,1023.57,0.0,-0.0,0.03,0.3,0.18,0.31,1388.33,645.5745191182087,672.9950790109266,0.734445426040029,535.5427095913116,351.6198759091921,33.603084009098126,343.1619593839741,157.99521701121168,59.52506119688057,18.900077240699645,7.015209579083724
48664421,34.936000,98.264158,91.187104,1119.78,1023.76,1110.33,1023.75,0.01,-0.0,0.03,0.3,0.1,0.35,1389.17,645.5756060359514,672.9994208291387,0.7134200839909013,536.9058461601868,350.9978387494379,33.29869129484879,344.2607770824821,157.95797531206253,60.20438728547893,18.648616393220834,7.644118195208556
48664520,35.036000,100.226637,90.048335,1119.68,1023.8,1110.66,1023.76,0.01,-0.0,0.05,0.31,0.17,0.35,1389.79,645.6441725023468,673.0820042660966,0.7023624155245566,536.9789965330742,350.94859502122915,33.226241256087526,344.90291596044136,157.2422341789783,59.79796364766498,18.640780158088443,7.476314556252596
48664621,35.136000,102.292748,91.007668,1119.48,1023.9,1110.46,1023.52,0.0,-0.0,0.47,0.32,0.32,0.3,1390.4,645.6441725023468,673.0820042660966,0.7023624155245566,536.9789965330742,350.94859502122915,33.226241256087526,344.90291596044136,157.2422341789783,59.79796364766498,18.640780158088443,7.476314556252596
48664721,35.236000,103.291162,90.156720,1122.71,1024.31,1110.37,1023.6,0.0,-0.0,0.27,0.39,0.53,0.32,1389.45,645.5226473782475,672.9752425339727,0.6733403530358607,536.1190190851432,351.2882214235602,33.42579118748992,344.3771354580651,157.29561529488583,61.03173520885658,18.78282927885363,7.100030043754479
48664820,35.337000,104.192531,89.897908,1123.2,1024.2,1114.25,1024.36,0.0,-0.0,0.47,0.37,0.49,0.47,1389.45,645.5267958845747,672.9546735984384,0.703139788026247,536.0095431881666,351.45640370067656,33.59735254756548,342.6923314042823,159.26644202449464,61.28335402667295,18.8112288557704,7.545078702820092
48664920,35.436000,102.935341,91.799832,1126.14,1024.28,1112.78,1023.29,0.01,-0.0,0.01,0.39,0.18,0.26,1389.06,645.5808394831073,672.9935670651623,0.7264346385120489,535.2277955705969,351.74987815665077,33.723068089828224,341.5739848101524,159.79417215082896,61.1979491590665,18.95852773850067,7.335255740596516
48665020,35.536000,101.695633,91.414669,1126.38,1024.27,1112.32,1023.48,0.01,-0.0,0.03,0.39,0.08,0.3,1389.58,645.5126003974941,672.9768193454775,0.705215418251693,534.012790570751,352.195962298283,33.897006840775965,339.5413692646021,161.34111482991295,61.575106729530546,19.16687518246244,7.203997382004054
48665121,35.636000,100.917782,94.198333,1125.81,1024.17,1112.6,1023.28,0.01,-0.0,0.07,0.37,0.14,0.26,1389.92,645.5157318145874,672.972979768056,0.6796476323333361,533.1749295996136,352.67155171497325,34.51056629679671,335.7278832395715,165.61908320399942,63.03741269161807,19.327535251293494,7.893489101553797
48665220,35.737000,98.504796,104.028723,1125.42,1024.03,1112.35,1023.28,0.01,-0.0,0.13,0.34,0.09,0.26,1389.39,645.5626238149865,673.0252028250941,0.7509860118166346,527.9452852926311,355.1315486911049,35.81386900845618,327.0807095536602,172.1610328442677,62.96749575546932,20.30394840935429,7.0612503136785065
48665320,35.837000,98.503958,104.028259,1125.23,1023.9,1112.24,1023.49,0.01,-0.0,0.8,0.32,1.0,0.3,1390.05,645.5626238149865,673.0252028250941,0.7509860118166346,527.9452852926311,355.1315486911049,35.81386900845618,327.0807095536602,172.1610328442677,62.96749575546932,20.30394840935429,7.0612503136785065
48665420,35.936000,100.605957,102.551163,1122.02,1023.36,1120.55,1024.75,0.01,-0.0,0.8,0.32,1.0,0.3,1388.38,645.5452231031487,673.0316394182386,0.7619409253854662,526.7087232953818,355.8433732731421,36.42767354216525,323.11889059477886,176.42092435319515,64.59484003538881,20.53876550871709,7.532942790868319
48665520,36.036000,110.128846,97.640905,1121.65,1023.0,1128.52,1025.04,0.01,-0.0,0.26,0.23,1.0,0.55,1387.79,645.6105906214086,673.1391774869278,0.7653002910037481,525.8975852687987,356.2367216308375,36.512669358710696,321.86689097534594,177.24711195125505,64.69354264101327,20.694548849724683,7.351459925171461
48665620,36.136000,111.427007,95.901851,1121.65,1023.0,1128.52,1025.04,0.01,0.0,0.2,0.17,0.5,0.61,1387.66,645.5595992741779,673.0265551072641,0.7483735258943316,526.5789497679638,355.9128130183434,36.41762685314412,322.79992195111066,176.9842743673712,66.44534990162761,20.566023387927423,7.5831451999062836
48665720,36.235000,110.905028,98.047917,1121.93,1022.8,1125.9,1023.42,0.01,0.0,1.0,0.14,1.0,0.28,1386.84,645.5568717835905,673.0303324282247,0.7498712907745991,530.1764354204944,354.28290092021564,35.70860582788531,324.52063665837267,178.3594236575586,66.76266795246039,19.899281162290485,9.656872070211051
48665820,36.336000,110.029043,98.274757,1129.75,1023.78,1120.94,1022.27,0.01,0.0,0.4,0.3,0.26,0.05,1387.02,645.5649432706724,673.0138679178178,0.7373535233006918,532.8570748579538,353.05990019667263,34.90996392754502,328.1522651902231,176.52148350109957,67.95570833215645,19.405462821966264,10.414431487251377
48665922,36.435000,106.864401,99.291368,1132.93,1024.56,1120.96,1022.2,0.01,0.0,0.14,0.43,0.26,0.04,1387.65,645.5840293465658,673.0383949300917,0.5946939096418762,531.6743412945051,353.55340942311676,35.39997382748595,329.6453475519732,173.10693386911956,65.80153559067064,19.623265769341135,8.983158469538473
48666020,36.537000,105.734392,102.606841,1132.4,1024.26,1120.86,1022.48,0.01,0.0,0.05,0.38,0.24,0.1,1388.7,645.5840293465658,673.0383949300917,0.5946939096418762,531.6743412945051,353.55340942311676,35.39997382748595,329.6453475519732,173.10693386911956,65.80153559067064,19.623265769341135,8.983158469538473
48666120,36.635000,105.939576,105.137633,1131.17,1024.43,1120.59,1022.51,0.02,0.0,0.16,0.41,0.19,0.1,1388.2,645.5428621689578,673.0486174432183,0.7267294835794693,527.1114510283024,355.77955077973564,36.78444389640605,329.6453475519732,173.10693386911956,65.80153559067064,19.623265769341135,8.983158469538473
48666221,36.735000,108.113192,101.408805,1130.19,1024.23,1120.57,1022.53,0.02,-0.0,0.33,0.38,0.19,0.11,1389.07,645.5922500207092,673.1845846424222,0.7794791238352464,515.0364310470468,362.22423008531047,40.24709669275365,297.8977673361529,204.16072609427687,70.51273292903602,22.774960921475223,8.397778525976157
48666320,36.836000,108.304281,103.122708,1130.38,1024.03,1120.49,1022.43,0.02,0.0,0.41,0.34,1.0,0.09,1387.71,645.5323561204507,673.1256145215312,0.8118835689533358,512.6560592941186,363.5830746380079,40.96128672849466,292.73464918593737,209.77025251063165,73.2264515813814,23.232235475781394,8.566624587281503
48666423,36.936000,110.565314,102.603070,1129.54,1023.47,1128.33,1023.86,0.01,0.0,0.1,0.25,0.98,0.37,1386.55,645.5351387712708,673.114800532366,0.7774887051603727,513.9861066358923,362.8591023661819,40.667889152530556,294.70634850823706,207.795942216106,72.08909805593797,22.97704094454572,8.779968343004413
48666520,37.038000,111.749556,100.323093,1129.85,1022.95,1123.86,1022.99,0.02,0.0,0.05,0.16,0.09,0.2,1387.53,645.5351387712708,673.114800532366,0.7774887051603727,513.9861066358923,362.8591023661819,40.667889152530556,294.70634850823706,207.795942216106,72.08909805593797,22.97704094454572,8.779968343004413
48666620,37.135000,112.915094,102.043244,1130.47,1022.5,1123.64,1023.18,0.02,0.0,0.06,0.08,0.05,0.24,1388.13,645.5571856062642,673.0586000986434,0.7513943885876887,519.7272365441554,359.8408863451322,39.30133446235196,294.70634850823706,207.795942216106,72.08909805593797,22.97704094454572,8.779968343004413
48666721,37.235000,114.585152,101.640248,1130.79,1022.34,1124.16,1022.83,0.02,0.0,0.11,0.06,0.15,0.17,1389.05,645.4855501878579,673.0167522161938,0.7108491116024099,527.6201657864997,355.7334106065995,36.9778361256241,318.9926609278192,185.56756877982482,68.66760206329441,21.155065250547715,9.383001461355164
48666821,37.336000,114.491303,100.845282,1130.64,1022.45,1123.8,1023.0,0.02,0.0,0.09,0.08,0.08,0.2,1389.94,645.4855501878579,673.0167522161938,0.7108491116024099,527.6201657864997,355.7334106065995,36.9778361256241,318.9926609278192,185.56756877982482,68.66760206329441,20.37917828897246,10.039433335161988
48666920,37.436000,113.740062,102.172043,1130.09,1022.89,1123.51,1023.14,0.02,0.0,0.0,0.15,0.02,0.23,1389.37,645.5733265951357,673.0272096954186,0.7138603118238421,528.3357245800494,355.4605382763478,36.898890206712885,320.1272342732826,184.67381684832682,68.61180480001666,20.26287370468625,10.113326256192586
48667020,37.536000,111.910855,108.376403,1129.35,1023.31,1123.62,1022.88,0.02,0.0,0.13,0.22,0.04,0.18,1389.96,645.5494927552099,673.0637941404317,0.7747997800425636,520.1967724948407,359.63910121045336,39.09199831017418,305.52578852869226,198.38686995799588,71.52707292742137,21.798705660315434,9.490182602193784
48667121,37.636000,111.899678,107.998005,1128.86,1023.61,1123.36,1023.11,0.02,0.0,1.0,0.27,0.16,0.22,1388.69,645.5494927552099,673.0637941404317,0.7747997800425636,520.1967724948407,359.63910121045336,39.09199831017418,305.52578852869226,198.38686995799588,71.52707292742137,21.798705660315434,9.490182602193784
48667220,37.738000,112.973261,108.065501,1136.92,1024.41,1123.63,1022.98,0.02,0.0,0.51,0.41,1.0,0.2,1387.81,645.5931923733868,673.2013483877927,0.7566933799372593,516.1572446632108,361.7670183249375,40.09190441647828,298.14651732214605,205.958565160841,72.4323288780929,22.568372918517714,9.310525239496563
48667321,37.837000,115.005613,106.979421,1136.56,1023.83,1132.15,1024.58,0.01,0.0,0.45,0.31,0.36,0.52,1387.67,645.588332901777,673.197903074161,0.740152153077871,514.2863382535,362.72274220539026,40.52651975450073,295.3215548647875,208.15754326278008,72.4323288780929,22.923822708661447,8.934443335357273
48667421,37.937000,115.321365,108.986018,1133.68,1023.18,1131.37,1023.52,0.01,0.0,0.22,0.2,0.26,0.3,1387.57,645.5276722990942,673.089287090586,0.7422472098521736,517.5631795676505,360.9700764834419,39.89037587769257,297.0221232860558,209.27518001849742,74.40493497129229,22.292940258559344,10.892734361084017
48667521,38.037000,115.106694,110.379499,1132.97,1023.12,1131.01,1023.66,0.01,0.0,0.34,0.19,0.19,0.33,1388.39,645.5276722990942,673.089287090586,0.7422472098521736,517.5631795676505,360.9700764834419,39.89037587769257,297.0221232860558,209.27518001849742,74.40493497129229,22.292940258559344,10.892734361084017
48667622,38.136000,115.597134,108.560428,1133.78,1023.07,1131.39,1023.36,0.01,0.0,0.2,0.18,0.27,0.27,1389.25,645.5348403892501,673.0823368019109,0.7715221627902716,517.2700164534457,361.0557696105222,39.760102356137935,298.52280984819214,206.9298758615196,73.70498170513021,22.346103265758988,10.139861982449247
48667721,38.238000,116.057202,110.086768,1133.98,1023.08,1130.92,1023.4,0.01,0.0,0.17,0.18,0.17,0.28,1389.96,645.5404879791256,673.0779013468165,0.7764751209558614,519.2555128006541,360.0689623601037,39.5019484229876,300.8045637093941,205.34015689075375,73.76972229913238,21.971851140509028,10.746356376428103
48667822,38.337000,116.483804,109.954630,1133.92,1023.09,1130.77,1023.51,0.01,0.0,0.63,0.18,0.04,0.3,1390.16,645.5344826351312,673.0943691678908,0.7592122788709855,518.5119900818922,360.4111415944435,39.453190767727165,300.57270567445477,204.71770338924338,73.01192191741727,22.108651134763242,10.241099690818103
48667921,38.438000,116.490630,109.881446,1139.26,1023.94,1131.29,1023.21,0.01,0.0,0.21,0.33,0.16,0.24,1388.97,645.5344826351312,673.0943691678908,0.7592122788709855,518.5119900818922,360.4111415944435,39.453190767727165,300.57270567445477,204.71770338924338,73.01192191741727,22.108651134763242,10.241099690818103
48668021,38.537000,116.928305,108.182731,1140.23,1024.23,1130.95,1023.37,0.02,0.0,0.37,0.38,0.23,0.27,1389.64,645.5959511740624,673.1986018789476,0.7355966785419318,518.3500993297197,360.52351259676846,39.59771450826597,299.1015977465693,207.1791524853505,73.90589879112386,22.14429370943224,10.742127392640334
48668121,38.638000,116.173500,109.559136,1138.57,1024.07,1130.81,1023.45,0.02,0.0,0.01,0.35,0.21,0.29,1390.11,645.5264544239056,673.1237161009116,0.7695244203239332,513.5993377304899,363.08816401250465,40.99983685157491,291.50001058552874,214.04410894501615,74.65569102847333,23.05084629398752,10.03395566780599
48668223,38.738000,115.497312,109.689089,1137.97,1024.09,1130.97,1023.43,0.02,0.0,0.09,0.36,0.18,0.29,1389.62,645.5847060459229,673.2163957372262,0.7648813219747089,511.36660318228735,364.42670541711465,41.688033769076,286.8127126092017,220.24579171941372,76.05197284651977,23.492591135653747,10.31122620777753
48668321,38.842000,115.025153,110.467303,1137.9,1023.89,1130.74,1023.58,0.02,0.0,0.05,0.32,0.16,0.32,1390.31,645.5269976829028,673.1260864568607,0.8028270874994208,509.9459769768721,365.2078708604107,41.93216300025448,284.62509876174863,221.89800692453292,75.93180325410879,23.764615332052006,10.013361545412423
48668421,38.937000,115.182750,109.619730,1138.05,1023.65,1130.89,1023.36,0.02,0.0,0.09,0.28,0.16,0.27,1390.54,645.583226304208,673.2257407146315,0.7831361737922803,510.8480603026839,364.6810419191136,41.82155852243614,285.91272826510885,220.76648651815472,75.97461488697326,23.589910581265304,10.20889779281255
48668522,39.037000,115.621109,109.499203,1138.58,1023.42,1130.94,1023.26,0.02,0.0,0.18,0.24,0.15,0.25,1391.03,645.5816315077282,673.2102755395425,0.7549044442978198,513.3889405367664,363.27031268104156,41.29965790180112,289.9671209765225,216.61783844176497,75.43906909907878,23.098763396079143,10.521866596127353
48668623,39.138000,115.893625,110.715158,1138.87,1023.17,1130.82,1023.32,0.02,0.0,0.29,0.2,0.16,0.26,1391.03,645.5816315077282,673.2102755395425,0.7549044442978198,513.3889405367664,363.27031268104156,41.29965790180112,289.9671209765225,216.61783844176497,75.43906909907878,23.098763396079143,10.521866596127353
48668722,39.239000,116.839925,117.217724,1138.92,1023.13,1130.99,1023.44,0.02,0.0,0.22,0.19,0.1,0.29,1391.47,645.5383216471212,673.0924832841691,0.7548345655076618,515.6396583715414,361.9524126070803,40.53748506670455,294.5020755235034,211.14511710101104,74.43196156424762,22.66017308301431,10.38717554441962
48668822,39.338000,118.383114,115.834267,1138.68,1023.42,1130.9,1023.45,0.02,0.0,0.18,0.24,0.12,0.29,1391.86,645.5946100062802,673.1917062695599,0.7400370299076384,517.2187604666613,361.0946386156623,40.049289429159764,297.4072703957685,208.59986306591168,74.04925411995416,22.358986892103463,10.53094945858787
48668923,39.438000,120.642111,114.598129,1138.19,1023.6,1130.76,1023.53,0.02,0.0,0.1,0.27,0.15,0.31,1392.15,645.5946616939774,673.1899984305443,0.7708629511948456,514.8177693648277,362.42114211773065,40.62805272319221,293.61685842455836,212.37246196813814,74.34659205736567,22.82219723486676,10.205123512173579
48669024,39.539000,126.153629,114.413052,1137.82,1023.81,1130.7,1023.5,0.02,0.0,0.03,0.31,0.16,0.3,1392.41,645.533398525151,673.1140539789241,0.8197677827112424,512.5373737780922,363.70651866753155,41.304490888894136,289.1779454722678,217.39980650488764,75.60311292668804,23.260012859954816,10.254047008186049
48669124,39.641000,126.014073,115.800557,1137.69,1023.87,1130.57,1023.5,0.02,0.0,0.01,0.32,0.19,0.3,1392.59,645.511098006118,673.1869412079466,0.6822639923079651,510.8528179985696,364.6977925545198,41.79555513300334,286.0362952028776,220.69719691394562,75.8766991225102,23.581700800308408,10.196022203483018
48669224,39.741000,123.438186,118.951227,1137.74,1023.7,1130.63,1023.39,0.02,0.0,0.02,0.29,0.17,0.28,1392.82,645.5265761008962,673.1327744706842,0.7748343595132137,510.65550985698496,364.78748895243746,41.80642877699061,285.7098534493436,221.03589922032998,76.36592341470681,23.62469922918718,10.169977322321479
48669325,39.840000,120.391841,121.775038,1138.2,1023.38,1130.91,1023.49,0.02,0.0,0.1,0.23,0.12,0.3,1392.88,645.5932624035653,673.2302399305916,0.7487167330812851,512.2182537931101,363.91510674869875,41.48463167310386,288.01140409916576,218.6196492614613,75.73519026554946,23.325443563936847,10.404180264416162
48669425,39.939000,119.754064,122.164281,1138.51,1023.21,1130.73,1023.49,0.02,0.0,0.15,0.21,0.15,0.3,1392.83,645.593910395705,673.1900468355982,0.7426240783671182,514.3052879418549,362.6955468388224,40.89770957890533,291.9881714314325,214.24576419333312,74.8377703626002,22.920449173992004,10.426524378539114
48669525,40.041000,121.143411,123.206960,1138.6,1023.15,1130.9,1023.4,0.02,0.0,0.64,0.2,1.0,0.28,1393.09,645.5984203237197,673.1872616302877,0.7774856322168435,516.1089961810286,361.7374896947982,40.38145101866557,295.38546709650115,210.62007930512763,74.39344536880664,22.575754526675006,10.451167409998526
48669624,40.140000,124.182329,119.459585,1143.79,1023.79,1138.9,1024.84,0.02,0.0,0.35,0.3,1.0,0.57,1390.78,645.5212076372027,673.0919621632812,0.7437053221045566,516.7534438460422,361.3707637307907,40.16720411341311,296.3686360495927,209.57781181371695,74.14830595275679,22.444850408789595,10.55265744468111
48669725,40.240000,125.879783,121.316072,1144.04,1024.09,1146.28,1024.93,0.02,0.01,0.15,0.35,0.21,0.59,1389.1,645.5212076372027,673.0919621632812,0.7437053221045566,516.7534438460422,361.3707637307907,40.16720411341311,296.3686360495927,209.57781181371695,74.14830595275679,22.444850408789595,10.55265744468111
48669824,40.340000,126.393545,121.608690,1142.9,1024.28,1145.53,1023.66,0.02,0.0,0.56,0.39,0.81,0.33,1388.76,645.5413970418919,673.1020970543085,0.7631595561733406,516.2493802382006,361.6043105812879,40.51463108460142,293.82679138084325,214.66309389106902,75.85326100175874,22.54165653248044,11.466348034854292
48669924,40.439000,126.117574,121.915323,1146.27,1024.97,1140.81,1022.9,0.01,0.0,0.01,0.51,0.13,0.18,1387.87,645.5046267772645,673.2019008213022,0.7203142125401014,507.60750987439854,366.68062637800637,42.87401141335055,276.8418205537446,237.05956721517683,81.00218061407787,24.221922608797744,12.233238038798298
48670024,40.539000,124.322391,123.382006,1146.67,1024.06,1140.9,1022.91,0.01,0.01,0.08,0.35,0.11,0.18,1387.08,645.5046267772645,673.2019008213022,0.7203142125401014,507.60750987439854,366.68062637800637,42.87401141335055,276.8418205537446,237.05956721517683,81.00218061407787,24.221922608797744,12.233238038798298
48670124,40.640000,124.552800,123.236819,1146.3,1023.65,1140.93,1022.86,0.01,0.01,0.0,0.28,0.89,0.17,1387.97,645.5136856778773,673.2447358662226,0.7805841687558154,503.126559089132,369.4342481057022,44.34406133279157,269.50139362273757,244.4487233351196,81.81852087588216,25.111117848919296,11.631734101912812
48670224,40.740000,126.202928,123.161158,1146.68,1023.34,1147.9,1024.13,0.01,0.01,0.06,0.23,0.5,0.43,1387.17,645.5156264076741,673.2495618432063,0.7814031698917118,501.03313783772984,370.7188468826252,44.891584549448574,266.00041230984397,248.83157468685616,82.73757361461472,25.52818775402838,11.532504194418514
48670325,40.840000,128.379985,123.399789,1147.2,1023.03,1145.77,1023.23,0.01,0.01,0.11,0.17,0.11,0.25,1386.97,645.5229981420135,673.2669404375843,0.718030363669942,505.1446098274396,368.24034704724113,43.99967008286307,270.5048106056835,245.2768682128194,83.39072117383469,24.71268568206629,12.91774830154911
48670425,40.941000,128.139548,124.731115,1147.39,1022.77,1145.43,1023.22,0.01,0.01,0.14,0.13,0.04,0.24,1388.15,645.5229981420135,673.2669404375843,0.718030363669942,505.1446098274396,368.24034704724113,43.99967008286307,270.5048106056835,245.2768682128194,83.39072117383469,24.71268568206629,12.91774830154911
48670524,41.041000,128.388022,124.918778,1147.41,1022.93,1145.7,1022.98,0.01,0.01,0.46,0.16,0.21,0.2,1389.11,645.5377936123082,673.2133353343124,0.748331351268548,507.46519588029355,366.7436547667098,43.14232962802176,275.9270796400089,238.41169203068398,81.88225799851325,24.252808792219444,12.496599266394135
48670625,41.140000,127.543406,125.175772,1149.93,1023.27,1145.39,1023.08,0.01,0.01,0.08,0.22,0.31,0.22,1387.28,645.5281302647703,673.2277895128906,0.7432033818281142,509.149286025363,365.75894241537804,42.64019300089218,278.99822324692263,234.26598706766762,81.13609195791544,23.91984163106138,12.41955262869864
48670724,41.241000,126.666676,125.211745,1150.01,1023.72,1145.2,1023.38,0.01,0.01,0.06,0.29,0.34,0.28,1387.92,645.5281302647703,673.2277895128906,0.7432033818281142,509.149286025363,365.75894241537804,42.64019300089218,278.99822324692263,234.26598706766762,81.13609195791544,23.91984163106138,12.41955262869864
48670824,41.339000,126.576382,126.621995,1149.11,1024.1,1145.27,1023.2,0.01,0.02,0.22,0.36,0.33,0.24,1388.95,645.5353185629921,673.2092177942603,0.7505562506385187,507.1752007290851,366.9546581360172,43.291323417476434,275.48476256889666,239.07766052278274,81.98198394032812,24.31256810376263,12.479222483811633
48670924,41.440000,127.317498,126.405048,1148.63,1024.12,1145.01,1023.41,0.01,0.02,0.3,0.36,0.38,0.28,1389.73,645.5260189045127,673.2548654221517,0.8172841087813049,499.94478771027724,371.4858572407521,45.34947736749821,263.84620651947563,253.43557260511182,84.09807987247974,25.752888542075777,11.928978754249549
48671024,41.543000,128.512761,125.076105,1148.66,1023.97,1145.62,1023.29,0.01,0.02,0.29,0.33,0.26,0.26,1390.41,645.5196317233351,673.2548654221517,0.8172841087813049,499.94478771027724,371.4858572407521,45.34947736749821,263.84620651947563,253.43557260511182,84.09807987247974,25.752888542075777,11.928978754249549
48671124,41.638000,129.024148,127.101854,1149.17,1023.48,1145.64,1023.24,0.01,0.02,0.23,0.25,0.29,0.25,1391.03,645.5216661296469,673.2565424518237,0.7869741097426782,499.47370324237176,371.83366734141714,45.68231450287481,262.11923624543704,256.2973061120152,84.93991485801368,25.85150906027291,12.341683740943296
48671227,41.740000,129.372536,129.004009,1149.56,1023.35,1145.58,1023.28,0.01,0.01,0.25,0.23,0.7,0.26,1391.55,645.5173773242807,673.240444606991,0.7958921175381949,501.9124449167539,370.26521152401233,44.95788733473888,266.2535431265657,251.22235776584446,83.85714876190059,25.85150906027291,12.341683740943296
48671328,41.843000,129.715695,129.571847,1149.88,1023.12,1151.4,1024.22,0.01,0.01,0.25,0.19,0.08,0.44,1391.48,645.5173773242807,673.240444606991,0.7958921175381949,501.9124449167539,370.26521152401233,44.95788733473888,266.2535431265657,251.22235776584446,83.85714876190059,25.360129031684625,12.479165338121106
48671427,41.945000,132.245870,131.401153,1149.83,1023.15,1151.31,1023.79,0.01,0.01,0.32,0.2,0.05,0.36,1391.18,645.5071569956951,673.2336861838606,0.733524119683812,505.2044748502627,368.29909856185384,44.18223792292007,270.86851353745465,245.44809094290633,83.20472146890744,24.70751228762394,12.919127039199466
48671527,42.043000,133.807176,128.778884,1149.43,1023.45,1150.62,1023.77,0.01,0.01,0.39,0.25,0.19,0.35,1390.17,645.5208549315162,673.2142550740422,0.6957796567413381,507.1759819478562,367.04825387102386,43.5290497709047,274.0445727963787,242.5571893494305,83.50950854920568,24.31641678687392,13.265161310464201
48671627,42.143000,133.831695,130.929866,1149.98,1023.84,1150.87,1023.44,0.01,0.01,0.99,0.31,0.02,0.29,1390.5,645.519281804477,673.2333375956792,0.7501049266250218,506.7762399891001,367.3024291765245,43.558766880076156,273.22266786072015,244.56123030633302,84.04246146529576,24.394816207758605,13.486750455893386
48671727,42.242000,133.078090,130.648828,1157.41,1025.08,1150.64,1023.23,0.01,0.01,0.27,0.52,0.03,0.25,1389.94,645.5175385630118,673.2720881466881,0.7689672123767778,504.5997142167695,368.6985619361418,44.28193462267412,269.12769218056326,250.51922980101554,84.6481806930949,24.828687293019385,13.691343030238691
48671827,42.343000,132.017771,130.136636,1158.55,1024.03,1150.51,1023.51,0.02,0.01,0.59,0.35,0.43,0.3,1388.56,645.5262845631104,673.2817817837603,0.7374618720787752,500.71540393202645,371.0659358624094,45.26669694352971,263.9455647324178,256.21330830656854,85.4794859072661,25.602052042527802,12.918738511287529
48671927,42.443000,129.872844,132.531495,1154.37,1023.66,1152.52,1023.85,0.02,0.01,0.12,0.28,0.03,0.37,1389.1,645.5225842667156,673.3238594184476,0.8318391531943384,495.5378085583385,374.51561182451536,47.194082019080156,254.79010734534262,269.03667349762753,87.68395437818927,26.654052837257815,13.032196799197138
48672027,42.544000,129.612701,131.267835,1153.28,1023.55,1152.21,1023.95,0.02,0.01,0.24,0.26,0.46,0.39,1388.51,645.5347373987304,673.3075469783145,0.8076070556222085,492.83184716689834,376.4897333130055,47.9285539311023,250.6603581119059,275.9565760860296,88.80756245586846,27.224313060587708,13.006467702329168
48672127,42.643000,129.992165,130.993302,1153.79,1023.32,1154.9,1024.18,0.02,0.01,0.33,0.22,0.07,0.44,1388.86,645.5224722062042,673.3324753233237,0.8559509466367774,492.6597637477823,376.6724586460311,48.13666739649466,249.64142942222128,278.7745557552319,89.91186658947926,27.261105362889143,13.536160883082907
48672227,42.742000,131.239397,131.106278,1154.19,1022.95,1154.86,1023.56,0.02,0.01,0.39,0.16,0.07,0.31,1388.99,645.5199717530014,673.329404395002,0.7994164650929618,494.6165997259017,375.31881542286146,47.56736291033541,252.50273682530207,274.40124961385055,89.43867116484526,26.856247646476028,13.660221868763657
48672328,42.843000,132.902133,129.461427,1153.16,1022.44,1154.59,1023.56,0.02,0.01,0.22,0.07,0.01,0.31,1389.76,645.5220549228897,673.2815553132031,0.781547343805374,498.1752035596676,372.9142233329378,46.504668008647926,257.9600647636573,267.89806829272374,88.70500388049754,26.130514603888606,14.1252040913879
48672427,42.944000,133.591896,130.784070,1153.14,1022.47,1154.81,1023.34,0.02,0.01,0.21,0.08,0.06,0.27,1390.52,645.5193237137146,673.2805207365291,0.7605214897650134,501.48565881871633,370.80471799820293,45.63720823068953,262.67017107347056,261.5851939983572,87.76165804946532,25.462969591896293,14.49761690424129
48672528,43.042000,133.420219,134.371588,1152.95,1022.39,1154.7,1023.39,0.02,0.01,0.45,0.07,0.38,0.28,1391.1,645.5193237137146,673.2805207365291,0.7605214897650134,501.48565881871633,370.80471799820293,45.63720823068953,262.67017107347056,261.5851939983572,87.76165804946532,25.462969591896293,14.49761690424129
48672628,43.143000,133.555974,139.323232,1155.12,1023.11,1153.6,1023.41,0.02,0.01,0.08,0.19,0.16,0.28,1390.15,645.5116081248104,673.2791912808551,0.7661037707025072,502.41122726296555,370.13306033949226,45.15074008203587,264.92922590700636,257.78429189375174,87.20373541644443,25.269691898637827,14.142567018775829
48672728,43.243000,134.566178,138.522167,1155.0,1023.53,1153.57,1023.44,0.02,0.01,0.1,0.26,0.16,0.29,1390.4,645.5232552269925,673.2600504218788,0.7876228649587614,501.907434791004,370.51625386682804,45.36530690761694,263.8715162412778,260.02024160377414,87.43727393761299,25.37876096639751,14.341801266707755
48672828,43.344000,138.808395,136.142449,1154.44,1023.84,1153.48,1023.5,0.02,0.01,0.36,0.31,1.0,0.3,1390.91,645.5223682354324,673.2964417288842,0.7726759682593451,499.2336621019614,372.24891757432385,46.103600105172035,259.9102408561213,264.84105315246853,87.65638642992204,25.91661253790787,13.996328987458803
48672929,43.443000,138.613464,138.541021,1155.34,1023.76,1160.56,1024.63,0.02,0.01,0.93,0.3,0.48,0.53,1389.74,645.5147412210247,673.3244693172824,0.8255819462652577,495.74307091418655,374.5605590368952,47.22101475456558,254.77663063904288,271.8855633104654,88.54722855075697,26.62481042069327,13.67168714166396
48673028,43.544000,137.484066,136.917379,1162.8,1024.59,1158.01,1023.11,0.02,0.02,0.34,0.44,0.03,0.22,1388.72,645.5102670358483,673.3627901128756,0.8401899061285132,493.3110094629218,376.27254000102573,48.033436114155634,250.55672127862502,278.4757378905653,90.00727115802658,27.126051601190543,13.805198645309694
48673128,43.644000,134.884010,138.217741,1164.08,1023.83,1157.74,1023.12,0.02,0.02,0.78,0.31,0.24,0.22,1387.62,645.5206622856069,673.3565125472585,0.8707987562753244,492.68665879419746,376.64545792096436,48.099726717872024,249.3471492644745,280.91346466884477,91.25939773169054,27.252711776394,14.019445518643508
48673229,43.744000,133.576879,138.974422,1158.7,1023.36,1158.02,1022.9,0.01,0.02,0.31,0.23,0.44,0.18,1388.41,645.5173403567551,673.3461711914941,0.8451810192788232,494.2920923352105,375.5412351892901,47.995285511376245,251.24977187269013,278.7686084163732,91.29202203436718,26.921445170638876,14.446051372926192
48673329,43.846000,133.666308,138.144636,1157.21,1023.32,1159.1,1023.59,0.01,0.02,0.06,0.23,0.22,0.32,1389.11,645.5173403567551,673.3461711914941,0.8451810192788232,494.2920923352105,375.5412351892901,47.995285511376245,251.24977187269013,278.7686084163732,91.29202203436718,26.921445170638876,14.446051372926192
48673428,43.946000,134.499683,142.061138,1157.11,1023.29,1159.56,1023.47,0.01,0.02,0.04,0.22,0.13,0.29,1389.83,645.5403822141197,673.3712614998839,0.8347829383831522,491.85447593839837,377.38045948034915,48.802335412441955,247.21729374381263,287.5503750786564,92.86797429532999,27.439480105288105,14.95794686920432
48673529,44.044000,135.646175,140.914655,1157.53,1023.11,1159.42,1023.54,0.01,0.02,0.18,0.19,0.93,0.31,1390.53,645.5212042420889,673.3575543045581,0.8098695263163389,491.3970995294673,377.6442098218781,48.69709047848883,246.733332162716,286.69679152485844,92.78870003298368,27.528268175876402,14.552150215670885
48673629,44.145000,142.275003,137.214180,1157.94,1022.94,1166.46,1024.81,0.01,0.02,0.24,0.16,0.48,0.56,1390.52,645.5212042420889,673.3575543045581,0.8098695263163389,491.3970995294673,377.6442098218781,48.69709047848883,246.733332162716,286.69679152485844,92.78870003298368,27.528268175876402,14.552150215670885
48673729,44.245000,143.310405,138.933543,1158.06,1022.71,1164.32,1023.05,0.01,0.02,0.27,0.12,0.05,0.21,1390.2,645.5136678326735,673.3554161768026,0.8359400719410296,495.2440242419692,374.95788288938905,47.59443993299646,252.0341642504613,280.6177623198448,92.4154364948981,26.72931154303645,15.340305359348811
48673830,44.345000,142.077335,137.710843,1157.9,1022.81,1163.65,1023.05,0.01,0.02,1.0,0.14,0.54,0.21,1390.63,645.5136678326735,673.3554161768026,0.8359400719410296,495.2440242419692,374.95788288938905,47.59443993299646,252.0341642504613,280.6177623198448,92.4154364948981,26.72931154303645,15.340305359348811
48673930,44.446000,140.445008,139.225280,1164.56,1023.67,1161.33,1022.41,0.01,0.01,0.08,0.28,0.32,0.08,1389.5,645.5281605511225,673.3221306191922,0.8185013747530648,497.20031663953245,373.6971000412457,47.155408601318314,254.12504879890992,280.0363677536518,93.16940482094878,26.337476349160337,16.252586985311233
48674030,44.546000,136.052851,141.708301,1165.36,1024.45,1160.91,1022.51,0.01,0.02,0.22,0.42,0.24,0.1,1389.24,645.5281605511225,673.3221306191922,0.8185013747530648,497.20031663953245,373.6971000412457,47.155408601318314,254.12504879890992,280.0363677536518,93.16940482094878,26.337476349160337,16.252586985311233
48674131,44.645000,135.795867,142.567184,1164.3,1024.2,1160.98,1022.64,0.01,0.01,1.0,0.37,0.55,0.13,1390.07,645.5143767621726,673.3430347833233,0.8247951886751529,494.6469007470456,375.3522584924605,47.79456696956049,251.09895503461195,282.2582897694513,92.47415155559366,26.852289510666523,15.376523680864835
48674230,44.746000,134.253133,146.155954,1157.87,1023.43,1164.27,1023.29,0.01,0.01,0.03,0.24,0.11,0.26,1389.13,645.5104296758587,673.3885724102992,0.8480760043941432,487.0552139990102,380.7219205977586,50.15852459726106,240.34540716196025,298.34304931564157,94.1541560468847,28.431945589060174,14.671428702205198
48674331,44.846000,134.106311,146.250812,1156.78,1022.96,1164.13,1023.37,0.01,0.01,0.09,0.16,0.8,0.27,1388.17,645.5104296758587,673.3885724102992,0.8480760043941432,487.0552139990102,380.7219205977586,50.15852459726106,240.34540716196025,298.34304931564157,94.1541560468847,28.431945589060174,14.671428702205198
48674430,44.946000,135.690982,145.397245,1157.92,1022.32,1169.87,1024.01,0.01,0.01,0.31,0.05,0.32,0.4,1387.0,645.5364027888327,673.4070494637093,0.8555401436643184,484.478113129264,382.76766548768575,51.04705603153366,236.2609441412832,306.90923526205694,96.63002449612054,28.993100115259082,15.019958535104493
48674531,45.046000,145.313489,142.326874,1158.87,1021.75,1169.71,1023.68,0.01,0.01,0.2,0.04,0.46,0.34,1387.1,645.5276023153897,673.370029385402,0.8343779829354591,489.37387270143756,379.23823947966315,49.43382819998818,243.02649516950618,297.60372146585837,94.8574237961152,27.96370521837288,15.738441594064298
48674630,45.147000,145.243794,142.775266,1159.41,1021.48,1167.17,1023.49,0.01,0.01,0.29,0.09,0.05,0.3,1387.14,645.5047584137778,673.3682810653023,0.7644221326082526,496.4276959007906,374.44090860978133,47.65891428973612,243.02649516950618,297.60372146585837,94.8574237961152,27.96370521837288,15.738441594064298
48674730,45.246000,141.887791,144.751618,1159.16,1021.64,1167.53,1023.3,0.01,0.01,1.0,0.06,0.55,0.26,1387.0,645.5174797141093,673.3046296761521,0.8226264205927498,499.73126903721936,372.0579204916536,46.455259466282264,257.8938344629556,276.5659331916484,93.21761477216221,25.82433211926825,16.804243094043798
48674830,45.346000,139.838477,144.230249,1165.29,1022.83,1164.83,1023.0,0.01,0.01,0.33,0.14,0.01,0.2,1385.95,645.5367161410065,673.3340315008891,0.795912681737715,499.6894822223077,372.1316740645869,46.41399551960568,257.9273505125108,275.465659076545,92.51189725748921,25.837044213363928,16.532437213864775
48674930,45.446000,139.919470,144.895236,1165.79,1023.9,1164.61,1023.16,0.01,0.01,0.33,0.14,0.01,0.2,1386.42,645.5367161410065,673.3340315008891,0.795912681737715,499.6894822223077,372.1316740645869,46.41399551960568,257.9273505125108,275.465659076545,92.51189725748921,25.837044213363928,16.532437213864775
48675031,45.545000,141.300936,144.220698,1164.46,1024.58,1164.78,1023.11,0.01,0.01,0.25,0.32,0.03,0.23,1386.55,645.5224119514405,673.3999697131173,0.8391069151712344,489.2293860012682,379.27285828752656,49.492341280175374,252.96879633285587,284.2460318148666,93.10124448587676,26.49035119666114,16.721877783426997
48675132,45.646000,141.451590,144.570225,1162.12,1023.92,1165.98,1023.56,0.01,0.01,0.43,0.44,0.42,0.22,1387.09,645.5224119514405,673.3999697131173,0.8391069151712344,489.2293860012682,379.27285828752656,49.492341280175374,252.96879633285587,284.2460318148666,93.10124448587676,26.49035119666114,16.721877783426997
48675231,45.748000,145.964538,148.879409,1162.12,1023.92,1165.98,1023.56,0.01,0.01,0.03,0.33,0.18,0.31,1388.2,645.5228244089745,673.4693010202243,0.7784943011668802,479.0245932578207,387.19906043017573,53.003096476123226,228.92945749212564,323.5821260458886,100.25060404437478,30.182800027238635,15.362695189456062
48675332,45.846000,145.143018,146.901494,1161.92,1023.25,1166.41,1023.23,0.01,0.01,0.0,0.21,0.1,0.25,1388.23,645.5013517627893,673.4310519232735,0.8379257847593435,479.93756225329093,386.53313907209383,52.842186218507074,229.6841829514278,323.29047831750853,100.1072249875109,29.988495835437018,15.840477334096924
48675432,45.947000,145.654483,148.253141,1163.16,1022.65,1166.31,1023.28,0.01,0.01,0.21,0.11,0.12,0.26,1388.89,645.5013517627893,673.4310519232735,0.8379257847593435,479.93756225329093,386.53313907209383,52.842186218507074,229.6841829514278,323.29047831750853,100.1072249875109,29.988495835437018,15.840477334096924
48675531,46.047000,144.555202,148.395496,1164.28,1021.92,1166.53,1023.31,0.01,0.01,0.4,0.01,0.07,0.26,1388.4,645.5139388657348,673.4244706775955,0.8071929606204488,485.12730588966457,382.6787380399327,51.263179295777135,229.6841829514278,323.29047831750853,100.1072249875109,29.988495835437018,15.840477334096924
48675631,46.147000,143.821375,147.206730,1163.3,1021.4,1166.61,1023.25,0.01,0.0,0.24,0.1,0.06,0.25,1389.19,645.5286915849978,673.3615389674113,0.8568345041745707,491.33947353619067,378.03613107010875,49.43677738994399,229.6841829514278,323.29047831750853,100.1072249875109,29.988495835437018,15.840477334096924
48675732,46.247000,143.408706,149.049193,1162.79,1021.62,1166.31,1023.35,0.02,0.0,0.15,0.06,0.12,0.27,1390.13,645.5286915849978,673.3615389674113,0.8568345041745707,491.33947353619067,378.03613107010875,49.43677738994399,229.6841829514278,323.29047831750853,100.1072249875109,29.988495835437018,15.840477334096924
48675831,46.348000,145.980805,146.807057,1161.83,1022.14,1166.44,1023.33,0.02,0.0,0.01,0.02,0.09,0.27,1389.51,645.5059494401845,673.3428533866346,0.7934349545356358,496.537104809959,374.2759504455409,47.60918798796333,253.3681370978298,283.25062830762374,93.80541916729563,26.478451124519665,16.520739618821295
48675932,46.447000,146.897904,147.432409,1160.88,1022.73,1166.1,1023.42,0.02,0.01,0.18,0.12,0.16,0.28,1390.17,645.5252518009388,673.4005116402378,0.8610527311651497,487.7884733399461,380.62446366892885,50.30050032244187,248.15780718698866,291.3985556837296,93.73026397116895,27.210962209415246,16.34601455939994
48676032,46.548000,146.012227,151.942797,1160.3,1022.94,1166.08,1023.37,0.02,0.01,0.28,0.16,0.16,0.27,1390.86,645.51227554528,673.4580899117486,0.8254109978795872,483.19449987290636,384.03698578164955,51.56117953792556,234.53521402787933,314.5012306029584,98.783649687511,29.28527766167017,15.806183221295584
48676132,46.648000,145.066324,151.763379,1160.46,1022.94,1165.95,1023.22,0.02,0.01,0.25,0.16,0.19,0.24,1391.38,645.51227554528,673.4580899117486,0.8412359153424818,482.4924591857559,384.6024139907343,51.993502567293696,233.12175002702938,317.40678097440997,99.54865685654599,29.28527766167017,15.806183221295584
48676232,46.749000,146.475903,148.929847,1161.1,1022.39,1166.17,1023.33,0.02,0.01,1.0,0.07,1.0,0.27,1390.57,645.5179698862972,673.4351267955107,0.8816718727890306,485.1030008938094,382.61112082200793,51.28544471524807,236.72926296994353,310.849223660671,97.8139344936,28.880592072422527,16.123378364477652
48676332,46.847000,146.038890,151.717130,1169.67,1022.66,1173.6,1024.5,0.02,0.01,0.28,0.11,0.07,0.5,1389.86,645.5179698862972,673.4351267955107,0.8816718727890306,485.1030008938094,382.61112082200793,51.28544471524807,236.72926296994353,310.849223660671,97.8139344936,28.880592072422527,16.123378364477652
48676433,46.948000,146.769197,151.612003,1171.62,1022.83,1173.42,1023.55,0.02,0.01,0.53,0.14,0.5,0.31,1389.97,645.550475725122,673.4059864957695,0.8168673160398655,494.43294444058716,375.8070873365535,48.63591934899031,248.03182561771288,294.89970883349173,97.53045596457682,26.92097201798231,17.980131947439
48676532,47.047000,146.860416,150.914512,1167.4,1023.09,1170.61,1023.35,0.02,0.01,0.18,0.18,0.06,0.27,1388.21,645.5324325270199,673.3471901153682,0.8643842537687877,491.42165141665333,377.82289557854756,49.21822803141126,245.38995258920085,298.36559762299044,96.4149633031254,27.54125771903806,17.019335163827044
48676633,47.148000,146.203068,151.964288,1165.15,1023.68,1170.59,1023.09,0.02,0.01,0.57,0.29,0.07,0.22,1388.51,645.5096941898934,673.4028982030406,0.8597071684632863,485.7609501637456,382.1406749050917,50.96046041981233,245.38995258920085,298.36559762299044,96.4149633031254,27.54125771903806,17.019335163827044
48676732,47.249000,146.611459,152.303545,1168.83,1024.51,1170.4,1023.25,0.02,0.01,0.06,0.43,0.11,0.25,1388.69,645.513631264597,673.4696612476199,0.8981787811255916,480.31967687113615,386.2858587195284,52.7696799555853,245.38995258920085,298.36559762299044,96.4149633031254,27.54125771903806,17.019335163827044
48676833,47.348000,150.149363,154.378275,1169.62,1024.06,1170.21,1023.29,0.02,0.01,0.2,0.35,0.14,0.26,1389.76,645.4823650682063,673.473340076549,0.8468717588159662,477.4950842188557,388.5067545335938,53.69688186730314,226.39040477709545,331.9317314107527,102.71906758623489,30.519271844956005,16.264466083044418
48676933,47.449000,148.314243,152.786500,1169.77,1023.53,1170.53,1023.06,0.02,0.01,0.22,0.26,0.08,0.21,1390.54,645.5101508264686,673.4519900444012,0.8551968019982998,478.52527996357344,387.71393176799097,53.65717054179613,227.1277958756357,331.7605501302117,102.92708507944965,30.30194780178874,16.84834355254508
48677033,47.551000,146.840368,156.004866,1170.38,1023.1,1170.44,1023.29,0.02,0.01,0.3,0.19,1.0,0.26,1389.36,645.5101508264686,673.4519900444012,0.8551968019982998,478.52527996357344,387.71393176799097,53.65717054179613,227.1277958756357,331.7605501302117,102.92708507944965,30.30194780178874,16.84834355254508
48677132,47.648000,147.094667,152.709163,1171.06,1022.64,1177.7,1024.15,0.02,0.01,0.19,0.11,0.26,0.43,1389.11,645.5278841011518,673.4378772571587,0.8722020487003621,480.9290118795475,385.7985453511131,52.74510353992959,230.66056564604366,323.75717218234104,100.94581979857068,29.779937581678794,16.517218296832965
48677232,47.748000,146.932633,153.690249,1171.23,1022.56,1177.36,1023.78,0.02,0.01,0.16,0.1,0.2,0.36,1389.85,645.4989204740209,673.4005914553884,0.8619785962892842,484.87405219058644,382.7296367165227,51.60553521470144,235.65924041125442,315.59530455599196,100.10826799879806,28.925054678883473,17.073248994509264
48677333,47.848000,147.621182,153.412908,1170.63,1022.75,1176.9,1023.86,0.02,0.01,0.26,0.13,0.1,0.37,1390.56,645.5617069876473,673.426347578611,0.8648486540191829,486.6758998825393,381.3394541548772,50.719120183817715,238.36936176652677,313.366842718315,100.51292767602051,28.544758351981578,17.60111737280417
48677433,47.948000,149.051072,151.060190,1169.86,1023.18,1177.13,1023.47,0.02,0.01,0.39,0.2,0.15,0.29,1391.13,645.5617069876473,673.426347578611,0.8648486540191829,486.6758998825393,381.3394541548772,50.719120183817715,238.36936176652677,313.366842718315,100.51292767602051,28.544758351981578,17.60111737280417
48677532,48.049000,149.299770,153.578015,1170.67,1023.8,1176.32,1023.8,0.02,0.01,0.25,0.31,0.01,0.36,1390.52,645.5134130079066,673.4261451836041,0.8694987370672193,484.5701902308138,383.1443010221268,51.73365883491765,234.6120652345226,322.871686756389,101.86169369828734,29.00564196054381,18.431734610579078
48677633,48.148000,149.369001,153.744605,1170.67,1023.85,1176.59,1023.57,0.02,0.01,0.25,0.31,0.04,0.31,1390.58,645.5054196690346,673.5032239692893,0.8002688048673086,477.98510001725003,388.24430733019676,53.85807613465502,226.70409900395953,337.7500724890431,104.36247584524484,30.42388786867507,17.790113411074053
48677733,48.250000,149.360878,155.179306,1170.83,1023.67,1176.56,1023.6,0.02,0.01,0.08,0.28,0.2,0.32,1391.05,645.5054196690346,673.5032239692893,0.8002688048673086,477.98510001725003,388.24430733019676,53.85807613465502,226.70409900395953,337.7500724890431,104.36247584524484,30.42388786867507,17.790113411074053
48677834,48.349000,150.408299,155.627526,1171.37,1023.33,1176.58,1023.57,0.02,0.01,0.01,0.23,0.2,0.31,1391.16,645.504951976704,673.4577227853978,0.8758584170784681,479.38259069496996,387.0688518136258,53.347240813665884,228.57647689822147,332.80668531991074,104.18409736638351,30.116250507402313,17.559649992023694
48677933,48.450000,151.692385,155.442415,1171.9,1023.18,1176.83,1023.24,0.02,0.01,0.1,0.2,0.25,0.25,1391.16,645.5198910931156,673.4442192055,0.8772461882594691,482.8506436211962,384.3944410113911,52.42034715647731,232.5622351505166,326.5472525393666,102.97876596742229,29.369609723908447,18.246968299314617
48678033,48.549000,152.875756,154.808699,1171.98,1022.96,1176.6,1023.35,0.02,0.01,0.07,0.16,0.2,0.27,1389.8,645.5243142027215,673.4300717187302,0.8365980945277299,484.6052910089302,382.8764781060875,51.540356253848024,235.05011751956323,319.838306933012,102.0735120812238,28.979259941768703,17.86500118208272
48678133,48.649000,153.121492,155.307318,1171.69,1023.04,1176.67,1023.32,0.02,0.01,0.12,0.18,0.19,0.26,1389.8,645.5243142027215,673.4300717187302,0.8365980945277299,484.6052910089302,382.8764781060875,51.540356253848024,235.05011751956323,319.838306933012,102.0735120812238,28.979259941768703,17.86500118208272
48678234,48.749000,152.714756,154.727532,1171.19,1023.41,1176.54,1023.51,0.02,0.01,0.21,0.24,0.22,0.3,1390.21,645.5172408248546,673.4455252780047,0.7846891478418578,485.25350489637077,382.5571669446075,51.56876740623209,235.8731297116671,319.65290170051895,102.03769385883358,28.85238451384381,18.138137492979894
48678333,48.849000,151.907970,155.089029,1170.63,1023.7,1176.28,1023.71,0.02,0.01,0.76,0.29,0.21,0.34,1391.04,645.5112466616869,673.4612007505945,0.8239882855854944,483.5223465871491,383.87680284340723,52.03124020249477,233.5689069340072,323.49621017646916,102.41327726805109,29.22195418008424,17.975476412509337
48678434,48.949000,151.691339,155.404956,1176.46,1024.48,1176.59,1023.51,0.02,0.0,0.23,0.42,0.14,0.3,1391.01,645.5168847321345,673.4570388328372,0.8514718404701824,480.60706462421206,386.13773849344216,52.787864471894245,230.03772946762817,329.98277085809343,103.19313481066511,29.85410521522969,17.65997887051622
48678534,49.050000,150.578355,157.534990,1177.69,1024.09,1176.46,1023.6,0.02,0.0,0.44,0.36,0.17,0.32,1390.93,645.5113507087342,673.4634611684394,0.8057195564405887,478.76874653197325,387.6319004203034,53.58383077797248,227.57016910861628,336.1249975707327,104.91085995415345,30.257562905412787,17.89729761867978
48678634,49.150000,150.803695,157.859349,1174.97,1023.54,1176.5,1023.4,0.02,0.0,0.03,0.26,0.16,0.28,1391.34,645.5380591544986,673.512854049275,0.7665355993160575,477.15520576137806,388.8945433688595,54.27638544171744,225.15672827016817,339.6989617760865,105.37720801582405,30.60895581835653,17.735640431339668
48678734,49.250000,151.656888,158.187605,1174.47,1023.44,1176.4,1023.43,0.02,0.0,0.11,0.24,0.18,0.29,1390.63,645.4669947958799,673.5151227491083,0.8048008091234409,476.63997836835284,389.30533765435024,54.42687597933087,224.87704477192594,340.68015762656523,105.33627050022153,30.7112661131142,17.646029474384676
48678834,49.350000,152.668079,157.013790,1174.81,1023.29,1176.42,1023.41,0.02,0.0,0.34,0.22,0.69,0.28,1391.1,645.4669947958799,673.5151227491083,0.8048008091234409,476.63997836835284,389.30533765435024,54.42687597933087,224.87704477192594,340.68015762656523,105.33627050022153,30.7112661131142,17.646029474384676
48678934,49.450000,152.776939,157.676455,1174.74,1023.03,1181.57,1024.21,0.02,-0.0,0.18,0.18,0.28,0.44,1390.92,645.5157277363944,673.5303997697953,0.792937080919923,477.17517242179775,388.8561723135013,54.254602932787314,225.46122654624057,339.212434260846,105.17410701642703,30.597716479656736,17.647715790312994
48679035,49.549000,152.850065,157.430294,1174.66,1022.87,1181.33,1023.81,0.02,-0.0,0.17,0.15,0.23,0.36,1390.67,645.5148774197997,673.4946662995721,0.7905226091868185,480.29772400426793,386.34845220014563,53.17447369149191,229.27817685125052,334.3911517315471,105.26983646898744,29.91510649364076,18.475553966049837
48679135,49.651000,153.242622,156.820973,1174.58,1022.93,1181.12,1023.64,0.02,0.0,0.03,0.16,0.29,0.33,1391.1,645.5148774197997,673.4946662995721,0.7905226091868185,480.29772400426793,386.34845220014563,53.17447369149191,229.27817685125052,334.3911517315471,105.26983646898744,29.91510649364076,18.475553966049837
48679234,49.751000,154.096066,157.605020,1174.15,1023.24,1181.19,1023.41,0.02,0.0,0.11,0.21,0.3,0.28,1390.61,645.5297810810376,673.5113264177489,0.7827577372314267,480.28266971410324,386.3794730914983,53.2683909886078,229.26131194022486,336.18359307802234,105.4540314524529,29.9208360246895,18.850237194661204
48679335,49.850000,155.342803,156.782041,1173.94,1023.3,1180.82,1023.6,0.02,0.0,0.22,0.22,0.4,0.32,1390.89,645.5297810810376,673.5113264177489,0.7827577372314267,480.28266971410324,386.3794730914983,53.2683909886078,229.26131194022486,336.18359307802234,105.4540314524529,29.9208360246895,18.850237194661204
48679435,49.950000,155.631407,157.842670,1173.79,1023.34,1179.89,1023.36,0.02,0.0,0.39,0.23,0.06,0.27,1391.51,645.4931627284807,673.4817028449044,0.8816969156199957,478.393002119952,387.82289266004324,53.67675485942588,227.11507481398056,338.8596225358823,105.66130232738627,30.32610338957336,18.32147604148799
48679534,50.051000,155.492047,158.836933,1175.43,1023.32,1179.58,1023.38,0.02,-0.0,0.33,0.22,0.16,0.28,1391.9,645.0868186563195,673.3072031534858,0.7655270848626151,477.3119003469489,388.3212057896242,54.17141939668048,225.58144683192634,342.79869342491344,107.06306240622551,30.485868635681697,18.77777100891788
48679635,50.149000,154.829409,159.169232,1175.97,1023.34,1179.81,1023.39,0.02,-0.0,0.26,0.23,0.21,0.28,1392.37,644.843064180811,673.216791677401,0.891247517960933,475.79206103743843,387.93900946585586,54.23820101155533,223.3846726497641,341.66523858005496,106.70206151246938,30.650296729372243,18.31075011028561
48679735,50.250000,154.090855,159.987126,1176.22,1023.41,1180.08,1023.31,0.01,-0.0,0.22,0.24,0.15,0.26,1391.34,644.7696531463334,674.4379025037948,0.892913782333096,475.8813170893234,387.3571861246071,54.017701600011996,222.3753765718468,339.97145147849227,106.64952575063946,30.468113920559997,18.47613490541203
48679835,50.351000,153.887643,159.085144,1176.16,1023.45,1179.74,1023.41,0.01,-0.0,0.01,0.25,0.45,0.28,1391.71,644.8652693755932,675.4019349127223,1.2474510733361788,476.91376572070567,386.5176645089237,53.84838279570582,223.55123803428845,337.7381004155532,105.81570700173535,30.24329537836834,18.61567016889243
48679935,50.451000,153.924597,160.286571,1175.95,1023.45,1181.8,1023.74,0.01,-0.0,0.02,0.25,0.04,0.35,1391.6,644.8202732408795,675.4269754243606,1.26394252852964,476.91376572070567,386.5176645089237,53.84838279570582,223.55123803428845,337.7381004155532,105.81570700173535,30.24329537836834,18.61567016889243
48680035,50.551000,154.599204,159.325646,1175.77,1023.48,1181.8,1023.62,0.01,-0.0,0.05,0.25,0.04,0.32,1390.66,644.8372390357113,675.3955055701746,1.2667225183410296,476.91376572070567,386.5176645089237,53.84838279570582,223.55123803428845,337.7381004155532,105.81570700173535,30.24329537836834,18.61567016889243
48680135,50.650000,155.290141,159.590888,1175.58,1023.67,1181.64,1023.63,0.01,-0.0,0.09,0.28,0.07,0.33,1391.04,644.8292656161034,674.1271734347201,0.7811992003243267,475.4901232675857,387.8303734213455,54.2213057294712,222.22223909807354,342.9097994184245,107.26553360865456,30.603511906801955,18.735368031427456
48680235,50.752000,155.454065,160.323692,1175.64,1023.62,1181.69,1023.47,0.01,-0.0,0.28,0.28,0.02,0.29,1391.8,644.9520540752206,674.0034850499572,0.7769293622988336,475.2536759142751,388.13717885622737,54.443802593237706,221.9912447966477,344.6567271537169,107.53371073631432,30.694574093695934,18.869200751025303
48680336,50.851000,155.573123,159.622914,1175.69,1023.53,1181.62,1023.7,0.01,-0.0,0.3,0.26,0.14,0.34,1391.79,644.8992372553446,673.5639484587826,1.0690361649430775,475.3136094778946,388.17393818293243,54.385882979522414,222.50136200617627,343.85257409987236,107.12365875565781,30.71980288326407,18.6167290610232
48680436,50.951000,155.170870,160.388520,1175.9,1023.42,1181.54,1023.6,0.01,-0.0,0.26,0.24,0.16,0.32,1390.95,644.8423990461846,673.198881686339,0.8879364471570531,476.4670283771063,387.40874473260425,54.21903866265659,224.04307697809855,342.5741087477447,107.18429809363273,30.504779686749465,18.91880533686964
48680537,51.051000,154.755344,160.898204,1175.92,1023.43,1181.69,1023.61,0.01,0.0,0.21,0.24,0.14,0.32,1391.49,644.8654746513688,672.8360064384847,0.6528172728260101,477.2568182525261,386.8697906441606,53.96757443015808,225.3250741466241,339.8698218062179,106.89437190473554,30.37514272880063,18.682188726223607
48680636,51.152000,154.737590,161.309482,1175.91,1023.46,1181.54,1023.66,0.01,0.0,0.21,0.25,0.17,0.33,1391.91,644.8654746513688,672.8360064384847,0.6528172728260101,477.2568182525261,386.8697906441606,53.96757443015808,225.3250741466241,339.8698218062179,106.89437190473554,30.37514272880063,18.682188726223607
48680737,51.253000,155.246170,161.898235,1175.66,1023.56,1181.61,1023.44,0.01,0.0,0.18,0.26,0.34,0.29,1392.37,645.0470018581568,673.0079071735653,0.7845002298744987,478.03662515183845,386.9076883377492,53.82216849018992,226.47615574097804,339.7628335366615,106.75458432836949,30.274152583676255,18.837041540107478
48680836,51.353000,156.233049,160.374962,1175.49,1023.63,1181.48,1023.62,0.01,0.0,0.21,0.28,0.37,0.32,1392.66,645.0470018581568,673.0079071735653,0.7845002298744987,478.03662515183845,386.9076883377492,53.82216849018992,226.47615574097804,339.7628335366615,106.75458432836949,30.274152583676255,18.837041540107478
48680936,51.452000,156.176766,160.515087,1175.39,1023.6,1181.59,1023.52,0.01,0.0,0.48,0.27,0.16,0.3,1392.96,645.0827896357833,673.2807079870272,0.7877397777420265,477.2433842847793,387.9457953475922,54.00621730872264,225.68947840461473,341.7143341149035,106.50704373044617,30.464849591740133,18.656490198903057
48681036,51.552000,156.860737,160.906404,1178.53,1023.88,1181.65,1023.63,0.01,0.0,0.05,0.32,0.14,0.33,1392.89,645.1675398011744,673.47887259049,0.8453019471643708,476.7475303436608,388.8095282821278,54.28761503928509,225.02976725193056,344.54364699275266,107.34112457043112,30.60999408176334,18.806229086901908
48681137,51.651000,156.270580,161.513024,1179.18,1023.96,1181.57,1023.67,0.01,0.0,0.05,0.33,0.27,0.33,1392.5,645.4770470909011,673.5312782246464,0.8164000057434111,476.51645962561895,389.3960888567544,54.5178899893492,224.70080046617713,345.58586435368056,107.36682546580839,30.737772948876547,18.65507011589169
48681238,51.752000,155.775861,162.855611,1178.82,1024.01,1181.6,1023.56,0.01,0.0,0.09,0.34,0.38,0.31,1392.64,645.5041125500038,673.5409105329222,0.7976298830087099,476.7483987820352,389.2170934454663,54.499805080643185,224.87769185579285,345.51681865751704,107.31967212343847,30.690550901424658,18.775907572143424
48681337,51.853000,156.183529,161.506534,1178.71,1024.01,1181.94,1023.6,0.01,0.0,0.07,0.34,0.32,0.32,1392.92,645.4824825608047,673.496415261478,0.8733388912308293,476.55373912259563,389.34662943678035,54.60849171754391,224.44624227492946,345.7649492113645,107.45164925288874,30.73173596540929,18.72877033243281
48681438,51.953000,156.532529,162.176535,1178.39,1023.98,1182.04,1023.48,0.01,0.0,0.02,0.34,0.3,0.3,1393.05,645.5057339491111,673.512084069922,0.861556840402059,475.062260825478,390.70786125390407,55.015000046050226,222.83515738140903,350.14363613510847,108.1849440607995,31.076978872322716,18.709726158494085
48681537,52.053000,156.597597,162.006909,1178.51,1023.82,1182.05,1023.62,0.01,0.0,0.0,0.31,0.43,0.32,1393.21,645.5057339491111,673.512084069922,0.861556840402059,475.062260825478,390.70786125390407,55.015000046050226,222.83515738140903,350.14363613510847,108.1849440607995,31.076978872322716,18.709726158494085
48681638,52.153000,157.701629,161.674022,1178.64,1023.74,1183.13,1023.84,0.02,0.0,0.02,0.3,0.21,0.37,1392.1,645.4987280720172,673.4759014140182,0.8437589028054373,474.528590157585,391.1181113598624,55.255750879348234,222.0683572759292,351.30366062918415,108.43211862639426,31.195275885774333,18.647382173750167
48681738,52.254000,157.390388,163.043350,1178.58,1023.73,1183.16,1023.68,0.02,0.0,0.19,0.29,0.1,0.34,1391.95,645.4930593327855,673.4895513389857,0.8753805201267096,475.07781816486994,390.62993831492344,55.028017995549476,222.8601660857175,350.19344634774575,108.60780212003857,31.06782278910311,18.755989225382194
48681838,52.354000,157.206730,162.241765,1178.79,1023.71,1183.06,1023.83,0.02,0.01,0.1,0.29,0.4,0.37,1391.09,645.5260168165206,673.5379539789844,0.7741885285066556,475.86209278225084,390.0446164397693,54.77080676481075,223.72510804764656,348.9565651344103,108.61128747111754,30.899503229986678,18.945473610126356
48681938,52.454000,156.699568,162.707607,1178.51,1023.72,1184.08,1023.76,0.02,0.0,0.12,0.29,0.03,0.35,1391.4,645.495692286707,673.486577883452,0.8824436160409809,476.1363771376652,389.83783366185435,54.726394636568735,224.21475687596737,348.15870148451444,108.19105394610295,30.840330904736735,18.925142914556893
48682038,52.554000,156.447929,163.119083,1178.36,1023.76,1183.95,1023.74,0.01,0.01,0.06,0.3,0.15,0.35,1391.89,645.4783302926317,673.4822526082255,0.8862940323087096,475.93264123790755,389.97647845907926,54.68054452818864,223.94333761761442,348.571263946906,108.28833660000757,30.880798580822177,18.9073196630439
48682138,52.654000,156.677602,162.386304,1178.17,1023.91,1183.81,1023.55,0.01,0.01,0.09,0.32,0.18,0.31,1392.36,645.4920193256587,673.5123097128092,0.8763003985231232,475.6716702970216,390.19355090912916,54.93969136529736,223.5446746579623,350.6355294302784,108.75002203629359,30.938336159375613,19.206473618957666
48682239,52.754000,157.092882,162.783347,1178.19,1023.82,1183.78,1023.56,0.01,0.0,0.08,0.31,0.12,0.31,1392.65,645.5179498776283,673.5121377974488,0.8671580987296715,474.7434500481095,390.9254967529281,55.228640036033894,222.6219297057145,351.9939751105108,108.85368498588551,31.145666627450748,18.93062900239429
48682339,52.857000,157.414734,163.281238,1178.23,1023.77,1183.74,1023.71,0.02,0.0,0.08,0.3,0.13,0.34,1392.93,645.5179498776283,673.5121377974488,0.8671580987296715,474.7434500481095,390.9254967529281,55.228640036033894,222.6219297057145,351.9939751105108,108.85368498588551,31.145666627450748,18.93062900239429
48682440,52.956000,157.806844,165.031369,1178.3,1023.64,1183.87,1023.58,0.02,0.0,0.19,0.28,0.28,0.32,1393.25,645.5171979657874,673.5481012544517,0.7851985792585596,474.667104469418,391.01093357283014,55.25185044390442,222.45847309065812,352.8547563790135,108.96530614401419,31.16133392587268,19.074398752547744
48682540,53.058000,158.595595,164.301743,1178.49,1023.61,1183.71,1023.66,0.02,0.0,0.16,0.27,0.31,0.33,1393.46,645.5171979657874,673.5481012544517,0.7851985792585596,474.667104469418,391.01093357283014,55.25185044390442,222.45847309065812,352.8547563790135,108.96530614401419,31.16133392587268,19.074398752547744
48682639,53.155000,159.105559,164.137259,1178.42,1023.66,1183.54,1023.65,0.02,0.0,0.37,0.28,0.55,0.33,1393.54,645.5151754856373,673.5417745040047,0.768313914661848,475.81126206295585,390.04695569159173,54.82473013206392,223.72672301429188,350.0697537286844,108.97133415444833,30.90532164460254,19.178063828682433
48682739,53.255000,159.020375,164.968477,1179.38,1023.67,1187.25,1024.04,0.01,0.0,0.21,0.28,0.19,0.41,1393.2,645.5151754856373,673.5417745040047,0.768313914661848,475.81126206295585,390.04695569159173,54.82473013206392,223.72672301429188,350.0697537286844,108.97133415444833,30.90532164460254,19.178063828682433
48682840,53.355000,158.643319,163.914970,1179.45,1023.74,1187.01,1023.71,0.01,0.0,0.27,0.3,0.01,0.34,1392.49,645.5061714824809,673.5302757341499,0.7859944086995067,475.9193246904811,390.0036257746857,54.69645088280655,224.00801207409373,349.20311561686486,108.56008401327833,30.8850663590791,19.029915922394387
48682941,53.456000,158.038692,164.666971,1179.15,1023.94,1186.75,1023.81,0.01,0.0,0.32,0.33,0.04,0.36,1392.76,645.5166911322733,673.5498136531384,0.79919634174238,475.8531602899812,390.0224033093348,54.77209488627223,223.9741415494379,350.19821376690805,108.85223971144954,30.896410548120752,19.222608264500643
48683041,53.556000,157.645195,164.769553,1178.98,1023.97,1186.86,1023.66,0.01,0.0,0.18,0.34,0.04,0.33,1391.8,645.5223507048427,673.5523597244373,0.7755642503713529,474.10456785585075,391.50011709291516,55.36598018424137,223.63998002326537,353.66007185266824,109.95123404947577,30.939605872296845,19.865962761228175
48683142,53.658000,157.743817,163.941327,1178.95,1023.87,1186.71,1023.7,0.01,0.0,0.19,0.32,0.01,0.34,1391.74,645.4978479778781,673.5059182078514,0.8609399532023807,473.4144364179807,392.1999850753928,55.65249181610872,220.91900882498453,359.1003870105171,110.68641895802918,31.45539609511194,19.620895910062508
48683242,53.757000,158.014795,164.692718,1179.01,1023.7,1186.86,1023.66,0.01,0.0,0.12,0.29,0.18,0.33,1391.98,645.4888971301185,673.5400939834229,0.8866473302732735,473.21769791886857,392.38868749952593,55.76040608432701,220.94230365441712,359.51221483053735,111.01560032962763,31.49724361833726,19.580584094583365
48683341,53.857000,158.678981,163.937663,1179.25,1023.5,1186.72,1023.52,0.01,0.0,0.08,0.26,0.16,0.3,1392.47,645.4970294414026,673.5106235667906,0.8599851295720782,473.7000017104362,391.8021263957043,55.538939698760224,221.52599215212362,357.5547017549472,110.76180877842313,31.376497160649674,19.513056991413386
48683442,53.957000,159.024897,164.434605,1179.42,1023.57,1186.67,1023.51,0.01,0.0,0.06,0.27,0.15,0.3,1392.81,645.492915554964,673.4988746477062,0.8841963345279901,474.8755613071075,390.93575663354426,55.22254373484319,222.81289217655882,355.38941573530303,110.45682718601769,31.12443279975144,19.724110537014226
48683543,54.058000,159.054494,164.757933,1179.31,1023.62,1186.69,1023.46,0.01,0.0,0.29,0.28,0.05,0.29,1393.04,645.4948422735699,673.5043854606809,0.8898783723745896,475.5297250057059,390.3426359002436,55.018606498552444,223.60453406886862,353.0812908546854,109.52648018178793,30.973882652288047,19.638820494038796
48683642,54.158000,158.926988,164.389961,1179.17,1023.71,1186.62,1023.52,0.01,0.0,0.32,0.29,0.03,0.3,1393.35,645.5212174623202,673.5443253765732,0.7609469971332979,475.5297250057059,390.3426359002436,55.018606498552444,223.60453406886862,353.0812908546854,109.52648018178793,30.973882652288047,19.638820494038796
48683742,54.257000,158.643152,164.767713,1178.93,1023.96,1186.62,1023.55,0.01,0.0,0.34,0.33,0.05,0.31,1392.45,645.518288862135,673.5202293620714,0.8239691424135633,474.9896503998761,390.859225398444,55.109337605831875,223.0515553251858,354.6325018807309,110.21559801450455,31.10246992269001,19.61246345869123
48683843,54.358000,158.527348,164.928955,1179.11,1023.96,1186.41,1023.62,0.01,0.0,0.31,0.33,0.0,0.32,1392.11,645.4968662381747,673.5319550089732,0.8797002002291343,474.1190203828235,391.5655208178995,55.462543681758085,222.05112333477962,357.01460730300954,110.23672966920437,31.29103345087952,19.613045413863155
48683942,54.458000,158.401850,164.605795,1179.17,1023.85,1186.5,1023.63,0.01,0.0,0.23,0.31,0.08,0.33,1392.32,645.5163203802579,673.5301781208289,0.8331656223189489,473.51885798222474,392.02101083864534,55.630594756157784,221.29192767855264,359.0285505421114,110.88081284906309,31.42424272905723,19.69926912265742
48684042,54.558000,158.541115,164.618968,1179.1,1023.84,1186.54,1023.47,0.01,0.0,0.24,0.31,0.08,0.29,1391.49,645.5286406437143,673.5173222186794,0.8674375406787587,473.311148699222,392.3387309482293,55.82828646300797,221.1056951009625,359.05618590976354,110.6876942016211,31.486818079543816,19.5087081857765
48684142,54.659000,158.833223,164.360456,1179.28,1023.7,1186.52,1023.51,0.01,0.0,0.21,0.29,0.02,0.3,1391.98,645.4944047451886,673.5171923983381,0.8927511894412125,473.7991795497452,391.9221121808667,55.59442656019652,221.65743533641285,358.22149925433405,110.60904420219664,31.37165657433437,19.64380026975231
48684242,54.758000,159.018459,164.754249,1179.45,1023.68,1186.51,1023.42,0.01,0.0,0.24,0.29,0.03,0.28,1392.29,645.5153462748497,673.5327323389247,0.8065556197814451,474.46004870661613,391.3871917240402,55.50438669344667,222.37214596416268,356.2994418847144,110.5703377836593,31.227016127043218,19.62196130350896
48684342,54.857000,159.034325,165.040864,1179.34,1023.63,1186.45,1023.56,0.01,0.0,0.29,0.28,0.06,0.31,1392.25,645.5075949097426,673.5024827898169,0.8724126660315039,474.8586128412619,390.95704859119274,55.25846686936971,222.97233556792224,355.1026652441977,109.97585495983685,31.130719157252575,19.637300364535854
48684443,54.958000,159.047046,164.934296,1179.28,1023.75,1186.63,1023.44,0.01,0.0,0.29,0.3,0.03,0.29,1391.21,645.5481806470833,673.540938929982,0.7415777030710242,474.96437698625203,390.89678473752963,55.303696241387236,223.096478720768,355.0141946898097,109.92414183622813,31.112178395545545,19.66750956778612
48684542,55.058000,158.923333,165.187082,1179.16,1023.84,1186.54,1023.59,0.01,0.0,0.32,0.31,0.04,0.32,1391.75,645.5481806470833,673.540938929982,0.7415777030710242,474.96437698625203,390.89678473752963,55.303696241387236,223.096478720768,355.0141946898097,109.92414183622813,31.112178395545545,19.66750956778612
48684643,55.158000,158.794403,165.043698,1179.06,1023.79,1186.35,1023.45,0.01,0.0,0.32,0.3,0.17,0.29,1392.26,645.516111876045,673.5101210939157,0.8655005138607683,473.9549850866184,391.7114758628576,55.60760044603404,221.9842801963084,357.7895921011685,110.55315921598944,31.333368279468026,19.665844894069636
48684744,55.258000,158.799868,165.051824,1179.07,1023.73,1186.48,1023.46,0.01,0.0,0.32,0.3,0.17,0.29,1392.72,645.516111876045,673.5101210939157,0.8655005138607683,473.9549850866184,391.7114758628576,55.60760044603404,221.9842801963084,357.7895921011685,110.55315921598944,31.333368279468026,19.665844894069636
48684843,55.359000,158.789549,165.088678,1179.07,1023.73,1186.48,1023.46,0.01,0.0,0.29,0.29,0.11,0.29,1393.02,645.5298911088266,673.571790550632,0.8074376906001602,473.53253427984936,392.1316008029646,55.67339624990947,221.4110100908186,358.90636877753144,110.81508810068598,31.43047418997232,19.63172396586524
48684943,55.459000,158.912440,164.943635,1179.11,1023.77,1186.42,1023.48,0.01,0.0,0.29,0.3,0.12,0.3,1393.14,645.5159308456402,673.5202433586174,0.8670647411844522,473.50164068489494,392.1495993887238,55.67803771000097,221.40902545413834,359.03076798587426,110.76891730159019,31.439285129040307,19.637022204420376
48685044,55.559000,159.042626,165.059870,1179.18,1023.68,1186.54,1023.41,0.01,0.0,0.27,0.29,0.1,0.28,1393.3,645.5309718413804,673.5464541401022,0.7563851245100981,474.35317859303626,391.43181808016345,55.44576833309344,222.37992431434787,356.68796114655464,110.44936263741279,31.24798562175845,19.653186709520718
48685143,55.659000,159.163409,164.724495,1179.2,1023.64,1186.46,1023.56,0.01,0.0,0.27,0.28,0.12,0.31,1393.44,645.5162905105586,673.5329621393595,0.8163806441030924,474.7553430980669,391.08066886814373,55.29257775425483,222.8028268213137,355.8621300031784,110.33016328020746,31.155715544579966,19.731184221827398
48685244,55.759000,159.125687,164.825343,1179.19,1023.62,1186.45,1023.56,0.01,0.0,0.32,0.28,0.12,0.31,1393.75,645.5162905105586,673.5329621393595,0.8163806441030924,474.7553430980669,391.08066886814373,55.29257775425483,222.8028268213137,355.8621300031784,110.33016328020746,31.155715544579966,19.731184221827398
48685343,55.859000,159.057215,165.133352,1178.99,1023.74,1186.42,1023.62,0.01,0.0,0.35,0.3,0.13,0.32,1393.79,645.505558126004,673.5338770115707,0.8328512903317069,474.67230059490356,391.19024549935176,55.476591326714775,222.76773186088946,355.7856476015682,110.36834433092665,31.17622001169532,19.647176441911895
48685443,55.959000,158.956135,164.918250,1179.29,1023.78,1186.44,1023.43,0.01,0.0,0.3,0.3,0.12,0.29,1393.76,645.4992823340845,673.5178869006473,0.8749882404866649,474.36572923780983,391.4928456928475,55.50242110754996,222.44501941821255,356.8031419175526,110.26052214594455,31.249488762888102,19.660650182999852
48685543,56.058000,158.948342,165.123799,1179.21,1023.91,1186.44,1023.39,0.01,0.0,0.31,0.33,0.12,0.28,1393.9,645.5106216614755,673.5191215843329,0.8149776771845694,473.84377577437016,391.89589719461117,55.62705413933072,221.8983783840421,358.06994737590435,110.65796762135835,31.364902056925285,19.62344562467188
48685644,56.159000,158.924816,164.963349,1179.11,1023.83,1186.41,1023.37,0.01,0.0,0.33,0.31,0.13,0.27,1393.94,645.5114922041781,673.5186574539468,0.8511836893428706,473.54652793376346,392.1397884441815,55.68602885039001,221.46095552589557,358.9859362903274,110.67417741754062,31.4312276962366,19.64510577631888
48685743,56.260000,158.988162,164.961593,1179.25,1023.76,1186.33,1023.38,0.01,0.0,0.31,0.3,0.15,0.28,1394.1,645.5204828392772,673.5159441478932,0.8510574738769873,473.4483025557934,392.2621287345049,55.79102816329796,221.39038778961714,359.25380393997847,110.75878541779899,31.458457288744068,19.622353761030134
48685843,56.359000,159.136894,164.622869,1179.36,1023.74,1186.39,1023.36,0.01,0.0,0.29,0.3,0.13,0.27,1394.0,645.5045596197788,673.5281288839171,0.8785730189901888,473.5613395949405,392.07251253359783,55.70499459727135,221.5429153416282,358.8617362963169,110.93175472753657,31.421052091745132,19.650762357153084
48685944,56.459000,159.232663,164.484700,1179.47,1023.69,1186.45,1023.53,0.01,0.0,0.27,0.29,0.12,0.31,1394.09,645.5284746845737,673.5496527544321,0.7531968877938725,473.8767493443286,391.82573734119893,55.54549674353236,221.87303379510357,358.05745182042745,110.7209532430528,31.353557577063757,19.660762204829645
48686043,56.559000,159.240626,164.801700,1179.39,1023.64,1186.36,1023.52,0.01,0.0,0.28,0.28,0.14,0.3,1394.2,645.49891808577,673.5069507801282,0.8370552358058285,474.14258442420333,391.59767669677063,55.52777991390731,222.14275375415494,357.4019845565187,110.85002625203941,31.292996859890362,19.686325896064965
48686143,56.659000,159.198339,164.582769,1179.23,1023.76,1186.31,1023.48,0.01,0.0,0.34,0.3,0.04,0.3,1394.1,645.5167640812904,673.516234482896,0.8336762008347978,474.16856857495657,391.57636987270513,55.51767971354006,222.19197227728912,357.2659333928181,110.69460557771107,31.28902980098051,19.667938280418277
48686243,56.758000,159.005748,164.966733,1179.41,1023.91,1186.35,1023.42,0.01,0.0,0.31,0.32,0.03,0.28,1394.11,645.5147284825923,673.5320223819446,0.8532168527279533,473.9326026595336,391.74979470311024,55.646673994608754,221.97434320503,357.8901573967473,110.53912645021353,31.337965996500998,19.670178643841638
48686344,56.859000,159.027376,164.788200,1179.4,1023.86,1186.31,1023.49,0.01,0.0,0.31,0.32,0.05,0.3,1394.03,645.5134200899367,673.5030223685084,0.8581428845927931,473.6518731551937,391.9759231468258,55.61054173469572,221.64610540205626,358.71579925588566,110.79671081978644,31.402471883295537,19.676522220589924
48686444,56.960000,159.007424,164.668872,1179.36,1023.75,1186.28,1023.51,0.01,0.0,0.31,0.3,0.06,0.3,1394.12,645.5255172587041,673.5317893018535,0.8296429360470505,473.4433942855559,392.2288427047516,55.78981601829194,221.39446907181556,359.3350221859232,111.04486036405592,31.455475889572988,19.653645192942008
48686544,57.060000,159.021872,165.065256,1179.46,1023.75,1186.26,1023.44,0.01,0.0,0.27,0.3,0.11,0.29,1394.2,645.5083231078593,673.5131179473816,0.8639744165620517,473.37108393534885,392.3015604429459,55.78210122951523,221.33923118880477,359.430859724026,110.76323165002648,31.471933489496454,19.62539994108871
48686644,57.160000,159.207654,164.400074,1179.51,1023.76,1186.44,1023.49,0.01,-0.0,0.25,0.3,0.05,0.3,1394.19,645.5083231078593,673.5131179473816,0.8639744165620517,473.37108393534885,392.3015604429459,55.78210122951523,221.33923118880477,359.430859724026,110.76323165002648,31.471933489496454,19.62539994108871
48686744,57.260000,159.212532,164.601950,1179.53,1023.67,1186.18,1023.35,0.01,-0.0,0.25,0.28,0.18,0.27,1394.23,645.5113848666783,673.5006679663002,0.854127598744072,473.5950882731136,392.07267229022034,55.75080506713325,221.54628439782763,359.0305626187514,110.87844059354767,31.419562106145744,19.692327120005125
48686844,57.360000,159.212877,164.404882,1179.4,1023.63,1186.24,1023.02,0.01,0.0,0.31,0.28,0.03,0.2,1394.26,645.5130890794892,673.5264526742396,0.846823556280993,473.73770436586454,391.9632939788969,55.59439418747204,221.72036951135638,358.4321534527166,110.65951893298435,31.38643262090293,19.648389923711107
48686945,57.460000,159.153749,164.542818,1179.32,1023.63,1185.85,1023.06,0.01,0.0,0.32,0.28,0.11,0.21,1394.19,645.5119243020905,673.5269056492197,0.8399500093163837,473.8417699118221,391.92017232015905,55.57140766365857,221.90348635218896,358.3953321325602,110.61439871744128,31.366883981587467,19.686544742754002
48687045,57.561000,158.973668,164.982056,1179.35,1023.73,1186.19,1023.11,0.01,0.0,0.32,0.29,0.04,0.22,1394.07,645.5060162223099,673.524197667901,0.8723063030949465,473.57307592762976,392.10985021606723,55.714561840011854,221.6037499160738,359.0834975546242,110.87570567391047,31.423265900780528,19.68611282872058
48687145,57.660000,158.983311,164.591059,1179.22,1023.51,1186.29,1023.43,0.01,0.0,0.33,0.26,0.05,0.29,1394.17,645.5060162223099,673.524197667901,0.8723063030949465,473.57307592762976,392.10985021606723,55.714561840011854,221.6037499160738,359.0834975546242,110.87570567391047,31.423265900780528,19.68611282872058
48687245,57.761000,159.065269,164.631316,1179.42,1023.54,1186.2,1023.49,0.01,0.0,0.26,0.26,0.16,0.3,1394.15,645.5085003703834,673.5210072897017,0.8314656638560919,473.2720675783893,392.4074243211153,55.86806773094006,221.2431497225026,359.7129649907581,110.92249542208569,31.4955260522629,19.61752901395422
48687345,57.860000,159.048118,164.648520,1179.43,1023.72,1186.23,1023.48,0.01,0.0,0.26,0.29,0.15,0.3,1394.26,645.537541807819,673.5477735213057,0.7559221771380845,473.38925290850494,392.32303697424055,55.8983547105647,221.49111321551806,359.551237964237,110.9926761357302,31.472375503738803,19.642735897597944
48687444,57.960000,159.198376,164.252408,1179.36,1023.69,1186.3,1023.47,0.01,0.0,0.27,0.29,0.14,0.29,1394.22,645.5191165015729,673.5261033893088,0.8273210159338273,473.5842083072786,392.16783453348955,55.74791462029286,221.60121618566498,359.28381902870564,110.87355515938785,31.428638024156612,19.707589292729494
48687545,58.060000,159.171094,164.420589,1179.44,1023.77,1185.91,1023.43,0.01,-0.0,0.26,0.3,0.22,0.29,1394.2,645.5191165015729,673.5261033893088,0.8273210159338273,473.5842083072786,392.16783453348955,55.74791462029286,221.60121618566498,359.28381902870564,110.87355515938785,31.428638024156612,19.707589292729494
48687645,58.161000,159.145156,164.546498,1179.41,1023.64,1186.27,1023.43,0.01,-0.0,0.27,0.28,0.14,0.29,1394.29,645.513293253379,673.5785260305943,0.7875640527635664,473.68186565158487,392.0121460818206,55.66448309877136,221.7519774477621,358.92349904758436,110.62672246395097,31.394451377048828,19.728658463867284
48687746,58.261000,159.080616,164.457446,1179.33,1023.58,1186.1,1023.37,0.02,-0.0,0.28,0.27,0.18,0.27,1394.29,645.5061334929366,673.5267659049481,0.8706906352634851,473.62480723492405,392.0975709588519,55.75619867336812,221.63725086363272,359.1416380452885,110.57517616523909,31.41426840314147,19.72038385168311
48687846,58.361000,159.015460,164.592135,1179.34,1023.7,1186.09,1023.46,0.02,-0.0,0.31,0.29,0.09,0.29,1394.27,645.5225697916454,673.5217036035699,0.8360530747485404,473.4367670292251,392.3302136910832,55.84573616853284,221.48807852822904,359.5303198336426,110.91515500939283,31.466129869690516,19.650415138945668
48687946,58.461000,158.988745,164.513404,1179.37,1023.73,1186.16,1023.47,0.01,-0.0,0.29,0.29,0.06,0.29,1394.1,645.5225697916454,673.5217036035699,0.8360530747485404,473.4367670292251,392.3302136910832,55.84573616853284,221.48807852822904,359.5303198336426,110.91515500939283,31.466129869690516,19.650415138945668
48688046,58.562000,159.013831,164.519344,1179.25,1023.72,1186.27,1023.52,0.01,-0.0,0.31,0.29,0.04,0.3,1394.1,645.5102364379175,673.5260665322079,0.8499328607559345,473.273172079563,392.4428381490546,55.91085434623085,221.30233852351736,360.01403198373,111.01049976057702,31.498375877969497,19.669559131373
48688146,58.661000,159.061910,164.390526,1179.3,1023.77,1186.24,1023.51,0.01,-0.0,0.29,0.3,0.05,0.3,1394.11,645.5146536748038,673.5108275971928,0.8425623894405345,473.35953817928464,392.3619945210722,55.93171242019323,221.44073632799268,359.77902463637764,110.88122068681527,31.480274707289503,19.669774864551314
48688247,58.762000,159.121710,164.271452,1179.28,1023.57,1186.27,1023.47,0.01,-0.0,0.29,0.27,0.05,0.29,1394.21,645.5149220985113,673.5398084767133,0.8445932403009241,473.5219464914296,392.25846924039405,55.797163889676305,221.5626171050081,359.40075713759353,110.88511581521213,31.444219763454285,19.68161667498451
48688347,58.862000,159.154158,164.178864,1179.24,1023.63,1186.18,1023.45,0.01,-0.0,0.3,0.28,0.07,0.29,1394.43,645.5023157624893,673.5314071197312,0.8767670630096005,473.62929050192054,392.1037102474332,55.770376386940306,221.6697823878177,359.1681793583907,110.76721732412405,31.413173186071997,19.72631559523274
48688446,58.962000,159.086869,164.321141,1179.29,1023.68,1186.18,1023.41,0.01,-0.0,0.31,0.29,0.02,0.28,1394.41,645.5027132933737,673.4875363995089,0.8008014809664015,473.63034622070785,392.1047418143542,55.77389654702371,221.70085487969857,359.1546539529039,110.88218703541992,31.41714237688834,19.71424483969998
48688546,59.061000,159.011113,164.396267,1179.27,1023.71,1186.23,1023.49,0.01,-0.0,0.32,0.29,0.01,0.3,1394.28,645.5027132933737,673.4875363995089,0.8008014809664015,473.63034622070785,392.1047418143542,55.77389654702371,221.70085487969857,359.1546539529039,110.88218703541992,31.41714237688834,19.71424483969998
48688646,59.161000,158.970951,164.500124,1179.25,1023.67,1186.01,1023.53,0.01,-0.0,0.32,0.28,0.03,0.31,1393.78,645.4894948249658,673.5236255960368,0.8457443772447648,473.3766582024833,392.34003116153815,55.93778923350041,221.44002850222932,359.68745916676005,111.00539908170745,31.470853561402446,19.673564869021554
48688746,59.261000,158.952782,164.437050,1179.25,1023.68,1186.21,1023.56,0.02,-0.0,0.3,0.29,0.04,0.31,1392.69,645.4894948249658,673.5236255960368,0.8457443772447648,473.3766582024833,392.34003116153815,55.93778923350041,221.44002850222932,359.68745916676005,111.00539908170745,31.470853561402446,19.673564869021554
48688847,59.361000,158.961322,164.500447,1179.33,1023.66,1186.17,1023.52,0.02,-0.0,0.29,0.28,0.04,0.3,1392.75,645.511513296413,673.5333470004055,0.854129912718758,473.2579937950661,392.4465670002719,55.95361639579827,221.30757427276419,360.0859888750253,111.07418513381215,31.500491861135615,19.680002767375697
48688946,59.461000,159.051819,164.208298,1179.31,1023.69,1186.22,1023.49,0.02,-0.0,0.29,0.29,0.04,0.3,1393.07,645.511513296413,673.5333470004055,0.854129912718758,473.2579937950661,392.4465670002719,55.95361639579827,221.30757427276419,360.0859888750253,111.07418513381215,31.500491861135615,19.680002767375697
48689047,59.562000,159.056960,164.211038,1179.26,1023.64,1186.13,1023.36,0.02,-0.0,0.3,0.28,0.05,0.27,1393.18,645.5077178004835,673.5200875548844,0.8135645982365042,473.29156818314704,392.42362968731226,55.94632073739046,221.34363267241852,359.90040797125687,111.06613166836574,31.494075068398065,19.656381255349096
48689146,59.662000,159.033451,164.296849,1179.23,1023.65,1186.22,1023.49,0.02,-0.0,0.31,0.28,0.0,0.3,1393.46,645.5053146689789,673.549306381872,0.8541806561236678,473.49866399626944,392.2532568203355,55.804191506071575,221.52309409406473,359.46742791770396,110.94543959457206,31.44491362756463,19.6967750238248
48689247,59.761000,158.994436,164.373174,1179.15,1023.51,1186.21,1023.5,0.02,0.0,0.32,0.26,0.0,0.3,1393.28,645.5149136459308,673.5239731577055,0.8597908174890205,473.553096264878,392.2428217228125,55.81448755612616,221.54531157923904,359.49392757783454,110.89267707240127,31.43961696764585,19.71656324919173
48689346,59.863000,158.960237,164.381165,1179.24,1023.7,1186.11,1023.52,0.02,-0.0,0.31,0.29,0.02,0.3,1393.36,645.5149136459308,673.5239731577055,0.8597908174890205,473.553096264878,392.2428217228125,55.81448755612616,221.54531157923904,359.49392757783454,110.89267707240127,31.43961696764585,19.71656324919173
48689447,59.962000,158.911111,164.390812,1179.18,1023.72,1186.12,1023.53,0.02,-0.0,0.3,0.29,0.05,0.31,1392.31,645.5085065628699,673.5259947187976,0.8740481619456109,473.4567834293156,392.30943977114293,55.82264837304404,221.504794771525,359.6609636398989,111.0911448827657,31.458804039911954,19.699025161896813
48689546,60.063000,158.933542,164.136411,1179.25,1023.62,1186.15,1023.42,0.02,-0.0,0.29,0.27,0.05,0.28,1392.63,645.5139344314235,673.5649241168054,0.8344048401825165,473.2490106069682,392.47979304706524,55.94579363339233,221.28880259741294,360.12192160818955,111.01679251006954,31.502331545173064,19.677210168511465
48689646,60.162000,158.928742,164.280767,1179.18,1023.6,1186.11,1023.51,0.02,-0.0,0.3,0.27,0.05,0.3,1392.82,645.5088932753947,673.5158381426389,0.8768321013694444,473.2216845864973,392.50127212919733,55.95243429791146,221.26640987506931,360.1433763183045,111.15471293889489,31.51204349188985,19.65763908673693
48689746,60.262000,158.978480,164.223042,1179.12,1023.63,1186.17,1023.45,0.02,-0.0,0.31,0.28,0.02,0.29,1393.24,645.5088932753947,673.5158381426389,0.8768321013694444,473.2216845864973,392.50127212919733,55.95243429791146,221.26640987506931,360.1433763183045,111.15471293889489,31.51204349188985,19.65763908673693
48689846,60.363000,159.001444,164.108765,1179.2,1023.59,1186.05,1023.47,0.02,-0.0,0.3,0.27,0.03,0.29,1393.49,645.5157196236111,673.521565334376,0.8450518750618718,473.3639541015244,392.3767463254152,55.96998590794996,221.42299460766233,359.7762543094787,111.01260630351308,31.4801424872457,19.666761075214865
48689946,60.463000,158.987772,164.170037,1179.01,1023.67,1186.2,1023.47,0.02,-0.0,0.34,0.28,0.02,0.29,1393.66,645.5058763315883,673.5245074578197,0.833840452501346,473.417055387533,392.35303996211985,55.88549470280756,221.4876381914629,359.6897462733768,111.18235977554602,31.46839385250638,19.67587708882006
48690046,60.564000,158.936495,164.156078,1179.42,1023.71,1186.0,1023.58,0.02,-0.0,0.27,0.29,0.03,0.32,1393.18,645.5227701269708,673.5305846242622,0.8364978427863556,473.457734470535,392.3263465037468,55.82165611505009,221.5085108115472,359.7173580040484,111.19803872669884,31.461894812551048,19.701595243053823
48690147,60.664000,158.875667,164.223098,1179.36,1023.72,1186.04,1023.51,0.02,-0.0,0.28,0.29,0.03,0.3,1392.25,645.5227701269708,673.5305846242622,0.8364978427863556,473.457734470535,392.3263465037468,55.82165611505009,221.5085108115472,359.7173580040484,111.19803872669884,31.461894812551048,19.701595243053823
48690248,60.764000,158.704368,164.114755,1179.34,1023.65,1186.1,1023.55,0.02,-0.0,0.26,0.28,0.03,0.31,1392.52,645.4989421663449,673.5322487784061,0.8687473113195564,473.273963744627,392.4498773394977,55.97806146936577,221.30925634398514,360.1282624153471,111.032798876275,31.4966625803769,19.696788332750785
48690348,60.864000,158.427106,163.507624,1179.27,1023.71,1186.07,1023.43,0.02,-0.01,0.24,0.29,0.01,0.29,1392.85,645.4989421663449,673.5322487784061,0.8687473113195564,473.273963744627,392.4498773394977,55.97806146936577,221.30925634398514,360.1282624153471,111.032798876275,31.4966625803769,19.696788332750785
48690447,60.964000,158.168167,163.642750,1179.23,1023.64,1186.14,1023.39,0.02,-0.01,0.25,0.28,0.01,0.28,1393.1,645.5117230401332,673.5235782695033,0.8729461133494274,473.06489208321153,392.68312292910736,55.993867275288004,221.10417025223882,360.6660662951268,111.14917595698554,31.551523817889223,19.655097067211607
48690547,61.064000,158.046366,163.344482,1179.17,1023.61,1185.84,1023.49,0.02,-0.01,0.17,0.27,0.04,0.3,1393.04,645.5122436346538,673.5859009811231,0.8135549474170285,473.0675436972649,392.6813146079784,55.989298257703396,221.1652424738812,360.63364089129243,111.23960033526247,31.545374924811387,19.658880062509162
48690648,61.163000,158.157885,161.914143,1179.24,1023.65,1186.1,1023.48,0.02,-0.01,0.14,0.28,0.15,0.3,1393.15,645.5122436346538,673.5859009811231,0.8135549474170285,473.0675436972649,392.6813146079784,55.989298257703396,221.1652424738812,360.63364089129243,111.23960033526247,31.545374924811387,19.658880062509162
48690748,61.263000,157.894473,162.843389,1179.34,1023.63,1186.1,1023.59,0.02,-0.01,0.12,0.28,0.15,0.32,1393.49,645.4929341479798,673.5199365768967,0.883174031472831,473.1736100506347,392.5257552207882,56.005190460394765,221.25624008381286,360.21878544032694,111.30599102865857,31.518654627014946,19.654722464573837
48690848,61.364000,157.752861,162.652145,1179.2,1023.81,1185.84,1023.52,0.02,-0.01,0.12,0.31,0.2,0.3,1393.55,645.5167298641023,673.5286841683547,0.8472643475834781,473.38229938223805,392.3478564402539,55.998865048763605,221.45450313385865,359.7619816531,110.97196685298779,31.474305343939378,19.681324023331655
48690948,61.463000,157.683364,162.391032,1179.25,1023.64,1185.88,1023.45,0.02,-0.01,0.08,0.28,0.24,0.29,1393.75,645.5167298641023,673.5286841683547,0.8472643475834781,473.38229938223805,392.3478564402539,55.998865048763605,221.45450313385865,359.7619816531,110.97196685298779,31.474305343939378,19.681324023331655
48691047,61.563000,157.670385,162.388683,1179.16,1023.66,1186.1,1023.45,0.02,-0.01,0.1,0.28,0.29,0.29,1393.89,645.5022757350516,673.5135124022976,0.880183654944808,473.3974211457073,392.3467152830142,55.97434802969795,221.4835092502983,359.77707248163995,111.0637906129975,31.471194452931435,19.690775174449357
48691147,61.663000,157.882920,162.144399,1179.13,1023.53,1186.05,1023.31,0.02,-0.01,0.09,0.26,0.33,0.26,1394.01,645.5090890306228,673.5761843142008,0.7569161139905866,473.17813512024327,392.6407905656729,55.957140743393964,221.2109083471071,360.4663035180081,111.03494779796455,31.525720878074154,19.671660816748258
48691248,61.763000,157.979421,162.463422,1179.18,1023.61,1186.09,1023.38,0.02,-0.01,0.12,0.27,0.39,0.28,1393.87,645.5149415224481,673.5051201168386,0.8207477610620082,473.1014918644119,392.6840391174087,55.96965600948028,221.15416477463634,360.6434095449071,111.06743196653477,31.548340429283567,19.655807413557845
48691348,61.864000,158.006921,162.249055,1179.09,1023.58,1185.25,1023.36,0.02,-0.01,0.15,0.27,0.16,0.27,1394.05,645.5149415224481,673.5051201168386,0.8207477610620082,473.1014918644119,392.6840391174087,55.96965600948028,221.15416477463634,360.6434095449071,111.06743196653477,31.548340429283567,19.655807413557845
48691448,61.964000,157.718350,158.080196,1179.18,1023.6,1185.35,1023.42,0.02,-0.01,0.14,0.27,0.18,0.28,1394.14,645.4986556587509,673.5543570390306,0.863658629794603,473.21846896890617,392.56430941954204,56.032700407997176,221.23067939156041,360.245030890962,111.05858370043471,31.5132305647794,19.664837351391412
48691548,62.064000,155.758698,160.841389,1179.07,1023.53,1185.45,1023.4,0.02,-0.01,0.15,0.26,0.2,0.28,1394.18,645.4986556587509,673.5543570390306,0.863658629794603,473.21846896890617,392.56430941954204,56.032700407997176,221.23067939156041,360.245030890962,111.05858370043471,31.5132305647794,19.664837351391412
48691648,62.164000,154.010314,160.205940,1179.14,1023.63,1185.48,1023.18,0.02,-0.0,0.14,0.28,0.2,0.24,1394.22,645.5007789153615,673.5307736960054,0.8561357738984033,473.41777218364973,392.35236210354566,55.973231283892524,221.53157150811398,359.429896511121,110.83784860971954,31.466901897029437,19.61963707094965
48691749,62.265000,153.285191,159.957304,1178.93,1023.51,1184.94,1023.37,0.02,-0.0,0.18,0.26,0.1,0.27,1394.35,645.50026007226,673.5307315288911,0.8436393574079781,473.4477511867903,392.3744654825556,55.87001751345665,221.5734274427928,359.3682482602905,110.81041464403556,31.464389678414097,19.60558352048212
48691849,62.365000,153.271000,159.987973,1179.07,1023.64,1185.35,1023.24,0.02,-0.0,0.15,0.28,0.18,0.25,1394.42,645.4988560576037,673.5398533999686,0.8502826267460327,473.3484820292097,392.40726641758397,55.994382731846024,221.47631896404678,359.5119606235146,111.03410147027883,31.481046436889557,19.59701222868199
48691950,62.465000,155.387234,159.134327,1178.98,1023.62,1185.38,1023.25,0.02,-0.0,0.63,0.28,0.68,0.25,1394.43,645.4990197044226,673.5166079080831,0.8488932269693519,473.2171346930639,392.5255784338273,56.04982768268459,221.27936242778182,359.94976208135233,110.77029163659955,31.51339303682494,19.60568712906248
48692049,62.566000,156.991971,159.892848,1175.47,1023.35,1181.46,1022.8,0.02,-0.0,0.03,0.23,0.11,0.16,1394.0,645.4990197044226,673.5166079080831,0.8488932269693519,473.2171346930639,392.5255784338273,56.04982768268459,221.27936242778182,359.94976208135233,110.77029163659955,31.51339303682494,19.60568712906248
48692150,62.666000,157.797654,159.142292,1175.02,1023.05,1181.55,1022.83,0.02,-0.0,0.04,0.18,0.09,0.17,1392.83,645.4960942492455,673.5106644343217,0.8297959021848238,473.12417620780883,392.6631309266954,55.9899618964999,221.03641167136294,359.91748038417853,110.57064306864348,31.539780016608354,19.519285215877943
48692249,62.766000,157.265513,158.980023,1175.5,1022.83,1181.69,1022.72,0.02,-0.0,0.73,0.14,0.11,0.14,1391.57,645.5148118821627,673.5210416763287,0.8407122578281677,473.1976639047008,392.58623535547736,55.88922307350304,221.388084336436,356.5759738748542,109.82262657911154,31.523728375702074,18.81408705379838
48692349,62.865000,155.624425,160.375976,1181.7,1023.14,1181.66,1022.57,0.02,-0.0,0.32,0.19,0.1,0.11,1390.97,645.5148118821627,673.5210416763287,0.8407122578281677,473.1976639047008,392.58623535547736,55.88922307350304,221.388084336436,356.5759738748542,109.82262657911154,31.523728375702074,18.81408705379838
48692449,62.967000,154.555870,159.323492,1182.59,1023.21,1181.79,1022.45,0.02,0.0,0.47,0.2,0.13,0.09,1390.77,645.5394034866406,673.5332262732593,0.7625079504636082,475.37866975993546,390.7456714069175,55.30739025374897,223.87843216693105,352.4175064923719,109.1203155381807,31.036432536128316,19.2620378468484
48692550,63.065000,153.689516,160.914171,1178.75,1023.7,1181.53,1022.73,0.02,0.0,0.37,0.29,0.04,0.15,1391.45,645.510594116061,673.5457932830427,0.7715043866336769,477.16235624198885,389.10926699641936,54.59297864898606,225.6851766948217,346.41095984577544,107.66541598890677,30.61983658166842,19.123976779681435
48692649,63.165000,154.156726,160.223253,1175.9,1023.9,1181.23,1022.85,0.02,0.0,0.04,0.32,0.34,0.17,1392.08,645.510594116061,673.5457932830427,0.7715043866336769,477.16235624198885,389.10926699641936,54.59297864898606,225.6851766948217,346.41095984577544,107.66541598890677,30.61983658166842,19.123976779681435
48692750,63.264000,155.201281,159.472868,1175.49,1023.88,1181.67,1022.85,0.02,0.0,0.11,0.32,0.11,0.17,1391.34,645.5080515582652,673.551746934453,0.8546908270052763,470.29501467963445,395.0672892715076,56.77523595353234,218.2145229650217,364.7217767346026,110.37259022779499,32.17671966432739,18.782310797815782
48692850,63.365000,156.343377,153.741615,1176.15,1023.49,1181.68,1022.73,0.02,0.0,0.18,0.25,0.04,0.15,1390.56,645.5080515582652,673.551746934453,0.8546908270052763,470.29501467963445,395.0672892715076,56.77523595353234,218.2145229650217,364.7217767346026,110.37259022779499,32.17671966432739,18.782310797815782
48692950,63.467000,154.689225,156.339139,1176.91,1023.0,1181.9,1022.67,0.02,0.0,0.05,0.17,0.09,0.13,1390.76,645.4943350320908,673.5566968074249,0.8813638292511645,470.6308644747893,394.8953811802105,57.008323646237585,218.37764626743098,364.77954171531997,110.77028366403765,32.10878673093461,18.974260439455975
48693051,63.567000,154.954645,156.463379,1177.63,1022.59,1181.9,1022.56,0.02,0.0,0.07,0.1,0.09,0.11,1391.42,645.4881571916494,673.5046176387109,0.8568640630670342,474.447735798704,391.62112589441654,55.75610926432638,222.89937403551252,354.671609972311,108.53721944529136,31.248413312419746,19.146849895391277
48693151,63.667000,149.850110,156.641473,1177.65,1022.7,1181.86,1022.59,0.02,0.0,0.12,0.12,0.68,0.12,1391.84,645.5012830341125,673.4908574658938,0.8501387694479143,478.3430978757663,388.2582301630309,54.44416370244266,227.18089495582606,345.0007802282811,107.41309353559048,30.372076867277624,19.483714032816458
48693252,63.767000,148.805109,157.382282,1177.11,1023.04,1177.98,1022.07,0.02,-0.0,0.89,0.18,0.13,0.01,1392.24,645.5267105489648,673.5242187613096,0.7550659494459304,479.67135758378464,387.1933011908478,53.85864787897626,228.967536513629,340.75310916088773,106.96011733361557,30.081293418589503,19.342940264708545
48693351,63.868000,150.217847,155.633377,1170.81,1022.84,1177.64,1022.23,0.02,-0.0,0.18,0.14,0.2,0.05,1391.57,645.5191675850681,673.5331081255981,0.7586686158296544,478.32589785346056,388.3299676999006,54.30396345609843,227.25198625717104,344.5881374965344,107.01970565144978,30.379906758896933,19.357368499006434
48693451,63.969000,152.445887,156.372160,1169.3,1022.88,1177.97,1022.15,0.02,-0.0,0.43,0.15,0.13,0.03,1390.75,645.5191675850681,673.5331081255981,0.7586686158296544,478.32589785346056,388.3299676999006,54.30396345609843,227.25198625717104,344.5881374965344,107.01970565144978,30.379906758896933,19.357368499006434
48693552,64.069000,155.048843,154.654512,1172.42,1022.76,1177.66,1022.11,0.02,-0.0,0.1,0.13,0.2,0.02,1391.07,645.4887539752278,673.5323235866513,0.8798883676299922,472.2178307309063,393.6043895563352,56.183018095536845,220.38614572461054,359.66647775699175,109.67766850719107,31.756846396563343,18.81112474968969
48693652,64.168000,155.758083,153.604382,1173.81,1022.34,1178.3,1021.91,0.02,-0.0,0.33,0.06,0.07,0.02,1391.25,645.4731763230722,673.5083643291329,0.8547181596172984,472.7591022054422,393.03972601469843,56.12551196195233,221.16859502753633,356.195135646725,108.49234864797943,31.624981749221003,18.418485111800884
48693751,64.269000,154.647123,155.204299,1173.95,1021.97,1178.14,1021.95,0.03,-0.0,0.65,0.01,0.51,0.01,1390.61,645.5235767666466,673.5018882938755,0.8527188490700467,476.65239296657023,389.8330758694812,54.93824204923431,221.16859502753633,356.195135646725,108.49234864797943,31.624981749221003,18.418485111800884
48693854,64.367000,152.184876,153.893245,1178.39,1022.45,1176.03,1021.38,0.03,-0.0,0.11,0.08,0.09,0.12,1388.1,645.4919946507257,673.5081951820711,0.794417085252248,480.4567022391318,386.6682900326991,53.68419745041905,229.9927066787053,337.30342757281676,105.59375056745023,29.914263398688803,19.021746901169294
48693954,64.469000,150.400236,155.025707,1178.66,1023.05,1176.07,1021.54,0.03,-0.0,0.76,0.18,0.04,0.09,1388.19,645.5219994870229,673.5201660655445,0.7787551885633108,481.80410410440317,385.5277287785756,53.10897440912787,231.8167741920271,332.5443182921063,104.91465419827873,29.914263398688803,19.021746901169294
48694054,64.571000,148.692669,155.102022,1172.63,1023.19,1175.67,1021.69,0.03,-0.0,0.04,0.2,0.27,0.06,1389.36,645.5219994870229,673.5201660655445,0.7787551885633108,481.80410410440317,385.5277287785756,53.10897440912787,231.8167741920271,332.5443182921063,104.91465419827873,29.617357424013075,18.79884835343767
48694155,64.670000,148.894117,152.491118,1170.9,1023.48,1175.76,1021.86,0.03,-0.0,0.25,0.25,0.25,0.03,1389.12,645.4830097873104,673.5054663100799,0.8994015192712476,475.13830776301995,390.97353618821757,55.263175781369995,229.34133737513156,335.79469538211964,104.24737564220548,30.00659739408749,18.453445232496428
48694254,64.772000,150.250202,154.095398,1171.19,1023.19,1175.83,1021.76,0.03,-0.0,0.25,0.25,0.25,0.03,1388.72,645.5069710628678,673.5696773822278,0.8944967940276344,470.2944004847807,395.1663750055125,56.75377631764497,218.32355196567565,361.40049759662554,108.7528729163507,32.18417851235041,17.999074459643637
48694354,64.870000,150.980056,151.737663,1171.19,1023.19,1175.83,1021.76,0.02,-0.0,0.21,0.2,0.24,0.05,1389.82,645.5103279191333,673.5746320411478,0.8279566279748289,469.65030020474615,395.88442034404756,57.28390594142416,217.31570562217547,364.1795442555048,110.2759342299646,32.34590610741749,18.146720946818974
48694454,64.969000,152.616862,152.058957,1172.26,1022.61,1176.01,1021.57,0.02,0.0,0.0,0.1,0.02,0.09,1390.29,645.5228435798871,673.5563271812305,0.7728517144335709,472.87823268578563,393.00476179895674,56.08390823658155,217.31570562217547,364.1795442555048,110.2759342299646,32.34590610741749,18.146720946818974
48694555,65.070000,152.356093,152.378638,1173.52,1021.77,1176.29,1021.51,0.02,0.0,0.22,0.04,0.04,0.1,1389.29,645.5037627856494,673.4858199494927,0.7988035506063832,478.68686956128334,388.15260216182054,54.243717723882376,217.31570562217547,364.1795442555048,110.2759342299646,32.34590610741749,18.146720946818974
48694654,65.170000,151.362510,148.814223,1174.1,1021.53,1176.35,1021.44,0.02,0.0,0.32,0.08,0.05,0.11,1390.13,645.5027413769119,673.4802861146725,0.7234445311285941,483.3593098943836,384.36737607706635,52.72123430746495,233.60936181347202,328.44667234378954,103.77210280239058,29.285051847827784,18.809146091661496
48694754,65.269000,150.736742,151.585809,1173.82,1021.81,1176.22,1021.58,0.02,-0.0,0.27,0.03,0.02,0.08,1391.06,645.5027413769119,673.4802861146725,0.7234445311285941,483.3593098943836,384.36737607706635,52.72123430746495,233.60936181347202,328.44667234378954,103.77210280239058,29.285051847827784,18.809146091661496
48694854,65.369000,148.499398,149.791011,1172.82,1022.37,1176.15,1021.69,0.02,-0.0,0.1,0.06,0.01,0.06,1391.67,645.5162540187774,673.4297510578393,0.8221779754358056,484.325046917762,383.59819890377156,52.270527682258425,235.14229879602186,325.4450062933171,103.306924949342,29.08083364372054,18.702009567126126
48694955,65.470000,147.240723,151.607363,1171.73,1023.01,1175.99,1021.85,0.02,-0.0,0.09,0.17,0.02,0.03,1389.87,645.5298927632087,673.5180141451624,0.7665896203578175,481.40544084161473,385.94577416835574,53.12947499478194,231.54386224983932,333.0474902086557,103.56264381350611,29.714451014351123,18.617494082371742
48695055,65.570000,147.882552,151.178956,1171.2,1023.31,1175.95,1021.81,0.02,-0.0,0.18,0.22,0.03,0.04,1390.36,645.4766030586159,673.496715433049,0.8242315505460757,471.8130992936713,393.97232943080394,56.186533406798624,219.87635750303323,358.2082584593994,108.30556747309062,31.851945198107135,18.216581715133906
48695154,65.671000,147.891204,149.835483,1171.45,1023.05,1176.01,1021.68,0.02,-0.0,0.14,0.18,0.02,0.06,1391.0,645.5106265839654,673.5350154221202,0.882334217986397,470.6448528728675,394.98439004038755,56.92026173010914,218.41820642306493,361.09543967969137,109.8441605081889,32.11937621938645,18.108865308509962
48695254,65.772000,149.457698,148.677515,1172.35,1022.48,1176.2,1021.72,0.02,-0.0,0.02,0.08,0.02,0.06,1391.11,645.512407096028,673.5125401081436,0.900055828868485,473.2093949035887,392.7217642874242,56.06737622748478,221.43293027960496,354.38221481200156,107.36766957422083,31.53472988034695,18.27227363723175
48695355,65.870000,150.234464,147.429918,1173.29,1021.94,1176.43,1021.54,0.02,0.0,0.18,0.01,0.07,0.09,1390.51,645.5068207418328,673.5225267079236,0.786296548889296,478.0513042062966,388.69814403701685,54.38685877215657,221.43293027960496,354.38221481200156,107.36766957422083,31.53472988034695,18.27227363723175
48695454,65.970000,149.671611,146.735439,1173.74,1021.74,1176.43,1021.48,0.02,0.0,0.25,0.04,0.07,0.1,1391.09,645.5068207418328,673.5225267079236,0.786296548889296,478.0513042062966,388.69814403701685,54.38685877215657,221.43293027960496,354.38221481200156,107.36766957422083,31.53472988034695,18.27227363723175
48695554,66.071000,148.921468,149.340849,1173.55,1021.99,1176.39,1021.62,0.02,-0.0,0.22,0.0,0.06,0.08,1391.75,645.4991120091968,673.4407735433444,0.7261144251434511,483.38872194332276,384.309723318204,52.55954743268218,233.86125193386076,328.07803202053805,103.61544111374586,29.278536777086234,18.743309449143503
48695655,66.170000,147.496041,147.483752,1172.62,1022.48,1176.15,1021.7,0.02,0.0,0.06,0.08,0.01,0.06,1392.22,645.4991120091968,673.4407735433444,0.7261144251434511,483.38872194332276,384.309723318204,52.55954743268218,233.86125193386076,328.07803202053805,103.61544111374586,29.278536777086234,18.743309449143503
48695756,66.271000,145.243002,147.509588,1171.71,1022.96,1175.98,1021.81,0.02,0.0,0.09,0.16,0.02,0.04,1390.4,645.4916953822617,673.4918352236551,0.8882207881850241,476.56585540671125,389.87308835197126,54.70065868360713,231.06856375708108,333.76773279346133,103.66013885430033,29.805142451423936,18.522078543542285
48695855,66.372000,144.889265,147.593205,1171.29,1023.16,1175.92,1021.8,0.02,0.0,0.31,0.2,1.0,0.04,1390.08,645.5426993959117,673.564638214943,0.7356223719675454,472.7108317296888,393.15165277997295,56.04081815704644,221.02492634502207,355.43872425374605,107.83366546535478,31.647504215778014,18.18312219796121
48695956,66.473000,145.642736,145.577875,1171.3,1022.99,1170.62,1020.92,0.02,-0.0,0.69,0.17,0.22,0.22,1390.93,645.4833078588708,673.5344262904431,0.8680150437711882,471.4898083308182,394.177414340798,56.64210935557295,219.52679240905877,358.7002525866163,109.13414156600153,31.916121099429272,18.153025363427552
48696055,66.572000,145.703704,147.420642,1167.8,1022.12,1171.39,1020.71,0.02,-0.0,0.1,0.02,0.38,0.26,1391.57,645.5140371590093,673.5502335498921,0.7708614400534526,473.08814435361126,392.7655836469276,56.033369859699455,221.32063605523615,351.5078136322254,106.85912686753737,31.553498852979793,17.586517625775514
48696156,66.671000,147.001252,144.930979,1168.0,1021.39,1170.98,1020.51,0.02,-0.0,0.13,0.1,0.29,0.3,1390.99,645.5140371590093,673.5502335498921,0.7708614400534526,473.08814435361126,392.7655836469276,56.033369859699455,221.32063605523615,351.5078136322254,106.85912686753737,31.553498852979793,17.586517625775514
48696257,66.772000,147.563592,144.555427,1169.08,1020.97,1170.58,1020.7,0.02,-0.0,0.16,0.18,0.46,0.26,1391.5,645.5213354242156,673.4996789694392,0.7974883656203666,482.80828463678955,384.8297815733544,52.68518219178332,226.8099324277085,340.06841003525426,104.12735859188719,30.5167407199938,17.93681564172124
48696356,66.874000,146.637915,145.597750,1169.15,1020.95,1169.44,1020.18,0.02,-0.0,0.02,0.18,0.5,0.36,1391.84,645.5113080127946,673.4401527787244,0.8245447356151734,487.29819372826086,381.48497113149693,51.51836101384496,238.91508855911553,316.80255262100656,101.28984954750905,28.45365855203841,18.49625465500339
48696456,66.973000,147.023207,144.443447,1168.49,1021.35,1167.02,1023.37,0.02,-0.0,0.18,0.11,0.09,0.27,1390.87,645.5129699535114,673.4446726287185,0.8296338461750373,486.28841103175887,382.13408085887386,51.592642446980854,238.5397333767575,314.7663942982048,100.33521743694631,28.660136227264545,17.46769765295089
48696556,67.073000,146.249869,145.548185,1167.58,1021.97,1167.15,1023.58,0.02,-0.0,0.34,0.0,0.12,0.32,1391.5,645.4966879485297,673.4417868025939,0.8457360122441988,482.65805526188757,385.11603861291803,52.63741600266395,233.53921662781502,323.5083001590992,100.29658663819923,29.45659364918072,17.196119357021892
48696656,67.173000,144.854250,145.704752,1167.22,1022.48,1167.08,1023.47,0.02,-0.0,0.31,0.08,0.13,0.29,1391.9,645.5191149041968,673.522055875806,0.790809793071178,477.68087388237456,389.0755335502626,54.31899130928927,233.53921662781502,323.5083001590992,100.29658663819923,29.45659364918072,17.196119357021892
48696756,67.272000,145.506695,145.205757,1167.27,1022.42,1166.81,1023.56,0.02,-0.0,0.3,0.07,0.07,0.31,1392.39,645.5191149041968,673.522055875806,0.790809793071178,477.68087388237456,389.0755335502626,54.31899130928927,233.53921662781502,323.5083001590992,100.29658663819923,29.45659364918072,17.196119357021892
48696856,67.372000,145.044818,146.049897,1167.74,1022.08,1167.38,1023.24,0.02,-0.0,0.13,0.01,0.03,0.25,1391.41,645.5039344310721,673.5580440208622,0.8044773897508074,474.7080715059474,391.56062827487796,55.57454164267113,223.1077472438286,344.65460713342367,104.87452396204279,31.2018072235134,17.035928108542237
48696955,67.471000,146.456752,144.555323,1168.67,1021.59,1167.31,1023.45,0.03,-0.0,0.2,0.07,0.02,0.29,1390.32,645.5087927739614,673.5309660767148,0.812255889661003,477.2038461443319,389.2866128722492,54.571895128727014,226.49370547238945,335.5696253427034,102.62419277636842,30.630352062464798,16.64598397926175
48697056,67.574000,146.818214,145.398407,1169.19,1021.19,1167.57,1023.33,0.03,-0.01,0.31,0.14,0.02,0.27,1389.79,645.5087927739614,673.5309660767148,0.812255889661003,481.99626830005,385.514697339542,53.09929596737648,226.49370547238945,335.5696253427034,102.62419277636842,30.630352062464798,16.64598397926175
48697155,67.672000,146.258848,145.480400,1169.4,1021.16,1167.6,1023.16,0.03,-0.0,0.35,0.14,0.01,0.23,1390.35,645.5047329687793,673.4285806851469,0.8573725110660616,485.0630137257573,383.11329504778644,52.137085509251044,236.4522723093961,316.97561477804356,100.13203210301394,28.92707963781977,17.248536094838236
48697255,67.771000,145.696266,145.326286,1168.63,1021.55,1167.35,1023.36,0.03,-0.0,0.03,0.08,0.01,0.27,1390.35,645.494912280505,673.4218629204429,0.8510596206268702,485.0891629593389,383.0753661870033,52.05583963805277,236.97662040244782,316.00175560634807,99.90440691072413,28.919034124765428,17.034445330429968
48697355,67.874000,145.406707,145.651418,1167.85,1021.96,1167.47,1023.21,0.03,-0.0,0.03,0.01,0.01,0.24,1390.03,645.494912280505,673.4218629204429,0.8510596206268702,485.0891629593389,383.0753661870033,52.05583963805277,236.97662040244782,316.00175560634807,99.90440691072413,28.919034124765428,17.034445330429968
48697455,67.971000,145.109306,145.464843,1167.29,1022.22,1167.02,1023.37,0.03,-0.01,0.12,0.04,0.08,0.27,1390.33,645.5201705663043,673.5143083418129,0.7920347965791238,478.2589033396361,388.44962650550536,54.076854702476396,228.17259658033365,332.776277931781,102.06269773834387,30.402214664629565,16.6452351466452
48697555,68.071000,145.064260,141.934542,1167.15,1022.38,1167.28,1023.49,0.02,-0.01,0.14,0.06,0.03,0.3,1389.76,645.5201705663043,673.5143083418129,0.7920347965791238,478.2589033396361,388.44962650550536,54.076854702476396,228.17259658033365,332.776277931781,102.06269773834387,30.402214664629565,16.6452351466452
48697655,68.171000,144.137703,138.150057,1167.62,1021.99,1167.46,1023.42,0.02,-0.01,0.07,0.0,0.01,0.28,1390.55,645.5164875759647,673.5074441053915,0.8623268103431279,475.285636267738,390.9966038839487,55.2337049858991,224.09137862993396,341.61118118820576,104.1934758616674,31.071652169707427,16.73405948495102
48697755,68.272000,144.136914,137.612983,1168.3,1021.55,1167.41,1023.38,0.02,-0.01,0.05,0.08,0.0,0.28,1389.57,645.5345739884723,673.5082735277105,0.7108456743932046,475.285636267738,390.9966038839487,55.2337049858991,224.09137862993396,341.61118118820576,104.1934758616674,31.071652169707427,16.73405948495102
48697856,68.372000,137.822696,139.420557,1168.81,1021.3,1167.6,1023.15,0.02,-0.01,0.14,0.12,0.04,0.23,1389.0,645.4974654245648,673.4690810219046,0.7900918192575254,481.56908810547907,385.86445985685356,53.26187916218454,231.99837791852696,326.32429142705223,101.71825351499497,29.682199381542766,17.21734544402986
48697955,68.471000,135.922063,135.937569,1168.9,1021.24,1167.61,1023.27,0.02,-0.01,0.15,0.13,0.04,0.25,1389.49,645.4974654245648,673.4690810219046,0.7900918192575254,481.56908810547907,385.86445985685356,53.26187916218454,231.99837791852696,326.32429142705223,101.71825351499497,29.682199381542766,17.21734544402986
48698055,68.571000,135.886860,136.129295,1168.5,1021.46,1167.44,1023.32,0.02,-0.01,0.08,0.09,0.01,0.26,1390.5,645.5164693498493,673.4347226559812,0.8308587166796131,484.7935256491064,383.3089540584194,52.146096257671346,236.38470835307874,317.77410691116165,100.07265256802606,28.985435534363567,17.2501721744746
48698156,68.670000,137.722029,136.013399,1167.81,1021.9,1167.51,1023.4,0.02,-0.01,0.03,0.02,0.02,0.28,1391.19,645.4944309825898,673.4690543207294,0.7945234201164669,482.4945396736684,385.08761731390666,52.82217832573234,233.5030349278305,322.93105776265924,100.47894438030919,29.4761431421678,17.031248892274192
48698256,68.772000,140.156401,131.734801,1167.33,1022.23,1167.27,1023.61,0.02,-0.0,0.11,0.04,0.03,0.32,1390.72,645.509856229681,673.5210293265611,0.8005505755818382,478.98527471272945,387.9743160931234,53.99548686019796,228.89270584946865,331.4760302332147,102.0430421845591,30.249799394095632,16.770428145296805
48698356,68.873000,140.467612,134.149751,1167.26,1022.27,1167.36,1023.44,0.02,-0.0,0.13,0.05,0.01,0.29,1390.01,645.5236726016002,673.50194345033,0.7114027410558867,476.47491857369704,390.0066128198913,54.876432646649256,225.6184055490207,338.85621402849023,103.23733233825638,30.80769664288577,16.85981136404586
48698456,68.973000,140.469198,134.172211,1167.58,1021.94,1167.42,1023.48,0.02,-0.01,0.07,0.01,0.0,0.3,1390.73,645.5288033940367,673.5098737426964,0.8418932563739174,475.8430700827409,390.43897186207846,54.97997260912707,224.75335241566106,339.7488315344128,103.98249027602667,30.940413227799393,16.705672998514935
48698557,69.072000,137.226791,133.117693,1168.3,1021.61,1167.43,1023.34,0.02,-0.01,0.05,0.07,0.0,0.27,1389.87,645.4976304460505,673.5047166276983,0.8617217857650125,477.8633611154921,388.9153145309896,54.363187018483515,227.2831498980936,335.2990083375273,103.2725103461582,30.49974595055448,16.923121769172035
48698657,69.177000,135.131493,135.367354,1168.73,1021.44,1167.75,1023.15,0.02,-0.01,1.0,0.1,1.0,0.23,1390.27,645.4980845607139,673.4289418471757,0.7760520476145992,480.9877473437456,386.3019091824347,53.38828379096575,231.26462162944492,327.08715659993004,101.56863610959722,29.81068786728735,17.038929472954322
48698757,69.273000,134.423945,133.396174,1162.77,1020.77,1161.87,1022.38,0.02,-0.01,0.79,0.21,1.0,0.08,1390.79,645.5264804065552,673.502379839138,0.7922319947358578,483.6044920798832,384.24140130058305,52.592441196603204,234.6483757009108,320.33981466951025,100.72410839136391,29.239150851975417,17.12590424645269
48698857,69.375000,134.780878,132.051645,1156.83,1020.31,1156.41,1021.59,0.02,-0.01,0.03,0.29,0.03,0.08,1391.74,645.520887041927,673.4505715226289,0.8767853408279498,484.14807140713594,383.9214728639655,52.27191922235065,235.69216210530894,317.9091213149117,99.80530225766458,29.133679336343576,16.85345884976256
48698956,69.473000,135.689854,132.414439,1155.98,1019.95,1156.72,1021.34,0.02,-0.01,0.1,0.35,0.4,0.13,1390.04,645.5106795777924,673.4212410207383,0.8538687172405803,483.25196725703836,384.60882262608726,52.43953960187029,235.29354880670664,315.36223624334355,98.1952118755897,29.327864786294054,15.740979631188871
48699056,69.572000,136.678165,131.608809,1156.87,1021.81,1156.05,1021.31,0.02,-0.01,0.22,0.03,0.42,0.14,1389.08,645.5314334736013,673.4494773085543,0.7831823056375928,484.37490367107426,383.75502447762096,52.106073507928585,237.04849542517348,311.22595039467797,97.33111913883276,29.087112869769047,15.481870150067685
48699156,69.672000,137.431754,131.877110,1157.5,1021.97,1155.01,1020.9,0.02,-0.01,0.25,0.01,0.24,0.22,1389.88,645.5151697053842,673.4457937265952,0.7938738980438267,487.56758647714696,381.38198032641066,51.21387157915407,241.1449673998257,304.6978167993552,96.27036717500546,28.404442673768955,15.905514610635933
48699256,69.772000,137.576574,131.095776,1157.8,1021.84,1155.33,1020.91,0.02,-0.02,0.27,0.03,0.33,0.22,1390.66,645.4935635180276,673.3629645350771,0.8414607003521777,490.1350780615553,379.4811533169914,50.36964787134944,245.1318765512949,296.7782361426978,94.70467984927315,27.86284412383625,15.621763163493988
48699356,69.872000,136.954679,127.340544,1157.69,1021.93,1155.08,1020.96,0.02,-0.02,0.27,0.01,0.76,0.21,1391.43,645.5248995004315,673.3895844949232,0.82824073141631,491.50073627381494,378.4271835569905,49.905636002324336,247.30881248007742,293.1371123927225,93.96159889487781,27.572769483112094,15.601442538289014
48699456,69.973000,135.089069,129.777496,1157.24,1022.29,1151.17,1020.39,0.02,-0.01,0.15,0.05,0.16,0.32,1392.25,645.5248995004315,673.3895844949232,0.82824073141631,491.50073627381494,378.4271835569905,49.905636002324336,247.30881248007742,293.1371123927225,93.96159889487781,27.572769483112094,15.601442538289014
48699557,70.077000,133.804137,130.139314,1156.79,1022.54,1151.25,1021.02,0.02,-0.02,0.06,0.09,0.16,0.2,1392.58,645.5495591614175,673.4109167694941,0.863042311084756,488.2598966705206,380.8530630935179,50.90349533775577,242.93861713237757,299.372048784264,94.35373966826712,28.264079178318532,15.098449550106736
48699656,70.175000,133.076526,128.899976,1156.65,1022.62,1151.32,1021.0,0.02,-0.02,0.04,0.11,0.14,0.2,1391.52,645.5495591614175,673.4109167694941,0.863042311084756,488.2598966705206,380.8530630935179,50.90349533775577,242.93861713237757,299.372048784264,94.35373966826712,28.264079178318532,15.098449550106736
48699756,70.271000,133.250372,130.542313,1156.92,1022.35,1151.54,1021.01,0.02,-0.02,0.29,0.06,0.0,0.2,1391.89,645.5156587553734,673.4383167451168,0.8343183782238462,484.31113860649634,383.8123505111468,52.14857850155074,237.4809380907792,307.6647524379259,95.8116670961473,29.100117103451595,14.654669437755643
48699857,70.372000,134.594376,128.509931,1157.3,1022.2,1151.54,1020.87,0.02,-0.02,0.25,0.03,0.05,0.23,1392.03,645.4997590002398,673.4517733982825,0.7852490721585834,485.1991159900009,383.1180581047234,51.91136671484263,238.53855532283248,305.874787152424,95.46438944373406,28.904207899365176,14.803316181127272
48699956,70.473000,135.897146,128.010107,1157.71,1022.0,1151.68,1020.98,0.03,-0.02,0.1,0.0,0.29,0.2,1391.38,645.5128500888325,673.4272435280188,0.8537202074063074,487.32542823772354,381.5671987332015,51.231182532637305,241.60805684145703,300.4188699281922,94.34712165803262,28.45758310414981,14.808992464437829
48700056,70.573000,136.369831,129.429320,1157.85,1021.92,1151.79,1020.9,0.02,-0.02,0.01,0.01,0.36,0.22,1390.18,645.4938238260747,673.3893110061617,0.8169650171483261,489.88449410494485,379.64372446948136,50.5388472714151,245.16908740546825,294.86640900034666,93.49909661366146,27.912041096324653,15.068181122455918
48700157,70.673000,136.315505,127.052992,1157.66,1021.97,1151.55,1020.63,0.02,-0.02,0.11,0.01,0.21,0.27,1389.73,645.4938238260747,673.3893110061617,0.8169650171483261,489.88449410494485,379.64372446948136,50.5388472714151,245.16908740546825,294.86640900034666,93.49909661366146,27.912041096324653,15.068181122455918
48700257,70.773000,134.883487,123.136914,1157.19,1022.21,1151.72,1021.09,0.02,-0.02,0.19,0.04,0.25,0.18,1390.45,645.5489306712818,673.4056343612834,0.8750213867968539,490.4209174003769,379.2848839574621,50.08604640017721,246.2368736700491,292.8367033145353,93.07546630288387,27.808494797949916,14.887581681757474
48700357,70.873000,134.668978,122.970005,1156.96,1022.44,1151.63,1021.13,0.02,-0.02,0.23,0.08,0.23,0.17,1391.08,645.5439701885367,673.4173884577164,0.8686104859124941,488.48592967390897,380.6953961635826,50.74293002490222,243.44126337434133,297.7193421408852,93.85695121520408,28.2154869924633,14.862101257798606
48700457,70.973000,127.952168,126.046676,1156.67,1022.58,1151.62,1021.02,0.02,-0.02,0.49,0.1,1.0,0.2,1391.87,645.5239639159912,673.4202752849084,0.8266309079179452,486.0936632777308,382.42654576512706,51.452124739221844,240.05402764525905,302.84511294510105,94.54474737150416,28.717552773345513,14.641112031917608
48700558,71.073000,125.989277,126.086469,1154.55,1022.18,1146.39,1020.14,0.02,-0.01,0.13,0.03,0.01,0.37,1392.23,645.5131880493254,673.4401192833162,0.8486906192748037,484.96506116455384,383.2893733155962,51.868497945073074,238.28275972433445,306.1182326821086,95.32737815810198,28.956922409762345,14.714585942501891
48700657,71.174000,126.449948,125.046416,1154.58,1021.81,1146.97,1024.66,0.02,-0.01,0.13,0.03,0.13,0.53,1392.57,645.5216916128339,673.4382893540705,0.8230173927277835,485.3316561545698,383.0664557286017,51.96239281137881,238.78526137751734,304.8056374271638,94.91752066936598,28.884295377623385,14.620494691885533
48700758,71.274000,128.078529,123.446026,1155.33,1021.51,1147.38,1024.26,0.02,-0.01,0.26,0.08,0.21,0.45,1391.31,645.4990090613823,673.4216782255825,0.8889843175266501,486.7605787591605,381.9455000690465,51.33407523840673,241.76123835974704,297.1211228539776,92.86448008294387,28.572787544141068,13.75740086940987
48700858,71.375000,129.648646,124.106806,1155.69,1021.3,1147.15,1023.56,0.02,-0.01,0.32,0.12,0.17,0.31,1391.85,645.5141510551899,673.3852786854677,0.7935140530439608,490.4941768999394,379.27708349606894,50.24268912124928,246.88367273322882,289.39584289422845,91.39239079449712,27.793035283056525,14.16215307148984
48700957,71.474000,130.672006,123.500979,1155.66,1021.26,1147.24,1023.56,0.02,-0.01,0.62,0.13,0.23,0.31,1392.37,645.5118793803977,673.3700127556093,0.8473006070086906,493.3804434357236,377.1943692150934,49.33535361312209,251.0567165165242,282.55447141804865,90.59452082440627,27.187424018396303,14.291945921070827
48701058,71.572000,130.372286,123.395927,1151.62,1021.27,1147.27,1023.67,0.02,-0.01,0.07,0.12,0.24,0.33,1392.93,645.5191646930871,673.3844311690273,0.8106825883334443,493.75064657870627,376.8415108496235,49.08435969451808,252.2936901430811,280.4191417660977,89.82028970256845,27.103037618771708,14.02533729312725
48701157,71.674000,128.897165,124.852272,1150.47,1021.36,1147.01,1023.76,0.02,-0.01,0.23,0.11,0.22,0.35,1392.14,645.5103356124255,673.3991030249445,0.7913103958741032,492.28176238189195,377.9799096752114,49.66307017097687,249.80005947529884,285.14627230110983,90.5667606046838,27.414950145767694,14.22085462716398
48701258,71.774000,127.314231,124.425682,1150.36,1021.39,1147.17,1023.55,0.02,-0.01,0.09,0.1,0.06,0.31,1392.59,645.514283314572,673.3848883046139,0.8240033103890914,489.3570219474289,380.066934028556,50.394541068284006,245.76899479418051,291.12782026570756,91.55851771176415,28.03004310039161,13.881712126388138
48701357,71.874000,126.687811,118.311570,1150.73,1021.24,1147.01,1023.46,0.02,-0.01,0.03,0.13,0.03,0.29,1393.1,645.5208941650737,673.4088252448047,0.8667889243036146,488.20978790230174,380.9901416815908,50.7769317026,243.82511683747606,294.39590462347263,92.47244743062794,28.278709810721576,13.931521943783103
48701458,71.974000,124.853337,119.364246,1151.18,1021.06,1147.24,1023.49,0.02,-0.0,0.58,0.16,1.0,0.3,1393.36,645.5305862405227,673.4090796157114,0.866508279879479,488.20978790230174,380.9901416815908,50.7769317026,243.82511683747606,294.39590462347263,92.47244743062794,28.278709810721576,13.931521943783103
48701558,72.073000,124.154545,118.106120,1148.92,1020.61,1142.08,1022.53,0.02,-0.0,0.42,0.24,0.25,0.11,1393.38,645.4949683374343,673.3660903533174,0.807727358288878,491.1522729326113,378.802157761765,49.92700666638386,248.25499917833952,287.161948339402,91.08330686584776,27.653194703525934,14.02313782614793
48701659,72.178000,124.461175,114.145307,1146.5,1020.0,1141.95,1022.68,0.02,-0.01,0.01,0.34,0.23,0.14,1393.66,645.5090619044538,673.3752508009231,0.8124525411285748,493.9855722065721,376.8429234396166,49.158615480286365,252.14644084259626,281.4196820787268,90.05950015648494,27.066338425997106,14.334459404353844
48701759,72.275000,125.361021,115.893119,1146.24,1022.49,1142.2,1022.46,0.02,-0.01,0.06,0.08,0.98,0.09,1393.78,645.5100480137664,673.3631174041524,0.8110972137393841,494.826428525822,376.15824856460495,48.58612487771223,254.89574005354433,274.580191066883,88.11102518813921,26.885123498857695,13.283694470462393
48701860,72.376000,125.844035,115.094876,1146.37,1022.99,1136.98,1021.62,0.02,-0.01,0.17,0.17,0.18,0.08,1392.84,645.5198870185407,673.3193576031421,0.8058002658038195,496.5742221876439,375.07090419689575,48.23933570244963,257.04741752268103,272.9165561088149,88.31958026180817,26.537602138702667,13.827323962201646
48701960,72.476000,125.901654,115.326410,1146.4,1022.98,1137.2,1021.51,0.02,-0.0,0.25,0.17,0.02,0.1,1390.64,645.5198870185407,673.3193576031421,0.8058002658038195,496.5742221876439,375.07090419689575,48.23933570244963,257.04741752268103,272.9165561088149,88.31958026180817,26.537602138702667,13.827323962201646
48702060,72.577000,124.861119,117.284794,1146.39,1022.98,1137.55,1021.38,0.02,-0.0,0.25,0.17,0.09,0.12,1390.63,645.5203135982343,673.3377012604549,0.8054104122591617,495.9837916197279,375.373031992844,48.13686060202146,258.0443870537656,268.14291590939814,85.94152358587095,26.650239712717283,12.440267004966692
48702160,72.677000,123.350446,112.694349,1146.33,1022.97,1137.14,1021.68,0.02,-0.0,0.26,0.17,0.01,0.06,1391.29,645.5010983387608,673.3446431076574,0.7878698752293672,496.49892768461814,375.15283406829593,48.2968554812277,257.44042759096783,270.6878930600784,86.83400664738151,26.550641042458523,13.294119250569437
48702261,72.776000,122.338379,113.765553,1146.35,1023.03,1137.62,1021.52,0.02,-0.0,0.17,0.17,0.58,0.1,1392.01,645.5022423271004,673.3487002577208,0.8389799738292719,495.3744592271644,375.8782168380325,48.57577870823907,256.5563197814548,270.5163375624889,86.57152049867922,26.77922301784933,12.635422593184991
48702361,72.877000,122.154773,112.136864,1146.4,1023.07,1134.66,1020.99,0.02,-0.0,0.35,0.18,0.22,0.2,1392.38,645.5099060780036,673.349671129833,0.8014450694685036,495.05871081221295,376.090850106108,48.606876124926934,255.95403232867193,271.8344802178946,86.727394046612,26.845276980016422,12.750889264423279
48702460,72.977000,122.496091,109.649001,1145.92,1022.83,1134.32,1021.05,0.02,-0.0,0.3,0.14,0.04,0.19,1391.62,645.5185189203005,673.3485998886706,0.8004738308870586,495.4722318559691,375.8555847598044,48.624018938885364,255.89374444851308,272.49323163929245,87.16919539820917,26.76496620276111,13.133048212228942
48702560,73.076000,121.926740,113.042933,1145.98,1022.81,1135.12,1020.89,0.02,-0.0,0.31,0.14,0.2,0.22,1391.66,645.5007387273489,673.3490057371823,0.8302604733651413,494.7382852753566,376.2453826046171,48.496130823248755,256.4387466391924,269.14493328679464,85.81060431171828,26.905089068681907,11.988943670558932
48702661,73.178000,121.150113,111.602565,1146.12,1022.63,1134.95,1020.9,0.02,-0.0,0.33,0.11,0.16,0.22,1392.28,645.5217449917146,673.3478258570416,0.7993051389866217,496.3170901692709,375.3134004997525,48.28935934238847,257.62284631639415,269.0981448916302,86.14003857188236,26.593871852325368,12.823930203580652
48702761,73.278000,120.596387,112.090572,1145.84,1022.59,1134.9,1020.97,0.02,-0.0,0.29,0.1,0.15,0.21,1392.77,645.5184597466974,673.3395739127204,0.8346328711214179,496.8074374490671,374.87427078819957,48.192232548002025,258.98672263487066,266.407802322836,85.60862340161525,26.48488629709471,12.513208395533766
48702860,73.377000,120.349202,110.992016,1145.84,1022.75,1135.07,1020.79,0.02,-0.0,0.55,0.13,0.19,0.24,1393.28,645.5149413265156,673.3573425441117,0.823263827826843,496.97008594166977,374.70159332062957,48.03698177312606,259.65492134489915,265.05075209848917,85.25563215988376,26.44475018126121,12.311327181330277
48702961,73.477000,120.692922,106.952500,1142.92,1022.6,1134.8,1021.2,0.02,-0.0,0.1,0.1,0.36,0.16,1393.66,645.5201911387476,673.3143240401181,0.8068373577306486,497.4567184754165,374.5145358387999,48.050171862179354,259.56952611957814,266.3252109613345,85.66041800631542,26.359674284233265,12.824964040851484
48703061,73.577000,119.704961,109.142107,1142.23,1022.39,1134.8,1021.0,0.02,-0.0,0.03,0.07,1.0,0.2,1393.94,645.5153501355674,673.3485520200844,0.8181993187085866,496.3490894579758,375.20745220339614,48.135558134035726,258.6692244544121,266.3518261093657,85.36276025367891,26.579763993062627,12.233041403294777
48703161,73.677000,119.261503,109.051678,1142.43,1022.37,1129.82,1019.91,0.02,-0.01,0.12,0.06,0.27,0.42,1393.03,645.5153501355674,673.3485520200844,0.8181993187085866,496.3490894579758,375.20745220339614,48.135558134035726,258.6692244544121,266.3518261093657,85.36276025367891,26.579763993062627,12.233041403294777
48703262,73.779000,119.045412,106.569369,1142.66,1022.15,1130.34,1026.96,0.01,-0.01,0.12,0.06,0.27,0.42,1391.52,645.5253819185452,673.3486465783533,0.8304613047917674,497.00791026221265,374.8856238775093,48.12822031493206,259.1701448876996,266.76812856731505,85.80391452459429,26.45528723147874,12.64359003202005
48703361,73.878000,118.259357,108.994834,1142.85,1022.13,1131.09,1026.16,0.01,-0.01,0.31,0.02,0.5,0.83,1391.01,645.5289901850902,673.3221583044207,0.8053898515514469,497.33703737456915,374.4879106568643,47.73404290585411,261.4951134505316,260.76780007732617,83.50748781594126,26.45528723147874,12.64359003202005
48703461,73.977000,118.393007,107.839707,1143.01,1021.97,1127.92,1023.7,0.01,-0.01,0.31,0.02,0.5,0.83,1391.57,645.5137100095671,673.2977089540991,0.7900971026901934,499.69210852628737,373.04270970101857,47.38256951849999,264.350150097672,257.48639721219735,82.80727008313549,25.903954039734884,12.040384524490086
48703562,74.077000,118.769997,108.016718,1140.74,1021.82,1132.55,1024.65,0.01,-0.01,0.47,0.0,0.62,0.34,1389.51,645.5137100095671,673.2977089540991,0.7900971026901934,499.69210852628737,373.04270970101857,47.38256951849999,264.350150097672,257.48639721219735,82.80727008313549,25.903954039734884,12.040384524490086
48703661,74.177000,119.122599,106.938490,1140.25,1021.85,1130.72,1022.98,0.01,-0.01,0.06,0.03,0.54,0.53,1389.45,645.4955306997522,673.2996508164906,0.8146404126691665,500.4888483887681,372.4490773858279,46.97970918900967,266.48619308152297,253.5350021328112,82.18033951223424,25.733557638205586,11.594389371898693
48703761,74.277000,118.977537,103.877353,1140.25,1021.85,1130.72,1022.98,0.02,-0.01,0.03,0.03,0.18,0.2,1389.06,645.5269311531421,673.2821309650164,0.7702806792007517,500.1988637252855,372.62328388099604,47.00716878279169,266.63281882932614,252.77753409504854,81.73271171155986,25.79751328849742,11.242029212161228
48703861,74.376000,117.104860,105.740113,1140.4,1021.92,1130.28,1023.33,0.02,-0.01,0.0,0.01,0.09,0.27,1389.76,645.5329024107593,673.3001102811015,0.7840461521418225,500.5949236402061,372.48179704932596,47.08238788926444,265.1950916900101,257.7382881276687,83.58360693843343,25.72534151311881,12.562818830410897
48703962,74.476000,115.688944,105.435643,1140.25,1021.99,1130.72,1023.14,0.02,-0.01,0.02,0.0,0.18,0.23,1389.59,645.5226714530073,673.3234350508751,0.8108846347504487,498.9521415340912,373.56002181675916,47.425934851918186,262.86882762131285,260.1657946249949,83.61467334795195,26.05650771025109,12.231337601386187
48704061,74.577000,113.685492,105.136155,1140.35,1021.88,1130.54,1023.07,0.01,-0.01,0.01,0.02,0.14,0.21,1390.48,645.521154658476,673.2962568407969,0.8083227095129123,498.8363225150714,373.54732982597847,47.412863968092815,263.5677735849313,258.13178356679015,83.20068912690284,26.07523020814194,11.718384671825973
48704162,74.676000,112.146815,104.319870,1140.58,1021.79,1130.51,1023.19,0.01,-0.01,0.03,0.04,0.13,0.24,1390.99,645.5113568935975,673.3136687168103,0.8078416774454582,499.47650354718104,373.0632165816503,47.19941607151575,264.9950891357654,255.81406498786407,82.57011778878325,25.93721329831496,11.558871534005029
48704262,74.776000,112.296479,102.956176,1140.75,1021.72,1130.88,1022.91,0.01,-0.01,0.06,0.05,0.21,0.18,1391.73,645.5113568935975,673.3136687168103,0.8078416774454582,499.47650354718104,373.0632165816503,47.19941607151575,264.9950891357654,255.81406498786407,82.57011778878325,25.93721329831496,11.558871534005029
48704361,74.877000,112.768757,101.636612,1140.8,1021.76,1130.47,1023.16,0.01,-0.01,0.07,0.04,0.13,0.23,1392.46,645.5202921125551,673.2840076020184,0.804679042232101,501.2664179674206,372.0227078000616,46.82975788667403,266.57455121844754,255.0024188660969,84.0820463171041,25.586641074719935,12.325302131897331
48704461,74.977000,113.370566,103.329494,1140.7,1021.87,1130.65,1023.29,0.02,-0.01,0.05,0.02,0.16,0.26,1393.02,645.5160803118652,673.2810699494585,0.8040603176299106,501.07249630954755,372.13211929822586,46.78167671971974,267.06873296810187,253.59672233246005,83.72256128936895,25.624316965157803,11.886718222383088
48704562,75.076000,114.718364,101.575230,1140.51,1022.0,1130.57,1023.12,0.02,-0.01,0.98,0.0,1.0,0.22,1393.34,645.4978407910163,673.2706617749886,0.7471026639064583,500.53776653572464,372.45887991839015,47.04419851717372,265.9937459750309,255.61672131266354,82.69017627265131,25.72924347218627,12.060528783140661
48704661,75.177000,114.848793,101.938349,1135.15,1021.4,1125.19,1022.38,0.02,-0.01,0.04,0.1,0.03,0.08,1390.18,645.5064163115445,673.3392793170673,0.8612247507973407,498.9790541156929,373.4130953556105,47.272459331935444,264.29050785836847,256.56109294473674,82.7004698096906,26.0375790419871,11.45601594589668
48704761,75.276000,114.212394,102.879500,1134.04,1021.14,1125.47,1022.19,0.02,-0.01,0.23,0.15,0.03,0.04,1390.18,645.5161705912132,673.3045350726229,0.811096884043948,498.75692424482554,373.70610493869003,47.32683093186101,264.10445319389476,256.998922478648,82.44064690737868,26.098070561954202,11.359860058449414
48704861,75.377000,113.499532,102.616302,1134.8,1020.82,1125.88,1021.98,0.02,-0.01,0.1,0.2,0.11,0.0,1389.66,645.5108242910886,673.3066902343583,0.8011520698011412,500.751219246096,372.3989275266495,46.93564747973528,267.21300768574616,252.28182966575667,82.73181334404813,25.691106456108294,11.399399335770816
48704961,75.477000,112.812465,103.088064,1135.44,1020.46,1125.75,1022.2,0.02,-0.01,0.01,0.26,0.08,0.04,1389.96,645.5087360755714,673.273686544647,0.7955493987840112,503.7601842548916,370.42616603369686,45.85940239662038,273.14727903348967,244.1424391985316,79.5901683278802,25.082063518064963,11.130740897766856
48705061,75.577000,112.607296,103.137038,1135.73,1020.4,1126.14,1022.07,0.02,-0.01,0.06,0.27,0.16,0.01,1390.96,645.5149511776931,673.2701176327738,0.7181623223800857,507.68070595630905,368.0411689439148,44.8857074323308,278.4784369673168,238.6968429396573,79.29271245553832,24.302820703199878,11.957281329853245
48705161,75.678000,112.880503,102.036989,1135.7,1020.54,1125.97,1022.08,0.02,-0.01,0.06,0.25,0.13,0.02,1391.64,645.5149511776931,673.2701176327738,0.7181623223800857,507.68070595630905,368.0411689439148,44.8857074323308,278.4784369673168,238.6968429396573,79.29271245553832,24.302820703199878,11.957281329853245
48705261,75.777000,113.618834,100.977580,1135.15,1020.74,1125.86,1022.4,0.02,-0.01,0.09,0.21,0.14,0.08,1392.44,645.5196762754041,673.2394910666023,0.7455174839575139,508.37215884423836,367.535551032112,44.57869279478683,280.6870775036742,234.85240159036817,78.43432672008169,24.16236634025694,11.443835822381402
48705362,75.876000,114.003918,96.465956,1134.65,1021.12,1126.02,1022.19,0.02,-0.01,0.01,0.15,0.18,0.04,1392.91,645.5055876990691,673.267081624872,0.768045576007186,504.343901002423,370.09762779243385,45.76087534560534,273.5162663748083,244.55078484715685,79.83883730070269,24.967617080148205,11.523055391129873
48705462,75.978000,113.517983,92.943047,1134.48,1021.3,1125.67,1022.29,0.02,-0.01,0.02,0.12,0.11,0.06,1392.19,645.5199477794265,673.291000311687,0.8090313431368386,500.7319034486152,372.27242679899933,46.752623883761714,268.2903042761013,250.13093988380018,80.6865939271044,25.68726236775862,10.904818866169592
48705562,76.078000,113.358267,93.314496,1134.52,1021.16,1125.8,1022.18,0.02,-0.01,0.02,0.14,0.13,0.04,1392.68,645.5222851999308,673.2969947625003,0.8124835657636983,499.6067271889727,373.0669137487105,47.15544686460132,265.7761683710472,254.14595586204652,81.60606630706462,25.92032905868368,11.202478117690141
48705661,76.178000,109.209854,93.766769,1134.96,1020.95,1126.03,1021.94,0.02,-0.01,0.09,0.18,1.0,0.01,1391.9,645.5131820132378,673.3185183750818,0.7419650038210782,500.5480926680695,372.52138837112557,46.89802694624747,267.0431601979968,252.36955820356908,81.56466326444722,25.731110139993163,11.309332056810568
48705761,76.277000,103.131993,95.033699,1135.47,1020.58,1121.12,1021.21,0.02,-0.01,0.02,0.24,1.0,0.16,1392.1,645.5256420153274,673.2648021480725,0.7812678625280083,502.93642446898593,370.91702479134216,46.12228507620163,271.320688212298,246.41681980821502,80.21954569873482,25.248875814160357,11.242923898595784
48705862,76.377000,101.423943,92.672971,1135.57,1020.6,1116.53,1020.25,0.02,-0.01,0.74,0.24,0.15,0.35,1392.49,645.5256420153274,673.2648021480725,0.7812678625280083,502.93642446898593,370.91702479134216,46.12228507620163,271.320688212298,246.41681980821502,80.21954569873482,25.248875814160357,11.242923898595784
48705961,76.477000,102.673033,93.329356,1131.69,1020.16,1116.89,1022.67,0.03,-0.01,1.0,0.31,0.03,0.13,1391.52,645.5179842388033,673.2275488484424,0.7487940369425825,507.1938553068832,368.26540768811236,45.010176246636654,280.2393813860723,232.95643881392832,76.88610783177226,24.398000292949394,10.400842431749261
48706061,76.577000,105.712522,92.216802,1125.62,1020.13,1116.84,1023.09,0.03,-0.01,0.08,0.32,0.04,0.22,1391.76,645.5086908279477,673.2523005497773,0.7643899175281615,507.08737169213197,368.3086665876033,44.916219388366024,281.200127696098,231.33061419648647,76.02391858099652,24.414451439133664,9.938469397891609
48706161,76.677000,110.373820,90.154760,1124.94,1020.92,1117.02,1023.01,0.03,-0.01,0.05,0.18,0.34,0.2,1391.76,645.5073887980577,673.248389168367,0.7938113943973719,507.1818177958188,368.4074815717575,44.77655286873143,280.8001064835573,232.89942686406962,76.52134069785154,24.406796295730036,10.282420597262096
48706261,76.776000,111.190077,90.955553,1125.48,1020.82,1117.13,1022.8,0.03,-0.01,0.14,0.2,0.36,0.16,1391.98,645.5174062021022,673.2577686449524,0.7833856139849503,508.04307491591305,367.89871288803766,44.61682260081588,282.155886609146,231.28879091694506,76.75826172847862,24.237536834167187,10.360612499923462
48706361,76.876000,109.982604,91.391671,1125.92,1020.65,1117.11,1022.95,0.03,-0.01,1.0,0.23,0.99,0.19,1392.65,645.5023676183472,673.2440621112282,0.7793030630734361,510.03007008032563,366.655108282998,44.07526353226442,285.70392227429426,227.13709763152676,75.51506556421914,23.839171689258475,10.442411643065768
48706461,76.977000,108.857429,91.816626,1133.87,1021.29,1112.59,1021.87,0.03,-0.01,0.12,0.12,0.07,0.03,1391.42,645.5357660057266,673.2068575978858,0.7100873799371761,512.3561918760945,365.29365508465446,43.38208030462611,289.650057788455,222.71111743627858,74.78617594130604,23.38959758552525,10.592325377386722
48706561,77.077000,105.390723,94.359326,1134.95,1021.82,1112.67,1022.0,0.03,-0.01,0.5,0.03,0.14,0.0,1388.79,645.5245288847605,673.2219474207412,0.6851789017434766,513.1152803799855,364.85127828926744,43.261562847769824,292.04025892157415,218.82322196256317,73.60988427202527,23.38959758552525,10.592325377386722
48706661,77.176000,103.061620,94.273019,1131.49,1022.07,1112.61,1021.92,0.03,-0.01,0.11,0.01,0.24,0.02,1389.44,645.5095763748722,673.2034879911844,0.6890329073815674,511.0886837211012,365.964731602724,43.97278454987643,289.18239030387093,221.26332319608602,73.24995364486034,23.62999392934233,9.632309137729827
48706761,77.276000,102.744486,93.213964,1130.24,1022.23,1112.48,1022.06,0.03,-0.01,0.1,0.04,0.27,0.01,1390.44,645.5095763748722,673.2034879911844,0.6890329073815674,511.0886837211012,365.964731602724,43.97278454987643,289.18239030387093,221.26332319608602,73.24995364486034,23.62999392934233,9.632309137729827
48706862,77.377000,104.518832,92.408367,1130.13,1022.36,1112.6,1022.0,0.02,-0.01,0.93,0.06,0.65,0.0,1389.99,645.517053158335,673.2626628573755,0.7894157036888502,502.59101817820385,371.2884662601094,46.32715008950578,274.00234718221304,239.6409481776379,76.61978479227217,25.328449220521914,9.404839826611173
48706962,77.478000,107.473980,90.077333,1126.8,1021.65,1118.42,1023.01,0.02,-0.01,0.35,0.06,0.64,0.2,1388.81,645.5013148360332,673.2822420695128,0.8162287171823236,500.95352720087476,372.2965743778082,46.741423751013684,271.2790926766378,242.26331227249074,77.97498905774586,25.652556782042474,9.177934619801128
48707062,77.577000,108.925592,88.749456,1125.97,1020.98,1115.9,1022.61,0.02,-0.01,0.21,0.17,0.14,0.12,1387.62,645.5146411455531,673.2548683846487,0.752945429772599,503.3133391784957,370.84396050261046,46.092725724319585,274.24790130262585,239.93925139304739,77.4892790268643,25.18410327106736,9.884993959403673
48707162,77.678000,110.225947,83.502756,1126.7,1020.39,1115.98,1022.66,0.02,-0.01,0.47,0.27,0.78,0.13,1388.65,645.5146411455531,673.2548683846487,0.752945429772599,503.3133391784957,370.84396050261046,46.092725724319585,274.24790130262585,239.93925139304739,77.4892790268643,25.18410327106736,9.884993959403673
48707262,77.778000,110.044574,83.775174,1130.51,1020.51,1112.43,1021.72,0.02,-0.01,0.18,0.25,0.07,0.06,1388.52,645.5631450227157,673.2577005975091,0.7872594858938567,513.9321760949716,364.4607519739942,43.188085532942836,292.6424467197746,218.56483304192986,73.31280693452499,23.087111675096082,10.428984062578444
48707362,77.878000,110.044155,83.775064,1130.9,1020.73,1112.18,1021.94,0.02,-0.01,0.23,0.22,1.0,0.01,1388.04,645.5827231448822,673.2179150090726,0.734326421378124,517.4228701781186,362.3444320781221,41.998431062575165,300.0504841727185,210.34926149814459,71.78707790987148,22.40426131267693,10.228744813169826
48707462,77.978000,104.167537,84.420984,1130.08,1021.27,1107.97,1020.94,0.02,-0.01,0.33,0.12,0.44,0.21,1388.05,645.5078228295184,673.1928980804023,0.6834598738804976,517.1616692273304,362.5353696779786,42.22140886580166,299.7582801331192,210.2794891421086,71.5598200511969,22.44765116690423,10.099677667480407
48707562,78.077000,89.710565,85.226067,1129.39,1021.83,1106.4,1020.81,0.02,-0.01,0.45,0.03,0.13,0.24,1389.18,645.538086920104,673.2151938252445,0.7178080438364005,511.774194797153,365.56265889368103,43.515790271235666,292.1000492725385,217.16429972806333,71.57896401253039,23.498866464250778,8.961723195239784
48707662,78.178000,89.807135,83.090101,1131.19,1022.46,1106.49,1020.68,0.02,-0.01,0.15,0.08,0.14,0.26,1389.91,645.5269068497764,673.2497138099067,0.7573618120885376,506.1958885087443,369.09515305133505,45.279048756922165,292.1000492725385,217.16429972806333,71.57896401253039,23.498866464250778,8.961723195239784
48707763,78.278000,92.089320,79.227378,1131.82,1022.55,1106.61,1020.68,0.02,-0.01,1.0,0.09,0.12,0.26,1390.57,645.5269068497764,673.2497138099067,0.7573618120885376,506.1958885087443,369.09515305133505,45.279048756922165,292.1000492725385,217.16429972806333,71.57896401253039,23.498866464250778,8.961723195239784
48707862,78.379000,91.041446,79.646500,1128.14,1021.74,1106.69,1020.99,0.02,-0.02,1.0,0.04,0.11,0.2,1390.02,645.4937510875642,673.259192306111,0.800551065640211,501.0122322121876,372.19248139978134,46.73320730867182,272.6588615846866,238.83912124969652,77.2626668671809,25.636287756541567,8.443433186859885
48707963,78.478000,99.344157,76.050030,1123.02,1020.61,1106.85,1020.68,0.02,-0.02,1.0,0.24,1.0,0.26,1389.6,645.5257077382184,673.2442100171501,0.799732518678153,503.4421877390528,370.7411589773954,46.16945811385238,276.43787782934163,234.31051499943516,74.59827935561565,25.15910850928542,8.675720400398276
48708062,78.579000,100.265838,75.485319,1118.31,1019.27,1103.32,1020.12,0.02,-0.02,0.49,0.46,0.53,0.38,1389.99,645.5257077382184,673.2442100171501,0.799732518678153,503.4421877390528,370.7411589773954,46.16945811385238,276.43787782934163,234.31051499943516,74.59827935561565,25.15910850928542,8.675720400398276
48708162,78.679000,99.348889,75.085791,1116.45,1026.91,1101.69,1023.3,0.02,-0.02,0.99,0.84,0.84,0.26,1390.32,645.5231757487013,673.1865246536884,0.6648239839870603,515.059180766074,363.8175600554055,42.86067524785197,276.43787782934163,234.31051499943516,74.59827935561565,25.15910850928542,8.675720400398276
48708262,78.778000,99.348052,75.085483,1124.56,1028.26,1098.43,1022.43,0.02,-0.01,0.39,1.0,0.19,0.09,1388.73,645.5347814322539,673.1040715415506,0.7481429236099719,520.8295734946067,360.62345356994325,41.0993213280257,276.43787782934163,234.31051499943516,74.59827935561565,25.15910850928542,8.675720400398276
48708363,78.878000,95.610580,75.915094,1125.06,1025.03,1098.35,1022.43,0.02,-0.01,0.47,0.52,0.17,0.09,1388.9,645.5347814322539,673.1040715415506,0.7481429236099719,520.8295734946067,360.62345356994325,41.0993213280257,276.43787782934163,234.31051499943516,74.59827935561565,25.15910850928542,8.675720400398276
48708463,78.979000,88.366232,77.047094,1121.35,1023.38,1098.43,1022.52,0.02,-0.01,0.64,0.23,0.1,0.1,1389.84,645.5337215695254,673.0984526654373,0.7218701960436458,527.173780187298,357.1845636530378,39.1888143782363,324.2172347376801,182.10895352233487,63.82358276771206,20.538907797004658,8.140272382072077
48708562,79.078000,90.185104,76.200347,1116.7,1023.24,1098.02,1022.75,0.02,-0.01,0.16,0.21,0.02,0.15,1390.75,645.5139672845258,673.0871324800336,0.7315754101959162,522.8971694346875,359.43407534861444,40.258901603625176,324.2172347376801,182.10895352233487,63.82358276771206,20.538907797004658,8.140272382072077
48708662,79.178000,89.943431,74.350201,1115.42,1023.55,1098.09,1022.94,0.02,-0.01,0.55,0.26,0.02,0.19,1390.69,645.5139672845258,673.0871324800336,0.7315754101959162,522.8971694346875,359.43407534861444,40.258901603625176,324.2172347376801,182.10895352233487,63.82358276771206,20.538907797004658,8.140272382072077
48708762,79.278000,92.438837,71.891815,1113.67,1023.4,1098.17,1022.69,0.02,-0.01,0.25,0.24,0.01,0.14,1389.93,645.5139642138815,673.2411536158838,0.7276241383601507,510.5126169456855,366.3536041030553,43.49778125029431,293.539048421693,212.0525025631368,68.97984133056129,20.538907797004658,8.140272382072077
48708862,79.379000,92.829561,70.664710,1113.83,1022.74,1098.31,1022.56,0.02,-0.01,0.28,0.13,0.02,0.11,1390.74,645.5004114724176,673.1963746167622,0.7207184668717771,509.80564197405846,366.74045603614945,43.66841175718512,291.45089242683906,214.95185422655234,69.77843127470942,23.883151263379066,7.428726461134872
48708962,79.479000,94.411341,70.771697,1114.84,1022.14,1098.56,1022.42,0.02,-0.01,0.45,0.02,0.07,0.08,1391.32,645.5069837112811,673.1849062163074,0.686476668720139,514.2024683709546,364.312322849828,42.678573012549634,291.45089242683906,214.95185422655234,69.77843127470942,23.883151263379066,7.428726461134872
48709062,79.578000,93.835764,71.734790,1113.93,1021.24,1098.64,1022.52,0.02,-0.01,0.3,0.13,0.09,0.1,1391.92,645.5069837112811,673.1849062163074,0.686476668720139,514.2024683709546,364.312322849828,42.678573012549634,291.45089242683906,214.95185422655234,69.77843127470942,23.883151263379066,7.428726461134872
48709163,79.678000,90.924790,70.352578,1113.84,1020.98,1098.71,1022.54,0.02,-0.01,0.22,0.17,1.0,0.11,1391.17,645.5929617208697,673.1627991644305,0.7205473625809016,528.7670372099955,356.5018427199339,38.70437294904156,291.45089242683906,214.95185422655234,69.77843127470942,23.883151263379066,7.428726461134872
48709263,79.779000,88.277242,72.293234,1113.43,1021.34,1094.37,1021.66,0.02,-0.01,0.29,0.11,0.25,0.07,1390.66,645.5328782443572,673.0497987093638,0.71676520434925,532.1801998417967,354.73777609651864,37.43169844038184,333.6477103042485,173.84352072766396,62.19285689333463,19.601096736741553,8.459372603211627
48709363,79.879000,88.891982,70.295937,1112.7,1021.78,1094.21,1021.74,0.02,-0.0,0.41,0.04,0.22,0.05,1390.23,645.5392110261239,673.0429855795376,0.7446010022598981,531.1851377856616,355.23110702340216,37.72798424039546,332.6826337337056,174.55286894812403,63.31035882078396,19.789586715579826,8.112165757791026
48709464,79.979000,86.937212,68.713915,1113.99,1022.53,1094.3,1021.86,0.02,-0.0,0.19,0.09,0.23,0.03,1390.85,645.6019850494912,673.1789893037385,0.6830814250363515,526.0940578637021,357.7465679871596,39.08421836673765,332.6826337337056,174.55286894812403,63.31035882078396,19.789586715579826,8.112165757791026
48709563,80.080000,86.560450,69.883001,1113.87,1022.89,1094.17,1021.85,0.02,-0.0,0.84,0.15,0.69,0.03,1391.49,645.6019850494912,673.1789893037385,0.6830814250363515,526.0940578637021,357.7465679871596,39.08421836673765,332.6826337337056,174.55286894812403,63.31035882078396,19.789586715579826,8.112165757791026
48709664,80.179000,86.665537,67.854190,1110.88,1022.46,1091.31,1021.17,0.02,-0.0,0.33,0.08,0.12,0.17,1391.84,645.5143393650337,673.10577908747,0.7571962528218708,516.3229943223836,362.8604730998706,41.59146666501355,305.5673464597744,198.8377549967944,66.36291518365884,22.607663391178534,6.892473738586865
48709763,80.280000,85.199611,66.780252,1110.36,1021.86,1091.39,1021.14,0.02,-0.0,0.29,0.02,0.31,0.17,1392.41,645.5311457299988,673.2014148543808,0.7299904753085452,515.0676561659401,363.6075856333782,42.06269219738455,302.9921608965927,201.09683276759918,66.58518581881735,22.85065984536465,6.836193884783803
48709864,80.379000,85.456955,68.077351,1111.22,1021.24,1091.61,1021.12,0.02,0.0,0.43,0.13,0.35,0.18,1391.78,645.5279267487042,673.0978691359257,0.7948711485357282,517.6739923427102,362.19991707801813,41.36387904901369,308.03605781668017,195.95894132837213,65.01383733906431,22.354466259264107,6.876970679773052
48709963,80.480000,85.388347,66.914858,1110.38,1020.63,1091.72,1021.1,0.02,-0.0,0.5,0.23,0.33,0.18,1392.32,645.5329846182706,673.0934724290312,0.7530909417179756,523.6757350092381,359.0810586186277,39.89765830754525,308.03605781668017,195.95894132837213,65.01383733906431,22.354466259264107,6.876970679773052
48710064,80.579000,84.784206,66.600527,1108.25,1020.01,1091.75,1021.02,0.02,-0.0,0.15,0.34,0.57,0.2,1393.04,645.5329846182706,673.0934724290312,0.7530909417179756,523.6757350092381,359.0810586186277,39.89765830754525,308.03605781668017,195.95894132837213,65.01383733906431,22.354466259264107,6.876970679773052
48710163,80.680000,84.538069,66.181847,1107.73,1022.38,1089.47,1020.53,0.02,-0.0,0.16,0.06,0.17,0.29,1393.29,645.5381808512038,673.0352852459735,0.7302434825753473,529.9291324582907,355.8572068057489,38.16286051513495,308.03605781668017,195.95894132837213,65.01383733906431,22.354466259264107,6.876970679773052
48710264,80.779000,85.894229,62.628826,1107.5,1023.09,1089.44,1020.69,0.02,-0.0,0.12,0.18,0.17,0.26,1393.62,645.5418961265365,673.055056110898,0.7002834226532769,533.5944445796741,354.01779366513705,36.725855960660255,339.8590903410494,166.92677249381117,60.808935288801955,19.33553648465662,7.3284734017631905
48710364,80.881000,84.498955,62.619097,1107.1,1023.43,1089.47,1020.59,0.02,-0.0,0.05,0.24,0.17,0.28,1393.95,645.5457590361301,673.0463606390929,0.7319773498075239,530.6233789700765,355.45149547581207,37.530352955698845,335.32463896366585,170.4278693438698,60.03045487990191,19.892765190387973,6.76204487733748
48710465,80.980000,82.794269,64.372351,1106.87,1023.45,1089.41,1020.56,0.02,-0.0,0.01,0.25,0.16,0.29,1394.18,645.5457590361301,673.0463606390929,0.7319773498075239,530.6233789700765,355.45149547581207,37.530352955698845,335.32463896366585,170.4278693438698,60.03045487990191,19.892765190387973,6.76204487733748
48710565,81.081000,82.673155,64.155786,1106.97,1023.37,1089.44,1020.71,0.02,-0.01,0.37,0.23,0.61,0.26,1394.41,645.5854857389072,673.1785833727592,0.7539621595788886,523.9883861507695,358.7021997962846,39.12062122120348,321.9288464848188,182.04442510628851,62.28680627738667,21.139755799801573,6.557749597654791
48710665,81.180000,82.571162,64.273648,1106.36,1023.01,1087.21,1020.33,0.02,-0.01,0.27,0.17,0.17,0.33,1394.66,645.5854857389072,673.1785833727592,0.7539621595788886,523.9883861507695,358.7021997962846,39.12062122120348,321.9288464848188,182.04442510628851,62.28680627738667,21.139755799801573,6.557749597654791
48710765,81.282000,82.704145,64.171922,1106.8,1022.78,1087.29,1021.51,0.02,-0.01,0.34,0.13,0.18,0.1,1394.78,645.5983139695077,673.1732985355942,0.7268950240302887,523.2375747372424,359.1176374176075,39.4340166674266,320.2161020514153,183.72782233487484,62.692750654435095,21.286625399771477,6.603084778115679
48710878,81.382000,82.942325,64.026714,1106.81,1022.32,1087.5,1021.24,0.02,-0.01,0.34,0.05,0.22,0.15,1394.75,645.55096384055,673.0605485915999,0.7542835778392779,528.1320512313512,356.64059886984734,38.23663015889252,330.43738555333425,174.20544661355987,60.4940299363625,20.35916890256325,6.580446701598639
48710978,81.494000,83.129255,64.321974,1106.7,1022.21,1087.52,1021.22,0.02,-0.01,0.32,0.03,0.23,0.16,1394.79,645.5445939155684,673.0359821015213,0.733053231342225,532.0291844795661,354.7770472881946,37.20783432237993,337.49425739523605,168.31001277024302,59.465000851673416,20.35916890256325,6.580446701598639
48711079,81.594000,81.784481,61.649577,1106.36,1022.37,1087.52,1021.31,0.02,-0.01,0.21,0.06,0.24,0.14,1394.9,645.5565373925408,673.0520358283876,0.6913369934041783,534.0438744396927,353.79975892317435,36.606792389187646,342.22479599356546,164.1890149882961,58.99228406017287,19.253963238062337,6.823790726152907
48711178,81.694000,78.176926,56.050180,1105.9,1022.74,1087.4,1021.12,0.02,-0.01,0.13,0.13,0.22,0.18,1395.07,645.4889846702891,673.012947093256,0.7153293620068703,533.5815151473603,354.01404277778266,36.6367706994848,341.954425188305,164.3263627590982,59.39484848699726,19.331294873180994,6.628820539632002
48711279,81.794000,77.481085,55.933135,1105.6,1022.98,1087.23,1021.38,0.02,-0.01,0.92,0.17,1.0,0.13,1395.17,645.6020768865747,673.1388915206794,0.7201839285584177,531.3070480848193,355.0961876481138,37.27960263315344,337.15198901122784,168.37752594636763,59.38081281349342,19.76691852413133,6.5846965554612495
48711378,81.894000,76.575654,56.326278,1101.4,1022.51,1083.24,1020.67,0.02,-0.01,0.33,0.09,1.0,0.27,1395.26,645.6020768865747,673.1388915206794,0.7201839285584177,531.3070480848193,355.0961876481138,37.27960263315344,337.15198901122784,168.37752594636763,59.38081281349342,19.76691852413133,6.5846965554612495
48711478,81.994000,76.453798,53.667510,1100.42,1022.23,1079.26,1019.53,0.02,-0.01,0.31,0.04,0.19,0.49,1395.33,645.5412691110837,673.065492043543,0.7476715013873213,525.6140456907245,357.9368993089369,38.653163814524255,326.00763948020017,177.77452519679596,61.485886125886594,20.835122433913046,6.260720218055475
48711578,82.094000,75.292709,54.553579,1101.05,1021.98,1080.97,1029.29,0.03,-0.01,0.44,0.0,1.0,1.0,1394.71,645.5871456806677,673.1671777395121,0.7106666121239451,525.1033811300354,358.2317471272109,38.821479331752805,326.1830543835161,177.11691534307823,60.4877752963052,20.935179370779203,5.81211469810399
48711678,82.194000,75.046765,54.291613,1100.0,1021.26,1077.51,1026.96,0.03,-0.01,0.46,0.13,0.19,0.99,1392.92,645.5418380158391,673.046375286215,0.7301432717099212,528.1213842794898,356.69398152170635,38.24701270156725,326.1830543835161,177.11691534307823,60.4877752963052,20.935179370779203,5.81211469810399
48711778,82.294000,74.800018,52.036466,1098.44,1020.42,1077.05,1025.01,0.03,-0.01,0.24,0.27,0.15,0.6,1393.26,645.5418380158391,673.046375286215,0.7301432717099212,528.1213842794898,356.69398152170635,38.24701270156725,326.1830543835161,177.11691534307823,60.4877752963052,20.935179370779203,5.81211469810399
48711878,82.393000,74.261203,53.495243,1098.48,1020.22,1077.07,1023.74,0.03,-0.01,0.29,0.3,0.61,0.35,1393.44,645.5538334407014,673.019453048965,0.6861173324040961,537.8994024931433,352.04437984124996,35.46082992849732,326.1830543835161,177.11691534307823,60.4877752963052,20.935179370779203,5.81211469810399
48711978,82.494000,74.224951,52.025728,1098.75,1020.62,1074.74,1023.19,0.03,-0.01,0.42,0.24,0.15,0.24,1393.95,645.5538334407014,673.019453048965,0.6861173324040961,537.8994024931433,352.04437984124996,35.46082992849732,326.1830543835161,177.11691534307823,60.4877752963052,20.935179370779203,5.81211469810399
48712078,82.594000,74.245294,49.639147,1097.16,1020.68,1074.82,1023.31,0.03,-0.01,0.16,0.22,0.16,0.26,1393.05,645.509041272942,672.9956578692363,0.678791119218672,543.5353818243921,349.35396860539333,33.30339549484993,367.8701506958684,140.99935181593432,52.24803327534071,17.488699556135415,5.157072460049932
48712178,82.694000,75.159052,50.623770,1096.64,1020.75,1074.8,1023.14,0.03,-0.01,0.07,0.21,0.16,0.23,1393.04,645.509041272942,672.9956578692363,0.678791119218672,543.5353818243921,349.35396860539333,33.30339549484993,367.8701506958684,140.99935181593432,52.24803327534071,17.488699556135415,5.157072460049932
48712278,82.794000,72.782720,49.270380,1096.49,1020.94,1074.84,1023.29,0.03,-0.0,0.04,0.18,0.16,0.26,1393.33,645.5565228289815,673.0120082206995,0.6911289179143336,541.6517910548351,350.1976501404962,33.75142463084312,365.05629679699314,142.83947545098496,52.128592221757636,17.84188586280599,4.735428977481469
48712378,82.894000,71.300331,47.560257,1096.53,1021.06,1074.86,1023.11,0.03,-0.0,0.3,0.16,0.72,0.22,1393.84,645.5565228289815,673.0120082206995,0.6911289179143336,541.6517910548351,350.1976501404962,33.75142463084312,365.05629679699314,142.83947545098496,52.128592221757636,17.84188586280599,4.735428977481469
48712478,82.995000,69.336295,48.804553,1096.47,1021.02,1072.33,1022.44,0.03,-0.0,0.54,0.17,0.55,0.09,1394.31,645.5696079189913,673.0183796821858,0.7339987999059848,537.4969942713567,351.92659475542206,34.69434315338591,356.7882675129122,148.7175109684184,53.17506022823379,18.602130087287048,4.441629983408397
48712578,83.094000,68.297263,46.294691,1094.55,1020.52,1070.22,1021.95,0.03,-0.01,0.21,0.25,0.13,0.01,1394.48,645.5088346010256,672.9885871324711,0.6874101510521384,537.312210764401,352.0068739335678,34.886242120715934,355.92473925093185,149.43458920505034,53.644105293098185,18.627949850585157,4.586032519189118
48712678,83.194000,67.717609,46.095411,1094.48,1020.19,1070.4,1021.85,0.03,-0.01,0.71,0.31,0.42,0.03,1393.37,645.5638431185687,673.0175374139544,0.7071612045043837,537.9142795386568,351.7461411407049,34.74356902208408,358.69176890394607,147.0695639678543,52.310508724846756,18.524640905565338,4.15732799445307
48712778,83.294000,67.803629,45.471522,1091.66,1019.94,1069.71,1021.75,0.03,-0.01,0.23,0.35,0.28,0.05,1393.72,645.5597505751871,673.0066534433115,0.7134207318684921,540.2864565865293,350.7657771641869,34.13845281841462,363.2751094452787,143.67511998895102,51.6950156011777,18.09176517175937,4.338733510140031
48712879,83.394000,68.467795,43.881038,1091.32,1021.91,1069.67,1021.67,0.03,-0.01,0.26,0.01,0.44,0.07,1393.79,645.5597505751871,673.0066534433115,0.7134207318684921,540.2864565865293,350.7657771641869,34.13845281841462,363.2751094452787,143.67511998895102,51.6950156011777,18.09176517175937,4.338733510140031
48712979,83.495000,69.131387,43.541814,1091.65,1022.25,1068.94,1021.45,0.03,-0.01,0.31,0.04,0.29,0.11,1394.22,645.5938584977604,672.9832691675314,0.6850700310078724,545.3621123997506,348.59114303242944,32.66689221570657,374.9890272812459,135.29830988667715,49.468008422372954,17.57022416642492,4.276452299466165
48713079,83.595000,69.313259,42.798277,1091.58,1022.17,1068.97,1021.38,0.02,-0.01,0.3,0.03,0.3,0.12,1394.22,645.5938584977604,672.9832691675314,0.6850700310078724,545.3621123997506,348.59114303242944,32.66689221570657,374.9890272812459,135.29830988667715,49.468008422372954,17.170275000520277,4.276452299466165
48713179,83.695000,68.815947,42.270169,1091.59,1022.14,1068.98,1021.29,0.02,-0.01,0.05,0.02,0.84,0.14,1394.46,645.6033618890217,672.9637525973734,0.6841264552393352,548.0828233201078,347.44149734575166,31.650979973464636,381.702761371035,130.38024444727944,48.32875426340483,16.677258305720557,4.116082448543963
48713279,83.795000,67.362793,42.638732,1091.36,1022.35,1065.98,1020.54,0.02,-0.01,0.01,0.06,0.24,0.29,1394.75,645.5805853382766,673.0043899758106,0.6354861285547688,548.044432051791,347.43702471397023,31.640032546197492,381.5121760139411,130.42147300203953,48.41567174824208,16.677597535271094,4.1465275235358305
48713379,83.895000,65.361852,43.030834,1091.25,1022.46,1065.93,1020.64,0.02,-0.0,0.01,0.08,0.23,0.27,1394.79,645.5350407999465,672.9621790112616,0.6882860093359391,547.0390425432222,347.90413036476565,32.047611030704985,379.54798047765604,131.8681011419654,48.8216484862229,16.85735897922018,4.071426691503731
48713480,83.996000,63.612577,41.677847,1091.2,1022.5,1066.09,1020.59,0.02,-0.0,0.01,0.08,0.23,0.27,1393.77,645.5129232972168,672.957491141366,0.677592945728824,545.1885226360974,348.61044859656494,32.59322018253712,376.9629490962642,133.06350662906854,48.52088733370971,17.18746066343364,3.59566055324121
48713580,84.095000,62.286017,40.778450,1091.3,1022.42,1066.11,1020.55,0.02,-0.0,0.97,0.07,0.49,0.29,1394.0,645.5238718297405,672.9674828992191,0.6774366031560988,544.4899344231038,348.8787267177618,32.722360269093095,374.6629290790169,134.77277321482623,48.963418377661,17.31474956253728,3.7916502447841367
48713679,84.196000,61.970028,38.324633,1088.74,1021.98,1064.73,1020.07,0.02,0.0,0.97,0.07,0.49,0.29,1393.95,645.5157354539857,672.9573237137399,0.6613178025132622,544.1204590211221,348.9832088075328,32.71541099782151,374.4939716074158,134.6939630378981,49.110046830999856,17.378731359853784,3.6068724231593663
48713779,84.295000,62.203240,36.943908,1088.74,1021.98,1064.73,1020.07,0.02,-0.0,0.53,0.0,0.21,0.39,1392.81,645.5818368704794,672.9784863256092,0.7073602454666357,545.0798059307449,348.70604291156536,32.612636154004264,375.95609045944354,133.84433335954338,48.70889464857019,17.219820987488497,3.7676400240770533
48713879,84.395000,62.697784,36.110298,1085.97,1021.24,1065.52,1023.29,0.02,-0.0,0.06,0.13,0.37,0.26,1392.58,645.5146570349312,672.955055782157,0.6739084572733912,546.3397493925296,348.1260448549624,32.373905966545806,378.95309258637815,131.7541062301147,48.20022960981845,16.97817431914828,3.7694069704291593
48713979,84.494000,62.953269,35.752053,1085.83,1020.98,1065.62,1023.17,0.02,-0.0,0.04,0.17,0.39,0.23,1393.02,645.5216935758436,672.9515792038421,0.6643895111440351,548.0384882729976,347.50005964623955,31.59753992126447,383.3921199831102,128.71452983653333,47.31861677485739,16.674650490614503,3.613874927223172
48714079,84.594000,62.660527,36.107840,1086.16,1020.85,1065.43,1023.06,0.02,-0.0,0.09,0.2,0.35,0.21,1393.59,645.5338498046704,672.92647248354,0.6437665181784562,550.7775434928898,346.4429429612133,30.94018875148339,388.75224252646854,125.33930896009996,46.3814772488884,16.184474489895923,3.865106407494345
48714179,84.694000,62.086634,36.081562,1086.4,1020.87,1065.41,1022.99,0.01,-0.0,0.25,0.19,1.0,0.2,1394.08,645.5544918187198,672.9521085953186,0.6899004199798875,552.6755600977273,345.6481408849775,30.49390081348427,393.8203582841807,121.9144555954873,45.63236530119224,15.84233256076874,3.69081632698909
48714280,84.795000,61.290973,36.479292,1086.34,1020.84,1062.25,1021.71,0.01,0.0,0.23,0.2,0.9,0.06,1393.23,645.6052337482214,672.9606475406111,0.6915896072571298,553.7986531000128,345.24669125302,29.938323054738998,396.4336872549952,120.06109836405778,45.14010354496906,15.649812981424242,3.6471254992275455
48714379,84.896000,60.692887,36.415193,1086.29,1020.91,1059.4,1020.35,0.02,0.0,0.23,0.18,0.33,0.33,1393.36,645.5353400588451,672.9365545416447,0.6549642123071512,553.349837519821,345.48883290716105,30.000974319949176,396.62342973828294,119.75319058487987,44.86621265396083,15.723365029902084,3.325200889437845
48714479,84.995000,60.451423,36.286842,1086.15,1020.99,1059.68,1021.08,0.02,0.0,0.49,0.17,0.24,0.18,1393.73,645.5443778072124,672.9274658719584,0.6745961445871916,551.7658673742789,345.8375331286213,30.52381159504276,394.4827673150349,120.75773298865569,44.315855393748876,15.997892805767442,2.9496086241631545
48714579,85.095000,60.762449,35.403989,1084.18,1020.76,1059.75,1021.22,0.02,0.0,0.15,0.21,0.25,0.16,1394.21,645.5390357461738,672.9532079045777,0.6629020314584895,550.0187572316744,346.63691715547446,30.714509297891688,391.5807521756484,122.39962215264302,44.576340386285814,16.315966442544,2.611719621787209
48714679,85.195000,61.307842,33.102420,1083.88,1020.78,1059.81,1021.14,0.02,0.0,0.1,0.21,0.27,0.17,1394.45,645.5387593983219,672.9403742925078,0.6668596705273874,549.1108575849742,347.01077640314696,31.253082459891363,389.234080331796,123.85371404924123,44.89753943825457,16.481114883805223,2.6567794118814234
48714779,85.296000,61.180842,29.671456,1084.16,1020.53,1059.91,1021.23,0.02,0.0,0.15,0.25,0.29,0.15,1394.68,645.5387593983219,672.9403742925078,0.6668596705273874,549.1108575849742,347.01077640314696,31.253082459891363,389.234080331796,123.85371404924123,44.89753943825457,16.481114883805223,2.6567794118814234
48714880,85.395000,60.482225,27.587589,1084.33,1020.37,1060.0,1021.18,0.02,0.0,0.18,0.28,0.3,0.16,1394.81,645.6124011057315,672.9470725913011,0.6716706645809216,551.1525961490865,346.28115249848963,30.624285711362308,393.246110639283,121.33216784873231,44.3643465793904,16.12793022371333,2.8116804924001144
48714981,85.496000,60.579318,27.667095,1084.57,1020.42,1060.07,1021.24,0.02,-0.0,0.22,0.27,0.32,0.15,1395.02,645.5510220043731,672.9445967006785,0.6638470410683517,553.457703466203,345.47095691541534,30.020938239259188,397.73337325163203,118.71560150612981,43.73025366489344,15.707236519893089,3.0648753501322012
48715080,85.597000,58.293778,28.250952,1084.62,1020.29,1059.99,1021.14,0.02,-0.0,0.36,0.29,1.0,0.17,1395.0,645.6100921136359,672.937690724345,0.6882229842851598,554.8228720324512,344.84681421691624,29.744571367242017,401.4611033171074,116.54233135457996,43.216146819389714,15.46749229756234,2.9559415325010754
48715180,85.696000,51.883397,30.266397,1084.07,1020.22,1056.74,1020.01,0.02,-0.0,0.25,0.3,1.0,0.4,1394.71,645.5294865686145,672.9132149977971,0.652143046855065,555.3278628042948,344.5858933824979,29.345205920999145,402.78152806145516,115.66205184003334,42.857454364810536,15.361910026597414,2.9541929822201496
48715280,85.796000,50.993960,30.058915,1083.93,1020.68,1055.15,1022.41,0.02,-0.0,0.62,0.22,0.98,0.08,1394.53,645.6143700986296,672.9719222525764,0.7289616347050815,554.3678444849705,344.97626981646215,29.553217248051777,401.59840968137695,116.1797251715274,42.925757184478044,15.546264815781814,2.6388501468862913
48715380,85.897000,51.658330,28.842658,1081.36,1020.37,1052.62,1020.99,0.02,-0.0,1.0,0.28,0.07,0.2,1393.42,645.5409375974695,672.9233894088095,0.6491618342852269,552.6574280722724,345.67559216153205,30.337329655038342,399.55004229598967,116.98405562034111,42.501070358480526,15.845657039510662,2.1107179646984378
48715480,85.996000,53.493807,27.810816,1077.29,1019.61,1052.77,1020.9,0.02,-0.0,0.73,0.41,0.14,0.22,1393.51,645.5260790094854,672.9364188186495,0.6867290146914088,551.349010636482,346.16290736461383,30.188689447293655,397.92659907716705,117.59271772818059,42.19326438337742,16.07713401921516,1.7162982553038688
48715580,86.096000,55.640935,27.393836,1074.59,1023.2,1052.72,1020.94,0.02,-0.0,0.27,0.2,0.13,0.21,1393.47,645.5390833752273,672.939494726511,0.6552993376523549,551.6940068473504,345.9725633182692,30.196400718857976,398.6845542098917,117.17951559162937,41.923037420298016,16.014380371026782,1.744575280681758
48715680,86.195000,57.370798,26.920240,1074.83,1023.71,1052.68,1020.84,0.02,-0.0,0.11,0.29,0.57,0.23,1392.71,645.5455649149297,672.9528098376492,0.6980548698419926,554.5367846418308,344.9940665532456,29.539098068901822,404.0431773611651,114.26635772219886,41.2070292840415,15.509371671299915,2.0959112804716575
48715780,86.296000,57.934589,27.414303,1075.56,1023.19,1051.31,1020.03,0.02,-0.0,0.35,0.2,0.38,0.39,1392.8,645.5397377576821,672.894457309074,0.6484780316648444,559.565711754533,343.3028810586554,28.503678862013604,404.0431773611651,114.26635772219886,41.2070292840415,15.509371671299915,2.0959112804716575
48715880,86.396000,56.683510,28.729665,1077.06,1022.99,1052.04,1023.05,0.02,-0.0,0.1,0.17,0.53,0.21,1392.79,645.5718525297627,672.9406417571548,0.6738009164602424,565.2121907891716,341.31260444332736,27.05539300016274,404.0431773611651,114.26635772219886,41.2070292840415,15.509371671299915,2.0959112804716575
48715981,86.499000,54.802805,29.605932,1077.29,1023.0,1050.94,1022.57,0.02,-0.01,0.06,0.17,0.31,0.11,1393.37,645.5901194910807,672.9047469403754,0.6829451736487804,569.6479524889719,339.7916166665345,25.55238943239808,439.0571428561382,95.40175208092941,35.50358742036585,12.842635863736646,2.4327449229521854
48716081,86.597000,54.248411,29.451647,1076.93,1023.09,1051.02,1022.39,0.02,-0.01,0.3,0.19,0.06,0.08,1393.75,645.5901194910807,672.9047469403754,0.6829451736487804,569.6479524889719,339.7916166665345,25.55238943239808,439.0571428561382,95.40175208092941,35.50358742036585,12.842635863736646,2.4327449229521854
48716182,86.697000,52.024425,27.771773,1076.7,1023.4,1050.89,1022.5,0.02,-0.01,0.02,0.24,0.14,0.1,1393.03,645.5817708725547,672.9097197435683,0.6716108804219743,571.0789705982709,339.47014101260726,24.901014557604853,444.0983695616169,92.68082349677849,34.38694954657416,12.595126893369827,2.0369427566197515
48716281,86.798000,51.595790,24.756850,1076.12,1023.82,1050.7,1022.65,0.03,-0.01,0.12,0.31,0.18,0.13,1393.29,645.5797643621387,672.9146533382194,0.6701515053454025,569.2715754629362,339.93665782018587,25.531810828885256,441.1068549449702,94.00502031493178,34.51477026546365,12.907528275665433,1.7107486961267142
48716381,86.897000,50.953524,22.558317,1075.9,1023.91,1050.82,1022.39,0.03,-0.01,0.15,0.33,0.16,0.08,1393.74,645.5770872833536,672.9167796263256,0.6595835481688833,565.0644871554773,341.2955464774717,26.871651775354678,432.0495444539236,98.44653050165412,35.919809326803566,13.646505855669437,1.4176952099344078
48716482,86.997000,50.328299,22.088301,1075.87,1023.94,1050.81,1022.44,0.03,-0.01,0.39,0.33,0.81,0.09,1393.35,645.5589840504884,672.9336820181545,0.6968858245709748,560.4524631050967,342.81140965066066,27.894988823863123,421.3038491289058,103.7877682992414,37.49101016120884,14.456246438937185,1.2935109406070708
48716581,87.098000,49.189796,20.595809,1075.74,1023.57,1049.8,1021.95,0.03,-0.01,0.37,0.27,0.61,0.01,1392.55,645.549489581355,672.9121330498551,0.6440363675773284,556.9685789774115,343.939616221924,28.496510102091904,412.58508664169267,108.27440190433457,38.848871584533526,15.070337305682774,1.3536095304923563
48716682,87.197000,49.157898,20.519901,1075.46,1023.05,1048.01,1021.12,0.03,-0.01,0.53,0.18,0.79,0.18,1392.55,645.5723847267785,672.9207739690471,0.7032538563997033,559.6045654900087,343.1217711371951,27.927665143661358,417.86150672366773,105.64673671130352,38.220558436189734,14.610023509782106,1.611900337315955
48716782,87.297000,45.481271,18.346466,1073.9,1022.3,1046.04,1020.29,0.03,-0.01,0.27,0.05,0.39,0.34,1393.12,645.5810019292678,672.9222627108202,0.6758852472158147,563.6580531957527,341.7731817214978,26.934457239098407,417.86150672366773,105.64673671130352,38.220558436189734,14.610023509782106,1.611900337315955
48716882,87.397000,34.711454,13.148648,1073.58,1022.12,1046.11,1021.49,0.03,-0.01,0.41,0.02,0.72,0.1,1393.37,645.5904159417578,672.9056201093738,0.6711121780779044,567.9593602766912,340.4199737587438,25.869873272382094,437.9889953661862,95.43826958484291,34.602461532646025,13.142368530044017,1.662595226791293
48716981,87.498000,34.978067,12.798569,1072.58,1021.97,1044.55,1020.83,0.03,-0.01,0.87,0.0,0.84,0.23,1393.68,645.5838432641192,672.9117235613463,0.6644218047740877,570.731922718924,339.55582063608017,25.12469393712491,445.25724137077043,91.80717685669248,33.15959002200728,12.655325397076195,1.5497213804959493
48717082,87.597000,33.151560,11.557029,1069.21,1021.2,1042.48,1020.0,0.03,-0.01,1.0,0.14,1.0,0.4,1392.91,645.5959730885401,672.9156998851838,0.6705296128133343,571.0337071203634,339.45834226046605,24.793767903927844,447.6007085487733,90.60403255220787,32.6421135695296,12.604208213716875,1.1732280579598715
48717182,87.698000,32.334792,10.315455,1065.17,1020.42,1041.33,1022.34,0.03,-0.01,1.0,0.27,1.0,0.07,1393.15,645.5757669506754,672.9032492899413,0.6743462628100471,569.5411955439146,339.8645108820635,25.230420260150115,444.8218600023434,91.79486403589014,32.86952717921454,12.860519948016519,0.9703511271967571
48717282,87.798000,32.161131,9.786112,1061.37,1019.48,1039.33,1021.23,0.03,-0.01,0.79,0.43,0.84,0.15,1393.07,645.5878752959421,672.9173267810563,0.701460036943106,567.0367543124191,340.8037214221912,25.915954981131666,440.42105475438467,93.67663156658152,32.644579046162235,13.306991427897522,0.5143745794299832
48717381,87.898000,32.654732,9.273623,1059.41,1023.18,1037.29,1020.33,0.03,-0.01,0.46,0.2,0.43,0.33,1392.11,645.5923473340574,672.9201427100203,0.6937697747206816,565.6942146566014,341.1698485053248,26.026408049602207,438.64204301144474,94.27285083786491,32.61279540623789,13.541132557603595,0.14789757979784923
48717481,87.997000,33.784049,8.022723,1058.64,1023.02,1037.58,1021.43,0.03,-0.01,0.33,0.17,0.49,0.11,1392.09,645.588699503234,672.9320598982374,0.6668090405908723,567.4553234935855,340.6306655499542,25.71880129938294,442.0402480092206,92.74900349481322,31.844689765259346,13.231503285798663,0.3740030349641472
48717581,88.097000,34.103551,7.704377,1058.83,1022.41,1036.72,1020.76,0.03,-0.01,0.36,0.07,0.32,0.25,1392.56,645.5827242077816,672.8897068436102,0.6791018507603878,571.9625979313747,339.34558118363816,24.748618345432877,442.0402480092206,92.74900349481322,31.844689765259346,13.231503285798663,0.3740030349641472
48717682,88.197000,34.217061,7.047184,1059.03,1021.96,1036.96,1020.7,0.03,-0.01,0.39,0.01,0.36,0.26,1393.19,645.5825802134452,672.8951604142296,0.695376583107527,578.2581186762505,337.61894752168183,23.099106040365736,442.0402480092206,92.74900349481322,31.844689765259346,13.231503285798663,0.3740030349641472
48717781,88.298000,33.947837,5.599600,1058.81,1021.48,1037.01,1020.72,0.03,-0.01,0.36,0.09,0.37,0.26,1392.48,645.6072095101744,672.887968178718,0.685843098761137,584.6387510912544,335.9267580314909,21.27631041642099,442.0402480092206,92.74900349481322,31.844689765259346,13.231503285798663,0.3740030349641472
48717881,88.397000,33.027391,6.174096,1058.39,1021.41,1037.0,1020.65,0.03,-0.01,0.28,0.1,0.37,0.27,1392.98,645.648181049579,672.8686242455707,0.6570849433974361,588.8749690966544,334.86816915487316,19.604477753704625,494.13883900214745,71.40907706019289,23.538096966872693,9.534844617653219,0.7081716928984321
48717982,88.497000,33.008885,4.643350,1058.17,1021.45,1036.89,1020.55,0.03,-0.01,0.38,0.09,1.0,0.29,1393.33,645.5983675492226,672.9114806213865,0.7034977014618933,590.1901309419798,334.62454387417,18.83727006697732,498.7041108048341,69.34953580841493,22.374417281430713,9.301917704712668,0.4240637233568201
48718082,88.598000,29.841702,6.041432,1057.56,1021.51,1034.72,1019.87,0.03,-0.01,0.43,0.08,1.0,0.43,1393.97,645.6019334785793,672.9001697622032,0.6812278260671982,588.5266815986616,334.9126879406484,19.500774465890757,495.83083973001436,70.46031320732315,22.803786177636646,9.584993497824634,0.1465964116805729
48718183,88.698000,27.688804,5.746624,1056.33,1021.25,1034.36,1023.37,0.03,-0.01,0.76,0.13,1.0,0.27,1394.01,645.6088544291633,672.8881983992884,0.6529320301037352,584.7707845146897,335.8771879141049,20.52834467237526,487.3278635640642,73.25688927666101,23.814359265615494,10.23296856567144,-0.10901409084625158
48718282,88.799000,26.408106,3.118193,1053.79,1020.42,1032.7,1022.43,0.03,-0.01,0.33,0.27,0.93,0.09,1393.84,645.5988154029529,672.8747351679089,0.666136696108922,580.1249234391846,336.87865551250445,21.50609947221849,477.9379070839659,76.5671722243142,24.97930792160175,11.026759842990746,-0.6206975311641862
48718382,88.898000,25.481462,3.255264,1053.36,1020.1,1031.2,1021.63,0.03,-0.01,0.84,0.32,1.0,0.07,1394.08,645.5922955235785,672.893564457173,0.68244803284818,576.9508744150733,337.71099356820577,22.097485219587117,471.81701336657244,78.50785085031046,25.238126434395124,11.573477570954042,-1.0692781573173988
48718482,88.998000,25.459883,2.157217,1051.64,1019.65,1029.65,1020.96,0.03,-0.01,0.71,0.4,0.88,0.21,1393.19,645.5859651329122,672.8773127643177,0.7032107645114378,577.4032566584143,337.64590290565343,22.187511404776323,471.9137415958825,78.56465004840685,25.187270153801602,11.49657103380136,-0.8385768744703945
48718583,89.098000,26.356456,-0.821509,1050.71,1021.5,1028.26,1020.21,0.03,-0.01,0.55,0.08,0.82,0.36,1393.11,645.5997228659812,672.887884553806,0.6818194605352892,577.4032566584143,337.64590290565343,22.187511404776323,471.9137415958825,78.56465004840685,25.187270153801602,11.49657103380136,-0.8385768744703945
48718683,89.199000,26.677764,-0.273556,1049.58,1020.94,1027.87,1021.42,0.03,-0.01,0.36,0.18,0.74,0.12,1393.48,645.6033121289919,672.8751246259715,0.6743117180495134,586.3040879428854,335.5062338707288,20.222510651840743,480.1269528370772,75.56347427452951,23.675789058411933,10.915715583286074,-0.7600941967843475
48718782,89.299000,27.045091,-1.592642,1049.22,1020.46,1026.94,1020.79,0.03,-0.01,0.09,0.26,0.99,0.3,1393.74,645.1933687155652,672.7893204825824,0.4745664932796174,592.1669203994105,333.9631101384557,18.508939681251913,480.1269528370772,75.56347427452951,23.675789058411933,10.915715583286074,-0.7600941967843475
48718882,89.398000,26.290829,-2.516547,1049.43,1020.42,1025.75,1020.41,0.03,-0.01,0.13,0.27,0.75,0.37,1394.14,645.0512877791408,672.7389291165066,0.6774874557393952,596.1758049248593,331.93393457327085,17.2181077475619,519.1858200679258,60.611074863263966,16.209563860201314,8.16124799696553,-0.48079030112220167
48718983,89.499000,26.397406,-1.451960,1049.32,1020.53,1025.4,1021.95,0.03,-0.01,0.17,0.25,0.68,0.51,1394.35,645.0443320280898,673.8972826624654,0.8851950689830737,598.5459120856227,331.28477478979903,16.215908255579933,525.6451259318607,57.43448826880799,16.135235509433866,7.728802543357086,-0.5507942271631681
48719082,89.599000,24.210000,-3.186544,1049.12,1020.68,1026.9,1028.31,0.03,-0.01,0.12,0.22,0.98,0.97,1394.02,644.9755997050015,673.8860362241439,0.7815447426837053,597.9638783535153,331.3982891637737,16.362342463863367,525.7720556132101,57.34988471668006,16.01414654048941,7.815884534075653,-0.8737727957538475
48719182,89.698000,22.457257,-2.677007,1048.71,1020.85,1025.93,1026.79,0.03,-0.01,0.05,0.2,0.79,0.67,1393.7,644.9126561333578,674.8066302817609,1.1178107049640345,597.9638783535153,331.3982891637737,16.362342463863367,525.7720556132101,57.34988471668006,16.01414654048941,7.815884534075653,-0.8737727957538475
48719282,89.799000,21.691135,-4.921507,1048.58,1020.93,1024.54,1025.21,0.03,-0.01,0.7,0.18,0.51,0.11,1393.9,644.8595007444783,674.6875114569735,1.2031818928981561,597.9638783535153,331.3982891637737,16.362342463863367,525.7720556132101,57.34988471668006,16.01414654048941,7.815884534075653,-0.8737727957538475
48719382,89.898000,21.097051,-5.807966,1046.78,1020.1,1023.82,1025.16,0.03,-0.01,0.39,0.32,0.36,0.1,1394.26,644.8595007444783,674.6875114569735,1.2031818928981561,597.9638783535153,331.3982891637737,16.362342463863367,525.7720556132101,57.34988471668006,16.01414654048941,7.815884534075653,-0.8737727957538475
48719483,89.998000,20.401375,-6.781077,1046.27,1020.59,1024.01,1025.0,0.02,-0.01,0.31,0.24,0.4,0.07,1394.59,644.9783311938086,673.7601864494753,0.748628743548124,584.8356147494723,334.1306123899812,19.78824663160827,498.68300751561014,64.98714269813878,18.489682165925636,10.04202026126346,-2.33421366281393
48719582,90.099000,17.966965,-6.907295,1046.56,1020.52,1024.05,1025.06,0.02,-0.01,0.71,0.25,0.41,0.74,1394.79,645.0685242326023,673.3942088944966,0.6904691456461167,586.5823707673884,333.79305607255884,19.349694904710198,501.2968304677472,64.61092446392682,18.446754028441344,9.771630729402258,-1.963388277937426
48719682,90.198000,17.021395,-7.789750,1045.05,1019.56,1027.38,1035.22,0.02,-0.01,0.86,0.41,1.0,1.0,1393.0,645.0685242326023,673.3942088944966,0.6904691456461167,586.5823707673884,333.79305607255884,19.349694904710198,501.2968304677472,64.61092446392682,18.446754028441344,9.771630729402258,-1.963388277937426
48719782,90.299000,16.928657,-8.051990,1043.91,1022.09,1026.33,1032.47,0.02,-0.01,0.83,0.02,0.87,0.54,1392.26,644.9567646818588,672.9991762116001,0.5640451732177457,590.7243833928476,332.99405698965984,18.53631646747548,510.2397512794502,62.285155311254414,16.316977133132806,9.062599079073749,-1.5674253001371348
48719882,90.398000,16.993391,-13.280052,1042.18,1021.54,1024.69,1030.55,0.02,-0.01,0.54,0.08,0.54,0.15,1392.32,644.9841822335674,672.3766888874202,0.6458836969228217,598.8608167461728,331.5168888094468,16.244722028724166,533.8415172494723,56.976293057190105,11.841207575232144,7.7061592242796735,-2.0884735311041904
48719982,90.499000,15.377717,-13.819963,1040.55,1020.67,1023.96,1030.35,0.02,-0.0,0.26,0.23,0.39,0.99,1391.75,645.0081419586685,672.1891876865285,0.5886172390310146,601.8459535597984,331.06659617723886,15.358346416911036,540.1313867688212,55.6011931753867,11.971863319869618,7.211305142227909,-1.7947301476971678
48720082,90.598000,14.988957,-13.936605,1040.15,1020.58,1027.75,1041.91,0.02,-0.0,0.47,0.24,1.0,1.0,1390.39,645.1269092828251,672.44983755563,0.5457469160125762,602.5149246674205,331.3502776079752,14.918425085708027,543.7997321625427,55.13161135028756,11.279674179954705,7.120805429512843,-2.2409951234554537
48720183,90.698000,13.193692,-11.460659,1039.19,1020.21,1026.59,1038.52,0.02,-0.0,0.31,0.3,0.92,0.54,1390.32,645.1838613146936,672.7390487147924,0.515707350438157,602.540876609378,331.7307699680802,14.945991303671132,543.5027137523266,55.65512393388788,11.52779827647764,7.127820412348562,-2.1848763247102507
48720283,90.798000,12.079480,-12.404180,1039.07,1020.58,1024.75,1036.42,0.02,-0.0,0.29,0.24,0.55,0.12,1391.08,645.2280969155507,672.9044283959159,0.611681705227937,600.7816928787515,332.28324913936774,15.441615738657028,543.5954715539968,55.98371779991832,10.301637309700562,7.434311403243934,-3.1751172779287486
48720384,90.899000,11.140988,-12.419734,1039.16,1020.68,1023.93,1036.33,0.02,-0.0,0.3,0.22,0.39,0.1,1391.99,645.5865713276999,672.8845803195247,0.6781907120101153,600.466681904928,332.68152449145526,15.616548457142937,541.1610104476148,56.853572585823365,10.734573116887637,7.554840054370429,-2.975271452173816
48720483,90.999000,10.646010,-12.185869,1039.26,1020.47,1024.05,1036.14,0.02,-0.0,1.0,0.26,0.41,0.34,1392.76,645.5865713276999,672.8845803195247,0.6781907120101153,600.466681904928,332.68152449145526,15.616548457142937,541.1610104476148,56.853572585823365,10.734573116887637,7.554840054370429,-2.975271452173816
48720583,91.099000,10.814713,-13.097605,1037.35,1019.7,1023.79,1035.95,0.02,-0.0,0.8,0.39,0.36,0.35,1393.39,645.6106593225328,672.8697490938177,0.7129540580725461,600.0119556004781,332.77766785596054,15.602015088428354,540.252921420725,57.00265321389324,10.716565100411582,7.6365333992541595,-3.0464000158626394
48720684,91.199000,11.485596,-13.579021,1036.24,1021.54,1023.67,1035.7,0.02,-0.0,0.58,0.08,0.33,0.12,1393.73,645.6249365223703,672.8705785998611,0.7006908731855964,600.9538197907013,332.64027760785297,15.595638871021107,542.188939277138,56.66382631908059,10.550145381749727,7.479960851776302,-2.9392104734078206
48720783,91.300000,12.254303,-13.984032,1035.21,1021.23,1023.86,1035.76,0.02,-0.0,0.41,0.13,0.37,0.13,1393.96,645.6158353320199,672.872791781599,0.6529201181842959,601.9033061663309,332.4423058489787,15.184446056982342,545.2140767121763,56.02430669052177,9.900302331196889,7.316951800350311,-3.0440949547392187
48720884,91.399000,12.860842,-17.229795,1034.66,1020.8,1023.91,1035.74,0.02,-0.0,0.07,0.2,0.38,0.05,1394.24,645.6725914045725,672.8375742892977,0.653596642245097,603.7555810638702,332.1696379625371,14.820525900741266,548.2347863445214,55.3615874702516,9.642633291461333,7.01462112944772,-2.687631357520628
48720984,91.501000,12.057228,-18.682676,1034.7,1020.66,1023.94,1035.78,0.02,-0.0,0.03,0.23,0.39,0.69,1393.43,645.6230727978723,672.8622728212283,0.6943509109632947,605.5756471850273,331.8751118691559,14.323829698845211,552.9786440870813,54.46473469788801,9.0989836574831,6.6984487134410715,-2.661052627488667
48721084,91.599000,12.118274,-18.572671,1034.81,1020.69,1026.92,1045.27,0.02,-0.0,0.13,0.22,0.98,0.92,1391.93,645.6232591489529,672.8616120581445,0.6973541577020917,607.4396954729108,331.5928696645222,13.485120815530507,557.7729359758407,53.47070739673623,8.180890449421696,6.384105646227989,-2.643122849718779
48721185,91.699000,11.540331,-18.502358,1034.87,1020.65,1025.9,1042.06,0.02,-0.01,0.13,0.23,0.78,0.3,1391.28,645.6182897481634,672.8460443942932,0.7158506524976622,609.0692165620437,331.42307695399796,13.207279343117149,561.4379252763316,52.79828986671082,8.064451303067589,6.1102011868753685,-2.5193865464119725
48721285,91.800000,2.873514,-17.673207,1034.73,1020.65,1024.72,1041.52,0.02,-0.01,0.2,0.23,0.54,0.2,1392.05,645.6759212172047,672.8529047011787,0.6258550365508816,608.8150701124795,331.4180809844506,13.23236873558596,565.0095171372977,52.04749550011495,6.540177464905968,6.1617119730323004,-3.4119566419650393
48721384,91.901000,-1.123539,-20.654534,1034.73,1020.6,1024.02,1041.35,0.02,-0.01,0.2,0.24,0.4,0.17,1392.68,645.6258245750872,672.8481595109567,0.7118737034090342,609.0019664363606,331.37224212187056,13.208470912891716,564.7787457245499,52.20477877523437,6.538581695130114,6.121666547587382,-3.241843843825455
48721484,92.000000,-1.084645,-24.716667,1034.67,1020.84,1023.93,1041.24,0.02,-0.01,0.19,0.2,0.39,0.15,1393.3,645.6258245750872,672.8481595109567,0.7118737034090342,609.0019664363606,331.37224212187056,13.208470912891716,564.7787457245499,52.20477877523437,6.538581695130114,6.121666547587382,-3.241843843825455
48721585,92.100000,-1.211781,-24.441846,1034.75,1020.77,1023.96,1041.29,0.02,-0.01,0.21,0.21,0.39,0.16,1393.91,645.6345180283157,672.8525583480031,0.722807896880245,607.73923409747,331.5776531464256,13.495786704362327,563.7068584021442,52.38071041834879,6.576812585973054,6.33618668062312,-3.7100289924432435
48721684,92.200000,0.561263,-25.932331,1034.73,1020.76,1023.73,1041.29,0.02,-0.01,1.0,0.42,0.35,1.0,1394.26,645.607955168108,672.8555848891942,0.6809869281805827,606.8880428015822,331.693743065649,13.701399554771704,560.807961915326,52.78538242097247,6.978674267807523,6.475035687873357,-3.5686473766437476
48721784,92.299000,0.546939,-26.045952,1034.08,1023.45,1027.69,1052.43,0.02,-0.01,1.0,0.25,1.0,0.9,1392.33,645.6258142272228,672.8587228881127,0.7180587230589042,606.0773812284149,331.73082396006816,13.975408095373604,558.957364237428,53.113865401720126,7.0403975573893804,6.613024980367361,-3.6269524589547366
48721885,92.402000,1.166469,-26.949133,1032.41,1023.04,1026.22,1048.23,0.02,-0.01,1.0,0.18,0.84,0.04,1391.57,645.6271762418064,672.8531415108478,0.7191547615980101,605.4765064981268,331.8593261010856,13.909031403154362,558.2027028804858,53.28351941572839,7.1134644430415594,6.613024980367361,-3.6269524589547366
48721985,92.501000,1.061378,-26.353570,1030.54,1021.95,1025.03,1047.77,0.02,-0.01,1.0,0.01,0.61,0.06,1392.14,645.6427182817945,672.836731705593,0.6869676347921825,606.2589376888778,331.72514315867096,13.78076807823796,562.2727476004286,52.62106622614391,5.344485880624017,6.5860473951418115,-4.216068007784912
48722084,92.601000,0.392014,-25.867382,1028.94,1020.94,1024.2,1047.43,0.02,-0.01,1.0,0.18,0.44,0.12,1390.5,645.6442603273448,672.8477168050471,0.695517737343273,608.4456309421813,331.48401234867185,13.406266010558133,567.3571717028575,51.65002763458234,4.641458846844056,6.21902044116528,-4.084901031969771
48722184,92.700000,-0.506115,-27.920591,1027.4,1020.14,1023.61,1047.26,0.02,-0.01,0.85,0.32,0.32,0.12,1391.15,645.6312821631647,672.8413531492511,0.7023283002105828,610.9284421891347,331.1738191527749,12.446739512732979,574.2815436822931,50.70645653468109,2.9438966643237823,5.799587944394275,-4.154872677275531
48722285,92.800000,-2.448327,-28.386528,1026.51,1019.93,1024.15,1047.34,0.02,-0.01,0.77,0.44,0.43,0.52,1391.85,645.6953179507099,672.8372379268769,0.6300159344912387,614.3738865875719,330.75188433974756,11.681829166747034,581.582076198462,49.495892451862595,2.3943801006285,5.231431394229797,-3.8127364406448248
48722385,92.901000,-2.368975,-28.597764,1026.65,1023.33,1026.39,1054.08,0.02,-0.01,0.79,0.19,0.88,0.74,1391.83,645.6382906534593,672.8500508393294,0.6909717377197775,616.7623572332561,330.4625155965206,10.885579993604766,589.2359429740378,48.493602118041295,1.232553591636996,4.820745512639028,-4.06582071244118
48722486,93.001000,-8.484327,-27.652980,1025.94,1023.46,1025.12,1051.06,0.02,-0.01,0.67,0.15,0.62,0.09,1391.7,645.6405066538723,672.8454831180603,0.6819076987392954,618.9164268658459,330.2582100290973,10.10988956518702,594.6170520900605,47.78101259288608,0.6287635378585354,4.460418230000045,-4.004217899773895
48722585,93.101000,-10.894094,-27.737396,1024.79,1022.57,1023.99,1050.84,0.02,-0.01,0.67,0.15,0.62,0.09,1392.41,645.6542622192655,672.8345601781712,0.6982574851597457,619.8950398702528,330.126032583626,9.739366798393366,599.3145176875073,47.312877827585744,-0.5626225056987693,4.298476977149319,-4.4348343553245915
48722685,93.201000,-12.115698,-29.204070,1027.78,1034.14,1024.02,1050.82,0.02,-0.01,0.98,0.62,0.4,0.23,1391.96,645.6600687185859,672.8363850873346,0.6678642725618367,620.7789662407221,330.0285327118929,9.388841937353233,602.7909066152725,46.9583405837939,-0.9479477139788064,4.151266543136518,-4.666488062137308
48722785,93.301000,-10.734235,-32.753982,1027.79,1033.67,1023.85,1050.61,0.02,-0.01,0.98,0.62,0.4,0.23,1391.92,645.6384286335832,672.8551816771154,0.6975934036294046,621.5745715138023,329.9252871851209,9.016735109456356,605.0819395519899,46.71912078397799,-1.5173388593108634,4.013943160571155,-4.695006418940699
48722885,93.400000,-9.021865,-36.610010,1027.79,1033.67,1023.85,1050.61,0.01,-0.01,0.98,0.54,0.37,0.19,1392.53,645.6470802278784,672.8322480466843,0.6870406609342176,621.5745715138023,329.9252871851209,9.016735109456356,605.0819395519899,46.71912078397799,-1.5173388593108634,4.013943160571155,-4.695006418940699
48722985,93.500000,-8.113169,-36.132604,1025.55,1031.16,1023.95,1050.63,0.01,-0.01,0.6,0.11,0.39,0.19,1393.22,645.6450682489087,672.833559912133,0.6515313379303624,624.6472387762977,329.5582330718397,8.172244267256783,612.3631321644643,46.20061531588654,-2.9258712059903287,3.5003676688517973,-4.518405610740345
48723086,93.600000,-8.244701,-34.538186,1024.58,1030.28,1024.03,1050.65,0.02,-0.01,0.44,0.04,0.41,0.2,1392.58,645.6595268395113,672.8372050485293,0.6670451084426381,627.9348623381009,329.40118647028277,7.300243089413895,619.5870237106833,45.61235146325484,-4.320903404955102,2.954402539565897,-4.22389721651099
48723186,93.701000,-8.067813,-34.718876,1024.32,1029.92,1023.96,1050.62,0.02,-0.01,0.4,0.1,0.39,0.19,1392.99,645.6573414448192,672.821127164189,0.6552706752435192,631.2498851007778,329.1275604076683,6.53195522369651,628.1683475350635,45.27690772642981,-4.888033910075006,2.400404034996336,-4.178818444422839
48723285,93.801000,-8.801471,-35.732105,1024.15,1029.68,1023.81,1050.57,0.01,-0.01,0.37,0.14,0.36,0.18,1393.57,645.6573414448192,672.821127164189,0.6552706752435192,631.2498851007778,329.1275604076683,6.53195522369651,628.1683475350635,45.27690772642981,-4.888033910075006,2.400404034996336,-4.178818444422839
48723385,93.901000,-10.563120,-34.479959,1024.1,1029.66,1023.97,1050.52,0.01,-0.01,0.36,0.14,0.39,0.17,1394.13,645.6813640392851,672.8313017252638,0.6817478462044921,635.3037106644045,328.9940951499695,4.922129939935421,639.3500690336048,44.95426987261978,-5.963809701381611,1.7287695418024913,-4.2737048286385555
48723486,94.000000,-12.865872,-34.213531,1023.91,1029.5,1023.77,1050.33,0.01,-0.02,0.32,0.17,0.35,0.14,1394.39,645.6600933678575,672.8391764851033,0.6745071883358776,635.1682184397674,329.01932700360544,4.8874790864353175,640.137739661328,44.84760867677885,-6.0226930668430185,1.7478736703725346,-4.497618932527728
48723586,94.101000,-14.770852,-36.988733,1023.79,1029.68,1023.84,1050.53,0.01,-0.02,0.3,0.49,0.37,1.0,1392.44,645.6596477116469,672.8266433492557,0.6549661707984247,633.9088628662762,329.0833081007467,5.275613846868942,637.5741043448515,44.965550362828544,-5.9246378554781955,1.9578802888630094,-4.6548598188875605
48723686,94.202000,-17.849097,-35.719120,1025.45,1035.13,1027.37,1061.62,0.01,-0.02,0.59,0.44,1.0,1.0,1391.49,645.6730892758453,672.8491328217949,0.6787721362026294,632.0518363278586,329.1644223483705,5.696755718545766,633.1611305032013,45.070101014993604,-5.522301150470268,2.2696152454558782,-4.762950384994331
48723786,94.303000,-17.955236,-35.709192,1025.36,1035.01,1025.87,1056.94,0.01,-0.02,0.57,0.42,0.77,0.09,1392.19,645.655170844854,672.8275437148238,0.6745155221194615,629.9036153255597,329.22396250852637,6.360295245678536,629.621783445881,45.14965691010976,-5.276238417284194,2.6247288869634824,-5.192614294521573
48723887,94.402000,-18.113121,-37.423582,1023.97,1033.49,1024.68,1056.36,0.01,-0.02,0.34,1.0,0.54,0.27,1389.75,645.6493943315519,672.8340979430794,0.6886521726540864,629.3509586177488,329.1562348876082,6.3016017567382265,630.56677712095,45.37132651630709,-6.36994274730662,2.7151369386441484,-5.6757444453905075
48723986,94.503000,-17.472823,-37.652101,1027.03,1043.29,1024.02,1056.33,0.01,-0.02,0.86,0.59,0.4,0.28,1389.74,645.6803953081984,672.8368241695449,0.6906801435365284,631.2061491245427,329.1872944147022,5.9265442890269195,633.9019561051058,45.15355261667372,-7.495297898236251,2.411827339537618,-5.3674412153916435
48724086,94.602000,-14.804273,-39.496574,1027.15,1042.27,1023.96,1056.09,0.01,-0.02,0.88,0.37,0.39,0.67,1390.11,645.6561514097615,672.8206110936445,0.6459222527891686,634.9592272588792,328.91709240063574,5.070656705417641,641.2212360450752,44.97041090687039,-7.871101431495162,1.7815783651480375,-4.826522527905433
48724186,94.702000,-14.517839,-39.713178,1025.49,1040.25,1026.97,1064.91,0.01,-0.02,0.59,0.02,0.99,1.0,1390.34,645.6747704589541,672.8015005617752,0.7016966391083781,638.8852666523456,328.7672708886653,3.977916131950636,641.2212360450752,44.97041090687039,-7.871101431495162,1.7815783651480375,-4.826522527905433
48724287,94.802000,-13.884696,-38.857098,1024.52,1039.44,1025.33,1060.63,0.01,-0.03,0.43,0.45,0.67,0.17,1390.06,645.689464707078,672.8007300042485,0.6736905997088659,644.3872365927231,328.6359016461119,2.154939020985072,641.2212360450752,44.97041090687039,-7.871101431495162,1.7815783651480375,-4.826522527905433
48724387,94.903000,-13.677790,-38.620201,1023.89,1038.03,1024.41,1060.17,0.01,-0.03,0.32,0.21,0.48,0.27,1391.13,645.6813314322949,672.8026477142918,0.6869648744929077,648.3294725627387,328.78586036802955,1.3241404238731511,680.780779275162,46.47622374604332,-15.047551517801834,-0.44103752829348764,-5.675256670735652
48724487,95.002000,-12.753917,-39.728297,1023.78,1037.9,1023.94,1060.49,0.01,-0.03,0.3,0.34,0.39,0.07,1391.99,645.7047938767232,672.8162184461102,0.6792667645808296,651.4560333025535,328.71070165248705,-0.02877352643926105,688.0296126771211,46.98954267094952,-15.529450995885714,-0.9575291641764156,-5.4818194304899865
48724586,95.102000,-13.357846,-40.223500,1023.59,1037.82,1023.94,1060.29,0.01,-0.03,0.27,0.36,0.39,0.07,1392.68,645.6882391383133,672.8202071397643,0.6931953190782516,652.4774866640539,328.81010814516986,-0.280173163198121,690.0954890449527,47.18131033311827,-15.09245757106182,-1.1306201139044874,-5.3468945413830955
48724686,95.202000,-13.449149,-40.224515,1023.32,1037.64,1023.9,1060.21,0.01,-0.03,0.22,0.33,0.38,0.08,1393.31,645.6882391383133,672.8202071397643,0.6931953190782516,652.4774866640539,328.81010814516986,-0.280173163198121,690.0954890449527,47.18131033311827,-15.09245757106182,-1.1306201139044874,-5.3468945413830955
48724787,95.302000,-13.506422,-40.177929,1023.01,1037.64,1023.85,1060.43,0.01,-0.03,0.17,0.33,0.37,0.04,1393.9,645.7388145491942,672.8746871655628,0.6101952909949812,649.5355300220658,328.69177111756875,0.4224724829845827,686.460198745969,46.93207949793308,-15.54878000017195,-0.6320097235709087,-6.2020576942706915
48724887,95.403000,-13.758923,-39.740202,1022.75,1037.66,1023.77,1060.31,0.01,-0.03,0.13,0.38,0.35,0.38,1394.22,645.6964009242105,672.825393088814,0.6445704616634442,646.0535154404397,328.675997566329,1.6527172334253684,676.7485972408211,46.159717662521835,-14.38805450669449,-0.05945425883366265,-6.081891697918141
48724987,95.503000,-30.267380,-42.224442,1022.65,1037.2,1024.84,1063.17,0.01,-0.03,0.11,0.29,0.57,0.2,1394.05,645.6782569949719,672.8216878208683,0.6881666422568801,642.194935404835,328.75011494623647,2.329464304707202,667.0959946397148,45.846052901852374,-13.89812462315022,0.5800328289885717,-6.19024493468183
48725087,95.603000,-32.157258,-43.857468,1022.77,1036.86,1024.21,1063.07,0.01,-0.03,0.13,0.19,0.44,0.27,1394.35,645.6588805710225,672.8367795396625,0.6740076442712848,638.9085460392396,328.7882653488136,3.1854632729084345,658.1193832563176,45.35662014793916,-11.10578744872372,1.12401607683546,-6.125577182492886
48725188,95.703000,-28.927720,-49.903743,1022.94,1036.75,1024.12,1062.7,0.02,-0.03,0.16,1.0,0.42,0.3,1391.39,645.6854527265106,672.8281314728782,0.661917366756899,640.6068865460236,328.7812492452216,2.938987701200982,663.3897067334462,45.624094319519614,-12.687997294172524,0.8456965940814443,-6.2915010368702085
48725288,95.804000,-27.344779,-51.182756,1026.38,1046.71,1023.97,1062.64,0.02,-0.03,0.74,0.95,0.39,0.32,1390.45,645.6892361637015,672.8180457043553,0.6929238824213345,643.8822154329619,328.66871902878376,1.7284564762976917,671.7337988522042,46.223881618149356,-15.231058369556987,0.3008394957673315,-6.233348045639782
48725389,95.904000,-27.110148,-51.307189,1030.19,1057.69,1023.86,1062.84,0.01,-0.03,1.0,0.92,0.37,0.28,1390.37,645.6888629662553,672.8090324159289,0.6823422626004451,648.1503655714616,328.6154146618513,0.9232868393018216,680.5990817712138,46.42494700011349,-15.335053418252247,-0.40974410620554796,-5.740069430340464
48725489,96.005000,-28.302191,-49.293057,1029.1,1054.87,1024.02,1062.63,0.01,-0.03,1.0,0.94,0.4,1.0,1390.48,645.7339980203669,672.8550398876646,0.6169325564324971,651.2811641655014,328.51703957887383,-0.05148848134576935,689.3455996155657,47.241253510503434,-16.355243739937997,-0.9229353656066395,-5.8610220514473115
48725589,96.105000,-30.129135,-49.010443,1026.0,1050.53,1027.12,1074.11,0.01,-0.03,0.68,0.24,1.0,0.16,1390.56,645.7013192584797,672.8067795864148,0.6958346967946079,655.2209830937082,328.63634440259216,-1.2044716554011796,697.7614317712521,48.075634836713604,-18.22127629212579,-1.5843822443395708,-5.453122263543126
48725689,96.207000,-29.990448,-49.280933,1024.53,1049.29,1026.01,1072.66,0.01,-0.03,0.43,0.17,0.8,0.27,1390.33,645.7458827017665,672.8716809172042,0.581666639610408,659.2471005543499,328.940621771194,-2.4203546493814074,697.7614317712521,48.075634836713604,-18.22127629212579,-1.5843822443395708,-5.453122263543126
48725789,96.305000,-30.246621,-49.121738,1024.13,1049.04,1024.59,1072.01,0.01,-0.03,0.36,0.22,0.52,0.14,1391.26,645.7564882453773,672.8614918224866,0.5792378113668742,661.2298906288337,329.14735814702317,-3.1979227721834387,720.9931624593411,51.76759636452464,-22.629335986975104,-2.5776142970594886,-7.003648972041171
48725889,96.405000,-35.386864,-50.317697,1023.96,1048.98,1023.64,1071.85,0.01,-0.03,0.33,0.51,0.33,0.11,1391.26,645.7035866550375,672.8209541330197,0.6651422356885286,663.4704861968681,329.30205009925976,-3.9178769961519855,725.126015372603,52.22364896162733,-22.596719700065535,-2.960716618927417,-6.6236405078362255
48725989,96.504000,-36.126942,-53.109433,1025.78,1054.76,1023.75,1071.92,0.01,-0.03,0.64,0.47,0.35,0.13,1391.58,645.7017496200814,672.836617569439,0.627198801473298,663.5238285828757,329.3264136422148,-3.9596083777580757,726.5536968398345,52.610116023370686,-22.97671658080859,-2.969970491143732,-6.891846900561111
48726089,96.605000,-36.073180,-52.104865,1025.36,1053.98,1023.7,1071.66,0.01,-0.03,0.57,0.58,0.34,0.13,1391.83,645.6973309970972,672.8494605432085,0.7321957368273098,661.3530321255346,329.11861835427675,-3.521436800699917,723.540232154048,52.18679178800181,-22.78854182706676,-2.607813990473604,-7.440637540539494
48726190,96.705000,-36.256611,-51.875990,1025.91,1059.25,1023.63,1071.79,0.01,-0.03,0.66,0.32,0.33,0.11,1389.7,645.6948209352499,672.8261411155883,0.6313469686224019,659.8695876962781,328.98007645717996,-3.059356386382031,717.8407043123818,51.04291364905117,-21.577474579831605,-2.3606340046347496,-7.060364449498909
48726290,96.804000,-35.155134,-53.893581,1025.59,1059.29,1023.7,1071.6,0.01,-0.03,0.61,0.32,0.34,0.14,1390.05,645.746353863187,672.858317494735,0.6018096952718338,658.6496549152795,328.9140141473544,-2.8921543008993176,715.5251962634106,50.87637243117708,-21.516142617837602,-2.1484820033775187,-7.26399862637559
48726389,96.905000,-35.118996,-53.741665,1024.57,1057.97,1023.81,1071.55,0.01,-0.03,0.44,0.1,0.36,0.15,1391.21,645.746353863187,672.858317494735,0.6018096952718338,658.6496549152795,328.9140141473544,-2.8921543008993176,715.5251962634106,50.87637243117708,-21.516142617837602,-2.1484820033775187,-7.26399862637559
48726490,97.004000,-34.346153,-60.710358,1024.28,1057.35,1023.75,1071.6,0.01,-0.03,0.39,0.01,0.35,0.14,1392.23,645.753168360681,672.8786304479679,0.593074055432508,662.7371738231852,329.1489125326817,-3.774781048990335,723.1747669389989,51.91911068258867,-22.981482274708405,-2.828737255402764,-6.64089210156607
48726589,97.104000,-35.559634,-58.545009,1024.25,1057.0,1023.79,1071.58,0.01,-0.03,0.38,0.02,0.36,0.83,1391.71,645.753168360681,672.8786304479679,0.593074055432508,662.7371738231852,329.1489125326817,-3.774781048990335,723.1747669389989,51.91911068258867,-22.981482274708405,-2.828737255402764,-6.64089210156607
48726689,97.204000,-36.650897,-58.095575,1024.31,1056.82,1025.99,1081.67,0.01,-0.03,0.39,0.08,0.8,0.21,1391.47,645.7525463616339,672.8590900606271,0.6081230222022861,666.7573024956755,329.53875320976624,-4.84400165907544,733.679288797292,53.87751072348916,-25.158320215669068,-3.5010615660711037,-6.643523454233325
48726789,97.305000,-36.844431,-55.657323,1024.14,1056.71,1025.05,1080.8,0.01,-0.03,0.36,0.14,0.61,0.05,1391.48,645.7119860036796,672.8822629586456,0.6349766063126957,674.3659722201753,330.2652863433084,-7.3186293520802455,753.1034491615396,57.93669486744098,-27.394629440129766,-4.780675986023648,-6.56464341851593
48726889,97.405000,-37.053014,-55.546744,1023.99,1056.71,1023.87,1080.06,0.01,-0.03,0.34,0.33,0.37,0.01,1390.77,645.7119860036796,672.8822629586456,0.6349766063126957,674.3659722201753,330.2652863433084,-7.3186293520802455,753.1034491615396,57.93669486744098,-27.394629440129766,-4.780675986023648,-6.56464341851593
48726989,97.505000,-36.664544,-58.702987,1024.27,1057.66,1023.57,1080.3,0.01,-0.03,0.39,0.2,0.31,0.53,1390.51,645.7617214276182,672.8852637043941,0.598578194557012,674.8579290261191,330.30848189067865,-7.5675707471931934,759.8722464174587,60.13348388884854,-28.91456159041977,-4.854673832598629,-7.757558938995386
48727090,97.605000,-36.218325,-56.260573,1024.34,1057.97,1023.19,1077.92,0.01,-0.03,0.4,0.18,0.24,0.07,1390.82,645.6989839951706,672.8476785760192,0.6287574153221797,673.1880257003024,330.1340185413951,-7.28647856064051,757.2773579333516,59.78897316336911,-29.72520354879329,-4.585873175239728,-8.10627082582744
48727189,97.705000,-36.377217,-56.456852,1024.0,1057.9,1023.12,1078.09,0.01,-0.03,0.34,0.13,0.22,0.52,1391.71,645.7607131996186,672.8726332026371,0.606745530713826,670.6287928537089,329.90298967702796,-6.675385199173097,752.4243809693933,58.65973110937766,-28.472596052945526,-4.147150901077586,-8.486806066111182
48727290,97.804000,-35.978731,-57.243391,1023.95,1058.03,1024.24,1084.51,0.01,-0.03,0.33,0.11,0.45,0.76,1390.87,645.7583399816758,672.8831068668455,0.5998299818864058,670.6287928537089,329.90298967702796,-6.675385199173097,752.4243809693933,58.65973110937766,-28.472596052945526,-4.147150901077586,-8.486806066111182
48727389,97.907000,-34.998987,-58.521240,1023.88,1057.8,1023.84,1080.68,0.01,-0.03,0.32,0.15,0.37,0.0,1391.13,645.7119111007365,672.8442373382757,0.6140478256826406,668.2402705052884,329.56464700415194,-5.871713734769049,745.2304215413468,57.08742591912767,-27.31876796143878,-3.754757473789266,-8.268457453042734
48727490,98.005000,-35.657356,-57.614827,1024.05,1057.6,1023.65,1080.7,0.01,-0.03,0.35,0.01,0.33,0.14,1390.78,645.6993480902595,672.8467621928131,0.6226640445237714,667.9789780477838,329.6272316077118,-6.0962612427482705,747.3735791330832,57.974783416119145,-28.93249719324646,-3.754757473789266,-8.268457453042734
48727589,98.105000,-35.571726,-57.175520,1024.12,1057.41,1023.41,1081.06,0.01,-0.03,0.36,0.05,0.28,0.21,1391.35,645.708822102682,672.8357270773997,0.6035103630074076,671.1831741857951,329.9186124136267,-6.57732381771417,749.9647394695426,57.95060460857752,-27.833718297064426,-4.2485391545454005,-7.657753486715395
48727689,98.206000,-35.831956,-57.984625,1024.14,1057.51,1023.79,1080.59,0.01,-0.03,0.36,0.01,0.36,0.28,1392.37,645.7017143468738,672.8345402555168,0.622852223061263,672.5036809698518,330.1255904175434,-7.079238023754119,757.1408558936799,60.07631810143073,-29.621434828957177,-4.471783549737398,-8.458145134565319
48727789,98.305000,-36.381008,-64.452219,1024.12,1057.32,1023.62,1080.71,0.01,-0.03,0.36,0.09,0.32,0.15,1392.86,645.7223464313807,672.8853478586857,0.6508506055055622,674.7051509703763,330.30500884546865,-7.688890741893754,760.5100021859708,60.69108868002403,-30.343709231956485,-4.835792571914205,-7.982129068949051
48727889,98.405000,-36.286304,-65.299098,1023.96,1057.41,1023.56,1080.98,0.01,-0.03,0.33,0.16,0.31,1.0,1393.54,645.7704596512457,672.8809446184475,0.5994866600246108,675.8692697981478,330.4444573967854,-8.001345432042045,762.4882036228644,60.89971122024482,-29.858736881202013,-5.0231626600979125,-7.7686238255669355
48727990,98.505000,-36.316528,-65.243180,1023.8,1057.61,1025.8,1091.14,0.01,-0.03,0.31,0.13,0.76,0.94,1392.35,645.7531061663365,672.8724419988262,0.6041391330922489,674.3712638568229,330.28196722419403,-7.797480243041824,762.4111189476992,61.28117323661559,-30.27994784419443,-4.775093604272812,-8.572294760877062
48728090,98.606000,-36.509895,-64.754317,1023.64,1057.56,1023.85,1086.19,0.01,-0.03,0.28,0.13,0.37,0.21,1392.03,645.7549533080387,672.8808846752484,0.6020052131712281,673.5550141743366,330.2144786211639,-7.305703590256068,757.8468798880376,59.81614592206181,-29.194711470455676,-4.638170772298407,-8.037596215143775
48728190,98.706000,-36.498710,-65.316479,1023.77,1057.75,1023.64,1085.9,0.01,-0.03,0.3,0.1,0.33,0.27,1391.56,645.713923929945,672.8342855276708,0.6252279221799149,670.2426625191005,329.85673401961685,-6.687989396436435,757.1487365272104,60.76636120036789,-31.161052704842827,-4.090659780474343,-9.717186492638682
48728291,98.806000,-55.714105,-62.990168,1023.79,1057.46,1023.6,1085.97,0.01,-0.03,0.3,0.15,0.32,0.25,1392.25,645.7089669610773,672.898070097154,0.6509600958622936,670.2112360529944,329.80941220351735,-6.667479985122852,753.0713780824051,59.31932869991484,-29.850741097936503,-4.084941600840563,-8.861691808272548
48728390,98.907000,-56.695474,-63.916636,1023.76,1057.37,1023.59,1086.04,0.01,-0.03,0.3,1.0,0.32,0.21,1392.82,645.7561238033956,672.8545780852403,0.6111728227758972,670.0502172050918,329.83780456295193,-6.596960030381307,753.697318488085,59.64156684246524,-29.96792819222712,-4.051197191590656,-9.099036417265719
48728490,99.006000,-51.890563,-70.679670,1027.37,1068.13,1023.58,1086.01,0.01,-0.03,0.91,1.0,0.32,0.2,1392.26,645.7082887044628,672.8953441131184,0.6464777861287947,671.0248555954366,329.9192705941841,-6.857437279309804,755.8774475992002,60.155742746350285,-30.532661838203822,-4.221596450202532,-9.017480821873571
48728590,99.106000,-49.719928,-72.012606,1030.41,1079.32,1023.57,1086.31,0.01,-0.03,1.0,0.27,0.31,0.26,1391.49,645.7151272150447,672.8960432169463,0.6528917224017154,673.0063260103773,330.14589043897803,-7.165662342774662,759.292995814014,60.688635581773525,-30.57481553827652,-4.552524479184513,-8.651262050352626
48728690,99.205000,-49.510136,-72.226216,1028.85,1079.15,1023.52,1086.1,0.01,-0.03,1.0,1.0,0.3,1.0,1391.33,645.7213862671344,672.8087276849535,0.6212218734918077,674.8025130121499,330.14533790535205,-7.910924465046794,764.1363097750451,62.03916542314366,-31.462271568457606,-4.850949093294757,-8.726332612629083
48728791,99.306000,-50.123750,-69.753127,1026.01,1073.06,1025.26,1096.18,0.01,-0.03,0.68,0.23,0.65,0.43,1390.4,645.715223108317,672.8265562994691,0.582781632682352,678.8278451319834,330.58565597567184,-9.102880547097785,764.1363097750451,62.03916542314366,-31.462271568457606,-4.850949093294757,-8.726332612629083
48728891,99.406000,-50.267381,-69.652672,1024.38,1071.34,1024.28,1092.9,0.01,-0.04,0.4,0.07,0.46,0.22,1390.38,645.7247780820298,672.8338967029964,0.5925815063623368,685.2627309673586,331.6564703945991,-10.89973171368318,764.1363097750451,62.03916542314366,-31.462271568457606,-4.850949093294757,-8.726332612629083
48728991,99.506000,-52.293319,-68.831521,1024.23,1070.66,1023.88,1092.45,0.01,-0.04,0.38,0.18,0.38,0.31,1388.75,645.7088634014021,672.8767223047322,0.6066016086835153,691.4677277695944,332.89241784184577,-13.429970388252983,764.1363097750451,62.03916542314366,-31.462271568457606,-4.850949093294757,-8.726332612629083
48729091,99.606000,-57.237341,-70.503505,1024.31,1070.48,1023.79,1092.99,0.01,-0.04,0.39,0.21,0.36,0.2,1389.95,645.7165581387796,672.8516754417974,0.5868926939799479,699.7936431642839,334.6135888025208,-15.473864492323177,764.1363097750451,62.03916542314366,-31.462271568457606,-4.850949093294757,-8.726332612629083
48729191,99.706000,-57.538348,-70.611567,1024.02,1070.55,1023.83,1092.61,0.01,-0.04,0.34,0.2,0.37,0.28,1391.01,645.7203595550644,672.9185863928988,0.5905689026726877,703.2250726663768,335.4555571557372,-17.41316805921859,839.0271647934094,89.59727862786781,-44.95587395013901,-9.670485545757249,-9.573500099385146
48729290,99.807000,-58.255160,-71.033952,1023.65,1071.05,1023.76,1092.66,0.01,-0.04,0.28,1.0,0.35,0.01,1392.11,645.7443872939092,672.8614858430597,0.5748500205218302,705.0213409413368,335.71673729570074,-17.640925678116705,840.8916852236019,89.8485808494297,-43.665779279811396,-9.971852632854848,-8.981977363137307
48729390,99.906000,-59.843122,-71.982688,1025.34,1082.46,1023.45,1093.21,0.01,-0.04,0.57,0.5,0.29,0.12,1391.58,645.7228157372667,672.8759260513262,0.5889912595432203,701.341544107634,335.00333776399634,-16.739776954098893,840.8916852236019,89.8485808494297,-43.665779279811396,-9.971852632854848,-8.981977363137307
48729490,100.006000,-58.043968,-74.664267,1024.45,1081.97,1023.57,1092.82,0.01,-0.04,0.42,0.41,0.31,0.04,1391.6,645.7386557251515,672.8548909908361,0.5971418498845095,695.3640428870217,333.78864077650167,-14.741533181755804,840.8916852236019,89.8485808494297,-43.665779279811396,-9.971852632854848,-8.981977363137307
48729590,100.106000,-55.785532,-76.975332,1023.29,1079.22,1023.39,1093.06,0.01,-0.04,0.22,0.14,0.28,0.72,1392.35,645.7233073115787,672.8342553028431,0.6106506624349839,690.3171825905729,332.4910719695774,-13.639553333570339,840.8916852236019,89.8485808494297,-43.665779279811396,-9.971852632854848,-8.981977363137307
48729691,100.206000,-55.711947,-77.048483,1023.41,1078.49,1024.97,1101.24,0.01,-0.04,0.24,0.26,0.59,0.92,1390.14,645.7262981550231,672.8428727297282,0.5862595115246286,687.639998492407,332.16970791750987,-13.068877948603909,803.6046641387871,75.48189533861078,-38.73787063928405,-7.013966156878337,-10.284243324135746
48729792,100.308000,-56.737626,-75.992999,1023.98,1077.93,1023.68,1095.84,0.01,-0.04,0.34,0.04,0.34,0.64,1390.15,645.7340039439337,672.8428324265367,0.6090329886867378,690.5966940739455,332.62698779345436,-13.720440713360102,807.7113532663368,76.98478275281072,-40.81371939725681,-7.51198887841799,-9.58945768177
48729891,100.408000,-58.059049,-75.576884,1024.45,1077.39,1024.59,1103.65,0.01,-0.04,0.42,0.23,0.52,1.0,1389.34,645.7196871980717,672.8745595450667,0.6178546135518771,695.3598730080961,333.61255535465205,-14.936289076052754,807.7113532663368,76.98478275281072,-40.81371939725681,-7.51198887841799,-9.58945768177
48729991,100.508000,-58.394937,-75.260093,1024.43,1076.89,1023.64,1098.54,0.01,-0.04,0.41,0.54,0.33,0.19,1388.33,645.7258039224665,672.8685629556061,0.5930247151627593,702.4816063258345,335.1895253775875,-16.833688501167572,807.7113532663368,76.98478275281072,-40.81371939725681,-7.51198887841799,-9.58945768177
48730092,100.607000,-60.434187,-74.629000,1025.34,1083.06,1023.59,1098.66,0.01,-0.04,0.57,0.51,0.32,0.22,1389.14,645.7414401444598,672.9081754528131,0.5510612089912132,706.6641335860387,336.17112748315685,-18.437507809554873,807.7113532663368,76.98478275281072,-40.81371939725681,-7.51198887841799,-9.58945768177
48730192,100.708000,-63.376108,-76.419733,1024.07,1081.99,1023.19,1098.99,0.01,-0.04,0.35,0.08,0.24,0.47,1389.96,645.7531077882228,672.855620215527,0.5704077681134224,710.539945273052,337.11436993143076,-19.521871956403405,857.081089274023,98.79096137816184,-47.95977440413959,-10.921927191212642,-9.742820077441657
48730291,100.807000,-61.749237,-76.459829,1023.23,1081.69,1022.96,1096.37,0.01,-0.04,0.21,0.13,0.19,0.05,1389.86,645.7619322994001,672.9070693091892,0.5592915397097017,708.8462973495091,336.7212038312286,-19.513722825632808,857.2912133988519,99.01919663736149,-48.29808906080238,-10.627807289135484,-10.729165448044053
48730391,100.907000,-65.472282,-76.715827,1023.04,1082.02,1022.63,1096.38,0.01,-0.04,0.18,0.29,0.13,0.42,1389.69,645.7619322994001,672.9070693091892,0.5592915397097017,708.8462973495091,336.7212038312286,-19.513722825632808,857.2912133988519,99.01919663736149,-48.29808906080238,-10.627807289135484,-10.729165448044053
48730492,101.008000,-65.573957,-77.117904,1022.89,1082.21,1023.21,1100.42,0.02,-0.04,0.15,0.89,0.24,0.34,1390.48,645.7403692191772,672.8634515295079,0.5692655828966153,707.5509375641988,336.3378037984865,-18.813565918958272,851.2725502313515,95.61111222520843,-46.927952386398154,-10.407667681402211,-10.023230892583076
48730591,101.108000,-65.900133,-77.195309,1024.37,1092.35,1023.44,1099.29,0.02,-0.04,0.4,0.81,0.29,0.03,1390.18,645.7484797768809,672.8430269879216,0.5689706392983553,704.3492993248967,335.54624477856237,-18.04147939943574,844.7827677107075,93.2525600176321,-47.607819903294974,-9.855997837033247,-10.384593829336229
48730692,101.207000,-64.048842,-82.191416,1024.56,1089.71,1023.34,1099.3,0.02,-0.04,0.44,0.36,0.27,0.04,1390.6,645.7506871498362,672.8536456485159,0.576494192423428,700.4058433753531,334.5840123898617,-16.776857165738527,834.8645010305368,88.42917830800162,-44.45571427842659,-9.178118173650219,-10.288723977337476
48730791,101.307000,-63.165008,-83.655764,1024.05,1086.99,1023.31,1099.41,0.02,-0.04,0.35,0.1,0.26,0.06,1391.45,645.7458233210555,672.8560982678032,0.6097903152360782,700.6035385915649,334.59453958295575,-16.970418444209496,837.0090239039137,89.5495983250457,-45.203306407242266,-9.2117675060573,-10.679182027525083
48730891,101.407000,-62.864362,-83.461952,1024.24,1086.32,1023.69,1098.96,0.02,-0.04,0.38,0.2,0.34,1.0,1391.24,645.7408507794732,672.8933897430472,0.5936099197809487,705.1375694693369,335.67909225076454,-18.34020566320008,837.0090239039137,89.5495983250457,-45.203306407242266,-9.2117675060573,-10.679182027525083
48730991,101.507000,-63.706040,-81.517272,1024.38,1085.94,1025.06,1108.98,0.02,-0.04,0.4,0.13,0.61,0.66,1390.07,645.7283170429552,672.8961195237575,0.5794197652587876,711.862155649151,337.42122714966206,-20.0437832322542,837.0090239039137,89.5495983250457,-45.203306407242266,-9.2117675060573,-10.679182027525083
48731092,101.607000,-65.631790,-81.115860,1024.13,1086.06,1023.59,1104.25,0.02,-0.04,0.36,0.06,0.32,0.15,1389.95,645.7428853186337,672.9168025432459,0.5724395694741735,716.0057285440364,338.66129277291765,-21.666797958137742,871.7260994412844,106.60247762908087,-51.7604039685339,-11.871137155587519,-10.12085315134405
48731191,101.707000,-68.443501,-81.103985,1023.76,1086.25,1023.46,1104.21,0.02,-0.04,0.3,0.24,0.29,0.22,1391.02,645.740309696188,672.922940195944,0.5749652303302056,718.416753934244,339.2416585551505,-22.236641511445423,878.422579770266,110.84532135331771,-53.30926677625798,-12.287240037712959,-10.439150534553868
48731292,101.807000,-69.359073,-80.724989,1023.39,1086.64,1023.05,1104.87,0.02,-0.04,0.24,0.65,0.21,0.35,1390.69,645.734526387354,672.9268177814914,0.5937416356773112,717.7691501188643,339.1099903973782,-22.225235105291297,879.0643488321512,111.9916778130093,-54.05923212072689,-12.177184587378976,-11.027291743006554
48731392,101.908000,-70.255509,-80.879670,1024.07,1094.79,1023.15,1103.68,0.02,-0.04,0.35,0.58,0.23,0.19,1390.99,645.7390032665979,672.897145850527,0.5739059548655013,714.1938081971546,338.2179740991335,-21.292834184849177,873.005392527183,108.35385678002416,-52.02037030183208,-11.559753120953346,-11.520829824428098
48731492,102.007000,-69.538432,-87.774645,1024.03,1093.26,1022.97,1103.78,0.02,-0.04,0.34,0.32,0.19,0.21,1391.39,645.7278670109708,672.8834806474088,0.5766748413826587,711.1488810789232,337.2546650040255,-20.20030762766754,873.005392527183,108.35385678002416,-52.02037030183208,-11.559753120953346,-11.520829824428098
48731592,102.108000,-69.894320,-87.562826,1023.84,1091.68,1022.97,1103.93,0.02,-0.04,0.31,0.05,0.19,0.24,1392.32,645.7196037191563,672.9044726246976,0.6261312168802327,706.1498606139752,335.8871627468136,-19.22064681319738,854.8296091334767,99.27088171596226,-50.110479974377895,-10.165623533916524,-11.812284555568112
48731692,102.208000,-71.472157,-87.117558,1024.28,1091.17,1023.42,1103.42,0.02,-0.04,0.39,0.03,0.28,0.14,1392.98,645.7234526082201,672.8785066898637,0.5943023267821125,706.1767136128414,335.9028913655123,-18.970277055450026,851.5008816136815,96.88757493191108,-48.52154124301315,-10.170644569736133,-10.95881197568271
48731793,102.308000,-71.048616,-87.647850,1024.54,1090.56,1023.17,1103.55,0.02,-0.04,0.39,0.03,0.28,0.14,1392.36,645.7334536904071,672.880951938308,0.594102078311424,709.3318720604011,336.76288727193054,-19.677893584692534,857.5538684040724,99.81622879205797,-49.20174114161991,-10.714524229067498,-10.598992407344777
48731892,102.408000,-72.078072,-90.142701,1024.93,1095.29,1024.68,1113.23,0.02,-0.04,0.5,0.31,0.54,0.82,1390.89,645.7408285140464,672.9245557955122,0.5910333983547295,713.0268739387592,337.81628668038843,-21.10154828859937,857.5538684040724,99.81622879205797,-49.20174114161991,-10.714524229067498,-10.598992407344777
48731992,102.508000,-72.296932,-90.125247,1024.33,1095.46,1023.67,1107.68,0.02,-0.04,0.5,0.31,0.54,0.82,1390.33,645.7498044407009,672.907913116317,0.5862386538349849,718.7709702034439,339.3289617029471,-22.50209835509802,877.7999157103288,110.29830965294744,-53.223231357413546,-12.347409107496068,-10.079617537240832
48732092,102.607000,-73.037526,-90.212183,1024.33,1095.46,1023.67,1107.68,0.02,-0.04,0.4,0.34,0.33,0.29,1390.19,645.7591169842674,672.9159606550315,0.5552322874713234,720.7606475531782,339.98552779957527,-23.352267114783892,886.631738900817,116.27717062845224,-55.189121836723956,-12.69548246151447,-11.16453949058998
48732192,102.708000,-73.573523,-90.210566,1023.85,1094.34,1023.23,1107.84,0.01,-0.04,0.31,0.15,0.25,0.26,1390.96,645.7591169842674,672.9159606550315,0.5552322874713234,720.7606475531782,339.98552779957527,-23.352267114783892,886.631738900817,116.27717062845224,-55.189121836723956,-12.69548246151447,-11.16453949058998
48732292,102.807000,-73.688010,-91.979898,1023.7,1094.38,1023.18,1108.13,0.01,-0.04,0.29,0.15,0.24,0.2,1391.99,645.7490998469676,672.9264763949622,0.5683797580163702,723.1324539655934,340.76066192663404,-23.98254791333703,891.713561174729,119.05484507180253,-55.225403438940816,-13.114062867412535,-11.020578436356068
48732392,102.907000,-73.682102,-92.427198,1023.55,1094.61,1023.31,1107.89,0.01,-0.04,0.26,0.19,0.26,0.24,1392.88,645.7489542169559,672.9065278549839,0.5712094531472347,722.0393948594887,340.34754956299463,-23.810874700985536,889.6402854846847,118.11591288114587,-55.50813259490813,-12.92034091639397,-11.181896110027548
48732492,103.008000,-74.460622,-90.909557,1023.28,1094.77,1023.09,1108.03,0.01,-0.04,0.22,0.22,0.22,0.22,1393.59,645.7330161760883,672.9342257659272,0.5666211155095883,719.1738225836142,339.5667987913778,-23.12295783582834,885.0983279382605,115.79655857482337,-54.62595534057847,-12.423806512186637,-11.709135472880817
48732593,103.108000,-75.945484,-91.259623,1023.22,1094.86,1023.21,1107.92,0.01,-0.04,0.21,0.24,0.24,0.24,1394.21,645.7344007581428,672.8928869572624,0.5968446115954207,717.2893152902761,338.94406063577685,-22.395507590458017,879.2208919812768,111.84949340969138,-53.528772309411856,-12.093846948954898,-11.303374919811432
48732692,103.208000,-77.759891,-91.752488,1023.19,1094.85,1023.33,1107.79,0.02,-0.04,0.2,0.23,0.27,0.26,1394.71,645.7369314301671,672.9004426025675,0.5947543543498879,715.2924413150033,338.4085244904124,-21.96471421121942,875.6545861645081,110.50829460799997,-53.24504145820931,-11.746895301782807,-11.638369386132766
48732792,103.307000,-79.650342,-90.104804,1023.21,1094.68,1023.13,1107.97,0.02,-0.04,0.21,0.2,0.23,0.23,1394.95,645.7464354930282,672.916751132198,0.5787385689754623,714.8174173784656,338.2379973276942,-21.855797185423825,874.5095514054277,109.69430869927321,-52.87455892704097,-11.660981758624976,-11.621495173196909
48732893,103.408000,-80.136044,-93.455556,1023.41,1094.38,1023.35,1107.92,0.02,-0.04,0.24,0.15,0.27,0.24,1395.28,645.7686661194857,672.8912321267472,0.549057000959761,716.4229675296641,338.67345221411614,-22.136063225938543,876.5889535755275,110.59093949328236,-53.06536718535033,-11.936692264474686,-11.204230494968847
48732993,103.509000,-79.638972,-100.234867,1023.63,1094.23,1023.28,1107.77,0.02,-0.04,0.28,0.13,0.26,0.27,1395.5,645.7476989976769,672.9031245161069,0.5853679911605696,718.044901909028,339.1636363470363,-22.682806522029406,881.3033771729359,113.61026880266313,-54.130579737241675,-12.222987714197947,-11.45153538863224
48733093,103.609000,-80.062983,-96.918269,1023.75,1094.12,1023.3,1107.78,0.02,-0.04,0.3,0.11,0.26,0.27,1395.61,645.7418703510181,672.9261612753257,0.5840499085849709,720.4020934129712,339.8831690941234,-23.47707748552683,885.7109495440242,115.76859917731873,-54.714156070432615,-12.635435045730697,-11.141938151485082
48733193,103.709000,-80.127741,-96.605545,1023.75,1094.12,1023.53,1107.68,0.02,-0.04,0.3,0.11,0.31,0.29,1395.78,645.7404367160141,672.9090336896422,0.5747321170184468,721.938834438644,340.3070481334553,-23.703024199446446,889.0067697291229,117.8187996701203,-54.95685896904239,-12.903662109857002,-11.095810115652121
48733293,103.811000,-79.738052,-98.993614,1023.65,1094.14,1023.3,1107.7,0.02,-0.04,0.28,1.0,0.26,1.0,1393.11,645.7576810593708,672.925318954887,0.6048243278194142,721.778265139894,340.34392603048826,-23.73262143483149,889.8365341368544,118.3891817134443,-55.07085036808275,-12.875325726662766,-11.381391960876002
48733394,103.909000,-79.803506,-99.096544,1024.43,1103.73,1024.75,1117.94,0.02,-0.04,0.41,0.28,0.55,0.2,1392.19,645.7469905653642,672.9141876832213,0.5890210941772298,721.028353053521,340.01074261731026,-23.539537252013215,887.5171525710564,116.85537879210078,-54.87621585943083,-12.7423052058855,-11.240785615588564
48733495,104.010000,-79.943915,-97.987033,1024.49,1104.84,1024.13,1117.11,0.02,-0.04,0.42,0.53,0.43,0.78,1391.98,645.7422055762719,672.9118502466458,0.5950917310674048,718.7844488361976,339.3007856408502,-22.85315938366183,884.6151782708166,115.65133663983093,-55.01788614387493,-12.349711401685589,-11.856629797210793
48733594,104.111000,-81.605014,-101.687524,1023.98,1101.19,1025.57,1125.5,0.02,-0.04,0.34,0.1,0.71,0.88,1390.87,645.7550409039942,672.9167942915228,0.577095622202617,717.6539760104446,338.9590752060678,-22.56397269061204,885.2499741370648,117.25977431176823,-56.55910896430364,-12.149953984145727,-12.787946213451693
48733694,104.210000,-81.777148,-101.970354,1024.15,1099.98,1023.37,1119.73,0.02,-0.04,0.36,0.33,0.27,0.05,1390.41,645.7550409039942,672.9167942915228,0.577095622202617,717.6539760104446,338.9590752060678,-22.56397269061204,885.2499741370648,117.25977431176823,-56.55910896430364,-12.149953984145727,-12.787946213451693
48733794,104.310000,-85.056216,-102.360288,1024.49,1100.59,1023.4,1119.51,0.02,-0.04,0.42,0.23,0.28,0.1,1391.22,645.7436392349028,672.9140394556148,0.604242582837299,720.4981457741223,339.7970114067489,-23.588988521277948,885.2499741370648,117.25977431176823,-56.55910896430364,-12.149953984145727,-12.787946213451693
48733894,104.409000,-86.273134,-100.934892,1024.46,1100.57,1023.05,1119.94,0.02,-0.04,0.42,0.23,0.21,0.01,1392.13,645.7531616137202,672.9450422217217,0.5911078112954179,728.9089809027292,342.6036058526877,-26.1143223597332,901.7907350366802,128.9672131470835,-61.03370449935909,-13.286758809571195,-13.366208901405354
48733994,104.510000,-85.324945,-100.637775,1024.14,1100.52,1023.35,1119.72,0.02,-0.03,0.36,0.24,0.27,0.05,1393.12,645.7474746591001,672.9484798217745,0.5609673979777102,731.7857002090943,343.6539247431046,-26.878852890470114,915.6600317405055,137.01654453807723,-62.13783810360918,-14.642913071838228,-12.37816002361799
48734094,104.610000,-84.969690,-101.376408,1023.8,1100.81,1023.36,1119.75,0.02,-0.03,0.31,0.19,0.27,0.05,1393.61,645.748106785722,672.9356681091995,0.5393784528977449,731.153747321272,343.42677080262865,-26.943868093133105,916.9528159876169,138.8593388718961,-62.76229792187128,-14.53077406845839,-13.1858576546332
48734195,104.710000,-83.850538,-103.724825,1023.48,1101.14,1022.97,1119.93,0.02,-0.03,0.25,0.14,0.19,0.01,1394.26,645.7461127049,672.9308464523821,0.5911984905813558,729.8682586525146,343.05744201946754,-26.53823696829069,912.7209398371788,135.03617504746128,-61.853675691127165,-14.306273957382592,-12.70323187700414
48734294,104.812000,-83.850457,-105.147341,1023.37,1101.48,1023.15,1119.75,0.02,-0.03,0.23,0.08,0.23,0.05,1394.75,645.7486332785298,672.9364328239953,0.5790210519992367,726.3808787455187,341.8643867459469,-25.634022436042788,906.4071543722022,131.89499402140189,-62.02149432218658,-13.687842604768361,-13.233868592772073
48734394,104.911000,-85.865846,-104.587415,1023.23,1101.49,1023.06,1119.88,0.02,-0.03,0.21,0.08,0.21,0.02,1395.03,645.7433666607271,672.9178397814591,0.5841338682506563,723.1414226234178,340.79061931005174,-24.505217369328754,899.9586608606784,127.37035307690391,-60.10077506332997,-13.117939699711059,-13.40563765816654
48734495,105.011000,-86.210569,-104.632897,1023.22,1101.38,1023.01,1119.95,0.02,-0.04,0.21,0.76,0.2,1.0,1393.81,645.772747661626,672.9072471131033,0.5488135441685894,721.8451570092105,340.32331374626165,-24.06722947489092,895.5401870784996,124.29640628833158,-58.990401068057324,-12.883715240777295,-13.033364825797975
48734594,105.110000,-89.799557,-104.179233,1024.3,1109.94,1024.71,1129.5,0.02,-0.04,0.39,0.7,0.54,0.47,1392.79,645.772747661626,672.9072471131033,0.5488135441685894,721.8451570092105,340.32331374626165,-24.06722947489092,895.5401870784996,124.29640628833158,-58.990401068057324,-12.883715240777295,-13.033364825797975
48734694,105.211000,-90.326338,-108.345008,1024.57,1106.85,1023.65,1125.93,0.02,-0.03,0.44,0.23,0.33,0.14,1390.93,645.7699211161754,672.9049149695268,0.5520074186194157,721.5298592494357,340.2283788236551,-24.09742796945255,895.996444112366,125.14488684741403,-59.42210554923268,-12.829096433281572,-13.389302383241873
48734795,105.310000,-90.398793,-108.748741,1024.47,1105.4,1023.61,1125.45,0.02,-0.03,0.42,0.48,0.32,0.24,1391.3,645.7471034690815,672.9295347969571,0.5888922861577603,726.8583665707062,341.9391255515683,-25.82159771930814,910.0214925901528,135.76068709877836,-64.15378165472093,-13.769340156662793,-14.078306923915363
48734896,105.410000,-90.507441,-107.255472,1024.89,1109.48,1023.57,1125.87,0.02,-0.03,0.49,0.22,0.31,0.15,1391.62,645.7463214585194,672.9552772190629,0.5610191220278329,733.3543462342664,344.15201068621656,-27.64603479930942,910.0214925901528,135.76068709877836,-64.15378165472093,-13.769340156662793,-14.078306923915363
48734995,105.511000,-90.610219,-108.829322,1024.25,1110.18,1023.66,1125.68,0.02,-0.03,0.38,0.38,0.33,1.0,1391.62,645.7580346916868,672.9820211195271,0.5898320714580844,738.1741875647923,345.987502799531,-29.240571090355164,931.8916589837016,150.13142031176878,-66.65044912165618,-15.781509205756075,-13.122452647360792
48735095,105.611000,-89.509282,-109.549793,1024.0,1112.13,1025.14,1135.22,0.02,-0.03,0.34,0.06,0.63,1.0,1390.47,645.7670608135157,672.9738279077626,0.5624360657931131,740.1770559780953,346.849248549639,-30.045463643227976,937.0254918479646,154.46755461667956,-67.67162708181901,-16.145232235722904,-13.367023754060085
48735195,105.710000,-89.787216,-108.532117,1023.94,1112.36,1023.22,1128.8,0.02,-0.03,0.33,0.02,0.24,0.09,1390.32,645.7492598190798,672.9809193199004,0.5393999271844857,740.6351585069577,346.9852357064166,-29.73375440254528,937.9224905908485,154.78504246788506,-67.76347223193372,-16.22842362699343,-13.29145659168016
48735297,105.811000,-89.353294,-114.849249,1023.77,1112.39,1023.07,1128.67,0.01,-0.03,0.3,0.02,0.21,0.12,1390.33,645.7695751200955,672.9737296798256,0.6027273991917604,737.3616632499595,345.77150256969946,-29.59325224161015,936.7571357170148,157.1212148059158,-69.89389587185694,-15.638262366855827,-15.309619260759312
48735395,105.913000,-90.861345,-111.787168,1023.66,1112.41,1022.71,1129.23,0.01,-0.03,0.28,0.11,0.14,0.26,1391.18,645.7474836748205,672.9980651586368,0.603542406639285,737.3592575807454,345.59113300270707,-29.173870268679917,931.7188564494165,150.54069715732106,-66.93591445558569,-15.632157718306901,-13.634038488443412
48735495,106.011000,-91.821241,-113.923666,1023.65,1112.4,1023.06,1128.95,0.01,-0.03,0.28,0.18,0.21,1.0,1392.06,645.7510934416437,672.9623091605952,0.5954200797440585,734.8999893297348,344.75939147995314,-28.835862050026385,929.2307998360857,150.10790246322117,-67.6370835694593,-15.19644555214263,-14.559874044449177
48735596,106.111000,-93.531259,-113.116328,1023.66,1112.2,1024.53,1138.48,0.01,-0.03,0.28,0.11,0.51,0.94,1392.19,645.7521429189668,672.9650403904604,0.5838106497791133,734.2964382346081,344.6148666884909,-28.37768184368567,927.7237959649838,148.86681906104954,-67.01916688747676,-15.091642340756602,-14.475059194171582
48735695,106.211000,-94.837834,-112.449084,1023.88,1111.94,1023.16,1132.66,0.01,-0.03,0.32,0.32,0.23,0.65,1390.66,645.75614871274,672.9979207072984,0.5754773700814972,735.7264135538305,345.0561205563158,-28.594518062777126,928.8188416429172,148.8357342870886,-67.07206409126485,-15.341529373065518,-13.856604631715083
48735796,106.311000,-94.813997,-112.625243,1024.13,1112.38,1024.32,1138.93,0.01,-0.03,0.36,0.54,0.46,0.76,1389.73,645.754729301336,672.9713158108051,0.5891735386707276,734.9209390665665,344.89193019877877,-28.997081343434374,933.8555692107126,156.56868124326954,-70.93754700289709,-15.204718499835119,-16.16015084499647
48735895,106.411000,-95.280293,-112.228210,1024.85,1117.73,1023.18,1134.53,0.01,-0.03,0.48,0.37,0.24,0.12,1389.74,645.7352688088248,672.9769408418118,0.543386970677834,739.708658993548,346.5601440755345,-29.343358842402676,936.6449838692764,155.3992063664601,-69.35272336261187,-16.060784554737463,-13.73100296000078
48735995,106.511000,-93.367112,-114.900527,1024.29,1116.91,1023.46,1133.84,0.01,-0.03,0.39,0.23,0.29,0.26,1389.35,645.7597872635839,673.0033236995804,0.5948317178889161,739.2510107584733,346.5831720456229,-30.333978966714756,942.7103579623979,163.49496195982815,-72.354285729663,-15.982441386245606,-16.051826076405316
48736095,106.611000,-93.541488,-112.855047,1023.98,1116.24,1023.05,1134.44,0.02,-0.03,0.34,0.12,0.21,0.14,1390.41,645.7455083987896,673.0047708574581,0.5864982649721362,742.7878951510882,347.7452612426476,-30.902687512281556,944.6705474191868,162.78436951473535,-71.73183965942115,-16.612668808848106,-14.279364316762567
48736195,106.711000,-91.930836,-115.644192,1024.08,1116.15,1023.33,1134.22,0.02,-0.03,0.35,0.11,0.27,0.18,1391.49,645.7731164989401,672.9918482311158,0.5467403758322458,744.2647646179342,348.4774494288264,-31.418877218844468,949.2494171340146,166.72628199419515,-72.06610405035094,-16.88329086211873,-14.671379205553535
48736295,106.811000,-91.278242,-114.432733,1024.0,1116.11,1023.33,1134.18,0.02,-0.03,0.34,0.1,0.27,0.13,1392.46,645.7558714886277,672.9991142832954,0.5791521533539471,744.7946024109333,348.77128333036933,-31.695354737553355,951.4461884215731,169.67752212442656,-73.21229158844676,-16.985831529907614,-15.114631390907384
48736396,106.911000,-91.231479,-114.471038,1023.8,1116.23,1023.1,1134.6,0.02,-0.03,0.31,0.39,0.22,0.61,1393.32,645.747791579061,673.0101496620907,0.5917756515159077,745.9010527637448,349.280390622259,-31.94082887210119,951.4946527886714,168.21631550722307,-72.12492781639958,-17.19065791853851,-14.248658242759873
48736496,107.011000,-91.158060,-115.098637,1023.45,1114.84,1024.37,1141.06,0.01,-0.03,0.25,0.15,0.47,0.68,1393.48,645.7499807441134,673.011085628835,0.5910044252917483,743.9506145703091,348.58220753478065,-31.72116420228175,950.3750041388936,168.6887055497345,-72.70653636320645,-16.840418763086042,-15.247856506118438
48736597,107.112000,-91.401256,-114.304837,1023.23,1114.58,1023.34,1136.58,0.02,-0.02,0.21,0.11,0.27,0.21,1393.23,645.7530541131354,672.9822314290269,0.5623336725341525,743.1282896016103,348.05015300087115,-31.205298502778835,947.0146068076452,165.36364168704816,-71.88939252427659,-16.682355671750944,-14.774267456318412
48736696,107.214000,-104.442827,-114.804561,1023.25,1114.61,1023.25,1136.49,0.02,-0.02,0.21,0.25,0.25,0.12,1392.71,645.7637619792335,673.0132455813991,0.5940085081373396,740.4807070891372,347.07477106232795,-30.494353088662564,945.4705953328667,166.06114347809893,-73.20070642735367,-16.20373880846829,-16.146831773772064
48736797,107.316000,-106.329124,-115.693500,1023.32,1114.47,1023.09,1136.75,0.02,-0.02,0.23,0.22,0.22,0.07,1393.38,645.7474093869727,672.9678280374807,0.5449571221131632,740.6299779671734,347.0556646322111,-30.360279908850455,943.0548318276167,162.88001466935293,-71.72430801104865,-16.20373880846829,-15.238953138311338
48736898,107.414000,-104.387410,-126.522579,1023.43,1114.38,1023.26,1136.62,0.02,-0.02,0.24,1.0,0.25,0.21,1393.83,645.755935484382,672.9808074252956,0.5629637853500677,740.2479874053976,347.0567507049808,-30.41500059524144,943.1403417191842,163.15474286622,-71.94204711916804,-16.167955071351482,-15.47486947260738
48736998,107.514000,-104.194327,-128.035133,1024.24,1123.17,1023.32,1136.72,0.02,-0.03,0.38,0.88,0.26,0.2,1392.42,645.7457755195775,672.9876866655547,0.5569176798219251,741.094712971889,347.2860637950948,-30.47164443253094,944.2336918804361,164.06741037796823,-72.24433092982378,-16.317357688331477,-15.316800830414579
48737097,107.614000,-103.003168,-126.471070,1025.57,1132.83,1023.03,1136.94,0.02,-0.02,0.61,0.77,0.21,0.15,1391.72,645.7436769789517,673.0087526708554,0.5879465032666451,742.3238399740094,347.67321416731363,-30.875762072163056,946.2425746923709,165.6056328465002,-72.26246044081351,-16.53421878548211,-15.171687587808314
48737197,107.713000,-103.000097,-122.795283,1024.57,1128.77,1023.19,1136.58,0.02,-0.02,0.44,0.64,0.24,1.0,1391.75,645.7610785100301,673.0036146622563,0.6021830280044098,743.6223508072956,348.1308535697719,-31.605808098563063,949.2636132382796,167.43523225671856,-72.57368004902933,-16.76385301944714,-15.166734305836314
48737298,107.814000,-102.963342,-122.272734,1023.65,1122.97,1024.74,1145.9,0.02,-0.02,0.28,0.35,0.55,0.22,1391.88,645.7428234075891,673.0112554965597,0.5890079561341361,747.6709558723002,349.8039735700488,-32.9114244331949,949.2636132382796,167.43523225671856,-72.57368004902933,-16.76385301944714,-15.166734305836314
48737398,107.914000,-103.468523,-121.609004,1023.93,1123.38,1024.18,1144.9,0.02,-0.02,0.33,0.28,0.44,0.02,1390.53,645.7431760754663,673.020741730564,0.5623475401879773,753.8013527229983,352.7191406068411,-35.110612773737415,949.2636132382796,167.43523225671856,-72.57368004902933,-16.76385301944714,-15.166734305836314
48737498,108.014000,-103.603263,-125.337527,1024.12,1123.8,1023.84,1144.41,0.02,-0.02,0.36,0.2,0.37,0.08,1391.18,645.7305199732972,673.0723309140728,0.6373450368463545,758.2427870502823,354.9146998507668,-36.344287513111105,949.2636132382796,167.43523225671856,-72.57368004902933,-16.76385301944714,-15.166734305836314
48737599,108.114000,-104.212853,-126.879269,1023.89,1124.23,1023.44,1144.71,0.02,-0.02,0.32,0.13,0.29,0.02,1391.19,645.7392849351845,673.0504261020043,0.5767279624832917,761.3459247723176,356.3753371156891,-37.1999645102563,984.8867578209876,203.30365576891424,-81.35295670464541,-20.055312351426483,-15.487616647976544
48737701,108.217000,-103.896655,-128.774855,1023.3,1124.72,1023.65,1144.49,0.02,-0.02,0.22,0.05,0.33,0.06,1391.93,645.7431222332885,673.090400058329,0.5973587595096406,759.2613181243325,355.5385146879465,-36.855150426379005,983.4161234659845,202.64511112661762,-81.6397668541045,-19.670913594836595,-16.360726178487802
48737802,108.317000,-106.523258,-122.637031,1022.81,1125.21,1023.43,1144.84,0.02,-0.02,0.14,0.12,0.29,1.0,1392.93,645.7298264838083,673.0424234836203,0.6255709016409859,755.8615515554029,353.7585722367317,-35.457168440373366,975.6595634759124,194.2917316404542,-80.23687703146278,-19.031033997487256,-15.976469043529967
48737902,108.418000,-106.311140,-127.358085,1022.6,1125.48,1024.86,1153.54,0.02,-0.02,0.1,0.07,0.57,0.55,1392.66,645.7209125101092,672.9990694183865,0.6198684668821666,750.2481573356555,351.2603160403823,-33.97797117435699,975.6595634759124,194.2917316404542,-80.23687703146278,-19.031033997487256,-15.976469043529967
48738002,108.517000,-106.721663,-127.033362,1022.73,1125.19,1023.63,1149.24,0.02,-0.02,0.12,0.53,0.33,0.02,1392.53,645.7506872107465,673.0241145503605,0.587515488083225,746.7387034880475,349.8594125163241,-33.266606066881934,959.4749873078682,179.78874702729445,-76.72710049452562,-17.35387068792793,-16.651893482584562
48738102,108.617000,-107.685154,-126.573162,1023.87,1129.66,1023.48,1148.9,0.02,-0.02,0.32,0.16,0.3,0.03,1391.81,645.7557350428095,673.028141500977,0.595579776305929,745.3693620757733,349.16560542531397,-32.619523767653824,958.9511125790993,182.3298751659322,-79.01703014016893,-17.096848636946312,-17.81173721610368
48738201,108.717000,-108.782520,-124.341037,1024.64,1129.99,1023.4,1149.16,0.02,-0.02,0.45,0.21,0.28,0.03,1392.07,645.7447169047309,673.0293710074658,0.6153095098467025,749.4743152842408,350.9479531823121,-34.051390456182304,964.7511629921131,186.27027164104229,-79.30544201037009,-17.851682467535564,-16.88217547795778
48738301,108.816000,-109.355804,-128.298355,1024.41,1129.07,1023.69,1148.71,0.02,-0.03,0.41,0.06,0.34,0.06,1392.4,645.7365423942804,673.051100393212,0.6284185647485959,754.2355774329999,353.1542425424949,-35.866400154936606,964.7511629921131,186.27027164104229,-79.30544201037009,-17.851682467535564,-16.88217547795778
48738401,108.917000,-110.875196,-127.864660,1024.23,1128.68,1023.45,1148.99,0.02,-0.02,0.38,0.01,0.29,0.01,1392.09,645.7307967840464,673.0621483183812,0.5967858468196838,760.8521128075296,356.2151889715686,-37.48808216654919,964.7511629921131,186.27027164104229,-79.30544201037009,-17.851682467535564,-16.88217547795778
48738502,109.017000,-110.061704,-131.416010,1023.88,1128.92,1023.53,1148.88,0.02,-0.02,0.32,0.67,0.31,0.2,1391.5,645.7494509751263,673.0716149206145,0.5743747499929927,764.4055333546477,358.14204482187085,-38.64094123251807,993.313697576282,214.7507620912233,-84.81944714691302,-20.644914805533553,-16.646564627895906
48738601,109.117000,-108.074686,-128.613022,1024.12,1136.34,1023.5,1149.03,0.02,-0.02,0.36,0.73,0.3,0.88,1391.65,645.7333894506047,673.0762356241695,0.6144531993880422,765.5960663102613,358.65380391839534,-38.85944729770892,995.2362046880235,216.51306100491138,-84.94891095956561,-20.867617525641652,-16.508430400168763
48738701,109.217000,-107.689965,-130.378994,1023.66,1133.85,1024.55,1157.65,0.02,-0.02,0.28,0.3,0.51,0.85,1391.39,645.7296119844082,673.0733031015427,0.6008244129594912,763.3880303968834,357.54652936649416,-38.373132139879125,991.1531582885392,212.34256573822697,-84.72962760357746,-20.450243832067795,-16.581340892672685
48738801,109.316000,-107.855143,-130.567215,1023.31,1132.49,1023.49,1151.16,0.02,-0.02,0.22,0.07,0.3,0.45,1391.35,645.7288792535594,673.0328833788171,0.5852944866136627,758.9704803446524,355.36340529246655,-37.22130433762929,984.328749711386,205.07135166948035,-83.00898704486741,-19.61993998333076,-17.06068826109484
48738901,109.416000,-107.596882,-134.137284,1023.52,1132.1,1023.77,1155.24,0.03,-0.03,0.26,0.38,0.35,0.53,1390.66,645.7489307615697,673.054957305682,0.5837229500073482,756.0301763314646,353.86284457318186,-36.06558417478786,980.2085378183849,203.0590977041202,-83.90489160058067,-19.06009059952811,-17.951279605501327
48739001,109.517000,-112.672672,-134.807503,1023.63,1130.0,1023.23,1151.96,0.03,-0.03,0.28,0.07,0.25,0.84,1391.16,645.7433417113713,673.0275747367693,0.6050200269986884,756.9203679657496,354.3772502081201,-36.701384928416466,980.0997512320778,202.8758068653108,-83.51125326913579,-19.233868124141782,-17.36232393254234
48739102,109.617000,-115.497952,-132.012898,1023.7,1129.4,1024.73,1159.13,0.03,-0.03,0.29,0.03,0.55,0.6,1390.32,645.7348486427046,673.1097796247087,0.6509842845452317,757.8945614179684,354.8991855436844,-36.8162341895633,980.0997512320778,202.8758068653108,-83.51125326913579,-19.233868124141782,-17.36232393254234
48739202,109.721000,-115.869844,-131.463753,1023.78,1129.49,1022.99,1154.97,0.02,-0.03,0.3,1.0,0.2,0.19,1389.42,645.7389156441621,673.0353098360183,0.5666625947593578,762.4595003275252,357.03146524248496,-37.992898919523924,988.9902214364207,210.8432360182182,-84.54495534104308,-20.272437341264702,-16.619551703962323
48739301,109.818000,-116.447236,-133.568190,1024.43,1139.38,1023.25,1154.38,0.02,-0.03,0.41,0.26,0.25,0.18,1389.62,645.7204200320363,673.0994773587123,0.6421533619008342,761.6075573827568,356.81997161221193,-37.93906566985731,992.1871597110918,218.5705023529248,-87.77522873391695,-20.123205676925895,-18.807794469603515
48739403,109.916000,-116.424226,-131.818342,1024.35,1140.63,1022.69,1155.06,0.02,-0.03,0.4,0.47,0.14,0.32,1390.18,645.7139402692811,673.0775674808368,0.6118971115490072,763.4818598055695,357.5438604029726,-38.25537538157583,991.9357971283517,214.93599184830185,-86.24747789033917,-20.467286089531353,-17.09176857758292
48739505,110.022000,-116.119455,-133.433612,1024.0,1137.13,1023.07,1153.98,0.02,-0.03,0.34,0.13,0.21,0.1,1391.17,645.7346439793212,673.0869632505136,0.6037981237795307,760.4268871822384,356.0538990323717,-37.82196244217182,989.7171687951001,214.59092193463604,-86.37959723988658,-19.88847473644622,-18.55011652787214
48739605,110.120000,-115.876750,-133.868999,1023.99,1136.05,1023.0,1154.04,0.02,-0.03,0.34,0.31,0.2,0.12,1391.04,645.7308806684945,673.0771065023504,0.6444814706009246,761.6282159689387,356.4942903865229,-37.810715590054336,989.5195198482224,211.40543832377827,-85.41015453947027,-20.10709844848928,-17.30260251189798
48739705,110.224000,-115.398981,-135.314034,1024.14,1136.36,1022.87,1154.38,0.02,-0.03,0.36,0.26,0.17,0.18,1391.9,645.7435626718636,673.074762965608,0.6414911594553244,763.1973952730733,357.46545892326577,-38.56730694225504,992.7571471315886,216.77589117067544,-86.3911451911141,-20.412723199946733,-17.671800914015492
48739805,110.324000,-115.741358,-134.746659,1024.18,1136.55,1023.13,1153.98,0.02,-0.03,0.37,0.22,0.23,0.1,1392.65,645.7276880271235,673.1185141097411,0.6084203670772956,765.166368497633,358.5158808174171,-39.10985457115075,996.7540020542564,221.05134162080492,-87.56123019294044,-20.78923249087599,-17.729242861671345
48739906,110.427000,-116.219016,-136.543366,1024.0,1136.59,1022.92,1154.36,0.02,-0.03,0.34,0.22,0.18,0.18,1393.64,645.7244208881989,673.0892212568781,0.6312331704979064,767.4655283979516,359.59950418239276,-39.72492798072521,999.4073824220785,222.8544819843848,-87.29424575255275,-21.223263919141722,-17.03131794161139
48740005,110.521000,-116.919975,-136.800683,1023.79,1136.86,1023.07,1154.14,0.02,-0.03,0.3,0.17,0.21,0.14,1394.06,645.7281139168268,673.0858055086463,0.6171222656257858,766.6468380181249,359.33042743040704,-39.67558675020948,999.8309674269838,225.36287848750314,-88.4489119352754,-21.07624951612975,-17.969529970168217
48740105,110.621000,-117.603144,-136.790736,1023.65,1136.99,1022.93,1153.94,0.02,-0.03,0.28,0.15,0.19,0.1,1394.72,645.739825152643,673.11901252925,0.6262445680528671,766.5782697355945,359.18606298539805,-39.509125534784204,998.5021311595212,221.74023313606554,-87.1230180015661,-21.05261396457841,-17.242373113509878
48740205,110.720000,-117.594434,-136.910222,1023.68,1136.9,1022.83,1154.23,0.02,-0.03,0.29,0.17,0.17,0.15,1395.22,645.7227152604898,673.0519138333553,0.6272281748769749,764.677132403277,358.23157828619395,-38.877582788408844,995.7152079035841,220.4565455426107,-87.31622873172174,-20.69900073807853,-17.79308892760328
48740306,110.820000,-117.785096,-136.214687,1023.69,1136.9,1023.06,1153.88,0.02,-0.03,0.29,0.46,0.21,1.0,1395.45,645.724596043498,673.071853603417,0.6045095767216007,763.3842570388389,357.5625272843373,-38.61015098733198,993.6398070509912,217.49979330166,-86.49792233477686,-20.451479180152457,-17.7852042499754
48740405,110.922000,-117.615891,-136.230324,1024.16,1140.36,1023.97,1162.61,0.02,-0.03,0.37,0.1,0.39,0.88,1393.68,645.7406637506367,673.0873683850805,0.5915336746495724,763.4897433888708,357.55957225428415,-38.43828507418663,992.8615242367187,216.10752912703543,-86.24079847086054,-20.464634888222662,-17.408873098678846
48740505,111.022000,-117.804863,-142.758720,1024.5,1140.78,1023.63,1155.52,0.02,-0.03,0.43,0.17,0.33,0.54,1392.8,645.730705357847,673.0836277903135,0.5959669123129142,763.4615578118014,357.61266386643484,-38.68248422912631,993.7999189058137,218.5094669886783,-86.80975372059545,-20.465110198425705,-17.941662522585005
48740606,111.122000,-117.864558,-143.498353,1024.33,1140.25,1024.26,1160.93,0.01,-0.03,0.4,0.08,0.45,0.54,1391.78,645.7244816508344,673.0993311780626,0.6575127852825972,764.9685934759945,358.33580135814145,-39.10780943473268,996.316177309737,221.19503457890784,-88.22010704999049,-20.7485479705601,-17.84382320669971
48740705,111.221000,-123.052254,-140.931094,1024.13,1139.76,1023.31,1157.54,0.01,-0.03,0.36,0.0,0.26,0.14,1391.65,645.7141798969259,673.1090119204899,0.649188398626153,766.8938588397051,359.4886684830567,-40.222714084911736,1000.6857121794945,227.63957229027022,-89.63265796475817,-21.12601986073327,-18.326730039780614
48740805,111.321000,-125.432001,-142.084420,1024.13,1139.82,1023.47,1156.8,0.01,-0.03,0.36,0.01,0.29,0.28,1390.11,645.7351128973802,673.0931553923066,0.6260021011031159,769.626529482041,360.845642186233,-40.68035649534285,1000.6857121794945,227.63957229027022,-89.63265796475817,-21.12601986073327,-18.326730039780614
48740906,111.420000,-126.175522,-141.256030,1024.0,1139.81,1022.95,1157.79,0.01,-0.03,0.34,0.0,0.19,0.08,1390.93,645.7230841809491,673.0903589846359,0.6295171386112792,771.6363461404968,361.98880199333354,-41.42140348953253,1007.8283159008689,235.79280384530153,-91.03366286439162,-22.03483487299202,-17.81499887790764
48741005,111.522000,-124.316698,-142.956463,1023.64,1140.21,1023.66,1157.27,0.01,-0.03,0.28,1.0,0.33,1.0,1391.94,645.7344047406041,673.1365022356915,0.6733754589252512,770.848972866169,361.73631856433065,-41.344478864621976,1008.115809329908,236.96979418456252,-91.14476662361851,-21.889306925323407,-18.48379392615209
48741105,111.622000,-122.685261,-143.198391,1024.25,1148.49,1024.28,1166.15,0.01,-0.03,0.38,0.37,0.46,0.24,1390.43,645.7131186211727,673.0991604449334,0.6463397980135153,771.209331350107,361.7231512155302,-40.90350631575312,1006.3182332379955,231.96708951537659,-89.9263384414093,-21.951283836748882,-17.203227494984617
48741205,111.721000,-121.316732,-144.533918,1024.29,1147.4,1024.25,1165.54,0.01,-0.03,0.39,0.18,0.45,0.12,1389.9,645.7395786256405,673.1071233794139,0.6146784013035541,767.5079122399659,359.94346299695786,-40.30128512207573,1003.0018908255778,231.73277991880548,-90.41554300407218,-21.247718844470917,-18.93923321917584
48741306,111.822000,-121.549868,-144.919024,1024.42,1146.17,1024.29,1164.59,0.01,-0.03,0.41,0.02,0.46,0.07,1391.0,645.7387662701362,673.1135884226783,0.6456712712493872,766.9920130404868,359.3567390767364,-39.99282242499338,1000.4223270763802,226.8710420945426,-89.63076415093292,-21.129328412833626,-18.163834678697945
48741406,111.921000,-122.735163,-145.454606,1024.69,1145.3,1023.61,1164.93,0.02,-0.03,0.46,0.3,0.32,0.4,1389.65,645.718133907888,673.1183396775403,0.6246374801407876,766.9820497991296,359.54756063680327,-40.506183324864146,1002.9439468188122,233.38496614092188,-92.131398524086,-21.142455146651894,-19.58285064154896
48741505,112.022000,-124.545290,-143.655631,1024.22,1144.54,1024.49,1166.82,0.02,-0.03,0.38,0.17,0.5,0.02,1390.22,645.7352457178321,673.1145424172047,0.6250313448173792,771.4858614408512,361.96657675384705,-41.557111403918505,1002.9439468188122,233.38496614092188,-92.131398524086,-21.142455146651894,-19.58285064154896
48741606,112.122000,-125.901815,-145.501171,1024.11,1144.38,1023.64,1166.94,0.02,-0.03,0.38,0.17,0.5,0.02,1391.32,645.7254666913921,673.1198953285079,0.628084867785187,777.0051785189162,365.16474255708215,-43.455585213669345,1017.8541960783477,250.23645155323095,-94.70818880222588,-23.08830437580092,-18.31385653998091
48741706,112.222000,-125.680883,-148.953638,1024.05,1148.86,1023.67,1166.69,0.02,-0.02,0.36,0.5,0.33,0.08,1390.39,645.7222580238086,673.2508958421873,0.5722237390060481,778.9531922921262,366.5551439898627,-44.106740218836315,1022.9255554266439,260.4638751832913,-96.95391528023596,-23.480487839926898,-19.5372337332768
48741806,112.321000,-126.274300,-148.378353,1024.06,1149.74,1023.66,1166.69,0.02,-0.02,0.35,0.16,0.33,0.16,1389.99,645.7108468318381,673.2067015936431,0.5507742679938101,780.9993859044579,367.62145799057816,-44.37054117009835,1024.6885892645405,261.1626385351237,-96.95840909701624,-23.879905192518574,-18.641448399121366
48741906,112.421000,-127.043554,-148.603707,1024.06,1149.74,1023.66,1166.69,0.02,-0.02,0.35,0.31,0.33,0.16,1390.9,645.7421747607093,673.1485440431902,0.6378132140549024,778.0774506105759,365.96245295685964,-44.00768369962236,1022.0247772585964,259.6956944379039,-97.21398899361198,-23.306300104269763,-19.848806405913173
48742005,112.521000,-128.157615,-146.692418,1023.63,1149.21,1023.52,1166.89,0.02,-0.02,0.28,0.16,0.3,0.7,1391.4,645.7337977116293,673.1361878204939,0.6221890726298701,776.1723684741329,364.69279604148744,-43.25157506800912,1017.9092083567249,251.8030425310508,-95.3653148109424,-22.923164776159695,-19.12135864590411
48742106,112.621000,-128.015907,-148.784868,1023.73,1149.01,1024.75,1173.4,0.02,-0.02,0.29,0.13,0.55,0.6,1391.78,645.7308825296226,673.1231968715964,0.627096480267599,774.0435127751751,363.5733768893372,-42.62573792966265,1014.8116353532075,249.7671937608341,-95.25342569570331,-22.514674942277736,-19.671503436232356
48742206,112.721000,-126.946205,-148.252336,1023.95,1148.73,1023.26,1168.82,0.02,-0.02,0.33,0.08,0.25,0.31,1391.34,645.7152122978748,673.1201702536699,0.6650436492684497,773.8914355606817,363.4065292082566,-42.62340414456903,1014.7586187482941,250.3956718065008,-96.21574794573935,-22.48241242659819,-19.89999017504382
48742305,112.822000,-126.180179,-148.341309,1024.27,1148.28,1023.32,1168.81,0.01,-0.02,0.39,0.0,0.26,0.31,1392.16,645.7435560169636,673.1595708275038,0.666085456471437,775.4125305612739,364.4053257748835,-43.378867989355044,1017.7025769868371,255.85228091652118,-97.40922275067467,-22.781173989424428,-20.303873313049145
48742406,112.921000,-125.963794,-147.680619,1024.19,1147.92,1022.97,1169.78,0.02,-0.02,0.37,0.06,0.19,0.12,1391.64,645.7359488117422,673.1509285060235,0.6192237965094687,778.5413073334929,366.17687828195636,-43.993635872349266,1022.0270303935304,259.85978722608695,-97.59687483379447,-23.394627177022333,-19.622445658409667
48742506,113.022000,-126.011070,-148.783550,1024.2,1147.87,1023.61,1169.27,0.02,-0.02,0.37,0.07,0.32,0.22,1392.47,645.7090455047986,673.2238323625871,0.5607881262238652,780.5169033821369,367.4448995792419,-44.81788984793342,1025.358453209531,264.35489740054084,-98.33778276700183,-23.791102038220153,-19.58437564057043
48742606,113.122000,-126.667549,-148.964370,1023.89,1148.08,1023.32,1169.75,0.02,-0.02,0.32,0.03,0.26,0.13,1393.28,645.7299911129955,673.1404186783399,0.6512900636968506,780.3012169434369,367.3401776059083,-44.74651411365047,1025.6307623837217,266.62725275532165,-98.98437306833806,-23.752495716743375,-20.175829913170105
48742707,113.222000,-126.926491,-148.686084,1023.63,1148.41,1023.24,1169.69,0.02,-0.02,0.28,0.07,0.25,0.22,1393.74,645.7343632501971,673.1642460231614,0.6208632080245112,780.0340725254554,367.0447429247049,-44.47913137974503,1024.3607049142984,262.63305985733746,-97.90450047851509,-23.687859217020037,-19.485098937328864
48742807,113.323000,-127.658728,-155.338559,1023.49,1148.48,1023.3,1169.51,0.02,-0.02,0.25,0.03,0.26,0.29,1393.07,645.7275638529385,673.1579010098405,0.6345534805300637,777.2017602914945,365.4653486270864,-43.76100309487056,1021.0705958089825,260.3066228777157,-98.10044532219098,-23.13657281858549,-20.400656813395024
48742907,113.422000,-132.892857,-153.013051,1023.43,1148.43,1023.19,1169.64,0.02,-0.02,0.24,0.08,0.24,0.21,1393.72,645.7320852402163,673.1331587326913,0.6421333962885545,776.1517782898653,364.7637647326084,-43.39535282535643,1018.4099767032895,255.17672118528264,-96.78790575758424,-22.925121604321436,-19.809835212254193
48743006,113.523000,-133.873737,-153.083087,1023.55,1148.31,1023.45,1169.36,0.02,-0.02,0.26,0.23,0.29,1.0,1393.65,645.7157016605031,673.2231659684588,0.5774893424728832,775.1850829467259,364.33170703034756,-43.1557735312861,1017.4672306787097,254.80339062941525,-96.93960206416183,-22.740604204320448,-20.1925271627983
48743107,113.622000,-135.162752,-151.627749,1023.64,1148.05,1024.52,1177.83,0.01,-0.02,0.28,0.27,0.5,0.1,1393.42,645.7396657420444,673.135089164496,0.6365986186250532,776.0336644301666,364.7498977332588,-43.29345516877025,1018.4553737795762,256.2330392194333,-97.33116759993767,-22.904255704203134,-20.076446581094253
48743208,113.722000,-133.557726,-153.984690,1023.85,1147.9,1024.32,1176.93,0.01,-0.02,0.32,0.3,0.46,0.08,1392.82,645.7328793009475,673.1629723395135,0.6328589852987657,777.7965724142132,365.772090485459,-43.78036371107089,1021.1219795396995,260.10900653295323,-98.25108697133189,-23.249708569827238,-20.027879844250457
48743308,113.824000,-131.335534,-153.412330,1023.95,1147.97,1023.78,1176.4,0.01,-0.02,0.33,1.0,0.36,0.55,1392.26,645.7280064982169,673.1706546914126,0.6368288326817232,777.9184054487512,366.02217879998324,-44.06535270474443,1023.5701147917022,268.4139559647567,-101.21031136016069,-23.286051643371163,-21.75779684151137
48743408,113.923000,-130.845699,-152.377723,1024.86,1157.15,1022.91,1173.13,0.01,-0.02,0.49,0.27,0.18,0.57,1390.63,645.7104406484075,673.2136302344595,0.5383443144170801,780.5161812627122,367.3537073586072,-44.543281508455465,1025.8028036314615,268.7479284618627,-100.57923636592068,-23.785169498014415,-20.529421922087273
48743508,114.024000,-129.106765,-154.897286,1024.25,1158.26,1023.89,1177.9,0.01,-0.03,0.38,0.46,0.38,0.38,1390.95,645.7125614661807,673.2268831806393,0.5653957864916925,779.7656431361967,366.9944112347847,-44.71206193979025,1026.1175591251533,270.5864313979265,-101.12925414157087,-23.641370626561446,-21.34473977066645
48743608,114.124000,-128.981330,-154.347121,1023.87,1154.49,1023.43,1175.66,0.02,-0.03,0.32,0.28,0.29,0.26,1392.06,645.7135754291251,673.2169050540539,0.5427001130894954,781.1372077934227,367.5410137863167,-44.88915489453442,1026.8262526551598,267.98027169083196,-99.98537006496157,-23.894786088575643,-20.151126035219832
48743709,114.224000,-130.062791,-154.754357,1023.95,1153.09,1023.68,1174.95,0.02,-0.03,0.33,0.04,0.34,0.11,1392.87,645.7211720869898,673.2126803263913,0.5622193785838878,781.7846012715393,368.3095400898719,-45.550913091695435,1029.3177848822613,275.6505621625767,-102.41562337635915,-24.048880868325494,-21.37987993596952
48743810,114.324000,-134.748811,-154.877907,1023.95,1153.08,1023.34,1175.43,0.02,-0.03,0.33,0.04,0.27,0.21,1393.66,645.8073756993299,673.2882690288055,0.6490095136858313,785.1501897258976,370.3547236242601,-46.292742934291944,1032.9748528475025,279.2536252848492,-102.1379320827689,-24.701397296284558,-20.413624462763202
48743909,114.428000,-136.717497,-157.760648,1023.85,1153.22,1023.69,1175.09,0.02,-0.02,0.31,0.06,0.34,0.14,1394.34,645.7092799757801,673.2571509767868,0.5331355168036097,786.2581715270785,371.06437656670374,-46.845659351215474,1035.2831240168866,283.056494107607,-103.06326259637088,-24.942987562245143,-20.65011271099324
48744010,114.531000,-137.095669,-157.629267,1023.68,1153.54,1023.46,1175.37,0.02,-0.03,0.29,0.12,0.29,0.2,1394.81,645.7104689947848,673.2270811071288,0.5779662873851915,785.6540390869897,370.73589519319415,-46.806408526133374,1034.7348253334646,282.9369516901335,-103.2516390764737,-24.827000358936726,-20.92886123714515
48744110,114.626000,-135.191992,-157.349673,1023.41,1153.89,1023.55,1175.42,0.02,-0.03,0.24,0.88,0.31,0.84,1391.85,645.7158259502509,673.2356633016389,0.5442097683922307,784.5223363277537,369.9390986291834,-46.11997209751065,1032.226022739111,278.03176558674375,-102.09882487659902,-24.59164436223766,-20.459973639953688
48744211,114.725000,-134.105230,-158.328781,1023.85,1161.29,1024.32,1182.29,0.02,-0.02,0.31,0.37,0.46,0.53,1391.06,645.7115215451278,673.223706043408,0.564020697720602,781.5327660625653,368.23428995337025,-45.56484854169449,1028.865928768595,274.91684446550147,-101.91076810167466,-24.00489265118813,-21.318998664529815
48744310,114.827000,-133.589840,-156.810905,1024.23,1159.66,1023.77,1177.62,0.02,-0.02,0.38,0.42,0.35,0.35,1390.62,645.72501005763,673.220696849744,0.5420013808487593,780.9166172445139,367.6073826682898,-45.01377598127458,1026.8715519403809,270.4718153523419,-101.032705589626,-23.862760403809165,-20.723810866455075
48744410,114.926000,-133.404587,-157.193653,1024.25,1155.94,1023.88,1178.5,0.02,-0.02,0.38,0.03,0.38,0.21,1391.35,645.7177065669201,673.2432456133655,0.5666270836990446,780.1487372696154,367.40122810541186,-45.356941832113115,1027.7028514565022,276.32493121697814,-103.73738144714736,-23.727602768163706,-22.345993615916967
48744511,115.026000,-135.801074,-157.858114,1024.41,1154.83,1023.78,1178.68,0.02,-0.02,0.41,0.16,0.36,0.18,1391.16,645.7333094578632,673.2647933615323,0.5083967403870022,785.8797845871352,370.76602819676236,-46.82324752705194,1034.0632875461663,281.41347710921,-103.0795505385079,-24.858101875128227,-20.483593516307025
48744610,115.127000,-137.468621,-158.186370,1024.43,1154.85,1024.01,1178.17,0.02,-0.02,0.41,0.28,0.4,0.15,1392.22,645.7373328718772,673.2783406129093,0.5491921851235161,788.3950758544149,372.82683502054624,-48.119230829672155,1039.3128170615337,294.2953903810475,-106.46687565120997,-25.39889187820576,-21.823304152291087
48744710,115.226000,-138.566948,-157.887077,1023.92,1155.04,1023.6,1178.74,0.02,-0.02,0.33,0.58,0.32,0.47,1392.18,645.7293904442593,673.2849655778892,0.5380836262150427,791.5969461413716,374.77247978574553,-48.655881092085885,1042.6020255382975,297.4367095958773,-106.09877338125162,-26.042358913353294,-20.79098643086312
48744817,115.326000,-138.159280,-159.165248,1023.98,1161.33,1024.49,1182.14,0.03,-0.02,0.34,0.48,0.5,0.22,1391.98,645.7244917800815,673.2853963934418,0.5523766184279431,790.2966853084488,374.0248296386025,-48.44995977809696,1041.7672228864797,297.3973580493068,-106.08953035454739,-25.785097195938555,-21.48290979148355
48744917,115.434000,-137.648600,-158.899820,1023.77,1159.47,1023.66,1182.21,0.03,-0.02,0.3,0.15,0.33,0.2,1391.7,645.76914695265,673.2310895184263,0.6976538313196726,787.5989334667183,372.2614488151815,-47.83813101882456,1037.8885668338785,290.76687193477767,-105.5191112566947,-25.23182174823624,-21.501050789537864
48745018,115.534000,-136.540561,-159.668115,1023.58,1158.68,1023.78,1181.7,0.03,-0.02,0.27,0.3,0.36,0.26,1392.25,645.706358296311,673.2462189666295,0.5832691305277158,784.5249609965061,370.15746022719634,-46.662974391727516,1033.6362427789006,286.1347240141526,-104.97262359965848,-24.608397155370593,-22.144471007691344
48745119,115.634000,-136.473235,-159.847438,1023.86,1158.69,1023.72,1181.75,0.03,-0.02,0.32,0.16,0.34,0.17,1393.3,645.7229779917603,673.2526948552786,0.5429221644459827,784.1113958331706,369.9665848293653,-46.65969825724402,1033.2638924910855,285.65033842481984,-104.95351353461265,-24.527052330435613,-22.249448518983534
48745218,115.741000,-136.460422,-160.116510,1024.25,1158.44,1023.76,1181.65,0.03,-0.02,0.38,0.02,0.35,0.0,1392.81,645.7056700797468,673.2910335928053,0.5480318721935322,788.3020446710248,372.741833792242,-47.94083282340027,1039.3067261863737,295.4969532508498,-106.72883474122865,-24.954610160349592,-22.130375598696602
48745319,115.834000,-137.049271,-159.566114,1024.3,1158.07,1023.83,1181.51,0.03,-0.02,0.39,0.08,0.37,0.03,1393.44,645.7651871211153,673.2883825601448,0.4835649812509608,788.3020446710248,372.741833792242,-47.94083282340027,1039.3067261863737,295.4969532508498,-106.72883474122865,-25.38212664808782,-22.130375598696602
48745418,115.935000,-138.298259,-159.471135,1024.08,1158.05,1023.76,1181.63,0.03,-0.02,0.35,0.08,0.35,0.01,1394.16,645.7651871211153,673.2883825601448,0.4835649812509608,790.7392605587678,374.28822312790976,-48.63525524513404,1042.3688307917737,299.27372770687936,-107.19335196669037,-25.867023813886064,-21.66585564820923
48745518,116.034000,-138.361410,-159.001246,1023.85,1158.26,1023.85,1181.63,0.03,-0.02,0.32,0.05,0.37,0.01,1394.65,645.7901587603379,673.2880720005415,0.5952202995309815,791.0120625591126,374.5620939447165,-48.795718546261774,1042.8718840356512,301.8638234598073,-107.76502030539648,-25.926125037296067,-22.04718957197207
48745618,116.135000,-138.255583,-158.845820,1023.66,1158.61,1023.72,1181.7,0.02,-0.02,0.28,0.01,0.34,0.01,1394.65,645.7570875966584,673.3317341511214,0.557382624808605,790.3358091432088,374.05890339177995,-48.614542412298086,1042.093142038049,299.18817848252036,-107.46755643375135,-25.78519084238218,-21.867539027273978
48745729,116.236000,-137.038320,-162.938098,1023.51,1158.67,1023.85,1181.7,0.02,-0.02,0.26,0.02,0.37,0.01,1395.08,645.7355522980155,673.2821611296812,0.5590307952535966,788.502575850646,372.77524890006583,-48.10116759556858,1039.2789432697718,295.2179104945486,-106.687483997436,-25.411800021717525,-21.991186534115442
48745826,116.347000,-137.338184,-166.128901,1023.47,1158.59,1023.78,1181.5,0.03,-0.02,0.25,0.01,0.36,0.03,1394.33,645.7794545751655,673.2347861027843,0.3322559897193738,786.7250058383358,371.69088321680255,-47.58925923440786,1036.8258006574279,291.76629090399945,-106.4228907911762,-25.051999722265066,-22.173705070206253
48745925,116.442000,-139.129419,-162.835966,1023.62,1158.38,1023.71,1181.43,0.03,-0.02,0.28,0.11,0.34,0.7,1392.91,645.7068412954862,673.2411350492256,0.5629417788823623,786.803122710567,371.7647950196947,-47.591700492010986,1036.8052747209665,292.18966899079857,-106.3857786978834,-25.080428769541573,-22.182985953161626
48746025,116.541000,-140.931094,-162.449489,1023.81,1158.1,1024.7,1187.75,0.03,-0.02,0.31,0.21,0.54,0.08,1392.88,645.7068412954862,673.2411350492256,0.5629417788823623,786.803122710567,371.7647950196947,-47.591700492010986,1036.8052747209665,292.18966899079857,-106.3857786978834,-25.080428769541573,-22.182985953161626
48746126,116.645000,-144.009756,-163.355684,1023.93,1158.04,1024.16,1187.35,0.03,-0.02,0.33,0.52,0.43,0.5,1392.86,645.7318450459652,673.2644943043917,0.5605361688577468,788.629502650582,372.9010927401118,-48.07682696185757,1039.2142735802388,295.08887702079437,-106.739702927083,-25.442733193317572,-21.86378783935153
48746226,116.742000,-143.655532,-165.259732,1024.41,1162.91,1023.47,1183.39,0.03,-0.02,0.41,0.3,0.29,0.29,1392.86,645.7010321239045,673.2975815570021,0.5964212180131165,788.8933150115733,373.2215771085621,-48.193198004996525,1040.5568708705825,301.99906990267175,-108.9463073896624,-25.50985647260198,-23.17841124657076
48746325,116.842000,-142.039490,-164.618975,1024.29,1163.1,1022.98,1183.91,0.03,-0.02,0.39,0.34,0.2,0.19,1392.0,645.802178181507,673.3088893323469,0.5102081854010373,790.5100849212992,374.1917916614878,-48.796811831455145,1042.86550554334,302.98161689042956,-108.65380002263981,-25.816929554213772,-22.608026116890713
48746426,116.941000,-140.055322,-164.904354,1023.98,1161.83,1023.21,1183.55,0.03,-0.02,0.34,0.65,0.24,0.74,1392.67,645.802178181507,673.3088893323469,0.5102081854010373,790.5100849212992,374.1917916614878,-48.796811831455145,1042.86550554334,302.98161689042956,-108.65380002263981,-25.816929554213772,-22.608026116890713
48746526,117.041000,-138.536542,-166.391071,1024.27,1167.05,1024.03,1190.36,0.03,-0.02,0.39,0.24,0.41,0.62,1391.29,645.7201868311139,673.2768597263757,0.5400757064335153,791.7173967771074,374.93747129200864,-49.08950875454676,1043.8082304830011,304.6469880463902,-109.03217766315572,-26.07556305493377,-22.2688096445767
48746626,117.141000,-138.388300,-165.764493,1024.37,1167.46,1023.68,1185.17,0.03,-0.02,0.4,0.92,0.34,0.35,1390.79,645.7591982092529,673.3267262636433,0.5606437591675467,791.0656580327075,374.57724320221234,-49.01651587047276,1044.043605999785,308.4189660621926,-110.71378797187272,-25.937468121084216,-23.469412038763195
48746726,117.242000,-138.107198,-164.741527,1023.9,1160.49,1023.68,1186.38,0.02,-0.02,0.32,0.01,0.34,0.4,1390.62,645.7451322187369,673.2895434579113,0.6133221539132677,794.0537452378114,376.53593751805136,-50.112773243201495,1047.1787992904685,309.45954207573516,-110.10294497772468,-26.554517575032662,-22.049106625348045
48746827,117.341000,-137.807068,-165.364542,1023.64,1159.48,1023.9,1189.07,0.02,-0.02,0.28,0.18,0.38,0.14,1390.06,645.7685510470366,673.3278667888064,0.6325594665342889,794.5279980518965,377.1669227227055,-50.386385859925596,1048.3118526874935,316.95240267742383,-111.66139560159016,-26.670039266495568,-23.312343736899855
48746927,117.447000,-138.001019,-164.119099,1023.62,1159.92,1024.23,1188.28,0.02,-0.02,0.28,0.03,0.45,0.31,1390.72,645.8045334158544,673.2726895586295,0.5325085229123381,795.4849344617506,377.61276981682994,-50.300455579968265,1048.8151766615715,314.96826621018914,-111.49269258219425,-26.851209216499704,-22.407895489428654
48747028,117.543000,-137.946724,-165.030444,1023.33,1160.39,1023.59,1188.64,0.02,-0.02,0.23,0.1,0.32,0.26,1391.87,645.7482874967745,673.3437978297972,0.7266368238309279,792.1156895690287,375.54267891972995,-49.553075554525535,1045.2088654299077,313.1311455811783,-111.74391222020968,-26.17383039535023,-23.799853842309176
48747128,117.642000,-137.946724,-165.030444,1023.02,1160.89,1023.91,1188.03,0.03,-0.02,0.17,0.15,0.38,0.38,1392.83,645.7574190227459,673.3083102826381,0.4806426101684788,790.4530313086431,374.2399422866147,-48.880638314032964,1042.2634711623637,304.6339345969394,-110.09654428952965,-25.81868072851831,-22.910655414700187
48747228,117.747000,-138.365619,-165.068944,1023.0,1160.78,1023.24,1186.26,0.02,-0.02,0.17,0.13,0.25,0.03,1393.32,645.7574190227459,673.3083102826381,0.4806426101684788,790.4530313086431,374.2399422866147,-48.880638314032964,1042.2634711623637,304.6339345969394,-110.09654428952965,-25.81868072851831,-22.910655414700187
48747327,117.845000,-138.454464,-164.208486,1023.2,1160.52,1023.43,1186.08,0.02,-0.02,0.2,0.1,0.29,0.19,1394.15,645.7462463279229,673.2278848423302,0.32244998573047495,787.8954500342827,372.6276247252617,-48.099841346181265,1039.1478329816855,302.1834230234403,-109.7004515168348,-25.3087412122909,-23.720494032736333
48747428,117.944000,-138.217892,-164.860253,1023.34,1160.16,1023.32,1186.14,0.03,-0.02,0.23,0.04,0.26,0.18,1393.58,645.76231736374,673.2696692249106,0.5839000820869362,789.9654486853428,373.98638833582663,-48.90773820869947,1041.6772921646696,303.9619783541037,-109.99524631440967,-25.72607955064891,-23.001659263297483
48747529,118.044000,-138.101304,-164.622604,1023.58,1159.88,1023.34,1186.27,0.03,-0.02,0.27,0.01,0.27,0.15,1394.14,645.76231736374,673.2696692249106,0.5839000820869362,789.9654486853428,373.98638833582663,-48.90773820869947,1041.6772921646696,303.9619783541037,-109.99524631440967,-25.72607955064891,-23.001659263297483
48747629,118.145000,-137.995178,-164.586735,1023.7,1159.94,1023.43,1186.1,0.03,-0.02,0.29,0.05,0.29,0.15,1393.36,645.6928869309814,673.3049944406592,0.5500975903950822,793.6667656789053,376.4766277052721,-49.95292281977329,1046.5778665619657,311.9656964392019,-110.64014167321284,-26.49701842831848,-22.696454781316014
48747729,118.246000,-137.943826,-164.789681,1023.53,1160.05,1023.36,1186.37,0.02,-0.02,0.26,0.03,0.27,0.1,1393.96,645.7783981299882,673.3194316187218,0.4524760993462923,793.1649754062714,376.2537687594345,-49.855368014582474,1046.3190721052724,312.5632950292668,-111.20719325794516,-26.38791367109178,-23.10234023076694
48747828,118.346000,-138.129568,-164.449848,1023.26,1160.3,1023.44,1186.15,0.02,-0.02,0.21,0.05,0.29,0.09,1394.44,645.7112347719668,673.3260728241312,0.5470194602787787,792.1445967457847,375.45222277167767,-49.44554312355099,1044.7057374288538,308.62672623255554,-109.94850399838596,-26.178510943854427,-22.822630121210196
48747928,118.445000,-138.199731,-164.741282,1023.11,1160.57,1023.32,1186.27,0.03,-0.02,0.19,0.1,0.26,0.06,1394.68,645.7002414333351,673.2986864286306,0.5861996795687265,789.9968199141343,374.01400080135016,-48.859239273841325,1041.9187741979567,304.8997896493891,-109.94527440657359,-25.740491674110633,-23.177517028241333
48748028,118.544000,-138.355203,-164.459263,1023.15,1160.49,1023.42,1186.24,0.02,-0.02,0.2,0.08,0.28,0.07,1395.23,645.7453772672906,673.312916772011,0.5622251723431165,789.0668639937276,373.3327356055404,-48.46207726045972,1040.5183804236817,301.8087753059242,-109.2183255582052,-25.53706466686938,-23.04776839675636
48748128,118.646000,-138.311057,-164.650834,1023.3,1160.32,1023.4,1186.24,0.02,-0.01,0.22,0.06,0.28,0.07,1395.59,645.760613627364,673.2946363364998,0.642414859011409,789.178053174733,373.50323482880697,-48.51229565895589,1040.668002832076,302.54991840162694,-109.35510604578621,-25.566022138192263,-23.112507874679302
48748229,118.744000,-138.223848,-164.571062,1023.43,1160.13,1023.35,1186.33,0.02,-0.01,0.24,0.04,0.27,0.03,1396.08,645.795836941116,673.2493715498582,0.5370142780570627,790.4623219503973,374.3162333344788,-49.01767118607968,1042.4792393127582,305.44864358995284,-109.73973556992478,-25.824318237590145,-23.067532677944435
48748328,118.845000,-138.100847,-164.616727,1023.52,1159.77,1023.38,1186.05,0.02,-0.01,0.26,0.08,0.28,0.1,1394.9,645.795836941116,673.2493715498582,0.5370142780570627,790.4623219503973,374.3162333344788,-49.01767118607968,1042.4792393127582,305.44864358995284,-109.73973556992478,-25.824318237590145,-23.067532677944435
48748429,118.944000,-138.100847,-164.616727,1023.65,1159.91,1023.37,1186.11,0.02,-0.01,0.28,0.03,0.27,0.1,1395.05,645.7818296334718,673.293480187213,0.4842966162848043,792.1372903168071,375.51535011351075,-49.48670886619428,1044.6344712553453,309.04588587494374,-110.36211852236454,-26.173730821345764,-22.904129020684096
48748528,119.044000,-138.127845,-164.629925,1023.33,1160.13,1023.48,1186.09,0.02,-0.01,0.23,0.01,0.3,0.11,1395.42,645.7682323052721,673.3172641627948,0.4671040258559564,792.8296752118971,375.9627914943148,-49.689657075156724,1045.8565826274819,311.4128636928524,-110.94265847534956,-26.3154387370697,-23.057603467344286
48748628,119.144000,-138.077963,-164.625076,1023.23,1160.31,1023.3,1186.19,0.02,-0.01,0.21,0.03,0.26,0.09,1395.59,645.8162103531243,673.3556035047668,0.6492004067678214,792.6752136356426,375.80940369734174,-49.65125658094823,1045.4548421277118,310.2115417009764,-110.61495469280825,-26.269428891407674,-22.913434380019787
48748728,119.244000,-138.261037,-164.522669,1023.17,1160.41,1023.4,1186.17,0.02,-0.01,0.2,0.05,0.28,0.09,1395.81,645.7574774631761,673.3446796239905,0.5625578798277424,791.2257618499527,374.89598946429396,-49.219415222191245,1043.6050342728918,307.668713830005,-110.26358849044087,-25.98528546199832,-23.113668481087778
48748828,119.344000,-138.292758,-164.645624,1023.2,1160.32,1023.35,1186.26,0.02,-0.01,0.2,0.01,0.27,0.05,1396.07,645.7197698255147,673.2867729645218,0.570580019544413,789.3145938038703,373.5231070913251,-48.61271824038455,1040.830490036896,302.7208695421123,-109.41911547834857,-25.59566894352429,-23.086642963635676
48748928,119.443000,-138.274744,-164.573715,1023.27,1160.13,1023.37,1186.22,0.02,-0.01,0.22,0.03,0.27,0.08,1396.44,645.7197698255147,673.2867729645218,0.570580019544413,789.3145938038703,373.5231070913251,-48.61271824038455,1040.830490036896,302.7208695421123,-109.41911547834857,-25.59566894352429,-23.086642963635676
48749028,119.544000,-138.181099,-164.601588,1023.46,1159.86,1023.37,1186.02,0.02,-0.01,0.25,0.07,0.27,0.12,1395.18,645.7467058851181,673.311639795989,0.678164703494833,791.0997642488215,374.71963721884634,-49.182932440426285,1043.2332661778235,306.595089272615,-110.2875550803173,-25.956581898890747,-22.966988600947275
48749128,119.644000,-138.070805,-164.658394,1023.5,1159.77,1023.42,1186.09,0.02,-0.02,0.26,0.09,0.28,0.11,1395.27,645.715404542261,673.310296304331,0.5914690956546839,792.1290273690144,375.51671976535624,-49.46564116491065,1044.8745890643015,309.67298608901575,-110.5339101969698,-26.181567008824896,-23.03507297880882
48749229,119.744000,-138.048115,-164.583360,1023.4,1159.84,1023.48,1186.0,0.02,-0.02,0.24,0.08,0.3,0.13,1395.65,645.7652131147178,673.3164791821749,0.4731383092824812,792.6852204604438,375.82995757493416,-49.64906253262321,1045.5248001179125,310.38465337756554,-110.78416964800698,-26.283436766986622,-22.921117237543164
48749328,119.844000,-138.072909,-164.666995,1023.4,1160.07,1023.44,1186.16,0.02,-0.02,0.24,0.04,0.29,0.1,1395.94,645.7780846885621,673.3018382063289,0.4784247587531556,791.9950078890361,375.3561049096371,-49.51888973085288,1044.5915511009352,309.158458657618,-110.55061042682105,-26.139504109285404,-23.035809287831768
48749429,119.944000,-138.181724,-164.568768,1023.23,1160.18,1023.33,1186.11,0.02,-0.02,0.21,0.02,0.27,0.11,1396.21,645.7039427512484,673.3172698228782,0.590910754210949,790.8937236938697,374.61547974738346,-49.01246874078591,1043.029741060895,306.28747510240987,-109.9949248496469,-25.92296546060734,-22.991285910063986
48749530,120.045000,-138.250774,-164.630988,1023.21,1160.1,1023.44,1186.07,0.02,-0.02,0.21,0.03,0.29,0.11,1396.37,645.7140502373267,673.3021549258159,0.585743908669306,789.8325003317893,373.87663132665597,-48.71640043199701,1041.580812365784,304.0447939828246,-109.68158777624951,-25.702280298555603,-23.092089438591593
48749629,120.146000,-138.287515,-164.561770,1023.27,1160.1,1023.38,1186.17,0.02,-0.02,0.22,0.03,0.28,0.09,1396.46,645.7140502373267,673.3021549258159,0.585743908669306,789.8325003317893,373.87663132665597,-48.71640043199701,1041.580812365784,304.0447939828246,-109.68158777624951,-25.702280298555603,-23.092089438591593
48749729,120.245000,-138.287515,-164.561770,1023.43,1159.87,1023.44,1186.07,0.02,-0.01,0.24,0.07,0.29,0.1,1396.59,645.7509228037272,673.313982099312,0.5522186024550508,789.6474397541109,373.76436598713707,-48.71408200172434,1041.2820770112514,303.46946323588475,-109.4748837606997,-25.658523335099986,-23.07508546696593
48749829,120.345000,-138.133046,-164.634512,1023.43,1159.69,1023.48,1186.08,0.02,-0.02,0.24,0.1,0.3,0.1,1396.63,645.7936236956745,673.281403563782,0.5315355630654363,791.3931376740474,374.9822081442727,-49.24640130936625,1043.6693673128934,307.68663195063857,-110.2067291659584,-26.016953132594303,-23.03002987418357
48749929,120.445000,-138.082588,-164.601893,1023.43,1159.63,1023.39,1186.07,0.02,-0.02,0.24,0.09,0.28,0.11,1396.73,645.7348722292805,673.2986313543497,0.5830343824350226,792.2157732243461,375.5302643263568,-49.51599767982217,1044.9261306107655,309.46891191119846,-110.52127153921649,-26.193911697648428,-22.96224307240019
48750029,120.545000,-138.065090,-164.642473,1023.24,1159.88,1023.33,1186.0,0.02,-0.01,0.21,0.04,0.27,0.13,1396.75,645.7939627993316,673.3060900201299,0.6345018049452891,792.2170418673657,375.5338096210135,-49.54941436088004,1044.9772395383316,309.8117321221788,-110.43490973040569,-26.184654711169095,-23.05553460182493
48750129,120.645000,-138.065090,-164.642473,1023.3,1160.04,1023.42,1186.12,0.01,-0.01,0.22,0.02,0.28,0.1,1396.78,645.7027743680878,673.3135929750592,0.5860734759974063,791.5288127233706,375.0221796240387,-49.32136547945875,1043.9730675677044,308.01611147963825,-110.33512701773192,-26.052670674285192,-23.02945809394904
48750230,120.745000,-138.128928,-164.573357,1023.13,1160.1,1023.38,1186.2,0.01,-0.01,0.19,0.01,0.28,0.09,1396.93,645.7027743680878,673.3135929750592,0.5860734759974063,791.5288127233706,375.0221796240387,-49.32136547945875,1043.9730675677044,308.01611147963825,-110.33512701773192,-26.052670674285192,-23.02945809394904
48750330,120.845000,-138.264339,-164.604511,1023.18,1160.11,1023.51,1186.18,0.01,-0.01,0.2,0.0,0.3,0.08,1396.77,645.7954861661502,673.2810438050143,0.6100662898256034,789.8839964345148,373.8941577940057,-48.752591393651194,1041.5970770777342,304.0628941488899,-109.65365742408467,-25.700517802208264,-23.093670134132203
48750430,120.946000,-138.259941,-164.576531,1023.39,1160.0,1023.41,1186.13,0.01,-0.01,0.24,0.04,0.28,0.09,1395.5,645.7954861661502,673.2810438050143,0.6100662898256034,789.8839964345148,373.8941577940057,-48.752591393651194,1041.5970770777342,304.0628941488899,-109.65365742408467,-25.700517802208264,-23.093670134132203
48750530,121.046000,-138.195704,-164.614684,1023.43,1159.77,1023.48,1185.99,0.01,-0.02,0.24,0.08,0.3,0.12,1395.53,645.7455460073459,673.3441409242694,0.544472232521212,790.0106814760267,373.9592630900929,-48.85369825376131,1041.7052239070472,304.23611466061146,-109.71174692375654,-25.72810672734956,-23.060260038834024
48750630,121.146000,-138.119579,-164.621920,1023.41,1159.71,1023.53,1185.75,0.01,-0.02,0.24,0.09,0.31,0.16,1395.93,645.7118163162769,673.2914404141313,0.588596263913762,790.7683944759702,374.47399675334646,-49.10656796236458,1042.7812952201814,306.05277404222943,-109.79188994038093,-25.89357975283648,-23.023250823582515
48750730,121.246000,-138.082658,-164.617813,1023.46,1159.68,1023.46,1186.02,0.02,-0.02,0.25,0.1,0.29,0.11,1396.18,645.750675025916,673.2755000141279,0.6226081936446225,791.6431159200423,375.113557283482,-49.43544579337629,1044.0013482078518,308.2127760413635,-110.50558937925808,-26.072782718080557,-23.00672379797765
48750830,121.347000,-138.082658,-164.617813,1023.5,1159.76,1023.48,1185.99,0.01,-0.02,0.25,0.09,0.3,0.12,1396.22,645.7106035087564,673.3293247633316,0.5680733623864406,792.0961737978289,375.48722908934366,-49.45306216525701,1044.7917803311507,309.2698378927441,-110.52659780345606,-26.17352491133908,-22.96908661562904
48750931,121.447000,-138.166997,-164.565965,1023.28,1159.96,1023.49,1186.02,0.01,-0.02,0.22,0.05,0.3,0.11,1396.36,645.7806114805212,673.302482171599,0.6538434615219071,791.1820518261551,374.78994113734944,-49.15187186531806,1043.4021020922944,307.08103423871904,-110.10254811952915,-25.9700897786573,-23.03295973196807
48751030,121.547000,-138.209857,-164.617239,1023.3,1159.94,1023.45,1186.12,0.01,-0.02,0.22,0.05,0.29,0.09,1396.48,645.8107282654354,673.3022324893795,0.5635654147241798,790.2680100219253,374.20483436995715,-48.93730012316439,1042.2426550908228,305.2160783735756,-109.88682209161169,-25.77949235986808,-23.129106830368073
48751130,121.649000,-138.264037,-164.556665,1023.31,1159.82,1023.43,1186.03,0.01,-0.02,0.22,0.07,0.29,0.11,1396.57,645.7744336990921,673.2901131680375,0.6323231921937125,790.0606569886655,373.98369678422875,-48.84028765264913,1041.7281035336996,304.2778421764146,-109.72415776591019,-25.73725583983362,-23.044031372702882
48751230,121.746000,-138.218443,-164.634550,1023.32,1159.75,1023.41,1185.84,0.01,-0.02,0.22,0.09,0.28,0.15,1396.7,645.7094349019588,673.2952763877379,0.5628681035827919,790.2756517859393,374.1875394680307,-48.915817462929205,1042.2399407530017,305.1754900994943,-109.90393511163911,-25.795634778578236,-23.09129488040208
48751331,121.846000,-138.218443,-164.634550,1023.35,1159.65,1023.53,1185.86,0.01,-0.02,0.23,0.1,0.31,0.15,1396.81,645.7928026612457,673.2784138027287,0.4416138166710316,791.074908299233,374.73013323675326,-49.15725537789374,1043.316866430338,306.94160802263093,-110.27041404296855,-25.94887528408183,-23.05976667310543
48751430,121.946000,-138.108805,-164.614754,1023.45,1159.58,1023.55,1185.9,0.01,-0.02,0.25,0.11,0.31,0.15,1396.81,645.7501956488293,673.3158110917838,0.5601624103422402,791.7553557538455,375.17370660037096,-49.44848300088793,1044.2106192176714,308.4096643103708,-110.79308086175027,-26.09176220932375,-23.0032206251795
48751530,122.045000,-138.092343,-164.632342,1023.42,1159.57,1023.47,1185.91,0.01,-0.02,0.24,0.09,0.29,0.14,1396.87,645.7750027553917,673.3025540924797,0.515324002978475,791.9100814576597,375.3127107045061,-49.42981687622624,1044.4474950198123,308.87745642777594,-110.41176871535637,-26.12346532877482,-23.014166172567172
48751630,122.146000,-138.125710,-164.606955,1023.16,1159.85,1023.37,1186.01,0.01,-0.02,0.2,0.04,0.27,0.12,1396.81,645.7770643834265,673.3266422167815,0.5012170377629537,791.5401081637123,375.0239730148263,-49.309981158743135,1043.995382974003,307.96332487081247,-110.13501126674512,-26.042051069487684,-23.03974612455795
48751731,122.246000,-138.125710,-164.606955,1023.27,1159.91,1023.52,1186.05,0.01,-0.02,0.22,0.04,0.3,0.11,1396.87,645.822784943248,673.3215799518339,0.608275635383612,790.7821150654771,374.5578246011045,-49.062996754138446,1042.8604132311928,306.17198858340504,-109.9315707989373,-25.88253046470582,-23.056599612210412
48751830,122.347000,-138.241094,-164.596717,1023.37,1159.75,1023.56,1186.1,0.01,-0.02,0.23,0.06,0.31,0.1,1396.96,645.8280334839749,673.3460154421579,0.6356876078534632,790.2424529036521,374.13313139630105,-48.88299336164632,1042.0610937181414,304.9399772261719,-110.07906999131103,-25.764174722483457,-23.10745135441868
48751930,122.446000,-138.240537,-164.576731,1023.3,1159.59,1023.39,1185.93,0.01,-0.02,0.22,0.11,0.28,0.13,1396.84,645.7542218206,673.2919087260688,0.5772203764655698,790.1822943711411,374.0903250426637,-48.79640119778388,1041.9437269369946,304.70415484694996,-109.87198601531958,-25.767142288951977,-23.0573564615028
48752030,122.547000,-138.197768,-164.620733,1023.42,1159.61,1023.52,1185.86,0.02,-0.02,0.24,0.11,0.3,0.14,1396.95,645.8244561599287,673.3340573100525,0.64602410743177,790.6756110044988,374.4193439295305,-48.98060738123234,1042.6159214650595,305.9156302507875,-109.74617722348935,-25.85437582818463,-23.080014548417182
48752130,122.647000,-138.152903,-164.591260,1023.48,1159.42,1023.47,1185.89,0.02,-0.02,0.25,0.13,0.29,0.15,1397.02,645.7479458597628,673.3175532490808,0.510072349919355,791.3160656957635,374.9242470208165,-49.27826225280425,1043.5650441154069,307.3745972472495,-110.12851149097143,-26.004960397435745,-22.998611678654953
48752230,122.747000,-138.105137,-164.641634,1023.34,1159.53,1023.41,1185.89,0.01,-0.01,0.25,0.13,0.29,0.15,1396.97,645.7956008545233,673.2980110777655,0.4872280851757664,791.7048609046412,375.18763215902925,-49.42443749141482,1044.1733614099135,308.39963411874703,-110.59346854538586,-26.079302979363014,-23.023800486687705
48752330,122.846000,-138.118133,-164.600165,1023.31,1159.59,1023.41,1185.98,0.01,-0.01,0.23,0.11,0.28,0.14,1397.0,645.7295083910465,673.3145750433755,0.5558336866613128,791.6353052797108,375.1741880086962,-49.37011391215014,1044.1028188098226,308.289358574351,-110.65819802261666,-26.076488908963018,-23.008837257851887
48752431,122.946000,-138.145794,-164.616851,1023.31,1159.75,1023.4,1185.99,0.02,-0.01,0.22,0.09,0.28,0.13,1397.02,645.8628121618627,673.2484653314377,0.5644845984599626,791.1815897290137,374.7963604379112,-49.14795373869324,1043.4203027204676,307.2092902325984,-110.12525789572759,-25.961830602429902,-23.07635770816666
48752531,123.047000,-138.204839,-164.576303,1023.27,1159.75,1023.45,1185.91,0.02,-0.01,0.22,0.06,0.28,0.12,1396.95,645.7987817676039,673.1985690468061,0.48147026064360804,790.5683155443471,374.3582421058263,-48.993370039637604,1042.6133313501948,305.7168543325541,-109.6509615881483,-25.84729928127122,-23.071054471556963
48752631,123.146000,-138.224707,-164.602637,1023.27,1159.75,1023.45,1185.91,0.02,-0.01,0.22,0.07,0.29,0.14,1397.15,645.7397053144967,673.339868319995,0.5871618562534792,790.2406116756994,374.1334649225379,-48.86281339539159,1042.0721991354621,304.97337395383374,-110.10449567622034,-25.778091400129853,-23.08736517384756
48752731,123.245000,-138.220945,-164.592276,1023.38,1159.61,1023.53,1185.92,0.02,-0.01,0.23,0.1,0.27,0.13,1396.96,645.7876934192205,673.281640271658,0.6083499313204148,790.3619647509684,374.26155642429364,-48.85440943371649,1042.350309285982,305.3472412372766,-109.9901546299451,-25.803465747644506,-23.097700357986533
48752832,123.347000,-138.183612,-164.592534,1023.38,1159.61,1023.53,1185.92,0.02,-0.01,0.23,0.09,0.31,0.14,1397.07,645.7421894009435,673.2739725661293,0.5364420054574203,790.9417252694757,374.60295315233776,-49.09883303797569,1042.9895622806462,306.3968900303742,-110.09592212617044,-25.92679993014066,-23.004381881660436
48752932,123.448000,-138.129618,-164.643695,1023.34,1159.43,1023.49,1185.83,0.02,-0.01,0.23,0.12,0.3,0.16,1397.04,645.7421894009435,673.2739725661293,0.5364420054574203,790.9417252694757,374.60295315233776,-49.09883303797569,1042.9895622806462,306.3968900303742,-110.09592212617044,-25.92679993014066,-23.004381881660436
48753033,123.548000,-138.113933,-164.594473,1023.49,1159.42,1023.48,1185.81,0.02,-0.01,0.25,0.12,0.3,0.16,1396.99,645.7409184887919,673.3118656114392,0.6193827219070779,791.6291330410862,375.08796132756794,-49.39851638849487,1044.0056799946535,308.21631044578544,-110.43583516729954,-26.06742770711902,-23.024643005876563
48753134,123.649000,-138.113933,-164.594473,1023.41,1159.51,1023.51,1185.89,0.02,-0.01,0.24,0.11,0.3,0.15,1396.87,645.7409184887919,673.3118656114392,0.6193827219070779,791.6291330410862,375.08796132756794,-49.39851638849487,1044.0056799946535,308.21631044578544,-110.43583516729954,-26.06742770711902,-23.024643005876563
48753234,123.749000,-138.166985,-164.617316,1023.44,1159.57,1023.58,1185.93,0.02,-0.02,0.24,0.1,0.32,0.14,1397.07,645.7580966747398,673.2482903754099,0.3820582479935759,790.9219312598058,374.6276215402215,-49.02942797999769,1043.0002214028532,306.4305965628618,-110.10872498996602,-25.925058169917055,-23.011524895402978
48753335,123.849000,-138.166985,-164.617316,1023.3,1159.74,1023.5,1185.98,0.02,-0.02,0.22,0.07,0.3,0.13,1397.08,645.8192550588052,673.2482988270002,0.4974867465524084,790.3955294699284,374.2499259934533,-48.88766415432172,1042.4076448288379,305.4262966726268,-110.0251641976443,-25.805407220582616,-23.114377563299243
48753434,123.951000,-138.205848,-164.610730,1023.27,1159.67,1023.5,1185.89,0.02,-0.02,0.22,0.08,0.3,0.15,1397.08,645.8192550588052,673.2482988270002,0.4974867465524084,790.3955294699284,374.2499259934533,-48.88766415432172,1042.4076448288379,305.4262966726268,-110.0251641976443,-25.805407220582616,-23.114377563299243
48753535,124.050000,-138.202106,-164.596208,1023.35,1159.47,1023.43,1185.78,0.02,-0.02,0.23,0.12,0.29,0.17,1397.09,645.8015156524893,673.2936845572448,0.44480180705824696,790.6477488860096,374.40574172993286,-49.01573391289901,1042.610024688753,305.934175182129,-109.73215011665081,-25.855625685819724,-23.085586725186644
48753634,124.151000,-138.159712,-164.606474,1023.42,1159.43,1023.45,1185.7,0.02,-0.01,0.24,0.12,0.29,0.18,1396.94,645.7481768218304,673.2797178860014,0.5571454213330644,791.1725733547707,374.7944291159965,-49.130815346397796,1043.4170649449745,307.0382635151082,-110.13122268904014,-25.97571051788807,-23.013095851641573
48753735,124.250000,-138.120638,-164.636121,1023.48,1159.38,1023.43,1185.84,0.02,-0.01,0.25,0.13,0.29,0.15,1397.08,645.8149920613798,673.293660443034,0.6794321479284113,791.4587962113166,374.9878106590464,-49.16209765719647,1043.7855637059677,307.8840669367706,-110.0375136604866,-26.023319075545782,-23.060830296054426
48753834,124.351000,-138.137494,-164.585930,1023.42,1159.33,1023.49,1185.8,0.02,-0.01,0.24,0.14,0.3,0.16,1397.18,645.8225798663135,673.2779366504658,0.6949394195869062,791.4627699278566,375.0083174879821,-49.229380413862636,1043.8102068779617,307.8929251565394,-109.95149059407703,-26.025502320806144,-23.055159305294573
48753935,124.451000,-138.152948,-164.605558,1023.4,1159.45,1023.21,1186.06,0.02,-0.01,0.24,0.12,0.24,0.11,1397.07,645.7775032040087,673.3195761977532,0.45656687259070294,791.1670929122033,374.8073321700618,-49.15035927146441,1043.3922438545474,307.12176359248184,-110.17979095613191,-25.96827377818091,-23.041827181662732
48754034,124.549000,-138.183598,-164.610526,1023.41,1159.52,1023.47,1185.96,0.02,-0.01,0.24,0.1,0.29,0.12,1397.1,645.8138282160572,673.2695027609158,0.6131531033935285,790.6841127028682,374.40282657339566,-49.020508140648325,1042.695248531243,306.0006599108427,-109.78974482963994,-25.860959411763364,-23.092425158397567
48754134,124.650000,-138.218984,-164.579827,1023.29,1159.5,1023.5,1185.73,0.02,-0.01,0.22,0.11,0.3,0.18,1396.99,645.7167680552254,673.3072444882303,0.5919442253184977,790.4192753075608,374.28615939845645,-48.98903113071896,1042.384787011794,305.35391449582687,-109.98524626756314,-25.823303041333297,-23.052911350561757
48754235,124.751000,-138.202400,-164.618012,1023.33,1159.47,1023.3,1185.87,0.02,-0.01,0.23,0.12,0.26,0.15,1396.95,645.731727236308,673.2904315024364,0.5199740607879736,790.430566104612,374.2594253901485,-48.969728016003145,1042.4124390700808,305.56739388282136,-110.04879148820535,-25.821988167079336,-23.1073172823611
48754334,124.851000,-138.189679,-164.576068,1023.42,1159.27,1023.4,1185.66,0.02,-0.01,0.24,0.15,0.28,0.19,1397.03,645.7643088033186,673.2924088464223,0.4455498411171038,790.8975212150677,374.57847289759934,-49.000124925724265,1042.9016605703616,306.1971415395198,-109.99033163579573,-25.91327199410759,-22.99181001358299
48754434,124.950000,-138.141157,-164.655299,1023.57,1159.25,1023.48,1185.77,0.02,-0.01,0.27,0.15,0.3,0.17,1397.1,645.7033644330996,673.311412754215,0.5767776725829226,791.2290434980388,374.83956980736406,-49.17119656759741,1043.4846496247935,307.24882599332375,-110.13466677756277,-25.99243723925406,-23.015325177495484
48754534,125.050000,-138.141157,-164.655299,1023.35,1159.3,1023.43,1185.72,0.02,-0.01,0.23,0.14,0.29,0.18,1397.06,645.7033644330996,673.311412754215,0.5767776725829226,791.2290434980388,374.83956980736406,-49.17119656759741,1043.4846496247935,307.24882599332375,-110.13466677756277,-25.99243723925406,-23.015325177495484
48754635,125.150000,-138.147145,-164.591613,1023.41,1159.45,1023.49,1185.79,0.01,-0.01,0.24,0.12,0.3,0.16,1397.03,645.804715158767,673.2932427485599,0.5275832669014902,791.2804018300254,374.8894783731811,-49.16333309273927,1043.5290196082906,307.377484490849,-110.15133447635613,-25.98983110088562,-23.036830946200915
48754734,125.251000,-138.147145,-164.591613,1023.26,1159.48,1023.52,1185.81,0.02,-0.01,0.21,0.11,0.3,0.16,1397.14,645.804715158767,673.2932427485599,0.5275832669014902,791.2804018300254,374.8894783731811,-49.16333309273927,1043.5290196082906,307.377484490849,-110.15133447635613,-25.98983110088562,-23.036830946200915
48754834,125.351000,-138.208859,-164.601742,1023.29,1159.41,1023.44,1185.79,0.02,-0.01,0.22,0.13,0.29,0.16,1397.11,645.7619207366316,673.2543177694938,0.6636932658057629,790.8955193429748,374.61417015947177,-48.99708548380966,1042.9706855722159,306.51365393874266,-110.15954649635914,-25.91889626851393,-23.044111696916183
48754934,125.450000,-138.208859,-164.601742,1023.41,1159.39,1023.29,1185.8,0.02,-0.01,0.24,0.13,0.26,0.16,1397.06,645.7553313805493,673.2942924634664,0.6160357175676476,790.4158959741342,374.2859158360227,-48.974682424315915,1042.3814384555947,305.5190953183989,-110.0518005246483,-25.817745576575522,-23.09903125830902
48755034,125.550000,-138.195985,-164.592454,1023.3,1159.4,1023.51,1185.71,0.02,-0.01,0.22,0.14,0.3,0.18,1396.99,645.7502797469007,673.2906557549937,0.6066633544009931,790.6840592318538,374.402121247245,-48.961582826262905,1042.6016961095954,305.8802346076642,-109.68781380951526,-25.869170119442717,-23.04527176074489
48755134,125.650000,-138.162601,-164.624526,1023.47,1159.23,1023.34,1185.79,0.02,-0.0,0.25,0.17,0.27,0.16,1396.96,645.7502797469007,673.2906557549937,0.6066633544009931,790.6840592318538,374.402121247245,-48.961582826262905,1042.6016961095954,305.8802346076642,-109.68781380951526,-25.869170119442717,-23.04527176074489
48755234,125.750000,-138.149540,-164.596913,1023.42,1159.21,1023.45,1185.9,0.02,-0.01,0.24,0.17,0.29,0.14,1396.96,645.8070880233981,673.2915707421503,0.6234492480763515,790.9878934252108,374.6992642308831,-49.000385327436625,1043.0919249024896,306.7759245353229,-110.4519938727445,-25.929831926313398,-23.061427318888192
48755334,125.850000,-138.149540,-164.596913,1023.47,1159.25,1023.5,1185.85,0.02,-0.01,0.25,0.16,0.3,0.15,1397.05,645.7007345654868,673.306241626261,0.5830788515967479,791.3208000072502,374.9179284366906,-49.250693705041094,1043.5724210881435,307.43222909446246,-110.1142700127462,-26.013394595134887,-22.995447735304417
48755435,125.950000,-138.145356,-164.626567,1023.3,1159.22,1023.52,1185.47,0.02,-0.01,0.22,0.16,0.3,0.23,1397.0,645.7750065164548,673.2946368077936,0.6224014245530343,791.0780862008997,374.7176343807286,-49.13811633931647,1043.248710063041,307.00141447102504,-110.28110480749787,-25.94996091612142,-23.06885554359056
48755535,126.051000,-138.189128,-164.575451,1023.3,1159.4,1023.5,1185.84,0.02,-0.0,0.22,0.13,0.3,0.16,1397.08,645.7743601245838,673.3067230713937,0.6238327322739511,790.7774360309285,374.4416650220048,-49.07854815784693,1042.7607318585851,306.10711735952725,-109.85351018540024,-25.881691558864876,-23.063681509373914
48755634,126.151000,-138.189128,-164.575451,1023.3,1159.33,1023.5,1185.8,0.02,-0.0,0.22,0.14,0.3,0.17,1397.12,645.7664415696312,673.3003279081397,0.6098495508316149,790.4940551580437,374.3075069815401,-49.002199948312295,1042.4207738956381,305.602289927573,-110.01977415021616,-25.82932466454955,-23.08667013047191
48755734,126.251000,-138.208698,-164.588959,1023.41,1159.25,1023.46,1185.59,0.02,-0.0,0.24,0.16,0.29,0.21,1397.12,645.7664415696312,673.3003279081397,0.6098495508316149,790.4940551580437,374.3075069815401,-49.002199948312295,1042.4207738956381,305.602289927573,-110.01977415021616,-25.82932466454955,-23.08667013047191
48755834,126.351000,-138.176793,-164.626243,1023.49,1159.14,1023.59,1185.54,0.02,-0.0,0.25,0.18,0.32,0.21,1397.05,645.74632528717,673.266956003239,0.6216795920613524,790.5730414205806,374.3540201624872,-48.97259796532,1042.4606656552915,305.606465011088,-109.6522259319806,-25.850715840099404,-23.032667295376072
48755935,126.450000,-138.176793,-164.626243,1023.47,1159.23,1023.54,1185.67,0.02,-0.0,0.25,0.17,0.31,0.18,1397.01,645.7762768345789,673.306877544275,0.5015269475571892,791.0767374627393,374.7190965317708,-49.14826875671327,1043.235042099873,307.0004856272265,-110.36672850293817,-25.948740761597524,-23.07008799681396
48756034,126.552000,-138.144562,-164.588586,1023.4,1159.28,1023.47,1185.82,0.02,-0.0,0.24,0.16,0.29,0.15,1397.16,645.7023919970701,673.3076010753272,0.6148441988347698,791.2559145598455,374.86976621834305,-49.157461715204576,1043.4904918314508,307.20591924496296,-110.13871517607666,-25.99932764824456,-22.984858236101402
48756134,126.650000,-138.140164,-164.646364,1023.37,1159.22,1023.5,1185.85,0.02,-0.0,0.23,0.17,0.3,0.15,1397.08,645.8148801420124,673.3517894670694,0.6167336750499631,791.1757826779584,374.80547551805444,-49.12220349471353,1043.3564645989754,307.22232620952695,-110.10190177078465,-25.96124942925147,-23.075055061525696
48756234,126.750000,-138.177914,-164.569335,1023.27,1159.29,1023.51,1185.77,0.02,-0.0,0.22,0.16,0.3,0.16,1397.2,645.7300175305572,673.292346822067,0.5187189455534871,790.9135551117887,374.5767595019383,-49.01629593737235,1042.9755022126865,306.37045659389935,-110.1286816920891,-25.920956259114,-23.01682715029979
48756334,126.850000,-138.186326,-164.631012,1023.18,1159.14,1023.52,1185.46,0.02,-0.0,0.2,0.18,0.3,0.23,1397.1,645.7325881628415,673.2745132714463,0.5869971921785619,790.583739446134,374.39505427657826,-49.00830045167062,1042.590521752665,306.0423737567953,-109.81430552472602,-25.857027426515284,-23.110518464914726
48756434,126.950000,-138.204829,-164.562086,1023.3,1159.29,1023.4,1185.69,0.02,-0.0,0.22,0.15,0.28,0.18,1397.02,645.7325881628415,673.2745132714463,0.5869971921785619,790.583739446134,374.39505427657826,-49.00830045167062,1042.590521752665,306.0423737567953,-109.81430552472602,-25.857027426515284,-23.110518464914726
48756535,127.050000,-138.192850,-164.632278,1023.41,1159.11,1023.38,1185.7,0.02,-0.0,0.24,0.18,0.28,0.17,1396.84,645.8079351170783,673.2449301064871,0.6089297988102458,790.5574998375834,374.3326793586881,-49.005413371518415,1042.406093375348,305.51108631506514,-109.85317458767223,-25.838789297097087,-23.038590467097194
48756635,127.150000,-138.170518,-164.586218,1023.41,1159.11,1023.44,1185.86,0.02,0.0,0.24,0.18,0.29,0.14,1397.14,645.6954550055056,673.2957770365201,0.5897317556215552,790.9372211151245,374.59884750456416,-49.086592132097294,1042.948393450389,306.4334852660185,-110.09678018111099,-25.93139747202662,-23.001707292581052
48756736,127.250000,-138.147907,-164.640412,1023.35,1159.03,1023.55,1185.73,0.02,0.0,0.23,0.2,0.31,0.18,1396.99,645.7763209940439,673.2938845496038,0.66270964039918,791.1358909084822,374.7946539165043,-49.09938370943423,1043.2891150661055,307.10271215739317,-110.06925406041097,-25.964599603379177,-23.04373354779071
48756835,127.351000,-138.152767,-164.590905,1023.38,1159.08,1023.52,1185.77,0.02,0.0,0.23,0.19,0.3,0.17,1397.11,645.8136048284567,673.2431174278202,0.6266174962372503,791.1586423177671,374.8133842473151,-49.10659583669434,1043.3565308310576,307.23841655345603,-110.1357913955795,-25.96759633174449,-23.06507290341102
48756935,127.451000,-138.152767,-164.590905,1023.43,1159.2,1023.47,1185.75,0.02,0.01,0.24,0.17,0.29,0.18,1397.13,645.8136048284567,673.2431174278202,0.6266174962372503,791.1586423177671,374.8133842473151,-49.10659583669434,1043.3565308310576,307.23841655345603,-110.1357913955795,-25.96759633174449,-23.06507290341102
48757036,127.551000,-138.163821,-164.601835,1023.35,1159.16,1023.2,1185.65,0.02,0.01,0.23,0.18,0.24,0.2,1397.12,645.7458304221731,673.3014229346479,0.6151132291877562,791.0206597071466,374.68337561487715,-49.06848274677625,1043.1122010397826,306.71452504791597,-110.39459982126856,-25.942479287480793,-23.025776279219727
48757135,127.651000,-138.205788,-164.607210,1023.38,1159.18,1023.5,1185.61,0.02,0.0,0.23,0.17,0.3,0.2,1397.13,645.7485575222661,673.3276509540724,0.5538702052404858,790.5710843085064,374.39141195244514,-48.99825409299292,1042.5713668982203,305.69042120944425,-109.65711029268928,-25.848312893132093,-23.053833850611916
48757235,127.751000,-138.198268,-164.604134,1023.36,1159.09,1023.48,1185.68,0.02,0.0,0.23,0.18,0.3,0.18,1397.06,645.7485575222661,673.3276509540724,0.5538702052404858,790.5710843085064,374.39141195244514,-48.99825409299292,1042.5713668982203,305.69042120944425,-109.65711029268928,-25.848312893132093,-23.053833850611916
48757335,127.850000,-138.198268,-164.604134,1023.26,1159.05,1023.56,1185.73,0.02,0.0,0.21,0.19,0.31,0.17,1397.16,645.7631963697457,673.2750131590024,0.6191368841766522,790.5806030110112,374.3683151780765,-48.9780933133211,1042.5414928532764,305.7802542322103,-109.78235227482968,-25.849739801811474,-23.072612673557444
48757435,127.950000,-138.161802,-164.611622,1023.32,1159.04,1023.48,1185.78,0.02,0.0,0.22,0.19,0.3,0.16,1397.16,645.7632563186107,673.2782635895137,0.6282305997578278,791.0043831588753,374.6672470719396,-49.038212321983806,1043.0960482593407,306.7330927254386,-110.38947844791495,-25.93778073370509,-23.042532113483787
48757536,128.051000,-138.152274,-164.609411,1023.35,1159.07,1023.49,1185.73,0.02,0.0,0.23,0.19,0.3,0.18,1397.11,645.7243644913231,673.3171210450172,0.5048914376003623,791.1009987063725,374.7504966390295,-49.12592255337106,1043.2248617125088,307.0450893014905,-110.13846734796024,-25.96215576950179,-23.04409610750845
48757635,128.152000,-138.156287,-164.604952,1023.32,1159.06,1023.5,1185.63,0.02,0.0,0.22,0.19,0.3,0.19,1397.13,645.7960744130398,673.3520609247273,0.511088554118082,791.0814830125043,374.68551311655546,-49.19674446740664,1043.1339560635122,306.8268392928769,-110.36586915018692,-25.940460193670948,-23.05093214384548
48757735,128.251000,-138.156287,-164.604952,1023.22,1159.02,1023.47,1185.66,0.02,0.0,0.21,0.19,0.29,0.19,1397.16,645.7599622414981,673.2855145221226,0.6324541714698876,790.8395849420373,374.5490416884275,-49.05559745753422,1042.76535206287,306.39939584367363,-110.1281950260247,-25.903256850807356,-23.056423582752764
48757835,128.351000,-138.189318,-164.601238,1023.31,1159.09,1023.56,1185.7,0.02,0.0,0.22,0.18,0.31,0.18,1397.07,645.6840460489444,673.2934117151261,0.5164036916955714,790.6907201743124,374.40725826669194,-48.95452926590115,1042.6233978508797,305.95306142952126,-109.77189579298647,-25.880661708820128,-23.037489870347315
48757935,128.456000,-138.186913,-164.613284,1023.34,1158.99,1023.58,1185.71,0.02,0.0,0.23,0.2,0.32,0.18,1397.07,645.7340544148891,673.289540998264,0.5053869311207344,790.5602440213453,374.3479701756465,-49.04331607074093,1042.5480956834879,305.74812951348247,-109.71253710982063,-25.848480504895544,-23.074191321745936
48758035,128.550000,-138.195757,-164.587532,1023.31,1159.04,1023.54,1185.74,0.02,0.0,0.22,0.2,0.31,0.17,1397.09,645.749167687348,673.2822029613917,0.4246392860541208,790.6382146464279,374.360724395584,-49.0532528846827,1042.6140424544465,306.03544705079304,-109.79513247656143,-25.85974847551356,-23.109102262978716
48758136,128.651000,-138.195757,-164.587532,1023.39,1159.04,1023.52,1185.7,0.02,0.0,0.24,0.2,0.3,0.18,1397.07,645.749167687348,673.2822029613917,0.4246392860541208,790.6382146464279,374.360724395584,-49.0532528846827,1042.6140424544465,306.03544705079304,-109.79513247656143,-25.85974847551356,-23.109102262978716
48758236,128.751000,-138.147807,-164.668051,1023.3,1159.01,1023.54,1185.78,0.02,0.0,0.22,0.2,0.31,0.16,1397.06,645.7850736052267,673.3051290392698,0.5352566429744202,791.0214343153979,374.6575160505864,-49.004636794000646,1043.042891907543,306.83248089432607,-110.23586111232612,-25.9342795433631,-23.068654249942647
48758336,128.853000,-138.147807,-164.668051,1023.33,1158.88,1023.55,1185.61,0.02,0.0,0.23,0.22,0.31,0.21,1397.14,645.7613778438046,673.2837303568894,0.6396677012086355,791.093683238019,374.704119582446,-49.140422443341194,1043.1535275844235,306.77196941185736,-110.38562961223292,-25.954298190924742,-23.008104690960558
48758436,128.953000,-138.158339,-164.635381,1023.24,1158.91,1023.5,1185.6,0.02,0.0,0.21,0.21,0.3,0.21,1397.19,645.7805595679146,673.2989966532531,0.6349812425746274,790.9224738784942,374.5814223840255,-49.02752972685934,1042.9373121116785,306.71237001480114,-110.40567330394067,-25.914347997505118,-23.098808637595724
48758535,129.051000,-138.187057,-164.564293,1023.32,1159.09,1023.54,1185.61,0.02,0.0,0.22,0.18,0.31,0.21,1397.16,645.8106088209628,673.2341345337611,0.6169918022170335,790.7713031000943,374.46956803687397,-49.09624878024939,1042.749817680822,306.05316018024945,-109.8309439395191,-25.882681130948402,-23.044090654494205
48758635,129.156000,-138.187057,-164.564293,1023.29,1158.9,1023.39,1185.62,0.02,0.0,0.22,0.22,0.28,0.19,1397.24,645.8106088209628,673.2341345337611,0.6169918022170335,790.7713031000943,374.46956803687397,-49.09624878024939,1042.749817680822,306.05316018024945,-109.8309439395191,-25.882681130948402,-23.044090654494205
48758736,129.252000,-138.188804,-164.623056,1023.3,1158.86,1023.42,1185.61,0.02,0.0,0.22,0.23,0.28,0.19,1397.1,645.7771057371912,673.2987632442265,0.4859076354519458,790.5915163090948,374.3907573441208,-48.9946879214566,1042.5616966374446,305.76256419833993,-109.72541319360603,-25.849176305877542,-23.065779246190033
48758836,129.352000,-138.181437,-164.618310,1023.32,1158.78,1023.37,1185.64,0.02,0.0,0.22,0.24,0.27,0.18,1397.14,645.7771057371912,673.2987632442265,0.4859076354519458,790.5915163090948,374.3907573441208,-48.9946879214566,1042.5616966374446,305.76256419833993,-109.72541319360603,-25.849176305877542,-23.065779246190033
48758936,129.452000,-138.181437,-164.618310,1023.39,1158.82,1023.31,1185.69,0.02,0.0,0.24,0.23,0.26,0.19,1397.14,645.7159192033007,673.325333929242,0.564204791979571,790.7680617458086,374.4245688864369,-49.054189527286525,1042.710129723723,306.08390731941705,-109.88369116891727,-25.886616594847638,-23.050167908736356
48759036,129.555000,-138.165990,-164.609426,1023.36,1158.8,1023.59,1185.52,0.02,0.0,0.23,0.23,0.32,0.22,1397.04,645.7979808256157,673.3554977264599,0.537924910251052,790.9118531455398,374.5769161849667,-49.11880823778599,1042.8756669116722,306.4510736325545,-110.1459105145618,-25.905398120320804,-23.059365815329528
48759136,129.652000,-138.168231,-164.599674,1023.09,1158.83,1023.48,1185.57,0.02,0.0,0.19,0.23,0.3,0.21,1397.13,645.7818104374293,673.3054304146698,0.45994159637391324,791.0105039684189,374.6697242145201,-49.06408112206769,1043.0579562061105,306.7860547985999,-110.4029819250779,-25.933988342009336,-23.058291461415465
48759237,129.752000,-138.174677,-164.602831,1023.29,1158.81,1023.41,1185.53,0.02,0.0,0.22,0.23,0.28,0.22,1397.02,645.82218438483,673.3045276536427,0.6559776515479779,790.9023171694793,374.59726519818406,-49.028454219388394,1042.9981461116306,306.73161097526435,-110.4015327784804,-25.90553771689219,-23.121771433089634
48759337,129.853000,-138.174652,-164.591939,1023.32,1158.94,1023.39,1185.57,0.02,0.0,0.22,0.21,0.28,0.21,1397.02,645.7131213178573,673.2734837318683,0.5750827302341783,790.8250573205939,374.5729676727875,-49.04053916421644,1042.8172182020169,306.1988966372115,-109.94689443023736,-25.91098201997385,-22.99723918683091
48759436,129.953000,-138.171805,-164.657089,1023.42,1158.77,1023.53,1185.5,0.02,0.0,0.24,0.24,0.31,0.22,1397.09,645.7837539131503,673.3017363826123,0.4645311023839799,790.6724506864288,374.3800468361648,-49.031914120597065,1042.619033341324,306.0363113239282,-109.7886036322201,-25.85967825085568,-23.103652863958374
48759536,130.052000,-138.211961,-164.563447,1023.39,1158.78,1023.49,1185.71,0.02,0.0,0.24,0.24,0.3,0.19,1397.26,645.8307179797097,673.3184134679727,0.5978503190476189,790.5776386000313,374.37596033796115,-49.02130671029091,1042.5533975238209,305.7633494603418,-109.69246237019425,-25.836108038685122,-23.09553597522966
48759636,130.152000,-138.181297,-164.579963,1023.29,1158.78,1023.44,1185.57,0.01,-0.0,0.22,0.24,0.29,0.22,1397.15,645.824597760978,673.2579164569676,0.513341758058324,790.6027312800736,374.3871578276545,-48.983718729678735,1042.6088890469518,306.0092446957649,-109.76403275165345,-25.846345531112398,-23.126502790920853
48759737,130.252000,-138.162445,-164.637892,1023.22,1158.83,1023.53,1185.59,0.01,-0.0,0.21,0.23,0.31,0.21,1397.17,645.7306192305311,673.2921735942165,0.577000111806132,790.9332807824386,374.5898422816372,-49.111754835048366,1042.8904517872486,306.53353188766386,-110.19775872547892,-25.924923133645947,-23.034670789256992
48759837,130.352000,-138.159137,-164.608191,1023.28,1158.67,1023.03,1185.17,0.02,-0.0,0.22,0.25,0.21,0.29,1397.03,645.797376172313,673.3291283083848,0.49310479716140504,790.9493393729362,374.6056539997129,-49.07050745877349,1043.0201865651236,306.66228275599366,-110.3651953688767,-25.91546243740208,-23.084026756235154
48759937,130.454000,-138.176223,-164.581299,1023.29,1158.86,1023.38,1185.5,0.01,-0.0,0.22,0.22,0.28,0.22,1397.14,645.773748316304,673.2809778746206,0.6293847967113261,790.8417590165457,374.56253365258027,-49.05904154113646,1042.8099005205495,306.3378559155248,-110.18382470588432,-25.902813515640112,-23.043841640645525
48760037,130.553000,-138.179615,-164.619793,1023.17,1158.72,1023.49,1185.49,0.01,-0.0,0.2,0.25,0.3,0.22,1397.16,645.6906458482205,673.282932810469,0.5642577798080127,790.718959536571,374.4628360534053,-49.02793242550376,1042.6970817331794,306.0595874203474,-109.84732118392135,-25.888993821776815,-23.0342294999825
48760138,130.652000,-138.182197,-164.610457,1023.31,1158.77,1023.45,1185.73,0.01,-0.0,0.22,0.24,0.29,0.18,1397.18,645.7195144556902,673.2964225275915,0.562494985105032,790.5833718260778,374.36037496165915,-49.00424243746639,1042.540563696385,305.8704908363088,-109.79055260562096,-25.854742788053827,-23.083181030068715
48760237,130.754000,-138.195722,-164.581232,1023.23,1158.7,1023.53,1185.52,0.02,0.0,0.21,0.25,0.31,0.22,1397.19,645.7250413365722,673.3098138300508,0.5439099326337874,790.5960532387032,374.3981293224819,-48.98611793502306,1042.563122455156,305.7682512213365,-109.71751266641768,-25.857685969892287,-23.048223853160962
48760337,130.853000,-138.195722,-164.581232,1023.3,1158.64,1023.47,1185.56,0.02,0.0,0.22,0.26,0.29,0.21,1397.09,645.8475497937161,673.2077606291818,0.4782739844149242,790.688991413023,374.4079432541564,-49.01608954353442,1042.6353017293534,306.0825026188685,-109.86959316047373,-25.861513062875265,-23.103842988189264
48760438,130.953000,-138.180874,-164.573815,1023.32,1158.66,1023.42,1185.39,0.02,0.0,0.22,0.25,0.28,0.24,1397.25,645.7623358747358,673.3100095051594,0.6062981603512615,790.8302896719243,374.5530582956425,-49.018198286860006,1042.7698543999193,306.22274959021286,-110.06667029807113,-25.89990265503908,-23.025645039624187
48760538,131.053000,-138.162168,-164.636151,1023.32,1158.65,1023.58,1185.43,0.02,0.0,0.22,0.26,0.32,0.24,1397.24,645.7623358747358,673.3100095051594,0.6062981603512615,790.8302896719243,374.5530582956425,-49.018198286860006,1042.7698543999193,306.22274959021286,-110.06667029807113,-25.89990265503908,-23.025645039624187
48760637,131.154000,-138.163313,-164.612317,1023.41,1158.69,1023.54,1185.51,0.02,0.0,0.24,0.25,0.31,0.23,1397.27,645.7039279263163,673.298297943895,0.5957295984042293,790.9050231698677,374.58349807932217,-49.024370920302026,1042.8057665394194,306.4558298193291,-110.11633468913426,-25.923739759059043,-23.018681122545935
48760737,131.253000,-138.163313,-164.612317,1023.3,1158.72,1023.44,1185.58,0.02,0.0,0.22,0.25,0.29,0.21,1397.15,645.7387757881182,673.3075639397725,0.5758745679851924,790.7495508008664,374.5170811764571,-49.024109682914634,1042.730939324013,306.1524425946036,-109.86631571720423,-25.88850246490067,-23.043576953808007
48760838,131.354000,-138.188669,-164.596395,1023.35,1158.59,1023.52,1185.64,0.02,0.0,0.23,0.27,0.3,0.19,1397.17,645.728542730679,673.3079454209363,0.542987945884856,790.6017690681898,374.40143644296234,-48.97815207195248,1042.570543189161,306.01745880848813,-109.76924460111233,-25.88850246490067,-23.043576953808007
48760938,131.454000,-138.193051,-164.577208,1023.33,1158.73,1023.57,1185.54,0.02,0.0,0.23,0.24,0.31,0.22,1397.2,645.728542730679,673.3079454209363,0.542987945884856,790.6017690681898,374.40143644296234,-48.97815207195248,1042.570543189161,306.01745880848813,-109.76924460111233,-25.85841905582762,-23.098922962131475
48761037,131.554000,-138.194566,-164.596842,1023.34,1158.69,1023.51,1185.57,0.02,0.0,0.23,0.25,0.3,0.21,1397.19,645.7997128792233,673.3080261502456,0.4688973233774323,790.6181268120704,374.35189004059447,-49.036634962873265,1042.5835488739153,305.9991038793085,-109.74676874537629,-25.846178210642357,-23.12981837110675
48761138,131.653000,-138.181679,-164.579058,1023.34,1158.67,1023.53,1185.42,0.02,0.0,0.23,0.26,0.31,0.24,1397.02,645.7763337233418,673.3129875887558,0.49269199098793487,790.7812375984147,374.4489408824504,-49.08605329451111,1042.7273137171524,306.09695739923876,-109.86958949664901,-25.88205137108564,-23.057130398165064
48761238,131.754000,-138.166729,-164.627583,1023.31,1158.64,1023.61,1185.42,0.02,0.0,0.22,0.26,0.32,0.23,1397.27,645.8202942864907,673.2951005834695,0.5537427539800862,790.8157051304795,374.56925870161484,-49.03986919841037,1042.7753324528103,306.2660028599874,-110.03326218499538,-25.890987389106918,-23.050358696130587
48761337,131.854000,-138.166729,-164.627583,1023.34,1158.62,1023.56,1185.46,0.02,0.0,0.23,0.27,0.31,0.22,1397.22,645.744666948217,673.3104879579191,0.5834696815143519,790.8540489561806,374.5289153208209,-49.04384584396673,1042.779098105047,306.3456615699146,-110.08462913452466,-25.90447597240592,-23.046822111606403
48761437,131.953000,-138.169593,-164.606396,1023.32,1158.7,1023.34,1185.48,0.02,0.0,0.22,0.25,0.27,0.23,1397.14,645.744666948217,673.3104879579191,0.5834696815143519,790.8540489561806,374.5289153208209,-49.04384584396673,1042.779098105047,306.3456615699146,-110.08462913452466,-25.90447597240592,-23.046822111606403
48761537,132.056000,-138.175329,-164.633511,1023.32,1158.62,1023.52,1185.47,0.02,0.0,0.22,0.26,0.3,0.23,1397.14,645.7456268233998,673.3157097214253,0.5567174667023237,790.6811999548104,374.41207332261195,-48.97728327911076,1042.6168453472087,306.0413874607189,-109.78826955976157,-25.868311980942217,-23.080048087007498
48761637,132.153000,-138.193025,-164.569803,1023.34,1158.58,1023.58,1185.61,0.02,0.0,0.22,0.26,0.3,0.23,1397.04,645.8140819977433,673.3309271768278,0.6569458420061653,790.5792735466935,374.37479565642724,-48.98251845453449,1042.54653597374,305.7890404848215,-109.77477855288664,-25.837916394493945,-23.097114889458993
48761737,132.252000,-138.193025,-164.569803,1023.34,1158.58,1023.58,1185.61,0.02,0.0,0.23,0.27,0.32,0.21,1397.19,645.8318370707269,673.2140443524479,0.48709549383617173,790.5646351044675,374.3478544792699,-49.05123058696379,1042.5255678648302,305.8630145530822,-109.68034066746927,-25.8396493841573,-23.11465129718824
48761837,132.352000,-138.185466,-164.586236,1023.28,1158.36,1023.3,1185.65,0.02,0.0,0.22,0.31,0.26,0.18,1397.16,645.80443562636,673.2835627645001,0.5004861746269781,790.6700673996835,374.4039248333976,-48.98434388303615,1042.6197093109345,306.053282668058,-109.80838015312071,-25.859261856646413,-23.10319845636748
48761937,132.452000,-138.175855,-164.599195,1023.26,1158.76,1023.53,1185.44,0.02,0.01,0.21,0.24,0.31,0.23,1397.19,645.80443562636,673.2835627645001,0.5004861746269781,790.6700673996835,374.4039248333976,-48.98434388303615,1042.6197093109345,306.053282668058,-109.80838015312071,-25.859261856646413,-23.10319845636748
48762038,132.552000,-138.175855,-164.599195,1023.36,1158.78,1023.56,1185.51,0.01,0.01,0.23,0.24,0.31,0.21,1397.15,645.8238656375094,673.2800578236394,0.5444122451622512,790.7946626590801,374.50945740564157,-49.02103633198562,1042.7551658561092,306.1756076209459,-109.93572492747857,-25.883794894679774,-23.05831338545829
48762137,132.652000,-138.170759,-164.617082,1023.49,1158.65,1023.48,1185.49,0.01,0.0,0.25,0.26,0.3,0.22,1397.13,645.7999279493821,673.3085920488478,0.46236417499304217,790.9053504849244,374.56956792137515,-49.02612538071063,1042.9350494503215,306.3539804874717,-110.15268381311714,-25.90706832998697,-23.040787928905345
48762237,132.753000,-138.168596,-164.612524,1023.31,1158.71,1023.42,1185.6,0.01,0.0,0.22,0.25,0.28,0.19,1397.27,645.7212251098284,673.2855285123611,0.5535983718067136,790.8925870194297,374.5708000679027,-49.01927914457441,1042.786338231494,306.4461959102337,-110.1467137565285,-25.919131864958526,-23.028145544928854
48762337,132.853000,-138.168055,-164.612708,1023.38,1158.75,1023.39,1185.58,0.01,0.0,0.23,0.25,0.28,0.2,1397.15,645.7212251098284,673.2855285123611,0.5535983718067136,790.8925870194297,374.5708000679027,-49.01927914457441,1042.786338231494,306.4461959102337,-110.1467137565285,-25.919131864958526,-23.028145544928854
48762437,132.953000,-138.180708,-164.611649,1023.31,1158.69,1023.51,1185.64,0.01,0.0,0.22,0.26,0.3,0.19,1397.25,645.7736642417572,673.2740159426097,0.6411458743615038,790.848837481143,374.54131230306825,-49.01693802342842,1042.7973225594399,306.2174934464664,-110.10076002035258,-25.90285040120528,-23.021636789656235
48762537,133.053000,-138.189106,-164.572745,1023.25,1158.72,1023.52,1185.5,0.01,0.01,0.21,0.25,0.3,0.21,1397.22,645.8107161597352,673.2869172585412,0.5605160928276312,790.7704897859703,374.4402142623966,-49.07766524520069,1042.7043971288394,306.19817938309797,-109.95955510350198,-25.87635323915751,-23.091120448694028
48762637,133.152000,-138.179746,-164.597289,1023.23,1158.71,1023.5,1185.49,0.01,0.0,0.21,0.25,0.3,0.22,1397.11,645.7812069962971,673.3077956847992,0.6309986369244395,790.7033849228523,374.4318261372652,-49.031955978955345,1042.6686271890305,306.05217869301686,-109.86462120341771,-25.868315114987624,-23.079844945843035
48762737,133.253000,-138.179746,-164.597289,1023.26,1158.68,1023.52,1185.34,0.01,0.0,0.21,0.26,0.3,0.25,1397.12,645.750144576593,673.3046321291948,0.6118786828933555,790.7619685951357,374.55209285943033,-49.04462905819308,1042.7430404764095,306.12175554064714,-109.8672118402215,-25.891523627030338,-23.023602908457676
48762837,133.353000,-138.175003,-164.617403,1023.35,1158.65,1023.49,1185.51,0.01,0.01,0.23,0.26,0.3,0.22,1397.08,645.8164905540691,673.2185732522602,0.6171181841755795,790.8828829873238,374.52706409520624,-49.08235099843943,1042.784912576136,306.222823470216,-110.06813770823902,-25.904592628992702,-23.019631283607012
48762937,133.452000,-138.170193,-164.611172,1023.43,1158.56,1023.45,1185.45,0.01,0.0,0.24,0.28,0.29,0.23,1397.26,645.7407794989385,673.2953397025797,0.5241196384695352,790.8337283493657,374.5654946588686,-49.05327700347122,1042.745419182679,306.4068578405005,-110.17369074017404,-25.90582448289976,-23.048575837390104
48763037,133.552000,-138.174179,-164.594751,1023.26,1158.73,1023.48,1185.48,0.01,0.0,0.21,0.25,0.3,0.23,1397.17,645.7438674743536,673.2961364670434,0.5443062110772435,790.8274602583849,374.5517219386158,-49.059940038395325,1042.8223183679731,306.23529835733416,-109.94833202588711,-25.903274425154315,-23.02501851337702
48763137,133.653000,-138.175919,-164.616868,1023.31,1158.78,1023.45,1185.51,0.01,0.0,0.22,0.24,0.29,0.22,1397.16,645.7690393886337,673.2778422714847,0.6014959707073795,790.756883122,374.5213291225633,-49.0269591514705,1042.7286237319565,306.1203092467683,-109.73435029248704,-25.887502071498627,-23.037318125234428
48763237,133.753000,-138.183442,-164.602280,1023.38,1158.74,1023.55,1185.32,0.01,0.0,0.23,0.24,0.31,0.26,1397.17,645.7690393886337,673.2778422714847,0.6014959707073795,790.756883122,374.5213291225633,-49.0269591514705,1042.7286237319565,306.1203092467683,-109.73435029248704,-25.887502071498627,-23.037318125234428
48763337,133.853000,-138.190372,-164.580080,1023.29,1158.6,1023.47,1185.42,0.01,0.0,0.22,0.27,0.29,0.24,1397.28,645.760063322654,673.3054238733027,0.5949447410053867,790.729985923395,374.4125514693875,-49.067029016842106,1042.6596707676904,306.07905663534706,-109.88767338794571,-25.874452837173617,-23.07530206093059
48763437,133.953000,-138.176435,-164.604411,1023.23,1158.7,1023.56,1185.38,0.01,0.0,0.21,0.25,0.31,0.24,1397.27,645.760063322654,673.3054238733027,0.5949447410053867,790.729985923395,374.4125514693875,-49.067029016842106,1042.6596707676904,306.07905663534706,-109.88767338794571,-25.874452837173617,-23.07530206093059
48763537,134.054000,-138.178793,-164.588265,1023.29,1158.6,1023.56,1185.42,0.01,0.0,0.22,0.27,0.31,0.23,1397.29,645.7440333630774,673.2916997304603,0.5425823199250628,790.8260780014804,374.5436912929351,-49.03578785013631,1042.822348852309,306.1360444441648,-109.77187901447708,-25.902763317679618,-23.006802426481137
48763637,134.154000,-138.178793,-164.588265,1023.37,1158.55,1023.43,1185.56,0.01,0.0,0.23,0.28,0.29,0.2,1397.2,645.7440333630774,673.2916997304603,0.5425823199250628,790.8260780014804,374.5436912929351,-49.03578785013631,1042.822348852309,306.1360444441648,-109.77187901447708,-25.902763317679618,-23.006802426481137
48763737,134.253000,-138.180563,-164.580343,1023.3,1158.76,1023.51,1185.57,0.01,0.0,0.22,0.24,0.3,0.2,1397.22,645.6990151795826,673.2679811976719,0.5509503939919266,790.8442799611075,374.56063412073803,-49.05697997233162,1042.7942840938113,306.1929091940966,-110.08350304101508,-25.915639014035456,-22.98684654562466
48763837,134.353000,-138.164988,-164.642366,1023.2,1158.65,1023.58,1185.59,0.01,0.0,0.2,0.26,0.32,0.2,1397.16,645.8066588909303,673.3340623987215,0.5208137460617926,790.7913821751738,374.4517239451876,-49.074952652868475,1042.7390635224604,306.10832404325924,-109.85492923055305,-25.877542606086973,-23.068058375125126
48763937,134.453000,-138.192934,-164.572759,1023.34,1158.64,1023.54,1185.45,0.01,0.0,0.23,0.26,0.31,0.23,1397.19,645.76823169116,673.2980349681362,0.4656944647590065,790.7493751656568,374.41491278541963,-49.101411388478695,1042.705343819421,306.093514984819,-109.87774302810922,-25.876928079327712,-23.074424163238618
48764038,134.554000,-138.179852,-164.598069,1023.39,1158.64,1023.55,1185.46,0.01,-0.0,0.24,0.26,0.31,0.24,1397.17,645.76823169116,673.2980349681362,0.4656944647590065,790.7493751656568,374.41491278541963,-49.101411388478695,1042.705343819421,306.093514984819,-109.87774302810922,-25.876928079327712,-23.074424163238618
48764138,134.654000,-138.180749,-164.604878,1023.39,1158.66,1023.55,1185.4,0.01,-0.0,0.24,0.26,0.31,0.23,1397.04,645.7973896131346,673.1976140251718,0.46641264453939496,790.7090999406299,374.42931455175056,-49.04669730967713,1042.6419665213086,306.05136096354,-109.88971413687646,-25.874795702455177,-23.065381435555388
48764237,134.754000,-138.180018,-164.601781,1023.26,1158.59,1023.51,1185.48,0.01,-0.0,0.21,0.27,0.3,0.22,1397.14,645.7249416378062,673.2725198730213,0.523758513065234,790.7690452270853,374.4230167476513,-49.01357038478042,1042.6884074905524,306.0714938339064,-109.87225667371388,-25.889229357077586,-23.0413366883133
48764337,134.854000,-138.175161,-164.605525,1023.45,1158.48,1023.52,1185.49,0.01,-0.01,0.25,0.29,0.3,0.22,1397.2,645.7100596535383,673.2753265063335,0.5672728257912184,790.7740578924694,374.5193503642081,-49.03203129268206,1042.7793103549006,306.19411740014573,-109.87769547024247,-25.8993622651285,-23.031573891942493
48764437,134.954000,-138.170449,-164.616892,1023.34,1158.69,1023.55,1185.3,0.02,-0.0,0.23,0.25,0.31,0.26,1397.3,645.7785786889111,673.2928469651894,0.4915207653522196,790.8288213860175,374.5690252759373,-49.03979941641528,1042.7783828081476,306.19894771637763,-110.05440375306874,-25.899650545544617,-23.018299719676406
48764537,135.053000,-138.175578,-164.614713,1023.34,1158.68,1023.46,1185.4,0.01,-0.0,0.23,0.25,0.29,0.24,1397.3,645.7785786889111,673.2928469651894,0.4915207653522196,790.8288213860175,374.5690252759373,-49.03979941641528,1042.7783828081476,306.19894771637763,-110.05440375306874,-25.899650545544617,-23.018299719676406
48764637,135.153000,-138.187238,-164.584665,1023.33,1158.59,1023.54,1185.48,0.01,-0.0,0.23,0.27,0.31,0.23,1397.15,645.799897307432,673.3302611797935,0.5082958569265443,790.7838472433723,374.44679681784726,-49.09013533099855,1042.7304702052195,306.09774448860804,-109.86343642664009,-25.877337839486724,-23.067209771258526
48764738,135.252000,-138.179575,-164.601462,1023.31,1158.77,1023.45,1185.48,0.02,-0.0,0.22,0.24,0.29,0.23,1397.17,645.7221741983368,673.250629536321,0.6239918126310368,790.770146629075,374.4140533233524,-49.02078859898708,1042.6761072420638,306.1204168899306,-109.91577850384974,-25.890803263032755,-23.049682605243326
48764838,135.358000,-138.172443,-164.610745,1023.31,1158.58,1023.57,1185.4,0.02,-0.0,0.22,0.27,0.31,0.24,1397.17,645.8177305467044,673.349823888174,0.5654656902125799,790.7704469495486,374.41535168574404,-49.02507568059574,1042.6824821578793,306.0882543788198,-109.86991319323468,-25.86865202431098,-23.087244826494917
48764939,135.455000,-138.188856,-164.584797,1023.32,1158.62,1023.52,1185.39,0.02,-0.01,0.22,0.26,0.3,0.24,1397.09,645.8177305467044,673.349823888174,0.5654656902125799,790.7704469495486,374.41535168574404,-49.02507568059574,1042.6824821578793,306.0882543788198,-109.86991319323468,-25.86865202431098,-23.087244826494917
48765040,135.555000,-138.178199,-164.597749,1023.26,1158.54,1023.56,1185.39,0.02,-0.01,0.21,0.28,0.31,0.25,1397.21,645.8335606271492,673.2814597282112,0.5993512846834044,790.7822583167489,374.43097700803736,-49.060645524046045,1042.7145701872664,306.1541819727678,-109.92732044345155,-25.874349633099158,-23.08767139923097
48765140,135.656000,-138.172957,-164.620198,1023.37,1158.6,1023.4,1185.5,0.02,-0.01,0.23,0.27,0.28,0.22,1397.13,645.7527781285585,673.29851279644,0.5999524265529438,790.7852966712938,374.4514204149624,-49.09872339001384,1042.7214132744703,306.1031888641216,-109.86334230469818,-25.887613225492967,-23.046229102332212
48765240,135.756000,-138.174524,-164.609452,1023.23,1158.71,1023.62,1185.44,0.02,-0.01,0.21,0.25,0.32,0.23,1397.21,645.7573352678395,673.2755568284439,0.5741761866411416,790.8023937007162,374.49751770417606,-49.049562089768386,1042.7400809347723,306.07288273602074,-109.83948023123418,-25.894760567030993,-23.015841377966524
48765340,135.856000,-138.176216,-164.617891,1023.14,1158.51,1023.57,1185.28,0.02,-0.01,0.19,0.29,0.31,0.26,1397.2,645.7573352678395,673.2755568284439,0.5741761866411416,790.8023937007162,374.49751770417606,-49.049562089768386,1042.7400809347723,306.07288273602074,-109.83948023123418,-25.894760567030993,-23.015841377966524
48765440,135.956000,-138.187097,-164.563696,1023.31,1158.51,1023.42,1185.33,0.02,-0.01,0.22,0.29,0.28,0.25,1397.28,645.7167912716441,673.2999217009594,0.5608813406329916,790.7471450448498,374.406913368996,-49.0710491216191,1042.6915861985342,306.06001202648866,-109.88388582228767,-25.883819943999416,-23.05457581869441
48765540,136.057000,-138.187097,-164.563696,1023.36,1158.56,1023.58,1185.2,0.02,-0.01,0.23,0.28,0.32,0.28,1397.28,645.7254289362781,673.2855743671905,0.5512846766417716,790.777267049194,374.4278394651227,-49.05943101718389,1042.6879807152977,306.11071094095377,-109.89617187082084,-25.889809565021935,-23.04696579880425
48765641,136.156000,-138.175136,-164.607869,1023.36,1158.41,1023.62,1185.44,0.02,-0.01,0.23,0.3,0.32,0.23,1397.09,645.8036698452336,673.358424631366,0.5284253534777427,790.7130508820029,374.43199948463075,-49.08698310455029,1042.7013578864373,306.10194542090636,-109.87393768802536,-25.862532278561613,-23.10323964208282
48765741,136.257000,-138.191691,-164.575507,1023.32,1158.56,1023.56,1185.35,0.02,-0.0,0.22,0.28,0.31,0.24,1397.27,645.8036698452336,673.358424631366,0.5284253534777427,790.7130508820029,374.43199948463075,-49.08698310455029,1042.7013578864373,306.10194542090636,-109.87393768802536,-25.862532278561613,-23.10323964208282
48765840,136.357000,-138.165752,-164.630420,1023.4,1158.57,1023.69,1185.47,0.02,-0.0,0.24,0.27,0.34,0.22,1397.17,645.7559274402483,673.2788457226616,0.6058339464945816,790.7786960144978,374.531681995049,-49.03158600486141,1042.8068449927434,306.1804635128141,-109.72000800340271,-25.893627369421502,-23.038855417065946
48765941,136.457000,-138.165752,-164.630420,1023.4,1158.68,1023.6,1185.31,0.02,-0.0,0.24,0.26,0.32,0.25,1397.13,645.7559274402483,673.2788457226616,0.6058339464945816,790.7786960144978,374.531681995049,-49.03158600486141,1042.8068449927434,306.1804635128141,-109.72000800340271,-25.893627369421502,-23.038855417065946
48766040,136.557000,-138.176819,-164.605567,1023.34,1158.63,1023.51,1185.38,0.02,-0.0,0.23,0.26,0.3,0.25,1397.16,645.7189425514018,673.2903153643546,0.5286872862641046,790.8243805040987,374.56284788091364,-49.043946426100334,1042.7553365422373,306.3203137560145,-110.09203004902335,-25.90794183404207,-23.027668095765435
48766141,136.656000,-138.173559,-164.603489,1023.33,1158.61,1023.42,1185.3,0.01,-0.0,0.23,0.26,0.28,0.27,1397.27,645.72985646318,673.2971107355495,0.4741235905850921,790.8545755432756,374.5112869675899,-49.06765237624022,1042.8222267063866,306.2718092941,-109.96706041354184,-25.906535323848676,-23.033234415951277
48766241,136.757000,-138.174955,-164.605508,1023.33,1158.64,1023.63,1185.42,0.01,-0.0,0.23,0.26,0.33,0.24,1397.29,645.7905698509118,673.3157387483635,0.5200766293023515,790.7854346795199,374.5356577947877,-49.02605025353421,1042.7787864878983,306.22767911447204,-110.06592592500647,-25.886816586013893,-23.059636371550184
48766341,136.857000,-138.174955,-164.605508,1023.36,1158.57,1023.57,1185.24,0.01,-0.01,0.23,0.27,0.31,0.28,1397.2,645.7857310095889,673.2908611685696,0.4923959040552414,790.7763726043522,374.51734390709356,-49.027436743743216,1042.7491800197192,306.12520726562815,-109.79676092254655,-25.88665548083401,-23.040953965798067
48766441,136.957000,-138.178011,-164.613337,1023.38,1158.56,1023.51,1185.42,0.01,-0.01,0.23,0.27,0.3,0.24,1397.16,645.7295791917613,673.2969398596848,0.6076323689647417,790.7977323508152,374.43586911777936,-49.075605562599364,1042.7447475921288,306.168110643827,-109.8075997736142,-25.892089784462872,-23.05494973281622
48766541,137.056000,-138.178011,-164.613337,1023.36,1158.6,1023.47,1185.45,0.01,-0.01,0.23,0.27,0.29,0.23,1397.21,645.8068343047391,673.2843274873186,0.511266477635097,790.7694437187305,374.5612834588573,-49.119937597757264,1042.7792712252904,306.148079524946,-109.81134075377447,-25.88610619646265,-23.039719222510968
48766642,137.156000,-138.180314,-164.612038,1023.38,1158.59,1023.57,1185.25,0.01,-0.01,0.23,0.27,0.31,0.27,1397.33,645.7134050223647,673.286569220477,0.566401769304438,790.7990156813001,374.55105488385675,-49.05593535322755,1042.7830032738725,306.23769969224907,-110.05325634153292,-25.90425836701542,-23.023076336315818
48766742,137.256000,-138.168449,-164.615058,1023.27,1158.64,1023.53,1185.34,0.01,-0.01,0.22,0.26,0.31,0.25,1397.25,645.7134050223647,673.286569220477,0.566401769304438,790.7990156813001,374.55105488385675,-49.05593535322755,1042.7830032738725,306.23769969224907,-110.05325634153292,-25.90425836701542,-23.023076336315818
48766841,137.357000,-138.183489,-164.592260,1023.32,1158.54,1023.48,1185.31,0.01,-0.01,0.22,0.28,0.3,0.26,1397.38,645.7502844610416,673.2250775016997,0.3480175300522178,790.8030552641308,374.5628835272079,-49.038235064412866,1042.7294912123425,306.2988049850438,-110.18622572624567,-25.904688242665213,-23.029351049703514
48766941,137.456000,-138.168805,-164.617326,1023.33,1158.66,1023.54,1185.32,0.01,-0.01,0.23,0.26,0.31,0.25,1397.25,645.7298356788231,673.2942483608228,0.565212203286266,790.7952421198371,374.53830134255946,-49.05748938462564,1042.7713788594665,306.24383966191186,-110.0134476590075,-25.89958300082211,-23.03597828299349
48767041,137.556000,-138.177450,-164.604631,1023.43,1158.61,1023.53,1185.32,0.01,-0.01,0.24,0.27,0.31,0.26,1397.24,645.7312869070521,673.2593640212605,0.6411321530207267,790.8133186774347,374.53022785927476,-49.014686950957554,1042.7712536702566,306.1312967056434,-109.76152080170634,-25.90418368387742,-23.003603535390425
48767141,137.656000,-138.173255,-164.624067,1023.33,1158.67,1023.53,1185.3,0.01,-0.0,0.23,0.25,0.31,0.26,1397.29,645.7312869070521,673.2593640212605,0.6411321530207267,790.8133186774347,374.53022785927476,-49.014686950957554,1042.7712536702566,306.1312967056434,-109.76152080170634,-25.90418368387742,-23.003603535390425
48767241,137.757000,-138.179473,-164.606821,1023.47,1158.61,1023.66,1185.31,0.02,-0.0,0.25,0.27,0.33,0.26,1397.21,645.7286526606935,673.2830528264976,0.5287883207505111,790.7701775560384,374.5200323920221,-49.039322958156156,1042.736221490813,306.087713292772,-109.8525256521067,-25.895343721302694,-23.01467874669082
48767341,137.857000,-138.179473,-164.606821,1023.27,1158.59,1023.59,1185.32,0.02,-0.0,0.22,0.27,0.32,0.26,1397.28,645.7597767040166,673.2629359034729,0.7082937085717175,790.7669918722585,374.53949924369863,-49.0578550475182,1042.7712178965758,306.2017136446623,-109.89741869560793,-25.893000972488064,-23.0415790277955
48767441,137.958000,-138.181597,-164.589112,1023.41,1158.6,1023.53,1185.37,0.01,-0.0,0.24,0.27,0.31,0.25,1397.21,645.7597767040166,673.2629359034729,0.7082937085717175,790.7669918722585,374.53949924369863,-49.0578550475182,1042.7712178965758,306.2017136446623,-109.89741869560793,-25.893000972488064,-23.0415790277955
48767542,138.058000,-138.175269,-164.610251,1023.42,1158.52,1023.62,1185.31,0.01,-0.0,0.24,0.28,0.32,0.26,1397.25,645.7392085637999,673.2999704765265,0.5843671818719143,790.78906261477,374.52836104912507,-49.043263743737114,1042.7913673701592,306.1805809832797,-110.09708000385955,-25.89598923708761,-23.033375472846252
48767641,138.158000,-138.171600,-164.616540,1023.31,1158.58,1023.55,1185.23,0.01,-0.0,0.22,0.27,0.31,0.27,1397.2,645.7068426001454,673.2574337424113,0.5481575850801391,790.7873723684769,374.530224967768,-49.008390892683344,1042.7946880037687,306.1987529598241,-109.86952134905815,-25.904095853405742,-23.02090383134798
48767741,138.258000,-138.171600,-164.616540,1023.41,1158.6,1023.43,1185.33,0.02,-0.0,0.24,0.27,0.29,0.26,1397.28,645.7068426001454,673.2574337424113,0.5481575850801391,790.7873723684769,374.530224967768,-49.008390892683344,1042.7946880037687,306.1987529598241,-109.86952134905815,-25.904095853405742,-23.02090383134798
48767841,138.357000,-138.181315,-164.603565,1023.32,1158.53,1023.58,1185.31,0.02,-0.01,0.23,0.28,0.32,0.26,1397.18,645.8003607385384,673.3515364867006,0.5482507344538331,790.7847008964429,374.5488477503329,-49.05744925978881,1042.7803316602715,306.1628475463523,-109.85801821121373,-25.892646660069907,-23.03158299980771
48767941,138.457000,-138.183276,-164.593534,1023.36,1158.65,1023.43,1185.34,0.02,-0.0,0.23,0.26,0.29,0.25,1397.12,645.7993272135084,673.2448003450562,0.5329384737657201,790.8015359472387,374.57545032684556,-49.12537436823786,1042.7549679303218,306.1411780368625,-109.74841070626441,-25.896299780206817,-23.01162754982417
48768041,138.557000,-138.170754,-164.627536,1023.4,1158.58,1023.52,1185.42,0.02,-0.0,0.24,0.27,0.3,0.24,1397.08,645.7564471512736,673.285149856241,0.5881073858526819,790.7787071625246,374.53413873413086,-48.986750215583356,1042.745554649577,306.1227934429177,-109.90248524832379,-25.893258555033615,-23.023337080376884
48768142,138.658000,-138.170754,-164.627536,1023.39,1158.44,1023.53,1185.3,0.02,-0.0,0.24,0.29,0.31,0.27,1397.24,645.7199176756533,673.2579596217159,0.5460923641115295,790.7925373567285,374.53317459941707,-49.04495359447387,1042.7575871875,306.2127998715233,-110.02836929257484,-25.903050918170706,-23.022916801783396
48768243,138.757000,-138.171357,-164.609353,1023.37,1158.63,1023.61,1185.28,0.02,0.0,0.23,0.26,0.32,0.27,1397.33,645.8043772884139,673.3673765623097,0.524736639697112,790.8693386077301,374.53384326255525,-49.0604744722875,1042.770680689465,306.2303616099011,-110.07962192213819,-25.89366861345088,-23.041600624359752
48768342,138.858000,-138.180006,-164.599397,1023.39,1158.63,1023.38,1185.16,0.02,0.0,0.24,0.26,0.28,0.29,1397.32,645.7316835292627,673.3035267622492,0.5599365382446226,790.7793437387446,374.525595196731,-49.02759178939819,1042.7890605961973,306.33060769327517,-109.99173699349306,-25.895172445347693,-23.067797854820633
48768442,138.958000,-138.175941,-164.592292,1023.41,1158.56,1023.58,1185.26,0.02,0.0,0.24,0.27,0.32,0.27,1397.29,645.7316835292627,673.3035267622492,0.5599365382446226,790.7793437387446,374.525595196731,-49.02759178939819,1042.7890605961973,306.33060769327517,-109.99173699349306,-25.895172445347693,-23.067797854820633
48768542,139.058000,-138.175941,-164.592292,1023.46,1158.58,1023.48,1185.29,0.02,-0.0,0.25,0.27,0.3,0.27,1397.18,645.7190154199611,673.2858544016214,0.5212513197885136,790.7671275991847,374.509133524663,-49.04555148818002,1042.7696639958056,306.29965349245197,-109.92101497536832,-25.895333801812182,-23.063993336715534
48768642,139.158000,-138.185316,-164.574340,1023.39,1158.59,1023.48,1185.28,0.02,0.0,0.24,0.27,0.3,0.26,1397.26,645.7190154199611,673.2858544016214,0.5212513197885136,790.7671275991847,374.509133524663,-49.04555148818002,1042.7696639958056,306.29965349245197,-109.92101497536832,-25.895333801812182,-23.063993336715534
48768742,139.258000,-138.163216,-164.645147,1023.44,1158.59,1023.63,1185.29,0.02,-0.0,0.25,0.27,0.33,0.26,1397.3,645.7196504237916,673.3234307269913,0.5457158806617421,790.8005466799063,374.4614118665968,-49.0722956826986,1042.7371283574043,306.3243703508924,-109.8852652351744,-25.89399551437213,-23.078237293574446
48768842,139.358000,-138.185387,-164.567661,1023.36,1158.57,1023.56,1185.29,0.02,-0.0,0.23,0.27,0.31,0.26,1397.21,645.7196504237916,673.3234307269913,0.5457158806617421,790.8005466799063,374.4614118665968,-49.0722956826986,1042.7371283574043,306.3243703508924,-109.8852652351744,-25.89399551437213,-23.078237293574446
48768943,139.459000,-138.171345,-164.624783,1023.41,1158.59,1023.52,1185.17,0.02,-0.0,0.24,0.27,0.3,0.28,1397.2,645.703558118258,673.3028326929407,0.5536414445592466,790.7878268407495,374.5375320346864,-49.041770668119995,1042.765394367933,306.2565555785123,-109.92956369405424,-25.904256317855964,-23.02957032562133
48769043,139.558000,-138.171345,-164.624783,1023.44,1158.55,1023.55,1185.24,0.02,-0.0,0.25,0.28,0.31,0.28,1397.2,645.7934576609058,673.2525716728235,0.49504504478334166,790.7958389797062,374.56521873343604,-49.04782123364478,1042.7408316506924,306.34932462048687,-110.06686647422242,-25.894969749472278,-23.060062196841038
48769144,139.659000,-138.163631,-164.636749,1023.36,1158.61,1023.6,1185.22,0.02,0.0,0.23,0.27,0.32,0.28,1397.23,645.8100349532687,673.3374048133862,0.6045628313618265,790.9131407092148,374.5762658416887,-49.082051855237296,1042.823062163966,306.2526129905666,-109.98096015287717,-25.905042015796216,-23.015073122185832
48769243,139.759000,-138.170879,-164.627805,1023.39,1158.53,1023.62,1185.36,0.02,0.0,0.24,0.28,0.32,0.25,1397.15,645.7500142430472,673.2872295264658,0.43016067100842253,790.7663346950098,374.5283608059527,-49.05328072175385,1042.7523739805172,306.3594168218545,-109.95746182552104,-25.891744674060376,-23.078813671263774
48769343,139.859000,-138.181713,-164.577135,1023.4,1158.57,1023.58,1185.36,0.02,-0.0,0.24,0.27,0.32,0.25,1397.28,645.7032669728653,673.296596662852,0.5857133881262058,790.9053618756724,374.5688703040035,-48.9474844995498,1042.8354771710394,306.1838315765747,-109.87460295862938,-25.922920023162966,-22.96747383386389
48769444,139.960000,-138.160737,-164.657735,1023.41,1158.69,1023.56,1185.34,0.02,-0.0,0.24,0.25,0.31,0.25,1397.25,645.6696842524547,673.3161672951732,0.560515810788587,790.7836809207187,374.5404521969804,-49.06349140024431,1042.731782885105,306.29096063911936,-109.88748501304154,-25.905633436730493,-23.031794850975295
48769543,140.059000,-138.180675,-164.585173,1023.33,1158.6,1023.51,1185.36,0.02,-0.0,0.23,0.27,0.3,0.26,1397.31,645.6696842524547,673.3161672951732,0.560515810788587,790.7836809207187,374.5404521969804,-49.06349140024431,1042.731782885105,306.29096063911936,-109.88748501304154,-25.905633436730493,-23.031794850975295
48769643,140.158000,-138.176243,-164.608813,1023.45,1158.59,1023.54,1185.25,0.02,-0.0,0.25,0.27,0.31,0.28,1397.29,645.731877283738,673.240864636731,0.5022637767975127,790.8346715088721,374.53974589608447,-49.01576307390531,1042.732894609993,306.27196457150643,-110.17017112983413,-25.909517853676597,-23.017287330793508
48769744,140.259000,-138.171382,-164.614635,1023.38,1158.5,1023.5,1185.3,0.02,-0.0,0.23,0.28,0.3,0.27,1397.28,645.7467584909925,673.3169446853304,0.5784570730946351,790.8372103493911,374.5707289446377,-49.083028207893335,1042.789384801058,306.3417209811738,-110.14947554501435,-25.904203105016496,-23.039229010606924
48769843,140.359000,-138.176737,-164.598703,1023.41,1158.63,1023.49,1185.23,0.02,-0.0,0.24,0.26,0.3,0.28,1397.28,645.7418048785803,673.2934350120001,0.5841159880164222,790.9043254070014,374.5795311477314,-48.988875601828966,1042.7457702758686,306.2568927272735,-110.07737397062388,-25.917822185692863,-22.985791994312635
48769943,140.459000,-138.167869,-164.633878,1023.43,1158.63,1023.5,1185.27,0.02,-0.0,0.24,0.26,0.3,0.27,1397.33,645.7418048785803,673.2934350120001,0.5841159880164222,790.9043254070014,374.5795311477314,-48.988875601828966,1042.7457702758686,306.2568927272735,-110.07737397062388,-25.917822185692863,-22.985791994312635
48770044,140.559000,-138.181720,-164.583571,1023.46,1158.57,1023.61,1185.35,0.02,-0.0,0.25,0.27,0.32,0.26,1397.23,645.7690898916004,673.3578652055505,0.4625787419209874,790.8615145297165,374.5157977446701,-49.070176190281344,1042.8290132287675,306.17982556532826,-109.86931997318803,-25.89728696290549,-23.031281558197747
48770144,140.660000,-138.177198,-164.613078,1023.41,1158.63,1023.65,1185.32,0.02,-0.0,0.24,0.26,0.33,0.25,1397.31,645.7690898916004,673.3578652055505,0.4625787419209874,790.8615145297165,374.5157977446701,-49.070176190281344,1042.8290132287675,306.17982556532826,-109.86931997318803,-25.89728696290549,-23.031281558197747
48770245,140.761000,-138.176093,-164.607733,1023.4,1158.49,1023.56,1185.3,0.02,-0.0,0.24,0.29,0.31,0.26,1397.25,645.8067392197024,673.3027270956145,0.4777455410004809,790.7896173729599,374.54473299529843,-49.056885898672405,1042.749658832889,306.2412223999008,-110.02196357531143,-25.8866197378401,-23.059063815443167
48770346,140.862000,-138.181671,-164.593206,1023.31,1158.56,1023.58,1185.21,0.02,-0.0,0.22,0.27,0.32,0.28,1397.38,645.6879183049343,673.2842557511299,0.560737351178243,790.8358935554338,374.5196248448688,-49.04323673506795,1042.7514573886956,306.23641879283133,-110.02987557009561,-25.911740974135935,-23.01056868591126
48770445,140.963000,-138.181671,-164.593206,1023.46,1158.4,1023.65,1185.12,0.02,-0.0,0.25,0.3,0.33,0.3,1397.44,645.781260085197,673.3544003230397,0.5082989254506135,790.8344553214,374.53835805011704,-49.04825525701591,1042.778030898976,306.2474371861715,-109.9737347178469,-25.893160366891543,-23.04770404140382
48770546,141.062000,-138.181671,-164.593206,1023.54,1158.6,1023.67,1185.18,0.02,-0.0,0.26,0.27,0.33,0.28,1397.4,645.7016359516928,673.318317798489,0.567601615694519,790.8489328974267,374.5232477351919,-49.04710272790643,1042.7972116942865,306.31344504046245,-109.97270981234138,-25.90934147254657,-23.032797916762924
48770645,141.168000,-138.181671,-164.593206,1023.51,1158.62,1023.66,1185.27,0.02,-0.0,0.26,0.27,0.33,0.26,1397.21,645.8140932207026,673.2627445953901,0.5507283839496397,790.8308658276381,374.55764188035363,-49.02717833454938,1042.7359304416584,306.37484390587684,-110.05915577929927,-25.895866099514986,-23.06299218886702
48770745,141.266000,-138.181671,-164.593206,1023.55,1158.56,1023.51,1185.27,0.02,-0.0,0.26,0.28,0.3,0.27,1397.23,645.7620151249539,673.32380052832,0.6951238293358852,790.8919703299675,374.544394444529,-49.082132325135476,1042.7681214541562,306.25406873331315,-110.0956141216929,-25.9078314126273,-23.01461535934073
48770849,141.362000,-138.181671,-164.593206,1023.53,1158.67,1023.53,1185.24,0.02,-0.0,0.26,0.28,0.3,0.27,1397.36,645.8012618708426,673.2586972697561,0.5977942965266272,790.9095305008054,374.572216240978,-49.008455069923976,1042.7715551662986,306.3582241028692,-110.20376145383894,-25.91147104428731,-23.022701522498963
48770949,141.464000,-138.181671,-164.593206,1023.6,1158.66,1023.58,1185.23,0.02,-0.0,0.27,0.26,0.32,0.27,1397.34,645.7543124167496,673.2570254785757,0.7002186026726881,790.8929735512088,374.56481522712244,-49.03344536697464,1042.7859457369489,306.44157622815334,-110.13364464706949,-25.915755634366835,-23.035142705322308
48771048,141.564000,-138.181671,-164.593206,1023.45,1158.58,1023.59,1185.16,0.02,-0.0,0.25,0.27,0.32,0.29,1397.26,645.7440161988925,673.3157926551456,0.5701159839130414,790.9134215754746,374.593420195677,-49.06270733913933,1042.8195228251357,306.4249598812687,-110.1718111049142,-25.91825189605346,-23.02131858556043
48771148,141.665000,-138.181671,-164.593206,1023.4,1158.69,1023.62,1185.25,0.02,-0.0,0.25,0.27,0.32,0.29,1397.37,645.7211360892925,673.3207567239127,0.5507483533238011,790.9160070813169,374.5637052673262,-49.08718243088065,1042.8247065404496,306.5068723298507,-110.11586857069355,-25.91958807572641,-23.0424547817136
48771249,141.762000,-138.181671,-164.593206,1023.47,1158.65,1023.61,1185.22,0.02,-0.0,0.24,0.25,0.32,0.27,1397.37,645.7579518188385,673.2880608848881,0.4917756172972342,790.8852823930763,374.556524156806,-49.02549547230758,1042.7871250334042,306.3480568558435,-110.19065245825865,-25.91103235769186,-23.02703498700471
48771348,141.863000,-138.181671,-164.593206,1023.47,1158.65,1023.61,1185.22,0.02,0.0,0.25,0.26,0.32,0.27,1397.35,645.7579518188385,673.2880608848881,0.4917756172972342,790.8852823930763,374.556524156806,-49.02549547230758,1042.7871250334042,306.3480568558435,-110.19065245825865,-25.91103235769186,-23.02703498700471
48771448,141.963000,-138.181671,-164.593206,1023.46,1158.65,1023.68,1185.27,0.02,0.0,0.25,0.26,0.34,0.27,1397.36,645.7579518188385,673.2880608848881,0.4917756172972342,790.8852823930763,374.556524156806,-49.02549547230758,1042.7871250334042,306.3480568558435,-110.19065245825865,-25.91103235769186,-23.02703498700471
