ezloophw-py logger started on:,2026-2-11_093852
ctrl_params:,{'n_inputs': 2, 'bidirectional': True, 'u_offset': array([1022., 1022., 1022., 1022.]), 'u_max': 1350.0, 'cmd_separator': ',', 'cmd_bookends': ('<', '>')}
Timestamp (millisec since midnight today),Test time,u_t(0),u_t(1),MPRpressure_0,MPRpressure_1,MPRpressure_2,MPRpressure_3,ForcePlate_0,ForcePlate_1,ValveOpening_0,ValveOpening_1,ValveOpening_2,ValveOpening_3,RPRpressure_0,tagid_x_102,tagid_y_102,tagid_rotation102,tagid_x_103,tagid_y_103,tagid_rotation103,tagid_x_104,tagid_y_104,tagid_rotation104,theta_0,theta_1
34735254,0.000000,0.000000,0.000000,1003.44,1003.59,1004.89,1005.93,0.0,0.0,1.0,1.0,1.0,0.81,1380.58,0.0,0.0,0.0,0.0,0.0,0.0,0.0,0.0,0.0,0.0,0.0
34735353,0.000000,0.000000,0.000000,1014.98,1016.64,1017.69,1019.53,0.0,0.0,0.85,1.0,1.0,1.0,1378.06,0.0,0.0,0.0,0.0,0.0,0.0,0.0,0.0,0.0,0.0,0.0
34735453,0.099000,0.000000,0.000000,1017.47,1017.25,1017.2,1017.51,0.0,0.0,1.0,1.0,1.0,1.0,1379.82,0.0,0.0,0.0,0.0,0.0,0.0,0.0,0.0,0.0,0.0,0.0
34735553,0.200000,0.000000,0.000000,1014.03,1014.02,1014.35,1014.72,0.0,0.0,1.0,1.0,1.0,1.0,1374.3,0.0,0.0,0.0,0.0,0.0,0.0,0.0,0.0,0.0,0.0,0.0
34735653,0.299000,0.000000,0.000000,1024.49,1026.27,1026.76,1028.81,0.0,0.0,0.42,0.73,0.95,1.0,1372.62,0.0,0.0,0.0,0.0,0.0,0.0,0.0,0.0,0.0,0.0,0.0
34735753,0.400000,0.000000,0.000000,1026.82,1026.61,1025.57,1025.82,0.0,0.0,0.82,0.79,0.72,0.77,1374.33,0.0,0.0,0.0,0.0,0.0,0.0,0.0,0.0,0.0,0.0,0.0
34735853,0.499000,0.000000,0.000000,1023.47,1023.04,1022.53,1022.8,0.0,0.0,0.25,0.18,0.11,0.17,1376.21,645.3433428486234,676.8692577698746,-0.813140106551936,654.6007963742993,334.5054220332284,-1.7441949055449717,673.4962608317379,56.619167577856466,-5.657296963295711,-1.5488896508587846,-0.7921807405562524
34735954,0.601000,0.000000,0.000000,1022.7,1022.48,1022.3,1022.78,0.0,0.0,0.12,0.09,0.06,0.16,1377.85,645.3433428486234,676.8692577698746,-0.813140106551936,654.6007963742993,334.5054220332284,-1.7441949055449717,673.4962608317379,56.619167577856466,-5.657296963295711,-1.5488896508587846,-0.7921807405562524
34736054,0.702000,0.000000,0.000000,1022.67,1022.62,1022.32,1022.8,0.0,0.0,0.12,0.11,0.07,0.17,1379.56,645.3326841659119,676.8071343914451,-0.8401545529246182,654.6485793332002,334.49143654881357,-1.744086734607178,672.985901987753,56.635066079196854,-5.654181487119331,-1.5588819497583672,-0.6580351631771348
34736153,0.804000,0.000000,0.000000,1022.57,1022.64,1022.21,1022.8,0.0,0.0,0.1,0.11,0.05,0.17,1381.03,645.3656277747555,676.8830768941095,-0.8610242067175141,654.5194355296086,334.53950691109804,-1.6918645247609265,672.9734636749067,56.600527526314195,-5.729977489801722,-1.5316473225849712,-0.7353387645561846
34736254,0.900000,0.000000,0.000000,1022.64,1022.54,1022.32,1022.71,0.0,0.0,0.11,0.1,0.07,0.15,1382.85,645.3344872946218,676.837512690261,-0.814246045780909,654.6659236287862,334.52720261194855,-1.5936015726812869,673.0896662536061,56.59407642135826,-5.6729233226507425,-1.5615058201949854,-0.6694855467926022
34736353,1.002000,0.000000,0.000000,1022.54,1022.51,1022.34,1022.78,0.0,0.0,0.1,0.09,0.07,0.16,1384.38,645.2886203461534,676.768603904276,-0.8476888690571505,654.7447619210029,334.4872793929145,-1.526917930422751,673.5184669745005,56.63596333546521,-5.6816286044027855,-1.582497163906255,-0.7004601669795414
34736454,1.101000,0.000000,0.000000,1022.69,1022.52,1022.32,1022.65,0.0,0.0,0.12,0.1,0.07,0.14,1385.61,645.2949015298262,676.7770128867819,-0.8517006110278752,654.840686799985,334.5041309365197,-1.5874012174078567,673.8000236049085,56.6471438270195,-5.7012405386380856,-1.5975307953106435,-0.7084169604618049
34736554,1.206000,0.000000,0.000000,1022.6,1022.56,1022.21,1022.59,0.0,0.0,0.11,0.1,0.05,0.12,1386.59,645.2949015298262,676.7770128867819,-0.8517006110278752,654.840686799985,334.5041309365197,-1.5874012174078567,673.8000236049085,56.6471438270195,-5.7012405386380856,-1.5975307953106435,-0.7084169604618049
34736656,1.300000,0.000000,0.000000,1022.55,1022.51,1022.24,1022.62,0.0,0.0,0.1,0.09,0.05,0.13,1387.46,645.3619142478187,676.8616870923472,-0.7551434506446648,654.8015780257788,334.4542268015079,-1.459359020026352,673.8491979006512,56.68516717269944,-5.722195389953171,-1.5791593334862692,-0.7645171285112196
34736754,1.404000,0.000000,0.000000,1022.69,1022.45,1022.31,1022.67,0.0,0.0,0.12,0.08,0.07,0.14,1387.9,645.355665383995,676.7784811832,-0.8575611931160347,654.7213925802253,334.48320428415883,-1.543635954840546,673.5882653341729,56.611367210254215,-5.69933003535695,-1.5673099318926496,-0.7496730183194931
34736855,1.503000,0.000000,0.000000,1022.55,1022.44,1022.3,1022.68,0.0,0.0,0.1,0.08,0.06,0.14,1387.9,645.3283053688561,676.846578680351,-0.7734840959348774,654.7404670228524,334.5201815680931,-1.782353599748644,673.2334283300976,56.65207935645766,-5.718604606951976,-1.5749334980714969,-0.6577251151332169
34736955,1.602000,0.000000,0.000000,1022.55,1022.43,1022.21,1022.64,0.0,0.0,0.1,0.08,0.05,0.13,1388.99,645.3283053688561,676.846578680351,-0.7734840959348774,654.7404670228524,334.5201815680931,-1.782353599748644,673.2334283300976,56.65207935645766,-5.718604606951976,-1.5749334980714969,-0.6577251151332169
34737055,1.703000,0.000000,0.000000,1022.6,1022.47,1022.18,1022.63,0.0,-0.0,0.11,0.09,0.04,0.13,1388.99,644.9471256208849,676.5884281990018,-0.840986617904681,654.3191758003464,334.25199140551604,-1.8871810985129502,672.9422015444025,56.58856535789772,-5.7011731171690325,-1.5681790505225746,-0.7007518704297175
34737155,1.802000,0.000000,0.000000,1022.56,1022.45,1022.2,1022.61,0.0,-0.0,0.1,0.08,0.04,0.13,1389.28,644.5695958093105,676.4786140090072,-0.5013602188181179,653.8975148503255,333.01961607166584,-1.780075123092595,672.3936068147252,54.35827698330577,-5.72741980598278,-1.55569966382852,-0.6860267198998793
34737256,1.902000,0.000000,0.000000,1022.46,1022.49,1022.16,1022.65,0.0,-0.0,0.09,0.09,0.04,0.14,1389.49,644.5613307364039,676.4825613926116,-0.5063640116616083,653.9188404353853,333.04874381580976,-1.8535851466815743,672.4683320575182,54.33833697880057,-5.7825774763300295,-1.5607466911918648,-0.6861954137620594
34737357,2.003000,0.000000,0.000000,1022.53,1022.49,1022.19,1022.6,-0.0,-0.0,0.1,0.09,0.04,0.13,1389.75,644.6530006514112,677.8588269926895,-0.5365066155604985,654.1915985251355,332.8710975000623,-1.9733980542637601,673.1032776683949,53.06800598854711,-6.136796669825814,-1.583772844475585,-0.6991517456558132
34737456,2.104000,0.000000,0.000000,1022.51,1022.47,1022.24,1022.59,-0.0,-0.0,0.1,0.09,0.05,0.13,1389.9,644.5400575654909,678.7340987405618,-0.24046164764129843,654.1915985251355,332.8710975000623,-1.9733980542637601,673.1032776683949,53.06800598854711,-6.136796669825814,-1.583772844475585,-0.6991517456558132
34737556,2.204000,0.000000,0.000000,1022.57,1022.44,1022.12,1022.66,-0.0,-0.0,0.11,0.08,0.03,0.14,1390.08,644.6027104637694,678.7279300330675,-0.2885526187201099,654.1915985251355,332.8710975000623,-1.9733980542637601,673.1032776683949,53.06800598854711,-6.136796669825814,-1.583772844475585,-0.6991517456558132
34737657,2.303000,0.000000,0.000000,1022.48,1022.49,1022.22,1022.77,-0.01,-0.0,0.09,0.09,0.05,0.16,1390.19,644.5827075162009,678.7417919842788,-0.1354527905813082,654.1915985251355,332.8710975000623,-1.9733980542637601,673.1032776683949,53.06800598854711,-6.136796669825814,-1.583772844475585,-0.6991517456558132
34737757,2.403000,0.000000,0.000000,1022.44,1022.49,1022.12,1022.53,-0.0,0.0,0.08,0.09,0.03,0.11,1390.31,644.5827075162009,677.6138718392792,-0.5598818733281251,654.1915985251355,332.8710975000623,-1.9733980542637601,673.1032776683949,53.25291787730905,-6.112828688230746,-1.583772844475585,-0.6991517456558132
34737856,2.504000,0.000000,0.000000,1022.43,1022.5,1022.16,1022.62,-0.0,0.0,0.08,0.1,0.04,0.13,1390.42,644.606012623344,677.1088373122454,-0.4858414812977189,654.0535796525983,332.8416164728842,-1.7273417230930468,672.735810125554,53.62262349800435,-6.100873049723351,-1.5719472012864764,-0.6839966821556307
34737956,2.607000,0.000000,0.000000,1022.49,1022.33,1022.1,1022.58,-0.0,0.0,0.09,0.07,0.03,0.13,1390.42,644.606012623344,677.1088373122454,-0.4858414812977189,654.0535796525983,332.8416164728842,-1.7273417230930468,672.735810125554,53.62262349800435,-6.100873049723351,-1.5719472012864764,-0.6839966821556307
34738056,2.704000,0.000000,0.000000,1022.48,1022.42,1022.17,1022.64,-0.01,0.0,0.09,0.08,0.04,0.14,1390.44,644.5565582649928,676.7755941660586,-0.46859692185052804,654.0012918691021,333.0179573601435,-1.9330382818720315,672.463212084316,53.967998645496884,-5.856628342790514,-1.573804368996902,-0.637558594258103
34738157,2.803000,0.000000,0.000000,1022.45,1022.47,1022.16,1022.63,-0.01,-0.0,0.09,0.09,0.04,0.14,1390.38,644.6477574920576,676.173775397075,-0.7401797956819208,654.0246590700631,333.09325696140843,-1.8468899125946656,672.6235164969119,54.69486699768129,-5.697018112709957,-1.5655892351301526,-0.6908799496911229
34738256,2.903000,0.000000,0.000000,1022.5,1022.37,1022.17,1022.64,-0.0,-0.0,0.09,0.07,0.04,0.14,1390.51,644.6477574920576,676.173775397075,-0.7401797956819208,654.0246590700631,333.09325696140843,-1.8468899125946656,672.6235164969119,54.69486699768129,-5.697018112709957,-1.5655892351301526,-0.6908799496911229
34738357,3.007000,0.000000,0.000000,1022.49,1022.47,1022.24,1022.64,-0.0,-0.0,0.09,0.09,0.05,0.14,1390.61,644.6776866140932,676.0446230642658,-0.7506510073423486,654.3022356483282,333.5866553277546,-1.8528010234938088,673.1887240860565,55.496548126658844,-5.811190845446593,-1.5834653595032893,-0.6737149735464194
34738456,3.108000,0.000000,0.000000,1022.43,1022.38,1022.26,1022.66,-0.0,-0.0,0.08,0.08,0.06,0.14,1390.54,644.6960213839793,676.2557481304776,-0.6223033387702992,654.3022356483282,333.5866553277546,-1.8528010234938088,673.1887240860565,55.496548126658844,-5.811190845446593,-1.6057807163122275,-0.6737149735464194
34738556,3.203000,0.000000,0.000000,1022.47,1022.46,1022.14,1022.49,-0.0,-0.0,0.09,0.09,0.03,0.11,1390.49,644.8770293109577,676.7582164742225,-0.6188687987178598,654.4412776475792,334.3182036798862,-1.7970860462496199,673.4132882071302,56.329607705103946,-5.661668772678827,-1.5998382780047287,-0.7045597349202164
34738656,3.302000,0.000000,0.000000,1022.33,1022.46,1022.2,1022.54,-0.0,-0.0,0.07,0.09,0.04,0.12,1390.58,645.2607538034954,676.7425304754457,-0.8255030097085042,654.684463987451,334.4670753443225,-1.7031569816383374,673.3898358100581,56.592782405687814,-5.640990756168577,-1.5998382780047287,-0.6969107709428215
34738756,3.406000,0.000000,0.000000,1022.38,1022.41,1022.11,1022.58,-0.0,-0.0,0.08,0.08,0.03,0.13,1390.52,645.2891659856564,676.7974345772202,-0.7758373087939299,654.6269866474997,334.47498640677355,-1.7449900494288302,673.2339729326058,56.61989008391433,-5.684201020575341,-1.5770995057213721,-0.7061417664844987
34738856,3.504000,0.000000,0.000000,1022.39,1022.46,1022.03,1022.57,-0.0,-0.0,0.08,0.09,0.01,0.12,1390.6,645.2891659856564,676.7974345772202,-0.7758373087939299,654.6269866474997,334.47498640677355,-1.7449900494288302,673.2339729326058,56.61989008391433,-5.684201020575341,-1.5625182542952454,-0.7061417664844987
34738957,3.604000,0.000000,0.000000,1022.54,1022.38,1022.13,1022.67,-0.0,-0.0,0.1,0.08,0.03,0.15,1390.74,645.292344021192,676.7990840684014,-0.7677672270052087,654.5735063353372,334.4927951694148,-1.7034273656997392,673.0405960562806,56.58872742073954,-5.610305437445871,-1.5531154231507016,-0.6955594568286934
34739058,3.705000,0.000000,0.000000,1022.48,1022.51,1022.1,1022.61,-0.0,-0.0,0.09,0.1,0.03,0.13,1390.47,645.2264262085163,676.8041208715614,-0.7321503594932952,654.5979643869949,334.48248733985304,-1.7274017393999435,673.1706972200359,56.60670669850683,-5.768829500275596,-1.568161199030245,-0.6875402232430137
34739158,3.806000,0.000000,0.000000,1022.41,1022.46,1022.1,1022.48,-0.0,-0.0,0.08,0.09,0.03,0.11,1390.5,645.2659793350366,676.7826462205991,-0.79355535551111,654.6802537970075,334.4867897906084,-1.752330265618424,673.329615206237,56.630259939446695,-5.641350609637937,-1.5754273364040348,-0.6890028157074419
34739257,3.906000,0.000000,0.000000,1022.54,1022.36,1022.03,1022.57,0.0,-0.0,0.1,0.07,0.01,0.13,1390.52,645.2853922373398,676.8099851907498,-0.7364101792372372,654.7560059408946,334.4542063290675,-1.5425566289434902,673.5040505655359,56.63498168696394,-5.616915152325667,-1.584573351752756,-0.6914849126553988
34739357,4.005000,0.000000,0.000000,1022.33,1022.38,1022.09,1022.62,0.0,-0.0,0.07,0.08,0.02,0.14,1390.54,645.2914071705723,676.7865551625556,-0.8130897988339865,654.7448136482349,334.4188427628363,-1.4605168723364714,673.7001855058103,56.62795928745728,-5.6805307670322485,-1.5816406894397175,-0.7403091789868523
34739458,4.104000,0.000000,0.000000,1022.51,1022.42,1022.2,1022.56,0.0,-0.0,0.1,0.08,0.04,0.12,1390.56,645.2779081851544,676.8043987212355,-0.7981169142863727,654.7434001783986,334.41743241160225,-1.4459606335827313,673.6805485273046,56.585779643436716,-5.648600234518534,-1.5835726659896083,-0.7321334357763667
34739557,4.204000,0.000000,0.000000,1022.5,1022.39,1022.17,1022.58,0.0,-0.01,0.1,0.08,0.04,0.13,1390.64,645.2842803833087,676.7883562014954,-0.8075527294009494,654.7457804300464,334.4514940353265,-1.5237236449937146,673.5934808646568,56.59885650667558,-5.591853882861981,-1.5831367097449387,-0.7143516618495909
34739657,4.305000,0.000000,0.000000,1022.5,1022.4,1022.17,1022.67,0.0,-0.01,0.1,0.08,0.04,0.15,1390.65,645.2736521908778,676.7950766584119,-0.8044718165624696,654.6834147736632,334.48569516450647,-1.7608153167302651,673.3734330187702,56.618779979638774,-5.674316929672085,-1.5746104924084434,-0.6988391258130373
34739757,4.405000,0.000000,0.000000,1022.56,1022.5,1022.13,1022.48,0.0,-0.01,0.11,0.1,0.03,0.11,1390.72,645.2931528380991,676.8002907297879,-0.7904316576932852,654.6109320875065,334.49239950701,-1.7164185972839603,673.1850139010746,56.600085009255295,-5.615732927112473,-1.5592326096173659,-0.7054474628703828
34739857,4.505000,0.000000,0.000000,1022.38,1022.42,1022.16,1022.52,0.0,-0.01,0.08,0.09,0.04,0.12,1390.58,645.2784422911019,676.7748474759856,-0.8376946678605164,654.5864302071495,334.4913755826207,-1.727584958197093,673.0962592887373,56.57532940620213,-5.715496640142676,-1.5577060080966356,-0.6949873235169699
34739957,4.605000,0.000000,0.000000,1022.44,1022.35,1022.03,1022.54,0.0,-0.01,0.09,0.07,0.01,0.12,1390.48,645.277707721755,676.8022640609538,-0.7717779479017137,654.5892686465669,334.49345021743574,-1.7122318506871272,673.1095117632076,56.61933509174324,-5.716041469615024,-1.5581883536890322,-0.6967337382181835
34740060,4.707000,0.000000,0.000000,1022.37,1022.28,1022.17,1022.53,0.0,-0.01,0.08,0.06,0.04,0.12,1390.67,645.2398885194053,676.8091680770306,-0.7296593268802893,654.6402281377295,334.4728704284382,-1.7492092578845553,673.2594702135247,56.60637370003403,-5.58709929118409,-1.5729108478436529,-0.6877157028523362
34740157,4.810000,0.000000,0.000000,1022.34,1022.4,1022.18,1022.5,0.0,-0.01,0.07,0.08,0.04,0.11,1390.62,645.2655407088417,676.7427921764436,-0.8066592163100778,654.7341229367016,334.4797993597562,-1.7157741536744875,673.4324399220958,56.64407601343181,-5.721858135750971,-1.584662889199103,-0.6808687131151898
34740258,4.904000,0.000000,0.000000,1022.41,1022.32,1022.15,1022.47,0.0,-0.01,0.08,0.07,0.04,0.11,1390.67,645.2994506821284,676.8082279344554,-0.7698774411035569,654.7573485844273,334.46240157023715,-1.5560072463370458,673.6077713305768,56.58218836353499,-5.638406829192213,-1.5824928738242003,-0.7158141522691088
34740357,5.010000,0.000000,0.000000,1022.34,1022.32,1022.12,1022.53,0.0,-0.01,0.07,0.07,0.03,0.12,1390.74,645.2994506821284,676.8082279344554,-0.7698774411035569,654.7573485844273,334.46240157023715,-1.5560072463370458,673.6077713305768,56.58218836353499,-5.638406829192213,-1.5824928738242003,-0.7158141522691088
34740457,5.104000,0.000000,0.000000,1022.34,1022.31,1022.15,1022.46,0.0,-0.01,0.07,0.07,0.04,0.11,1390.64,645.2553739096547,676.7207299916012,-0.8406146238708376,654.7402643565433,334.4158941475842,-1.433344364315374,673.6732991602896,56.60085511164533,-5.645582675582399,-1.587196897228751,-0.7242729932752998
34740558,5.205000,0.000000,0.000000,1022.42,1022.36,1022.13,1022.45,0.0,-0.01,0.09,0.08,0.03,0.1,1390.62,645.2972441010123,676.8075293160022,-0.7638001516470501,654.7127453181572,334.4100652733294,-1.4492034818650927,673.6288271145821,56.59046479010281,-5.667441485345624,-1.5751651849749886,-0.7447924697380577
34740658,5.306000,0.000000,0.000000,1022.29,1022.37,1022.12,1022.57,0.0,-0.01,0.06,0.08,0.03,0.13,1390.75,645.2972441010123,676.8075293160022,-0.7638001516470501,654.7127453181572,334.4100652733294,-1.4492034818650927,673.6288271145821,56.59046479010281,-5.667441485345624,-1.5751651849749886,-0.7447924697380577
34740758,5.406000,0.000000,0.000000,1022.33,1022.31,1022.02,1022.51,0.0,-0.01,0.07,0.07,0.01,0.12,1390.6,645.268456853975,676.8063285297768,-0.7866179891171349,654.6850006307075,334.4810315736772,-1.6484646846413704,673.5120434332383,56.66761201110261,-5.707461668034519,-1.5756714487589842,-0.7255874264486373
34740859,5.506000,0.000000,0.000000,1022.45,1022.42,1022.16,1022.55,0.0,-0.01,0.09,0.09,0.04,0.12,1390.71,645.268456853975,676.8063285297768,-0.7866179891171349,654.6850006307075,334.4810315736772,-1.6484646846413704,673.5120434332383,56.66761201110261,-5.707461668034519,-1.5756714487589842,-0.7255874264486373
34740959,5.607000,0.000000,0.000000,1022.47,1022.38,1022.13,1022.62,0.01,-0.01,0.1,0.08,0.03,0.14,1390.75,645.2758490027517,676.7912812593913,-0.8016285584007442,654.6050755609001,334.5043985379378,-1.7237547826855766,673.1919442457566,56.61336760512985,-5.723897318770979,-1.5612430201995313,-0.704068924574607
34741058,5.707000,0.000000,0.000000,1022.47,1022.42,1022.08,1022.59,0.0,-0.01,0.1,0.09,0.02,0.13,1390.57,645.2839511525016,676.8111750690556,-0.8044175992760254,654.6854221242099,334.4861885861312,-1.7247573251675186,673.3596891599326,56.64277103207566,-5.64480698072037,-1.5731520088617355,-0.6988470180398134
34741159,5.806000,0.000000,0.000000,1022.4,1022.32,1022.07,1022.61,0.0,-0.01,0.08,0.07,0.02,0.14,1390.74,645.2778139616129,676.8100372375856,-0.8028738809446491,654.740797422048,334.46508391047837,-1.723670236356434,673.5498975099001,56.62349529875225,-5.695178742105897,-1.5833473907193045,-0.7061604726647968
34741259,5.906000,0.000000,0.000000,1022.46,1022.35,1022.04,1022.55,0.0,-0.01,0.1,0.08,0.01,0.12,1390.6,645.279040114504,676.774330443996,-0.8109243342084743,654.7466483540805,334.4605355369124,-1.5271402794575666,673.6171420265637,56.58433999759186,-5.638565336977222,-1.5842649329709018,-0.7164454547062244
34741358,6.007000,0.000000,0.000000,1022.58,1022.33,1022.06,1022.55,0.0,-0.01,0.12,0.07,0.02,0.12,1390.66,645.3015128014358,676.7881778119915,-0.8393073276275711,654.7359998616807,334.41586780981424,-1.4654241906774867,673.6007027484187,56.60510505796092,-5.620898903490129,-1.578455716118342,-0.7277873037634399
34741459,6.105000,0.000000,0.000000,1022.46,1022.42,1022.12,1022.43,0.0,-0.01,0.1,0.09,0.03,0.1,1390.72,645.2986513130352,676.7675168910855,-0.8232686050858404,654.731100930509,334.4543137137634,-1.517054958037558,673.5255578389807,56.6238022539696,-5.607380655971471,-1.5783873635412293,-0.7132284360006027
34741558,6.207000,0.000000,0.000000,1022.48,1022.23,1022.02,1022.57,0.0,-0.01,0.1,0.06,0.01,0.13,1390.76,645.277433750687,676.7978690341661,-0.7844081449709291,654.7080902815568,334.4774908916303,-1.7832229143274347,673.3787309051692,56.64483023906089,-5.612985296995062,-1.5780544078670768,-0.6884461561958535
34741658,6.306000,0.000000,0.000000,1022.4,1022.39,1022.13,1022.56,0.0,-0.01,0.08,0.08,0.03,0.13,1390.63,645.2733518072831,676.7886374049898,-0.7995976561740553,654.6094593888745,334.4764080377904,-1.7538853871180713,673.2273035540695,56.61882811163004,-5.584244236417776,-1.562278355920009,-0.7088163744777409
34741758,6.406000,0.000000,0.000000,1022.46,1022.41,1022.03,1022.59,0.0,-0.01,0.1,0.09,0.01,0.13,1390.69,645.2603129692595,676.7988259188589,-0.756784282061391,654.5932643481516,334.504429251529,-1.7116018663659078,673.1359799395669,56.6161716432663,-5.683618509716655,-1.5618317903977716,-0.6938663013217039
34741858,6.506000,0.000000,0.000000,1022.47,1022.3,1022.1,1022.56,0.01,-0.01,0.1,0.07,0.03,0.13,1390.72,645.2785594138073,676.801867409909,-0.7885328276751079,654.6128101626588,334.4979925236407,-1.7061769204909882,673.2187112812032,56.57807427928934,-5.711774234474017,-1.5620058960878376,-0.7060528418581296
34741958,6.606000,0.000000,0.000000,1022.47,1022.31,1022.07,1022.5,0.0,-0.01,0.1,0.07,0.02,0.12,1390.65,645.2797897953079,676.7908881560822,-0.793710674797772,654.6128101626588,334.4979925236407,-1.7061769204909882,673.2187112812032,56.57807427928934,-5.711774234474017,-1.5620058960878376,-0.7060528418581296
34742058,6.706000,0.000000,0.000000,1022.35,1022.34,1022.03,1022.5,0.0,-0.01,0.08,0.08,0.01,0.12,1390.61,645.2592795648219,676.7490910563903,-0.8085754261402766,654.6709244619059,334.46703389952336,-1.76811152454876,673.2800039987951,56.61276238816708,-5.62225468691254,-1.571428493190899,-0.6887623456949625
34742159,6.806000,0.000000,0.000000,1022.4,1022.38,1021.94,1022.51,0.0,-0.01,0.09,0.08,0.01,0.12,1390.78,645.2452327592507,676.7422816441034,-0.8552200384945925,654.737158507957,334.4549331042934,-1.5389306104144473,673.5675014960816,56.60869363841708,-5.606500934220862,-1.588454686009042,-0.7002418288460723
34742259,6.906000,0.000000,0.000000,1022.42,1022.29,1022.15,1022.44,0.0,-0.01,0.09,0.07,0.04,0.1,1389.47,645.2710678372282,676.7855429947683,-0.8011494943070349,654.7120295578553,334.41963309276633,-1.4396090399550412,673.6263999977253,56.60368392071591,-5.5829538064645154,-1.5795679360613561,-0.7356866876826835
34742360,7.006000,0.000000,0.000000,1022.42,1022.4,1022.12,1022.58,0.0,-0.01,0.09,0.09,0.03,0.13,1389.25,645.2800652884483,676.7941732785488,-0.7923830985726121,654.7291961234821,334.4548317551437,-1.5230637367896767,673.5758432569318,56.56208282519186,-5.674385331470644,-1.5810566491661506,-0.7177371848798293
34742459,7.109000,0.000000,0.000000,1022.31,1022.37,1021.86,1022.42,0.0,-0.02,0.07,0.08,0.02,0.1,1389.42,645.2717635222602,676.7880164056644,-0.8009672015446817,654.6843018527118,334.46135932768624,-1.6202540296309962,673.4497553566698,56.63306407833246,-5.696511404063767,-1.5749952999931363,-0.714089251282231
34742560,7.206000,0.000000,0.000000,1022.32,1022.32,1022.08,1022.53,-0.0,-0.02,0.07,0.07,0.02,0.12,1388.48,645.2923913176694,676.8015396358522,-0.7801202833396633,654.6682269745814,334.4817447475625,-1.7369408517834868,673.3133846429779,56.60840421256783,-5.651615324694232,-1.5688883691859106,-0.7009862430383906
34742660,7.308000,0.000000,0.000000,1022.28,1022.32,1022.02,1022.51,0.0,-0.02,0.07,0.07,0.01,0.12,1388.21,645.2790988920428,676.7862551164463,-0.7850664136249367,654.616593049367,334.4611394293595,-1.7315153071670553,673.2063696112435,56.61220098153314,-5.629627622014366,-1.5624514774261233,-0.7028269553404245
34742760,7.408000,0.000000,0.000000,1022.29,1022.3,1022.0,1022.49,0.0,-0.02,0.07,0.07,0.01,0.12,1388.66,645.2758291781919,676.7940696514192,-0.786580262099749,654.6157311968926,334.4957733377558,-1.7391446920086613,673.1448428327501,56.60277313307806,-5.682750159536362,-1.5629765775540838,-0.688719338680154
34742860,7.508000,0.000000,0.000000,1022.41,1022.19,1022.0,1022.49,0.0,-0.02,0.09,0.05,0.01,0.12,1389.03,645.2682292251983,676.799986146519,-0.7888825377386696,654.6141482077339,334.4607697275422,-1.7313259780941879,673.2361369574655,56.61859747477461,-5.602061707850644,-1.5629765775540838,-0.688719338680154
34742960,7.607000,0.000000,0.000000,1022.45,1022.34,1022.07,1022.55,0.0,-0.02,0.1,0.08,0.02,0.13,1389.42,645.2682292251983,676.799986146519,-0.7888825377386696,654.6141482077339,334.4607697275422,-1.7313259780941879,673.2361369574655,56.61859747477461,-5.602061707850644,-1.5637961290087774,-0.7068436356876839
34743060,7.707000,0.000000,0.000000,1022.37,1022.19,1022.09,1022.55,0.0,-0.02,0.08,0.05,0.02,0.13,1389.66,645.2790214161043,676.7858928717503,-0.8014671388319201,654.7033916203927,334.44544552773084,-1.5253662146101175,673.5451486688468,56.66124367518288,-5.715111858745875,-1.5769106303098857,-0.7265366728268945
34743160,7.812000,0.000000,0.000000,1022.34,1022.37,1022.12,1022.53,-0.0,-0.02,0.08,0.08,0.03,0.12,1390.12,645.2886046619457,676.796264193265,-0.7972464556103066,654.7484597504418,334.4476535508851,-1.5348819468734114,673.5791983840146,56.606458113881736,-5.647622515300146,-1.5828073167818175,-0.7116879558622466
34743260,7.908000,0.000000,0.000000,1022.38,1022.44,1022.03,1022.56,-0.0,-0.02,0.08,0.08,0.03,0.12,1390.13,645.2785404288667,676.7995816925204,-0.8018431396782618,654.7483907756082,334.4525921562955,-1.5336772143032957,673.6171602362547,56.592067587609236,-5.614267868485199,-1.5844863539073426,-0.7158671431929164
34743360,8.007000,0.000000,0.000000,1022.38,1022.44,1022.03,1022.56,-0.0,-0.02,0.08,0.1,0.01,0.13,1390.22,645.2534626679457,676.7434611989987,-0.8449766119158831,654.6953290123025,334.4442295272473,-1.5294603851781134,673.508666892264,56.62107555787159,-5.675495458737492,-1.5800267777009926,-0.7139278716853501
34743460,8.107000,0.000000,0.000000,1022.35,1022.34,1022.06,1022.51,-0.0,-0.02,0.07,0.07,0.02,0.13,1390.38,645.2924617897148,676.7749111181629,-0.820301772697605,654.7152753870095,334.4718392151246,-1.777567595116398,673.3935568407286,56.63295915969837,-5.637001066394973,-1.5768223708030238,-0.6923930297111158
34743560,8.211000,0.000000,0.000000,1022.35,1022.34,1022.06,1022.51,-0.0,-0.02,0.08,0.08,0.02,0.12,1390.34,645.2778286985746,676.796136402233,-0.8233674688299661,654.6462816040524,334.4797271713442,-1.7547733869962536,673.2513576891336,56.61782057008997,-5.685208032600482,-1.5676691036618782,-0.6953543173190653
34743661,8.312000,0.000000,0.000000,1022.37,1022.32,1022.1,1022.47,-0.0,-0.02,0.08,0.07,0.03,0.11,1390.4,645.2854089595768,676.8027202896591,-0.7792909620871694,654.6184139252606,334.47280260066157,-1.7207840671575405,673.2047649226911,56.612352964092324,-5.596766984163341,-1.5616787731834179,-0.7035110440883243
34743762,8.407000,0.000000,0.000000,1022.39,1022.38,1022.13,1022.46,-0.0,-0.02,0.08,0.06,0.03,0.12,1390.61,645.2780406292823,676.7957199726474,-0.7926830151634898,654.6184139252606,334.47280260066157,-1.7207840671575405,673.2047649226911,56.59603651217251,-5.609707459275456,-1.5616787731834179,-0.7083010139730468
34743863,8.510000,0.000000,0.000000,1022.39,1022.38,1022.13,1022.46,-0.0,-0.02,0.09,0.09,0.03,0.11,1390.67,645.2850582873965,676.8006123952639,-0.8014776598550835,654.6732186510072,334.47918896418935,-1.743214155878592,673.3324691638328,56.636787524702456,-5.608343407706414,-1.5709421989504073,-0.7001979130990228
34743962,8.609000,0.000000,0.000000,1022.3,1022.26,1022.05,1022.57,-0.0,-0.02,0.07,0.06,0.02,0.13,1390.51,645.3040949886561,676.7817495116306,-0.8439210741155264,654.7467453485467,334.4922704945777,-1.7897825698205934,673.4539234257235,56.658872757121856,-5.691975129449277,-1.5802029101030226,-0.691639924619297
34744063,8.709000,0.000000,0.000000,1022.41,1022.39,1022.13,1022.53,-0.0,-0.02,0.09,0.09,0.03,0.12,1390.68,645.2860518507559,676.8025635814777,-0.769896918642276,654.7193590732926,334.44584975190395,-1.523553064830495,673.5278045341488,56.62246568033952,-5.665875637137839,-1.578330282569696,-0.7163132993305492
34744163,8.810000,0.000000,0.000000,1022.39,1022.28,1022.11,1022.39,-0.0,-0.02,0.09,0.07,0.03,0.1,1390.74,645.2860518507559,676.8025635814777,-0.769896918642276,654.7193590732926,334.44584975190395,-1.523553064830495,673.5278045341488,56.62246568033952,-5.665875637137839,-1.578330282569696,-0.7163132993305492
34744263,8.915000,0.000000,0.000000,1022.39,1022.31,1022.01,1022.57,-0.0,-0.01,0.09,0.07,0.01,0.13,1390.72,645.2833665725389,676.7958410459265,-0.7943065386656114,654.737253326012,334.4433917595224,-1.54662598571306,673.5733944653326,56.62399519244208,-5.616430844664288,-1.581791485230231,-0.7151320033131299
34744366,9.010000,0.000000,0.000000,1022.41,1022.26,1022.07,1022.49,-0.0,-0.01,0.09,0.07,0.02,0.12,1390.7,645.2730839718068,676.7902126022084,-0.8071570845767356,654.6730344576889,334.4652548121186,-1.6458858144828934,673.4804887466303,56.65834494307807,-5.681823799541339,-1.5728978449303261,-0.7272036566967457
34744463,9.115000,0.000000,0.000000,1022.36,1022.32,1022.1,1022.5,-0.0,-0.01,0.08,0.08,0.03,0.12,1390.68,645.2730839718068,676.7902126022084,-0.7607893426355937,654.6705560252086,334.4844718464954,-1.7523497902358525,673.3241049420027,56.635073546887654,-5.648166344978848,-1.5728978449303261,-0.7272036566967457
34744564,9.215000,0.000000,0.000000,1022.38,1022.34,1022.03,1022.57,-0.0,-0.01,0.09,0.08,0.01,0.13,1390.77,645.28878831398,676.7963911715897,-0.7607893426355937,654.6705560252086,334.4844718464954,-1.7523497902358525,673.3241049420027,56.635073546887654,-5.648166344978848,-1.5699166022440576,-0.700982185792836
34744665,9.312000,0.000000,0.000000,1022.49,1022.33,1022.08,1022.49,-0.0,-0.01,0.11,0.08,0.02,0.12,1390.84,645.2765981303107,676.800636294753,-0.789070396929114,654.6313849157857,334.4856797718765,-1.725827521466587,673.1990117675899,56.61244936250463,-5.669888201238504,-1.5653900633536548,-0.6920693434373728
34744765,9.413000,0.000000,0.000000,1022.32,1022.29,1022.07,1022.5,-0.0,-0.01,0.08,0.07,0.02,0.12,1390.72,645.2637467336824,676.7427587364847,-0.8134742361801143,654.6459301929725,334.4794303946442,-1.7550246515117676,673.2768556006696,56.60033477612758,-5.614297134777753,-1.5702089161542763,-0.6953444815804923
34744865,9.514000,0.000000,0.000000,1022.48,1022.31,1022.04,1022.54,-0.0,-0.01,0.1,0.07,0.02,0.13,1390.91,645.2924561644368,676.8024543809654,-0.7793131578989251,654.6907681766887,334.4776905268524,-1.6903581531491882,673.3684576585224,56.635189818283585,-5.634273255851839,-1.57262470659245,-0.7006168642942092
34744965,9.614000,0.000000,0.000000,1022.31,1022.38,1022.11,1022.43,-0.0,-0.01,0.08,0.09,0.03,0.11,1390.92,645.285751915852,676.8010902549115,-0.7893383462927851,654.6671832191562,334.4361282818012,-1.4443811775653745,673.5031416590373,56.66614242258997,-5.737687926576554,-1.569617239943889,-0.7401308338169272
34745067,9.714000,0.000000,0.000000,1022.42,1022.25,1022.07,1022.41,0.0,-0.01,0.1,0.06,0.02,0.1,1390.89,645.2805073190672,676.8048310411461,-0.7958139195417703,654.713649340723,334.45233644630576,-1.5326850019487988,673.5454962625727,56.64036340608593,-5.688468463646736,-1.5783220975705734,-0.7212925218594965
34745166,9.815000,0.000000,0.000000,1022.47,1022.29,1022.11,1022.52,0.0,-0.01,0.1,0.07,0.03,0.13,1390.92,645.2853004890248,676.7842760527656,-0.8191855572458078,654.7200349572918,334.4476958540074,-1.5397579644345605,673.5421410408891,56.626745498693914,-5.651550503099526,-1.578661753268845,-0.7184885871389657
34745266,9.914000,0.000000,0.000000,1022.42,1022.3,1022.09,1022.41,0.0,-0.01,0.09,0.07,0.02,0.1,1390.69,645.2898664274488,676.8018835577344,-0.7453733310299239,654.7451233762939,334.479061431643,-1.7279831718704346,673.5256066422676,56.67059580081264,-5.747856460121752,-1.5821574752921062,-0.7031255562202334
34745366,10.014000,0.000000,0.000000,1022.39,1022.29,1022.08,1022.54,0.0,-0.01,0.09,0.07,0.02,0.13,1390.94,645.2812579320564,676.8007916388519,-0.811476385991736,654.6950749426688,334.48568180901293,-1.70868708540332,673.3958611636058,56.64532945013654,-5.65215549852939,-1.5752622625580637,-0.700112917964741
34745466,10.115000,0.000000,0.000000,1022.4,1022.37,1022.08,1022.53,0.0,-0.01,0.09,0.09,0.02,0.13,1390.86,645.2792615539613,676.787071337275,-0.8181744358239712,654.6371119946024,334.48983454703193,-1.7377594467255906,673.3144235970045,56.613891585302206,-5.633200346375244,-1.5659834889751967,-0.7133602746147538
34745567,10.214000,24.642457,-16.348337,1022.36,1022.35,1022.05,1022.49,0.0,-0.01,0.09,0.08,0.02,0.12,1390.81,645.2792615539613,676.787071337275,-0.8181744358239712,654.6371119946024,334.48983454703193,-1.7377594467255906,673.3144235970045,56.613891585302206,-5.633200346375244,-1.5659834889751967,-0.7133602746147538
34745668,10.318000,23.068356,-14.770737,1022.37,1022.28,1021.93,1022.49,0.0,-0.01,0.09,0.07,0.01,0.12,1389.75,645.2835047578319,676.8125882321393,-0.7751182838897708,654.6262079996955,334.48372319044506,-1.7438279130039334,673.2356123117179,56.63359702716451,-5.618605457786727,-1.5633055721172013,-0.7051318560479642
34745768,10.418000,23.067717,-14.772973,1022.33,1022.36,1022.08,1022.48,0.0,-0.01,0.08,0.09,0.02,0.12,1389.22,645.2827800905621,676.7869742391794,-0.8195835961846933,654.6624423790608,334.48741313421556,-1.7607573878823584,673.2212644710054,56.62010813622812,-5.670806542387083,-1.5696211018921755,-0.6818810852383792
34745867,10.516000,23.068032,-14.773491,1022.36,1022.34,1022.05,1022.46,0.0,-0.02,1.0,0.08,0.02,1.0,1385.53,645.2691858302749,676.7900404493241,-0.7958752101415194,654.634766486541,334.4777408966639,-1.6277466033165287,673.3264367229494,56.623365680014025,-5.645946912476827,-1.5672075215821892,-0.7141573333586435
34745968,10.615000,23.066877,-14.770426,1031.38,1025.78,1025.82,1033.95,0.0,-0.02,1.0,0.67,0.77,0.55,1383.4,645.2785695552478,676.805162620623,-0.7697621481406265,654.7084634029196,334.4621992053161,-1.7543721096457034,673.434291471589,56.66549579251011,-5.68266747981725,-1.577822803384885,-0.7007366175106644
34746068,10.715000,23.066751,-14.772915,1042.12,1028.61,1027.44,1039.77,0.0,-0.02,0.5,1.0,1.0,0.62,1382.71,645.2807176528387,676.7932688994977,-0.7911652169513138,654.7085770209139,334.44959221184456,-1.506463046502981,673.5156442764809,56.62516508386913,-5.701441371134256,-1.577479278460423,-0.7177178803223261
34746167,10.816000,23.065526,-14.771121,1046.85,1028.53,1024.95,1036.23,0.0,-0.02,0.31,1.0,0.6,0.09,1382.38,645.3011910051381,676.7985648017982,-0.7682308753172166,653.6631954922024,334.3237905995612,-1.3875486713855332,675.2304941497865,56.8371815536592,-7.143120253109793,-1.3986793395460637,-1.6469489675605082
34746268,10.921000,18.458841,-16.033190,1045.73,1026.15,1023.2,1035.56,0.0,-0.02,0.12,0.74,0.25,0.23,1383.8,645.2675915809729,676.7855000975483,-0.7940811372405386,651.432669118216,334.1199501877719,-0.42083125769159735,673.5486731162797,56.90307546993451,-8.239481478006836,-1.030727534433241,-2.4998674810715444
34746368,11.015000,18.923820,-14.502682,1043.73,1024.19,1022.9,1035.56,0.0,-0.02,0.22,0.41,0.19,0.23,1384.0,645.2889367975329,676.7974600006372,-0.7582639813240861,646.5621783755047,334.1639383032951,1.0675051193984026,673.5486731162797,56.90307546993451,-8.239481478006836,-1.030727534433241,-2.4998674810715444
34746468,11.116000,17.413934,-12.125214,1042.34,1023.43,1023.07,1035.58,0.0,-0.02,0.46,0.28,0.23,0.22,1384.88,645.2717667509564,676.7877649266856,-0.791376823748177,638.8050563013678,334.3023153435064,4.381466684632263,673.5486731162797,56.90307546993451,-8.239481478006836,-1.030727534433241,-2.4998674810715444
34746569,11.216000,17.217126,-11.868604,1045.25,1024.96,1022.86,1035.63,0.0,-0.02,0.04,0.54,0.18,0.21,1385.51,645.241523908388,676.751425308222,-0.8220227440148766,630.2610295108012,334.62232881776634,7.160611612825829,673.5486731162797,56.90307546993451,-8.239481478006836,-1.030727534433241,-2.4998674810715444
34746669,11.316000,17.216377,-11.868938,1045.18,1023.91,1022.93,1035.68,0.0,-0.02,0.02,0.36,0.2,0.2,1386.37,645.2171290950909,676.8010686340145,-0.7010514408626672,616.7202477849735,335.5919101919436,9.99238216731295,587.7313663433399,59.343235335871285,2.2075948654159356,4.774111629805542,-3.5576648591281144
34746769,11.417000,5.390074,-7.479382,1044.7,1022.98,1022.92,1035.62,0.0,-0.03,0.06,0.21,0.2,0.22,1386.09,645.23052575219,676.8002302575222,-0.7133258611028908,615.9106318482953,335.69993821419723,10.389433557310339,583.6018009806502,59.78741091907676,3.7546098741510745,4.91288659289099,-3.1469623601864454
34746869,11.516000,2.941494,-8.204463,1045.02,1022.77,1023.03,1035.52,-0.0,-0.03,0.99,0.17,0.22,0.35,1386.09,645.2609431316918,676.7944163247116,-0.7540948059090488,618.4517354423507,335.40490158434375,10.06458524167737,589.1944753631146,59.13788646863945,2.0789328996795144,4.490203855007089,-2.935196051876912
34746969,11.616000,4.245834,-10.640002,1043.86,1021.72,1022.93,1035.27,-0.0,-0.03,0.8,0.01,0.2,0.3,1385.85,645.2609431316918,676.7944163247116,-0.7540948059090488,618.4517354423507,335.40490158434375,10.06458524167737,589.1944753631146,59.13788646863945,2.0789328996795144,4.490203855007089,-2.935196051876912
34747069,11.717000,4.524285,-11.007017,1040.83,1020.27,1022.97,1035.13,-0.0,-0.03,0.29,0.26,0.21,0.27,1385.85,645.2466357446904,676.740815770729,-0.7998544343542997,623.4727161355213,335.01217861506325,8.857939791020012,589.1944753631146,59.13788646863945,2.0789328996795144,4.490203855007089,-2.935196051876912
34747170,11.816000,4.510194,-10.999846,1040.41,1019.98,1023.04,1035.1,-0.01,-0.02,0.21,0.31,0.22,0.26,1386.52,645.2251729260648,676.7360764394099,-0.8307696867937192,628.8141437135652,334.6386957858739,7.308019720689518,613.3755765427132,57.02536923784218,-1.901103482304882,2.746476499785179,-2.309912215857283
34747269,11.918000,15.307779,-14.625670,1040.53,1020.53,1023.0,1035.23,-0.01,-0.02,1.0,0.21,0.21,0.46,1387.44,645.2445350213762,676.71817662161,-0.8692232380381177,632.5968682978897,334.4536066023198,6.172069842486753,623.3834025588549,56.39028069935934,-2.2269375236036173,2.116282003068462,-2.334796158828981
34747371,12.017000,17.606144,-13.958630,1037.67,1019.62,1022.35,1033.62,-0.01,-0.02,1.0,0.37,0.08,0.14,1388.04,645.244199599736,676.7376747529877,-0.8309020700108459,634.5483182681203,334.3424648380989,5.4772090587907565,628.3995963925782,56.06276384138659,-2.128590964593115,1.7892470945120817,-2.312722747728757
34747470,12.124000,16.380340,-11.799297,1034.9,1020.74,1022.23,1033.83,-0.01,-0.02,0.39,0.18,0.06,0.54,1388.48,645.2251110485897,676.8018092242978,-0.7029807259213469,633.8491722210007,334.37933702287,5.615538995869845,627.5741383166804,56.01996826049056,-2.2039088176849537,1.9027771254042514,-2.5141586125455166
34747569,12.218000,16.190529,-11.487425,1036.02,1021.71,1024.58,1040.78,-0.0,-0.02,0.59,0.01,0.53,0.98,1385.88,645.2375353898618,676.74466479183,-0.826548644875588,628.1812538104937,334.7128149698721,7.0773773113391645,613.2924294947455,56.79182417070045,-0.5092706519169827,2.8548338055548843,-2.643141035609674
34747670,12.318000,16.115845,-11.484162,1042.53,1024.14,1023.16,1037.18,-0.0,-0.02,0.52,0.4,0.25,0.26,1385.18,645.2351358083425,676.790203428621,-0.7039968994134356,626.3173733921582,334.8375677906981,7.479779066847898,609.7205128372866,57.01422148823881,0.3434949967325411,3.166532589917911,-2.914341427733188
34747769,12.418000,6.541221,-8.535131,1042.86,1023.75,1022.91,1037.08,-0.0,-0.02,0.58,0.33,0.2,0.24,1385.23,645.2440648780283,676.726785425861,-0.835109890119273,626.7754382573769,334.7462062472817,7.473650784909943,611.5844783049631,56.887035283934786,-0.5270166948909064,3.091249876390585,-3.0531725319090506
34747870,12.517000,4.105303,-9.146895,1040.55,1022.31,1022.81,1037.19,-0.0,-0.02,0.18,0.09,0.18,0.27,1386.19,645.2385301478964,676.7321956106076,-0.8140141225333383,628.1746985065532,334.599069561705,7.128188338640943,615.050765621597,56.89171361683111,-1.1582884040352237,2.855251377105712,-3.0048238582213425
34747969,12.618000,4.590339,-7.434699,1040.0,1022.09,1022.99,1037.11,-0.0,-0.02,1.0,0.05,0.21,1.0,1387.14,645.2385301478964,676.7321956106076,-0.8140141225333383,628.1746985065532,334.599069561705,7.128188338640943,615.050765621597,56.89171361683111,-1.1582884040352237,2.855251377105712,-3.0048238582213425
34748069,12.717000,4.393057,-1.312133,1037.29,1020.96,1021.68,1033.9,-0.01,-0.02,1.0,0.14,0.05,0.69,1387.96,645.2337721301849,676.7586242976639,-0.8360642404874007,630.1493559119594,334.51546133424756,6.667317539371629,617.9497473681367,56.53213149761284,-1.1856564367285958,2.5236863129266447,-2.5344958553630756
34748170,12.817000,2.862726,-6.036267,1033.95,1019.65,1020.6,1031.77,-0.01,-0.02,1.0,0.36,0.26,0.49,1385.97,645.2337721301849,676.7586242976639,-0.8360642404874007,630.1493559119594,334.51546133424756,6.667317539371629,617.9497473681367,56.53213149761284,-1.1856564367285958,2.5236863129266447,-2.5344958553630756
34748269,12.918000,1.868051,-6.555579,1031.77,1020.47,1019.99,1030.21,-0.01,-0.02,0.95,0.23,0.39,1.0,1386.4,645.2308814068161,676.835949146391,-0.6655593480062795,631.9582745490483,334.4505933151764,5.9758545259077875,622.9143167400453,56.19965501985543,-1.5660984988367397,2.219965781329026,-2.578308898709423
34748370,13.017000,2.607729,-5.204204,1029.19,1019.64,1019.89,1027.87,-0.01,-0.02,0.52,0.37,0.41,0.94,1387.11,645.2471875652237,676.7441972401189,-0.8198402184400578,632.7087135612438,334.4325390220282,5.74994598260396,623.0102386937684,56.17179294524922,-0.8406708227280671,2.0977392879527974,-2.199304713056981
34748469,13.117000,3.578628,-3.627037,1028.26,1020.8,1020.1,1026.09,-0.01,-0.02,0.36,0.17,0.37,0.58,1387.5,645.2858725844941,676.8102900432744,-0.7634271973362441,633.8542449142457,334.37125107996604,5.434334105664042,624.2254859887325,56.086275278734014,-0.6641835131750056,1.9119924922136775,-1.842321232557681
34748569,13.218000,3.770191,-6.568833,1028.34,1020.81,1019.76,1024.61,-0.01,-0.02,0.37,0.17,0.44,0.29,1387.82,645.2858725844941,676.8102900432744,-0.7634271973362441,633.8542449142457,334.37125107996604,5.434334105664042,624.2254859887325,56.086275278734014,-0.6641835131750056,1.9119924922136775,-1.842321232557681
34748669,13.317000,4.645455,-9.368367,1028.09,1020.58,1021.91,1025.61,-0.01,-0.02,0.33,0.21,0.0,0.49,1388.28,645.2370340294596,676.8109910215987,-0.7299743076174215,636.0233690918598,334.3579322603853,4.844206559749723,627.3877946005703,55.864322775049544,-0.7476700818688043,1.5411653596007748,-1.3062630896967948
34748770,13.417000,6.708488,-8.170176,1028.08,1020.49,1021.58,1024.35,-0.01,-0.02,0.33,0.23,0.07,0.24,1388.6,645.2540326421621,676.7340017662481,-0.812408824839672,638.5612789674875,334.2545214531717,4.277167194190632,632.5679681494448,55.91209833328741,-1.2614082213668716,1.1195349147402829,-1.0055591168821998
34748870,13.518000,7.797773,-7.390181,1028.03,1020.51,1021.29,1024.47,-0.01,-0.02,0.33,0.22,0.13,0.26,1389.04,645.281089477014,676.8172887576044,-0.762472655268354,641.0554651185995,334.22164779795827,3.506469918551169,637.9441696759012,55.759736639943846,-1.5176938133424842,0.7066586266977904,-0.7731698113823775
34748970,13.618000,7.977721,-9.378580,1027.79,1020.42,1021.3,1024.47,-0.01,-0.02,0.28,0.24,0.13,0.26,1389.59,645.2422333608056,676.8091408052281,-0.7172634629400538,642.6707755423686,334.16809298799,3.02843928557096,641.6411981093135,55.64208688990153,-1.5388446569745287,0.42998617699011266,-0.6481782248164437
34749070,13.719000,8.418585,-10.398389,1027.67,1020.56,1021.35,1024.58,-0.0,-0.03,0.26,0.22,0.12,0.28,1389.81,645.246479659025,676.7454275797002,-0.8424074547216159,642.9389030447691,334.16987103154116,2.9512620402212972,642.4799625057911,55.60194659863763,-1.8157771445919286,0.38593647084051935,-0.6774782543038135
34749171,13.818000,9.400755,-11.014740,1027.61,1020.67,1021.22,1024.63,-0.01,-0.02,0.43,0.2,0.14,1.0,1390.09,645.2742329518575,676.7793234663048,-0.8308769512055977,639.9188774792575,334.24045059347867,3.6853019332686348,635.6265352281055,55.72942506000933,-1.189139120727096,0.8957064262163236,-0.908454535035474
34749271,13.919000,10.350114,-9.892536,1029.92,1021.63,1025.03,1035.96,-0.01,-0.02,0.04,0.04,0.62,0.74,1387.04,645.2288212298158,676.7394790212875,-0.8349973117175103,637.9874133430872,334.30239151469704,4.322691185367753,630.8450963331406,55.8639583780004,-0.3537184536290918,1.211435021975783,-0.9534791410294472
34749372,14.019000,10.876094,-10.087694,1030.41,1021.83,1024.76,1032.9,-0.01,-0.02,0.28,0.0,0.57,0.23,1385.97,645.2308896126723,676.7392346292701,-0.8351023181126819,636.5036775604915,334.31914533367456,4.664302872826508,628.2090002390275,55.91032394765672,-0.3891078755950935,1.4599733046477643,-1.2134293384097936
34749471,14.121000,10.725221,-10.608729,1030.45,1021.76,1023.02,1032.1,-0.01,-0.02,0.28,0.01,0.22,0.07,1386.63,645.2327518628476,676.8102443368703,-0.7303999108542212,635.7775350834338,334.3194530611916,4.860126710283205,629.5966005500309,55.86693711635839,-1.3504745189690275,1.5813752105932062,-1.8911393056331702
34749572,14.220000,10.345206,-10.520681,1030.6,1021.74,1022.84,1032.19,-0.01,-0.02,0.25,0.02,0.18,0.09,1387.59,645.2681720361874,676.8090822400704,-0.790166029633543,636.6551966583827,334.2919747156873,4.515996600163945,631.0157453147557,55.914789783187025,-1.621116396416033,1.4404628314572794,-1.7203687392584903
34749672,14.321000,9.852039,-9.960460,1030.7,1021.7,1022.96,1032.16,-0.01,-0.03,0.24,0.02,0.21,0.08,1388.02,645.2063396391732,676.7818235541644,-0.7868722132376567,638.6024357119865,334.21679688399587,4.262114347225765,634.4522929705337,55.79809541165785,-1.6608238943804197,1.1044004258779476,-1.354806299088781
34749771,14.421000,9.606792,-10.297309,1030.55,1021.66,1023.1,1032.11,-0.01,-0.03,0.18,0.03,0.23,0.06,1388.79,645.2323625334421,676.8163275883237,-0.7097451237887643,639.5970440313214,334.23667783746373,3.781568335727698,638.8042808630715,55.74558011109609,-2.75574550515077,0.942411052466654,-1.7217222379157633
34749871,14.519000,9.606556,-10.511979,1030.64,1021.56,1022.95,1032.19,-0.0,-0.03,0.16,0.05,0.21,0.07,1389.19,645.2522717776816,676.7601146710167,-0.793839013156794,640.621018118155,334.18169163739753,3.5233771147681474,640.5790619954744,55.7453841473731,-2.788999273974358,0.7745237511382488,-1.5404138985708276
34749972,14.619000,9.822605,-10.349904,1030.46,1021.57,1022.9,1032.11,-0.0,-0.03,0.2,0.05,0.19,0.06,1389.65,645.2324866543971,676.8085386365606,-0.7341449213847391,640.7817628307629,334.1676439931906,3.5753724510554328,640.59461757269,55.72276757922744,-2.697069601633072,0.7441999893730237,-1.4498909856305078
34750071,14.719000,10.285934,-10.816343,1030.35,1021.66,1022.91,1031.97,-0.01,-0.03,0.21,0.03,0.2,0.05,1390.12,645.2833664624588,676.778152149522,-0.7956801916554922,639.4582973470137,334.25733721604684,3.7899134757471664,639.1568020901028,55.75111520683531,-2.7259848000422933,0.9743048913255846,-1.8865846009815341
34750171,14.819000,10.760103,-11.010970,1030.43,1021.72,1022.88,1032.12,-0.01,-0.03,0.2,0.02,0.19,0.02,1389.02,645.2383588244693,676.75084681472,-0.8471066519702749,638.2050907867642,334.294120187389,4.225214750325269,635.3566501298084,55.752784397218406,-2.0104865945648345,1.1765572106466862,-1.767212373288083
34750272,14.919000,10.998184,-10.735178,1030.42,1021.73,1022.82,1032.14,-0.01,-0.03,0.2,0.02,0.18,0.01,1389.3,645.2472906544577,676.7186638955994,-0.8504509018371831,637.0751409912034,334.29247397162356,4.486524849595656,632.0308191486065,55.90002843045889,-1.516403525651079,1.3671291349593762,-1.6962030595117918
34750372,15.020000,11.027313,-10.833452,1030.35,1021.8,1022.95,1032.11,-0.01,-0.03,0.21,0.01,0.21,0.02,1389.61,645.272534261551,676.7921526727355,-0.7628242834581855,636.0777490132016,334.3405072619785,4.698185446617557,630.6093328824454,55.90295333327496,-1.368737982469107,1.5380152258560966,-1.9509060350731564
34750471,15.120000,10.812095,-10.951047,1030.47,1021.66,1022.87,1032.03,-0.01,-0.02,0.4,0.03,0.19,0.13,1390.09,645.2316382096203,676.809112620164,-0.7760532656055464,636.436621650642,334.2887751304475,4.6109671800317,630.4614703170006,55.86412193261233,-1.2072585853015523,1.4708809069877478,-1.712350529109232
34750572,15.220000,10.356938,-10.155193,1032.28,1022.22,1022.95,1031.99,-0.01,-0.02,0.05,0.06,0.21,0.16,1390.08,645.2823567657321,676.7530232344017,-0.8373497801177702,637.5789124853997,334.2891439886523,4.420134335265142,632.6960430727323,55.801293208821825,-1.5648101877161016,1.288604290358501,-1.572715405687084
34750671,15.320000,10.008084,-10.441459,1032.72,1022.53,1023.03,1032.01,-0.01,-0.02,0.02,0.12,0.22,0.16,1389.97,645.2580781643248,676.7550405864542,-0.8082560105908593,638.6853627871234,334.2343075738096,4.087404294117464,636.399141431766,55.825710339000445,-2.333566964147046,1.0993280159328431,-1.7281680808661082
34750771,15.419000,9.798113,-10.687310,1032.58,1022.42,1022.98,1032.11,-0.01,-0.02,0.0,0.1,0.21,0.14,1389.93,645.2456704958453,676.7491258098554,-0.8030269166408601,639.7681684533588,334.2029205681531,3.7855768191425425,638.5665521912479,55.76759504617987,-2.566660646930354,0.9161129197049286,-1.5849615496735638
34750871,15.520000,9.741281,-10.346187,1032.68,1022.43,1022.92,1032.04,-0.01,-0.02,0.01,0.1,0.2,0.15,1388.85,645.2767164745177,676.8077263461929,-0.7536276005558568,639.8533460882081,334.1951621698394,3.7679508139790747,638.8500810896759,55.709017340879605,-2.524393854009889,0.906885258634418,-1.6073595250589487
34750971,15.619000,9.992619,-10.753532,1032.45,1022.63,1023.02,1032.03,-0.01,-0.02,0.02,0.13,0.22,0.16,1388.9,645.244947403539,676.748457440954,-0.8205863397199058,638.7033267079178,334.20501865223895,4.035062325658848,637.0691261309078,55.81332482947239,-2.4312028869344706,1.0940559944049073,-1.8517811191970344
34751072,15.719000,10.393795,-11.047227,1032.41,1022.59,1022.78,1032.1,-0.01,-0.02,0.03,0.13,0.17,0.14,1388.07,645.2376106552065,676.8145426637832,-0.7491599732222365,637.3404595759986,334.29734857670377,4.466794261547311,633.3136878946526,55.79668881870124,-1.7536290214874068,1.3207899741331353,-1.813212263004133
34751171,15.820000,10.740153,-11.023655,1032.36,1022.64,1022.87,1032.04,-0.01,-0.02,0.03,0.14,0.19,0.17,1388.65,645.236660783651,676.7403713310844,-0.8441597287916628,636.0404774577693,334.3128503130082,4.641847280630544,629.9544280190106,55.87693982068898,-1.503459575465093,1.5383572897131867,-1.8245433768808341
34751271,15.919000,10.962767,-10.891566,1032.34,1022.63,1022.94,1032.04,-0.01,-0.02,0.03,0.14,0.21,0.17,1388.79,645.231188297976,676.8163327480286,-0.6971655142496972,635.1376645834204,334.3622176551323,4.8964708352077535,628.0675677798639,55.921710091491555,-1.1735622966777286,1.6882522523151218,-1.9219759016994227
34751372,16.020000,10.995945,-10.790725,1032.41,1022.56,1022.89,1032.02,-0.01,-0.02,0.06,0.12,0.2,0.15,1388.2,645.2361182239482,676.8070832590141,-0.7061695572637975,635.4359044219372,334.2942966628716,4.857722859128067,628.037266494573,55.92239317416259,-1.096838005148554,1.6389394866940243,-1.7554158690374735
34751473,16.120000,10.748316,-10.515273,1032.58,1022.47,1022.89,1031.95,-0.01,-0.02,0.03,0.11,0.2,0.16,1388.43,645.2816003028846,676.7683168901982,-0.8198605797351431,636.4797025100584,334.3058501619178,4.718073905994316,630.4213853374806,55.86927494408042,-1.2797574750169707,1.4722798608272785,-1.698095450957754
34751572,16.221000,10.392123,-10.324382,1032.57,1022.46,1022.98,1032.05,-0.02,-0.02,0.0,0.11,0.22,0.07,1389.02,645.2348710799516,676.738489249438,-0.8106670427631584,637.7704364128087,334.24043542676833,4.31636568803212,633.9482442730522,55.902774775793695,-1.9866702899089086,1.2485119369104367,-1.7102754562815332
34751673,16.320000,10.078171,-10.438871,1032.72,1022.54,1022.91,1032.0,-0.02,-0.02,0.09,0.12,0.2,0.04,1389.21,645.273053149308,676.7775760750951,-0.8240183227799862,639.0028359474734,334.2116538057821,4.0276624545710895,636.7450491769732,55.76304814965793,-2.2485249147363127,1.0486065513713005,-1.6326432847271395
34751773,16.421000,9.872432,-10.482314,1032.61,1022.5,1022.95,1032.12,-0.02,-0.02,0.07,0.11,0.21,0.02,1389.5,645.2474282876134,676.7389323851332,-0.8261206231487356,639.6234803020253,334.2050877993883,3.8341836816833186,638.3951570548835,55.74036230690862,-2.5372182456835213,0.9406356157288749,-1.6285380302819283
34751872,16.521000,9.880716,-10.616109,1032.49,1022.55,1022.91,1032.0,-0.01,-0.02,0.14,0.12,0.2,0.07,1389.94,645.2659722037852,676.7995827567767,-0.799065785029005,639.0882326013029,334.21447233456996,3.9663938808922383,637.8201886361494,55.72674914705391,-2.3672024704630354,1.033086483561183,-1.805288700797396
34751973,16.620000,10.106934,-10.753730,1032.4,1022.54,1022.95,1032.02,-0.01,-0.02,0.12,0.12,0.21,0.09,1390.24,645.2675024118079,676.7906160069008,-0.8150612628677384,638.1624314986458,334.27847745366194,4.265826712598898,635.2147674684069,55.791062287330995,-2.099950472385001,1.188373063435476,-1.770318717363955
34752072,16.720000,10.422708,-10.722848,1032.43,1022.61,1022.9,1032.13,-0.01,-0.01,0.09,0.13,0.2,0.1,1390.55,645.2847571037923,676.8033043113903,-0.7483524486581741,636.8397295223631,334.2808116498067,4.524827644141891,632.1023947894834,55.91875294758887,-1.6701227289419085,1.412363973700643,-1.8497276647040855
34752172,16.820000,10.748175,-11.023776,1032.4,1022.62,1022.88,1032.09,-0.01,-0.01,0.03,0.14,0.2,0.1,1390.76,645.2847571037923,676.8033043113903,-0.7483524486581741,636.8397295223631,334.2808116498067,4.524827644141891,632.1023947894834,55.91875294758887,-1.6701227289419085,1.412363973700643,-1.8497276647040855
34752273,16.920000,10.966586,-11.005336,1032.45,1022.65,1022.9,1032.08,-0.01,-0.02,0.04,0.14,0.2,0.1,1390.89,645.2380739959267,676.72935781415,-0.8465541922079302,635.4717765618635,334.277656398388,4.86010523953065,628.3680661142964,55.926223198873274,-0.9829051034087339,1.6335617363757606,-1.8052150700690999
34752373,17.023000,10.902070,-10.727337,1032.53,1022.53,1022.95,1032.07,-0.01,-0.02,0.04,0.12,0.21,0.16,1391.01,645.2656234579201,676.8029180428771,-0.7932096179022958,635.9484975567033,334.30865094996847,4.736870308053121,629.3992051261354,55.86516698714683,-1.2249006579616342,1.6335617363757606,-1.8052150700690999
34752472,17.120000,10.746151,-10.851208,1032.64,1022.52,1022.95,1031.99,-0.02,-0.01,0.01,0.12,0.21,0.12,1389.79,645.2804449557085,676.8010342291162,-0.7751600689951255,637.0198700294486,334.27176128529663,4.4971443687837755,632.0327068647351,55.800305695375606,-1.7559498282762978,1.3815004804416078,-1.7369968518072993
34752573,17.220000,10.363232,-10.246651,1032.63,1022.45,1022.99,1032.05,-0.02,-0.01,0.01,0.11,0.22,0.11,1389.91,645.2804449557085,676.8010342291162,-0.7751600689951255,637.0198700294486,334.27176128529663,4.4971443687837755,632.0327068647351,55.800305695375606,-1.7559498282762978,1.3815004804416078,-1.7369968518072993
34752673,17.320000,10.108353,-10.457750,1032.6,1022.36,1022.96,1032.03,-0.02,-0.02,0.02,0.09,0.21,0.12,1390.24,645.2874582100733,676.8031076402604,-0.7866195742472455,639.0623890587157,334.2201417255588,3.9811326217446172,637.1895436543548,55.802523630068286,-2.2233320685774034,1.1637304772990738,-1.6253436907615297
34752772,17.420000,9.960367,-10.551289,1032.51,1022.54,1022.94,1031.91,-0.02,-0.02,0.1,0.12,0.21,0.08,1390.32,645.2874582100733,676.8031076402604,-0.7866195742472455,639.0623890587157,334.2201417255588,3.9811326217446172,637.1895436543548,55.802523630068286,-2.2233320685774034,1.0410060544117583,-1.6966036004667344
34752872,17.520000,10.001041,-10.643298,1032.42,1022.6,1022.92,1031.91,-0.02,-0.02,0.09,0.13,0.21,0.09,1390.25,645.2481725651874,676.7532740702047,-0.8141575878915323,638.7055876113714,334.2173375541165,4.109153146348872,636.4970990335935,55.79364280835798,-2.1548779773674576,1.0942411828299488,-1.7340152234617485
34752972,17.620000,10.482643,-10.944519,1032.33,1022.61,1023.0,1032.03,-0.02,-0.02,0.09,0.14,0.22,0.1,1390.52,645.2481725651874,676.7532740702047,-0.8141575878915323,638.7055876113714,334.2173375541165,4.109153146348872,636.4970990335935,55.79364280835798,-2.1548779773674576,1.0942411828299488,-1.7340152234617485
34753072,17.720000,10.552269,-10.987364,1032.35,1022.66,1022.92,1031.96,-0.02,-0.02,0.09,0.14,0.22,0.1,1390.57,645.2390100024278,676.7393224407076,-0.8294157235757396,637.5652417731187,334.270277401745,4.663324398558946,631.1427634300701,55.84310057699822,-1.5440839609970678,1.283622496092734,-1.8206776460177898
34753172,17.823000,10.769966,-10.815327,1032.3,1022.56,1022.88,1031.99,-0.02,-0.02,0.01,0.15,0.21,0.17,1390.82,645.2405161985895,676.7474661197994,-0.8369548411307881,635.8002143065345,334.3071555449545,4.807495176471414,629.2535313828324,55.86719831209132,-1.1974819442042144,1.5791146071880011,-1.8113384583619287
34753275,17.920000,10.870723,-10.654303,1032.36,1022.49,1022.94,1032.07,-0.02,-0.02,0.0,0.13,0.2,0.17,1390.77,645.2405161985895,676.7474661197994,-0.8369548411307881,635.8002143065345,334.3071555449545,4.807495176471414,629.2535313828324,55.86719831209132,-1.1974819442042144,1.5791146071880011,-1.8113384583619287
34753375,18.023000,10.884666,-10.772999,1032.56,1022.55,1022.94,1031.97,-0.02,-0.02,0.03,0.12,0.21,0.13,1389.74,645.2783323367212,676.8059693605715,-0.7553397106775723,635.781524798794,334.3254126801797,4.793047412096327,629.1747667579344,55.8799337286973,-1.1971318554698904,1.5799155706984473,-1.8006123092217763
34753475,18.123000,10.665004,-10.584780,1032.44,1022.45,1022.88,1031.94,-0.02,-0.02,0.02,0.13,0.21,0.11,1389.88,645.2783323367212,676.8059693605715,-0.7553397106775723,636.4565642056787,334.27644635335935,4.670607463095565,630.7285740365735,55.89566470249334,-1.381180529745871,1.4753133260008628,-1.7718694269348858
34753576,18.222000,10.532553,-10.510152,1032.49,1022.39,1022.98,1032.01,-0.02,-0.02,0.04,0.11,0.2,0.12,1390.15,645.2792702907484,676.7895100689468,-0.8197201635697572,638.564494901088,334.23429909279537,4.145374076827248,635.7608620662135,55.79632528534084,-2.206725244176642,1.1229694172584102,-1.6690387155205513
34753676,18.323000,10.163569,-10.602907,1032.49,1022.39,1022.98,1032.01,-0.02,-0.02,0.0,0.1,0.22,0.09,1390.25,645.2792702907484,676.7895100689468,-0.8197201635697572,638.564494901088,334.23429909279537,4.145374076827248,635.7608620662135,55.79632528534084,-2.206725244176642,1.1229694172584102,-1.6690387155205513
34753776,18.424000,10.050635,-10.718132,1032.48,1022.38,1022.94,1031.9,-0.02,-0.02,0.0,0.1,0.21,0.12,1390.42,645.266376575532,676.7542935117915,-0.8391086505376668,638.8219799149801,334.1973188784561,4.04468225759643,636.8192962176759,55.732530753767946,-2.1979992993001414,1.0777570076776561,-1.743457086853988
34753876,18.523000,10.107944,-10.876281,1032.47,1022.52,1022.94,1032.05,-0.02,-0.02,0.0,0.12,0.21,0.09,1390.63,645.24599752606,676.7410097524156,-0.8394128183018068,638.1166107112618,334.255835675669,4.238207046225416,635.2385893349591,55.79304814516994,-2.123840552914908,1.1925327524170515,-1.792912389694942
34753975,18.623000,10.269457,-10.892504,1032.44,1022.6,1022.99,1031.98,-0.02,-0.02,0.0,0.14,0.22,0.1,1389.64,645.2681778765449,676.7681534370325,-0.8188797483458202,637.0595391073368,334.2525825361018,4.4799360334978005,632.7036480373819,55.779343911149844,-1.7047297268584047,1.372872897222675,-1.849595687487726
34754075,18.723000,10.536862,-10.970782,1032.4,1022.73,1022.93,1031.97,-0.02,-0.03,0.09,0.16,0.21,0.16,1389.54,645.208479336614,676.8243566420554,-0.7124760988325892,636.2577298961106,334.3006427671709,4.6354815608986435,630.5065800257524,55.90560023462924,-1.3179820577119854,1.4968992195519106,-1.810337164809179
34754175,18.824000,10.761322,-11.008310,1032.32,1022.67,1022.92,1032.05,-0.02,-0.03,0.07,0.15,0.21,0.14,1389.92,645.2670923366728,676.7611516089605,-0.7961348315653799,635.8726633931914,334.3529523601225,4.757491928031419,629.5260125629762,55.868434219267506,-1.2707454883690543,1.57159242193559,-1.8376423554070995
34754275,18.923000,10.880617,-10.846369,1032.39,1022.56,1022.82,1031.95,-0.02,-0.03,0.08,0.13,0.19,0.16,1390.13,645.2662034935584,676.7977524090793,-0.7919955737536888,636.2045733996994,334.3147052642177,4.638180976981925,630.104856772317,55.83464190675624,-1.433044247937671,1.5156138671276964,-1.7764443942490045
34754376,19.023000,10.837295,-10.765007,1032.47,1022.43,1022.85,1031.86,-0.02,-0.03,0.1,0.11,0.2,0.18,1390.45,645.2673810348059,676.7863322410482,-0.8472984008509754,637.0290960453433,334.25883508080744,4.479412875610914,631.9269055570876,55.86621648522617,-1.5323492992926022,1.3777812851365785,-1.705602055628071
34754477,19.123000,10.660466,-10.692890,1032.55,1022.55,1022.76,1032.01,-0.02,-0.03,0.11,0.13,0.18,0.15,1390.66,645.2673810348059,676.7863322410482,-0.8472984008509754,637.0290960453433,334.25883508080744,4.479412875610914,631.9269055570876,55.86621648522617,-1.5323492992926022,1.3777812851365785,-1.705602055628071
34754576,19.225000,10.435990,-10.512859,1032.51,1022.42,1022.87,1031.93,-0.02,-0.02,0.1,0.11,0.2,0.17,1390.78,645.251320045522,676.7386972358368,-0.8238909741816868,638.6947709770124,334.2157234071759,4.064445401861225,636.1446983789062,55.839571671732116,-2.266378969459609,1.0966175877001454,-1.6683902498940748
34754677,19.325000,10.208021,-10.545767,1032.5,1022.59,1022.97,1031.99,-0.02,-0.02,0.1,0.14,0.22,0.16,1390.83,645.2454642672598,676.7616995013725,-0.8123755889476572,638.8727193201587,334.18752334653976,3.9849385345194817,636.720679011122,55.762254642125626,-2.2191480390897405,1.0657232948339352,-1.6885975183968265
34754776,19.425000,10.115146,-10.721300,1032.35,1022.52,1022.95,1032.04,-0.02,-0.02,0.08,0.13,0.22,0.15,1391.03,645.2385330017107,676.7390322067698,-0.8292695300836462,638.4690304232167,334.24800198747704,4.082459610824301,635.98214380099,55.82562794878926,-2.2001100224765207,1.1323316386356919,-1.7529072844697562
34754877,19.525000,10.157563,-10.814659,1032.31,1022.54,1022.95,1032.04,-0.02,-0.02,0.07,0.13,0.22,0.15,1391.07,645.2244505292385,676.8226089998923,-0.6909369304879556,638.4690304232167,334.24800198747704,4.082459610824301,635.98214380099,55.82562794878926,-2.2001100224765207,1.1323316386356919,-1.7529072844697562
34754976,19.626000,10.324127,-10.648963,1032.26,1022.57,1022.9,1032.01,-0.02,-0.03,0.06,0.13,0.21,0.12,1391.23,645.2267144512217,676.8040217590744,-0.7112833635718753,636.7906415118649,334.27570067776935,4.523445286230935,631.8240535276349,55.79726695731799,-1.628234275434794,1.4108429889335314,-1.7999394791236578
34755076,19.724000,10.551589,-10.885386,1032.24,1022.57,1022.96,1031.96,-0.02,-0.03,0.06,0.14,0.22,0.13,1391.31,645.2316911696943,676.753394357138,-0.8333211385925817,636.171235494427,334.3277227877791,4.649921363151941,630.2920587483984,55.82096259740831,-1.376371669543981,1.5156713292398623,-1.822029132071643
34755180,19.828000,10.749218,-10.917876,1032.23,1022.64,1022.9,1032.05,-0.02,-0.03,0.06,0.15,0.21,0.12,1391.35,645.2288535789471,676.7261548445902,-0.8358811923089623,636.1440586247978,334.3067454796553,4.692789172243422,629.9943886669864,55.83763479144784,-1.34085335227789,1.519768779990272,-1.7744318184491152
34755279,19.928000,10.775268,-10.791841,1032.46,1022.41,1023.07,1032.14,-0.02,-0.03,0.02,0.11,0.24,0.13,1391.41,645.2062159697617,676.7954298394517,-0.7863714659285131,636.6436246449055,334.2811620893942,4.599899612160346,631.0381583332422,55.82911243800708,-1.4604485710337374,1.4320518209875648,-1.7108487523423015
34755382,20.027000,10.780261,-10.768940,1032.57,1022.53,1022.92,1031.98,-0.02,-0.03,0.01,0.13,0.21,0.17,1391.33,645.2331375288893,676.7473413734814,-0.849099474684345,637.4087661608118,334.2695873079625,4.4631580638102095,632.960520730374,55.78665943284006,-1.719526827721882,1.308772548154791,-1.7024296919347834
34755481,20.131000,10.625095,-10.695603,1032.6,1022.33,1022.93,1032.04,-0.02,-0.02,0.01,0.09,0.22,0.16,1391.33,645.2773778856306,676.8040086476167,-0.7679731881751878,638.2221978418801,334.2547455780484,4.228659618739171,634.9552753880943,55.82804058705097,-2.106105531527189,1.1799029803589074,-1.6875562235514643
34755581,20.230000,10.255334,-10.628936,1032.6,1022.33,1022.88,1032.08,-0.02,-0.02,0.01,0.09,0.21,0.15,1391.52,645.2773778856306,676.8040086476167,-0.7679731881751878,638.2221978418801,334.2547455780484,4.228659618739171,634.9552753880943,55.82804058705097,-2.106105531527189,1.1799029803589074,-1.6875562235514643
34755681,20.329000,10.164999,-10.807762,1032.48,1022.44,1022.87,1031.91,-0.02,-0.02,0.01,0.11,0.2,0.14,1391.57,645.2864770575819,676.7816737757998,-0.8032694394816356,638.6862805874573,334.1905786748394,4.036122724048089,636.1998182202732,55.838432744265475,-2.2584203551012565,1.1036965966056305,-1.695595412840659
34755782,20.431000,10.214960,-10.704909,1032.33,1022.46,1022.72,1031.96,-0.02,-0.02,0.01,0.12,0.18,0.13,1390.29,645.2328044125535,676.7331410370266,-0.8276190349525988,638.5784724301186,334.22105571632267,4.151257532016544,636.1879862371934,55.84854323874405,-2.238620479002479,1.1130035873670145,-1.7339995334414913
34755881,20.530000,10.368781,-10.631069,1032.37,1022.46,1022.87,1031.98,-0.02,-0.02,0.07,0.12,0.21,0.15,1390.06,645.2453690501001,676.754594529358,-0.8084682112992577,638.0492032498388,334.2492787899412,4.246722125120653,634.9081367182781,55.806955663487614,-2.0979426201009335,1.2036288392532577,-1.7609399067960005
34755981,20.630000,10.580539,-10.933149,1032.4,1022.53,1022.91,1032.09,-0.02,-0.02,0.07,0.13,0.21,0.11,1390.34,645.183322517818,676.8119378162505,-0.7231834967189671,636.6006869264414,334.28868789258695,4.604385870302575,631.3184460189505,55.78761718631364,-1.544297574540686,1.4353651007780877,-1.7841497221449198
34756082,20.729000,10.640799,-11.044302,1032.34,1022.53,1022.84,1032.05,-0.02,-0.02,0.03,0.13,0.2,0.1,1390.54,645.2237617356003,676.7311909490751,-0.8240838225887804,636.2581885448203,334.30064843487844,4.632131535016611,630.4225358225366,56.001619092822864,-1.3084003945837317,1.499784949632805,-1.798310664772532
34756181,20.830000,10.778382,-11.118235,1032.3,1022.52,1022.92,1032.07,-0.02,-0.02,0.01,0.13,0.22,0.16,1389.45,645.2237617356003,676.7311909490751,-0.8240838225887804,636.2581885448203,334.30064843487844,4.632131535016611,630.4225358225366,56.001619092822864,-1.3084003945837317,1.499784949632805,-1.798310664772532
34756281,20.930000,10.830796,-10.983295,1032.37,1022.46,1022.82,1032.06,-0.01,-0.02,0.0,0.12,0.2,0.16,1389.85,645.2303633429729,676.7504858073847,-0.8389539930929227,637.0191841610757,334.25667249859987,4.500819630387503,632.1203721179373,55.87047587816096,-1.613745182841948,1.3733848197895657,-1.7386295396051645
34756381,21.029000,10.795962,-11.053535,1032.47,1022.42,1023.01,1031.9,-0.01,-0.02,0.02,0.11,0.24,0.23,1390.13,645.2691538519679,676.8029349143656,-0.742984740107546,637.7315839802061,334.2479751369381,4.282450320522793,633.8378239336076,55.76763291716604,-1.7811225739615721,1.260531336683882,-1.719995429175287
34756482,21.129000,10.587831,-10.800906,1032.49,1022.4,1022.94,1031.87,-0.01,-0.02,0.02,0.11,0.22,0.21,1390.4,645.2697242518518,676.7945827276421,-0.8230809467690945,638.3820132383742,334.2010707355807,4.121983320537393,635.4224222911594,55.76553453028502,-2.03948727592456,1.1517544860310456,-1.6945145641046064
34756592,21.235000,10.391424,-10.620902,1032.46,1022.37,1022.92,1032.03,-0.02,-0.02,0.02,0.1,0.22,0.19,1390.58,645.2522146511541,676.7260802909833,-0.8306197207376694,638.5546684322732,334.2601420477196,4.136616978888034,635.9988821913889,55.83818866875407,-2.1306751981018537,1.1203806765429896,-1.7148270642016905
34756692,21.339000,10.247651,-10.599867,1032.44,1022.53,1022.92,1032.03,-0.02,-0.02,0.03,0.13,0.22,0.19,1390.81,645.240965241047,676.7514068001855,-0.7930810286729468,638.328372893346,334.2867810851411,4.117383056918119,635.4681374121999,55.737603603839275,-2.033948031562083,1.1563488942008031,-1.7243863685368732
34756791,21.440000,10.191459,-10.668918,1032.33,1022.47,1022.93,1032.09,-0.02,-0.02,0.04,0.12,0.22,0.18,1390.94,645.2490321100813,676.7971376380676,-0.7557850703385841,637.6795641058171,334.2443690259842,4.344397194336164,634.0850010668937,55.79298045243424,-1.8577309319657205,1.2658721234316652,-1.7921471016289576
34756892,21.540000,9.891574,-5.627338,1032.41,1022.57,1022.85,1032.07,-0.02,-0.02,0.03,0.14,0.2,0.18,1391.11,645.2741864520547,676.786953233261,-0.7725349970551844,636.9720289467258,334.2663553471478,4.510733490147577,632.3979821321432,55.952583730377945,-1.8035200577689476,1.3884871969674728,-1.835411264230435
34756992,21.640000,11.476969,-6.842372,1032.25,1022.61,1022.82,1031.99,-0.02,-0.02,0.06,0.15,0.2,0.2,1391.21,645.2741864520547,676.786953233261,-0.7725349970551844,636.9720289467258,334.2663553471478,4.510733490147577,632.3979821321432,55.952583730377945,-1.8035200577689476,1.3884871969674728,-1.835411264230435
34757093,21.740000,14.086830,-7.139820,1032.26,1022.48,1022.88,1031.93,-0.02,-0.02,0.1,0.12,0.21,0.88,1390.71,645.2327497422091,676.8057402441952,-0.7338734515396549,636.4785378947955,334.2927021355408,4.654834569058763,631.0088036873578,55.82639928004298,-1.4127466403566113,1.4640908805897883,-1.8029023767566075
34757192,21.841000,14.920455,-6.681348,1032.37,1022.42,1022.3,1030.05,-0.02,-0.02,0.12,0.11,0.09,0.5,1390.81,645.2700256915318,676.8085927590945,-0.7467424519709396,636.3767565192752,334.3217570323052,4.677303913544471,630.6570949425414,55.9097817279583,-1.265452680660157,1.4874507818669822,-1.7979896291050632
34757292,21.940000,18.501609,-8.654213,1032.39,1022.37,1021.54,1028.55,-0.02,-0.02,0.12,0.11,0.06,0.2,1389.78,645.2866739190816,676.8088956085159,-0.7551287155755384,636.7551208645231,334.2628300257953,4.510935328858776,631.4274506653103,55.77496378512094,-1.5489618674220171,1.4267305729264723,-1.7574859778612297
34757392,22.040000,20.032523,-7.338244,1032.45,1022.37,1021.47,1028.73,-0.02,-0.02,0.13,0.11,0.07,0.24,1389.87,645.2866739190816,676.8088956085159,-0.7551287155755384,636.7551208645231,334.2628300257953,4.510935328858776,631.4274506653103,55.77496378512094,-1.5489618674220171,1.4267305729264723,-1.7574859778612297
34757492,22.141000,17.868801,-2.886663,1032.53,1022.44,1021.51,1028.83,-0.02,-0.02,0.14,0.12,0.06,0.26,1390.14,645.2219889530166,676.8105025918269,-0.7207117438848843,638.2080130223749,334.2545276955942,4.2467590074768236,633.7916115962615,55.755885957278764,-1.407991179937669,1.1729909897484534,-1.4374678374268788
34757593,22.240000,16.913538,-1.281269,1032.36,1022.46,1021.53,1028.76,-0.01,-0.02,1.0,0.12,0.06,0.1,1387.36,645.2800101785837,676.8010807716564,-0.7672738066374483,638.2409063607466,334.2668756458531,4.186417202676963,634.4747654032747,55.76577976087367,-1.427598325514845,1.1772668982324905,-1.5797762347586737
34757693,22.341000,16.475184,0.869797,1041.29,1025.71,1021.58,1028.77,-0.02,-0.02,0.27,0.68,0.05,0.79,1386.58,645.2143068396894,676.8006875977966,-0.7429565666412307,637.750454228456,334.2591717206415,4.25099821359841,632.9380262616802,55.751813328694915,-1.278333329878272,1.2482562620886828,-1.5065768330763576
34757793,22.440000,16.853863,1.113389,1042.16,1024.86,1020.99,1027.09,-0.02,-0.02,0.42,0.53,0.17,0.46,1387.4,645.2143068396894,676.8006875977966,-0.7429565666412307,637.750454228456,334.2591717206415,4.25099821359841,632.9380262616802,55.751813328694915,-1.278333329878272,1.2482562620886828,-1.5065768330763576
34757894,22.541000,18.714642,-1.811739,1039.95,1022.78,1020.31,1025.92,-0.02,-0.02,0.28,0.18,0.48,0.8,1387.4,645.2446011467332,676.7319243520781,-0.7977131140510563,635.0592828051653,334.2491840975153,5.105798858346149,627.9732032106432,56.11317946235531,-1.46476994723148,1.7034545959717984,-1.9474985477996525
34757995,22.642000,20.715138,-2.040425,1039.38,1022.38,1023.39,1025.4,-0.02,-0.01,0.19,0.11,0.14,0.7,1387.88,645.2565442381431,676.7845223721954,-0.8112002112636026,632.3446453086501,334.4633166096598,6.071217857420458,620.2054205146469,56.316467163678986,-0.3696040038844645,2.160096321550889,-1.8212060257878617
34758096,22.742000,22.113964,-1.280639,1039.25,1022.68,1022.62,1023.58,-0.02,-0.01,0.22,0.16,0.16,0.03,1387.82,645.2565442381431,676.7845223721954,-0.8112002112636026,632.3446453086501,334.4633166096598,6.071217857420458,620.2054205146469,56.316467163678986,-0.3696040038844645,2.160096321550889,-1.8212060257878617
34758195,22.843000,22.968527,-2.090543,1039.2,1022.74,1022.37,1023.77,-0.02,-0.02,0.23,0.17,0.11,0.01,1386.09,645.2320906471647,676.7407043129455,-0.7910208231834139,629.4322219918387,334.52824952100235,6.4818375411151115,612.1391892676265,57.18509007008493,0.8471438422782341,2.6434554435952267,-1.7189961965887757
34758296,22.943000,22.162619,3.042582,1039.24,1022.64,1022.4,1023.83,-0.02,-0.02,0.22,0.16,0.11,0.02,1386.35,645.2343961305587,676.7530466184725,-0.803176594251653,627.3226864557072,334.7258089740912,7.055997405730151,605.2513631915779,57.48190275899157,3.0864262918987477,2.997798436778261,-1.443892719680628
34758396,23.043000,21.656945,6.053889,1039.36,1022.51,1022.59,1023.8,-0.02,-0.02,0.2,0.14,0.15,0.02,1387.43,645.2541475707194,676.778296954474,-0.8135158525692461,627.7324791994106,334.6867194198036,7.130814518349433,605.2347451402842,57.47334070869487,3.1577807433940697,2.932083678800208,-1.22439734108612
34758496,23.143000,22.307330,6.220467,1039.54,1022.47,1022.5,1023.64,-0.02,-0.02,0.17,0.13,0.13,0.01,1388.2,645.2064075769433,676.8184163699342,-0.7016421123421646,630.1362920767605,334.52903748624743,6.422374165972615,610.4162031905698,57.187900930881376,2.295828146311065,2.520956845241213,-0.9747944311307206
34758596,23.244000,23.995945,4.761045,1039.67,1022.42,1022.53,1023.73,-0.02,-0.02,0.15,0.12,0.14,0.0,1387.7,645.2256203866884,676.7571552656244,-0.7965476344815852,633.002703189473,334.4413287799509,5.877556203351785,616.7143722843961,56.61280405134264,1.5485300773645567,2.0449658334482983,-0.7346765821064811
34758696,23.344000,26.718040,6.051786,1039.63,1022.33,1022.56,1023.71,-0.02,-0.02,0.77,0.1,1.0,0.36,1387.94,645.2181998552603,676.806347336513,-0.7388860036671261,634.6555111061034,334.30359701312995,5.191527595200405,621.7631223791179,56.38569264719455,0.6918294846136801,1.7664259018775368,-0.8768506450673939
34758796,23.444000,27.671057,6.961021,1047.24,1025.27,1032.46,1027.09,-0.02,-0.02,0.24,0.61,1.0,1.0,1385.98,645.2181998552603,676.806347336513,-0.7388860036671261,634.6555111061034,334.30359701312995,5.191527595200405,621.7631223791179,56.38569264719455,0.6918294846136801,1.7664259018775368,-0.8768506450673939
34758897,23.544000,28.196135,7.068524,1048.07,1024.61,1029.8,1024.25,-0.02,-0.02,0.38,0.5,0.64,0.47,1385.14,645.2550623619961,676.7892558969916,-0.7866154555497606,633.9717684233457,334.2779003903998,5.405753438356765,619.8754033879942,56.50372274329407,1.1413673345921518,1.8868028803755053,-0.8684762389953953
34758996,23.644000,28.303276,8.504003,1045.97,1022.87,1026.99,1022.21,-0.02,-0.02,0.6,0.2,0.36,0.06,1386.1,645.225260121154,676.7340705696233,-0.8026102319062195,631.1919553307738,334.4019395813481,6.545784726274493,610.0317027202251,57.307731570414646,2.9796794979242143,2.34742558717948,-0.3279441107114076
34759096,23.743000,27.706579,10.275978,1050.7,1024.93,1027.57,1022.4,-0.02,-0.02,0.2,0.55,0.24,0.1,1384.03,645.225260121154,676.7340705696233,-0.8026102319062195,631.1919553307738,334.4019395813481,6.545784726274493,610.0317027202251,57.307731570414646,2.9796794979242143,2.34742558717948,-0.3279441107114076
34759196,23.843000,26.833175,11.690397,1051.06,1024.19,1027.46,1022.4,-0.02,-0.02,0.16,0.43,0.58,0.1,1384.45,645.2065581266103,676.8071198429034,-0.696110681576355,619.8702876276999,335.2834439299633,9.525678402781246,584.3863007857187,59.878060068753264,6.259576399707047,4.24277181306579,-1.1438447540078354
34759296,23.943000,26.459063,11.431374,1050.05,1022.93,1033.23,1024.84,-0.02,-0.02,0.09,0.21,0.22,0.59,1385.19,645.1950325755863,676.8171025596159,-0.6760118557130957,615.962316839244,335.63746143638804,10.700008163340778,572.8993189143725,61.48345580267542,8.332406393243634,4.89721638224842,-0.8675844197198703
34759396,24.045000,27.610864,9.846110,1049.95,1022.7,1032.66,1023.22,-0.02,-0.02,0.22,0.18,0.17,0.27,1385.62,645.2123651385929,676.7563219820642,-0.7808770804244746,612.9665970904397,335.955477533416,11.306449343558999,565.7158122359322,62.61527436193492,9.87247822037756,5.405099457716809,-1.0027223144971131
34759496,24.144000,29.467389,11.422697,1050.16,1022.75,1032.46,1023.34,-0.02,-0.02,0.26,0.18,0.21,0.29,1385.52,645.2123651385929,676.7563219820642,-0.7808770804244746,612.9665970904397,335.955477533416,11.306449343558999,565.7158122359322,62.61527436193492,9.87247822037756,5.405099457716809,-1.0027223144971131
34759596,24.244000,31.883329,13.301282,1050.34,1022.61,1032.56,1023.24,-0.02,-0.02,0.15,0.16,0.18,0.27,1386.47,645.2227214420419,676.785713456482,-0.7560286756371266,614.467083924827,335.82570708304246,11.18765511860282,564.4425417304325,62.903378526987616,11.226160705804773,5.1543056148904585,0.07796809855990716
34759697,24.344000,33.754687,14.634837,1050.48,1022.41,1032.6,1023.27,-0.02,-0.02,0.55,0.13,0.51,0.28,1386.95,645.2203312809405,676.81792089443,-0.7108098935611148,616.8422749787757,335.5762275305342,10.55318761384711,571.0257867623108,61.804485255724224,9.811835297803677,4.753844986070132,-0.0071177913140445526
34759797,24.444000,35.011664,14.910222,1055.55,1024.11,1036.63,1024.95,-0.02,-0.02,0.31,0.42,0.3,0.62,1384.69,645.22088415993,676.733805061667,-0.800077744290351,620.1340567656573,335.19976742937183,9.606178015796043,577.6116221465707,60.834129531651264,9.181533881336996,4.2010237615239525,0.40782094717191875
34759896,24.544000,35.127346,15.649563,1055.99,1023.76,1036.03,1023.15,-0.02,-0.02,0.15,0.36,0.14,0.26,1384.38,645.2151990623249,676.7524390865048,-0.8271076784939193,622.0671796755367,335.04456585315256,9.111378668626026,582.966820560773,60.05799070601834,8.907784533552359,3.875417325613439,0.34180790355739354
34759996,24.645000,34.239664,17.302071,1055.39,1023.35,1035.67,1023.14,-0.02,-0.01,0.27,0.29,0.36,0.26,1383.1,645.2078876438561,676.7882170723858,-0.7124629770212757,621.873571606867,335.00392549560144,9.193064214362137,581.9523969181984,60.28552344242347,9.58550744369397,3.9056399900078995,0.45687899548954114
34760096,24.744000,33.551449,17.582021,1054.68,1023.5,1036.09,1023.53,-0.02,-0.01,0.24,0.31,0.61,0.33,1384.39,645.213153396057,676.7479959708754,-0.8037737487258785,618.6205048213967,335.3914198464298,10.303155935656475,574.1521658949767,61.4702726373883,10.1608516369692,4.4545075395592715,0.3119353618660874
34760196,24.845000,33.233453,19.077309,1054.49,1023.65,1042.17,1025.96,-0.02,-0.01,0.15,0.34,0.55,0.82,1385.26,645.1991001236377,676.805630391113,-0.6907012700514424,613.3634412190434,335.90367948078534,11.590888573330979,574.1521658949767,61.4702726373883,10.1608516369692,4.4545075395592715,0.3119353618660874
34760296,24.944000,33.537988,21.630911,1054.19,1023.36,1040.38,1023.37,-0.02,-0.01,0.21,0.29,0.19,0.3,1385.73,645.2103593091881,676.8128526797967,-0.6926670348262989,608.6998851467281,336.52860884703296,12.609573859103245,550.4123041200737,65.72455317315618,13.530881357481304,6.124067741069833,-0.10116993837399235
34760397,25.044000,34.615385,23.042482,1054.21,1023.22,1039.9,1023.44,-0.02,-0.01,0.2,0.27,0.72,0.32,1386.75,645.2213716695679,676.8006977529782,-0.7429184435421645,606.7403676426967,336.7469361547252,13.049118987900743,541.3084562751333,67.66814755648713,16.473468315746473,6.456213152204067,0.7549231513834016
34760497,25.145000,36.038495,21.752766,1054.4,1023.11,1047.31,1026.04,-0.02,-0.01,0.17,0.25,0.77,0.84,1385.98,645.208298762031,676.8013066253853,-0.7605560838581672,606.500985785698,336.84549590807416,13.425880185537304,541.0629186251425,67.64937448036976,16.327156443671576,6.495714185819028,0.6714243687067558
34760598,25.245000,37.456066,21.288855,1054.75,1022.79,1044.91,1023.26,-0.02,-0.01,0.54,0.2,0.26,0.28,1385.9,645.233050450296,676.772971281025,-0.7656089823941213,609.0377611929449,336.44062003614,12.72612701285379,545.924111195315,66.64564162172685,15.465517920228109,6.070745102068476,1.02505196812597
34760697,25.346000,38.844303,21.514816,1059.94,1024.52,1044.33,1023.26,-0.02,-0.01,0.11,0.49,0.24,0.28,1386.27,645.2042534117354,676.7571678547366,-0.7876839767141464,614.0838110873648,335.85056542787277,11.622978041173122,552.4296680578755,65.59413181649636,16.032202863930973,5.215920176776898,2.41923206812284
34760798,25.445000,40.827435,21.044786,1060.5,1023.79,1044.58,1023.2,-0.02,-0.01,0.04,0.37,0.25,0.27,1386.75,645.1938628355402,676.8247501245054,-0.6505852245067664,616.491342326891,335.54000174440904,10.90334270570208,561.7820195913934,63.676036492958296,14.421778278772534,4.8073416148050585,1.7634293153650589
34760898,25.545000,43.062725,22.069110,1059.7,1023.08,1044.43,1023.34,-0.02,-0.01,0.51,0.25,0.31,0.3,1386.57,645.2122580003237,676.751110262137,-0.8070695977309822,617.5566501361827,335.40964798969884,10.605128430173828,564.2060934546045,63.35408416813036,14.331795900557934,4.632007022081183,1.830992415697784
34760997,25.646000,44.962831,23.097054,1063.98,1025.03,1044.25,1023.45,-0.02,-0.01,0.22,0.58,0.27,0.32,1386.99,645.2122580003237,676.751110262137,-0.8070695977309822,617.5566501361827,335.40964798969884,10.605128430173828,564.2060934546045,63.35408416813036,14.331795900557934,4.632007022081183,1.830992415697784
34761098,25.745000,46.210000,25.809167,1063.63,1024.05,1044.22,1023.34,-0.02,-0.01,0.16,0.42,0.27,0.3,1387.08,645.2090681346673,676.8341602629245,-0.7025952686434348,615.3301812797372,335.7111887201015,11.37933473169441,558.7327528071434,64.51079875180932,15.21309831106144,5.0057496256462315,1.776499052735831
34761199,25.846000,46.185068,27.432425,1062.47,1023.08,1044.11,1023.31,-0.02,-0.01,0.96,0.25,0.71,0.3,1387.81,645.2150200384217,676.7654105064374,-0.7881112149915456,603.7068944719405,337.26971986313623,14.716554619301778,558.7327528071434,64.51079875180932,15.21309831106144,5.0057496256462315,1.776499052735831
34761300,25.947000,46.054039,27.598846,1070.05,1025.75,1050.97,1025.92,-0.02,-0.01,0.33,0.71,0.67,0.82,1385.07,645.2155033325699,676.8509267565859,-0.6831628963541193,598.6941633623362,338.09410468699946,15.858750860978983,558.7327528071434,64.51079875180932,15.21309831106144,5.0057496256462315,1.776499052735831
34761399,26.048000,44.794600,31.152946,1070.8,1024.62,1048.66,1023.21,-0.02,-0.01,0.49,0.52,0.15,0.28,1384.18,645.1982884265146,676.8115313068298,-0.7305112236127579,594.4412869506847,338.88186905199467,16.8006273603491,510.5012616400684,75.86952463567125,22.10119305414964,8.541966675958927,0.6164777088755251
34761500,26.147000,44.159637,32.947089,1067.85,1022.05,1048.21,1023.09,-0.02,-0.01,0.01,0.08,0.25,0.25,1384.19,645.199507167775,676.803703570654,-0.7461180122775144,593.9573220978298,338.91608814493327,17.219688152801524,503.96691518625306,78.03338679257207,23.90506125036321,8.623454202884465,1.7847536826947596
34761599,26.248000,43.918907,31.428784,1067.29,1021.63,1048.31,1023.16,-0.02,-0.01,0.21,0.01,1.0,0.27,1384.29,645.199507167775,676.803703570654,-0.7461180122775144,593.9573220978298,338.91608814493327,17.219688152801524,503.96691518625306,78.03338679257207,23.90506125036321,8.623454202884465,1.7847536826947596
34761699,26.347000,44.113300,30.968579,1067.48,1021.67,1058.13,1027.16,-0.02,-0.01,0.29,0.02,0.97,1.0,1384.54,645.2008325297828,676.8137021790295,-0.716702392155073,592.6485804979916,339.17033223336426,17.516090469607242,502.5068008052681,78.54490436023242,23.85760086859361,8.846776737060999,1.385269528398652
34761800,26.446000,44.355468,32.486409,1067.81,1021.64,1054.61,1023.64,-0.02,-0.01,0.31,0.01,0.36,0.37,1384.87,645.1846815827973,676.8310164080534,-0.681220331354669,592.8179075591805,339.19130942415114,17.474717641344213,501.7752850487612,78.69557580078148,24.06706132717981,8.816138396996319,1.632119205049026
34761899,26.547000,45.510954,34.948229,1067.67,1021.62,1053.61,1022.86,-0.02,-0.01,0.25,0.01,0.14,0.21,1386.0,645.1993422938752,676.8523017761174,-0.7025881647569711,596.5618935639928,338.5115020459238,16.589373745902115,504.8151888473056,78.16588939732051,25.374959381701288,8.18038895645903,3.0518580474983565
34761999,26.646000,46.030626,35.861169,1067.57,1021.63,1053.64,1022.84,-0.01,-0.01,0.23,0.01,0.14,0.21,1386.0,645.1971686384372,676.7942656856791,-0.7594193021212549,596.6988669656196,338.4205354111009,16.41011949672949,507.84410996590594,77.2929488505151,24.73447626337879,8.15651788008996,2.47903487076551
34762099,26.746000,46.056815,35.823494,1067.44,1021.66,1053.79,1022.81,-0.01,-0.01,0.08,0.01,0.78,0.2,1386.88,645.1968567481522,676.8428267154567,-0.6806104569288782,597.3063524518743,338.3692915132404,16.46846532624982,507.2957075816004,77.57355146944776,25.225207596363894,8.05330353526377,2.934917281719379
34762199,26.846000,53.685859,33.733873,1067.47,1021.8,1061.39,1026.18,-0.01,-0.01,0.07,0.04,0.74,0.87,1385.95,645.1868643794189,676.8280313011376,-0.6869807936847275,596.3829373651022,338.54024380218027,16.608888352053157,505.9861478221637,77.9734046007441,25.418526421806277,8.20927697549308,2.714313888182666
34762300,26.948000,58.626512,33.092055,1067.29,1021.75,1058.93,1023.22,-0.01,-0.02,1.0,0.03,0.67,0.28,1385.86,645.1968650411683,676.8099312134726,-0.7410762015956829,594.6347937848162,338.86028592318513,16.94235970640394,503.1433188936865,78.67963653222647,25.220934926605082,8.509146988828403,2.355723969490761
34762400,27.048000,58.427700,34.834535,1076.35,1024.69,1056.01,1022.19,-0.01,-0.02,0.71,0.53,0.22,0.08,1386.09,645.1968650411683,676.8099312134726,-0.7054469333836553,594.6347937848162,338.86028592318513,16.94235970640394,503.1433188936865,78.67963653222647,25.220934926605082,8.509146988828403,2.355723969490761
34762499,27.148000,56.302402,40.383552,1084.79,1025.48,1056.01,1022.03,-0.01,-0.01,0.73,0.67,0.22,0.05,1385.87,645.1995568437391,676.8245211670043,-0.7326100930940007,593.0909280596087,339.1127923689693,17.29453340269092,496.03818046355957,81.31862177626724,27.714064026349384,8.771514543703148,3.0870113687963503
34762599,27.247000,54.322954,42.616883,1082.74,1022.68,1056.12,1022.02,-0.01,-0.01,0.38,0.19,0.24,0.04,1386.04,645.2002934206375,676.8010425629936,-0.7349904613361148,591.9135173654255,339.28948432405576,17.930106996319513,494.73318302333973,81.59105475167308,27.579064826691397,8.971877531987145,2.7181435307353574
34762699,27.348000,53.683247,41.402606,1079.51,1022.25,1055.87,1022.07,-0.01,-0.01,0.17,0.12,0.19,0.05,1387.18,645.1930012570556,676.8279577510874,-0.7119296503758782,589.6377572192383,339.75567930724225,18.978070268983156,489.04005215743314,83.74440803603814,28.56547088838765,9.359177945068202,2.733616280037907
34762799,27.447000,54.330778,41.019125,1078.41,1022.6,1055.73,1022.23,-0.02,-0.01,0.49,0.18,1.0,0.09,1386.95,645.1732727130492,676.8573047314635,-0.6942511667241458,583.5173060172717,341.2117182551457,20.74584689728626,489.04005215743314,83.74440803603814,28.56547088838765,9.359177945068202,2.733616280037907
34762900,27.547000,57.218648,41.616091,1076.89,1022.51,1065.08,1025.75,-0.02,-0.01,0.23,0.16,0.37,0.79,1385.33,645.1773470371276,676.8742708974237,-0.6611232826949182,576.9993841945505,342.99882206341823,22.477122859581186,489.04005215743314,83.74440803603814,28.56547088838765,9.359177945068202,2.733616280037907
34763001,27.648000,59.679887,42.280540,1076.44,1022.07,1063.62,1023.59,-0.02,-0.01,0.15,0.09,0.08,0.36,1385.28,645.184935973007,676.8895019309972,-0.6726490574019561,572.7375469914141,344.1260357072986,23.639994956268865,448.87121550022437,99.89684628575682,34.543342110521095,9.359177945068202,2.733616280037907
34763101,27.750000,60.223125,42.502367,1077.0,1021.89,1063.07,1023.16,-0.02,-0.01,0.77,0.06,0.21,0.27,1386.48,645.184935973007,676.8895019309972,-0.6726490574019561,572.7375469914141,344.1260357072986,23.639994956268865,448.87121550022437,99.89684628575682,34.543342110521095,12.282447632494005,2.327975539277798
34763201,27.849000,60.391781,42.331032,1084.42,1023.12,1063.47,1022.91,-0.02,-0.01,0.39,0.27,0.18,0.22,1384.45,645.1894269062535,676.8288555527204,-0.767736055798779,574.3996279359842,343.6822746021987,23.32864961830702,447.5764560228071,101.1543550334129,36.45539562552139,11.996265862312425,3.6135237587700786
34763301,27.950000,60.207736,43.062237,1085.36,1023.2,1063.29,1022.9,-0.02,-0.01,0.56,0.28,0.21,0.22,1384.73,645.1894269062535,676.8288555527204,-0.767736055798779,574.3996279359842,343.6822746021987,23.32864961830702,447.5764560228071,101.1543550334129,36.45539562552139,11.996265862312425,3.6135237587700786
34763402,28.048000,59.096108,44.317696,1082.07,1022.7,1063.08,1022.99,-0.02,-0.01,0.0,0.2,0.37,0.24,1385.91,645.1776224885448,676.8500343016325,-0.696945163747782,579.9827157942972,342.27598294310957,21.987867184652387,447.5764560228071,101.1543550334129,36.45539562552139,11.996265862312425,3.6135237587700786
34763503,28.149000,57.140264,49.862824,1080.87,1022.86,1063.41,1023.21,-0.02,-0.01,0.2,0.22,0.3,0.29,1385.84,645.1882438212939,676.8395880216573,-0.7224975060634254,584.4189315527633,341.04971038065406,20.838226166169484,469.2459480338491,91.94422707957922,33.43941586727219,10.258031627760403,4.297220249018906
34763602,28.250000,56.165865,53.307874,1080.37,1023.25,1063.32,1023.29,-0.02,-0.01,0.23,0.29,1.0,0.3,1386.9,645.1882438212939,676.8395880216573,-0.7224975060634254,584.4189315527633,341.04971038065406,20.838226166169484,469.2459480338491,91.94422707957922,33.43941586727219,10.258031627760403,4.297220249018906
34763702,28.350000,56.288372,53.259656,1080.17,1023.29,1072.56,1027.08,-0.02,-0.01,0.2,0.3,0.17,1.0,1386.79,645.1804822146642,676.8559893328511,-0.6940998171065671,582.6021548551498,341.5032032136636,21.34621940982193,466.21706117790984,93.41907559954697,33.978088031921224,10.570079507192045,3.992786019710575
34763803,28.450000,62.947369,49.644885,1080.19,1023.29,1071.74,1024.38,-0.02,-0.01,0.35,0.3,0.68,0.52,1386.5,645.1804822146642,676.8559893328511,-0.6940998171065671,582.6021548551498,341.5032032136636,21.34621940982193,466.21706117790984,93.41907559954697,33.978088031921224,10.570079507192045,3.992786019710575
34763902,28.551000,66.940714,47.444953,1080.12,1022.98,1076.83,1025.09,-0.02,-0.01,0.34,0.25,0.34,0.66,1385.77,645.191308195687,676.8446506842729,-0.7704540417248169,571.9300088035145,344.3820512849802,23.890449098267986,437.1081079312848,106.96202742412267,39.87268717186484,12.42706515295602,4.736482905248426
34764002,28.650000,67.940514,46.831488,1080.26,1022.55,1076.03,1023.16,-0.02,-0.01,1.0,0.17,1.0,0.28,1385.89,645.1816320825121,676.8996216111373,-0.6491789422661797,571.9427709219577,344.4027420947044,23.71339119192773,437.48941821268227,106.5745215147067,40.28346609744088,12.422136153608232,4.63685769622052
34764102,28.750000,67.880673,47.934258,1088.79,1024.28,1071.84,1021.51,-0.02,-0.01,0.01,0.47,0.51,0.05,1384.99,645.1743797730716,676.8957297078466,-0.6506164540480035,575.9697637233003,343.26428099524395,22.80671603190753,441.1941671909323,105.61637941978543,41.322966509365564,11.718584330458633,6.121401652094423
34764202,28.850000,65.792905,50.406236,1090.16,1023.14,1069.75,1020.84,-0.02,-0.01,0.01,0.47,0.51,0.05,1384.23,645.1883024570184,676.8708683171003,-0.6954398500316601,579.299791539662,342.37842926938555,22.11516614440275,448.9932270176579,102.23209717041598,39.567055538640275,11.143489504992198,6.19786202248272
34764302,28.951000,64.650183,51.406877,1089.22,1023.2,1069.88,1020.7,-0.02,-0.01,0.27,0.29,0.48,0.21,1385.19,645.1883024570184,676.8708683171003,-0.6954398500316601,579.299791539662,342.37842926938555,22.11516614440275,448.9932270176579,102.23209717041598,39.567055538640275,11.143489504992198,6.19786202248272
34764402,29.050000,61.124206,51.942528,1088.36,1023.67,1072.75,1022.07,-0.02,-0.01,0.27,0.29,0.48,0.21,1385.17,645.186052094516,676.8467506647135,-0.7498251166680707,581.1847153711719,341.7994182708074,21.561181766788224,455.5471009828828,98.98869004236012,38.48485472944994,10.814460195200338,5.7294918741208
34764502,29.150000,58.664423,52.064138,1088.36,1023.67,1072.75,1022.07,-0.02,-0.01,0.31,0.37,0.1,0.06,1385.68,645.1817923510209,676.8437705419977,-0.7338408036431663,579.8175489083816,342.15503027504207,22.13241185517158,453.57929691405974,99.82169757256007,38.48485472944994,11.050690047960105,5.414895230213265
34764602,29.249000,59.359475,50.523256,1087.66,1023.42,1072.52,1022.28,-0.02,-0.01,0.8,0.32,0.26,0.1,1386.83,645.1718284787102,676.8723255808054,-0.7067160617818825,574.2770983910435,343.665520591917,23.69852383952329,453.57929691405974,99.82169757256007,38.48485472944994,11.050690047960105,5.414895230213265
34764702,29.349000,61.717222,48.832404,1083.69,1022.38,1072.53,1022.26,-0.02,-0.01,0.12,0.15,0.25,0.1,1387.86,645.1632934936864,676.9296858443566,-0.6366697020971923,563.4257234068162,346.88359882805076,26.27539676748392,416.5555330325748,117.9009250590803,43.83019416774245,13.909719753805161,4.856797671608536
34764802,29.450000,62.834928,48.327497,1083.04,1022.01,1072.53,1022.23,-0.02,-0.01,0.31,0.09,0.03,0.09,1388.16,645.1716336743627,676.9229292679089,-0.6575272380897536,561.9272717372634,347.51364288787363,26.575445271898896,412.6107379473444,119.8769732647144,44.629575031089466,14.182180254036146,4.898205165242462
34764902,29.550000,62.616030,48.362925,1083.77,1021.44,1072.55,1022.14,-0.02,-0.01,0.44,0.01,0.03,0.08,1387.66,645.1797874707561,676.9085900047895,-0.653335318246929,565.1554119679492,346.4680556276509,26.016735347937733,412.6107379473444,119.8769732647144,44.629575031089466,14.182180254036146,4.898205165242462
34765002,29.650000,62.724853,48.344536,1082.98,1020.64,1072.67,1022.15,-0.02,-0.01,0.3,0.15,0.06,0.08,1388.32,645.1756637350192,676.9003293447882,-0.6846724754307896,571.9216236778111,344.38257752535094,24.659759549272756,412.6107379473444,119.8769732647144,44.629575031089466,14.182180254036146,4.898205165242462
34765103,29.750000,72.362883,53.726448,1083.13,1020.21,1072.76,1021.92,-0.02,-0.02,0.33,0.22,0.08,0.03,1388.92,645.1828330438182,676.858761213378,-0.718985510942684,578.7292787682296,342.58444731106937,22.77068605276549,412.6107379473444,119.8769732647144,44.629575031089466,14.182180254036146,4.898205165242462
34765202,29.849000,79.079569,57.476953,1083.11,1020.29,1072.72,1022.07,-0.02,-0.02,0.33,0.21,0.07,0.06,1389.56,645.1765386408975,676.851839039601,-0.7273244506460788,582.9834611744037,341.4743458311903,21.256876529606807,458.32625972965917,98.05415359924783,38.66667442546237,10.505703606673052,6.1058995140975085
34765302,29.958000,76.872942,60.525859,1082.41,1020.51,1072.53,1022.13,-0.02,-0.02,0.21,0.17,0.03,0.07,1390.09,645.1778017835103,676.8643577362054,-0.7025588058246722,583.2899858678798,341.35018740626924,21.145903930450384,459.600760124769,97.61814522500266,38.456973152779035,10.451113125136713,6.0046726776569095
34765402,30.050000,75.554889,62.625834,1081.7,1020.82,1072.51,1022.16,-0.02,-0.02,0.09,0.12,0.03,0.08,1390.47,645.1897842656132,676.8585539420159,-0.7388337396493566,579.2309310933372,342.43754529653046,22.412848823483777,459.600760124769,97.61814522500266,38.456973152779035,10.451113125136713,6.0046726776569095
34765502,30.149000,72.872439,64.731973,1081.08,1021.3,1072.38,1022.14,-0.02,-0.02,0.02,0.04,0.0,0.08,1389.59,645.1765648164959,676.8902640744093,-0.675361500112508,572.9981838172803,344.16986853078913,24.111583338209492,459.600760124769,97.61814522500266,38.456973152779035,10.451113125136713,6.0046726776569095
34765602,30.249000,71.132963,66.139579,1080.77,1021.38,1072.34,1022.19,-0.02,-0.02,1.0,0.03,1.0,0.09,1387.27,645.1716070637603,676.9054333207905,-0.6618271205177345,567.7260739869018,345.74187843550396,25.070941332279126,425.7766777740616,113.42663846518012,42.59255158402671,13.162575013243316,5.100639433470587
34765703,30.350000,71.346326,65.197201,1089.9,1023.13,1081.08,1025.21,-0.01,-0.02,0.82,0.27,1.0,0.69,1385.22,645.1654103340031,676.9104023653039,-0.6689733172531926,565.4571257819454,346.3867798666158,25.613347929742112,419.89658813875775,116.23513310367382,44.137538025588796,13.558430258553404,5.194647014888183
34765803,30.450000,72.416201,63.776411,1100.17,1024.68,1089.68,1025.31,-0.01,-0.02,0.92,0.54,0.61,0.71,1384.56,645.1676675633855,676.8971691896626,-0.6828052569247715,567.4591679740442,345.6634518092831,25.448320351283932,422.04968868192054,115.35297578886178,44.34265186329249,13.203005718714786,5.860781239830299
34765902,30.550000,73.210793,63.153527,1097.83,1022.11,1086.5,1022.06,-0.01,-0.02,0.53,0.1,0.02,0.06,1384.57,645.1676675633855,676.8971691896626,-0.6828052569247715,567.4591679740442,345.6634518092831,25.448320351283932,422.04968868192054,115.35297578886178,44.34265186329249,13.203005718714786,5.860781239830299
34766002,30.649000,73.211494,63.178665,1093.1,1021.58,1085.88,1022.09,-0.01,-0.02,0.28,0.01,0.15,0.07,1384.62,645.1633022106435,676.882535933133,-0.706998383920196,570.4293550818081,344.69033879030957,24.951500744032746,422.7678805690531,116.85109633918545,46.997122076560316,12.678857185955062,7.589356475352833
34766103,30.751000,80.657249,65.134358,1091.78,1021.71,1085.96,1022.13,-0.01,-0.02,0.56,0.03,0.19,0.07,1384.9,645.1661087058676,676.9128119757927,-0.674327166995119,565.7614863830877,346.16979035484553,25.878980879068003,422.7678805690531,116.85109633918545,46.997122076560316,12.678857185955062,7.589356475352833
34766203,30.851000,85.756932,66.933570,1096.81,1022.95,1085.69,1022.08,-0.01,-0.02,0.3,0.24,0.13,0.07,1385.63,645.169216305913,676.9312120800622,-0.6365948578335131,560.6674194204078,347.88896566813673,27.28786181878379,403.56568940286513,127.02457475288361,48.951681956865926,14.402957961311866,6.6184796219582935
34766303,30.951000,85.429290,67.216352,1097.78,1023.2,1085.62,1022.07,-0.01,-0.02,0.81,0.29,0.28,0.06,1383.85,645.1823270114771,676.9413763208689,-0.6651909650444273,558.5156152604173,348.563004418116,27.959847009168865,396.9025070448394,131.23038368225446,49.49399305699848,14.784570615128564,7.066127110431243
34766402,31.051000,83.085188,70.981918,1104.64,1024.24,1085.87,1022.02,-0.02,-0.02,0.51,0.46,0.59,0.05,1383.74,645.1823270114771,676.9413763208689,-0.6651909650444273,558.5156152604173,348.563004418116,27.959847009168865,396.9025070448394,131.23038368225446,49.49399305699848,14.784570615128564,7.066127110431243
34766503,31.151000,81.473295,72.330251,1110.08,1023.07,1091.08,1023.23,-0.02,-0.02,0.51,0.27,0.31,0.3,1383.84,645.1639840629939,676.9249381654001,-0.6635280383500051,557.8973467217861,348.67138978310857,28.12028605008107,396.75974076764385,130.9742861620872,50.192586225718465,14.887793588686442,6.732953322255057
34766603,31.252000,81.535278,72.625237,1108.41,1022.87,1091.0,1023.43,-0.02,-0.02,0.23,0.23,0.3,0.34,1385.19,645.1651012202005,676.9439487669588,-0.6501571904383949,558.7653228423458,348.3927281097766,27.837742519599782,396.7864586636974,131.32368849969973,50.67274938839266,14.733602333271149,7.263425367733614
34766703,31.352000,82.630271,72.354204,1106.73,1023.32,1090.61,1023.31,-0.02,-0.02,0.05,0.31,0.22,0.31,1385.27,645.1756000594564,676.944781276932,-0.6646777191457677,556.2827701295814,349.2870920496467,28.980356308351034,390.6217561361206,136.0556088696271,51.683749432638834,15.178861719253314,7.486157604594293
34766805,31.452000,84.313661,70.674740,1105.95,1023.56,1090.43,1023.28,-0.02,-0.02,0.4,0.35,0.96,0.31,1384.4,645.1569082125269,676.9601384624361,-0.6373714138144978,550.8676430627567,351.4795899210662,30.41167776928888,390.6217561361206,136.0556088696271,51.683749432638834,15.178861719253314,7.486157604594293
34766903,31.562000,85.649266,70.432373,1104.75,1023.13,1098.58,1025.34,-0.01,-0.02,0.19,0.28,0.67,0.72,1384.77,645.1554617038679,676.9737995946901,-0.645870194086327,545.9684716685182,353.30660479326247,31.827849571065837,368.9283988828923,150.39086152872116,54.690213973823056,17.0375503281182,7.02896979332364
34767003,31.652000,86.227001,73.240309,1104.5,1022.75,1095.44,1021.65,-0.01,-0.02,0.41,0.21,0.72,0.02,1383.57,645.1340977752143,676.9854490815094,-0.6352098704346822,543.8046070382176,354.1878629312014,32.17401298055946,362.82286474650556,155.3861728987641,56.79002547833989,17.42761088560671,7.4583537817376495
34767103,31.751000,86.097796,76.209645,1106.83,1022.78,1091.89,1020.83,-0.01,-0.02,0.02,0.22,0.0,0.18,1384.75,645.1531060495912,676.9889148079379,-0.6262182827048764,545.5571108975711,353.54664162488115,31.94950350111841,362.57470593505207,156.7337154122119,58.189748951354616,17.42761088560671,7.4583537817376495
34767204,31.853000,86.408961,76.574134,1107.8,1022.46,1092.02,1020.68,-0.01,-0.02,0.15,0.17,0.03,0.21,1385.76,645.1678904357581,677.0499978299528,-0.48124201290613766,548.6475117929361,352.3013356376598,31.27050794093151,370.4556388968861,150.5803161279977,55.93832848720655,16.5527721440196,8.350482557852118
34767303,31.952000,86.850060,76.750849,1107.95,1022.21,1092.11,1020.55,-0.01,-0.02,0.05,0.12,1.0,0.24,1383.94,645.1563234051055,676.955831276474,-0.651862195834841,552.3002423718499,350.8861637455841,30.113829797782262,379.8487181041963,143.54312300898374,54.01217146077134,15.895561724838103,7.959879081248793
34767404,32.051000,87.630748,77.284798,1107.95,1022.32,1100.29,1022.72,-0.02,-0.02,0.06,0.14,0.38,0.19,1383.94,645.1655077706298,676.9423380704202,-0.6718288854373605,555.3290722476208,349.7255413153863,29.28894226926067,385.2437682104224,140.55022637776568,53.96486715834958,15.35212573829592,8.41110933209924
34767503,32.151000,87.787803,78.227351,1107.39,1022.64,1099.46,1022.66,-0.02,-0.02,0.16,0.2,0.22,0.18,1383.94,645.1651167212012,676.9658648136956,-0.6376981852871793,555.3360545941889,349.7275628023435,29.247222098365068,385.2153767385513,140.83600650993338,54.10655645501471,15.349963904640703,8.459343596714348
34767604,32.250000,88.100629,79.327588,1106.81,1023.05,1098.78,1022.78,-0.02,-0.02,0.47,0.27,0.08,0.21,1385.39,645.1635652838244,677.0417298735848,-0.48834908398128296,552.9711860223904,350.72541446947093,30.31770465613855,377.86111683059727,146.63243922059218,56.45885029484268,15.776290077453536,9.076737893391186
34767704,32.352000,88.153553,78.291971,1109.5,1023.81,1098.9,1022.68,-0.02,-0.02,0.01,0.4,0.06,0.19,1385.25,645.1299421335536,676.986867590259,-0.640132652603878,548.4902712059439,352.3725182792456,31.22848044322255,377.86111683059727,146.63243922059218,56.45885029484268,15.776290077453536,9.076737893391186
34767804,32.452000,88.112006,78.839950,1109.96,1022.94,1098.93,1022.6,-0.02,-0.02,0.01,0.25,0.3,0.17,1386.1,645.1255973133542,676.9932607041732,-0.6161777225717726,544.0559177243695,354.1284177939235,32.22298059803874,360.7830058703284,157.99386752729419,58.483968852688506,17.38221855651118,8.294020909798043
34767905,32.552000,88.111694,79.222782,1109.92,1022.65,1098.79,1022.66,-0.02,-0.02,0.02,0.2,0.33,0.18,1387.26,645.1734242252091,677.026209500055,-0.6338778807984585,542.4708195153971,354.7910246712396,32.816686935187015,356.2561794035257,161.8623920811867,59.693040534733925,17.67808940685768,8.629314909504814
34768005,32.654000,88.339983,78.231662,1110.18,1022.48,1098.89,1022.59,-0.02,-0.02,0.03,0.17,0.3,0.17,1388.39,645.164393740522,677.0345726440333,-0.6471420068273273,542.6638087900275,354.734642731839,32.862879762350595,356.11216699255453,161.74227866130678,58.23910294716351,17.642150462898435,8.743504069026017
34768105,32.754000,88.229070,80.548138,1110.48,1022.21,1098.98,1022.58,-0.02,-0.02,0.08,0.13,0.3,0.17,1388.77,645.1787913726416,677.010899153606,-0.6569312377157243,544.1376353906053,354.07865685821724,32.292723053632685,359.90445661229404,158.80031294626892,58.734590366898196,17.37419979458616,8.584555479801516
34768205,32.853000,87.985030,84.769352,1110.69,1022.06,1098.97,1022.62,-0.02,-0.02,0.12,0.1,0.31,0.18,1389.46,645.1682951679055,676.9878116486526,-0.6500836235081244,547.130920084285,352.95308380170763,31.64346271966029,365.0395213182086,155.46466411953494,58.12672312187144,16.83329880521069,9.010568282119827
34768306,32.953000,88.842741,84.722440,1110.54,1022.22,1099.01,1022.58,-0.01,-0.02,0.09,0.13,0.3,0.17,1389.93,645.1631196335678,676.9695287133653,-0.6435631333930466,549.2879708209539,352.062795200858,31.05574634630899,369.64134044964646,152.01785953365038,56.269095130058695,16.44054672631997,9.043741208122604
34768405,33.053000,90.386895,84.583169,1110.34,1022.23,1098.85,1022.63,-0.01,-0.02,0.08,0.13,1.0,0.18,1390.36,645.1688061946369,676.9725859202326,-0.6732836942399497,549.5781502592666,351.88243988252833,30.892993613741144,371.1730179201132,150.95472104216907,57.333052015433495,16.385632061881825,8.830833636904998
34768506,33.153000,97.936421,82.617180,1110.09,1022.54,1107.51,1024.59,-0.01,-0.01,0.31,0.18,0.2,0.57,1390.05,645.1554502356938,676.9662786271698,-0.6604957801377854,548.5265034505879,352.3754292480087,31.33435788469286,368.69976284286594,152.7669038893407,56.441697027036284,16.577984874352385,8.859627735110628
34768605,33.254000,99.330754,82.251182,1110.09,1022.56,1107.23,1021.87,-0.01,-0.01,0.37,0.19,0.14,0.03,1388.42,645.1644934780606,676.9916155208725,-0.6309346696507356,546.3029712998165,353.22995851986815,31.763197868648824,363.87437451847984,156.76163457485595,58.60974279631839,16.980196627696458,8.917527592816135
34768705,33.353000,99.498709,82.823292,1111.07,1022.89,1106.75,1022.07,-0.01,-0.01,0.21,0.24,0.05,0.07,1388.64,645.1644934780606,676.9916155208725,-0.6309346696507356,546.3029712998165,353.22995851986815,31.763197868648824,363.87437451847984,156.76163457485595,58.60974279631839,16.980196627696458,8.917527592816135
34768805,33.453000,99.729065,84.591713,1111.35,1022.96,1106.82,1021.91,-0.01,-0.01,0.16,0.26,0.06,0.04,1389.12,645.164072550969,677.0297069646789,-0.6487992381483723,544.984971199173,353.7776423527947,32.38970667156,357.1490819727826,163.25852180720656,61.427197252656605,17.21874028918779,10.156194016159517
34768905,33.553000,99.487665,86.062569,1111.46,1022.84,1106.84,1022.02,-0.01,-0.01,1.0,0.24,0.28,0.06,1389.78,645.15925053273,677.030257264712,-0.6586955127229004,542.986858626053,354.5955973837999,32.731604538338104,353.5645996679171,165.77393196415645,62.019972449666774,17.58225365856532,9.926469546793939
34769005,33.653000,98.633864,86.568448,1120.18,1023.84,1106.88,1021.96,-0.01,-0.01,0.21,0.41,0.23,0.05,1389.54,645.1428660487661,677.0186616941808,-0.6320814949283514,542.0999276445934,354.9138264728062,32.81646831470062,352.28802881564974,166.37146771992218,62.28183011508645,17.739732552433804,9.712785976856154
34769105,33.752000,97.119548,87.360888,1122.04,1022.95,1106.85,1021.91,-0.01,-0.01,0.44,0.25,0.44,0.04,1388.24,645.1960681092993,677.0396656942096,-0.6061718810183,543.2289811341321,354.55791171739156,32.684725315554395,353.0676688869053,166.34063217612223,62.25361681940123,17.54668886852621,10.200993804163957
34769206,33.852000,96.971011,88.000195,1119.62,1022.81,1109.1,1022.35,-0.01,-0.01,0.1,0.23,0.04,0.12,1388.34,645.1960681092993,677.0396656942096,-0.6061718810183,543.2289811341321,354.55791171739156,32.684725315554395,353.0676688869053,166.34063217612223,62.25361681940123,17.54668886852621,10.200993804163957
34769305,33.953000,97.198519,88.724806,1118.24,1023.1,1108.86,1022.41,-0.01,-0.01,0.11,0.28,0.21,0.14,1388.66,645.1652810276584,677.0269198838453,-0.6753136705238774,544.3341853736017,353.92530151866333,32.52674527157673,356.9085941877251,162.69494025280716,61.28292305753953,17.331701634787546,9.76090280564685
34769406,34.052000,98.866057,88.584616,1117.83,1023.35,1108.62,1022.59,-0.01,-0.01,0.18,0.32,0.26,0.17,1388.22,645.131918071053,677.018227375012,-0.6440570882646673,537.5813853616235,356.96227974029534,34.479165008521434,351.42829065483664,167.45564950492374,61.760324182247075,17.783794538830815,9.866248332914374
34769506,34.154000,100.758944,90.167336,1117.73,1023.27,1108.78,1022.5,-0.01,-0.01,0.2,0.31,0.23,0.15,1388.89,645.1367636544123,677.133840058412,-0.4606327265611587,533.4931700209239,358.77865242937884,35.44110100562028,334.6443528249206,181.2749183237089,65.1142294595837,19.3251962754426,9.595697812425023
34769606,34.254000,103.463244,88.598626,1118.02,1022.76,1108.7,1022.47,-0.01,-0.01,0.92,0.23,0.67,0.15,1389.5,645.1217166118938,677.0554292814413,-0.61945003958889,532.36415419929,359.3614533047797,35.836077451964115,331.49244879069425,184.26819541796303,65.7943234948495,19.541050477846078,9.840307490376311
34769706,34.353000,103.831191,88.270017,1126.52,1023.5,1114.9,1023.46,-0.01,-0.01,0.53,0.35,0.56,0.35,1388.85,645.1207673456419,677.0450981644925,-0.6124220339117328,533.9964208293385,358.63165455973126,35.456049345875556,334.1636326366344,181.99657577926408,65.23469259929333,19.23867526668898,10.048720533022923
34769806,34.454000,105.266009,92.018845,1125.83,1022.72,1112.46,1022.56,-0.01,-0.01,0.41,0.22,0.08,0.17,1387.89,645.166660621111,677.0533687777548,-0.6602128881067179,537.3946779555288,357.03261514876704,34.69072722449147,340.74760234246264,176.5890480893205,64.24827771447305,18.611755412335633,10.23696362046379
34769906,34.554000,105.429122,91.884793,1122.5,1022.61,1111.95,1022.84,-0.01,-0.01,0.15,0.2,0.02,0.22,1388.58,645.121147200963,677.029291460131,-0.6302311637593934,540.9680388743911,355.40033587781244,33.81604631485219,345.03235837502314,174.29536907728746,65.2518263014079,17.943509530192973,11.36552181393926
34770006,34.654000,105.403671,91.659164,1121.3,1022.99,1112.21,1022.75,-0.01,-0.01,0.36,0.27,0.03,0.21,1386.85,645.1592493809245,677.0411383827694,-0.6317344438363066,538.568847583045,356.5084861043966,34.39554766500429,343.40197212981826,174.87915029814457,64.18743006359027,18.394106133450247,10.269426271875005
34770106,34.753000,103.496920,95.445717,1121.99,1023.32,1111.81,1022.83,-0.01,-0.01,0.24,0.32,0.05,0.22,1386.99,645.1329223949091,677.0567640166423,-0.6325595739143532,535.2253944827384,358.082408783851,35.36846433012695,335.691365885311,181.82709251517636,65.48112997416911,19.012179452730805,10.520365988875298
34770207,34.854000,103.079935,96.292173,1122.07,1023.3,1111.87,1022.92,-0.01,-0.01,0.58,0.32,1.0,0.24,1386.66,645.115520300662,677.0646309192808,-0.6624149777832282,531.6779386788502,359.7646546263808,36.34577000640122,328.6762984208143,188.02798781810645,66.67694286324475,19.672424715478247,10.424377107398769
34770307,34.955000,103.458820,96.941844,1127.41,1023.56,1120.53,1024.43,-0.01,-0.01,0.4,0.37,0.46,0.54,1386.41,645.131779378695,677.0807658614065,-0.6132863589444135,529.2959931598035,360.88206862853974,36.83678510947742,324.7491320534991,190.9786892784619,67.39955271530899,19.672424715478247,10.424377107398769
34770407,35.054000,103.948663,96.833889,1127.25,1022.62,1118.15,1021.4,-0.01,-0.01,0.31,0.2,0.14,0.06,1385.82,645.1062658141689,677.0729878137391,-0.6067398356147233,529.9330498939247,360.5498109268782,36.746796718024186,324.7163736797504,191.53396490001197,67.91053293645574,19.99491705784102,10.535397380361559
34770506,35.158000,105.499335,95.610851,1126.43,1022.46,1117.72,1021.53,-0.01,-0.01,0.17,0.18,0.23,0.04,1384.57,645.1664642397548,677.0841247224289,-0.6054537925455393,532.7753359935642,359.19496217846915,36.28013513101903,326.71949117124086,191.62555733695993,69.61399372903462,19.471274625181266,11.938639516782722
34770607,35.254000,107.634590,94.752477,1126.1,1022.58,1118.04,1021.28,-0.01,-0.01,0.12,0.2,0.17,0.09,1385.6,645.1252781582559,677.0739490167869,-0.6136115018105494,532.3285388077967,359.35765320091815,36.18041737004448,328.33497886371913,189.35948810601136,68.46295000432548,19.546056152127903,11.101731177149652
34770707,35.355000,110.727293,94.659012,1125.96,1022.83,1117.58,1021.38,-0.01,-0.01,0.81,0.24,0.0,0.07,1386.92,645.1061905681712,677.0614182394637,-0.6614403260633104,532.5234187675188,359.371651480578,36.29913741166999,326.8843689376284,191.67591819076475,69.28945641903067,19.513288096586685,11.776667245859763
34770808,35.454000,111.682192,94.122978,1132.27,1023.48,1117.56,1021.46,-0.01,-0.01,0.07,0.35,0.2,0.05,1385.83,645.1061905681712,677.0614182394637,-0.6614403260633104,532.5234187675188,359.371651480578,36.29913741166999,326.8843689376284,191.67591819076475,69.28945641903067,19.513288096586685,11.776667245859763
34770907,35.555000,110.933517,96.124253,1133.25,1023.6,1117.73,1021.39,-0.01,-0.01,0.07,0.38,0.34,0.07,1386.56,645.1183962961353,677.0729200859572,-0.6437681465924125,529.262248542796,360.8798304441244,37.11472079542068,322.18771167728033,195.19138873579533,69.58284885591083,19.783153607116628,11.495551088073874
34771008,35.655000,109.346665,96.152299,1132.4,1023.06,1117.45,1021.54,-0.01,-0.01,0.09,0.28,0.12,0.04,1387.53,645.1364453646195,677.0898484628073,-0.6190693430059938,528.3946024444892,361.3142688300306,37.61475635203602,319.40494675319053,198.06599750450604,69.8501181068725,20.289291210168486,11.426924030215709
34771107,35.755000,109.016489,96.038702,1131.81,1023.15,1117.47,1021.44,-0.0,-0.01,0.19,0.3,0.12,0.06,1387.2,645.117452089237,677.1827398971803,-0.5270571278902778,525.7444064114501,362.68093850669817,38.39195157498208,315.0494742523822,202.23760654275495,70.55644844983263,20.784876804784506,11.141122119295261
34771208,35.853000,106.512393,106.400856,1131.47,1023.34,1117.4,1021.49,-0.0,-0.01,0.08,0.33,0.11,0.05,1388.07,645.0805576631462,677.1628859671015,-0.5510461892507765,522.7641366098374,364.34181845082065,39.303762735699294,309.61361021477893,207.82146371800886,71.6035656562873,21.35603593856041,10.997404990723709
34771307,35.955000,105.870206,109.021658,1131.47,1023.03,1117.36,1021.42,-0.0,-0.01,0.51,0.28,1.0,0.06,1388.54,645.1342888288983,677.1274907945644,-0.5793186581067072,520.8126548233205,365.3838112473581,39.79575813468244,305.2081077266097,212.4358552940769,72.62595139824583,21.741836703737082,11.164774670748201
34771407,36.055000,105.883258,109.027423,1129.07,1022.39,1125.6,1023.15,-0.0,-0.01,0.21,0.17,1.0,0.29,1388.59,645.1342888288983,677.1274907945644,-0.5793186581067072,520.8126548233205,365.3838112473581,39.79575813468244,305.2081077266097,212.4358552940769,72.62595139824583,21.741836703737082,11.164774670748201
34771507,36.155000,115.150934,104.593962,1129.07,1021.96,1133.86,1024.67,-0.0,-0.01,0.21,0.1,0.58,0.59,1387.61,645.1718183652938,677.0685045736892,-0.4275024497850849,520.1475652787699,365.69565625786197,39.95191852801272,304.16306615993176,213.34803595956342,72.55086941605585,21.87673685785169,11.048773033588901
34771607,36.255000,118.135390,102.418433,1129.46,1021.83,1130.46,1021.48,-0.0,-0.01,1.0,0.08,0.78,0.05,1387.6,645.090453993053,677.1817915405937,-0.5451534908032204,521.4913420179598,365.03153590301883,39.67344363486617,306.342705388197,211.3650099830661,72.09244480966264,21.601599900756487,11.261074821824216
34771707,36.355000,119.205986,101.273365,1136.69,1022.82,1126.35,1020.46,-0.0,-0.01,0.77,0.24,0.77,0.25,1385.43,645.1348440108017,677.1014734637567,-0.6327196294933252,528.3286563769724,361.4940342083659,37.74787350154215,314.213822011355,208.03347416727382,74.88884244730293,20.30949313567282,13.75105651856142
34771807,36.455000,118.509075,104.062268,1144.19,1024.25,1122.48,1019.53,-0.0,-0.01,0.59,0.49,0.54,0.44,1385.18,645.1348440108017,677.1014734637567,-0.6327196294933252,528.3286563769724,361.4940342083659,37.74787350154215,314.213822011355,208.03347416727382,74.88884244730293,20.30949313567282,13.75105651856142
34771907,36.555000,117.315188,103.944744,1141.09,1022.55,1126.66,1028.45,-0.0,-0.01,0.07,0.2,0.29,1.0,1383.85,645.0991317275877,677.1000489735175,-0.6567712905670577,529.1642121772098,361.13893470199804,37.475344578998495,316.097674278056,206.30387214581242,74.24720869554615,20.14949148683041,13.695180903787929
34772008,36.655000,114.262221,104.583921,1138.67,1022.6,1126.63,1025.64,-0.0,-0.01,0.11,0.21,0.15,0.79,1384.05,645.1140690740096,677.197258199705,-0.5052650051423977,527.5040753361556,361.9746968986041,38.20664229882702,313.92687940391744,207.18705135960673,73.52660982545449,20.46061778664343,13.146469480724626
34772107,36.755000,113.163058,108.351264,1137.98,1023.12,1125.79,1021.88,-0.01,-0.01,0.3,0.3,0.15,0.03,1384.35,645.1339182803881,677.1148291253554,-0.6090873818190776,521.4755825504318,365.01482846269096,39.936513772312004,313.92687940391744,207.18705135960673,73.52660982545449,20.46061778664343,13.146469480724626
34772208,36.855000,113.705513,110.175139,1138.11,1022.84,1125.78,1021.77,-0.01,-0.01,0.52,0.25,1.0,0.01,1384.25,645.1339182803881,677.1148291253554,-0.6090873818190776,521.4755825504318,365.01482846269096,39.936513772312004,313.92687940391744,207.18705135960673,73.52660982545449,20.46061778664343,13.146469480724626
34772307,36.955000,116.057201,106.992878,1136.02,1021.98,1134.12,1023.31,-0.01,-0.01,0.16,0.1,0.97,0.32,1384.98,645.1461665028522,677.1664381249956,-0.5810532756997634,514.2016083496513,369.1799580539174,42.16059447612103,313.92687940391744,207.18705135960673,73.52660982545449,20.46061778664343,13.146469480724626
34772407,37.055000,117.869300,108.280498,1136.44,1021.29,1129.38,1022.42,-0.01,-0.01,0.27,0.01,0.09,0.14,1384.35,645.0986854479512,677.2187487349306,-0.5885955242152083,505.4731083017901,374.44882190949306,44.70217844616256,275.1041306076777,249.71529144480957,80.24204351006352,24.757292561659824,12.052037527835033
34772508,37.155000,119.333076,107.486308,1137.23,1020.77,1129.39,1022.38,-0.01,-0.01,0.45,0.1,0.17,0.13,1384.34,645.1856650808351,677.1355604536566,-0.3669308843876931,508.10216610542943,372.91719907937767,44.122828197613124,279.08197443744,245.49581981783618,79.4839757334806,24.256750752190154,12.395977845557503
34772607,37.255000,120.192824,105.901597,1139.72,1020.94,1129.78,1021.9,-0.01,-0.01,0.02,0.07,0.09,0.04,1384.32,645.1943845167807,677.1085001881423,-0.38537293465584344,515.0607286993089,368.94844073795787,42.241917453335226,288.5659478911776,236.77270212622912,79.23437521181697,22.89396484926317,13.945483024726137
34772708,37.355000,121.879525,107.420628,1139.6,1021.59,1129.18,1022.26,-0.01,-0.01,0.58,0.04,0.07,0.11,1385.59,645.1582483887242,677.1408029763213,-0.32709677934741604,520.8521478504514,365.6153869138448,40.49799742331882,288.5659478911776,236.77270212622912,79.23437521181697,22.89396484926317,13.945483024726137
34772807,37.455000,122.042560,107.142298,1143.34,1022.98,1129.32,1022.33,-0.01,-0.01,0.09,0.27,0.01,0.12,1385.72,645.1395970616645,677.1366286578001,-0.6160050597624124,525.8680233855955,363.07415860247727,39.286091773280624,308.2341774487484,215.49016240497951,75.96257425090455,20.79528597206374,14.267062788630618
34772907,37.555000,121.958067,106.428506,1143.16,1023.8,1129.19,1022.34,-0.01,-0.01,0.14,0.41,0.12,0.13,1385.56,645.1395970616645,677.1366286578001,-0.6160050597624124,525.8680233855955,363.07415860247727,39.286091773280624,308.2341774487484,215.49016240497951,75.96257425090455,20.79528597206374,14.267062788630618
34773007,37.655000,121.574296,108.543056,1142.1,1022.82,1128.82,1022.49,-0.02,-0.01,0.34,0.25,0.1,0.16,1386.24,645.1349776006772,677.1448513958602,-0.6041725826516103,519.7473986042255,366.411826318245,40.99022310161943,308.34458219271477,214.1274672596076,74.86187868161772,21.081456457622643,13.147117905581545
34773107,37.756000,120.224226,113.700506,1142.63,1022.51,1129.04,1022.42,-0.02,-0.01,0.25,0.2,0.14,0.14,1387.38,645.1943658136756,677.142815754712,-0.390417740498815,512.3357876117852,370.5674610225131,43.14116182819183,308.34458219271477,214.1274672596076,74.86187868161772,21.081456457622643,13.147117905581545
34773208,37.855000,120.492052,113.898804,1143.34,1021.97,1129.16,1022.26,-0.02,-0.01,0.13,0.1,0.16,0.11,1388.3,645.146555530461,677.1953993347973,-0.3803451078731918,501.70461316367476,377.1083630643849,46.11192736578434,267.5960908544663,262.20994681155986,82.9362188787965,25.547852293829553,12.762894683131897
34773308,37.956000,122.781871,112.430512,1144.52,1021.36,1129.16,1022.33,-0.02,-0.01,0.13,0.1,0.16,0.11,1389.28,645.0858585243323,677.2430199986185,-0.5900264840700686,502.5733639647703,376.50767406178636,46.00935518850148,269.16211687159785,259.5152070557408,82.6332269920048,25.355341872447223,12.667963285814125
34773407,38.055000,123.404858,112.680047,1145.2,1020.97,1136.88,1023.41,-0.02,-0.01,0.29,0.0,1.0,0.12,1386.8,645.1704280991094,677.1562835976006,-0.3791943714543699,507.45023600475344,373.45365805976735,44.50587771524479,269.16211687159785,259.5152070557408,82.6332269920048,25.355341872447223,12.667963285814125
34773508,38.154000,123.562425,115.183355,1145.14,1020.92,1134.23,1022.78,-0.02,-0.01,0.07,0.07,0.5,0.34,1386.38,645.1704280991094,677.1562835976006,-0.3791943714543699,507.45023600475344,373.45365805976735,44.50587771524479,269.16211687159785,259.5152070557408,82.6332269920048,25.355341872447223,12.667963285814125
34773607,38.254000,123.401564,116.353789,1145.14,1020.92,1134.23,1022.78,-0.02,-0.01,0.06,0.08,0.03,0.21,1386.16,645.1981286062195,677.1274416506026,-0.42260468605086904,513.7052107182585,369.7094426879575,42.98648820229853,269.16211687159785,259.5152070557408,82.6332269920048,25.355341872447223,12.667963285814125
34773707,38.354000,124.300222,115.712058,1144.38,1021.44,1133.74,1023.17,-0.02,-0.01,0.07,0.01,0.13,0.29,1385.95,645.1959022596312,677.1100458160424,-0.413529910447459,517.4745414075455,367.5790125532583,41.80616274691385,293.56511946860775,232.83877280796034,79.33150988007012,22.422444614881606,14.117169271351237
34773807,38.453000,124.518828,116.210458,1143.18,1022.1,1133.98,1022.91,-0.02,-0.01,0.27,0.12,0.08,0.24,1387.05,645.2111368463078,677.1645740223255,-0.40830140697689354,513.3047322492516,370.0017659437049,42.974617450649525,293.56511946860775,232.83877280796034,79.33150988007012,22.422444614881606,14.117169271351237
34773907,38.554000,124.828720,115.932020,1142.56,1022.41,1133.41,1023.19,-0.02,-0.01,0.38,0.18,0.2,0.3,1388.07,645.1968851253125,677.1433230320584,-0.4065528733342948,513.3047322492516,370.0017659437049,42.974617450649525,293.56511946860775,232.83877280796034,79.33150988007012,22.422444614881606,14.117169271351237
34774007,38.653000,125.003522,115.444911,1143.49,1022.66,1133.64,1023.22,-0.02,-0.01,0.52,0.22,0.91,0.3,1387.82,645.1968851253125,677.1433230320584,-0.4065528733342948,506.4939680714498,374.0200128511308,44.70037993340018,293.56511946860775,232.83877280796034,79.33150988007012,22.422444614881606,14.117169271351237
34774107,38.754000,125.262504,114.513350,1148.13,1022.67,1141.37,1024.38,-0.02,-0.01,0.27,0.22,0.64,0.54,1387.36,645.1743782201661,677.2107871977248,-0.39231142389175283,502.59942833944353,376.55152831385857,46.16057485111456,268.04095543809404,263.1293417705719,84.19189272064487,25.370670343443596,13.452285974824214
34774208,38.854000,124.522222,115.295684,1149.63,1022.35,1137.57,1021.26,-0.02,-0.01,0.53,0.17,0.12,0.09,1385.44,645.1804866207209,677.1648239914183,-0.3920674394806191,505.7718636228207,374.5001097421696,45.13322094675525,272.3737697100247,258.7471684416221,84.26980330354928,24.730993466742234,14.15906694978056
34774307,38.955000,124.106784,115.623695,1146.71,1021.89,1137.47,1021.09,-0.02,-0.01,0.1,0.09,0.2,0.12,1385.13,645.165981371132,677.1599100481178,-0.4127765606716392,509.58811335761334,372.18114910832725,44.247178641185556,277.657234125896,253.93475386592246,83.96061260226516,23.967470027734816,15.050997859678496
34774407,39.055000,123.834635,115.604375,1145.84,1021.97,1137.83,1020.91,-0.02,-0.01,0.24,0.1,0.27,0.16,1386.4,645.207812144476,677.1532470672769,-0.39692910258106545,510.45248410526386,371.62501294613037,43.8823002432739,280.04464295937663,249.80233829787144,83.08775530194133,23.800207340302386,14.533001422690724
34774508,39.155000,124.077391,115.439968,1145.74,1022.09,1137.18,1021.23,-0.02,-0.01,0.26,0.12,0.14,0.09,1387.48,645.1838161332762,677.1549019425465,-0.4010517163284933,509.6261520693613,372.0985479025098,43.85437151516809,279.43727464269733,250.22139662521897,83.00456639040357,23.958891328570317,14.182525588947293
34774607,39.255000,124.141858,115.381852,1145.27,1022.34,1137.49,1021.25,-0.02,-0.01,0.34,0.17,0.21,0.09,1388.58,645.1807122505387,677.165540148861,-0.41572049651838533,509.08394877590797,372.5460296926206,44.3539148302334,277.0348260724009,254.71188040180908,83.78350854757099,24.073957583190158,14.930702179636413
34774707,39.354000,124.515495,121.702707,1145.49,1022.46,1137.41,1021.11,-0.02,-0.01,0.31,0.19,0.19,0.12,1389.26,645.0942701560114,677.2256798037782,-0.5955408276285123,506.6563683778744,373.9261767869492,44.80179763798306,274.3669470301512,256.7010290165893,84.11279445626722,24.533833480369122,14.15448098068886
34774808,39.454000,127.135710,121.586245,1145.56,1022.44,1137.2,1021.24,-0.02,-0.01,0.3,0.18,0.15,0.09,1390.11,645.1864290305087,677.1787569082938,-0.42757545908225414,505.9233579347419,374.44784443503687,45.05641208637152,272.661983373814,259.6454544966251,84.4772451634695,24.703500463712388,14.388339465888059
34774908,39.556000,127.990901,120.821874,1145.67,1022.29,1137.47,1021.03,-0.02,-0.01,0.28,0.16,0.2,0.13,1390.57,645.1693526843036,677.1624793817743,-0.4051931322595584,506.32887380829317,374.2208392322843,45.045859533429194,272.73094569934494,259.8118657277568,84.6668768650636,24.62234989216918,14.661129889534159
34775008,39.654000,133.303564,120.359623,1145.95,1022.05,1137.39,1021.18,-0.02,-0.01,0.23,0.12,0.19,0.1,1391.16,645.1694248137496,677.1607702475052,-0.3971947556950308,506.7341196177272,373.87505435323584,44.81728639043395,274.36569924039014,256.6639598204237,83.94551444171852,24.53441139047733,14.163922748034402
34775109,39.755000,135.453147,121.131191,1146.08,1021.97,1137.23,1021.25,-0.02,-0.01,0.21,0.1,0.16,0.09,1391.37,645.1789100596171,677.1638247714691,-0.4062913500988228,508.59521638556305,372.7917173437081,44.41686918024709,276.6049812226379,254.79428593667663,83.99313744514457,24.167643007749035,14.705413058481057
34775209,39.857000,133.656394,123.852143,1146.05,1022.05,1137.5,1021.18,-0.02,-0.01,0.21,0.12,0.21,0.11,1391.83,645.1854363340354,677.1629895657262,-0.3798352443696154,509.4206511558749,372.2641537983849,44.10396539919891,278.27662584714903,252.1454741314587,83.34628995018555,24.00236453102116,14.535712016303435
34775309,39.956000,130.374296,127.270949,1145.91,1022.26,1137.28,1021.23,-0.02,-0.01,0.24,0.15,0.16,0.1,1392.04,645.1858024997063,677.1639342777853,-0.39040702603451033,509.160208988998,372.3875014479667,44.10683195309422,278.27299573994577,251.76303497941598,83.39082447306244,24.051813659503768,14.312054151075245
34775408,40.056000,129.167319,128.157621,1145.54,1022.31,1137.12,1021.22,-0.02,-0.01,0.3,0.16,0.13,0.1,1392.13,645.0904696741477,677.2272679035543,-0.6140119092037531,508.6798483307419,372.7452438892004,44.30522546435641,276.9026033761154,254.41420400893864,83.83400698856288,24.132798754737756,14.688373820027387
34775508,40.156000,128.457612,128.875302,1145.44,1022.4,1137.28,1021.13,-0.02,-0.01,0.32,0.18,0.17,0.12,1392.22,645.0948456253429,677.225882738504,-0.6062598719516986,507.1208093164616,373.646935572673,44.877699797095175,274.8507506566087,256.4630017177321,83.90751876367942,24.44139039606678,14.345549302339116
34775608,40.256000,131.734087,126.641066,1145.51,1022.45,1137.11,1021.32,-0.02,-0.01,0.31,0.19,0.13,0.08,1392.61,645.0948456253429,677.225882738504,-0.6062598719516986,507.1208093164616,373.646935572673,44.877699797095175,274.8507506566087,256.4630017177321,83.90751876367942,24.44139039606678,14.345549302339116
34775709,40.356000,133.048875,125.994561,1145.67,1022.25,1137.25,1021.19,-0.02,-0.02,0.92,0.15,1.0,0.11,1389.89,645.0858045234068,677.2340511458065,-0.5849826005187715,506.3542374711174,374.19373800924603,44.994333786854874,272.8241422850873,259.3815723291651,84.71931835947545,24.640981072348428,14.38376352818203
34775808,40.456000,134.672369,127.782485,1153.23,1022.93,1144.62,1022.44,-0.02,-0.02,0.1,0.27,0.8,0.15,1388.66,645.0858045234068,677.2340511458065,-0.5849826005187715,506.3542374711174,374.19373800924603,44.994333786854874,272.8241422850873,259.3815723291651,84.71931835947545,24.598261732204897,14.623012149406094
34775908,40.557000,135.192081,128.082569,1154.76,1023.29,1150.38,1023.87,-0.01,-0.01,0.16,0.33,0.36,0.43,1388.15,645.0893648269873,677.2239849826999,-0.5911735373629422,506.7241823668035,373.88581537781823,44.48386769623335,275.6439630083563,256.0299982955241,84.5820186950968,24.51970575183023,14.33986237208618
34776009,40.657000,134.327147,129.842507,1153.7,1023.42,1149.27,1021.91,-0.01,-0.01,0.02,0.35,0.13,0.04,1387.62,645.1771236493274,677.1782126163666,-0.446102565934746,508.2798496302287,372.90595286128047,44.565623901821986,274.3232203854472,260.9198072646215,86.56250327210496,24.22379231250878,15.973748924064331
34776109,40.756000,134.028782,130.370518,1152.54,1023.42,1148.99,1021.93,-0.01,-0.01,0.22,0.35,0.08,0.04,1388.32,645.1632417417517,677.201095261207,-0.41392898414578067,504.5573562117746,375.2317951932446,45.70121076490697,274.3232203854472,260.9198072646215,86.56250327210496,24.22379231250878,15.973748924064331
34776208,40.856000,134.441011,130.113246,1151.79,1023.19,1148.95,1022.02,-0.01,-0.01,0.35,0.32,0.07,0.06,1389.14,645.0801600845508,677.2725273089806,-0.5735420031826186,499.44137977734425,378.6460732870243,47.09988527672757,259.9662664760323,281.7317254081685,89.59864246857364,25.99828370727622,15.970506266373711
34776309,40.956000,136.046631,129.607758,1152.52,1022.97,1148.8,1021.77,-0.01,-0.01,0.61,0.28,0.71,0.01,1387.79,645.1828643984858,677.30598959547,-0.5178049194505663,496.04040042542005,380.9525635878703,48.19057531029983,254.5191869411808,289.73602991581737,91.43812112485159,26.714227912499457,15.881244948291801
34776408,41.056000,137.541183,131.050156,1158.1,1023.21,1154.16,1022.75,-0.01,-0.01,0.34,0.32,0.37,0.21,1387.15,645.0810767986155,677.2805922451972,-0.5719380391556677,495.7876703910498,381.124996886263,48.34458724058394,254.08959663719247,290.76990222730785,92.04007022390155,26.75288442518659,15.996750300043821
34776508,41.156000,137.501173,131.413392,1159.26,1022.83,1153.24,1022.56,-0.01,-0.01,0.19,0.26,0.33,0.17,1387.15,645.0810767986155,677.2805922451972,-0.5719380391556677,495.7876703910498,381.124996886263,48.34458724058394,254.08959663719247,290.76990222730785,92.04007022390155,26.75288442518659,15.996750300043821
34776608,41.255000,136.904240,132.152485,1158.87,1022.79,1152.81,1022.71,-0.01,-0.01,0.13,0.25,0.25,0.2,1388.0,645.1780742519754,677.2990985015948,-0.5654489543473975,498.3176058402611,379.3164046045371,47.57737602249186,257.6839139358133,285.3117937482502,91.48515595115563,26.236336159265726,16.18900684676038
34776708,41.356000,135.840846,132.131911,1158.12,1023.15,1152.93,1022.56,-0.01,-0.01,0.0,0.31,0.27,0.17,1389.03,645.0799299101988,677.2538806311552,-0.6026884611418608,501.6927279015532,377.099474075141,46.68577014922204,262.7728500160053,279.3670811834152,90.36486670399113,25.53434109955692,16.68384663883164
34776808,41.455000,135.649094,133.197748,1157.47,1023.48,1152.41,1022.79,-0.01,-0.01,0.11,0.37,0.17,0.22,1388.56,645.1478513907208,677.3176910286387,-0.586460441192985,499.84512009913914,378.38293718936563,47.199118191215845,259.65911855295843,284.00420451549905,91.37542306877079,25.92292109007787,16.70229962899998
34776909,41.555000,136.389514,133.607444,1156.99,1023.03,1152.55,1022.74,-0.01,-0.01,0.16,0.29,0.31,0.21,1389.15,645.1680160871138,677.3065128547219,-0.5324873260494165,496.92369818153765,380.3978671881273,48.12994227273694,255.14265294241974,291.530779342643,92.74956005228049,26.532621538889824,16.753755961670556
34777009,41.656000,137.683502,132.075652,1156.8,1022.81,1152.56,1022.64,-0.01,-0.01,0.19,0.25,0.31,0.19,1388.68,645.1680160871138,677.3065128547219,-0.5324873260494165,496.92369818153765,380.3978671881273,48.12994227273694,255.14265294241974,291.530779342643,92.74956005228049,26.532621538889824,16.753755961670556
34777108,41.756000,138.457357,133.237799,1157.05,1022.7,1152.48,1022.64,-0.01,-0.01,0.24,0.24,0.62,0.19,1389.19,645.1917449332152,677.306030180343,-0.5242779239279833,493.9060573478517,382.45858303756165,48.94184540346547,251.0823682733843,296.7989837850193,93.65345408103931,27.16227661089588,16.24440935463224
34777209,41.857000,138.673906,134.337630,1157.58,1022.48,1157.32,1023.56,-0.01,-0.01,0.16,0.2,0.35,0.37,1389.56,645.1689024209918,677.3283978222922,-0.5786910193384004,493.5066880111745,382.7982258736855,49.195892972082014,249.78169015826776,299.6498681965896,94.52448975716457,27.24526554903328,16.672062289261753
34777308,41.957000,138.845125,135.971780,1157.85,1022.31,1156.84,1022.72,-0.01,-0.01,0.46,0.17,0.33,0.21,1389.4,645.1708696674359,677.2922380864906,-0.5498878788290046,496.6488158364767,380.6673495433141,48.31940197763275,254.67332801724885,292.5940361194931,93.3030100069864,26.59743240623318,16.804834432795644
34777408,42.056000,140.512520,138.651495,1160.89,1022.65,1156.65,1022.75,-0.01,-0.01,0.0,0.23,0.16,0.21,1389.74,645.1785759039469,677.3060634513705,-0.5937017676812096,499.46090775529194,378.83277313894655,47.6638932917698,257.81759845181404,290.77729315388916,93.84102870084246,26.022096549269,17.93392883116293
34777508,42.156000,142.578804,136.565799,1160.87,1022.96,1156.85,1022.52,-0.01,-0.01,0.0,0.28,0.12,0.17,1388.66,645.1722502969985,677.224296372017,-0.41166693312296,499.1911512592842,378.86106784340865,47.59438512281832,258.3986568052778,288.7992264088542,93.20949499966353,26.07125931205703,17.350547223522568
34777608,42.257000,143.313528,137.584797,1159.99,1023.32,1156.23,1022.81,-0.02,-0.01,0.15,0.34,0.24,0.22,1389.19,645.1898298622751,677.3083317157804,-0.5139696727820384,497.6510653231193,379.981951704272,48.15491241737557,255.55193922596834,293.16823983879425,93.80084319229992,26.39144467708184,17.489913390980924
34777709,42.355000,142.991667,138.181492,1159.38,1023.47,1156.35,1022.82,-0.02,-0.01,0.25,0.37,0.22,0.23,1388.61,645.1832297197873,677.3122588902562,-0.5104948461124981,494.11317093187904,382.5154489202378,49.23288006647843,250.7036699424042,301.63569270329987,94.7163738437681,27.13309138276987,17.353276745425816
34777809,42.456000,142.003853,137.270186,1159.08,1022.92,1156.33,1022.76,-0.02,-0.01,1.0,0.28,0.64,0.21,1389.35,645.1790999084386,677.3501727970063,-0.5217292381347071,490.32071072194896,385.24844849415445,50.41829641912735,245.36656029966554,310.016237730937,96.29052250749456,27.930399993580405,17.0660262938109
34777908,42.557000,141.278208,137.692599,1166.82,1023.5,1161.32,1023.6,-0.02,-0.01,0.29,0.38,0.23,0.38,1388.78,645.1703356848739,677.3801729545152,-0.5163554028299825,488.9124714506681,386.4304840472289,51.01847312822224,242.8040031719593,314.98197497326544,97.66248078037516,28.238531547955784,17.33423232952338
34778008,42.656000,139.549889,138.807797,1168.71,1022.59,1161.01,1022.41,-0.02,-0.01,0.61,0.22,0.17,0.14,1388.18,645.1703356848739,677.3801729545152,-0.5163554028299825,488.9124714506681,386.4304840472289,51.01847312822224,242.8040031719593,314.98197497326544,97.66248078037516,28.238531547955784,17.33423232952338
34778108,42.756000,139.522481,138.288528,1164.12,1022.2,1160.55,1022.58,-0.02,-0.01,0.17,0.16,0.08,0.18,1388.89,645.1782154841592,677.3603965869617,-0.4863684318910519,491.95049583746146,384.19479380021414,50.3363802213244,246.08457022184692,311.78667186665126,98.0891088508822,27.594542634419835,18.401083349812858
34778209,42.856000,140.068418,138.229540,1162.5,1022.21,1160.7,1022.43,-0.02,-0.01,0.45,0.16,0.11,0.15,1388.51,645.1555615815744,677.3697518490277,-0.6021407900328748,490.88372829312357,384.8712430165666,50.568920432430325,245.28607494321696,312.56158020417104,97.96486278543809,27.8084087270066,17.977527119962843
34778308,42.956000,142.038690,137.127728,1165.24,1022.51,1160.47,1022.47,-0.02,-0.02,0.02,0.21,0.06,0.16,1388.87,645.1516069629081,677.3752102518696,-0.5688246392041469,489.2014848612611,386.26306439381096,51.04566835945382,243.0066423404083,317.9303401587024,98.82752511123064,28.17815989412819,18.131394990753954
34778408,43.055000,142.940928,137.480706,1165.89,1022.74,1160.41,1022.53,-0.02,-0.02,0.13,0.25,0.05,0.17,1389.05,645.1457290956398,677.4085656876343,-0.5846685352940897,488.01707769691285,387.06425770188207,51.51396201495639,241.07057336646906,320.8799958099791,99.60007843706668,28.421383769494255,18.153953896220813
34778509,43.157000,142.807073,140.256872,1165.73,1022.69,1160.57,1022.42,-0.03,-0.02,0.11,0.24,0.23,0.15,1389.87,645.1747499406146,677.3967420533259,-0.535809189943585,487.53145022096953,387.4046921457619,51.663077572610774,240.581940749567,320.9724008505867,99.4800408406672,28.52905530166986,17.885108773449538
34778608,43.257000,142.940753,145.317973,1165.8,1022.55,1160.41,1022.4,-0.03,-0.02,0.12,0.22,0.19,0.14,1390.44,645.1489202613506,677.394555898523,-0.6194571807120817,488.0699932062796,387.0249988201957,51.537308471652345,241.0932791693759,321.03356861366257,99.69350446521267,28.411708438360993,18.216802633529817
34778708,43.356000,143.041581,146.860337,1165.77,1022.55,1160.52,1022.47,-0.03,-0.02,0.12,0.22,0.21,0.16,1390.91,645.1482373355574,677.3886345116113,-0.6129336368433697,488.28632587091045,386.8309577648763,51.44131090021879,241.47606196458122,319.5701409332425,99.07808420859324,28.363055985878308,18.029805494933548
34778808,43.456000,144.421826,145.994791,1165.73,1022.47,1160.33,1022.46,-0.03,-0.02,0.12,0.2,0.18,0.15,1391.34,645.140795952703,677.385570509399,-0.5714138526090144,488.729503737874,386.55922419129956,51.3838117572947,242.1875030757512,318.8510136331152,99.09331224322304,28.272110056655148,18.099157135149603
34778908,43.556000,149.064542,145.516131,1165.73,1022.68,1160.37,1022.53,-0.03,-0.02,0.14,0.24,1.0,0.17,1391.73,645.1820970878313,677.375092472901,-0.5278569786516784,488.933733726479,386.42250626445,51.3172655793751,242.33782999339846,318.56294661882055,99.1625929160661,28.236841580975874,18.140197352048737
34779008,43.655000,148.200184,144.720955,1165.62,1022.52,1167.0,1023.51,-0.03,-0.02,0.95,0.21,0.1,0.37,1389.1,645.1439347110188,677.3954331916374,-0.5908338383252665,488.5735363105733,386.6720183094186,51.373802305817,241.95164430958087,318.8612646782717,99.12077673514797,28.304883958212056,18.016198338216263
34779109,43.755000,146.054168,145.285374,1172.76,1023.34,1166.46,1022.95,-0.03,-0.02,0.27,0.35,0.21,0.25,1388.35,645.172584278744,677.3670994687974,-0.5271404020221506,488.28341276830844,386.870316794128,51.42034612238571,241.5528280824316,320.2497218253584,99.4184822122796,28.372239085684324,18.145224421270164
34779210,43.856000,143.877992,146.890092,1173.62,1023.36,1166.16,1023.13,-0.03,-0.02,0.93,0.36,0.22,0.29,1388.28,645.1444936598193,677.4061660348497,-0.5950131610522317,488.8204905832239,386.5773195049585,51.49290466149733,241.4752215462083,324.4547684140008,101.56925196636442,28.258564289536366,19.384241162867724
34779310,43.957000,143.208902,146.100323,1166.75,1022.53,1166.09,1023.01,-0.03,-0.02,0.24,0.22,0.23,0.27,1389.21,645.1626583362382,677.4226356621558,-0.5143642772791436,486.69972653866193,388.0561570863358,52.01337504438277,239.1077067047905,326.33253578211816,100.76307847189499,28.70600378326185,18.58973594305212
34779411,44.057000,144.154747,148.646868,1165.05,1022.55,1165.61,1023.26,-0.03,-0.02,0.53,0.22,0.33,0.32,1388.53,645.1568487141716,677.4425700547206,-0.6054133241575884,484.11145530168614,390.22355378839825,53.0162589572885,235.1558746557756,336.2428715573597,102.40567709503816,29.279606027135326,19.20680520620136
34779511,44.158000,144.522970,149.787870,1169.41,1022.75,1165.95,1023.04,-0.03,-0.02,0.21,0.25,0.26,0.27,1389.04,645.1549562409397,677.5031189933815,-0.5570687891978763,480.45468277617215,393.1153871832139,54.119984052844465,231.31429945383877,343.74986374041504,104.48440795148966,30.07684275163879,18.638702251010635
34779612,44.259000,146.384685,148.616409,1171.09,1022.45,1165.9,1022.93,-0.03,-0.02,0.5,0.2,0.27,0.25,1389.19,645.1388096672746,677.4411947029819,-0.5300430285403734,480.76094427721483,392.95011683226073,54.03836879377549,231.47957401181353,344.1832733897223,105.04303604703941,30.019159015904247,18.89271874903519
34779712,44.361000,153.251754,146.565276,1168.2,1021.91,1165.86,1022.91,-0.03,-0.02,0.74,0.11,0.44,0.25,1389.76,645.1440897186969,677.4443389863056,-0.6382974082363605,483.6918223774259,390.604655933085,53.3196524179529,234.58056623187548,337.1487431935251,103.24258356831191,29.373675259591888,19.14141623339959
34779812,44.459000,152.884189,145.669028,1172.98,1022.25,1167.77,1023.04,-0.03,-0.02,0.08,0.17,0.06,0.27,1388.65,645.151523326602,677.3917455987059,-0.5897808961518067,486.2034494539794,388.5767718025133,52.384903354486895,238.51845707650833,329.60289934330297,102.0321547856734,28.82599777956944,18.955231899460884
34779913,44.558000,150.157440,147.434817,1173.7,1022.8,1167.37,1023.39,-0.03,-0.02,0.2,0.26,0.14,0.35,1388.55,645.0966933591483,677.3845812120557,-0.5829244414905966,487.9830467548963,387.31487726809564,51.957258128314876,240.66318054032132,327.19276683827866,101.74247197119868,28.441791937010485,19.45315309941556
34780012,44.661000,146.806400,149.395097,1172.64,1023.23,1167.17,1023.02,-0.03,-0.02,0.02,0.34,0.18,0.27,1389.28,645.1350076343928,677.4045390493083,-0.6013399981965081,487.3128539500623,387.74977581462855,52.21953401355528,239.61789625013282,327.9938442888114,101.93016852104361,28.584330308488944,19.26801050688111
34780112,44.760000,145.901556,149.839350,1171.77,1023.38,1167.22,1023.12,-0.03,-0.02,0.13,0.36,0.17,0.29,1389.98,645.1378452796642,677.4206546428989,-0.6036306853688469,484.0299631009658,390.3656401818242,53.14674932482591,235.48130054318307,336.7418302771723,102.62901762558889,29.303054176826663,19.21906882806512
34780213,44.860000,144.830273,152.966354,1171.34,1022.95,1166.92,1023.13,-0.03,-0.02,0.57,0.29,0.98,0.29,1389.22,645.1518732785518,677.4727936798412,-0.6015199362742949,479.69263568074604,393.9139090329885,54.59370439464866,229.9741528752699,348.25423193754875,104.69543741953025,30.26395770849657,19.11032066621634
34780312,44.959000,144.545367,154.078081,1168.6,1022.29,1173.79,1024.31,-0.03,-0.02,0.28,0.18,0.23,0.53,1389.03,645.1835699253722,677.4868717557457,-0.4642763954248727,476.54712128855084,396.49590417138,55.73092144376054,225.8858972705198,355.67410603478845,106.58161453583918,30.970033442401224,18.810150105355802
34780413,45.060000,144.495647,154.081373,1168.85,1021.66,1173.45,1021.49,-0.03,-0.02,0.38,0.07,0.53,0.03,1389.13,645.191453602519,677.4733673114578,-0.4720258491658703,476.60090716599194,396.53521726935116,55.80127126883928,226.10886733320402,356.8038041680003,107.21781287694446,30.96790368421789,19.051391454902948
34780513,45.160000,152.895492,151.524384,1168.64,1021.03,1176.47,1021.89,-0.03,-0.02,0.35,0.04,0.08,0.05,1388.32,645.1472595656902,677.4080092164377,-0.4275432902808892,480.1236590736758,393.60636033171096,54.58300245712403,230.23777966530542,353.0240146413412,106.99362588155573,30.176936216041565,20.421627249307058
34780612,45.261000,155.918361,150.481110,1167.86,1020.72,1176.58,1021.87,-0.03,-0.02,0.22,0.09,0.1,0.04,1387.02,645.1514644982382,677.4178604583485,-0.5483956783929576,484.1578484858953,390.3168611684444,53.125222715880646,230.23777966530542,353.0240146413412,106.99362588155573,30.176936216041565,20.421627249307058
34780712,45.360000,153.610538,152.210614,1167.45,1020.88,1175.96,1022.2,-0.03,-0.02,1.0,0.06,0.7,0.11,1387.82,645.138000134373,677.387193266107,-0.5801624262563438,488.7957535171858,386.9233902352378,51.85444465823396,241.01138785071802,335.9050029344636,105.50004044679622,28.291374957741045,21.782737848206743
34780813,45.460000,150.873640,152.344891,1173.56,1022.13,1172.41,1021.26,-0.03,-0.02,0.37,0.15,0.36,0.08,1386.93,645.1161139001936,677.4147586872499,-0.5938463614352139,489.0204739383287,386.62841482954036,51.49823201308775,242.01069749766492,331.95403306794555,104.74051458071041,28.227137533717972,21.064821394488362
34780913,45.560000,149.762093,152.889363,1174.6,1022.83,1172.1,1021.41,-0.03,-0.02,0.27,0.27,0.45,0.05,1384.82,645.1368691456304,677.3993612592725,-0.5665682127742256,487.9168714348464,387.6049842221373,52.00549480947615,240.26278314072314,337.9116782818095,105.44946412350933,28.48083139849308,21.692262828515567
34781012,45.660000,150.871838,152.522374,1173.84,1023.35,1174.11,1021.74,-0.03,-0.02,0.14,0.36,0.05,0.01,1385.4,645.1368691456304,677.3993612592725,-0.5665682127742256,487.9168714348464,387.6049842221373,52.00549480947615,240.26278314072314,337.9116782818095,105.44946412350933,28.48083139849308,21.692262828515567
34781112,45.760000,151.225531,152.424894,1173.24,1023.02,1173.86,1021.78,-0.02,-0.02,0.04,0.3,0.13,0.02,1386.29,645.199597229293,677.4974246454979,-0.48765427031874004,478.6080630467747,394.93018938489166,55.1993033230627,234.38314292939526,343.9304238097525,104.51671947637948,29.489418709212085,20.28084624051609
34781213,45.860000,154.898496,156.553659,1173.36,1022.67,1173.87,1021.81,-0.02,-0.02,0.0,0.24,0.11,0.03,1387.6,645.1861769929667,677.4975713770249,-0.4433436880288959,474.42891323493564,398.4238235363571,56.639341127358065,223.93184665570956,368.6897904094838,110.39823690687628,31.461274293201523,20.308109351626634
34781313,45.961000,157.037615,155.057374,1174.2,1022.21,1174.06,1021.55,-0.02,-0.02,0.48,0.16,0.9,0.02,1388.76,645.1802343500683,677.5270878942921,-0.48707364767490713,473.3124528356691,399.3983573450904,56.978180016082604,222.30107626198807,372.2154422235123,111.43092040253941,31.713713732113465,20.391894890118472
34781413,46.061000,156.850663,155.982275,1177.71,1021.96,1180.0,1022.58,-0.02,-0.02,0.25,0.12,0.59,0.18,1386.37,645.1915729512739,677.5053338431517,-0.48191512913192086,475.5449091357034,397.60444187167195,56.347768574720774,224.8436803038526,367.4044337375518,110.02045315934144,31.21986385247571,20.69139715749401
34781514,46.161000,155.830784,156.885678,1178.42,1022.01,1176.91,1022.23,-0.02,-0.02,0.13,0.13,0.03,0.11,1386.03,645.1251116376906,677.4558088662036,-0.5441712043217517,479.1386152523803,394.49415900757344,55.06175498830506,229.4669399566435,356.55992113308054,107.72436178856168,30.396065614107457,20.568622934171856
34781613,46.261000,155.007906,155.350760,1177.59,1022.39,1176.63,1022.43,-0.02,-0.02,0.27,0.2,0.09,0.15,1385.99,645.1898706765928,677.4189147068853,-0.5143105541362677,483.5040346247336,390.97922163922635,53.90913810077404,234.1335655012241,350.61546362001934,108.59817227547089,29.44330647074474,21.91908393942284
34781713,46.361000,154.286773,156.942509,1176.3,1023.03,1176.92,1022.23,-0.02,-0.02,0.14,0.3,0.09,0.11,1387.19,645.1433945793935,677.4422650025057,-0.5635848840893857,482.81716608311035,391.55755446497415,53.94405531493392,233.74044699696645,349.94826279436603,107.84093371521895,29.588045198954116,21.339989396669758
34781813,46.461000,154.689462,156.032161,1175.5,1023.47,1176.26,1022.5,-0.02,-0.02,0.28,0.38,0.22,0.17,1388.3,645.1975140142874,677.4905727402801,-0.5112893360677794,479.62274580951487,394.2362504509838,55.159859731885064,233.74044699696645,349.94826279436603,107.84093371521895,29.588045198954116,21.339989396669758
34781914,46.561000,155.502603,155.694423,1175.2,1022.54,1176.63,1022.34,-0.02,-0.02,0.28,0.22,0.28,0.14,1389.33,645.1657337157205,677.5103454952942,-0.4680471699627645,474.3609590595219,398.7833504057919,56.72212863875575,223.69844987144063,371.03862206888857,110.30239692318347,31.500097494848116,20.68369748839094
34782013,46.661000,156.191394,159.090684,1175.67,1022.1,1176.39,1022.25,-0.02,-0.02,0.34,0.15,0.26,0.12,1390.14,645.1593025217638,677.5523356489227,-0.46052250902375447,471.89311311954333,400.9537850425932,57.927776441611286,221.0711672108683,381.0717038334716,113.3157303620906,32.063751576402936,21.34026832910409
34782113,46.761000,156.351986,160.438486,1176.83,1021.78,1176.68,1022.26,-0.02,-0.02,0.26,0.09,0.89,0.12,1390.68,645.1561638555864,677.5557950803674,-0.4651228291511511,471.36550700068784,401.37057814728746,57.99481810367323,220.49227376373867,380.098635284079,113.19380236588276,32.18031985771243,20.792752358953834
34782213,46.861000,157.103891,157.834305,1177.67,1021.42,1183.05,1023.2,-0.02,-0.02,0.14,0.03,0.12,0.31,1390.64,645.1829162581556,677.5221015746579,-0.47483007961782714,474.4664291589275,398.71892358631817,57.03006137727676,223.92518924107915,373.23290410970736,111.84541057031305,31.479927996519656,21.231776244181333
34782313,46.961000,157.092040,159.307055,1177.52,1021.42,1182.63,1023.38,-0.02,-0.02,0.17,0.03,0.03,0.34,1390.28,645.1478140206996,677.5164543107682,-0.619772281698093,478.264772292053,395.4569219513938,55.754574457810435,228.33334549322993,363.0649216385321,109.78307074847277,30.611060161087693,21.393306057646456
34782414,47.061000,156.939082,160.178460,1176.77,1021.78,1182.36,1023.19,-0.02,-0.02,0.42,0.09,0.21,0.31,1390.69,645.2062317541723,677.45951720413,-0.5306194781432697,481.22032982546193,392.97212636084686,54.72127094380464,231.76080648649167,358.36194218890364,110.4479795977164,29.960262506223927,22.180643428707413
34782515,47.161000,156.912461,160.173038,1177.87,1022.58,1182.34,1023.04,-0.02,-0.02,0.42,0.09,0.21,0.31,1391.05,645.1371733856063,677.473599703663,-0.5554651298803055,481.00215758189313,393.2609292750955,54.776640181435,231.67254716604396,361.1000570220051,110.84291575840402,30.006766170606685,22.636504722964965
34782615,47.262000,156.913218,160.188196,1177.81,1022.95,1181.89,1023.24,-0.02,-0.02,0.22,0.29,0.06,0.32,1391.46,645.2061066495153,677.4989873634055,-0.5298080588489743,477.6395140065289,396.1101307665957,55.91503445362491,231.67254716604396,361.1000570220051,110.84291575840402,30.006766170606685,22.636504722964965
34782714,47.363000,156.794287,160.228185,1177.67,1022.87,1182.13,1022.91,-0.02,-0.02,0.22,0.29,0.06,0.32,1390.49,645.1616483691088,677.5608184566291,-0.46978246345786207,473.3980492095014,399.6556716006326,57.27041250400071,223.08417157095997,379.8779226493697,113.34707779553354,31.7187831669137,22.04477668263271
34782814,47.461000,159.598888,162.494922,1177.67,1022.87,1182.13,1022.91,-0.02,-0.02,0.24,0.28,0.01,0.25,1390.98,645.1379210103535,677.6351168229155,-0.6169555078539399,470.9436693862925,401.8405314375674,58.34597732654231,220.58419409186124,388.18630164838186,116.01842774895069,32.276861729796586,22.32454346617014
34782914,47.561000,160.685682,161.179824,1178.07,1022.72,1181.93,1023.13,-0.02,-0.02,0.15,0.25,0.06,0.3,1391.34,644.6771250034424,677.3584523827009,-0.5224180522341862,469.95021684879646,402.13341349311656,58.51947743361317,219.59794632448953,387.911113873687,116.32848225221596,32.40946554736025,21.929639140901926
34783015,47.661000,159.500796,163.432163,1178.77,1022.14,1182.16,1023.07,-0.02,-0.02,0.03,0.15,0.02,0.29,1391.76,644.3309738510077,677.1099272007581,-0.5052501711517302,471.80503842046494,398.94131055230235,57.701277585799225,220.755396857528,381.5276661739455,114.45039200281481,31.808046163900976,22.416035776335292
34783115,47.762000,158.327679,162.244571,1179.22,1021.89,1182.19,1022.97,-0.02,-0.02,0.04,0.11,0.01,0.27,1391.8,644.3731355979282,678.3202934939682,-0.312850364659187,474.2715725414384,396.1184663545489,56.68563231226321,222.31996851068536,372.3038004816369,113.08139715581187,31.080128438798827,22.440142705030134
34783214,47.862000,157.607999,162.250553,1179.22,1022.01,1182.09,1023.04,-0.02,-0.02,0.42,0.13,0.67,0.28,1390.21,644.3630135643419,678.3278663241688,-0.2679798117845618,476.7141463166517,394.1711130201081,55.8155877919751,225.09542572490622,366.2140071783915,112.47054682925153,30.540063824239922,22.579799769911602
34783315,47.961000,157.656465,163.081716,1180.63,1022.37,1186.72,1023.72,-0.03,-0.02,0.18,0.19,0.25,0.42,1389.73,644.3522051387778,679.2760692769375,-0.0032805074219883815,476.7141463166517,394.1711130201081,55.8155877919751,225.09542572490622,366.2140071783915,112.47054682925153,30.540063824239922,22.579799769911602
34783415,48.062000,158.935485,160.966911,1180.15,1022.76,1186.2,1022.23,-0.03,-0.02,0.26,0.26,0.15,0.12,1390.31,644.3554789950119,679.2815945191924,0.08579985830724564,476.7141463166517,394.1711130201081,55.8155877919751,225.09542572490622,366.2140071783915,112.47054682925153,30.540063824239922,22.579799769911602
34783515,48.162000,160.063571,161.957266,1179.34,1023.2,1185.81,1022.32,-0.03,-0.02,0.09,0.34,0.14,0.14,1390.85,644.3713269654268,679.3902038269035,0.022354893152748568,476.7141463166517,394.1711130201081,55.8155877919751,225.09542572490622,366.2140071783915,112.47054682925153,30.540063824239922,22.579799769911602
34783614,48.262000,160.358378,162.819560,1179.07,1023.01,1186.0,1022.26,-0.03,-0.02,0.13,0.3,0.18,0.12,1391.46,644.3591375563925,678.0732558655293,-0.3525265485912953,468.0417182980703,401.8518109738741,58.79051623401179,216.54683054916447,393.44034202952565,118.26919634479022,32.55086694084187,22.982672165315023
34783715,48.362000,160.627066,163.805788,1179.62,1022.53,1185.82,1022.29,-0.03,-0.02,0.45,0.22,0.37,0.13,1391.66,644.4127685582625,677.8206121668434,-0.33452826528835733,467.3227539659767,402.6360540305014,59.158554287804236,216.1046471995155,395.59336408458677,118.55078608376203,32.76256951892416,22.86904219557296
34783814,48.462000,161.298705,164.437775,1183.04,1022.39,1185.39,1022.14,-0.03,-0.02,0.13,0.2,0.28,0.1,1391.57,644.4619290037895,677.5559226889975,-0.40176635463042526,469.6770100734158,400.73005572805664,58.399810803206634,218.74191079264463,390.79989740450924,116.70794704242114,32.267880305200386,23.198077945382863
34783915,48.561000,162.281318,164.299543,1183.94,1022.36,1185.36,1022.08,-0.03,-0.02,0.29,0.19,0.28,0.09,1391.79,644.3806480158273,677.1654830484131,-0.5090760971276878,472.7358869431116,398.0335953825037,57.37116061559753,222.14705444575435,380.7973272470987,114.90207332796746,31.588335881012025,22.888546356044067
34784014,48.662000,163.338139,164.001572,1183.43,1022.48,1185.42,1022.13,-0.03,-0.02,0.01,0.22,0.21,0.1,1389.73,644.3861803370853,676.790254009373,-0.37371186899952435,475.26781672530893,396.02477274700584,56.72171395708529,224.84868290255883,375.9329748449001,114.87291759238501,31.062549217154626,23.287733823107544
34784115,48.762000,163.926872,164.031594,1182.57,1022.79,1185.25,1022.15,-0.03,-0.02,0.32,0.27,0.21,0.1,1389.96,644.4328111470171,676.6262760733333,-0.4163996105239641,474.39086930474537,396.9559530513473,57.03406553827321,224.34647746014755,377.63162774964695,114.69936615362832,31.299958138824767,22.980845235821413
34784215,48.862000,163.785369,163.795670,1182.29,1023.31,1185.01,1022.2,-0.03,-0.02,0.55,0.36,0.2,0.11,1390.24,644.4514945259308,676.9207632677221,-0.4328968102493278,471.69738397197415,399.793308503357,57.85366058640114,221.56940184565136,386.50150320010886,115.12981723237273,31.93834968981166,23.081462994233945
34784315,48.962000,163.025958,163.964349,1185.83,1023.37,1185.16,1022.15,-0.02,-0.02,0.05,0.37,0.17,0.1,1390.22,644.6639842541852,677.3452514457475,-0.5330592884042181,468.5789337265798,403.1622366550642,59.04537000770958,218.2721711286214,395.67430985799774,117.65620966587299,32.70927489572958,22.867957982726963
34784414,49.062000,162.745689,164.092954,1186.62,1022.62,1185.07,1022.18,-0.02,-0.02,0.18,0.24,0.19,0.11,1390.86,644.7417715714721,677.5761435814773,-0.371874993925726,466.9459143486969,405.03250338797613,59.774723420309556,216.82095288889587,400.4517421230469,118.76431280419159,33.118716708734375,22.71337521396427
34784514,49.162000,161.794191,165.765700,1186.53,1022.49,1185.23,1022.18,-0.02,-0.02,0.22,0.22,0.15,0.11,1391.35,645.1290079337105,677.6455720894776,-0.6131484400019246,467.190238264355,405.2129979837639,59.983999887246334,216.78084894015038,401.0175703922472,119.06464527059629,33.15047795226617,22.73918469625498
34784614,49.261000,161.761053,166.530379,1186.65,1022.37,1185.21,1022.21,-0.02,-0.02,0.29,0.2,0.18,0.12,1391.82,645.1282830494717,677.6470233725819,-0.621973569943757,467.74137373819354,404.83373927854706,59.76504487054379,217.39459105498813,399.02238369503647,118.70899065927232,33.03247040138572,22.60527833379915
34784715,49.362000,162.580754,166.918969,1186.65,1022.34,1185.23,1022.14,-0.02,-0.03,0.45,0.2,0.51,0.1,1391.71,645.1182737398707,677.6470304474125,-0.6166368915052298,468.87731536776863,403.8406842478334,59.570756403637574,218.62943236544757,396.68054879505615,118.21163264116862,32.76817254023619,22.824745362416408
34784814,49.462000,163.599616,166.142874,1184.14,1021.89,1188.14,1022.67,-0.02,-0.02,0.03,0.12,0.08,0.21,1391.97,645.1636203074747,677.5819330781837,-0.48517746445999504,469.4829481510388,403.2064985705753,59.19862004580082,218.9474499353587,394.63243473159383,117.7939831664642,32.76817254023619,22.824745362416408
34784915,49.562000,164.066758,166.309587,1183.38,1022.0,1188.07,1022.64,-0.02,-0.02,0.1,0.14,0.1,0.2,1391.0,645.1686797308432,677.578340995168,-0.490344215965678,469.58542889440406,403.124934147554,59.07827325870439,219.54376365026778,395.3696908174013,118.32725482963036,32.609329638125054,23.00483555324672
34785014,49.664000,163.946101,166.523913,1183.54,1022.0,1187.76,1022.75,-0.02,-0.02,0.38,0.14,0.08,0.22,1391.27,645.1593255838338,677.5912617043509,-0.5040112350361506,469.7791202306225,403.0862083190678,59.02646309616439,219.9821453157668,397.16281503494343,119.14372122110684,32.57435014026976,23.492909189746726
34785114,49.762000,164.074117,166.146287,1185.02,1022.03,1187.92,1022.66,-0.02,-0.03,0.13,0.14,0.05,0.2,1391.48,645.1433244939209,677.5747968805086,-0.4822886394466522,469.54741060344253,403.10742861578643,59.07928558066093,219.63262629586563,396.4999180561201,118.90787180985478,32.60988231643953,23.26574196292964
34785214,49.862000,164.828545,166.567414,1185.23,1022.09,1187.81,1022.78,-0.02,-0.03,0.15,0.15,0.15,0.23,1391.89,645.1672263421913,677.5886648797765,-0.5128047511392763,469.9386905567092,402.87556799085075,59.009300453976856,220.0789263033045,395.95997173227545,118.81218289417615,32.53218021274117,23.350216865854918
34785314,49.963000,166.031476,166.131822,1185.07,1022.23,1187.86,1022.64,-0.02,-0.03,0.2,0.18,0.06,0.2,1392.29,645.1729236829133,677.5788006668414,-0.4407042772057593,470.00746972646226,402.8244598184664,58.8880162466198,220.09345483987337,395.803110986407,118.86229960883105,32.51892834652585,23.35283837438014
34785415,50.062000,166.928331,166.285391,1184.83,1022.17,1187.79,1022.7,-0.02,-0.03,0.24,0.17,0.08,0.21,1392.55,645.158664938738,677.591741581747,-0.43406416409233106,469.4737966397454,403.1717367282862,59.08486039495548,219.50291459982066,396.62066136874125,118.64539023778731,32.62754662505349,23.243679612401138
34785514,50.163000,167.056656,167.292568,1184.65,1022.14,1187.7,1022.64,-0.02,-0.03,0.61,0.16,0.09,0.2,1392.37,645.142415191908,677.5927148391725,-0.4865953689001437,468.99814397196195,403.6860328929322,59.548327552724885,219.29997865583653,398.8088013134009,119.18992312975807,32.74431389889313,23.392384182529142
34785615,50.262000,166.509835,168.170267,1189.36,1022.56,1187.85,1022.52,-0.02,-0.02,0.04,0.23,0.09,0.18,1392.37,645.1363245527672,677.6440430227204,-0.609174274130796,468.36910141153334,404.16684642237664,59.49575610278728,218.4964983972624,399.49775405317854,119.41554373269788,32.87738063964454,23.17474057765186
34785714,50.362000,165.634429,169.066992,1190.27,1022.79,1187.72,1022.62,-0.02,-0.02,0.19,0.27,0.12,0.2,1391.91,645.1654832228147,677.5949828760438,-0.431375446729547,468.57745842134824,404.0641061737645,59.52541593182775,218.67896388572416,399.8400033259977,119.50680437514444,32.845768063739655,23.34006980734091
34785814,50.462000,165.116250,168.479429,1189.53,1023.1,1187.83,1022.72,-0.02,-0.02,0.14,0.33,0.47,0.22,1392.07,645.1340919181876,677.6527768526282,-0.6350680997905648,467.94002219303326,404.61172172861615,59.798792054298225,217.83931055552736,400.7428613142085,119.41930091002942,32.98215712363178,23.149435998416877
34785915,50.562000,164.954899,169.187549,1189.17,1023.13,1190.16,1023.23,-0.02,-0.02,0.08,0.33,0.01,0.32,1392.09,645.1405126032217,677.6978285742306,-0.6137984888913504,466.5139482579225,406.0248759899367,60.192785132305275,216.3628077271231,405.2895751956365,120.00260698506429,33.32515506111678,23.181273652436673
34786014,50.662000,165.482405,168.866749,1188.9,1022.92,1190.14,1023.08,-0.02,-0.02,0.03,0.3,0.01,0.29,1392.31,645.1279170038525,677.671038192428,-0.5846542227528517,464.8796758294739,407.5292437682359,60.972011235180645,215.22910458671205,410.4640460091227,121.50144539189814,33.71263185760618,23.24825381770441
34786114,50.762000,166.273260,168.611763,1189.02,1022.85,1189.97,1023.1,-0.02,-0.02,0.05,0.28,0.05,0.3,1392.54,645.1116209198573,677.6922958985951,-0.5802023943462963,464.3016627962013,408.2626007421258,61.10657237941726,214.72421182562474,413.84659929285436,122.30209834375867,33.864929871592956,23.55185131944222
34786215,50.862000,166.774336,169.358617,1189.26,1022.59,1189.92,1022.94,-0.02,-0.02,0.09,0.24,0.06,0.26,1392.89,645.1248068785164,677.6715851163985,-0.5981173336912349,464.3299748476792,408.0703804694867,61.05426482110557,214.86858682269832,413.07751596532484,122.44883588429093,33.84584396267213,23.45818627426847
34786314,50.962000,166.980452,169.114510,1189.34,1022.4,1189.92,1022.98,-0.02,-0.02,0.11,0.21,0.06,0.27,1393.07,645.147524714343,677.6092591376063,-0.46562476494707933,465.57016104220196,406.95736974081086,60.89394378848451,216.02309213792077,410.00875826106454,121.7973543982015,33.564249652979385,23.5720618025658
34786414,51.062000,166.737004,169.216878,1189.57,1022.35,1189.97,1022.96,-0.03,-0.02,0.1,0.2,0.29,0.27,1393.11,645.1357869271565,677.6570415425437,-0.622606519984233,466.85965966153145,405.70522300669046,60.366441432234566,217.09406554688795,406.52534161883324,121.05112884436305,33.24656699643584,23.69499907032406
34786515,51.162000,166.200655,169.962019,1189.16,1022.61,1189.75,1022.96,-0.03,-0.02,0.0,0.24,0.28,0.27,1393.22,645.1457708696862,677.6670079148678,-0.6458441775099714,467.3035941935804,405.25890312316005,60.138995978111815,217.71807857965834,404.8227159805088,120.76131010504602,33.13859149630897,23.62268436608433
34786615,51.263000,165.933805,170.511425,1188.82,1022.75,1189.76,1023.03,-0.03,-0.02,0.02,0.27,0.3,0.28,1392.2,645.1316932669279,677.665002996752,-0.5997561666288694,467.02969079654014,405.60142665245445,60.44153394524268,217.4514680915238,406.0764568086771,120.76149839899017,33.21011227193517,23.688828200923368
34786716,51.363000,166.276378,170.981458,1188.61,1022.73,1189.74,1023.03,-0.03,-0.02,0.04,0.27,0.45,0.28,1392.16,645.1393260664252,677.6693383580932,-0.6142969707139538,465.933671584673,406.68687553831944,60.633945829894316,216.29156705198014,409.0390639046285,121.52038570977652,33.47739250198096,23.585053731284333
34786817,51.463000,167.125732,170.186447,1188.56,1022.7,1191.68,1023.45,-0.03,-0.02,0.08,0.26,0.18,0.37,1391.97,645.1350743569077,677.6786460945509,-0.5811317551770314,464.8625056980933,407.65377863642254,60.97346529001311,215.48202721808977,412.2911719842161,122.15201733177182,33.727655730528525,23.61001830404264
34786918,51.565000,167.540129,169.629179,1188.7,1022.63,1191.65,1022.73,-0.03,-0.02,0.1,0.25,0.18,0.22,1392.03,645.1337042779122,677.6866532232485,-0.582072387164572,464.36878738496415,408.07167233688557,61.19694131094254,215.08767556519643,413.5067902257533,122.39013571830323,33.84010413953062,23.568823315269526
34787016,51.665000,168.003732,169.912425,1188.93,1022.64,1191.42,1022.72,-0.03,-0.02,0.06,0.25,0.16,0.22,1392.35,645.1365489346194,677.6205260738412,-0.44390062566527194,465.15550988395285,407.43064827561176,61.01225406968793,216.0181336684228,413.16243377487615,122.69716508562546,33.66869472707602,23.980554884734175
34787116,51.763000,167.945276,170.485325,1188.87,1022.43,1191.45,1022.65,-0.03,-0.02,0.15,0.22,0.05,0.21,1391.36,645.1572154275296,677.63010705897,-0.4678820614992933,465.9153082157612,406.68928661581464,60.57700876580019,216.70439691349213,410.30419132037935,122.17738215849084,33.486776859144754,23.85748637249361
34787216,51.864000,167.393479,171.620781,1188.99,1022.53,1191.37,1022.83,-0.03,-0.02,0.2,0.23,0.12,0.25,1391.6,645.1237634060996,677.657086734944,-0.6081213357915052,466.8072086535169,405.8032004237223,60.24635516189074,217.42572304343767,408.5739839391674,121.98573012929327,33.26198737915391,24.112590818943772
34787317,51.964000,167.428993,171.293426,1188.7,1022.58,1191.52,1022.8,-0.04,-0.02,0.25,0.24,0.09,0.24,1392.06,645.1691300502192,677.6286249507948,-0.4667687809881105,466.80726442214376,405.8339197929739,60.35652700512827,217.5474995053073,408.20319520432275,121.92694684842706,33.27438557984147,23.99582292485708
34787418,52.065000,167.878037,171.134753,1188.42,1022.74,1191.24,1022.78,-0.04,-0.02,0.2,0.27,0.42,0.24,1392.37,645.1374824237467,677.6682177580132,-0.6006309803880306,466.2300448109532,406.4393226069424,60.53670906169639,217.03989886193122,409.6676544137785,122.06408671524977,33.409559127477436,23.92312393650431
34787519,52.166000,168.052396,171.339404,1188.35,1022.77,1192.82,1023.04,-0.04,-0.02,0.22,0.27,0.11,0.29,1392.68,645.12581763212,677.6721407502197,-0.6039748756868334,465.52764274301364,407.0175231345616,60.84556503495613,216.35736384590243,412.13690946475253,122.4291504715174,33.5670424434475,24.042933373431126
34787618,52.266000,168.784699,171.054488,1188.31,1022.61,1192.74,1023.0,-0.04,-0.02,0.22,0.25,0.12,0.28,1392.68,645.1441795221629,677.6301484798034,-0.45218225916100246,464.90818156689824,407.6170808982485,61.003555464419,215.90732628853115,413.62742660907344,122.78482129225573,33.723444072495404,23.935840381599704
34787718,52.365000,169.068941,171.778705,1188.63,1022.6,1192.54,1023.0,-0.03,-0.03,0.17,0.25,0.16,0.28,1392.88,645.1263205658659,677.686040666561,-0.5941877516596928,465.13205684939135,407.47771748743963,61.04206797179744,216.2908253515473,414.5764643269831,123.3309809558739,33.6688324459886,24.296380853029817
34787818,52.465000,168.779815,171.842053,1188.67,1022.58,1192.64,1023.04,-0.03,-0.02,0.44,0.24,0.24,0.29,1393.06,645.1415284708365,677.6843094253401,-0.586868700714969,465.3176970784283,407.2381215659586,60.89740061163199,216.4551172332219,412.8193983719618,123.05823127412312,33.6205445258536,24.043676247586248
34787918,52.565000,168.326079,171.855943,1191.05,1022.77,1192.43,1022.97,-0.03,-0.02,0.01,0.28,0.29,0.27,1392.92,645.1362864222755,677.6733206981874,-0.6110946919672426,466.14478599696093,406.55889059502346,60.65135311679596,217.29577128745373,411.4561354287014,122.62152582715521,33.43305069494316,24.26131012873104
34788019,52.666000,167.960669,172.315886,1191.45,1022.95,1192.61,1023.02,-0.03,-0.02,0.08,0.31,0.26,0.29,1392.69,645.130310381917,677.6696832417834,-0.6130229978339647,466.42834389312145,406.16507914686724,60.404380211392535,217.42386616341625,410.2241560071462,122.56341791217113,33.35256441934035,24.22877957187528
34788119,52.766000,168.045034,171.934615,1190.89,1023.13,1192.43,1023.01,-0.03,-0.02,0.02,0.34,0.3,0.28,1392.61,645.1234290734101,677.6762855167366,-0.589749220997952,466.09157516071866,406.61964772523163,60.56357728667438,216.9998067910537,411.2303369289678,122.27756451465714,33.44460661871765,24.17121067625898
34788219,52.866000,168.373912,171.923003,1190.46,1023.03,1192.42,1023.01,-0.03,-0.02,0.04,0.32,0.32,0.28,1391.6,645.1209969673813,677.6813524984755,-0.5977291739796466,464.8188997480113,407.6902300073894,60.96022764387118,215.83217387777847,415.5219501917312,123.06906237740903,33.735296449999694,24.33101565227048
34788318,52.966000,168.793893,172.269158,1190.33,1022.76,1192.39,1022.95,-0.03,-0.02,0.01,0.28,0.32,0.27,1391.64,645.1133391776898,677.6820796284385,-0.6322956381733941,463.0141410122049,409.4897043453255,61.671871033856256,214.30169544378487,419.90340505335996,124.00279029835754,34.17600386819123,24.04559158349842
34788418,53.066000,169.219966,173.647421,1190.48,1022.7,1192.36,1023.01,-0.03,-0.02,0.04,0.27,0.33,0.29,1391.91,645.131480131327,677.7074969471277,-0.6173938227775287,462.37298995307924,410.2321379194096,61.9839923615088,213.78641595793576,422.41586538038854,124.76061657037184,34.34371151521382,24.118512896816057
34788519,53.166000,169.852314,173.998313,1190.79,1022.54,1192.54,1022.98,-0.03,-0.02,0.11,0.24,0.64,0.28,1392.35,645.1258234304232,677.7177706948939,-0.5914126123539378,462.6022667224228,409.8709935101148,62.05670748465993,214.02023178696194,421.1324367634105,124.34649746285903,34.272381821551896,24.049117691265167
34788619,53.266000,170.493312,173.594144,1191.1,1022.37,1196.62,1023.64,-0.03,-0.02,0.16,0.21,0.11,0.41,1391.04,645.1273988046788,677.6987479487267,-0.6027323152542382,463.89374990359,408.58708079569124,61.60454956317159,215.21552740204228,417.64561215361357,123.90279215982882,33.95835369589394,24.169467389289053
34788719,53.367000,170.628102,174.058960,1191.09,1022.29,1196.19,1022.23,-0.03,-0.02,0.27,0.2,0.1,0.13,1390.57,645.1245235411234,677.6732217433384,-0.6038238800100935,465.1515165940145,407.5352552056898,61.030984262118146,216.3034281518286,414.2087914366086,123.27596233390156,33.67259464110638,24.190984204027842
34788819,53.467000,170.398692,173.626959,1190.47,1022.62,1195.94,1022.3,-0.03,-0.02,0.4,0.25,0.04,0.14,1391.04,645.1285214376012,677.686695678936,-0.5887588862580173,466.19893282376825,406.6258416690424,60.72320585447706,217.84243691089534,414.88746010070605,124.36159220683896,33.429143464370135,25.046963753658346
34788919,53.567000,169.838457,173.704043,1191.57,1022.89,1195.94,1022.23,-0.03,-0.02,0.18,0.3,0.05,0.13,1390.27,645.1371517408828,677.6902775265672,-0.6074747287619776,465.0841327197645,407.5423207678869,60.95565690375624,216.98746236987478,417.1011511847917,124.10218867454626,33.683368711070486,24.839700405171484
34789019,53.667000,169.286956,174.090787,1191.53,1023.01,1195.91,1022.23,-0.03,-0.02,0.19,0.32,0.04,0.13,1390.1,645.1275793798935,677.6874094869091,-0.6184948348368131,463.8051802269538,408.85167292482873,61.6767098682646,215.9901746279096,422.2354425283215,125.0368067101306,33.99859451339763,25.094186551105366
34789119,53.767000,169.152245,173.885213,1191.61,1022.89,1195.97,1022.2,-0.03,-0.02,0.17,0.3,0.05,0.12,1390.79,645.1268088575041,677.7028859958683,-0.6438372445507919,462.18308362019013,410.3994192679227,62.09141808457788,214.359081929542,425.5472812734836,125.86535239550763,34.38791839689801,24.721928208956797
34789220,53.867000,169.491341,174.070644,1191.68,1022.65,1195.83,1022.19,-0.03,-0.02,0.05,0.26,0.02,0.12,1391.42,645.1166669218732,677.7292449187045,-0.575370946544658,461.7164909287405,410.9018620432067,62.366397029006436,214.10156928524208,428.1082359201017,126.90483319881159,34.502157882016846,24.970688658199975
34789320,53.967000,170.064828,173.684371,1192.0,1022.55,1195.85,1022.24,-0.03,-0.02,0.11,0.24,0.02,0.13,1390.28,645.1207634764045,677.7185519469328,-0.5928565272454275,461.76135766911653,410.77544791942717,62.382439604721874,214.07763288352228,427.1019708018594,126.56871221231394,34.484616640409364,24.80206634219391
34789420,54.068000,170.483317,173.689247,1192.14,1022.39,1195.77,1022.23,-0.04,-0.02,0.13,0.22,0.04,0.13,1390.74,645.1315430719787,677.709251053023,-0.5994169307068908,462.72666234424327,409.8394497170397,62.095399468218865,214.97292206783723,424.45705837386896,125.91055636277581,34.252751035686266,24.871066440868148
34789521,54.168000,170.579008,174.191767,1192.02,1022.4,1195.8,1022.21,-0.04,-0.02,0.12,0.22,0.01,0.13,1391.3,645.1299020073939,677.6851198987621,-0.63276071736684,463.7580867921425,408.8073406624532,61.67868001080096,215.8796678785039,421.57201584789567,125.58627284294425,34.00167884579364,24.944525256788452
34789620,54.269000,170.502362,174.055096,1191.64,1022.6,1195.82,1022.25,-0.04,-0.02,0.2,0.25,0.09,0.13,1390.18,645.1484526851947,677.6258625802768,-0.47364886049787025,464.2348075095138,408.53412954574054,61.394225453131654,216.1899309342436,420.2069382855586,125.21684088307276,33.91342043545525,24.86746846412224
34789721,54.368000,170.266922,174.152058,1191.24,1022.77,1195.69,1022.27,-0.04,-0.02,0.27,0.28,0.12,0.14,1389.41,645.1312411879925,677.6888671965593,-0.5996847156525975,463.8711247175439,408.81030191972457,61.76510090612989,216.04262568552696,421.65187033959916,125.41284587365928,33.98523941714903,24.995726579970068
34789821,54.469000,170.138309,174.384199,1191.19,1022.79,1195.69,1022.17,-0.04,-0.02,0.28,0.29,0.12,0.12,1390.15,645.1241803880813,677.7126550811727,-0.596849938140037,462.85189638491863,409.713143208296,61.98096587135201,215.03416123243863,424.0995533334559,125.76401769506234,34.22047003789431,24.881487539177485
34789921,54.569000,170.085628,174.211164,1191.27,1022.69,1195.57,1022.26,-0.04,-0.02,0.19,0.27,0.18,0.14,1390.57,645.1295379011956,677.6877580292597,-0.6381972584448484,462.13791959276807,410.48354995072367,62.40478153927953,214.49530065649176,426.8326351430403,126.60259889932131,34.40482868360275,24.967463943364137
34790020,54.669000,170.124839,174.146908,1191.49,1022.58,1195.66,1022.24,-0.04,-0.02,0.15,0.25,0.16,0.13,1391.32,645.1217440601284,677.7270675857415,-0.5747143835471933,461.82516126076865,410.78830630353605,62.44368817968921,214.21559920939714,427.40600206780107,126.88621765529024,34.475889017939494,24.88772716122422
34790120,54.768000,170.366182,173.917168,1191.7,1022.41,1195.65,1022.19,-0.04,-0.02,0.11,0.22,0.12,0.12,1391.88,645.1188483666992,677.7044076468445,-0.6265557985734828,462.3524676205971,410.4009707382921,62.09613888443866,214.68219142537998,425.9840834144995,126.16535437243363,34.36202596475028,24.876183027660304
34790221,54.869000,170.555079,174.096677,1191.62,1022.39,1195.64,1022.2,-0.04,-0.02,0.17,0.22,0.07,0.13,1392.2,645.1198385689893,677.7056209719553,-0.5925230707754698,463.30350432854,409.41540800267785,61.9642280619009,215.45698924342187,423.5299320309533,125.88571431813374,34.124916328168574,25.009564015112602
34790320,54.969000,170.629655,174.496504,1191.52,1022.5,1195.55,1022.3,-0.04,-0.02,0.22,0.24,0.13,0.15,1392.45,645.1218853552286,677.7078094243006,-0.6016758191443352,463.74532732164533,408.8290628710848,61.662201000332,215.9539256724017,421.5270067980356,125.40010525542955,34.00227787908697,24.92897120830385
34790420,55.069000,170.612272,174.513465,1191.18,1022.62,1195.57,1022.23,-0.04,-0.02,0.28,0.26,0.12,0.13,1392.84,645.1234738588657,677.7119514491378,-0.5973829164809069,463.8995320754024,408.7470446664025,61.712098368643694,216.04212780013813,421.58004983956437,125.55021969411749,33.97141398152754,25.02105792770986
34790521,55.168000,170.542480,174.611625,1191.07,1022.82,1195.58,1022.2,-0.04,-0.03,0.29,0.29,0.12,0.13,1392.98,645.121227492151,677.7088003003147,-0.5823504608906549,463.4043313104332,409.4227176305893,61.881598561545175,215.51122357604592,423.19780548270853,125.67678695584567,34.11077084661807,24.959036952592854
34790621,55.270000,170.441849,174.644764,1191.03,1022.68,1195.54,1022.23,-0.03,-0.03,0.3,0.27,0.13,0.13,1393.16,645.1242633190611,677.7042921124066,-0.6222706501246689,462.60922352092246,410.02357186270535,62.119481792459716,214.95333053335557,425.6133363759864,126.0678725581189,34.287674455619374,25.02662743500366
34790722,55.370000,170.396478,174.572906,1191.15,1022.56,1195.52,1022.27,-0.03,-0.03,0.28,0.25,0.13,0.14,1393.36,645.1207481175878,677.7367502412251,-0.5768156125295595,462.05908826320405,410.6198690508806,62.45441499171225,214.48412073831855,426.94943889455544,126.48667183168672,34.423783945655714,24.92608574091912
34790821,55.470000,170.439635,174.591713,1191.39,1022.55,1195.61,1022.27,-0.03,-0.03,0.22,0.25,0.21,0.14,1393.44,645.1191542197462,677.7066556729206,-0.6319106381220732,462.17145500073894,410.4878950236375,62.22044792472833,214.60291831362352,426.60508711633577,126.41017056702856,34.39696287045694,24.93088436879806
34790922,55.570000,170.542739,174.505255,1191.33,1022.49,1195.56,1022.28,-0.04,-0.03,0.23,0.24,0.22,0.14,1393.54,645.1199733221832,677.7131756002727,-0.612532170685535,462.7432410329186,409.9214710405313,62.129840968622005,215.1699195315958,424.76317072104155,125.96910443688557,34.25640985391697,24.91788212353731
34791021,55.670000,170.631554,174.517352,1191.34,1022.58,1195.59,1022.2,-0.04,-0.03,0.25,0.25,0.2,0.13,1393.57,645.1168384002673,677.683712822578,-0.6463490303378575,463.48894343648874,409.2916935661592,61.85416490021403,215.6291821682008,422.7520451287723,125.79193644977892,34.08723927431505,24.933990991464455
34791121,55.770000,170.704790,174.371203,1191.11,1022.56,1195.48,1022.23,-0.04,-0.03,0.3,0.25,0.22,0.13,1393.7,645.1315930131941,677.6847058481346,-0.6434265217045234,463.7810487793001,408.89952243364445,61.809032559059006,216.00488895972526,422.02460856443025,125.47295179845813,34.00771285091517,25.016786296861085
34791221,55.869000,170.704807,174.334192,1190.99,1022.65,1195.49,1022.23,-0.04,-0.03,0.33,0.27,0.22,0.13,1393.76,645.1336639071222,677.7053582346396,-0.6159456954040752,463.4869451971456,409.2105640783974,61.844057529959244,215.76837903082173,422.5877237833296,125.59943965321537,34.079813931782056,24.931424502223535
34791321,55.969000,170.646149,174.582348,1190.88,1022.61,1195.47,1022.2,-0.04,-0.02,0.34,0.26,0.23,0.13,1393.65,645.1081148138206,677.7033024528658,-0.6178590318589178,462.9894875641413,409.67287828606976,62.00909369562031,215.3752675351639,424.594356977181,126.1601000953869,34.194931256254584,25.05866775347087
34791422,56.069000,170.592087,174.555094,1191.21,1022.63,1195.48,1022.2,-0.04,-0.02,0.29,0.26,0.23,0.12,1393.76,645.1298326537129,677.7230622424407,-0.5825604981465796,462.4970820037999,410.2828387783371,62.1521987003708,214.92295245276082,426.14125646519574,126.26285916080863,34.32885068483684,25.00738570347096
34791521,56.170000,170.552105,174.581354,1191.5,1022.52,1195.47,1022.28,-0.04,-0.02,0.23,0.24,0.24,0.14,1393.76,645.1174663343588,677.7088753907893,-0.621670110880939,462.31491364243914,410.42845595288946,62.158974085917684,214.7917910159394,426.57084527944454,126.75337353384586,34.36960803823024,24.992083418538726
34791622,56.270000,170.568653,174.543102,1191.54,1022.5,1195.4,1022.34,-0.04,-0.02,0.22,0.24,0.26,0.15,1393.84,645.1202745920584,677.707516526988,-0.6264972792587417,462.6780548083914,410.0570119834518,62.1665576431693,215.14265437986427,425.58596472048043,126.25515167073499,34.28004307183702,25.029618511215943
34791721,56.369000,170.626303,174.475724,1191.38,1022.56,1195.44,1022.18,-0.04,-0.03,0.25,0.25,0.24,0.12,1393.84,645.1319807433831,677.693200754535,-0.6461560165648166,463.14295317400604,409.6473312057614,61.96863581286156,215.5056034173178,424.2277214591227,126.11534851382957,34.17443910694393,25.020692237758865
34791822,56.470000,170.748041,174.263502,1191.2,1022.69,1195.48,1022.24,-0.04,-0.02,0.29,0.27,0.22,0.13,1393.7,645.1312160892301,677.7062183306949,-0.6178314973880458,463.4852511670252,409.3924405408717,61.875035035699035,215.7801455094761,423.53514885128374,125.69947945019086,34.09763966541332,25.072472108483765
34791922,56.570000,170.840448,174.034594,1191.15,1022.79,1195.36,1022.22,-0.04,-0.02,0.29,0.27,0.22,0.13,1393.69,645.1172891849791,677.6817040682206,-0.6593237475953929,463.3741155540596,409.4947527026089,61.9787045022285,215.6938230145902,423.7321794232657,125.69916650505186,34.12445050621539,25.041016572686246
34792021,56.669000,170.860393,174.184238,1191.15,1022.79,1195.36,1022.22,-0.04,-0.02,0.32,0.29,0.2,0.13,1393.92,645.1255726248042,677.7080304990687,-0.6127743611098073,462.93695248972386,409.78632856143224,62.026482710113456,215.4757115830074,424.9183189898806,125.94021748789336,34.21597453893531,25.06726953323195
34792122,56.769000,170.848685,174.305084,1191.52,1022.69,1195.3,1022.2,-0.04,-0.02,0.35,0.28,0.15,0.12,1393.79,645.1197797361439,677.7165271971799,-0.5864939911905053,462.54139873781304,410.214665694036,62.10676934911096,215.108513767784,426.0433063231336,126.43087958482731,34.31475815695065,25.030790183127536
34792222,56.869000,170.701216,174.333496,1191.52,1022.69,1195.3,1022.2,-0.04,-0.02,0.28,0.28,0.17,0.13,1393.86,645.1186409788177,677.7167773187316,-0.6292074765145335,462.42853450954965,410.4104847206068,62.22698201159485,214.9305488768259,426.5162417967489,126.50561001608942,34.350598505758995,25.0220358558431
34792323,56.969000,170.641564,174.391695,1191.57,1022.74,1195.36,1022.17,-0.04,-0.02,0.27,0.28,0.21,0.12,1393.85,645.1186709664405,677.7249696437456,-0.6060784622637476,462.5324333976577,410.25670793150863,62.16021779984272,215.0714308942259,426.11672750717605,126.2686702271876,34.3192574078676,25.02861256119978
34792423,57.070000,170.659266,174.240497,1191.63,1022.61,1195.35,1022.28,-0.03,-0.02,0.24,0.26,0.22,0.14,1393.77,645.1275107637977,677.7048403888389,-0.5950212051208099,462.66713679575383,410.02124847410624,62.215934311988725,215.27411625041907,425.2714457058268,126.17453919616251,34.27940010618932,24.96865458087096
34792523,57.170000,170.685495,174.410070,1191.65,1022.63,1195.44,1022.24,-0.03,-0.02,0.23,0.27,0.2,0.13,1393.82,645.1244045896823,677.7216211673046,-0.6053239329839698,462.96375382561297,409.78809334535686,62.06718464760735,215.5056350992215,424.877753445341,125.89422074704584,34.21070843332521,25.06808114606102
34792622,57.270000,170.794706,174.176747,1191.49,1022.63,1195.32,1022.2,-0.03,-0.02,0.26,0.27,0.22,0.13,1393.91,645.1330534191057,677.6834059394921,-0.6698184768475164,462.8760803487086,409.86694803271297,62.07567651059034,215.46470626932052,425.01165586823674,126.07965644107333,34.23643848836931,25.029979289215163
34792723,57.370000,170.861909,174.021988,1191.33,1022.62,1195.26,1022.2,-0.03,-0.02,0.29,0.27,0.24,0.13,1393.79,645.1196219411939,677.7186422959079,-0.6159207115433031,462.7299561583024,410.0156978493154,62.16663387302732,215.278843326595,425.5833528184114,126.14813176346111,34.267137915936324,25.065574383396935
34792822,57.470000,170.850038,174.010226,1191.22,1022.68,1195.33,1022.19,-0.03,-0.02,0.31,0.28,0.22,0.12,1393.95,645.1143188024712,677.7170262665609,-0.6110009043563933,462.5292494238686,410.3420151030084,62.17277249609542,215.10513095394168,426.2653313719181,126.40128407733154,34.32839058897692,25.02548871299109
34792922,57.570000,170.800529,173.987779,1191.32,1022.68,1195.22,1022.27,-0.03,-0.02,0.29,0.28,0.25,0.14,1394.06,645.1178688614467,677.7115153961029,-0.6082281419216287,462.36594644443824,410.4430404309179,62.32226274655327,215.00251465245756,426.5913619734065,126.49542368121863,34.36340591754415,25.008257895942663
34793023,57.670000,170.674636,174.311590,1191.36,1022.71,1195.29,1022.23,-0.03,-0.02,0.29,0.28,0.23,0.13,1393.86,645.1393664635624,677.7158932377608,-0.5949024759968322,462.53427416158445,410.2921700844804,62.18048995358337,215.09040830307347,426.3393888995774,126.53426276764802,34.326455769758496,25.05763576958512
34793122,57.771000,170.615548,174.289679,1191.44,1022.64,1195.29,1022.18,-0.03,-0.02,0.27,0.27,0.23,0.12,1394.02,645.1223889961523,677.7169424187387,-0.5985028736092285,462.6833378418081,410.11691945160305,62.197386271249755,215.26459649302902,425.71063703810313,126.31211653330642,34.284609943408746,25.037111671079074
34793222,57.870000,170.690761,174.122482,1191.35,1022.67,1195.38,1022.17,-0.03,-0.02,0.29,0.28,0.21,0.12,1393.97,645.1118677148712,677.7361137185968,-0.581316457865906,462.83517669210954,409.95383668026244,62.07565931712581,215.50908478890895,425.1826036884709,126.3906017630757,34.24272319556188,25.03801478453815
34793322,57.970000,170.721159,174.137333,1191.22,1022.72,1195.29,1022.2,-0.02,-0.02,0.31,0.28,0.23,0.13,1394.01,645.1228157716197,677.7106328650592,-0.5979950028905013,462.90295589568314,409.8615561384671,62.08326085552674,215.5905105334005,425.04402687114504,126.02158749227856,34.22776618752643,25.05743749795083
34793422,58.069000,170.791131,173.912244,1191.3,1022.87,1195.35,1022.22,-0.02,-0.02,0.29,0.31,0.22,0.13,1393.96,645.1112282165813,677.7168307905881,-0.6172551518766618,462.7197105069572,409.9906405046742,62.068673504927304,215.47089962187266,425.3572601855154,126.03295479364239,34.265093674829465,25.02619558599676
34793523,58.169000,170.819442,173.870688,1191.22,1022.76,1195.33,1022.18,-0.02,-0.02,0.31,0.29,0.22,0.12,1393.96,645.1168178846846,677.6976628971851,-0.6480869555627272,462.6792183539803,410.1473958380758,62.16428934138975,215.3586311829644,425.89168732688813,126.43520230142751,34.28935670290848,25.06378902082855
34793623,58.270000,170.784237,174.014889,1191.22,1022.69,1195.27,1022.17,-0.03,-0.02,0.33,0.28,0.15,0.12,1393.87,645.114864311157,677.7243152893501,-0.5794661692972883,462.4791469239731,410.28285241849005,62.3391933438971,215.18240962238886,426.33302377615985,126.6263770302768,34.3291604739209,25.055108969964905
34793722,58.371000,170.737322,174.017793,1191.26,1022.66,1195.23,1022.23,-0.03,-0.02,0.33,0.28,0.15,0.13,1393.94,645.1220647571481,677.7230970311323,-0.6016128234265526,462.5011008854134,410.3645437033602,62.264761888914336,215.18439793160374,426.4151538558914,126.71825524340574,34.33527853470244,25.04267513438522
34793823,58.470000,170.677870,174.061314,1191.4,1022.65,1195.23,1022.24,-0.03,-0.02,0.3,0.28,0.18,0.13,1393.99,645.123987632598,677.6963477674626,-0.6469725049652173,462.6112710101666,410.2416690594042,62.18020892377906,215.30438553325305,426.04251956095635,126.41623775406529,34.30986777463515,25.036018586548593
34793923,58.571000,170.642177,174.065250,1191.49,1022.73,1195.28,1022.24,-0.03,-0.02,0.28,0.29,0.17,0.13,1394.04,645.1187903894449,677.7027728008323,-0.6346516192907592,462.7425533944286,410.04539295319495,62.19420780969205,215.4073042580627,425.6376255001727,126.21137179556142,34.26971314403518,25.067776782957154
34794022,58.671000,170.660170,174.024928,1191.47,1022.55,1195.28,1022.22,-0.03,-0.02,0.29,0.26,0.17,0.13,1393.9,645.1290134393205,677.7191204287368,-0.6061645622818167,462.77276228251844,409.9882854988033,62.1960588393115,215.45476896543195,425.53514349555195,126.15547309097504,34.259476001028155,25.078031728676322
34794123,58.770000,170.708460,173.946329,1191.33,1022.59,1195.26,1022.23,-0.03,-0.02,0.29,0.27,0.19,0.13,1393.86,645.1314829517382,677.7014510944142,-0.6455979666728268,462.71930825182585,410.1204048949629,62.15818817389711,215.4127936734351,425.8192818067942,126.43402399921234,34.28257230420302,25.067085267415194
34794222,58.871000,170.748751,173.821275,1191.24,1022.59,1195.2,1022.24,-0.03,-0.02,0.31,0.27,0.19,0.13,1393.95,645.1300978871146,677.7224753605556,-0.5695758411330141,462.56206252069506,410.2852300706057,62.197821539456534,215.2393030713999,426.31238823073613,126.57307112168232,34.31969159011018,25.06834811799976
34794323,58.970000,170.778306,173.718938,1191.18,1022.6,1195.02,1022.21,-0.03,-0.02,0.33,0.27,0.21,0.13,1394.06,645.1064478624019,677.7288476671805,-0.5973735167528313,462.3900406138207,410.4558701549993,62.35378343207405,215.19301731421982,426.74547125726576,126.07129446715814,34.357767951034155,25.054646756282196
34794422,59.070000,170.744047,173.782441,1191.38,1022.73,1195.23,1022.17,-0.03,-0.02,0.29,0.29,0.17,0.12,1394.06,645.1281989935046,677.7235503954864,-0.6032461890058235,462.3834399755797,410.4629689963742,62.35774304533047,215.18875364007005,426.7838975705431,126.27562857021155,34.36314794246186,25.051152065446246
34794522,59.170000,170.674582,173.885595,1191.42,1022.6,1195.24,1022.22,-0.03,-0.02,0.29,0.27,0.17,0.13,1394.03,645.1124979221502,677.706484461939,-0.6147550077230214,462.5390574165196,410.40059521100903,62.2143098193195,215.25182845204915,426.3759251089621,126.73421502420209,34.33359029337802,25.02912355816119
34794623,59.269000,170.631349,173.978260,1191.32,1022.53,1195.12,1022.22,-0.03,-0.02,0.31,0.26,0.19,0.13,1393.97,645.1280941744875,677.7228257806812,-0.6352193600578466,462.64750025278056,410.20135119629583,62.153974617630304,215.3998329440588,426.0592569583108,126.45963675113407,34.2985116297174,25.07277178053026
34794722,59.370000,170.614658,173.967847,1191.3,1022.63,1195.22,1022.17,-0.03,-0.02,0.3,0.27,0.16,0.12,1393.87,645.1038531717529,677.7262884038103,-0.6039051101602251,462.71046678335193,410.13653946183814,62.163105409231314,215.46808910076078,425.8158336683187,126.48420541187919,34.27895835353441,25.0707329959056
34794822,59.470000,170.618937,173.974304,1191.26,1022.64,1195.22,1022.17,-0.03,-0.02,0.3,0.28,0.18,0.12,1393.87,645.1287890968293,677.6930964531655,-0.6575817839651624,462.69652840483855,410.16800745591854,62.21010398904154,215.42280915845564,425.9963055191687,126.62347526253279,34.291086094686705,25.080404918904094
34794922,59.570000,170.672262,173.835999,1191.14,1022.62,1194.98,1022.11,-0.03,-0.02,0.33,0.27,0.23,0.11,1394.04,645.1215143947896,677.6988350006138,-0.6549721543625459,462.56938540471424,410.2942392948793,62.17623471874069,215.29182395508235,426.369740441896,126.64289217354663,34.32062435614557,25.078312779885707
34795022,59.669000,170.706400,173.700668,1191.28,1022.58,1195.16,1022.17,-0.03,-0.02,0.3,0.27,0.19,0.12,1394.04,645.1230096794864,677.7143618022784,-0.6161802528378156,462.4653123270292,410.45368242203523,62.24091556942175,215.26129948973175,426.72468224086106,126.28878725416692,34.35041806502534,25.064947536981904
34795122,59.770000,170.694101,173.757222,1191.21,1022.6,1195.2,1022.17,-0.03,-0.02,0.32,0.27,0.16,0.12,1393.88,645.1272122454252,677.7264408761131,-0.6062931196198349,462.3241629644316,410.46025190679416,62.29710318575208,215.21857285736274,426.8809618205165,126.30494236951586,34.37110207030653,25.05963681488234
34795222,59.870000,170.646813,173.856631,1191.22,1022.66,1195.1,1022.17,-0.03,-0.02,0.32,0.28,0.18,0.12,1394.01,645.1220248906513,677.6930791556373,-0.6380750127097968,462.48770352331775,410.4273316884491,62.23390995154617,215.24261831180561,426.68713933009417,126.47327725131491,34.346495957480556,25.069585516827317
34795339,59.989000,170.600254,173.902700,1191.25,1022.59,1195.12,1022.23,-0.03,-0.02,0.32,0.27,0.16,0.13,1394.02,645.116549908507,677.7149483304447,-0.6220899863027649,462.6228320082332,410.27107800694256,62.21407380522684,215.38702392619558,426.1912842523464,126.57423891027837,34.30816883118606,25.068011395269224
34795431,60.093000,170.562723,173.911865,1191.08,1022.73,1195.15,1022.22,-0.02,-0.02,0.34,0.29,0.17,0.13,1393.99,645.116549908507,677.7149483304447,-0.6220899863027649,462.6228320082332,410.27107800694256,62.21407380522684,215.38702392619558,426.1912842523464,126.57423891027837,34.30816883118606,25.068011395269224
34795538,60.178000,170.574179,173.735195,1191.3,1022.58,1195.15,1022.2,-0.02,-0.02,0.3,0.27,0.17,0.13,1394.0,645.1115601085442,677.6970161963231,-0.6093218191259837,462.6327002443669,410.2508580241971,62.182237367332746,215.38007120993504,426.23678166762915,126.67965607676787,34.30576873265068,25.08772717031195
34795641,60.286000,170.589452,173.717001,1191.38,1022.63,1195.06,1022.05,-0.02,-0.02,0.28,0.28,0.2,0.1,1394.0,645.1229929999708,677.7216955482926,-0.5930872735548437,462.50530267978735,410.3361757510188,62.331499101462505,215.32852091045643,426.5172469179011,126.5594691897256,34.33210880250552,25.081223648584512
34795741,60.389000,170.615413,173.747757,1191.25,1022.57,1195.12,1022.26,-0.03,-0.02,0.3,0.27,0.15,0.14,1394.19,645.1154064906921,677.7133984718145,-0.6325919073143527,462.35370286233274,410.48217797945705,62.432234445100576,215.21749983365302,426.93868393260374,126.19189824925235,34.369793656085115,25.070046444993096
34795842,60.490000,170.639244,173.660652,1191.2,1022.72,1195.06,1022.21,-0.03,-0.02,0.31,0.29,0.16,0.13,1394.0,645.1356816245409,677.7133984718145,-0.6325919073143527,462.27203644647983,410.6153547433838,62.6191708596837,215.10322555950006,427.39221326006714,126.55497605793882,34.39675739675815,25.089544107528596
34795942,60.590000,170.636974,173.643349,1191.35,1022.56,1195.04,1022.15,-0.03,-0.02,0.29,0.27,0.17,0.12,1394.01,645.1290010473851,677.7298720625625,-0.6092880965909651,462.15070777357477,410.67440472370697,62.589219167254825,215.08509472406485,427.5220319119184,126.65494148500376,34.417757608526145,25.06549662295778
34796041,60.690000,170.598259,173.658296,1191.28,1022.62,1195.07,1022.24,-0.03,-0.02,0.31,0.28,0.15,0.14,1394.1,645.1221308842245,677.704259071503,-0.62019557211474,462.2717160590633,410.60905809807366,62.573398768107516,215.09695551719622,427.33536685143827,126.67963516152601,34.39510925860037,25.081083203548786
34796142,60.789000,170.545999,173.707511,1191.31,1022.61,1195.1,1022.3,-0.03,-0.02,0.3,0.27,0.14,0.15,1394.07,645.1241776992513,677.7003281349179,-0.6523492196346039,462.3309551772849,410.49662515525176,62.33136218887272,215.26224266331272,426.8809200585389,126.3395198610726,34.3759097652095,25.04217955997079
34796241,60.890000,170.426025,173.672490,1191.25,1022.59,1195.12,1022.25,-0.03,-0.02,0.32,0.27,0.14,0.14,1394.09,645.1358426896385,677.7144922343153,-0.6247356980929981,462.551001552126,410.35120139813534,62.252906465496935,215.3531819011237,426.6111450972048,126.43656847434369,34.329526917465564,25.10427235456477
34796341,60.989000,170.189002,173.262416,1191.24,1022.55,1195.21,1022.15,-0.03,-0.02,0.3,0.27,0.13,0.12,1394.09,645.1087087581813,677.7261296174529,-0.5851021041486771,462.5815721699842,410.38581928960843,62.15382773576717,215.37304687661776,426.5720796072438,126.49199044528292,34.32338632320729,25.099386594158247
34796442,61.090000,169.903631,173.057035,1191.15,1022.6,1195.14,1022.1,-0.03,-0.02,0.3,0.27,0.14,0.11,1393.87,645.1220256341747,677.7181758677352,-0.587655648471296,462.3798677821642,410.4308166966398,62.325220251283305,215.31260598872169,426.88018859195057,126.30373453959577,34.360093411455374,25.088859727264307
34796541,61.190000,169.725619,172.935143,1191.2,1022.59,1195.08,1022.24,-0.03,-0.02,0.29,0.27,0.15,0.14,1393.87,645.1197642007654,677.7203014588187,-0.6114987868309941,462.3096599302809,410.53980896805064,62.511174765885066,215.19029381150415,427.27900321500874,126.40165621269426,34.38069511755275,25.113750566298805
34796641,61.289000,169.731506,171.953382,1191.15,1022.55,1195.03,1022.25,-0.03,-0.02,0.3,0.27,0.16,0.14,1394.04,645.1267333339198,677.722872535568,-0.6093565076511053,462.2143532508334,410.6922865308541,62.63736647724232,215.12383182872918,427.4803617280327,126.66661715975401,34.41062182184346,25.065630820459404
34796741,61.389000,169.617350,171.865468,1191.14,1022.68,1194.96,1022.23,-0.03,-0.02,0.18,0.29,0.03,0.13,1394.14,645.1158014777014,677.7188866129649,-0.5848001300774561,462.2627733794994,410.61986483925125,62.57718454752575,215.1524449165168,427.498365664532,126.66673879100345,34.3951089074022,25.117215580924068
34796841,61.489000,169.402133,172.186429,1191.11,1022.45,1195.01,1022.21,-0.03,-0.02,0.19,0.25,0.02,0.13,1394.06,645.122635974909,677.6974967015523,-0.6301791323032502,462.311748074112,410.5351782892788,62.497604787402594,215.22488058565617,427.1755155440736,126.57538209488037,34.38262598965204,25.08757759817263
34796941,61.589000,169.295818,171.941194,1191.05,1022.47,1195.01,1022.21,-0.03,-0.02,0.2,0.25,0.02,0.13,1394.1,645.1390521560313,677.7193106456598,-0.6198900226987778,462.4662229003287,410.45485436596186,62.24644091478198,215.32727618079892,426.8723758430225,126.44104820188723,34.3522519754895,25.09608942348106
34797042,61.689000,169.264430,171.817080,1190.98,1022.49,1194.78,1022.1,-0.03,-0.02,0.21,0.26,0.06,0.11,1394.02,645.1203102907958,677.6972348319003,-0.6605570618069327,462.54642990666474,410.38086691315954,62.2305863375889,215.38192756197603,426.71203788034467,126.46014162248335,34.3326085327041,25.115054853838487
34797141,61.790000,169.400833,171.673772,1191.15,1022.55,1195.05,1022.17,-0.03,-0.02,0.18,0.27,0.01,0.12,1394.12,645.1266941609235,677.7040990598011,-0.6520787043929913,462.5112587807716,410.4137012025585,62.29383996685059,215.35726837902982,426.7933253883244,126.32916386538074,34.34127452452428,25.109066743429665
34797242,61.890000,169.562485,171.767151,1191.04,1022.47,1195.0,1022.26,-0.03,-0.02,0.2,0.25,0.02,0.14,1394.14,645.1136804932073,677.7259557987468,-0.5954286782792169,462.33688465255074,410.51479393243807,62.362662071686174,215.3509423525462,427.10136537113846,126.33588823149279,34.37276497825714,25.09645283644187
34797341,61.989000,169.637308,171.596148,1190.95,1022.47,1194.99,1022.19,-0.03,-0.02,0.22,0.25,0.02,0.13,1394.03,645.1207568650944,677.6908821407189,-0.6583657631722577,462.25100377987525,410.5675131702955,62.48577687890101,215.20757001340985,427.31133476362135,126.60615959767908,34.39511725627666,25.08716203404458
34797442,62.089000,169.496300,169.057678,1190.92,1022.63,1195.01,1022.19,-0.03,-0.02,0.22,0.28,0.02,0.13,1394.01,645.1201180950652,677.7188550978667,-0.5994568007137577,462.29519166164414,410.6189991971364,62.57416795486333,215.19435964541367,427.4500254747132,126.39226835564132,34.39092080364098,25.114784449252383
34797542,62.189000,168.141225,168.979747,1190.94,1022.52,1195.06,1022.25,-0.03,-0.02,0.22,0.26,0.01,0.14,1394.01,645.1055195142001,677.7250487625903,-0.5869265203369628,462.27959001404463,410.5363228304068,62.41430979107422,215.27120226974668,427.24067170453736,126.3804087113946,34.382183700972185,25.104463333843142
34797641,62.289000,166.200805,169.833558,1190.89,1022.53,1194.94,1022.25,-0.03,-0.02,0.23,0.27,0.03,0.14,1394.1,645.1225924080231,677.6933480701238,-0.6716485707806238,462.3792105320778,410.45209270756675,62.35438444932146,215.3197616959635,427.0106089294515,126.55467173302392,34.364877268665836,25.104611423058557
34797741,62.388000,165.008581,169.376806,1190.87,1022.53,1195.0,1022.22,-0.03,-0.01,0.04,0.27,0.77,0.13,1394.15,645.0999107641846,677.7232668548293,-0.5963741676124737,462.5494109597196,410.38492262998335,62.25848816683978,215.41084106743435,426.7992885985675,126.52241189152765,34.32699758681826,25.145875629891776
34797842,62.489000,164.666002,169.300233,1190.79,1022.49,1190.51,1021.56,-0.03,-0.01,0.02,0.26,0.12,0.0,1393.3,645.1147957468646,677.6867008287433,-0.6214452120194512,462.5834100285654,410.3995216481093,62.20904060418766,215.40745940612186,426.78295645797823,126.45381885223279,34.32931084510385,25.133537666513178
34797941,62.589000,165.959830,168.780501,1190.72,1022.61,1190.88,1021.38,-0.03,-0.01,0.55,0.28,0.13,0.03,1392.27,645.0930476362283,677.7300550737788,-0.5795722673059551,462.497968149324,410.4974921228134,62.29509011577809,215.38734958177287,426.96248809590287,126.37657178100332,34.34407475344835,25.123837341110516
34798041,62.688000,167.894796,168.905450,1187.2,1022.17,1190.99,1021.42,-0.03,-0.01,0.05,0.21,0.11,0.03,1391.16,645.1133747196429,677.7310437103218,-0.5909900656916879,461.90273555522634,410.96509795602805,62.49240595004345,214.28039308597351,425.30609849325583,125.6264719003223,34.48066483464184,24.353241907041024
34798141,62.789000,169.068825,168.772029,1186.84,1021.91,1190.69,1021.65,-0.02,-0.01,0.27,0.16,0.05,0.02,1390.27,645.1235943593031,677.721594801308,-0.5794010026282204,462.2610197790885,410.5690793270296,62.58853102615956,214.70307113251457,425.1553476947312,125.63675345807263,34.3911550056143,24.589694445501436
34798241,62.889000,169.056969,168.303893,1187.33,1021.67,1191.08,1021.36,-0.03,-0.01,0.72,0.12,0.03,0.04,1390.61,645.1198851154081,677.6914403188243,-0.6224850398034586,462.6504530531365,410.2733131827253,62.136738071942425,215.03893231547312,422.6863872249699,124.85531462165287,34.30718649006854,24.255533282225798
34798341,62.989000,167.820136,169.139202,1192.99,1021.97,1191.19,1021.34,-0.03,-0.01,0.24,0.17,0.05,0.04,1389.03,645.1178554531513,677.6946122908132,-0.6245926265786848,464.60306141641314,408.57580516813414,61.6779240312433,217.02019224671128,419.22941996069534,124.17731472322292,33.852225695528325,24.759494664830655
34798442,63.089000,166.321054,169.156992,1193.93,1022.39,1191.08,1021.39,-0.02,-0.01,0.4,0.24,0.03,0.03,1389.21,645.1232451419653,677.6859123341222,-0.5869118093094229,465.7953490368331,407.23488735505515,61.06658787111344,217.74938404445,413.8070886045661,123.076513324176,33.54715454202815,24.42343909543463
34798541,63.190000,165.206214,169.585599,1190.76,1022.78,1190.86,1021.47,-0.02,-0.01,0.14,0.31,0.01,0.02,1389.96,645.1423809838872,677.6303595986614,-0.4657212092299233,466.39627641458014,406.66051625951644,61.04693377699469,218.108555060733,413.3692984202732,122.94923557345572,33.410965048706096,24.725836328761304
34798642,63.290000,165.133166,169.816881,1189.77,1023.14,1190.85,1021.56,-0.02,-0.01,0.31,0.37,0.01,0.0,1388.36,645.1279136664716,677.7075839608352,-0.6116637303959396,463.7630012657544,409.173680605026,61.873705356009914,215.79406085024343,420.45484565177975,122.57607873496207,34.03466885992216,24.535495631533422
34798742,63.390000,166.309282,169.017709,1189.61,1022.62,1190.74,1021.57,-0.02,-0.01,0.33,0.28,0.04,0.0,1388.77,645.1320877965893,677.737344533885,-0.5926027568146723,459.98109071604557,413.1951319339831,63.23053560897452,212.6963171015654,431.78040748030065,124.56784311016747,34.987869741032455,24.32238047800203
34798841,63.490000,167.675793,165.086199,1190.41,1022.13,1190.89,1021.61,-0.02,-0.01,0.27,0.2,0.06,0.01,1389.71,645.0252204741249,677.6975840129973,-0.534112413512927,457.8197646658989,415.5088460884691,64.27321508247856,211.46765570958496,439.2963477177836,127.95273483340569,35.52722693835393,24.46086805345837
34798941,63.590000,167.199337,164.176838,1190.99,1021.73,1191.14,1021.47,-0.02,-0.02,0.37,0.13,0.01,0.02,1390.11,645.0640589035935,677.6782102351219,-0.5484268052072885,458.0018938979482,415.3143377337358,64.10590532149135,211.429684498989,437.95735141708997,127.72087891667391,35.48839496615796,24.270032618970873
34799041,63.690000,166.373974,165.558191,1190.32,1021.39,1191.16,1021.34,-0.02,-0.02,0.11,0.07,0.97,0.04,1389.64,645.1206058695833,677.7143660754834,-0.6485723842662554,460.6999348720088,412.60521883656173,63.3381537079563,213.79293326940916,430.8108519748402,125.3181937786148,34.82404005513073,24.56898010254845
34799141,63.789000,163.174327,165.691751,1190.04,1021.52,1185.76,1020.51,-0.02,-0.02,0.06,0.1,0.11,0.21,1389.82,645.1392991954614,677.7123019698823,-0.6266092516027686,463.56466399249905,409.7292130662943,62.14771293117209,216.18824180667502,422.0165607191146,124.05023256668026,34.11999816806377,24.603585267387984
34799242,63.888000,159.992817,166.306466,1189.58,1021.72,1186.19,1020.56,-0.02,-0.02,0.02,0.13,0.03,0.2,1389.37,645.1242668154065,677.6926042295136,-0.5902889764107596,465.2800688492603,408.09249002362765,61.522222446917,217.68895789113904,417.7648392576752,124.0742438785892,33.70636476402752,24.824439342703982
34799341,63.990000,160.372325,165.687644,1189.13,1021.98,1186.17,1020.44,-0.02,-0.02,0.09,0.17,0.03,0.23,1388.86,645.1174915139345,677.7091071638682,-0.6003250010486479,464.38083552984006,409.0428415772003,61.875520485879534,216.32737743844936,417.54804463670973,123.06947918747368,33.9294350571977,24.104905789714778
34799441,64.090000,162.569220,165.237112,1188.79,1022.17,1185.83,1020.74,-0.02,-0.02,1.0,0.21,0.4,0.17,1389.76,645.1229048939209,677.7170736527808,-0.5988281028253929,462.4370296024146,410.9165185163072,62.52236791092872,214.62934330224428,422.5372107015461,123.75865292877275,34.4005442486054,23.883772558428888
34799541,64.189000,165.335971,164.509024,1183.37,1021.62,1187.46,1020.79,-0.02,-0.02,0.09,0.11,0.07,0.16,1390.15,645.0358461672826,677.6633764541298,-0.6154513157977525,460.43561439091167,412.8474169945614,63.42374660407629,212.7560659491263,427.6257685158704,124.51946521387352,34.8799199605339,23.654791895323996
34799642,64.289000,167.122862,162.716103,1182.92,1020.98,1187.26,1020.89,-0.02,-0.02,0.83,0.0,0.12,0.14,1390.68,645.1124526100228,677.7105441267022,-0.6622160418688399,460.138676386754,413.24666270413627,63.39730182145658,212.74795722480897,430.2624962720347,125.6873591367581,34.97006724248965,23.99454170179959
34799742,64.390000,166.745998,163.137862,1189.68,1020.92,1187.71,1020.56,-0.02,-0.02,0.32,0.01,0.21,0.2,1389.21,645.0953149979808,677.7367912036138,-0.5872253227253525,460.86298632453963,412.56260906342305,63.196534915573665,213.47493005898363,427.0337487234557,124.41876050261838,34.79001466263334,23.767713000482658
34799843,64.490000,164.521135,163.305054,1191.11,1020.88,1187.65,1020.53,-0.02,-0.02,0.32,0.02,0.47,0.21,1388.07,645.1280132973884,677.691936188503,-0.6173068532826593,464.51726703214433,408.978725159287,61.867807792564484,213.47493005898363,427.0337487234557,124.41876050261838,34.79001466263334,23.767713000482658
34799944,64.591000,161.941702,163.609734,1189.71,1021.27,1185.15,1020.36,-0.02,-0.02,0.47,0.05,0.06,0.25,1388.84,645.1224573151729,677.6819885841315,-0.6481357945446089,468.08290099642545,405.4772429811008,60.62587618702972,219.85754022620938,406.6573297774745,120.74331228824227,33.03961939002883,24.193148712089936
34800043,64.692000,160.064765,164.143459,1185.79,1021.82,1185.08,1020.4,-0.02,-0.02,0.24,0.14,0.13,0.24,1388.49,645.1614895166322,677.6177760511578,-0.4601427433142182,468.82972231795816,404.70693304706634,60.47134029064343,220.27245471083555,405.4504879383485,120.4075263932396,32.867105471087584,24.437187908619137
34800143,64.791000,159.776495,162.360440,1184.5,1022.17,1184.94,1020.44,-0.02,-0.02,0.34,0.2,0.27,0.23,1389.54,645.1158920283775,677.6866380907414,-0.6074089806856535,465.15059958052206,408.3760088436055,61.3945631476596,220.27245471083555,405.4504879383485,120.4075263932396,32.867105471087584,24.437187908619137
34800244,64.891000,160.761686,162.146762,1184.43,1021.83,1185.16,1020.52,-0.02,-0.02,0.33,0.14,0.22,0.21,1390.25,645.0548914257462,677.6531740042907,-0.6004789223244894,460.1714501911315,413.28886686721575,63.33283231118586,212.60468236149146,428.8285540061313,122.42207819719967,34.9670560460494,23.657613506483145
34800343,64.992000,162.333011,161.474409,1185.27,1021.19,1185.32,1020.31,-0.02,-0.02,0.36,0.04,0.21,0.26,1391.05,645.0967921479985,677.7660815217223,-0.5835647309892522,458.00175296610695,415.63923153090826,64.3354043748869,211.07209599578658,436.0002684220875,126.45424699332602,35.517637742430104,23.67848903644159
34800444,65.091000,163.797900,160.568960,1185.55,1020.51,1185.36,1020.3,-0.02,-0.02,0.14,0.08,0.35,0.26,1391.04,645.123363425986,677.7336348515452,-0.5689446935100755,459.55439678968963,414.0239499417304,63.961277284437124,212.63804528872936,431.027974693856,124.1944992858905,35.13353692482579,23.67241045979209
34800543,65.191000,164.025873,161.074555,1185.75,1020.27,1185.64,1020.22,-0.02,-0.02,0.08,0.12,0.59,0.28,1390.51,645.1276137569004,677.7098837379459,-0.5857416860435878,464.0198630253702,409.5117530481321,62.053997653408786,212.63804528872936,431.027974693856,124.1944992858905,35.13353692482579,23.67241045979209
34800643,65.291000,163.406680,159.019146,1185.39,1020.56,1182.3,1019.77,-0.02,-0.02,0.14,0.07,0.08,0.37,1389.84,645.1350587113681,677.6531664953277,-0.6051196364586628,468.77982881162654,404.9393209969832,60.388394819564425,220.71284352911707,404.89449279118605,119.07394562467616,32.88944319087251,24.210759693227686
34800743,65.391000,161.529997,159.264274,1184.27,1021.14,1182.41,1022.49,-0.02,-0.02,0.27,0.02,0.25,0.18,1389.07,645.1054953458683,677.6568846116924,-0.6036705195708791,470.5816020756422,403.18111062381314,59.850186202520845,222.35272560076285,399.1735869933399,119.45221512102897,32.4500136773504,24.17504300969557
34800844,65.491000,159.798966,159.469861,1183.5,1021.67,1182.55,1022.68,-0.02,-0.02,0.4,0.12,0.28,0.22,1388.88,645.1500846066967,677.6039113646182,-0.479612659957771,468.90867241402293,404.8089142783325,60.2871570533653,220.32167516842568,403.346339099072,118.61102269295347,32.86480792879682,23.93328518308175
34800943,65.592000,158.698102,159.509146,1184.92,1021.81,1182.5,1022.79,-0.02,-0.02,0.16,0.14,0.27,0.24,1389.6,645.0836198449898,677.7347014968448,-0.6008590908359999,464.5208646553474,409.03498376358493,61.762447229000124,220.32167516842568,403.346339099072,118.61102269295347,32.86480792879682,23.93328518308175
34801044,65.691000,158.424899,160.244278,1185.64,1021.53,1182.74,1022.57,-0.02,-0.02,0.03,0.09,0.32,0.19,1390.33,645.0836198449898,677.7347014968448,-0.6008590908359999,461.0589489197789,412.4948717880239,63.28033528039845,213.09485284278614,424.2172993951652,122.61025342624286,34.75309937995248,23.200426735851565
34801144,65.791000,159.436729,159.042185,1186.35,1021.08,1182.56,1022.55,-0.02,-0.02,0.94,0.01,0.04,0.19,1390.92,645.1036715740088,677.7318979137983,-0.5970315318365796,460.20143506813486,413.2382552323602,63.633326528248936,212.5042821664694,427.0635774741159,124.16543578481833,34.95663066978339,23.2814122630282
34801243,65.891000,160.477809,157.735677,1181.41,1020.31,1182.83,1022.59,-0.02,-0.01,0.07,0.12,0.33,0.2,1391.36,645.1231752670176,677.7175799861781,-0.5812350936187562,461.88869575680866,411.67093757946475,62.944763841912795,213.80540702632592,421.0776152097128,122.44840685345493,34.55637604060862,23.058715647656058
34801344,65.991000,161.167975,156.607194,1180.56,1020.04,1182.69,1022.54,-0.02,-0.01,0.4,0.16,0.57,0.19,1389.41,645.1345912101857,677.6771425793859,-0.6270133331214268,465.2172724813157,408.3866014837658,61.83395646024876,216.70941443133742,412.6267261112195,120.63153653863652,33.74751871730081,23.482467568655608
34801443,66.092000,161.029229,155.651169,1182.42,1020.23,1179.7,1021.96,-0.02,-0.01,0.08,0.13,0.03,0.07,1390.0,645.1340464834184,677.6636858285516,-0.6126531095876403,467.36888054180633,406.2765313635504,60.91389269166365,218.95070469151838,405.45522122095275,119.63619335093283,33.22577087494818,23.35902994750539
34801544,66.192000,159.791965,157.009981,1182.41,1020.53,1179.91,1021.89,-0.02,-0.01,0.18,0.08,0.43,0.06,1389.49,645.1528035922383,677.6070226488756,-0.46202127731392617,469.04814914041987,404.83428305128865,60.329353787193796,220.77133466907065,402.12818700071557,119.51409149392921,32.8466684613731,23.682191784758245
34801644,66.292000,158.235818,157.227953,1181.91,1020.68,1178.36,1021.82,-0.02,-0.01,0.26,0.06,0.12,0.05,1389.62,645.1352785242725,677.6672445917097,-0.6408814316430411,469.2006128527787,404.7041687117064,60.42363836822671,220.44857683355391,400.47115952012325,118.56770629146595,32.80325780803386,23.418577169125115
34801743,66.393000,156.815359,156.235059,1181.6,1020.86,1178.19,1021.94,-0.02,-0.01,0.32,0.03,0.09,0.07,1390.21,645.1408722132131,677.6715962857277,-0.590267419955856,467.5881873235582,406.04114863084294,60.59752740788731,218.78022857523314,402.43530203628916,118.46841507516196,33.170851203814344,22.82799726718912
34801845,66.491000,156.021885,156.162520,1181.66,1020.82,1178.54,1021.78,-0.02,-0.01,0.41,0.04,0.04,0.04,1391.12,645.1255362180401,677.6727753483326,-0.6063060138887003,465.94983825105754,407.7431982463694,61.31397086382293,217.27739828834487,408.4273056793275,119.3286872995821,33.57568310214054,23.006256288046416
34801944,66.595000,156.185651,154.963970,1180.45,1020.44,1178.37,1021.86,-0.02,-0.01,0.21,0.1,0.0,0.05,1391.44,645.1249168289943,677.6885968884633,-0.6048017114276073,464.1727498243393,409.35857077052543,62.152427078098626,215.37592728529077,411.60431979567704,120.3184111746915,33.99431701262289,22.528528715264272
34802044,66.692000,156.748555,155.193148,1180.35,1020.08,1178.78,1021.59,-0.02,-0.01,0.3,0.16,0.34,0.0,1391.99,645.1352432131143,677.6754780575201,-0.619855830997374,464.38338092211103,409.25497598049833,62.13397736576017,215.60720146444564,411.8174912524561,120.65525553398929,33.95312475168984,22.68390393531297
34802148,66.792000,157.577456,154.498074,1180.94,1019.91,1178.59,1021.66,-0.02,-0.01,0.4,0.19,0.3,0.01,1391.23,645.131958785194,677.6873903538426,-0.6349560556701787,467.6750916209802,405.99018613542313,60.644789874239905,218.82789035318092,401.4743483142697,117.9966596306403,33.150241854061164,22.6598821296964
34802245,66.895000,158.186789,153.110544,1179.25,1019.82,1178.65,1021.74,-0.02,-0.01,0.12,0.21,0.41,0.03,1391.44,645.131958785194,677.6873903538426,-0.6349560556701787,467.6750916209802,405.99018613542313,60.644789874239905,218.82789035318092,401.4743483142697,117.9966596306403,33.150241854061164,22.6598821296964
34802345,66.991000,157.900893,153.678830,1178.69,1019.92,1177.58,1021.48,-0.02,-0.01,0.22,0.19,0.2,0.02,1390.64,645.1361769944266,677.6420822535334,-0.6003305464957264,469.71138133317265,404.03944187530084,60.1193529786319,221.03129642145575,397.093640660919,117.48591706899889,32.66662482882277,23.06685682322528
34802444,67.093000,157.270897,153.627448,1178.53,1020.22,1177.44,1021.75,-0.02,-0.01,0.22,0.19,0.2,0.02,1390.04,645.1977737559143,677.6068549353521,-0.46682618844666834,469.9014951685755,403.9971795795045,59.89672097334479,220.99120153992996,395.3246198174274,117.26164317409663,32.646879104691145,22.710743186401814
34802544,67.191000,156.427120,153.881476,1178.32,1020.23,1177.69,1021.53,-0.02,-0.01,0.25,0.14,0.17,0.03,1390.35,645.1907549873005,677.5966806643005,-0.4354280837223358,469.235446012258,404.6989046131639,60.324856854242135,220.38264052411327,398.3179082185681,117.5821278863305,32.81256191664757,22.906039736109676
34802644,67.291000,155.955356,154.179317,1178.34,1020.26,1177.46,1021.63,-0.02,-0.01,0.28,0.14,0.22,0.01,1389.75,645.1447994726509,677.6783454154781,-0.6226305218111866,467.6321289366853,406.0911596541576,60.674725452271005,218.83272715819533,401.2956287411983,118.01891974633558,33.169116453872846,22.55754553341218
34802744,67.391000,156.066571,153.754361,1178.34,1020.26,1177.46,1021.63,-0.02,-0.01,0.28,0.14,0.17,0.01,1390.1,645.1411762860888,677.6652328240982,-0.6138175130966499,466.9603400385278,406.7020264342603,61.12601998180276,218.02590605639136,403.46806811467656,118.75888576706333,33.328245463588694,22.599209712873986
34802845,67.491000,156.587385,153.843897,1178.73,1020.02,1177.71,1021.56,-0.02,-0.01,0.21,0.18,0.22,0.01,1389.6,645.1505698215059,677.6253738913654,-0.4966402600520657,467.22538352325955,406.55956697671877,61.00004714990675,218.5405354123751,403.2098879454851,118.56038756340601,33.2805389073297,22.667219095508614
34802944,67.592000,157.244474,153.473951,1179.02,1019.96,1177.73,1021.55,-0.02,-0.01,0.17,0.19,0.23,0.01,1390.49,645.1346071570795,677.6670021966022,-0.599964227080039,468.0488133966671,405.676457198538,60.61348230714832,219.12475074789728,399.8341632324307,117.89449510600609,33.06707876253687,22.521346727506526
34803045,67.692000,157.600106,153.327931,1179.14,1019.87,1177.64,1021.54,-0.02,-0.02,0.15,0.21,0.21,0.01,1391.2,645.1601763379667,677.589892657913,-0.4739663256036975,469.40983483573274,404.45600489427676,60.21485222123784,220.59954565320263,397.22741816231496,117.59108438744744,32.75960240959439,22.81667170194828
34803145,67.792000,157.444938,153.646523,1178.92,1019.98,1177.79,1021.49,-0.02,-0.01,0.13,0.19,0.45,0.02,1391.84,645.1976755053497,677.5925754300605,-0.45354123921349265,469.7202537719832,403.9949279818135,59.97784227659395,220.99528758905225,395.18924450748574,117.08012960347442,32.67490923076802,22.622568974909143
34803245,67.893000,156.923996,153.673694,1178.5,1020.07,1175.94,1021.38,-0.02,-0.01,0.2,0.18,0.08,0.04,1392.26,645.1375171346539,677.654307974461,-0.608485767088078,469.50075862865395,404.3442354784724,60.10343758050586,220.6339035388553,396.41840433960533,117.1965345925542,32.725943426158274,22.723992239316928
34803345,67.993000,156.295575,153.772374,1178.46,1020.24,1176.01,1021.2,-0.02,-0.01,0.21,0.15,0.09,0.08,1392.71,645.1574360431252,677.6054484191757,-0.48927593934526953,468.4499131264301,405.25718369602754,60.602914535893404,219.63778925867476,399.1764232519069,117.6341372747168,32.97668697232702,22.646643749609026
34803445,68.093000,156.024424,153.934446,1178.45,1020.27,1176.14,1021.09,-0.02,-0.01,0.21,0.14,0.12,0.1,1392.92,645.1581322637601,677.6134884548738,-0.46574348666672294,467.17300727174995,406.55066171778157,60.92212831788402,218.1861306884264,400.82612512487833,117.57060424341925,33.28968146774137,22.103563582446043
34803546,68.194000,156.176461,151.613372,1178.64,1020.04,1176.08,1021.34,-0.02,-0.01,0.18,0.18,0.1,0.05,1393.35,645.1549503016158,677.6133173285521,-0.47208664876782,467.31432197228946,406.5435581847473,60.89527982213605,218.29974648147044,402.153131857351,118.17583063646363,33.26766264067854,22.45458590221166
34803646,68.294000,155.777401,147.476688,1178.86,1019.97,1176.2,1021.12,-0.02,-0.01,0.14,0.2,0.13,0.1,1393.53,645.1329516533979,677.6511431840764,-0.5891265460689967,467.69597946623105,405.99774660901056,60.62115417075859,218.6972347538134,399.7926161769423,117.41053208014593,33.15153069499742,22.26940444328082
34803746,68.394000,155.312973,145.655104,1179.02,1019.9,1176.22,1021.16,-0.02,-0.01,0.07,0.21,0.51,0.09,1393.45,645.1381645958344,677.6461192450085,-0.6131433764943932,468.98960908479376,404.79119767696045,60.308753589839,219.85553703115463,397.0690463733618,117.26310878659324,32.8453113672233,22.534007630654244
34803846,68.494000,151.242450,146.712721,1178.92,1019.93,1173.52,1020.68,-0.02,-0.01,0.05,0.21,0.03,0.19,1392.3,645.1279986361807,677.6082550405738,-0.4624484750826522,469.6462918690501,404.14447744324247,60.16370428439057,220.69471313306386,394.91525159508865,116.80846998987947,32.68828946628259,22.500302830978697
34803946,68.595000,146.842594,145.686395,1178.78,1019.99,1173.62,1020.7,-0.02,-0.01,0.03,0.2,0.02,0.18,1392.65,645.1314886703439,677.6665386775347,-0.6320003452595567,469.5353670418604,404.29106851858444,60.05713289995642,220.5156866434555,394.35239143377123,116.46006051421337,32.7136802747006,22.28710851659804
34804047,68.695000,145.943043,144.045368,1178.62,1020.16,1173.87,1020.84,-0.01,-0.01,0.0,0.17,0.03,0.15,1392.57,645.1543758468501,677.6120425531562,-0.4968775941771196,468.815056584167,404.96336137008007,60.32164641839522,219.47788292593924,395.3448164781013,116.1034162120598,32.893329623642195,22.004167967812663
34804147,68.795000,147.130553,144.093202,1178.41,1020.22,1173.76,1020.82,-0.02,-0.01,1.0,0.16,1.0,0.16,1392.81,645.1575075634169,677.6011058384884,-0.46088229549103105,468.08223283814,405.6643816445512,60.696926833147096,218.8652453115768,397.7216799210569,116.5541272984338,33.07070719345835,22.03315106541514
34804247,68.895000,149.720085,141.340274,1172.22,1019.53,1167.94,1019.79,-0.02,-0.01,0.51,0.28,0.04,0.37,1393.01,645.155162640983,677.6088352156212,-0.4706790779429662,467.57750823165685,406.1280169830191,60.679420167814946,218.33358506382578,398.82143970388483,116.96964919205786,33.1890022159632,21.942852596186043
34804348,68.995000,151.231077,140.740687,1168.54,1018.84,1168.54,1023.9,-0.02,-0.01,0.12,0.4,0.16,0.46,1391.42,645.1620639063622,677.6150388635651,-0.4574567227720881,467.83303066695277,405.9029526849808,60.641531997620405,218.5084237305351,397.9555874506142,116.75076283973004,33.129904855030475,21.914472540885882
34804447,69.096000,151.439718,142.080660,1169.18,1023.46,1169.02,1022.46,-0.02,-0.01,0.01,0.39,0.25,0.17,1391.58,645.1672369135604,677.5925713363731,-0.49137965875211387,468.6741380836462,405.1629542122544,60.16327657079032,219.4202603424702,390.9220690524599,114.09550516439853,32.9371207756617,20.85577311832266
34804547,69.196000,149.582455,141.504580,1170.55,1023.6,1168.84,1022.53,-0.02,-0.01,0.23,0.41,0.22,0.18,1391.74,645.1284037260857,677.6270752071904,-0.6075560905938061,473.258035653511,401.1601151213661,58.762981609996345,219.4202603424702,390.9220690524599,114.09550516439853,32.9371207756617,20.85577311832266
34804647,69.297000,146.489203,142.357185,1170.9,1021.62,1169.26,1022.49,-0.02,-0.0,0.29,0.08,0.3,0.18,1392.19,645.1853810706226,677.5243574313291,-0.5146911943590935,478.3346199165628,396.7664463651107,56.928670852076266,229.73921602929425,366.04055285641874,109.0825739507876,30.72246304802984,21.509164289063825
34804748,69.396000,145.011494,142.231078,1170.36,1021.59,1169.02,1022.46,-0.02,-0.0,0.2,0.07,0.25,0.17,1392.66,645.175876466316,677.494889136177,-0.5156980215887051,481.7207438032179,393.7553360076542,55.830138284327845,234.06460804794528,357.1640490135259,108.59954672010797,29.945149310462618,21.70503488515547
34804848,69.496000,144.790072,140.437646,1169.39,1022.15,1168.85,1022.64,-0.02,-0.0,0.09,0.17,0.89,0.2,1393.08,645.1841617984619,677.5094672729446,-0.5265131135083531,481.4465398054143,393.99788948961947,55.86476094439386,233.64320135944664,358.4422614431611,108.55147266131219,30.007901658073745,21.81894165582613
34804948,69.598000,145.509259,140.094275,1168.41,1022.72,1163.51,1021.74,-0.02,-0.0,0.08,0.27,0.18,0.02,1390.94,645.1739496371212,677.5502408886564,-0.4826694163897001,477.2311647056046,397.63995362405694,57.061190816123926,233.64320135944664,358.4422614431611,108.55147266131219,30.007901658073745,21.81894165582613
34805049,69.696000,146.661382,139.415072,1168.25,1022.89,1163.74,1021.73,-0.02,-0.0,0.1,0.3,0.13,0.02,1391.37,645.141128824079,677.5778833818702,-0.4765026582260706,472.4992616122016,401.89594009782866,58.794872755866656,223.52605807410873,381.9451058194458,111.21761286273592,32.05626645608347,21.306004999256373
34805149,69.797000,147.415495,139.057969,1168.88,1022.39,1164.22,1021.56,-0.02,-0.0,0.17,0.21,0.41,0.01,1390.13,645.1765134846265,677.6094593384588,-0.44986292147295315,468.7989513143744,405.07061366560094,60.011590284295046,219.23486040969505,386.555271104682,112.85687002525532,32.90952490479152,19.937907922042214
34805249,69.897000,147.608215,139.125394,1169.95,1021.82,1162.75,1021.37,-0.02,-0.0,0.16,0.11,0.26,0.05,1390.65,645.1554481698441,677.5705655449897,-0.48445581657902564,470.5672956986569,403.62591404279794,59.85176726763318,221.12769516090862,384.91359028156734,112.558892664119,32.50984189150317,20.69016844221437
34805348,69.997000,147.157731,136.504984,1170.7,1021.39,1163.25,1021.27,-0.02,-0.0,0.16,0.04,0.43,0.07,1391.32,645.1591319581092,677.5504524067475,-0.47480609736944723,474.281785447779,400.1808067481994,58.2789118049803,221.12769516090862,384.91359028156734,112.558892664119,32.50984189150317,20.69016844221437
34805448,70.097000,145.764498,136.059324,1170.79,1021.47,1161.48,1020.86,-0.02,-0.0,0.17,0.05,0.08,0.15,1391.92,645.21016136908,677.5040445367783,-0.5229327719310342,478.9832852831151,396.1085589383243,56.890252467098435,221.12769516090862,384.91359028156734,112.558892664119,32.50984189150317,20.69016844221437
34805549,70.196000,144.103808,137.567545,1170.06,1021.87,1161.36,1021.16,-0.02,-0.01,0.09,0.12,0.56,0.09,1392.31,645.1766196542064,677.4886413107954,-0.5221268415936832,481.6175426237566,394.0207759893601,56.04880163158199,233.61940785270667,353.7920899172433,106.7614614160593,29.984660733618533,20.81677679377242
34805649,70.298000,143.520868,136.803520,1169.02,1022.4,1158.67,1020.52,-0.02,-0.01,0.08,0.21,0.02,0.22,1391.52,645.1854542461997,677.5044085773611,-0.4946913773023592,479.62390941517134,395.47836116130384,56.287162624553964,231.5475885528989,355.2732863800723,105.75000440924744,30.4147856651751,19.964694709367187
34805749,70.400000,143.472313,136.931373,1168.42,1022.67,1158.35,1020.81,-0.02,-0.01,0.34,0.26,0.25,0.16,1390.64,645.1599338438281,677.5440598087146,-0.4936987938754641,476.3583821010393,398.49668850691467,57.47021992235974,227.4707921740801,366.85237446903704,107.39980673860451,31.17061505907233,20.412889915944838
34805849,70.497000,144.385072,136.692968,1168.1,1022.66,1158.79,1020.51,-0.02,-0.0,0.28,0.26,0.16,0.22,1391.25,645.1405982236441,677.5717660929524,-0.48830226510844943,471.4007295956196,402.70366953959234,59.19930683702179,221.97272539667796,375.1192481694619,108.89833884841943,32.2963467818629,19.096569244938976
34805949,70.596000,145.565316,135.592515,1168.81,1022.13,1158.71,1020.61,-0.02,-0.0,0.4,0.17,0.18,0.2,1391.25,645.1449825142794,677.6331177663702,-0.6369886783873814,470.43402044264366,403.74117679916543,59.79738182604074,220.61667060278995,380.6472631022671,110.65739204669612,32.53310342693906,19.652199211175628
34806049,70.698000,146.262537,136.147899,1168.15,1021.53,1158.91,1020.47,-0.02,-0.0,0.29,0.06,0.14,0.23,1391.55,645.1453540559531,677.5702132883432,-0.4951789198402316,471.8661670030942,402.3051619072465,59.19939130399078,222.27394386628606,375.47717960299065,109.41875006052796,32.190390641533924,19.484207413049305
34806149,70.797000,146.307801,135.564534,1168.44,1021.17,1159.15,1020.37,-0.02,-0.01,0.34,0.0,0.09,0.25,1392.23,645.1820560002853,677.5235067271678,-0.546554170829192,475.77548136049523,398.7939622253076,57.87778299605983,222.27394386628606,375.47717960299065,109.41875006052796,32.190390641533924,19.484207413049305
34806249,70.897000,145.395847,132.076270,1168.17,1021.23,1158.96,1020.52,-0.02,-0.01,0.3,0.01,0.13,0.22,1392.82,645.1852927105685,677.5053163714267,-0.5088346555343779,480.0503777153464,395.24749447663396,56.57852453725424,231.69103358729834,355.2496244928265,105.64832685506944,30.32976484609235,20.19163459688908
34806350,70.997000,144.862233,130.058048,1167.42,1021.43,1159.09,1020.45,-0.02,-0.01,0.2,0.05,0.3,0.24,1392.98,645.1644450999938,677.491222971018,-0.5662228055753504,481.42690271790065,394.03027183963235,55.892512561991815,233.83652691121344,349.41788609247544,104.87444610830863,30.01232117614672,19.7610468384388
34806450,71.098000,140.861914,131.883752,1166.63,1021.85,1158.85,1020.59,-0.02,-0.01,0.18,0.12,0.95,0.21,1391.83,645.1868745141131,677.5105502299193,-0.5452665093557757,477.1982703172214,397.6299392003804,57.093615911755485,228.78016484799562,361.0201185474352,106.11338044182432,30.166497571254588,20.140548696816026
34806549,71.199000,136.588145,133.377453,1166.13,1022.15,1153.61,1019.7,-0.02,-0.01,0.18,0.17,0.3,0.39,1392.04,645.1868745141131,677.5105502299193,-0.5452665093557757,477.1982703172214,397.6299392003804,57.093615911755485,228.78016484799562,361.0201185474352,106.11338044182432,30.97282298021221,19.670916684525857
34806649,71.298000,136.131316,132.676993,1166.22,1022.11,1154.23,1025.1,-0.02,-0.01,0.16,0.16,0.43,0.69,1392.26,645.1468220395294,677.5449934540273,-0.4888193035109839,474.04066595808365,400.4423316360494,58.25946832679714,224.87626183800694,369.6423952009224,108.02309921738997,31.694620982002995,19.56400686132953
34806750,71.398000,137.273534,131.300616,1166.93,1021.63,1152.8,1022.71,-0.02,-0.01,0.04,0.08,0.14,0.21,1392.34,645.1397725324389,677.5626670064737,-0.4541388815997288,472.2167847538639,402.02934938530217,58.889817491664346,222.64283038542823,371.0830454447659,108.21678559429174,32.11212489639994,18.70735098173779
34806849,71.498000,138.864116,130.630734,1167.77,1021.3,1152.91,1022.61,-0.02,-0.01,1.0,0.02,0.36,0.19,1392.6,645.166222151338,677.5539659962275,-0.4624861778332493,473.75863175008055,400.6854154903942,58.53772366384084,224.43849726237784,366.17975905422435,107.33512163665735,31.761391064340692,18.597594564309674
34806950,71.598000,139.977254,130.775850,1162.74,1020.52,1153.58,1022.57,-0.02,-0.01,0.54,0.11,0.05,0.19,1391.56,645.1677980747654,677.5160534068552,-0.5006502871184213,477.1398781428287,397.79346030696803,57.35742742552818,228.49797883813824,355.696552283728,104.31849174458644,30.993020891176023,18.4044869664763
34807049,71.698000,140.129358,130.574531,1158.55,1019.92,1153.24,1022.7,-0.02,-0.01,0.17,0.21,0.02,0.21,1390.29,645.1707640140945,677.4832099866173,-0.5228014486750729,480.8628354591555,394.64385303549284,56.15242960961016,232.93509524115294,347.318882218494,102.94136184160153,30.15329546603999,18.886669524499034
34807149,71.798000,139.134815,131.248758,1157.88,1019.92,1153.28,1022.8,-0.02,-0.01,0.29,0.21,0.01,0.23,1388.32,645.1907287851401,677.4752977063262,-0.4990693698694071,482.07960922932665,393.6330419987448,55.63655996690812,234.79543217902915,343.51543107311056,102.98693891400819,29.8840059411175,18.774918324748498
34807249,71.897000,137.695061,131.755126,1158.16,1019.91,1153.39,1022.71,-0.02,-0.01,0.73,0.22,0.16,0.21,1389.18,645.196602964956,677.4834331920302,-0.5237720491214358,482.24765577270347,393.5133108053409,55.446936922880134,235.3871779101204,343.41683888414303,102.68988057602829,29.84644024939929,18.83561884613882
34807349,71.997000,136.678992,127.925702,1164.09,1020.66,1153.49,1022.63,-0.02,-0.0,0.28,0.09,0.18,0.2,1389.02,645.196602964956,677.4834331920302,-0.5237720491214358,482.5437455199573,393.28260117336276,55.34248497396502,235.58116019707802,343.3903944325601,102.61447202733406,29.783223073317373,19.012194746584115
34807449,72.098000,135.483424,125.393275,1165.29,1020.86,1153.56,1022.65,-0.02,-0.0,1.0,0.06,0.72,0.2,1389.27,645.2087331632539,677.4526671039981,-0.529683317744741,482.5087009290889,393.2882627586079,55.232597706155936,235.6449061707,342.36974060158326,102.28423282796318,29.793553397042466,18.75841491640263
34807549,72.197000,134.117548,125.526595,1158.61,1020.51,1149.43,1022.01,-0.02,-0.0,0.06,0.12,0.1,0.08,1390.26,645.1711561692237,677.466264084526,-0.5310173932120912,482.50313268624694,393.29591321922067,55.39269980759348,235.38005002261306,343.0480459037382,102.75990033675042,29.788175700088605,18.93030380302853
34807649,72.298000,133.780156,122.640805,1157.0,1020.57,1149.35,1022.09,-0.02,-0.0,0.33,0.11,0.12,0.09,1388.66,645.1907422019578,677.5074541218256,-0.4854487569946133,480.6335158742145,394.79312579891547,56.17417437726216,232.7572963240513,347.4506603258789,102.99188634211298,30.20205241669539,18.783060806001764
34807749,72.398000,134.027120,122.338414,1158.11,1020.16,1149.79,1021.97,-0.02,-0.0,0.35,0.18,1.0,0.07,1389.44,645.1664661971929,677.5115912465727,-0.44549440978299804,477.4946690157151,397.37603344054,56.79884716285915,229.55200219406908,352.88339795841796,103.74829387133101,30.902126954327183,18.0224503621211
34807850,72.497000,134.747834,122.500763,1158.43,1019.63,1144.78,1021.04,-0.02,-0.0,0.36,0.27,0.08,0.12,1389.54,645.1826066023073,677.5153123217949,-0.5162211460366373,477.89870725244396,397.1702603047963,56.975800632429284,229.75470254124573,353.21400215857386,103.71616668182342,30.824830034643778,18.3051617566422
34807949,72.597000,135.336236,121.300518,1158.28,1019.31,1145.48,1020.83,-0.02,-0.0,0.22,0.32,0.19,0.16,1389.27,645.1862394221911,677.4905210195678,-0.49897477033031773,480.49285106305877,394.9073521240506,56.03963243198182,233.07277495252873,344.53739406683684,101.43314564356307,30.23422522212485,18.024484054586566
34808049,72.697000,134.721420,122.881006,1158.31,1020.55,1145.73,1020.68,-0.02,-0.0,0.12,0.12,0.48,0.19,1390.06,645.1528399577815,677.433663921574,-0.5647417823845419,484.61679994706077,391.6228822514618,54.86022900889351,233.07277495252873,344.53739406683684,101.43314564356307,30.23422522212485,18.024484054586566
34808149,72.797000,133.872995,120.433184,1158.05,1021.1,1143.15,1020.66,-0.02,0.0,0.18,0.02,0.35,0.19,1390.86,645.1641088336996,677.4476669709761,-0.6362834571499661,487.1850996977207,389.6270600529739,53.947008698031134,242.100826451509,325.0536458257957,98.02406131473877,28.761507935708632,17.716466557537082
34808250,72.897000,132.621498,119.098055,1157.42,1021.39,1143.55,1020.55,-0.02,0.0,0.22,0.03,0.22,0.22,1390.26,645.117972555202,677.4633106620734,-0.6169854563421646,485.9642552626281,390.6093465216713,54.281130051077604,240.58652609543617,328.83583888227383,98.2237872993752,29.02260344491929,17.824292759796805
34808350,72.997000,131.567612,120.454762,1156.97,1021.62,1143.46,1020.69,-0.02,0.0,0.15,0.07,0.2,0.19,1390.28,645.117972555202,677.4633106620734,-0.6169854563421646,485.9642552626281,390.6093465216713,54.281130051077604,240.58652609543617,328.83583888227383,98.2237872993752,29.02260344491929,17.824292759796805
34808450,73.098000,131.683483,117.616742,1156.92,1021.52,1143.42,1020.75,-0.02,0.0,0.53,0.05,0.19,0.18,1390.93,645.1834233803648,677.466505559356,-0.5108989390609084,482.2280350352524,393.49346314238505,55.34646750541405,235.88711136084828,334.6920432342156,98.84569142594314,29.84897319797298,16.876803832685837
34808549,73.199000,131.499882,117.942220,1154.13,1021.1,1143.8,1020.58,-0.02,0.0,0.05,0.02,0.27,0.21,1391.8,645.1854344433646,677.4648162892457,-0.5015912947622682,480.30807336350676,395.07298108159523,56.18767802016169,233.24020991364185,341.5931439662198,100.46782771074142,30.278956282821937,17.228380113594753
34808649,73.297000,130.972711,118.491636,1154.21,1020.4,1143.54,1020.68,-0.02,-0.0,0.07,0.14,0.22,0.19,1391.09,645.1771351679797,677.4845464087032,-0.46484183903410997,480.24937570801967,395.14916842300585,56.273728225549995,232.92630665255223,342.0634205529366,100.77936999050124,30.29157086880831,17.30262287156163
34808749,73.397000,130.419215,117.555075,1155.07,1020.15,1143.89,1020.34,-0.02,-0.0,0.22,0.19,0.28,0.26,1391.52,645.127361185751,677.4104506403439,-0.5635176954527059,481.9474510666294,393.7280602870863,55.51781372813543,235.35188780030157,336.2951760002475,99.4604321957018,29.913251235165465,17.0628523131927
34808849,73.498000,129.669424,119.061980,1155.4,1020.03,1143.96,1020.41,-0.02,-0.0,0.47,0.21,0.88,0.25,1392.14,645.127361185751,677.4104506403439,-0.5635176954527059,486.1211488628553,390.50488984685774,54.27323054640856,240.98019523651095,328.4229736083847,98.19204514311537,28.995701498697827,17.79723696758225
34808950,73.597000,129.668987,116.235137,1152.54,1019.96,1138.93,1019.84,-0.02,-0.0,0.02,0.22,0.13,0.36,1392.57,645.1383777522634,677.4342294906917,-0.5866094424422243,489.20421246780086,388.0193987010742,53.14061626549042,245.11053757133377,318.66078698694815,96.65129716195747,28.315396649922693,17.506839285111404
34809049,73.698000,129.524505,114.289625,1151.43,1020.31,1139.48,1022.16,-0.01,-0.01,0.08,0.16,0.25,0.1,1390.47,645.1160516429712,677.4033158635766,-0.5920148654433022,490.5349237594704,387.0461633587874,52.69771912426933,247.04502724678605,316.11480171364246,96.18010085006827,28.030065350162282,17.69843036254916
34809149,73.797000,128.803477,115.364597,1151.27,1020.44,1139.51,1022.29,-0.02,-0.01,0.08,0.14,0.64,0.13,1390.15,645.1119184144362,677.4047922171184,-0.5464186705150833,488.7077257194909,388.5191301879652,53.297981867381885,244.90992658444816,318.9615682664589,95.94196486779367,28.431343716323887,17.213418955524006
34809249,73.897000,128.358652,113.634963,1151.34,1020.46,1136.0,1021.71,-0.01,-0.01,0.07,0.14,0.06,0.01,1390.91,645.1152111126727,677.4767512916451,-0.5906041629249609,485.60425348352,390.86505416541155,54.22569503602385,240.91407052433124,323.7923861860673,96.32069447660068,29.097700423086465,16.47562688976504
34809349,73.997000,127.742473,114.198355,1151.67,1020.18,1136.51,1021.38,-0.01,-0.01,0.19,0.19,0.18,0.06,1390.43,645.1319771668009,677.4708592556847,-0.6192672989524469,484.20720048638856,391.98964666623465,54.639456851773275,238.97881341399798,328.3119559045229,97.3330360570009,29.409806336906488,16.624050274873248
34809449,74.097000,127.348222,114.376851,1152.41,1019.99,1136.72,1021.4,-0.01,-0.01,0.42,0.22,0.11,0.05,1389.05,645.1525450401,677.453578124411,-0.5500284624504489,484.42860879232455,391.8433245445905,54.70822506511515,239.12099562008882,326.88051190135707,96.63087845551912,29.368140755861777,16.431030044433548
34809549,74.197000,127.483730,113.391174,1150.83,1019.62,1136.63,1021.52,-0.01,-0.01,0.22,0.28,0.05,0.03,1389.74,645.1130412241844,677.4206729439965,-0.5343081542586113,486.05808395884884,390.4692603592993,54.15496157682007,241.69550789739006,320.55833134492406,95.3942359080813,28.99926561208244,16.035904009030858
34809649,74.297000,127.680966,114.478332,1150.61,1019.61,1136.76,1021.33,-0.01,-0.01,0.16,0.29,0.27,0.06,1390.72,645.1165088340239,677.3848539725001,-0.5483260229896944,488.9520952968305,388.31020470442667,53.27459038375845,245.77213384057828,314.7129789364494,94.50371514110205,28.378882377059128,16.404052487241714
34809749,74.397000,128.246629,111.933310,1150.34,1019.94,1136.7,1021.62,-0.01,-0.01,0.08,0.23,0.05,0.01,1391.61,645.1368069517131,677.4606445411458,-0.6219756181416409,490.6859693663977,387.0190194378531,52.769279171766485,247.89548116288725,310.5290787514278,93.83051336487365,28.003119759614847,16.506985184575214
34809849,74.497000,127.885950,110.063186,1150.0,1020.19,1136.78,1021.53,-0.01,-0.01,0.08,0.19,0.57,0.03,1392.12,645.1215196267748,677.3915423083153,-0.6003395374944683,490.5113208677719,387.03644879406437,52.62238915194668,248.32314155368022,309.8346649302143,93.46267895277096,28.034703391492215,16.249988427171573
34809949,74.597000,125.870617,111.453586,1149.84,1020.27,1134.11,1020.89,-0.01,-0.01,0.04,0.18,0.41,0.15,1391.42,645.1876500939264,677.4032987506564,-0.5170586355504069,489.70500985788675,387.74863026385304,52.98666771482152,246.68659813495952,313.3110990728038,94.12777607691913,28.226291356625268,16.517377094901804
34810050,74.698000,123.485332,111.391867,1149.8,1020.22,1132.78,1020.68,-0.01,-0.02,0.29,0.19,0.13,0.2,1391.82,645.1351799953143,677.4198134140787,-0.5718558232008176,487.7141371632447,389.280928038269,53.565260217147205,244.11035682948506,316.81422551490374,94.64025958025847,28.649429176498217,16.134571605540785
34810149,74.798000,121.674024,111.055779,1150.03,1020.05,1133.19,1020.57,-0.01,-0.02,0.74,0.22,0.04,0.22,1390.9,645.1179922103887,677.4659969036746,-0.5968237847333809,486.4244972391628,390.27202368657163,53.90846337816972,242.4389707842867,319.66529065505966,95.00537840280195,28.931479792183264,15.997177446803384
34810249,74.897000,120.907887,109.921979,1146.35,1019.25,1133.01,1020.72,-0.01,-0.02,0.43,0.35,0.01,0.19,1391.55,645.1179922103887,677.4659969036746,-0.5968237847333809,486.38907326597945,390.298491001589,54.00417224118042,242.2070235566915,318.5127875763112,94.68185539449958,28.931176981376954,15.755134757672558
34810349,74.996000,121.097543,108.555314,1144.03,1021.45,1133.19,1020.8,-0.01,-0.02,0.16,0.02,0.26,0.17,1391.83,645.1393472984339,677.4077748671613,-0.570048770529521,487.49770509815863,389.4458820049992,53.541948156431495,244.28367041273125,314.5001442327329,93.73367672728673,28.698026839910764,15.477408111265852
34810450,75.096000,121.876385,108.358490,1144.11,1021.8,1133.2,1020.72,-0.01,-0.02,0.14,0.08,0.53,0.19,1391.84,645.1398689491768,677.4070393367169,-0.4678527252440493,489.8537900552756,387.70648205209415,52.9795612526217,247.32394943186563,304.8648746256606,92.38658981649455,28.1923193226026,15.988651831798464
34810550,75.199000,122.828216,108.307277,1144.42,1021.71,1130.76,1020.22,-0.01,-0.02,0.06,0.06,0.09,0.29,1392.24,645.1045673104846,677.3934674446696,-0.4678527252440493,491.9168281069095,386.16896754609144,52.107725039868235,250.55305167466778,304.8648746256606,92.38658981649455,27.744932994128728,15.89388549905079
34810650,75.298000,123.646301,107.506070,1144.45,1021.67,1130.71,1019.95,-0.01,-0.02,0.07,0.06,0.07,0.34,1392.65,645.1833744956039,677.3484951631143,-0.522336790030248,494.40956779441814,384.3328797537436,51.374430822932155,254.32271681920102,299.4750594410968,90.98272257335785,27.2284907612687,16.077249738799104
34810750,75.398000,123.763142,108.030526,1144.11,1021.84,1130.91,1022.36,-0.01,-0.01,0.29,0.08,0.29,0.14,1393.08,645.1514685711807,677.3621173894396,-0.6288778115274578,496.03207592698595,383.1619132394768,50.900127576563094,256.63263303291154,295.0584803923904,90.4626526241675,26.878793725258763,16.03786194830638
34810851,75.498000,123.199770,108.450358,1143.81,1021.86,1131.0,1022.37,-0.01,-0.01,0.36,0.09,0.2,0.14,1391.96,645.1879078330244,677.3423419378821,-0.5513852397787015,495.66551946823074,383.34965682842335,50.8370854195066,256.7704279151996,293.5937596848161,89.74731665184807,26.957533827682667,15.493100004607015
34810951,75.598000,122.330291,108.450013,1144.63,1022.04,1131.27,1022.24,-0.01,-0.01,0.22,0.12,0.25,0.11,1392.2,645.1642374493833,677.3629728537014,-0.5315621861570673,495.3843978347063,383.8247217463881,51.32995987586552,255.47320231743635,298.25313741959684,90.9101742177556,27.03324927653726,16.303188100679257
34811050,75.699000,121.396029,108.924802,1144.99,1021.97,1130.9,1022.41,-0.01,-0.01,0.08,0.11,0.1,0.15,1392.61,645.174471529566,677.3685743155127,-0.5331171694089123,493.27456514039426,385.22270782615806,51.87466022839553,253.15431881711513,300.09789605582193,90.60314095576229,27.47197015690775,15.536179934659913
34811150,75.798000,121.044290,108.684323,1145.07,1021.91,1131.24,1022.35,-0.01,-0.01,0.26,0.1,0.07,0.14,1392.75,645.1484031326432,677.3956600237815,-0.6240814034175559,492.6037021773336,385.7453409693269,52.14154167102416,251.72267494189782,302.90407460615296,91.54017330093015,27.61135410507163,15.79871299891149
34811251,75.898000,121.409434,108.067225,1145.29,1021.83,1131.19,1022.43,-0.01,-0.01,0.29,0.08,0.06,0.15,1392.97,645.1397192890568,677.3877749778744,-0.5838781754036046,492.6793325670652,385.6883831361548,52.218239421063586,251.82416989595256,303.07179721045304,91.52340760030987,27.594389256238163,15.878558282394103
34811352,75.999000,122.275006,106.072244,1145.41,1021.8,1131.24,1022.46,-0.01,-0.01,0.31,0.08,0.24,0.16,1393.37,645.1391275773296,677.3479173303288,-0.5142482507167698,492.9615270897663,385.4739860527308,51.88118268159514,252.4661303247141,300.8823894625431,91.56940817148165,27.536692407314774,15.54785626545538
34811451,76.100000,122.694126,101.283791,1145.26,1021.82,1131.41,1022.33,-0.01,-0.01,0.29,0.08,0.28,0.13,1393.55,645.1697506255355,677.365546790592,-0.5345053942635034,494.4497598339887,384.4889466051985,51.66468994802587,254.14886426168675,299.7236108428155,90.85345621957856,27.23123089463988,16.10741498006624
34811551,76.200000,122.430211,98.423791,1145.01,1021.86,1131.2,1022.31,-0.01,-0.01,0.03,0.09,1.0,0.13,1393.94,645.178944606899,677.3542207922327,-0.5299339540924224,494.6346593024018,384.2354233547844,51.47023856715988,254.97910646107445,297.14499500939706,90.50323793317656,27.184795731123025,15.659348321548293
34811651,76.299000,122.437555,98.436417,1144.86,1021.94,1125.95,1021.26,-0.01,-0.01,0.03,0.09,1.0,0.13,1393.93,645.1529340577388,677.379230297191,-0.6151267508915231,494.901684582852,384.0952823829444,51.42123533065428,255.11539221454908,297.7033636147904,90.4612001172111,27.126354829143015,15.933850681522891
34811751,76.400000,116.525230,99.564373,1144.67,1022.08,1120.74,1020.24,-0.01,-0.01,0.05,0.1,1.0,0.08,1393.08,645.1713901292819,677.3728771801595,-0.5344430858991425,494.2930349007176,384.54760957470273,51.51764761487385,254.247652508394,299.02391124943733,91.09335378823874,27.259808580083515,15.870346504165497
34811851,76.499000,109.997095,99.284019,1144.82,1021.97,1120.98,1020.28,-0.01,-0.01,0.01,0.13,0.07,0.29,1393.23,645.1448460285559,677.3825724840908,-0.6024416860125327,493.1865505778833,385.3510083705292,51.96126842022818,252.92798808500143,300.0458204806022,90.46310654049073,27.490163783076294,15.471972614821404
34811951,76.598000,110.216720,98.303651,1144.82,1021.97,1120.98,1020.28,-0.02,-0.01,0.04,0.11,0.12,0.28,1393.45,645.1685237168465,677.3765262342689,-0.512838331292377,492.2352323836478,386.052727029536,52.25802359664744,252.16542695820303,298.9655352352748,89.39398036156697,27.697668389511648,14.666028900561514
34812051,76.698000,110.959368,98.856896,1145.15,1021.84,1121.28,1020.19,-0.02,-0.01,0.1,0.08,0.18,0.3,1393.82,645.1214871504227,677.3733121673463,-0.5902354417608408,492.2043756362171,386.0016131031564,52.295745884168646,252.8835078937165,295.69154335945865,88.26896615398783,27.691297380959092,13.942915860964987
34812151,76.798000,114.588181,96.578604,1145.31,1021.68,1121.46,1020.41,-0.02,-0.01,0.13,0.06,0.22,0.25,1393.91,645.1647642661093,677.3452901075387,-0.5465346631888731,494.09156427656137,384.7020242966215,51.77593804768085,255.10250291008379,293.42501933500216,88.1226882120712,27.30444420844762,14.487773000794334
34812251,76.898000,119.043948,95.285496,1145.23,1021.73,1121.58,1020.22,-0.02,-0.01,0.11,0.07,0.24,0.29,1394.19,645.177056495974,677.3412992056732,-0.507105448477994,495.11300487203494,383.8798775614382,51.36541958330808,257.1246982620939,289.49747523927743,87.26983036146429,27.083326744466717,14.20085177946494
34812351,76.998000,119.617171,96.370863,1145.15,1021.73,1121.52,1020.37,-0.02,-0.01,0.1,0.07,0.23,0.26,1394.3,645.18362631479,677.3392203969569,-0.5521081031600364,495.79607935956744,383.4592760119225,51.1768942370731,258.06096058414937,288.4083479094101,86.78851768757758,26.94552768913554,14.31649437696263
34812451,77.098000,118.058331,96.709042,1144.89,1021.93,1121.6,1020.44,-0.02,-0.01,0.05,0.1,0.25,0.25,1394.56,645.1839260506589,677.3347727993321,-0.546028107197559,495.34367747885756,383.7687805370551,51.44524129833054,257.28388620490796,289.7926738668905,87.23715689566383,27.0404114002497,14.377131719732326
34812551,77.199000,114.911386,98.544238,1144.79,1022.04,1121.52,1020.44,-0.02,-0.01,0.04,0.12,0.23,0.25,1394.52,645.1431814117581,677.3791647474744,-0.5789306483257326,493.77873973532166,384.8749030037049,51.74610181161935,255.23473821060998,292.3134716985107,87.58249750672528,27.36055841173657,14.071302604550425
34812651,77.299000,111.842406,99.644162,1144.64,1021.92,1121.5,1020.42,-0.02,-0.01,0.76,0.1,0.57,0.26,1394.64,645.1676300952911,677.3597582032742,-0.5341999761008068,492.8286239833665,385.6135517847855,52.17538748172229,253.23028986347347,295.86239989351077,88.36428956227296,27.571887263651725,14.320775616078194
34812752,77.399000,110.434088,98.772824,1140.41,1021.39,1118.76,1019.79,-0.02,-0.01,0.04,0.01,0.02,0.38,1394.49,645.1681484280654,677.3652023430461,-0.49955047914371575,492.1153974603175,386.11944753303277,52.2833815215594,252.54432899444348,296.65582474079844,88.43454233204861,27.72240504373665,14.077923819136842
34812852,77.499000,111.053752,98.171493,1139.84,1021.15,1119.27,1024.47,-0.02,-0.01,0.06,0.03,0.13,0.56,1391.64,645.1465755867504,677.3849105398124,-0.5849665618817653,492.73195628557335,385.6951074224303,52.11042907439795,253.32097740988382,295.5063713128996,88.48074000611587,27.58810105153256,14.181857009339879
34812952,77.599000,113.484633,97.107497,1140.54,1020.78,1119.57,1022.86,-0.02,-0.01,0.06,0.1,0.19,0.23,1391.48,645.1875793642496,677.3101137111554,-0.5373304335027915,497.4305558989901,382.3617733579947,50.7462573861856,261.4393555707248,282.3291160411781,85.24335992102644,27.261325019667332,13.849166654333914
34813053,77.701000,116.654379,94.773809,1140.92,1020.52,1119.45,1022.71,-0.02,-0.01,1.0,0.14,0.13,0.2,1390.79,645.1875793642496,677.3101137111554,-0.5373304335027915,497.4305558989901,382.3617733579947,50.7462573861856,261.4393555707248,282.3291160411781,85.24335992102644,26.608991298015212,13.810755374711803
34813153,77.799000,118.446772,91.175946,1135.54,1019.95,1119.43,1022.84,-0.02,-0.01,0.41,0.24,0.13,0.23,1391.33,645.1589068193103,677.3353813564655,-0.5589160949808705,500.50751052287995,380.2667002584752,49.835804112812646,265.71210065530914,276.410194857712,84.63926273323426,25.962800204562473,14.213267299920709
34813253,77.900000,118.709781,88.559267,1132.75,1019.63,1119.34,1022.82,-0.02,-0.01,0.07,0.3,0.15,0.23,1390.73,645.1675305093165,677.3216227091887,-0.5860274312851627,500.9961431441646,379.8327059276862,49.391310894278305,267.3571721314566,273.84758694498413,83.81672215662552,25.85611639034434,13.887404927048252
34813353,78.001000,118.694295,88.595886,1132.44,1019.8,1119.3,1022.96,-0.02,-0.01,0.12,0.27,0.16,0.25,1391.43,645.1810553428111,677.3176643167278,-0.5267723664403421,500.6077598095867,380.19418046536003,49.548635206541356,266.3351066152379,276.0401347026524,84.62091146732459,25.946464282645596,14.137870551638947
34813453,78.101000,118.683382,88.566633,1132.77,1019.71,1119.3,1022.92,-0.02,-0.01,1.0,0.28,1.0,0.25,1390.75,645.1686425729235,677.3251112772601,-0.5669514018013685,499.9662912040288,380.5947940506602,49.56532253438589,265.7170482340134,276.6758897813747,84.53388183599562,26.0744050221661,13.927902025668125
34813554,78.201000,109.205138,89.487646,1140.91,1020.62,1115.34,1022.05,-0.02,-0.01,0.02,0.13,0.97,0.07,1390.54,645.1786935830836,677.3042387505377,-0.5627220387240683,500.6370327525675,380.20449766909354,49.41163266187386,266.590206210004,275.5619181947476,84.59364498227161,25.943332762193155,14.02386629481682
34813654,78.301000,96.920382,89.852186,1142.51,1021.04,1110.67,1020.91,-0.02,-0.01,0.29,0.06,0.03,0.16,1390.16,645.1793260107733,677.3188824562109,-0.59494387561644,501.6684371878241,379.3876029408602,49.19997775764998,269.3398039062592,269.00143168958357,82.37023901180481,25.71970967902888,13.146812185518215
34813755,78.402000,97.992945,86.716101,1141.72,1021.34,1110.92,1020.79,-0.02,-0.01,1.0,0.01,0.1,0.18,1389.74,645.1793260107733,677.3188824562109,-0.59494387561644,501.6684371878241,379.3876029408602,49.19997775764998,269.3398039062592,269.00143168958357,82.37023901180481,25.71970967902888,13.146812185518215
34813855,78.503000,99.631596,83.706681,1135.56,1020.9,1110.76,1021.03,-0.02,-0.01,1.0,0.08,0.2,0.13,1390.32,645.1762752703722,677.3163255645776,-0.546059729930634,499.42440149660825,381.0359432637304,50.03896668588451,265.9047729958991,272.6571839220264,81.99773771858108,26.194371902386397,12.714777434147088
34813956,78.603000,102.906890,82.359652,1129.06,1020.16,1110.66,1021.17,-0.02,-0.01,1.0,0.21,0.41,0.11,1390.65,645.1655258054341,677.3460114639996,-0.5681546674524177,495.9421164527921,383.41683562928074,50.93298846638962,260.8368176253586,279.86216830687226,83.00859310143382,26.916217957199613,12.39595393976255
34814056,78.704000,107.756118,80.384775,1123.8,1018.93,1110.2,1020.92,-0.02,-0.01,0.37,0.42,0.92,0.16,1391.2,645.1925455955814,677.3420222509192,-0.5380235480911731,493.85005346251137,384.8401803826279,51.42176054888971,257.50351071961785,284.60551619588364,84.55564615410916,27.357360433401116,12.303458704584905
34814156,78.804000,108.101191,79.784133,1123.75,1024.61,1105.85,1020.0,-0.02,-0.01,0.85,0.54,0.64,0.34,1389.62,645.1877442581794,677.3104904665208,-0.4989327501934298,496.0988735495129,383.4384068568717,50.764679606049135,260.7040295178419,281.04920967121416,83.2629494855504,26.89985322837915,12.692800662502762
34814257,78.904000,107.493196,79.343851,1131.83,1024.63,1103.61,1021.1,-0.02,-0.0,0.52,0.55,0.19,0.12,1389.68,645.074477330243,677.2843991081331,-0.5747746579833329,502.494290054597,379.09206198037805,48.71058371843857,260.7040295178419,281.04920967121416,83.2629494855504,26.89985322837915,12.692800662502762
34814357,79.004000,107.476662,79.357452,1131.66,1020.73,1103.83,1020.94,-0.02,-0.0,0.5,0.11,0.23,0.15,1389.03,645.0729976644985,677.2339237572269,-0.6082103696994008,511.67165809592126,373.24856945236513,46.153830830716906,260.7040295178419,281.04920967121416,83.2629494855504,26.89985322837915,12.692800662502762
34814457,79.105000,102.646240,80.426574,1127.79,1019.95,1103.83,1021.1,-0.02,-0.0,0.29,0.25,0.52,0.12,1388.76,645.1954785912827,677.1177793723649,-0.4464415363852376,519.2151686049473,368.43068097320054,43.99477139332596,260.7040295178419,281.04920967121416,83.2629494855504,26.89985322837915,12.692800662502762
34814558,79.206000,95.881782,81.301664,1126.14,1020.73,1101.44,1020.8,-0.03,-0.0,0.57,0.11,0.04,0.18,1389.35,645.1883557456407,677.1354563871803,-0.44059851871688793,521.0545542652912,367.2747405347168,43.09211135997631,305.72080405008586,220.8601774582832,72.25077737896534,21.83161250902208,12.123326697162199
34814658,79.305000,95.861642,80.018147,1129.75,1022.1,1101.34,1020.82,-0.03,0.0,1.0,0.12,0.44,0.18,1388.17,645.1905211331334,677.127842855301,-0.4382962277625502,516.4354555324174,369.9450540363362,44.37655308226336,305.72080405008586,220.8601774582832,72.25077737896534,21.83161250902208,12.123326697162199
34814758,79.406000,97.203347,78.333816,1125.94,1022.26,1103.62,1021.43,-0.03,0.0,1.0,0.15,0.19,0.06,1388.68,645.0840634682131,677.2554158824751,-0.6147098225598019,508.5884774002266,374.7513500689503,46.29514782942769,305.72080405008586,220.8601774582832,72.25077737896534,21.83161250902208,12.123326697162199
34814857,79.505000,101.244588,73.956711,1119.9,1021.42,1103.56,1021.5,-0.03,0.0,0.29,0.0,0.47,0.04,1389.64,645.145131538855,677.290994150215,-0.5886067847311763,502.21912036355906,378.7197991170987,48.37943103060812,305.72080405008586,220.8601774582832,72.25077737896534,21.83161250902208,12.123326697162199
34814958,79.606000,102.390095,74.873332,1119.87,1020.4,1101.83,1021.08,-0.03,0.0,0.09,0.17,0.53,0.13,1388.29,645.0703494812304,677.2694532230366,-0.5840648688939633,501.5895782501787,379.2428217647152,48.438130072132445,268.02351008510226,265.534929726204,79.67172213269698,26.240149815202525,10.989762287598523
34815058,79.706000,101.330993,75.949413,1121.69,1019.62,1100.16,1020.35,-0.02,0.0,0.22,0.31,0.2,0.27,1388.78,645.1876147589327,677.1573219463039,-0.4553417562152458,501.5895782501787,379.2428217647152,48.438130072132445,268.02351008510226,265.534929726204,79.67172213269698,26.240149815202525,10.989762287598523
34815159,79.805000,99.566782,73.448947,1123.07,1019.55,1100.35,1020.19,-0.02,0.0,0.22,0.32,0.72,0.31,1388.58,645.1492631551619,677.186568826461,-0.6193395140536103,519.5611114170226,368.2412482586168,43.41927545285106,268.02351008510226,265.534929726204,79.67172213269698,26.240149815202525,10.989762287598523
34815259,79.906000,98.091307,74.639349,1123.42,1020.2,1097.15,1019.4,-0.02,0.0,0.16,0.21,0.08,0.46,1389.18,645.1382201012465,677.1392514428528,-0.6145981909281754,526.2970074327799,364.3583099358208,41.334321462922865,316.16997467131796,209.1544073774849,69.27247718720778,20.80430269801115,11.941100335971008
34815360,80.006000,94.784048,76.044817,1122.94,1020.77,1097.92,1027.66,-0.02,-0.0,0.24,0.11,0.52,1.0,1389.38,645.1895035803236,677.0763770588056,-0.458563695806646,526.2904796005789,364.36140154000304,41.07422208768275,318.3608351003285,205.6439652364876,68.48806611077553,20.80430269801115,11.941100335971008
34815460,80.109000,94.054481,72.048243,1121.8,1021.59,1095.61,1024.78,-0.02,-0.0,0.56,0.03,0.49,0.61,1389.38,645.1498627631408,677.172058620083,-0.6225125426888862,520.9072870458674,367.3353725217217,42.6706501041137,318.3608351003285,205.6439652364876,68.48806611077553,20.8175704188813,11.009540087749592
34815560,80.209000,93.422460,74.073172,1117.79,1021.92,1098.24,1022.71,-0.02,0.0,0.12,0.08,0.04,0.2,1388.72,645.1926251624697,677.2275401453672,-0.37334644922461896,512.9146171281893,371.86684345986055,44.828842643132454,318.3608351003285,205.6439652364876,68.48806611077553,20.8175704188813,11.009540087749592
34815659,80.307000,93.346997,73.825122,1116.88,1021.86,1098.04,1022.73,-0.02,0.0,0.15,0.07,0.82,0.21,1387.93,645.1715599493645,677.1788720312433,-0.4258671859095781,507.45780614692904,375.15663521398164,46.162583708216566,284.7105539667328,241.69494117997664,73.83622406319496,24.511668736713425,10.048222426425895
34815759,80.406000,93.248283,71.473753,1117.53,1021.56,1094.15,1021.78,-0.02,-0.0,0.26,0.02,0.05,0.01,1388.71,645.1647600031519,677.1815747508093,-0.40723278634828014,507.45780614692904,375.15663521398164,46.162583708216566,284.7105539667328,241.69494117997664,73.83622406319496,24.511668736713425,10.048222426425895
34815859,80.507000,93.296161,70.327698,1118.51,1020.9,1094.52,1021.53,-0.02,-0.0,0.55,0.09,0.24,0.04,1389.79,645.1647600031519,677.1815747508093,-0.40723278634828014,506.47086242403077,375.71993004411195,46.500375616724995,282.65726532361106,244.1051130859717,74.75569394219575,24.705809208112164,10.130490483979841
34815959,80.607000,92.639536,71.662629,1117.06,1019.79,1094.94,1021.43,-0.02,-0.0,0.28,0.28,0.77,0.06,1387.14,645.1700874182148,677.1595103906416,-0.42353193506350867,510.92375520845025,373.01980270836145,45.43122498386863,282.65726532361106,244.1051130859717,74.75569394219575,24.705809208112164,10.130490483979841
34816060,80.707000,92.205555,70.442649,1116.99,1019.65,1092.0,1020.98,-0.02,-0.0,0.27,0.31,0.18,0.15,1387.67,645.1913878857038,677.1217342988805,-0.42433770627247275,518.6205539744534,368.5410420192035,43.328354783039416,282.65726532361106,244.1051130859717,74.75569394219575,24.705809208112164,10.130490483979841
34816163,80.808000,91.788068,70.430151,1117.0,1020.28,1092.33,1020.79,-0.02,-0.0,0.42,0.2,0.24,0.18,1388.88,645.1687083519812,677.15894985233,-0.6161519071838498,528.4814375471469,363.17699853142886,40.32103837222126,323.6781362359483,199.28007084296013,66.30625603385127,20.386922437714663,10.557087560255212
34816259,80.911000,91.894485,69.295506,1115.1,1020.68,1092.35,1020.87,-0.02,-0.01,0.17,0.13,0.01,0.17,1388.95,645.1687083519812,677.15894985233,-0.6161519071838498,528.4814375471469,363.17699853142886,40.32103837222126,323.6781362359483,199.28007084296013,66.30625603385127,20.386922437714663,10.557087560255212
34816360,81.006000,91.493756,66.421695,1113.95,1021.24,1092.06,1021.15,-0.02,-0.0,0.03,0.04,0.05,0.11,1389.36,645.1383544797948,677.1309056849025,-0.6063556823732222,526.8751917031884,363.9159785171074,40.615163775579894,322.0812056800697,200.53266378311753,66.01869137473051,20.685448746344314,10.046463889699396
34816460,81.107000,90.424485,66.800939,1113.67,1021.5,1092.15,1021.16,-0.02,-0.0,0.08,0.0,0.03,0.11,1388.02,645.1880407949745,677.1010009624673,-0.4505500830660114,521.7937927953628,366.670913900446,42.073328150900096,322.0812056800697,200.53266378311753,66.01869137473051,20.685448746344314,10.046463889699396
34816559,81.208000,89.662204,67.728404,1113.72,1021.34,1092.18,1021.01,-0.02,-0.0,0.07,0.02,0.03,0.14,1388.7,645.1860682931466,677.1338775003294,-0.39077131208722177,517.0040070071188,369.32156091085943,43.32410934892459,322.0812056800697,200.53266378311753,66.01869137473051,20.685448746344314,10.046463889699396
34816659,81.307000,89.661194,67.727709,1114.28,1020.94,1092.19,1021.11,-0.01,-0.0,0.45,0.09,0.54,0.12,1388.5,645.1906840850013,677.1366890772124,-0.4106565626241213,513.8152832323149,371.0913404374405,44.07519276039276,297.97678898096734,224.41436558611355,70.398924306037,23.232287909315474,9.336643454583637
34816759,81.407000,89.481767,67.777152,1113.6,1020.37,1090.65,1020.56,-0.01,-0.0,0.35,0.19,0.21,0.23,1388.76,645.1305333675318,677.1346153447173,-0.6243180545281002,518.9099275848777,368.2096106581943,42.93722196844243,299.01833577969944,223.39716430680951,70.40256857074687,23.051519793234643,9.593115889627548
34816859,81.507000,89.583876,67.734054,1113.24,1019.77,1090.73,1020.42,-0.01,-0.0,0.29,0.29,0.23,0.26,1389.99,645.1855039161145,677.1519339739563,-0.3197910815772455,523.4939292593684,365.72888375723386,41.514035845565736,299.01833577969944,223.39716430680951,70.40256857074687,23.051519793234643,9.593115889627548
34816959,81.607000,89.576188,67.742627,1113.26,1020.05,1090.86,1020.48,-0.01,-0.0,0.29,0.25,0.25,0.25,1390.94,645.1894995124117,677.0514927629661,-0.4626837673438963,527.3272453245349,363.64638527823365,40.48250732218297,322.65057393195224,199.50725108261318,65.99694603710476,20.609773719158177,10.052808299558933
34817059,81.708000,89.745832,67.710007,1113.08,1020.18,1090.67,1020.61,-0.01,-0.0,0.28,0.22,0.21,0.22,1391.53,645.1192869645209,677.2142435939991,-0.5043990052296624,528.1543228962612,363.19486798700416,40.139503232129854,324.8280969948872,197.3867314330436,65.54515202232969,20.429200139510954,9.945100676199985
34817161,81.810000,84.834984,60.242172,1112.53,1020.51,1090.58,1020.63,-0.01,-0.0,0.15,0.17,0.2,0.22,1392.4,645.1462493482123,677.1365082054357,-0.602201873032423,526.0468010632153,364.3588173313118,40.68630297915957,321.1199048160746,200.8063573616766,66.0916701996564,20.84582600986196,9.714928596917787
34817261,81.912000,84.146028,58.390702,1111.92,1020.87,1090.54,1020.68,-0.02,-0.0,0.05,0.11,0.19,0.21,1392.86,645.148272052553,677.1442831925204,-0.6293060410146013,522.2960155293508,366.3673777303039,41.7481940113623,313.9889030339487,207.91877389508696,67.08132277394321,20.84582600986196,9.714928596917787
34817361,82.008000,83.195718,60.655238,1111.84,1021.01,1090.6,1020.66,-0.02,-0.01,0.04,0.08,0.21,0.21,1393.32,645.148272052553,677.1442831925204,-0.6293060410146013,522.2960155293508,366.3673777303039,41.7481940113623,313.9889030339487,207.91877389508696,67.08132277394321,21.569229362121234,9.603142850152764
34817462,82.108000,82.938216,56.911404,1111.97,1020.85,1090.62,1020.66,-0.02,-0.01,1.0,0.11,1.0,0.22,1393.6,645.1851185309447,677.1045919938794,-0.45922767970052275,517.5766284082399,368.95530171295366,42.97020269750703,304.7737391466133,217.00230919930655,69.07294530242913,22.25542900003555,9.364879437817919
34817561,82.210000,82.378811,57.105729,1107.68,1019.75,1086.21,1019.61,-0.02,-0.01,0.45,0.3,0.74,0.43,1394.04,645.1313603879629,677.1568387447728,-0.5966617832697334,519.1605343938148,368.09093566420756,42.73268253630875,307.3386360017646,214.39498960232703,68.70060608663651,22.175103878658724,9.685511972750419
34817661,82.308000,81.615096,58.333609,1105.32,1019.6,1083.93,1025.17,-0.02,-0.0,0.19,0.33,1.0,0.69,1393.96,645.1369120214266,677.1470092119841,-0.6081811019921074,522.2198652731074,366.4027442333093,41.697566737927275,307.3386360017646,214.39498960232703,68.70060608663651,22.175103878658724,9.685511972750419
34817762,82.408000,81.459470,54.406143,1105.72,1020.91,1079.97,1022.38,-0.02,-0.0,0.25,0.11,0.21,0.13,1393.53,645.1369120214266,677.1470092119841,-0.6081811019921074,522.2198652731074,366.4027442333093,41.697566737927275,307.3386360017646,214.39498960232703,68.70060608663651,22.175103878658724,9.685511972750419
34817868,82.509000,80.785740,56.425887,1106.31,1020.98,1080.06,1022.15,-0.02,-0.0,0.51,0.09,0.76,0.08,1393.77,645.1127993116955,677.1292692590423,-0.6554331207129686,526.6592692676866,364.1121721333371,40.54544110315141,307.3386360017646,214.39498960232703,68.70060608663651,22.175103878658724,9.685511972750419
34817968,82.616000,80.535315,56.201804,1104.03,1020.39,1076.87,1021.44,-0.02,-0.0,0.24,0.2,0.28,0.06,1393.96,645.1862482452436,677.1030183833019,-0.6328722459580066,531.0203097963578,361.8485829390965,39.272619129495084,307.3386360017646,214.39498960232703,68.70060608663651,22.175103878658724,9.685511972750419
34818067,82.717000,80.861280,52.409908,1103.27,1020.44,1076.9,1021.34,-0.02,-0.01,0.11,0.19,0.27,0.08,1391.89,645.1449953741173,677.083596631822,-0.6484888718262504,535.1690301655028,359.7063095442927,37.809930597938404,344.0587727460837,177.0629331176425,59.73078642937706,19.111964295582162,8.073807518659557
34818170,82.816000,80.385257,53.304071,1103.04,1020.7,1076.97,1021.3,-0.02,-0.01,0.06,0.14,0.55,0.09,1392.14,645.1162082421496,677.0767044257424,-0.6533771677348137,533.67736118312,360.37258037359567,38.04946770647305,342.19562526441683,178.10519127080158,59.24875900594136,19.38546781125837,7.641338611468569
34818268,82.918000,79.087394,52.879024,1102.85,1020.9,1075.36,1021.12,-0.02,-0.01,0.11,0.11,0.05,0.12,1392.11,645.1270436618659,677.0972201735763,-0.6312640991972106,531.4289227018501,361.5127185742582,38.694332380953114,337.75207239264915,181.8905005626831,59.961066908147586,19.812970712822906,7.530214355102309
34818368,83.016000,77.961616,49.474015,1102.74,1021.03,1075.6,1021.09,-0.02,-0.01,0.09,0.09,0.09,0.13,1392.71,645.1425717976382,677.1096209901287,-0.6436425303568656,529.5455082857685,362.42215452390286,39.25819953916743,333.630452797129,185.53783362811652,61.568345645300646,20.170266153331063,7.581777044533034
34818467,83.117000,75.810154,52.162758,1103.04,1020.75,1075.73,1020.95,-0.02,-0.01,0.14,0.14,0.12,0.16,1393.04,645.146714356683,677.1034498611135,-0.5990539753992161,528.2690757624049,363.0357390539248,39.47816691650774,332.1367575258535,186.1038424089438,61.06684556684988,20.412324057376786,7.1215828281987825
34818568,83.215000,74.561348,49.099177,1103.37,1020.68,1075.45,1021.04,-0.02,-0.01,0.98,0.15,0.29,0.14,1393.6,645.146714356683,677.1034498611135,-0.5990539753992161,528.2690757624049,363.0357390539248,39.47816691650774,332.1367575258535,186.1038424089438,61.06684556684988,20.412324057376786,7.1215828281987825
34818668,83.317000,73.597948,48.817048,1098.96,1019.76,1075.78,1021.0,-0.02,-0.01,0.44,0.31,0.97,0.15,1393.94,645.1229592159133,677.0978962315944,-0.6434929420789937,529.3080535541221,362.53369472730503,39.25988971101179,333.37956117605546,185.50867130534294,59.88101694399688,20.212482535618403,7.476637581827788
34818768,83.416000,73.382017,48.391184,1096.33,1019.99,1071.91,1019.75,-0.02,-0.01,0.01,0.27,0.2,0.4,1394.11,645.1090283649224,677.0747981274039,-0.6734941645244202,533.1106973810082,360.6765832863378,38.19645169036862,341.41862918539454,178.39703845432888,58.50519212042306,19.49289501718839,7.455987921852959
34818868,83.515000,73.890895,46.447532,1096.49,1019.78,1072.69,1023.94,-0.02,-0.01,0.22,0.31,0.5,0.44,1392.96,645.1113629976032,677.0615574987763,-0.6829998505005658,535.382048829736,359.6553796329064,37.47174593027105,345.73927215795925,175.29112942028812,58.17263452407095,19.07058991947082,7.667407134210187
34818968,83.617000,74.400368,46.286802,1096.83,1020.41,1071.26,1022.16,-0.02,-0.01,0.19,0.2,0.6,0.08,1392.39,645.1727015613565,677.0409098995063,-0.6560534924595761,537.2169947539968,358.73425478897695,37.01304645527308,351.0123739505162,169.80112469765757,57.06208338038142,18.73469064257479,7.113893633122792
34819070,83.715000,74.865523,45.284389,1097.12,1020.37,1068.77,1021.24,-0.02,-0.01,0.24,0.21,0.1,0.1,1392.69,645.1811527346713,677.0757945685866,-0.6212001511104781,538.9480888378372,357.88320548719577,36.40268041248232,355.5734570705347,165.92096167048106,55.676874171939765,18.408374938481188,6.87256596596022
34819168,83.824000,74.573581,44.922988,1097.14,1020.54,1069.02,1021.26,-0.02,-0.01,0.25,0.18,0.15,0.1,1391.97,645.1356544309044,677.0186153347908,-0.6736154084813943,540.2509556354466,357.26982204975724,36.06363556403313,358.2965376777315,163.54125586579255,55.376657135830825,18.160638255583258,6.88362420529058
34819268,83.916000,73.514944,44.371584,1097.11,1020.62,1069.26,1021.32,-0.02,-0.01,0.13,0.17,0.51,0.08,1392.47,645.1356544309044,677.0186153347908,-0.6736154084813943,540.2509556354466,357.26982204975724,36.06363556403313,358.2965376777315,163.54125586579255,55.376657135830825,18.160638255583258,6.88362420529058
34819368,84.018000,71.444498,45.788216,1096.87,1020.73,1067.19,1020.56,-0.02,-0.01,0.09,0.15,0.09,0.24,1392.75,645.1656163358583,677.0530503626328,-0.6719105886797345,539.8901165681835,357.3053356726674,35.936738711328246,359.22901381036536,161.96763021191427,54.15044968963474,18.223897492450316,6.316876901805685
34819469,84.118000,69.573386,44.279057,1096.96,1020.66,1067.26,1020.48,-0.02,-0.01,0.63,0.16,0.07,0.25,1393.33,645.1076476100237,677.0429380406783,-0.646197489808906,538.3688736966534,358.0128985563211,36.27409054313726,355.8264223106418,164.73879068652397,55.16281515287028,18.49883967875551,6.366651425565621
34819568,84.216000,68.069233,43.474293,1093.91,1020.19,1067.49,1020.43,-0.02,-0.01,0.44,0.24,0.28,0.26,1392.5,645.120243405535,677.0237294848571,-0.6514352649200258,537.1472764392316,358.60601461985027,36.67273572554444,354.51150513567393,165.28311464721577,55.18947757869342,18.731397457887528,5.908934311970043
34819669,84.315000,67.347627,41.258382,1091.78,1019.72,1067.35,1020.68,-0.02,-0.01,0.07,0.32,0.25,0.22,1392.41,645.1277307595593,677.0424178682289,-0.6369731794654386,537.2713015624861,358.5598972442623,36.60561862856566,353.82330664150817,166.14620489298306,55.46364694744967,18.709045466682635,6.215451024451191
34819768,84.417000,67.435848,39.292278,1091.86,1020.43,1067.43,1020.64,-0.02,-0.01,0.47,0.2,0.87,0.22,1392.85,645.1320996080781,677.0381784532872,-0.7069027677986487,538.3683016617327,358.09678864769046,36.33966532540657,355.92766655697056,164.49243210813862,54.64031307464787,18.507673876491545,6.2842006364734075
34819868,84.516000,67.837831,38.444596,1090.5,1020.02,1064.1,1019.26,-0.02,-0.01,0.24,0.27,0.21,0.5,1393.22,645.1530428015601,677.0236725600249,-0.6411544955254558,540.7316724867303,356.98125327531716,35.6631341775656,360.9702246749879,160.7036308052656,53.72519157201022,18.070133913114624,6.344835783616013
34819968,84.616000,68.263560,37.671484,1090.56,1019.77,1066.37,1026.24,-0.02,-0.01,0.16,0.32,1.0,0.9,1393.18,645.1679789575294,677.0461506188356,-0.6585298599499664,543.9669246753756,355.57864927290984,34.68671080291128,367.4546177726921,155.75860356721594,52.65398822666338,17.47450221167677,6.506969980308163
34820068,84.716000,68.079040,37.948880,1090.94,1020.46,1062.89,1022.59,-0.02,-0.01,0.16,0.2,0.69,0.17,1392.91,645.1669641136677,677.0044199194612,-0.6545400420030656,546.5002721222072,354.3633161406312,33.86430369836819,375.00873134996783,149.0512011606887,51.01926058959369,17.0041261723947,5.862823291503084
34820168,84.816000,67.473064,38.110696,1091.28,1020.74,1060.01,1021.51,-0.02,-0.01,0.21,0.15,0.11,0.05,1393.16,645.1669641136677,677.0044199194612,-0.6545400420030656,546.5002721222072,354.3633161406312,33.86430369836819,375.00873134996783,149.0512011606887,51.01926058959369,17.0041261723947,5.862823291503084
34820270,84.916000,66.554439,38.379113,1091.09,1020.61,1060.22,1021.48,-0.02,-0.01,0.18,0.18,0.15,0.05,1392.45,645.1610196591337,676.9734861821715,-0.6676710937616277,550.3017662701311,352.7231114870257,32.68906781756832,385.4462426594919,141.14208460509408,48.291206548431475,16.306805440439934,5.3106931589058135
34820369,85.018000,66.213961,38.472278,1090.76,1020.88,1060.29,1021.56,-0.02,-0.01,0.42,0.13,0.03,0.04,1392.78,645.1610196591337,676.9734861821715,-0.6676710937616277,550.3017662701311,352.7231114870257,32.68906781756832,385.4462426594919,141.14208460509408,48.291206548431475,16.306805440439934,5.3106931589058135
34820470,85.117000,65.497813,38.265956,1089.29,1020.74,1060.31,1021.66,-0.02,-0.01,0.23,0.16,0.01,0.02,1393.35,645.1628440727513,676.985753941079,-0.6512678135962074,549.589500050752,352.94997386757717,32.6260412697962,385.83059931200546,140.38645927011854,47.59047959820347,16.433259566442214,4.744131795260024
34820571,85.217000,65.684411,37.917708,1088.82,1020.79,1060.44,1021.68,-0.02,-0.01,0.15,0.15,0.04,0.02,1393.65,645.1669332672076,677.0283867642644,-0.6675690666906319,546.1310547228646,354.4168391147073,33.6085147061107,378.1407698780226,145.63391416294706,48.752387856501734,17.065534042943362,4.689677892849815
34820670,85.319000,66.433918,35.850121,1088.99,1020.6,1060.39,1021.7,-0.02,-0.01,0.18,0.18,0.03,0.01,1393.96,645.1645849194609,677.0282031394884,-0.684923936388111,544.5580660935505,355.0325462922672,34.00667389401744,374.9207799216401,147.79547620669723,49.28131724826123,17.065534042943362,4.689677892849815
34820770,85.418000,66.785365,32.593660,1089.34,1020.54,1060.37,1021.62,-0.02,-0.0,0.24,0.19,0.02,0.03,1394.4,645.1645849194609,677.0282031394884,-0.684923936388111,544.5580660935505,355.0325462922672,34.00667389401744,374.9207799216401,147.79547620669723,49.28131724826123,17.351248655146637,4.600103509304056
34820870,85.518000,65.706065,29.503804,1089.55,1020.35,1060.56,1021.6,-0.02,-0.01,0.27,0.22,0.06,0.03,1394.53,645.1585332088778,676.9878178707831,-0.6483651991850196,546.3592744236212,354.28458632726205,33.72475391469379,378.2187141528747,145.59960883435332,48.967563234064606,17.022563767626018,4.813777279112038
34820971,85.618000,65.594272,29.170353,1089.75,1020.2,1060.59,1021.56,-0.02,-0.0,0.31,0.25,0.07,0.04,1394.6,645.1585332088778,676.9878178707831,-0.6483651991850196,546.3592744236212,354.28458632726205,33.72475391469379,378.2187141528747,145.59960883435332,48.967563234064606,17.022563767626018,4.813777279112038
34821071,85.719000,65.608107,29.184069,1089.87,1020.23,1060.57,1021.65,-0.02,-0.0,0.33,0.25,0.06,0.02,1394.79,645.1599154058715,676.9773257003998,-0.6557060540135609,550.4959241011267,352.6015589386543,32.61216157362656,386.6881779465157,140.0458613749567,47.75583542747748,16.60102834612014,4.992946062694614
34821171,85.819000,57.673064,31.553933,1089.53,1020.38,1060.54,1021.65,-0.02,-0.0,0.27,0.22,0.06,0.02,1394.79,645.1717629048736,677.004494577838,-0.6885679378016154,550.7215277292252,352.5642675847513,32.476535738969275,387.92325264022116,139.12660881401237,47.321519688351536,16.23120355176803,4.871949538641935
34821270,85.919000,55.635833,32.009802,1089.37,1020.5,1060.39,1021.61,-0.02,-0.0,0.25,0.2,0.03,0.03,1395.01,645.1625527139636,676.9774752497713,-0.6742876194550143,549.7214302869954,352.9157918810199,32.70349950805895,385.72329759033624,140.64571039540394,47.812225366044615,16.410507672687462,4.868366169128841
34821371,86.019000,55.780057,30.856934,1089.16,1020.62,1060.59,1021.68,-0.02,-0.0,0.21,0.18,0.07,0.02,1395.09,645.1625527139636,676.9774752497713,-0.6742876194550143,549.7214302869954,352.9157918810199,32.70349950805895,385.72329759033624,140.64571039540394,47.812225366044615,16.410507672687462,4.868366169128841
34821471,86.119000,57.510823,29.270906,1089.1,1020.67,1060.55,1021.53,-0.02,0.0,0.2,0.17,0.06,0.05,1395.1,645.1515935748686,676.9769195807896,-0.6615195495258863,545.9333384940994,354.46464447690954,33.725688314488934,377.8604384619328,145.80383476065577,49.01033457139818,17.100085050516658,4.6507105137258336
34821570,86.220000,59.833397,28.795085,1089.13,1020.42,1060.55,1021.58,-0.02,0.0,0.21,0.22,0.06,0.04,1395.04,645.1515935748686,676.9769195807896,-0.6615195495258863,545.9333384940994,354.46464447690954,33.725688314488934,377.8604384619328,145.80383476065577,49.01033457139818,17.100085050516658,4.6507105137258336
34821670,86.318000,61.870571,28.169681,1089.46,1020.4,1060.6,1021.52,-0.02,0.0,0.26,0.22,0.07,0.05,1395.28,645.1607008934704,676.9829213708997,-0.6643326193726182,545.8168530380653,354.4886891387622,33.746408964955904,377.0424577014439,146.35674659296404,49.134478653718205,17.234337888919015,4.744711583991091
34821770,86.419000,62.793019,28.493140,1089.69,1020.21,1060.61,1021.54,-0.02,0.0,1.0,0.25,1.0,0.05,1395.23,645.1596878953244,676.9790260532475,-0.6556364775494992,547.4090883061997,353.8189842893885,33.27391778642991,380.3744668192381,144.13251646028525,48.6901617275071,16.829702956618807,4.881150636797912
34821870,86.519000,62.154928,29.711701,1085.34,1019.4,1056.96,1020.09,-0.03,0.0,0.3,0.39,1.0,0.33,1395.23,645.1599480554935,676.9861799581694,-0.6402574020781081,549.4202081353413,353.09968703061116,32.808779948580224,384.361200143426,141.53519536609983,48.011550273653846,16.46749919434456,5.025748900145231
34821973,86.619000,60.403164,30.828721,1084.79,1023.59,1053.94,1019.92,-0.03,0.0,0.16,0.32,0.49,0.37,1395.03,645.145568469601,677.051440145561,-0.5161716602583847,550.4092025066572,352.6601657488367,32.56640623720691,387.0346552556252,139.65607126178628,47.564920053463986,16.280101379241643,4.928072263354238
34822073,86.722000,58.177613,31.337000,1085.18,1024.35,1053.33,1021.89,-0.03,0.0,0.23,0.45,0.37,0.02,1394.4,645.1552367143199,676.9652618614551,-0.6743488718882426,550.3375514075775,352.703261496866,32.469909358162106,388.49627114409907,138.50230394025854,46.74922890873829,16.299485732864582,4.474196659093835
34822172,86.821000,56.507966,30.504515,1085.28,1022.44,1053.12,1021.47,-0.03,0.0,0.25,0.13,0.33,0.06,1394.11,645.1558856217621,676.9789163897652,-0.646727995309929,550.8494218448985,352.52440830012165,32.299254066294345,390.55756752834515,136.90375118297123,45.85663839505001,16.20711861712968,4.2127825528921505
34822272,86.921000,55.835772,27.214206,1085.34,1021.9,1053.09,1021.37,-0.02,-0.0,0.25,0.13,0.33,0.06,1393.03,645.1558856217621,676.9789163897652,-0.646727995309929,550.8494218448985,352.52440830012165,32.299254066294345,390.55756752834515,136.90375118297123,45.85663839505001,16.20711861712968,4.2127825528921505
34822373,87.020000,55.249790,23.900529,1085.51,1021.89,1053.15,1021.38,-0.03,-0.0,0.26,0.03,0.33,0.08,1393.28,645.1675474909501,676.9579518148145,-0.6669884979778453,551.982341685804,352.0771725407463,31.95082825730024,394.13959015273736,134.3994901987836,44.68519065891819,16.004422877847855,3.9378260983048676
34822473,87.120000,55.204750,23.598597,1085.51,1021.89,1053.15,1021.38,-0.03,-0.0,0.29,0.03,0.34,0.08,1393.69,645.1545048793585,676.9552041103136,-0.6722183554439812,553.5871217894395,351.43276882046166,31.584255509067802,397.63100580980944,132.05244992091255,44.081392428233656,15.710953658911308,3.9868790341694975
34822572,87.220000,54.001627,21.756519,1085.41,1021.92,1053.07,1021.33,-0.02,-0.0,0.27,0.04,0.32,0.09,1393.92,645.1576730744166,676.933338666819,-0.7163285772912952,554.6739164604272,350.9923612632237,31.12431835302769,400.78132265016967,129.91291687592667,43.72152722533765,15.51506905614704,3.8114973767218423
34822672,87.320000,53.854458,21.541685,1085.36,1021.93,1053.18,1021.24,-0.03,-0.0,1.0,0.04,1.0,0.11,1394.27,645.1576730744166,676.933338666819,-0.7163285772912952,554.6739164604272,350.9923612632237,31.12431835302769,400.78132265016967,129.91291687592667,43.72152722533765,15.51506905614704,3.8114973767218423
34822773,87.420000,53.848897,21.544014,1080.88,1021.31,1049.8,1019.98,-0.03,-0.0,0.69,0.07,0.89,0.36,1393.01,645.1093489209385,676.9709102098411,-0.5933512898051718,552.8032719387575,351.7124398851934,31.631884342346922,396.88483890476687,132.2162629957023,44.009414173654925,15.843570796545535,3.700823303265885
34822874,87.520000,40.000375,14.662478,1077.02,1020.48,1047.27,1020.75,-0.03,-0.0,0.03,0.21,0.39,0.2,1393.18,645.161639162351,676.9516567996518,-0.6864703332930941,551.7276356376383,352.21359762265143,31.815281883022266,395.7944520548827,132.67593258417116,43.63809763999568,16.051645503261575,3.2821204309203935
34822974,87.621000,38.429176,13.898585,1076.76,1020.12,1047.5,1020.53,-0.03,-0.0,0.01,0.27,0.44,0.25,1392.27,645.1707074485431,676.9571152762804,-0.6798074536222856,552.840557037366,351.751364045818,31.575506542947178,398.89423307771284,130.58785745850454,42.70110749241608,15.849935259582981,3.140929900540918
34823074,87.722000,37.693173,13.455137,1077.5,1019.9,1046.88,1020.19,-0.03,-0.0,0.11,0.31,0.31,0.32,1392.37,645.1609978577001,676.9450194513739,-0.6620315270483627,556.5759032868546,350.3758898832229,30.828276096581295,406.68841857367795,126.04582054375746,41.24773077353211,15.17683342587386,3.395436941813511
34823174,87.824000,35.722291,11.113351,1078.0,1019.99,1047.09,1020.6,-0.03,-0.0,0.2,0.3,0.36,0.24,1392.83,645.1600785847513,676.9196844386266,-0.6851430178592929,560.7801476315362,348.90167023301535,29.56429540402475,406.68841857367795,126.04582054375746,41.24773077353211,15.17683342587386,3.395436941813511
34823275,87.923000,35.511921,10.369436,1078.39,1020.09,1047.09,1020.49,-0.03,-0.0,0.27,0.28,0.36,0.26,1393.31,645.1514062195746,676.901373069793,-0.7030330540963134,564.4687688603069,347.5790526723684,28.193643715324633,425.14716139373655,115.23380045616443,38.5332648909005,13.76608220687949,3.4160786351616146
34823376,88.026000,35.799732,10.007192,1078.57,1020.23,1047.0,1020.41,-0.03,-0.0,0.3,0.26,0.34,0.28,1393.75,645.1727011212953,676.9131306655262,-0.6745835773634347,565.8449384904694,347.0519716997829,27.72420284175653,429.7202844880258,112.63817930644514,37.49036934409637,13.52218631847829,3.0994658840683265
34823475,88.125000,37.312132,8.363301,1078.25,1020.52,1047.01,1020.56,-0.03,-0.0,0.24,0.21,0.34,0.25,1394.04,645.1622875686978,676.9200868273444,-0.682833814018185,565.1448604256599,347.2075621751291,27.85562999088411,428.5499552974625,113.11908431362417,37.73446129024957,13.641292621585702,2.981757449147409
34823576,88.223000,37.449395,8.187134,1078.04,1020.67,1046.82,1020.57,-0.03,-0.0,0.21,0.18,0.3,0.24,1394.39,645.1622875686978,676.9200868273444,-0.682833814018185,565.1448604256599,347.2075621751291,27.85562999088411,428.5499552974625,113.11908431362417,37.73446129024957,13.641292621585702,2.981757449147409
34823675,88.324000,37.707274,7.930479,1077.66,1021.03,1046.87,1020.52,-0.03,-0.0,1.0,0.12,1.0,0.26,1394.67,645.1527281979887,676.9131982527564,-0.7132237134723479,559.1856439505827,349.1549394504183,29.402579374693453,415.6627027901773,119.94580389484581,39.294782764352185,14.696943894066665,2.6595064049449313
34823775,88.422000,37.690578,5.948505,1073.44,1020.02,1043.71,1019.18,-0.03,-0.0,1.0,0.3,1.0,0.52,1394.13,645.1562416277047,676.9296194737063,-0.6559348817244965,556.8121722683735,350.138297096096,29.99580680426702,409.9475002111517,123.21428537638867,40.55136434236582,15.127616656186124,2.65561329674329
34823875,88.524000,36.784042,6.223111,1069.12,1018.97,1043.05,1025.32,-0.03,-0.0,1.0,0.48,1.0,0.71,1393.14,645.1598829905338,676.9390392963343,-0.6778571968681018,556.2936172497781,350.2678989513727,30.01972345815678,409.3587388347482,123.32487432411362,40.47240475267221,15.218239969490137,2.484668211287474
34823976,88.624000,35.193420,5.401003,1066.37,1024.3,1040.26,1022.28,-0.03,-0.0,1.0,0.43,1.0,0.1,1393.03,645.1421019152091,676.9040205305314,-0.6898448431176382,558.8483777907278,349.4232662066604,29.559961156221327,409.3587388347482,123.32487432411362,40.47240475267221,15.218239969490137,2.484668211287474
34824076,88.724000,33.136726,5.851451,1063.43,1022.6,1037.42,1020.89,-0.03,-0.0,0.88,0.14,1.0,0.18,1392.21,645.1645616026918,676.8985056351466,-0.6912057690214761,565.5617457570453,347.2823718010013,28.344088115448802,409.3587388347482,123.32487432411362,40.47240475267221,15.218239969490137,2.484668211287474
34824176,88.823000,31.024430,6.215718,1060.37,1020.33,1034.75,1019.79,-0.03,-0.0,0.63,0.24,1.0,0.4,1391.12,645.182945536122,676.8650881949038,-0.7367796859206384,574.1068267471895,344.64382643737287,25.884019286212062,409.3587388347482,123.32487432411362,40.47240475267221,15.218239969490137,2.484668211287474
34824275,88.924000,29.624211,3.929737,1058.23,1018.86,1033.43,1022.13,-0.03,-0.0,0.62,0.5,1.0,0.07,1390.81,645.1909265965842,676.8547270410462,-0.7398200163319455,583.5756366387152,342.0335292940031,23.10661570492725,409.3587388347482,123.32487432411362,40.47240475267221,15.218239969490137,2.484668211287474
34824376,89.022000,28.695716,3.127772,1057.92,1023.52,1031.19,1020.81,-0.03,-0.0,0.93,0.3,0.68,0.2,1389.97,645.1935265775592,676.8114889093702,-0.7668712253454534,590.6700786944705,340.1885139155204,20.815061760003864,409.3587388347482,123.32487432411362,40.47240475267221,15.218239969490137,2.484668211287474
34824476,89.124000,28.391311,2.454384,1055.36,1022.71,1029.39,1019.97,-0.02,-0.0,0.74,0.16,0.78,0.37,1390.37,645.1961811110922,676.8274032287441,-0.7589981120282068,595.0671866025222,339.22094637562645,19.04688057835713,507.0648998047987,79.09126558414077,21.971611029006084,8.445770722570927,1.7992189503254679
34824576,89.224000,29.357527,-0.055555,1052.06,1021.33,1028.31,1021.6,-0.02,-0.0,0.33,0.07,0.72,0.04,1389.94,645.1892729881553,676.8027684544595,-0.7745153854530784,595.6864419269299,338.991999224075,18.458453886410013,511.61221824523983,77.41873143353115,20.58202324594616,8.33679361560632,1.1447263159566106
34824676,89.325000,29.621096,-0.505166,1051.42,1021.11,1026.63,1020.76,-0.02,0.0,0.22,0.11,0.39,0.21,1390.84,645.1884768595785,676.8554896403874,-0.7081462482431442,594.2145551365284,339.3956883967971,18.901885447366432,509.896509360148,77.61726119680154,20.12779985438072,8.589695980078147,0.6742019711048677
34824776,89.425000,29.799201,-1.277709,1051.32,1021.28,1026.52,1020.46,-0.02,-0.0,0.21,0.08,0.36,0.27,1391.56,645.1905512122753,676.8232931093244,-0.7334342885616458,594.2145551365284,339.3956883967971,18.901885447366432,509.896509360148,77.61726119680154,20.12779985438072,8.589695980078147,0.6742019711048677
34824877,89.526000,29.503789,-2.537339,1051.35,1021.33,1026.41,1020.57,-0.02,-0.0,0.05,0.08,0.97,0.35,1392.16,645.1905512122753,676.8232931093244,-0.7334342885616458,592.0300272653667,339.78764039531416,19.27131836392307,505.53332869663456,79.06667898614995,20.511707988477855,8.963399073830761,0.42696425410647265
34824976,89.625000,28.238663,-1.729653,1051.37,1021.34,1024.73,1020.97,-0.02,-0.0,0.03,0.08,0.63,0.43,1392.32,645.1742282928133,676.8191104552023,-0.7504953112580642,589.1535298724949,340.44072264499584,19.969925579723796,498.8038232945746,81.09742673152859,21.434761192478753,9.455300805757261,0.29665195571015346
34825076,89.725000,26.782194,-2.755642,1051.59,1021.29,1024.82,1024.44,-0.02,-0.0,0.07,0.08,0.65,0.27,1392.36,645.1751843946906,676.8402963084283,-0.7048841284785177,589.4930097229793,340.3547760787431,19.95102932951493,500.1955270369298,80.50045069127178,20.928059420759254,9.396247393760882,0.1725015949772164
34825177,89.824000,25.228128,-3.003839,1051.66,1021.31,1023.61,1023.45,-0.02,-0.0,0.08,0.08,0.41,0.07,1392.91,645.1939153960221,676.8228233926026,-0.7395898715877375,590.8577696902471,340.0691586733791,19.70395696778401,504.79232829926354,79.03076425152308,19.738848042741267,9.165835773928144,-0.08406934240602837
34825276,89.924000,24.146971,-4.456469,1051.94,1021.23,1023.26,1022.95,-0.02,-0.0,0.12,0.09,0.34,0.03,1392.23,645.1923362935556,676.8028773972592,-0.7609787050136838,593.1064555418837,339.6044711420579,19.147310094607885,510.77490889306847,77.1556195632589,18.210966426071785,8.780884268370253,-0.14486066087333427
34825377,90.025000,23.471379,-5.782767,1052.0,1021.14,1023.42,1023.0,-0.02,-0.0,0.91,0.11,0.37,0.37,1392.23,645.2007771244711,676.8352281023258,-0.7141178097294669,594.9180299111596,339.22743151322084,18.50602415196086,515.8973186057531,75.68700495166216,17.64528628737631,8.471266656315088,-0.2515502718009266
34825477,90.124000,22.823188,-6.773798,1049.04,1020.06,1023.99,1025.36,-0.02,-0.0,0.6,0.29,0.49,0.18,1392.83,645.1789203611295,676.8457107476364,-0.6650462057000016,595.9040329524363,339.02674298463825,18.27407186460099,518.2903673066185,74.91154410561697,17.27082194972687,8.298742798040987,-0.2213785515871507
34825576,90.224000,21.815344,-7.835440,1046.51,1019.18,1023.3,1024.94,-0.02,-0.0,0.17,0.45,0.35,0.27,1392.83,644.6355936286056,676.5322384942104,-0.6025671710921741,595.2269924753364,338.8861551103672,18.17883189054919,518.0616487303602,74.81217691711484,17.120373805671207,8.325148471525395,-0.36134908048274994
34825676,90.324000,19.857611,-8.260193,1047.58,1023.63,1023.17,1024.84,-0.02,-0.0,0.57,0.31,0.33,0.75,1392.95,644.5166122996181,676.5269555499993,-0.47865507746065056,593.9040649780158,337.8573935207406,18.439559438778424,515.7235487181198,73.15357330478206,16.870269290173624,8.49967600911284,-0.5447980978550184
34825777,90.425000,19.251596,-8.292661,1046.46,1023.55,1026.82,1035.41,-0.03,0.0,0.56,0.3,1.0,1.0,1392.31,644.6043588301028,677.8817343630101,-0.546597069218736,593.607126429997,337.7378011399668,18.479988676224632,514.4827664242315,72.10430017601493,17.33238236572093,8.526752922389878,-0.4662688466889797
34825877,90.524000,19.159338,-11.964911,1044.29,1022.36,1024.49,1031.43,-0.03,0.0,0.19,0.1,0.59,0.36,1391.83,644.5974290340577,677.9354156257937,-0.5485601340553351,594.0036938510108,337.657985332533,18.41137443529891,517.2726415128549,71.21447768988425,15.991493166659254,8.456997127989807,-0.8485226037730236
34825976,90.625000,17.451549,-14.575929,1044.28,1021.98,1022.69,1030.05,-0.03,0.0,0.19,0.03,0.23,0.08,1392.45,644.4946450446006,678.7885477753218,-0.1287995312262816,594.0036938510108,337.657985332533,18.41137443529891,517.2726415128549,71.21447768988425,15.991493166659254,8.456997127989807,-0.8485226037730236
34826076,90.725000,16.736459,-14.886275,1044.65,1021.7,1022.49,1029.94,-0.03,0.0,0.7,0.02,0.19,0.77,1392.99,644.5006589089481,678.8262851921843,-0.1595511801767627,594.0036938510108,337.657985332533,18.41137443529891,517.2726415128549,71.21447768988425,15.991493166659254,8.456997127989807,-0.8485226037730236
34826176,90.824000,15.452520,-13.060466,1042.74,1020.75,1025.95,1040.03,-0.03,0.0,0.67,0.18,0.89,0.73,1390.42,644.5218865857084,678.679930859517,-0.33538984181197595,594.0036938510108,337.657985332533,18.41137443529891,517.2726415128549,71.21447768988425,15.991493166659254,8.456997127989807,-0.8485226037730236
34826276,90.924000,14.123492,-12.926288,1040.37,1019.6,1024.1,1036.21,-0.03,0.0,0.39,0.37,0.52,0.1,1390.19,644.5694694016321,677.6111656872279,-0.5084229784360449,606.1203500497357,335.50910686420696,15.020629130919614,550.5229470068813,63.09245630556574,9.563640127173006,6.412607372060571,-1.2901562931360218
34826376,91.025000,13.181916,-13.644902,1040.2,1021.63,1022.67,1035.7,-0.03,0.0,0.36,0.03,0.23,0.2,1389.69,644.5694694016321,677.6111656872279,-0.5084229784360449,606.1203500497357,335.50910686420696,15.020629130919614,550.5229470068813,63.09245630556574,9.563640127173006,6.412607372060571,-1.2901562931360218
34826476,91.124000,12.626492,-13.231509,1040.14,1021.82,1022.7,1035.71,-0.03,0.0,0.8,0.0,0.24,0.19,1390.3,644.508826161754,676.7909830644252,-0.47373511037528077,607.6380386532703,335.40553501416065,14.474961058747187,556.8942222803815,62.41426920888347,8.731419774317882,6.164244738372367,-1.7984867091813133
34826576,91.223000,12.524481,-13.850658,1037.53,1020.88,1022.71,1035.76,-0.03,0.0,0.36,0.16,0.24,0.2,1390.95,644.5180092745171,676.5111863833883,-0.5068575515910989,607.3273511590294,335.4768015502851,14.614741802376608,555.9474739646193,63.01795987020515,8.827442793863469,6.2236552320188965,-1.7679725214303943
34826676,91.324000,12.986789,-14.426483,1036.91,1020.63,1022.73,1035.67,-0.03,0.0,0.51,0.2,0.24,0.13,1390.19,644.5180092745171,676.5111863833883,-0.5068575515910989,607.3273511590294,335.4768015502851,14.614741802376608,555.9474739646193,63.01795987020515,8.827442793863469,6.2236552320188965,-1.7679725214303943
34826777,91.425000,13.676698,-14.554521,1035.41,1019.85,1022.71,1035.61,-0.03,0.0,0.25,0.33,0.24,0.11,1391.1,644.5117631307456,676.1975699324742,-0.6038648361130834,606.3511252866268,335.62440659598496,14.737875487894994,554.4669245088777,63.493824319805704,8.723198931797807,6.393227383119074,-1.992038340756185
34826876,91.526000,14.665014,-19.083819,1035.76,1021.07,1022.75,1035.7,-0.03,-0.0,0.31,0.13,0.25,0.13,1391.68,644.6228291544695,676.2458136176637,-0.6012020364893382,606.7391874390366,336.15660590033303,14.727816582630485,554.1484071889491,64.47161006601837,9.433161532039591,6.356159409728136,-1.7569171026190187
34826977,91.625000,14.057597,-20.191509,1036.18,1021.15,1022.77,1035.55,-0.03,-0.0,0.2,0.11,0.25,0.16,1392.35,644.6603086841943,676.4545317633703,-0.552447199416412,607.8755660034532,336.27573133935635,14.345987709393675,557.187410147722,64.33157163308701,8.757568749932119,6.171616189908575,-1.7849292723558747
34827077,91.726000,13.614918,-19.722047,1036.23,1020.97,1022.72,1035.71,-0.03,-0.0,0.21,0.15,0.24,0.13,1391.83,644.7151251832348,676.6692567453373,-0.6205604334242207,609.8945606392691,336.4512461355289,13.899291936840847,561.1580447941238,63.943815219158445,8.159837587562157,5.843749044046787,-1.5476524525033906
34827177,91.826000,13.624821,-19.715833,1036.47,1021.0,1022.85,1035.66,-0.03,-0.0,0.26,0.14,0.27,1.0,1392.21,644.7151251832348,676.6692567453373,-0.6205604334242207,609.8945606392691,336.4512461355289,13.899291936840847,561.1580447941238,63.943815219158445,8.159837587562157,5.843749044046787,-1.5476524525033906
34827278,91.926000,6.998545,-18.999527,1036.38,1020.92,1026.89,1047.47,-0.03,-0.0,0.25,0.15,1.0,1.0,1392.0,645.1782099505582,676.8198736608125,-0.6736912526174685,612.0925598212311,336.37477523711703,13.37402816051608,566.1163025340081,63.40361260187749,7.6681296049476995,5.550773830650738,-1.5410089341618427
34827378,92.026000,1.202695,-21.076774,1036.42,1020.92,1024.51,1042.72,-0.03,-0.0,0.25,0.16,0.6,0.24,1391.59,645.2167263517597,676.7530114189813,-0.8192220993664849,613.5995935604451,336.1445882996711,12.759727063324972,572.1369094359702,62.35590463252654,6.240042243327352,5.303309697915926,-1.9951547421927671
34827479,92.131000,-0.143278,-24.663616,1036.46,1020.99,1022.69,1041.94,-0.03,-0.0,0.26,0.14,0.24,0.08,1392.22,645.2049062977769,676.8311280354873,-0.6734937863523396,612.843895741334,336.1537222725595,12.980162614723803,574.8895318227356,61.82700276009781,4.651965011965737,5.426255296161085,-2.97538315230228
34827579,92.233000,-0.147391,-26.181455,1036.49,1021.04,1022.67,1041.99,-0.03,-0.0,0.27,0.14,0.24,0.09,1392.83,645.1996972242832,676.7238686953712,-0.8266473293988237,612.6819893363725,336.204844535701,13.05360687827835,573.6492964235199,62.015241346386446,5.028955758136819,5.454892859516316,-2.8077921285994982
34827679,92.328000,0.992371,-27.019921,1036.41,1020.94,1022.75,1041.99,-0.03,-0.0,1.0,0.18,0.25,0.9,1393.53,645.1983264319583,676.8120701347453,-0.7334696024454781,612.6876308785561,336.1843320215296,13.134851412449299,572.9098077232862,62.22254396469799,5.214542740023931,5.451993515121487,-2.642669510908364
34827780,92.427000,1.676890,-27.608123,1033.8,1020.08,1026.38,1052.57,-0.03,-0.0,1.0,0.3,0.98,0.75,1391.88,645.178159494357,676.811094650074,-0.6779913240413012,611.7760562915548,336.3693107393519,13.167712983257493,572.8527218326492,62.06994435911586,5.074981910673192,5.603583008231395,-3.130762206229411
34827879,92.529000,2.090517,-28.219248,1030.97,1018.99,1023.92,1048.31,-0.03,-0.0,1.0,0.49,0.49,0.22,1391.39,645.2042778509751,676.8006739085891,-0.7251968672602128,611.8060330536996,336.4068448169418,13.305922695737587,572.2781581540654,62.248568221276535,5.05853269615421,5.603724156489443,-3.003135845600756
34827979,92.628000,2.285519,-28.260477,1030.13,1023.16,1022.79,1047.64,-0.03,-0.0,1.0,0.22,0.26,0.36,1390.41,645.2047255835618,676.7573859981843,-0.7881297837842434,611.6740515674874,336.43330312541417,13.42755558478236,576.0683284229575,61.62810581588515,3.110881943572753,5.626947088494137,-3.8713723430141345
34828079,92.727000,1.728960,-27.773033,1028.31,1022.53,1023.38,1049.54,-0.03,-0.0,0.83,0.12,0.38,0.11,1390.6,645.2047255835618,676.7573859981843,-0.7881297837842434,611.6740515674874,336.43330312541417,13.42755558478236,576.0683284229575,61.62810581588515,3.110881943572753,5.626947088494137,-3.8713723430141345
34828180,92.827000,0.724095,-28.893255,1026.19,1021.01,1023.5,1049.42,-0.03,-0.0,0.47,0.14,0.4,0.13,1391.34,645.205166869411,676.733603407693,-0.8167898113313762,617.4961330179952,335.69902919189025,11.83110046965901,587.6784190603682,60.09420048543277,1.068196158798713,4.645074202617676,-3.1153298362658015
34828280,92.928000,-1.002048,-30.001440,1025.24,1020.18,1023.46,1049.13,-0.02,-0.0,0.57,0.29,0.4,0.32,1390.84,645.2104622842473,676.7386815672862,-0.8314056371900849,621.7716419296628,335.35075125510104,10.72954622447478,587.6784190603682,60.09420048543277,1.068196158798713,4.645074202617676,-3.1153298362658015
34828379,93.028000,-1.786939,-30.228601,1023.94,1019.39,1023.4,1049.67,-0.02,0.0,0.35,0.42,0.38,0.21,1391.55,645.2078619912986,676.7149292607993,-0.8529977246419239,627.1812460923528,334.86346453800553,8.942335684364869,587.6784190603682,60.09420048543277,1.068196158798713,4.645074202617676,-3.1153298362658015
34828479,93.128000,-5.674710,-29.782282,1025.05,1022.87,1023.38,1049.45,-0.03,0.0,0.54,0.17,0.38,0.26,1391.92,645.2063666087155,676.7092678743923,-0.8430001796271459,631.4735450341066,334.533178225391,7.609157450591862,624.2996701532928,56.5908102247341,-4.358246989249229,2.2982630660483947,-3.1180127354198195
34828579,93.228000,-8.486565,-29.491694,1024.24,1022.87,1023.35,1049.45,-0.03,0.0,0.4,0.17,0.38,0.26,1392.17,645.2063666087155,676.7092678743923,-0.8430001796271459,631.4735450341066,334.533178225391,7.609157450591862,624.2996701532928,56.5908102247341,-4.358246989249229,2.2982630660483947,-3.1180127354198195
34828680,93.328000,-11.413643,-30.554047,1023.27,1022.28,1023.27,1049.44,-0.03,0.0,0.36,1.0,0.36,0.37,1392.87,645.2307877400104,676.8130096753781,-0.7130094274114178,634.3057574175672,334.35595280518487,6.6370304735930565,633.188926378933,56.227514675130585,-4.830890264521815,1.8272244452025932,-3.4243776274873774
34828779,93.428000,-11.030192,-33.523381,1026.13,1032.87,1023.83,1051.56,-0.03,0.0,0.85,0.19,0.47,0.05,1391.05,645.2213243340796,676.7986970693435,-0.7425025036276799,633.4558882159201,334.3717139619739,6.517626410034174,631.9816922309172,56.19308766122548,-5.011976806521807,1.967849450670886,-3.6320651587421096
34828879,93.528000,-9.409262,-37.322766,1025.61,1033.14,1023.13,1051.09,-0.03,0.0,0.76,0.04,0.33,0.86,1390.52,645.2176621608666,676.7366475068166,-0.8242574836402405,631.8147278953816,334.43724387587474,6.976678117491765,628.5277894470702,56.33435959585528,-4.484999324148483,2.242304441631579,-3.807453259629883
34828980,93.627000,-8.210126,-38.408071,1023.44,1031.76,1026.48,1061.04,-0.02,0.0,0.4,0.2,1.0,1.0,1389.37,645.2276244113817,676.7266980139899,-0.8223885264608021,631.0263394022587,334.3112803238943,7.022725070009561,626.1812800337849,56.362779860990415,-4.043461045224803,2.3749153968882943,-3.7511805369858253
34829079,93.727000,-8.020373,-37.225801,1022.91,1031.0,1023.79,1055.57,-0.02,0.01,0.31,0.33,0.47,0.04,1388.21,645.2390202132979,676.7268288385684,-0.8516245727079029,632.2391579078142,334.36313642613374,6.8185825619173555,629.2987065203309,56.39907870312315,-5.428023562060507,2.174528443964051,-3.742974318350232
34829180,93.827000,-8.103136,-36.656250,1023.43,1031.69,1022.67,1055.19,-0.02,0.01,0.39,0.3,0.24,0.78,1389.23,645.2053910839207,676.8087374346624,-0.7061202944119912,634.6873595803684,334.3354162337075,6.191381103628313,629.2987065203309,56.39907870312315,-5.428023562060507,2.174528443964051,-3.742974318350232
34829279,93.928000,-8.589600,-37.361981,1023.39,1031.41,1025.8,1064.71,-0.02,0.01,0.39,0.24,0.87,1.0,1388.19,645.2840588677312,676.7927147548229,-0.7744731945969623,640.6434107952559,334.09779892422813,4.720968053087761,629.2987065203309,56.39907870312315,-5.428023562060507,2.174528443964051,-3.742974318350232
34829379,94.027000,-10.154805,-37.005321,1023.17,1031.15,1023.29,1059.25,-0.02,0.01,0.35,0.11,0.37,0.01,1388.66,645.2840588677312,676.7927147548229,-0.7744731945969623,640.6434107952559,334.09779892422813,4.720968053087761,629.2987065203309,56.39907870312315,-5.428023562060507,2.174528443964051,-3.742974318350232
34829480,94.127000,-12.321420,-36.352573,1022.79,1030.75,1022.83,1058.29,-0.02,0.01,0.29,0.22,0.28,0.11,1389.87,645.2782940331256,676.7912952930691,-0.7797658811116954,646.9448956436598,334.005477262923,2.573809386326574,675.1768218196729,57.30162586793959,-15.185528423819148,-0.2785660345248684,-5.268562232447691
34829580,94.228000,-14.274371,-38.197910,1022.89,1030.86,1022.7,1059.34,-0.02,0.01,0.31,0.2,0.25,0.1,1388.49,645.2638566889381,676.7901927372911,-0.8022665253870958,649.4241156365646,333.89773240990763,1.9717753005924383,677.7147437970104,57.029426152333414,-13.445172423890334,-0.6951263493433378,-4.444027682610306
34829679,94.327000,-16.868089,-38.447097,1022.79,1031.04,1022.76,1058.53,-0.02,0.01,0.29,0.17,0.26,0.06,1389.26,645.211807013544,676.7906467309704,-0.7385243035151826,648.0486624151803,333.93497780669946,2.1974154841745928,677.9106454449123,57.34421049542525,-14.546363277587343,-0.47406575769647974,-5.21391019302741
34829779,94.427000,-18.136733,-37.904290,1022.42,1031.08,1022.84,1059.17,-0.02,0.01,0.23,1.0,0.28,0.22,1388.82,645.2614415311534,676.7211546334173,-0.8754239947706176,645.3812091615345,333.9956887615648,2.9868988862469843,671.9961956773188,56.795875350388975,-13.316859190477814,-0.02002237985532667,-5.4443248586771205
34829879,94.527000,-18.209614,-39.041956,1025.94,1042.59,1022.74,1059.51,-0.02,0.01,0.83,0.65,0.26,0.16,1389.34,645.2614415311534,676.7211546334173,-0.8754239947706176,645.3812091615345,333.9956887615648,2.9868988862469843,671.9961956773188,56.795875350388975,-13.316859190477814,-0.02002237985532667,-5.4443248586771205
34829979,94.627000,-17.480269,-40.086794,1025.07,1041.06,1022.72,1059.26,-0.02,0.01,0.68,0.16,0.26,0.32,1389.7,645.2808964516165,676.7826327705408,-0.7815852027378266,642.8877860212934,334.00798368600664,3.5821399274964296,664.2503042709736,56.61376949734485,-12.966787462019335,0.40000886943674263,-5.203754131963502
34830079,94.727000,-15.989816,-41.252830,1022.95,1039.35,1023.06,1059.95,-0.02,0.01,0.32,0.13,0.32,0.19,1390.65,645.2781150468749,676.7997941754551,-0.7684957873646538,639.9507202255927,334.01128218997263,3.889070241991804,658.973272213171,56.45296368685635,-12.033993517234176,0.890381844633765,-5.701418171211465
34830179,94.828000,-15.061418,-41.780688,1022.98,1038.83,1023.18,1059.89,-0.02,0.01,0.33,0.16,0.35,0.64,1390.28,645.2758030722164,676.7913277971699,-0.8135076746322208,643.6435151900434,333.98635025299814,3.405508889748639,664.0313156607058,56.45423926064835,-12.92880966992379,0.2728154663244588,-4.7470921757966345
34830280,94.928000,-14.520573,-41.437867,1023.27,1038.44,1026.25,1068.13,-0.02,0.01,0.38,0.09,0.96,1.0,1390.08,645.2821561591658,676.7722926472314,-0.7821335242454314,648.89661754929,333.9299592532473,2.1600041946682946,664.0313156607058,56.45423926064835,-12.92880966992379,0.2728154663244588,-4.7470921757966345
34830380,95.028000,-13.968944,-41.009184,1023.19,1037.98,1023.2,1062.82,-0.02,0.01,0.36,0.01,0.35,0.06,1390.56,645.2849118029816,676.8031215822881,-0.791700617253483,655.3913919269944,334.0158110703723,0.11135336450238485,664.0313156607058,56.45423926064835,-12.92880966992379,0.2728154663244588,-4.7470921757966345
34830480,95.128000,-14.107864,-41.893734,1023.14,1037.74,1022.8,1062.8,-0.02,0.01,0.35,0.32,0.27,0.01,1390.27,645.2814326297746,676.7843388780441,-0.8102601916373345,659.3387550367482,334.1621017812595,-1.3661624687242238,664.0313156607058,56.45423926064835,-12.92880966992379,0.2728154663244588,-4.7470921757966345
34830580,95.227000,-14.260070,-42.615146,1022.82,1037.44,1022.81,1063.02,-0.02,0.0,0.3,0.24,0.28,0.14,1391.0,645.236212875751,676.7161089927031,-0.8981358905549677,663.0317423713849,334.46360288692915,-2.6103558676864145,716.3931451043702,61.45537574178932,-20.381666389588016,-2.9764322004825097,-5.106574234460368
34830681,95.328000,-14.258845,-42.614895,1022.58,1037.72,1022.76,1063.07,-0.02,0.0,0.26,0.27,0.27,0.28,1391.81,645.2687168536286,676.7824981452613,-0.8273783141719758,662.8353194190876,334.494896572023,-2.8004750817370128,718.3902343607772,61.673110313237544,-20.811073296055664,-2.9379092971813017,-5.634001144851481
34830780,95.428000,-14.030763,-42.589104,1022.42,1037.97,1022.78,1063.09,-0.02,0.0,0.23,0.31,0.27,0.27,1392.58,645.2777222298291,676.7905557435757,-0.8168492681254588,660.4730404698477,334.3676696271911,-1.9693756096740787,712.9854823771851,61.08241434014578,-20.518837836696417,-2.5408838823974036,-5.795183663802843
34830880,95.528000,-14.175134,-42.554147,1022.23,1038.04,1022.72,1063.17,-0.02,0.0,0.2,0.36,0.26,0.25,1393.28,645.2639308611807,676.7867295831293,-0.8007756639679512,656.491728080112,334.1864650683837,-0.8441291321204295,703.4882687874428,59.84823135454931,-20.450878438896716,-1.8770424323557822,-5.9668244511546265
34830981,95.631000,-25.412967,-44.013741,1021.95,1037.59,1022.82,1062.96,-0.02,0.0,0.15,0.26,0.28,0.29,1393.73,645.2639308611807,676.7867295831293,-0.8007756639679512,656.491728080112,334.1864650683837,-0.8441291321204295,703.4882687874428,59.84823135454931,-20.450878438896716,-1.8770424323557822,-5.9668244511546265
34831082,95.733000,-32.760360,-45.933622,1022.07,1037.38,1022.79,1063.02,-0.02,0.0,0.17,1.0,0.27,0.57,1394.08,645.2659091255242,676.768537008257,-0.7905991048835896,652.2367092748782,333.94888812230937,-0.139988979426569,694.0737352118374,59.024195557322145,-18.42588106846687,-1.1648760458685268,-6.322924068004959
34831181,95.835000,-30.987856,-50.568484,1025.28,1047.3,1025.36,1070.3,-0.02,0.0,0.72,1.0,0.79,0.5,1391.91,645.21822682041,676.8202378430635,-0.7221399099505861,649.9571992295866,333.915010408214,0.4413409628407567,687.308723633908,58.115971116995446,-16.502172162398637,-0.79178097062207,-6.129093001981648
34831281,95.929000,-28.864995,-53.813664,1028.85,1058.28,1022.97,1066.8,-0.02,0.0,1.0,0.61,0.31,0.2,1390.06,645.2629670366333,676.7720166415739,-0.8250571428132705,650.0628590587331,333.9516954729838,0.39659966170752425,686.7673204123414,58.20571237946232,-16.523340484370216,-0.8021566094950199,-5.97773958497514
34831382,96.030000,-28.378447,-54.306780,1027.05,1055.41,1022.7,1066.64,-0.02,0.0,1.0,0.79,0.26,1.0,1389.07,645.2485951115939,676.7018207014393,-0.8658943601459095,655.7991872600437,333.9713763330094,-0.9541625396050564,691.9990099110998,58.71241277442324,-18.015672189590752,-1.1583270175784361,-5.905907173938983
34831482,96.128000,-29.274431,-52.800623,1023.4,1049.98,1026.01,1077.71,-0.02,0.0,0.41,0.05,0.92,0.31,1389.06,645.2876251501315,676.7862900148252,-0.777895549553902,662.7853749805805,334.27495599912925,-2.115562900610209,691.9990099110998,58.71241277442324,-18.015672189590752,-1.1583270175784361,-5.905907173938983
34831581,96.231000,-30.968025,-51.880241,1022.3,1048.47,1024.0,1075.84,-0.02,-0.0,0.41,0.05,0.92,0.31,1388.11,645.2818301178197,676.7903928826906,-0.8263842809853763,670.3480628104921,334.94873453666906,-4.230659668049603,691.9990099110998,58.71241277442324,-18.015672189590752,-1.1583270175784361,-5.905907173938983
34831681,96.329000,-31.784324,-51.908768,1022.3,1048.47,1024.0,1075.84,-0.02,0.0,0.22,0.46,0.52,0.23,1388.8,645.2603248211535,676.7407466484449,-0.88253297297828,677.2550885018559,335.75548041321963,-7.054791494874134,691.9990099110998,58.71241277442324,-18.015672189590752,-1.1583270175784361,-5.905907173938983
34831781,96.428000,-31.783036,-51.908411,1023.5,1053.23,1021.9,1075.05,-0.02,0.0,0.52,0.29,0.14,0.07,1389.78,645.2598088672215,676.7478080487689,-0.8973155830153081,682.6836087290354,336.51652133817714,-8.930064922977301,773.3529332729585,74.2919031999066,-32.208111804153916,-6.277025332348836,-6.519783557152406
34831882,96.529000,-35.663928,-53.281571,1023.5,1053.23,1021.9,1075.05,-0.02,-0.0,0.43,0.35,0.1,0.08,1390.76,645.272574223392,676.7508000432605,-0.8806802530723031,684.2427876439738,336.704051962185,-9.889335403056792,779.98847395998,76.45466416199567,-32.65469960678369,-6.53771857763764,-7.123119343534631
34831986,96.630000,-37.821879,-55.280656,1021.78,1052.54,1021.96,1075.08,-0.02,0.0,0.14,0.2,0.11,0.26,1390.32,645.2635706920976,676.7611618533043,-0.874649630529313,683.7852924067463,336.6941506595131,-9.688861944845682,778.7268007709354,76.0174392728666,-32.30435733997542,-6.462737178588835,-7.086741309303605
34832083,96.736000,-38.010846,-55.645077,1021.78,1052.54,1021.96,1075.08,-0.02,0.0,0.14,0.2,0.11,0.26,1391.24,645.2637862084739,676.7421339802981,-0.8607704060845547,680.7726580198037,336.1999184824088,-8.88238129548285,772.9502399542291,74.55859890508957,-32.57552276104721,-5.952809047971258,-7.502004776456994
34832182,96.830000,-37.934364,-55.298031,1021.73,1052.97,1021.81,1075.09,-0.02,0.0,0.13,1.0,0.08,0.41,1389.66,645.2898574681317,676.7977698035653,-0.8002761499993409,676.964495563082,335.72463270834135,-7.794940868872539,764.101100272297,72.26486926687514,-31.042518871531236,-5.305702705867833,-7.6896960006672455
34832282,96.930000,-37.228293,-56.352818,1025.11,1063.85,1022.59,1078.15,-0.02,0.0,0.7,0.7,0.24,0.2,1389.35,645.2950966231803,676.7900224116046,-0.8214782779343119,674.0286524191508,335.3675378273603,-7.147738552075918,756.3446429372384,70.38626782932843,-29.682141597541364,-4.810582921770879,-7.636154195052248
34832382,97.030000,-36.781470,-57.051578,1024.16,1061.45,1022.74,1078.04,-0.02,0.0,0.54,0.29,0.27,0.18,1390.39,645.2528316761379,676.7290354716412,-0.8846583280537763,672.7464560241484,335.11528011408126,-6.986951652561746,754.2316456884236,69.97817901998411,-29.36080629615271,-4.6013388350527515,-7.881205349073225
34832482,97.130000,-36.372883,-61.298982,1022.18,1059.41,1022.81,1077.82,-0.02,0.0,0.21,0.06,0.28,0.14,1390.09,645.2528316761379,676.7290354716412,-0.8846583280537763,672.7464560241484,335.11528011408126,-6.986951652561746,754.2316456884236,69.97817901998411,-29.36080629615271,-4.6013388350527515,-7.881205349073225
34832582,97.230000,-37.030667,-62.753545,1022.21,1058.9,1022.88,1077.52,-0.02,0.0,0.21,0.03,0.29,0.28,1389.73,645.3133259295572,676.7843788666121,-0.8279678849622807,682.5508858741998,336.4801570160421,-9.159163960956679,761.0570389461094,71.80384274023507,-31.87498994621774,-5.206389265748948,-7.391564227629676
34832683,97.330000,-38.250405,-61.445721,1022.59,1058.37,1022.93,1077.45,-0.02,0.0,0.28,0.06,0.31,0.29,1389.35,645.2959900930703,676.7623012129565,-0.8840747837030946,689.4499604160569,337.52825390099775,-11.347631614698642,761.0570389461094,71.80384274023507,-31.87498994621774,-5.206389265748948,-7.391564227629676
34832782,97.431000,-39.146236,-59.875406,1022.8,1058.02,1022.98,1077.47,-0.02,0.0,0.31,0.12,0.32,0.29,1390.31,645.2582055026054,676.7690696923878,-0.8248446540117773,694.5411836851883,338.5762821590217,-13.128714455052327,804.6925782110903,84.5895544539174,-37.68882110278503,-8.29103958936215,-6.863795429701394
34832883,97.530000,-39.544076,-58.754719,1022.92,1057.96,1022.96,1077.56,-0.02,0.0,0.33,0.13,0.31,0.27,1391.34,645.2761413171482,676.7595192376749,-0.9165195301634328,696.4068220022433,338.85470162818734,-14.180498465217866,811.6212545022772,87.41323458601626,-37.926661480200615,-8.604539021461624,-7.408917534345026
34832984,97.631000,-38.961918,-60.756590,1022.6,1058.06,1022.92,1077.5,-0.02,0.0,0.28,0.51,0.3,0.85,1390.87,645.272326696966,676.7709417391958,-0.9213604449331527,695.9025632756268,338.7568535790027,-14.160004627700905,810.8537342025605,87.23959937200809,-37.809765858717526,-8.518849737241236,-7.52416837926679
34833084,97.732000,-38.541099,-60.971392,1024.27,1063.94,1025.04,1087.65,-0.02,0.0,0.56,0.42,0.73,1.0,1390.4,645.272326696966,676.7709417391958,-0.9213604449331527,695.9025632756268,338.7568535790027,-14.160004627700905,810.8537342025605,87.23959937200809,-37.809765858717526,-8.518849737241236,-7.52416837926679
34833184,97.832000,-38.385810,-60.095953,1023.03,1063.13,1021.91,1082.03,-0.02,0.01,0.35,0.38,0.1,0.12,1390.21,645.3018572195444,676.7828802852646,-0.8922692956015883,687.567649223002,337.22457845257964,-11.747618531817619,796.6073146373016,82.83223342588198,-37.04404791143579,-7.095276024897821,-9.010773582932387
34833284,97.932000,-37.904161,-61.088325,1021.97,1061.22,1021.61,1081.92,-0.02,0.01,0.17,0.13,0.04,0.18,1391.03,645.2931229184644,676.8100774841548,-0.8157921024118069,685.6491158374828,336.92118394646604,-11.199534831567838,790.2587209081125,81.10844926015143,-37.01785514510066,-6.771193649405673,-8.698758077878036
34833384,98.033000,-37.232569,-61.988482,1021.83,1060.78,1021.52,1082.34,-0.02,0.01,0.15,0.08,0.02,0.07,1391.61,645.2931229184644,676.8100774841548,-0.8157921024118069,685.6491158374828,336.92118394646604,-11.199534831567838,790.2587209081125,81.10844926015143,-37.01785514510066,-6.771193649405673,-8.698758077878036
34833483,98.133000,-37.334446,-61.483608,1022.04,1060.68,1021.83,1082.06,-0.02,0.01,0.18,0.06,0.09,0.02,1392.3,645.2695544692308,676.7536012877355,-0.8777283387856437,685.0200689334193,336.87322818717007,-11.244799250915062,789.9811964167494,80.8954270173984,-36.49162338319054,-6.67069059026368,-8.954208030968758
34833584,98.231000,-37.534278,-61.017374,1022.32,1060.28,1021.85,1082.0,-0.02,0.01,0.23,0.19,0.09,0.37,1391.63,645.2776334968112,676.7440999626245,-0.865756738556639,688.2460267844837,337.3558448721869,-11.756411357724062,793.5581500066401,81.62959269146053,-36.61068852876871,-7.215567154468922,-7.951506095490112
34833683,98.331000,-37.862438,-61.074315,1022.39,1060.11,1022.27,1084.48,-0.02,0.01,0.25,0.16,0.17,0.12,1391.76,645.2527108054022,676.7741317091111,-0.8708677349872957,690.968160264096,337.9775734378718,-12.598722499452684,802.4303670244464,84.96006161772212,-38.375154652964014,-7.684779520149376,-8.405448094641239
34833783,98.432000,-38.362632,-65.421151,1022.45,1060.27,1022.52,1084.3,-0.02,0.01,0.26,0.19,0.23,0.09,1392.29,645.2694623178925,676.7575859070524,-0.9196896554031377,696.9148104921636,338.9951290265066,-14.369833396780052,815.8756054372575,89.65593452711126,-39.79435727942836,-8.693440967483212,-8.11912688970386
34833883,98.531000,-38.554966,-68.969960,1022.36,1060.14,1022.39,1084.22,-0.02,0.0,0.24,0.17,0.2,0.07,1393.04,645.2733854571932,676.7558007135202,-0.9085976500021473,696.8912843813526,339.03746486281625,-14.516194554221757,818.3932037029697,91.03251713559754,-40.594783798089075,-8.690008808105185,-8.721016238527465
34833983,98.631000,-38.546095,-68.924782,1022.29,1060.26,1022.26,1084.29,-0.02,0.0,0.23,0.0,0.17,0.6,1390.56,645.2992552376619,676.8323449771336,-0.815723197141843,695.8676267407665,338.78284440387887,-14.234648854101504,815.413759508802,89.67341155112067,-40.01188646429501,-8.50771473659015,-8.620642048566978
34834083,98.731000,-38.572846,-68.950036,1022.09,1060.46,1023.9,1091.19,-0.02,0.01,0.2,0.0,0.5,0.07,1390.36,645.2592548990873,676.7410920909991,-0.9005569752686836,693.3975563790983,338.3559508413054,-13.452460426175884,809.845877379772,87.77776320355994,-40.11686660260116,-8.096508871789606,-8.732147437741762
34834183,98.831000,-38.594973,-68.939161,1021.92,1060.8,1022.18,1090.51,-0.02,0.01,0.17,0.06,0.16,0.06,1390.03,645.2592548990873,676.7410920909991,-0.9005569752686836,693.3975563790983,338.3559508413054,-13.452460426175884,809.845877379772,87.77776320355994,-40.11686660260116,-8.096508871789606,-8.732147437741762
34834283,98.931000,-50.543357,-68.151363,1021.98,1060.78,1022.31,1090.1,-0.02,0.01,0.18,0.06,0.18,0.14,1390.92,645.2595914015064,676.7206173355165,-0.9278136328777488,687.9624364707456,337.34501075971417,-11.803884904576979,800.1249405096662,85.02358903117295,-39.44866617789574,-7.17170454956681,-9.622805768723776
34834383,99.031000,-59.674408,-67.483558,1022.09,1060.65,1022.33,1090.07,-0.02,0.01,0.19,0.03,0.19,0.15,1391.78,645.3007697032123,676.8301656777387,-0.7983884242302786,687.1948383504506,337.21566822937046,-11.74641862231435,799.5707183168037,85.05998077798371,-39.3765258589422,-7.032349374038415,-9.955955571832854
34834483,99.131000,-56.720196,-71.884482,1022.18,1060.49,1022.32,1090.06,-0.02,0.01,0.21,1.0,0.19,0.01,1390.3,645.2609007723809,676.7488354218839,-0.8883762800916903,689.033480531876,337.5244133271434,-12.160442229699969,801.9595374074215,85.65347033224671,-39.792158327919935,-7.352659562747963,-9.443706645970178
34834583,99.231000,-53.257547,-75.831992,1025.25,1069.77,1022.22,1089.92,-0.03,0.01,0.73,1.0,0.17,0.11,1389.62,645.3158004228399,676.7996156042302,-0.8165709189770769,691.6076124480916,338.0637048115681,-12.858857238948856,808.043080718536,87.86402928279726,-40.71484481967723,-7.781862730415659,-9.392138773455859
34834684,99.330000,-52.329080,-76.298457,1027.74,1080.3,1022.28,1090.07,-0.03,0.01,1.0,0.27,0.18,0.74,1387.91,645.2723587034409,676.7908355138153,-0.8799722078651275,694.1155350160916,338.4145014406819,-13.877917265814784,814.3913080147076,90.1160284979092,-41.75009114555921,-8.213668406420116,-9.418209558320473
34834783,99.432000,-52.715604,-74.853036,1025.33,1079.87,1023.99,1098.31,-0.03,0.01,0.75,0.2,0.52,0.91,1387.91,645.27257110548,676.7484273015882,-0.9088802225344119,698.1999837329784,339.0395046083937,-15.085329060054107,821.9145317099454,92.71159571395877,-43.21539940954496,-8.907221086251887,-8.852971654274054
34834884,99.531000,-53.003905,-73.800131,1022.64,1077.81,1021.66,1092.61,-0.02,0.0,0.29,0.15,0.05,0.23,1388.36,645.27257110548,676.7484273015882,-0.9088802225344119,698.1999837329784,339.0395046083937,-15.085329060054107,821.9145317099454,92.71159571395877,-43.21539940954496,-8.907221086251887,-8.852971654274054
34834983,99.631000,-54.290371,-73.271065,1022.58,1076.77,1021.49,1092.6,-0.02,0.0,0.29,0.36,0.02,0.83,1387.22,645.3292189370245,676.7962611591387,-0.8974469931572256,711.0877457696024,342.3830432849231,-19.015889989380472,821.9145317099454,92.71159571395877,-43.21539940954496,-8.907221086251887,-8.852971654274054
34835084,99.732000,-58.261632,-73.937152,1022.86,1075.49,1023.17,1102.48,-0.02,0.0,0.33,0.14,0.36,1.0,1387.64,645.284616649429,676.7860111417497,-0.971643393786205,719.2728544312911,344.5503577805618,-21.835061340762817,821.9145317099454,92.71159571395877,-43.21539940954496,-8.907221086251887,-8.852971654274054
34835189,99.833000,-60.623630,-74.780100,1022.77,1075.23,1022.61,1096.36,-0.02,0.0,0.32,0.17,0.25,0.24,1388.37,645.3547567878531,676.83649922603,-0.9107994927582694,723.7962396259371,345.99537720615575,-23.390261949717413,885.4224372072396,125.24533667737225,-55.15228519983941,-13.338366587707576,-9.533675327560076
34835288,99.938000,-62.467589,-75.303000,1022.59,1075.47,1022.24,1096.62,-0.02,0.0,0.29,0.81,0.17,0.16,1388.36,645.2889403647121,676.8202825879728,-0.9237871136407035,724.1864667157407,346.23110697384584,-23.91673376147959,890.0697844751112,129.08671377795835,-55.6653875420911,-13.422971027718884,-10.531386477736596
34835388,100.036000,-64.015605,-75.898930,1023.83,1085.29,1021.93,1097.3,-0.02,0.0,0.5,0.46,0.11,0.13,1388.9,645.3205239400932,676.911375361855,-0.8570064966447114,722.0220439285381,345.5424123240401,-22.987074827808037,883.0794841480173,123.68873958665897,-53.75384834462617,-13.032657451909586,-9.912926583718821
34835489,100.136000,-62.744991,-77.796278,1022.36,1084.75,1022.19,1096.82,-0.02,0.0,0.25,0.05,0.16,0.07,1389.37,645.3123166434223,676.8117717101633,-0.898102071064746,716.1615714808431,343.7043411819771,-21.203234761358438,883.0794841480173,123.68873958665897,-53.75384834462617,-13.032657451909586,-9.912926583718821
34835588,100.237000,-60.572864,-80.420146,1021.46,1084.03,1022.04,1097.07,-0.02,0.0,0.1,0.07,0.13,0.02,1389.37,645.2760162836739,676.7916477773292,-0.9198001011012279,710.5134428507289,342.1529471603937,-19.90288104018263,859.6200981744631,111.75533185550843,-50.309567794470006,-11.031385112189907,-10.847002926210994
34835689,100.337000,-59.643666,-81.428875,1021.72,1083.71,1022.14,1096.99,-0.02,0.0,0.14,0.12,0.15,0.04,1389.22,645.3361290803645,676.7830177562041,-0.908375413750977,709.9913900912704,341.908383602253,-19.609630959792387,854.9065902891557,108.79701695335963,-48.834636593114986,-10.927807925745144,-10.011803915812951
34835789,100.437000,-59.256530,-81.230695,1022.22,1083.19,1022.38,1096.73,-0.02,0.0,0.23,0.21,0.2,0.09,1390.33,645.3361290803645,676.7830177562041,-0.908375413750977,709.9913900912704,341.908383602253,-19.609630959792387,854.9065902891557,108.79701695335963,-48.834636593114986,-10.927807925745144,-10.011803915812951
34835888,100.536000,-60.661874,-80.346920,1022.73,1082.49,1022.28,1096.83,-0.02,0.0,0.31,0.15,0.18,1.0,1391.3,645.3036216081855,676.8411289260904,-0.9091042489257298,717.0281251568458,343.9215958661764,-21.58506075959296,860.2239491960461,112.09566100339535,-50.527062907316484,-11.264913727279637,-10.247011675000067
34835989,100.635000,-61.910429,-79.720703,1022.91,1082.26,1024.29,1107.23,-0.02,0.0,0.34,0.11,0.58,0.79,1391.31,645.2972189261064,676.8075569428901,-0.9375004211925009,723.3320409089749,345.77613708374315,-23.31664228401416,883.3323725400935,124.08251636148592,-54.57302009537764,-13.264310489952553,-9.29005038484295
34836092,100.737000,-63.053000,-79.404169,1022.83,1082.06,1021.48,1101.59,-0.02,0.0,0.33,0.08,0.02,0.34,1391.14,645.2935992385782,676.8177175728575,-0.9550420891344344,726.4559536299759,346.95097403401775,-24.353862653335927,883.3323725400935,124.08251636148592,-54.57302009537764,-13.264310489952553,-9.29005038484295
34836190,100.842000,-65.857919,-80.193107,1022.72,1082.16,1021.38,1103.12,-0.02,0.0,0.31,0.29,0.0,0.3,1390.93,645.2869661823366,676.8071120050147,-0.9771398193652262,727.5322350299226,347.1587300742313,-24.69246691433965,899.1307004034303,135.21062024569756,-57.92821550904962,-14.008949930932618,-10.976592742865083
34836290,100.938000,-67.251220,-81.096808,1022.3,1082.79,1021.21,1103.1,-0.02,0.0,0.24,0.19,0.03,0.3,1389.8,645.3454064524755,676.8207513894517,-0.9115752035391964,726.4567879120308,346.89964384557396,-24.370056350752147,895.737757560276,132.4721498593216,-56.875498980930324,-13.812280687878097,-10.664960821944362
34836390,101.039000,-68.668305,-81.440850,1022.06,1083.35,1021.34,1102.67,-0.03,0.0,0.2,0.76,0.01,0.12,1389.46,645.2897995849963,676.7952151753585,-0.9443027509180674,722.5956466934261,345.58864596302175,-23.31312546275806,895.737757560276,132.4721498593216,-56.875498980930324,-13.812280687878097,-10.664960821944362
34836490,101.138000,-69.902335,-81.856352,1023.31,1092.33,1021.0,1102.98,-0.03,0.0,0.41,0.53,0.08,0.0,1389.69,645.2891863353858,676.8054041530354,-0.9253000380026701,717.7653522085072,344.1742052552852,-21.96299337170128,878.8557416230329,123.30683681223097,-55.27322042611318,-12.291915527592872,-11.521441378002127
34836590,101.239000,-70.032318,-81.677216,1022.79,1090.65,1021.0,1102.94,-0.03,0.0,0.33,0.0,0.08,0.08,1390.2,645.2741317606096,676.7616638673519,-0.9263705385768909,715.0981254482494,343.3158243264334,-21.303872813910694,871.0275550898732,118.34833771210816,-53.29139865080837,-11.82692128304393,-11.072755297992721
34836691,101.338000,-69.052367,-84.707680,1022.81,1089.36,1021.2,1102.58,-0.03,0.0,0.33,0.43,0.04,0.23,1390.02,645.3388868453083,676.8053983744246,-0.903375567521169,715.4726092916295,343.38964303178824,-21.44606628883143,871.6612262988789,119.07659722972706,-53.57517052380413,-11.87893792789697,-11.091522999531868
34836791,101.439000,-67.318977,-88.186951,1023.81,1091.94,1021.26,1102.66,-0.03,0.0,0.5,0.01,0.03,0.18,1389.47,645.2807235229324,676.7855161892105,-0.9545396458948846,720.3602313474005,344.8578241041965,-22.7134002929715,871.6612262988789,119.07659722972706,-53.57517052380413,-11.87893792789697,-11.091522999531868
34836892,101.539000,-66.892551,-88.584488,1023.02,1091.57,1021.33,1102.5,-0.03,0.01,0.37,0.38,0.01,1.0,1390.29,645.3573039810534,676.8404788794569,-0.8662963540089899,727.2042033486335,347.125473776388,-24.80529355360753,871.6612262988789,119.07659722972706,-53.57517052380413,-11.87893792789697,-11.091522999531868
34836992,101.640000,-67.402310,-87.311709,1022.24,1089.57,1023.11,1112.45,-0.03,0.01,0.23,0.05,0.34,0.47,1390.26,645.355066208782,676.8463566827567,-0.9238366810142221,733.2811248241837,349.1760448695843,-26.88405745582715,871.6612262988789,119.07659722972706,-53.57517052380413,-11.87893792789697,-11.091522999531868
34837091,101.740000,-68.975018,-86.089764,1022.11,1089.44,1023.14,1109.1,-0.03,0.0,0.21,0.02,0.35,0.2,1390.03,645.3092496493979,676.8943926962627,-0.9252784443974393,737.5509335251337,350.6711483196436,-28.04863349231132,918.901270200932,147.86842901873197,-62.12692196365652,-15.788585648487388,-10.226561800856452
34837191,101.839000,-72.331017,-85.805877,1021.84,1089.94,1023.09,1108.87,-0.03,0.01,0.17,0.11,0.34,0.24,1389.79,645.3322128712219,676.8508351459739,-0.925564130569174,737.1876817874078,350.69200994553415,-28.15859512206478,923.4194964790896,153.18818355626507,-63.8514862835598,-15.728707908038565,-11.860037741775905
34837292,101.939000,-74.104651,-85.720906,1021.53,1090.18,1022.64,1109.41,-0.03,0.01,0.11,0.15,0.25,0.13,1390.82,645.3190325304371,676.9107363924796,-0.7712850668129924,735.6498987401774,350.06491813515976,-27.508386548885642,918.0734426154505,148.16261790882675,-62.038304661449025,-15.449281417560549,-11.200002366943338
34837391,102.039000,-74.716218,-85.850185,1020.98,1090.82,1022.82,1109.12,-0.03,0.0,0.02,0.26,0.29,0.19,1391.82,645.3294780693966,676.8431392632568,-0.9402403684847467,730.8863818739454,348.35978743982315,-26.150351271362613,918.0734426154505,148.16261790882675,-62.038304661449025,-15.449281417560549,-11.200002366943338
34837491,102.139000,-74.416241,-90.142387,1020.75,1091.15,1022.79,1109.2,-0.03,0.0,0.02,0.32,0.28,0.18,1392.5,645.3060863532933,676.8725776714998,-0.76083901039198,725.1387915048058,346.38101521411,-24.730891255362273,898.2343442277911,136.05916053556695,-59.87731102838247,-13.580079700015109,-12.294329219994196
34837592,102.239000,-74.257488,-93.157480,1020.83,1090.89,1022.65,1109.31,-0.03,0.01,0.01,0.94,0.25,0.55,1391.94,645.2998384224089,676.8132625587181,-0.9199987868848823,722.3539759510528,345.5092964760619,-23.661912499017134,889.7078484647083,129.97357312185005,-57.51428786187121,-13.580079700015109,-12.294329219994196
34837691,102.340000,-75.198611,-92.589152,1022.28,1099.22,1023.78,1115.06,-0.03,0.01,0.24,0.51,0.48,0.0,1390.21,645.2998384224089,676.8132625587181,-0.9199987868848823,722.3539759510528,345.5092964760619,-23.661912499017134,889.7078484647083,129.97357312185005,-57.51428786187121,-13.092992891324162,-11.641758519099092
34837792,102.440000,-75.584117,-92.539650,1022.9,1097.21,1022.51,1114.57,-0.03,0.01,0.34,0.17,0.23,0.1,1389.71,645.3550937321261,676.8452666772988,-0.8720246907990966,723.8219938665519,345.9569466290835,-24.060793785201927,888.5378408717604,130.05765795357632,-57.57016445139631,-12.923484641531019,-11.989364595339296
34837893,102.539000,-76.386272,-94.119950,1023.27,1095.56,1022.49,1114.15,-0.03,0.01,0.41,0.11,0.22,0.18,1390.64,645.3550937321261,676.8452666772988,-0.8720246907990966,723.8219938665519,345.9569466290835,-24.060793785201927,888.5378408717604,130.05765795357632,-57.57016445139631,-12.923484641531019,-11.989364595339296
34837992,102.641000,-76.974594,-95.332034,1023.27,1095.04,1022.47,1113.95,-0.03,0.01,0.41,0.2,0.22,0.22,1390.25,645.3015956722313,676.833591448846,-0.9603080441410312,736.2195514816311,350.3897037884802,-28.09439671753414,888.5378408717604,130.05765795357632,-57.57016445139631,-12.923484641531019,-11.989364595339296
34838092,102.740000,-77.895051,-95.237448,1022.49,1094.76,1022.6,1113.94,-0.03,0.01,0.28,0.25,0.25,0.22,1391.18,645.3015956722313,676.833591448846,-0.9603080441410312,736.2195514816311,350.3897037884802,-28.09439671753414,888.5378408717604,130.05765795357632,-57.57016445139631,-12.923484641531019,-11.989364595339296
34838192,102.840000,-78.748701,-95.636079,1022.09,1095.02,1022.6,1113.92,-0.03,0.01,0.21,0.83,0.25,0.65,1392.15,645.317110733044,676.8571955522619,-0.9746420136860416,745.3362457305641,353.93682325773574,-30.935994572713057,940.6330063355044,166.28084897520944,-67.31860284556625,-17.209484772909473,-11.72406114503331
34838293,102.940000,-78.883783,-96.958946,1022.58,1105.06,1023.59,1121.64,-0.03,0.01,0.29,0.88,0.44,0.9,1391.54,645.313515745959,676.9020073656716,-0.9188538666378553,743.7683462323491,353.2352079981186,-30.397679691436462,937.9703047060323,164.20524149673489,-67.07591881927809,-16.919014033700076,-11.935172972229225
34838392,103.040000,-78.650285,-97.607645,1022.14,1102.21,1021.99,1115.67,-0.03,0.01,0.22,0.4,0.12,0.29,1390.92,645.313515745959,676.9020073656716,-0.9188538666378553,743.7683462323491,353.2352079981186,-30.397679691436462,937.9703047060323,164.20524149673489,-67.07591881927809,-16.919014033700076,-11.935172972229225
34838492,103.140000,-79.154770,-96.857413,1021.61,1099.38,1021.8,1116.03,-0.03,0.01,0.13,0.08,0.09,0.22,1390.46,645.3495193558325,676.8390819196393,-0.8936265498317673,732.5162107520558,348.82372190912906,-27.163215111782826,918.8741959207584,151.93332212187482,-65.7685821038188,-14.881818574117638,-13.662159085078464
34838592,103.240000,-80.297197,-96.638543,1021.79,1098.97,1021.67,1116.41,-0.03,0.0,0.16,0.37,0.06,0.47,1390.11,645.3597922898341,676.8544725873107,-0.924063069453661,732.1420795867497,348.6474174932098,-26.766124466619544,913.3421285549916,146.430704971478,-62.94453578489841,-14.810809019628456,-12.24090232371871
34838692,103.340000,-82.084418,-96.974854,1022.37,1100.69,1022.68,1120.82,-0.03,0.0,0.26,0.08,0.26,0.41,1390.39,645.362844964735,676.8406763491363,-0.9351989093181546,732.3093647082845,348.88711368790155,-27.04583040732857,915.8847854692466,149.19640851816703,-64.06780235587935,-14.848564894824118,-12.895158827573212
34838793,103.439000,-83.991131,-96.103806,1022.75,1100.65,1022.48,1118.19,-0.03,0.0,0.32,0.08,0.22,0.12,1390.74,645.2942564069823,676.8852964819106,-0.9108292115786352,735.3807622068044,349.87658627498377,-27.708770650241917,915.8847854692466,149.19640851816703,-64.06780235587935,-14.848564894824118,-12.895158827573212
34838892,103.540000,-85.076012,-97.448428,1023.05,1100.12,1022.56,1118.32,-0.03,0.0,0.37,0.17,0.24,0.09,1390.51,645.3187172455821,676.857933966744,-0.9612367196659711,738.9014680907886,351.25334937276995,-29.042670439161853,929.7237415055696,159.36589342513804,-67.27149771846648,-16.035300081197818,-12.769930920904216
34838992,103.640000,-84.971201,-103.242920,1022.93,1100.05,1022.42,1118.21,-0.03,0.0,0.35,1.0,0.21,0.23,1391.29,645.3388706610751,676.8886473648224,-0.9276460691485077,742.5312390864489,352.83516308047757,-29.976976849902574,936.8470987834665,164.6413294179787,-68.23733479953262,-16.695403517266662,-12.526127396623238
34839093,103.740000,-85.162844,-104.021838,1023.68,1110.5,1022.36,1118.43,-0.03,0.0,0.48,0.6,0.2,1.0,1391.23,645.3321798267804,676.8934192323085,-0.9481171661744245,744.7311112698002,353.6249949597437,-30.76798267140373,941.4047524332683,167.8788186790604,-68.73735764779903,-17.091673725070457,-12.453406896276228
34839193,103.840000,-85.449429,-102.118955,1022.05,1108.48,1024.01,1128.28,-0.03,0.0,0.2,0.26,0.53,0.62,1390.65,645.3521095822055,676.8964239352748,-0.9177918982489955,744.5143695318937,353.5143480103841,-30.7451287898154,941.3584557144517,167.9474667819249,-68.65334576657591,-17.04769598301033,-12.593756876786436
34839292,103.941000,-85.267339,-103.531344,1021.32,1107.65,1021.57,1123.21,-0.03,0.0,0.08,0.03,0.04,0.17,1390.65,645.3607833612515,676.999404536237,-0.8145320430773765,743.2595401989608,352.92481795741486,-30.460413999755996,938.7302511338435,165.35534276362102,-68.05769416189153,-16.808890169764908,-12.563931878687256
34839392,104.046000,-85.057419,-104.900149,1021.64,1107.25,1021.35,1122.89,-0.03,0.0,0.13,0.0,0.0,0.51,1390.44,645.3607833612515,676.999404536237,-0.8145320430773765,743.2595401989608,352.92481795741486,-30.460413999755996,938.7302511338435,165.35534276362102,-68.05769416189153,-16.808890169764908,-12.563931878687256
34839493,104.140000,-85.122125,-104.132513,1021.8,1107.02,1021.94,1128.59,-0.03,0.0,0.16,0.01,0.12,0.35,1388.36,645.3225870794273,676.8691456989168,-0.9658763774510505,744.7975861796405,353.5321948259412,-30.88294332377648,942.262619246821,169.53907506064945,-69.98574678365024,-17.10057705041267,-12.821513626683974
34839592,104.241000,-86.071834,-105.790455,1021.96,1106.84,1022.25,1126.4,-0.03,-0.0,0.19,0.04,0.18,0.08,1388.38,645.334149443486,676.9046327990463,-0.9330231445333403,745.8027222972966,354.0974269892164,-31.306717882114597,947.3100561183514,174.54079293439662,-71.53560435753933,-17.287916988028005,-13.720972458789355
34839692,104.341000,-86.902723,-108.430703,1022.11,1106.77,1022.2,1126.37,-0.03,0.0,0.21,0.22,0.17,0.27,1388.47,645.3623623411512,676.9957074801572,-0.8675603627887731,747.372446742252,354.6667813502886,-31.932452869260867,950.9648760335593,178.8336280850735,-73.53277094935666,-17.561445025263787,-14.061489629452566
34839792,104.441000,-89.215940,-108.357616,1021.96,1106.59,1021.92,1126.7,-0.03,0.0,0.19,0.39,0.11,0.73,1389.82,645.3238036226011,676.8940563444166,-0.9874671882798322,749.3069260988779,355.56638542221197,-32.51824734407576,953.3027864801456,179.92572689424432,-72.7790985589777,-17.931821073843803,-13.407870983584061
34839892,104.540000,-91.298580,-107.577250,1022.06,1109.37,1023.56,1134.34,-0.03,-0.0,0.2,0.08,0.44,0.8,1390.2,645.3580281996038,676.996230233362,-0.8857510945713872,748.2148981895357,355.2018169087224,-32.401154870468886,953.9438200265351,181.51135656566737,-73.60429177266981,-17.725717428320408,-14.375214391549413
34839992,104.640000,-91.490459,-106.841383,1022.27,1110.03,1021.63,1128.85,-0.03,-0.0,0.24,0.19,0.05,0.3,1390.22,645.3159810150058,676.8932357644569,-0.9715055930870852,747.9990062114342,355.05564200421355,-32.05791815197438,951.4443364963,178.37851498908796,-72.51093552957789,-17.69540274160884,-13.637310617441756
34840093,104.741000,-91.258499,-106.983265,1022.23,1109.67,1021.57,1129.11,-0.03,0.0,0.24,0.65,0.04,0.07,1389.97,645.3161460726717,676.8878921607961,-0.9647103151562668,745.0297473904297,353.6897535753383,-31.32788453107625,950.1622289288212,180.0070116220228,-74.747875838971,-17.146123500732383,-15.453640428351925
34840193,104.840000,-90.287367,-108.784301,1022.99,1116.15,1021.39,1129.43,-0.03,0.0,0.36,0.45,0.0,0.13,1388.79,645.3632070974447,676.8864565744798,-0.933838299394155,746.0822685697157,354.1907236796874,-31.685910510337745,948.810380089128,177.1767172524109,-73.1469467519378,-17.334068922594366,-14.205712218590385
34840293,104.941000,-89.447450,-110.753409,1023.08,1114.05,1021.5,1129.16,-0.03,0.0,0.38,0.3,0.03,0.31,1389.51,645.3139426013206,676.8733363667551,-0.9638660671859478,746.4724082955644,354.3100621903757,-31.847648542889136,950.8332641121057,179.52481383618334,-73.88448313024176,-17.411848941996013,-14.636674735666048
34840392,105.041000,-90.527332,-111.069970,1022.75,1112.67,1021.61,1129.29,-0.03,0.0,0.32,0.21,0.05,0.68,1389.58,645.3407666369126,676.9139628457477,-0.9641844663231987,748.8090708924836,355.1886772365078,-32.39716689752461,954.1700200949922,181.57609322207676,-74.2389782904164,-17.82802525550677,-14.132699971324854
34840493,105.140000,-91.565830,-110.926551,1022.82,1112.19,1022.94,1136.77,-0.03,0.0,0.34,0.13,0.31,0.82,1389.99,645.4021294578818,676.945483109464,-0.9730239865255726,752.1635896456817,356.76687298529754,-33.497269774973525,960.7885351300919,187.26721579474147,-75.35043833440028,-18.440626903246088,-14.026229116980616
34840594,105.241000,-93.629657,-110.556916,1022.72,1112.24,1022.52,1131.15,-0.03,0.0,0.32,0.23,0.23,0.34,1390.37,645.3433139155582,676.9107454153809,-0.9937110980496299,755.0931239118989,358.1828068723532,-34.39562701884349,967.0303711178952,193.49170163069238,-76.94254016415059,-19.00047885451258,-14.149161373682524
34840695,105.342000,-95.810339,-112.729005,1022.69,1112.33,1022.33,1132.53,-0.03,0.0,0.31,0.56,0.19,0.01,1388.84,645.3152858218963,677.0182564139778,-0.8562906407586839,756.2647608193058,358.69341156635903,-34.70841170780921,971.1749982280625,199.05448787452798,-79.12153927260469,-19.21557516064884,-14.963266319466925
34840794,105.443000,-96.041832,-115.289343,1022.98,1118.42,1022.06,1132.82,-0.03,0.0,0.37,0.1,0.14,0.37,1389.06,645.3152858218963,677.0182564139778,-0.8562906407586839,756.2647608193058,358.69341156635903,-34.70841170780921,971.1749982280625,199.05448787452798,-79.12153927260469,-19.21557516064884,-14.963266319466925
34840894,105.543000,-96.397592,-114.484812,1022.93,1119.65,1022.63,1134.2,-0.03,0.0,0.36,0.27,0.25,0.61,1388.43,645.3118220442494,677.0157944991284,-0.8210342079161363,757.1220125409262,359.16950391838384,-35.13290602658981,971.1189834279216,197.97620700214813,-78.19374530816599,-19.380567154790064,-14.249965192312274
34840994,105.642000,-96.558843,-114.788356,1022.61,1119.24,1023.69,1141.12,-0.03,0.0,0.3,0.2,0.47,0.78,1388.95,645.4011440492528,676.9553359487144,-0.9566755306380498,754.3905151590772,357.9367159698299,-34.46951005764074,968.5040434749959,196.37834315222656,-77.91563907733654,-18.862195212497067,-15.239399488412097
34841095,105.743000,-96.429262,-115.524421,1022.93,1118.55,1021.88,1135.28,-0.03,0.0,0.36,0.0,0.1,0.29,1389.51,645.3874325989966,676.9415016838141,-0.9545013564940692,753.1885971576261,357.19730137945857,-33.84308987684207,963.6314414298187,190.28029256368924,-76.69618730649573,-18.631438616446527,-14.316717038316177
34841195,105.844000,-96.272887,-115.270004,1023.16,1117.89,1021.63,1135.23,-0.03,0.0,0.4,0.11,0.05,0.3,1388.33,645.3091444549764,676.9880607425512,-0.8679678406221746,751.4971582924608,356.5075182160454,-33.66867770261644,962.8924878235711,191.59071738446673,-77.37700885045128,-18.322591732330103,-15.395792825885053
34841294,105.943000,-95.863674,-118.621380,1022.96,1117.45,1021.46,1135.82,-0.03,0.0,0.36,0.14,0.02,0.28,1389.46,645.3091444549764,676.9880607425512,-0.8679678406221746,752.941119346107,357.1694790926622,-34.012182875769156,962.8924878235711,191.59071738446673,-77.37700885045128,-18.322591732330103,-15.395792825885053
34841394,106.043000,-96.285513,-120.558588,1022.75,1117.25,1021.83,1135.31,-0.03,-0.0,0.36,0.14,0.02,0.28,1390.68,645.4016193010104,676.9972184947874,-0.9790470971059806,759.8975020865879,360.63970634903677,-36.488670904679374,979.8067294791159,208.6902364382417,-82.08894377020147,-19.89616678825903,-15.564569956222066
34841495,106.142000,-97.517416,-119.654934,1022.75,1117.25,1021.83,1135.31,-0.03,0.0,0.33,0.17,0.09,0.38,1391.45,645.3276037234439,677.0319106478458,-0.8308795714356222,763.568658143739,362.3016986146093,-37.364216880869805,984.0330491400957,211.60451291252974,-81.42984995837804,-20.590707117961102,-14.464247860939622
34841595,106.243000,-98.958240,-120.089890,1022.27,1117.82,1022.05,1137.62,-0.03,0.0,0.29,0.14,0.1,0.13,1392.03,645.4127068788559,677.001453470858,-0.9627606145202436,762.6698204329028,362.0948357408588,-37.34972331204713,985.0886795355594,214.64206916009343,-82.6736840417639,-20.423075975576165,-15.611427055173777
34841695,106.342000,-100.456143,-119.655711,1022.27,1117.82,1022.05,1137.62,-0.03,0.0,0.25,0.08,0.14,0.08,1392.83,645.3951252428877,677.0804113259402,-0.904477333940329,761.3829105689207,361.32881394667777,-36.902076348267066,982.2294618602051,210.91901681274805,-81.50112619642981,-20.170238132662504,-15.402304072300922
34841794,106.442000,-101.202932,-118.968469,1021.97,1118.12,1022.04,1137.4,-0.03,-0.0,0.2,0.03,0.14,0.04,1393.37,645.3951252428877,677.0804113259402,-0.904477333940329,761.3829105689207,361.32881394667777,-36.902076348267066,982.2294618602051,210.91901681274805,-81.50112619642981,-20.170238132662504,-15.402304072300922
34841894,106.541000,-101.372149,-119.612274,1021.82,1118.29,1021.65,1137.79,-0.03,-0.0,0.17,0.0,0.06,0.12,1393.81,645.3639985819286,677.0608984281073,-0.848643013400481,755.4107073071401,358.52209052146264,-35.2000703767897,972.6367265772897,202.53792460992162,-80.33404009278274,-19.058673427732653,-16.201541748709765
34841995,106.642000,-100.702792,-120.501392,1021.73,1118.3,1022.11,1137.36,-0.03,-0.0,0.16,0.84,0.15,0.71,1390.78,645.3088717271299,676.9600937098487,-0.8137514679309698,755.0325913493751,358.1555701370614,-34.92010931431077,969.7059944489885,198.86622690958353,-79.36605398804046,-18.99204943020992,-15.440197261208368
34842095,106.741000,-99.908989,-120.779319,1022.58,1125.65,1022.92,1144.62,-0.03,-0.0,0.3,0.38,0.31,0.61,1390.0,645.3030617789531,676.9973359938197,-0.8440397552238155,754.9013691876094,358.1780329640119,-35.07956910259697,970.7814459769176,200.9128607398236,-80.0486504534065,-18.971078332337864,-15.985105884451059
34842194,106.842000,-99.172566,-121.402479,1023.4,1124.19,1022.63,1139.43,-0.03,-0.0,0.44,0.14,0.25,0.43,1389.44,645.3241912133388,677.0406784567806,-0.8263838814895765,756.9237105933922,358.9852490294207,-35.69550927415739,970.7814459769176,200.9128607398236,-80.0486504534065,-18.971078332337864,-15.985105884451059
34842294,106.945000,-98.092419,-121.582000,1022.49,1122.79,1023.22,1142.76,-0.03,-0.0,0.29,0.1,0.37,0.24,1388.85,645.3519904572967,676.9418714553219,-0.9759484673678528,762.0393592937259,361.74710579812756,-37.792393749046965,983.5457312234043,213.7500827522433,-83.22746826466292,-20.314914710729788,-15.621744778798401
34842394,107.042000,-97.725709,-121.426103,1022.5,1122.11,1023.07,1142.98,-0.03,0.0,0.29,0.16,0.34,0.07,1388.78,645.3234841138756,677.0862105684355,-0.8524762819771156,766.3137478540974,363.9986014468198,-38.865307036407735,983.5457312234043,213.7500827522433,-83.22746826466292,-20.314914710729788,-15.621744778798401
34842494,107.142000,-97.636335,-121.566514,1022.76,1122.02,1023.47,1142.25,-0.03,0.0,0.33,0.14,0.42,0.22,1389.9,645.329166523463,677.0918612423436,-0.8329243626078031,770.9706147598732,366.4114855697914,-40.188300357448576,999.8299325672598,231.7058903890452,-86.65276113951697,-22.018773258516475,-15.481572482821676
34842594,107.242000,-97.562431,-121.563954,1022.52,1122.13,1022.38,1142.8,-0.03,0.0,0.29,0.16,0.21,0.11,1391.19,645.3411460766387,677.1187027745005,-0.8402454658652629,770.4846527604404,366.3933108080562,-40.376928147000754,1001.5886034597856,236.10794178630226,-88.13840748147523,-21.936929408885053,-16.713913982597454
34842694,107.342000,-105.057941,-121.512434,1022.03,1122.65,1022.6,1142.41,-0.03,0.0,0.21,0.25,0.25,0.19,1392.07,645.4294411798118,677.0586353348647,-0.964781564280723,769.4554390092977,365.6547843570463,-39.80573780618206,998.2133817615011,229.91212766201693,-86.54722266265034,-21.716414763804142,-15.882704035013589
34842795,107.442000,-112.723047,-122.428822,1021.7,1123.2,1022.48,1142.35,-0.03,0.0,0.15,0.62,0.23,0.23,1392.79,645.4016414217073,677.0882692743104,-0.9096328123913077,764.7696798761463,363.23011483747484,-38.59194536376536,998.2133817615011,229.91212766201693,-86.54722266265034,-21.716414763804142,-15.882704035013589
34842894,107.543000,-112.052474,-129.533661,1021.06,1119.52,1022.34,1142.65,-0.03,0.0,0.04,0.01,0.2,0.17,1392.13,645.3541192881098,676.9713593059383,-0.971953028474371,760.6886759162117,361.10873268637357,-37.16863248392497,983.8214150477487,215.59153826843442,-83.88644639545122,-20.059236586697352,-16.770933806523473
34842995,107.642000,-110.975168,-135.315860,1020.91,1119.08,1022.57,1142.28,-0.03,0.0,0.02,0.08,0.24,0.25,1392.83,645.3458020197216,676.9593107667149,-0.9501066597303103,758.6531343657886,360.06975614626776,-36.5079775132012,978.9410841378505,210.71473687994055,-83.11134783442914,-19.675066708315114,-16.51263344216691
34843095,107.742000,-110.426653,-134.405810,1021.02,1119.05,1022.33,1142.51,-0.03,0.0,0.04,1.0,0.2,1.0,1391.96,645.37947562532,676.9786798424323,-0.9585125568838668,757.3984046948085,359.59760645831864,-36.15921873735009,977.7638480929154,210.66728237027385,-83.06126521975236,-19.440368671977716,-17.067121849779824
34843195,107.843000,-109.900571,-131.486448,1022.11,1128.68,1023.98,1151.52,-0.03,0.01,0.22,0.92,0.53,0.0,1390.36,645.3285589060553,676.9829719187229,-0.9666976567356037,759.1713340038832,360.35996286576614,-36.409907795051105,979.7161909246963,211.2022879739725,-83.03781014119393,-19.776203886138067,-16.376534639922923
34843294,107.942000,-109.962506,-129.510078,1023.68,1138.76,1022.04,1150.59,-0.03,0.01,0.49,0.79,0.14,0.18,1389.39,645.2890982764093,677.0223946732025,-0.8335292067526617,760.6819093714284,360.9963655867536,-37.26594182391014,984.1356064589303,218.28893798324748,-86.04539630775231,-20.05901093676809,-17.31787432179256
34843395,108.041000,-110.204142,-129.023715,1022.64,1133.31,1021.99,1149.85,-0.03,0.01,0.31,0.23,0.13,0.72,1389.99,645.4118870304651,677.0365529994677,-0.9390444803414247,765.4861874679624,363.5147328497004,-39.25600308197234,984.1356064589303,218.28893798324748,-86.04539630775231,-20.05901093676809,-17.31787432179256
34843495,108.143000,-110.500307,-130.797496,1022.7,1131.04,1023.08,1156.8,-0.03,0.01,0.32,0.16,0.35,1.0,1388.96,645.3449392839739,677.1050846074144,-0.8656844075550474,774.0490534003754,368.3306753740014,-42.31574902014787,984.1356064589303,218.28893798324748,-86.04539630775231,-20.05901093676809,-17.31787432179256
34843597,108.243000,-110.907618,-133.655465,1023.13,1130.43,1022.76,1149.67,-0.02,0.01,0.4,0.27,0.28,0.36,1388.79,645.4020123439649,677.1357011725067,-0.8589374751154407,781.6815194127255,372.8928319505421,-44.394002160114916,984.1356064589303,218.28893798324748,-86.04539630775231,-20.05901093676809,-17.31787432179256
34843696,108.345000,-112.150004,-135.628479,1022.48,1130.51,1022.35,1151.98,-0.02,0.01,0.29,0.35,0.2,0.16,1389.85,645.3257604974287,677.1796400097203,-0.7903431752853877,785.326127895833,375.4738000742668,-45.88940339556231,1028.3194459386027,275.6814687507825,-97.40188068136496,-24.89268423737829,-17.887689248205845
34843796,108.445000,-113.523230,-133.023667,1021.77,1132.52,1022.44,1152.18,-0.02,0.01,0.17,0.07,0.22,0.69,1390.28,645.3803712155657,677.1901049079387,-0.8292779906017291,785.4171160768329,375.3217382544552,-45.778393441978885,1027.476775808472,271.80894211609643,-96.31318321786502,-24.88658688627664,-17.073656286285697
34843896,108.545000,-113.471827,-132.505975,1021.12,1133.83,1023.48,1158.76,-0.03,0.01,0.05,0.15,0.43,0.63,1390.63,645.3122366885121,677.1073329138418,-0.806627665741065,779.3213253290388,371.69976320872905,-44.01058144710325,1027.476775808472,271.80894211609643,-96.31318321786502,-24.88658688627664,-17.073656286285697
34843996,108.644000,-113.722288,-134.980800,1020.67,1134.35,1021.9,1154.42,-0.03,0.0,0.02,0.24,0.11,0.24,1389.25,645.2591486792588,677.1158087626435,-0.7384729855443971,779.3213253290388,371.69976320872905,-44.01058144710325,1027.476775808472,271.80894211609643,-96.31318321786502,-24.88658688627664,-17.073656286285697
34844096,108.744000,-114.136085,-134.455622,1020.5,1134.4,1022.08,1153.83,-0.03,0.0,0.05,0.19,0.15,0.13,1389.02,645.3932224744079,677.1114757681074,-0.8329439947223756,766.7333126285299,364.35421439915154,-39.75996577533743,1027.476775808472,271.80894211609643,-96.31318321786502,-24.88658688627664,-17.073656286285697
34844196,108.844000,-115.096680,-133.296879,1021.05,1133.56,1021.61,1154.44,-0.02,0.0,0.04,0.33,0.05,0.01,1389.78,645.3245056254002,677.1096639471418,-0.8108211724881589,765.468654246052,363.77810089958683,-39.48151353792594,996.1688147780519,235.9527665330669,-91.29261165732031,-20.978868663850825,-19.052494764130707
34844296,108.944000,-116.499408,-134.355910,1021.75,1133.7,1022.08,1153.65,-0.02,0.0,0.16,0.31,0.15,0.17,1390.7,645.4136818905403,677.0698012385545,-0.9222620156184114,770.0730396368294,366.19194708556995,-41.01246150001823,1002.0013671627042,240.9781116755906,-92.0440964161042,-21.850362744560638,-17.935480956651304
34844397,109.044000,-117.928758,-135.699750,1022.64,1133.31,1022.05,1153.82,-0.02,0.01,0.31,0.38,0.14,0.13,1390.7,645.3573386951567,677.1123389032313,-0.8460839539774115,774.7788470527906,369.09221612657825,-42.95046223111776,1002.0013671627042,240.9781116755906,-92.0440964161042,-21.850362744560638,-17.935480956651304
34844497,109.144000,-117.835754,-137.646446,1022.99,1134.82,1022.15,1153.83,-0.02,0.01,0.37,0.12,0.16,0.13,1392.4,645.4249517170659,677.1115296254836,-0.9696682946046749,781.7365765818439,373.049635392383,-44.586635138239124,1002.0013671627042,240.9781116755906,-92.0440964161042,-21.850362744560638,-17.935480956651304
34844598,109.245000,-116.991416,-137.715512,1022.8,1135.19,1022.13,1153.56,-0.02,0.01,0.34,0.06,0.16,0.18,1392.4,645.3196097266512,677.1510757155779,-0.7904883305442348,784.2864575910254,374.81883060190364,-45.49676082247667,1027.0425063159275,274.74784057330953,-97.81004190598115,-24.68585037624363,-18.22544113570588
34844697,109.346000,-116.039212,-137.139742,1022.38,1135.59,1021.85,1154.08,-0.02,0.01,0.27,0.01,0.1,0.08,1393.13,645.4141738680619,677.1095096113609,-0.9641357356617699,784.5396054187914,374.8854562630963,-45.589187637275664,1027.2396008428757,274.20238148115396,-97.39919301465711,-24.718445654168153,-18.032195813587897
34844797,109.445000,-115.246904,-138.347636,1021.73,1136.17,1022.07,1153.79,-0.02,0.01,0.16,0.49,0.15,1.0,1393.68,645.4203320040615,677.0837497233642,-0.9767962755984584,781.8449963787968,373.1271965051206,-44.55990293910632,1027.2396008428757,274.20238148115396,-97.39919301465711,-24.718445654168153,-18.032195813587897
34844898,109.545000,-115.028100,-140.580458,1021.7,1140.91,1023.1,1162.66,-0.02,0.0,0.15,0.31,0.35,0.59,1391.97,645.4193319906296,677.0906064699807,-0.9066475240670324,776.9338838060702,370.22271174123404,-43.37361413638604,1015.79276117105,259.6303642258845,-95.42164039975432,-23.198549468169425,-18.758628709170935
34844997,109.645000,-117.417527,-143.040152,1021.84,1140.69,1022.81,1157.5,-0.02,0.0,0.18,0.58,0.29,0.57,1391.36,645.3207819770186,677.0581773019071,-0.7717706281068827,773.7178273184338,368.1483386977997,-42.003282930159095,1009.7334449705808,251.3543633545328,-94.05647799357341,-22.570003099878058,-18.53116600585966
34845097,109.746000,-121.995648,-141.345839,1021.82,1135.86,1023.56,1163.0,-0.02,0.0,0.17,0.21,0.44,0.09,1390.45,645.321635720213,677.1397697956305,-0.7859109028379423,771.6980029439263,367.2282130073318,-41.853753121206246,1008.7859589444653,254.12300136523407,-95.67930199883547,-22.184752751289352,-20.126545809030958
34845198,109.845000,-123.718872,-139.383686,1022.28,1134.27,1022.48,1162.72,-0.02,0.0,0.25,0.48,0.23,0.03,1389.38,645.4173285546515,677.1113964904846,-0.9345254333252387,776.714673201115,369.8488913776878,-42.83101819288467,1008.7859589444653,254.12300136523407,-95.67930199883547,-22.184752751289352,-20.126545809030958
34845297,109.945000,-124.372019,-140.249009,1022.87,1138.58,1022.81,1161.71,-0.02,0.0,0.35,0.25,0.3,0.17,1390.06,645.4173285546515,677.1113964904846,-0.9345254333252387,776.714673201115,369.8488913776878,-42.83101819288467,1008.7859589444653,254.12300136523407,-95.67930199883547,-22.184752751289352,-20.126545809030958
34845398,110.045000,-124.677253,-141.009145,1023.25,1139.13,1022.42,1162.38,-0.02,0.0,0.42,1.0,0.22,0.2,1389.64,645.441529327636,677.114882856884,-0.9227838495379558,783.6745088403213,374.2631118758836,-45.36615296460179,1026.9023971540714,278.6489850334212,-99.96465184085912,-24.53374585875612,-19.47246487119709
34845497,110.146000,-124.228913,-140.708881,1022.84,1147.19,1022.79,1161.85,-0.02,0.0,0.35,0.24,0.29,0.1,1388.62,645.4383638639692,677.1510449599136,-0.961182136419867,785.6207860172683,375.4910596706198,-46.033917182598884,1029.7135619276833,281.3902453006634,-100.44516912544712,-24.924453596722493,-19.06881853952845
34845598,110.245000,-123.856221,-141.769742,1022.48,1147.93,1022.42,1162.21,-0.02,0.0,0.29,0.2,0.22,0.16,1389.2,645.4383638639692,677.1510449599136,-0.961182136419867,785.6207860172683,375.4910596706198,-46.033917182598884,1029.7135619276833,281.3902453006634,-100.44516912544712,-24.924453596722493,-19.06881853952845
34845698,110.346000,-123.419396,-142.846666,1022.7,1147.25,1022.58,1162.11,-0.02,0.0,0.32,0.16,0.25,0.12,1389.2,645.3216270203279,677.177906757376,-0.7540954340934753,785.18128406615,374.97402174577513,-45.850916837492164,1028.8561840395787,278.25969259380133,-99.51474624142251,-24.834652578742954,-18.682615352096647
34845797,110.445000,-123.649172,-142.841631,1022.82,1146.84,1022.82,1161.8,-0.02,0.0,0.34,0.09,0.3,0.18,1390.43,645.4218846460473,677.167332823947,-0.8993626055777517,784.7160982525678,375.0314009711702,-46.29845015293755,1029.806875119546,283.2808349051502,-100.97261679654476,-24.751195051689344,-19.974051447062237
34845898,110.545000,-124.193254,-144.053749,1023.05,1146.25,1022.37,1162.05,-0.02,0.0,0.38,0.13,0.21,0.56,1391.58,645.4321710946917,677.1660654452326,-0.9223884295891054,787.8453898646269,376.78793731475196,-46.859693535770305,1032.7540260382207,285.62499720177664,-101.29290839685964,-25.366244935942014,-18.850610900670077
34845997,110.645000,-124.895545,-144.782264,1022.77,1146.26,1023.69,1167.05,-0.02,0.0,0.34,0.13,0.47,0.44,1391.95,645.4321710946917,677.1660654452326,-0.9223884295891054,787.8453898646269,376.78793731475196,-46.859693535770305,1032.7540260382207,285.62499720177664,-101.29290839685964,-25.366244935942014,-18.850610900670077
34846098,110.748000,-125.546701,-145.022782,1022.39,1146.11,1021.55,1164.12,-0.02,0.0,0.27,0.03,0.04,0.39,1392.16,645.2954667370132,677.1964785326761,-0.7948262545828397,790.6332893436902,378.81323217278555,-47.85967667481277,1037.704483465758,295.0257362355539,-103.15517679000719,-25.969990444301768,-19.327045466322808
34846197,110.846000,-125.731042,-145.062518,1022.16,1146.28,1021.71,1166.06,-0.03,0.0,0.23,0.23,0.08,0.19,1390.4,645.4298912756708,677.1635374911193,-0.9068363033274636,790.2023606592226,378.5695099174633,-47.78068252203394,1037.73119581523,297.2394136978632,-104.09951052481881,-25.86629581876177,-20.0785312086404
34846298,110.945000,-125.718416,-144.556089,1022.02,1146.41,1021.68,1166.25,-0.03,0.0,0.21,0.21,0.07,0.15,1390.97,645.4168432698435,677.2545491159186,-0.7583404378440153,789.6646312684891,378.17482817272514,-47.65573754180092,1036.8998105615522,294.0679698670778,-103.19467603807547,-25.748267974198548,-19.71568930267358
34846398,111.046000,-125.637283,-144.482757,1022.0,1146.57,1021.86,1165.77,-0.03,0.0,0.21,0.18,0.11,0.25,1391.97,645.3385127634212,677.194092223876,-0.7564490576782286,787.9742125315295,377.00366187619085,-47.00309810256489,1034.3372946802058,291.8605682539431,-103.38889541517908,-25.414763689562147,-20.105320456804428
34846498,111.149000,-125.735657,-147.963352,1021.94,1146.44,1021.79,1165.99,-0.03,0.0,0.2,0.2,0.09,0.21,1392.77,645.4437949409314,677.1581632708782,-0.9139690489293767,786.7151814046164,376.2231049384051,-46.619611003598855,1032.6881099094078,289.18736437663335,-102.98114067216291,-25.1473060478053,-20.219431011998253
34846599,111.247000,-125.945649,-152.154447,1022.04,1146.23,1021.82,1165.82,-0.03,-0.0,0.21,0.24,0.1,0.24,1393.43,645.3304248274194,677.1926094370316,-0.7403190879811893,786.7124179068513,376.1494983230522,-46.434174045555146,1032.2715689021686,287.6974979188387,-102.54119499527134,-25.156644282524663,-19.877362035015047
34846699,111.347000,-129.202111,-150.445410,1022.21,1146.09,1021.78,1165.78,-0.03,-0.0,0.24,0.26,0.09,0.25,1394.13,645.4062365373513,677.1506115233591,-0.9230462708664718,786.8824776268146,376.35864555157343,-46.746229852861156,1032.8856213333224,289.9779112019716,-103.21076827798205,-25.189750960971864,-20.272451372721477
34846800,111.448000,-133.451054,-149.909589,1022.41,1145.81,1021.71,1165.82,-0.03,-0.0,0.28,0.31,0.08,0.24,1394.54,645.3813321840164,677.2512568398691,-0.8633769436628195,788.550405579733,377.37205273306694,-47.10914459519463,1034.8627004164425,291.6549709011308,-102.99994087167742,-25.520858363942438,-19.770303002852543
34846899,111.548000,-134.579885,-150.334503,1022.28,1146.22,1021.87,1165.66,-0.03,-0.0,0.25,0.24,0.11,0.27,1394.82,645.3813321840164,677.2512568398691,-0.8633769436628195,788.550405579733,377.37205273306694,-47.10914459519463,1034.8627004164425,291.6549709011308,-102.99994087167742,-25.520858363942438,-19.770303002852543
34846999,111.647000,-133.947079,-150.422299,1022.29,1146.24,1021.7,1165.8,-0.03,0.0,0.26,1.0,0.07,1.0,1395.22,645.3403907652228,677.1922093500433,-0.7678567849533204,790.0726017671894,378.47739885625634,-47.65748077450589,1037.3852761604742,295.99707781315607,-104.11985087990996,-25.85094711954909,-19.85424107247904
34847099,111.748000,-131.959887,-151.808308,1022.88,1155.69,1023.07,1173.96,-0.03,0.0,0.36,0.17,0.35,0.32,1394.09,645.327875668141,677.1777783569204,-0.7159832297434638,789.8193644091582,378.2840827463444,-47.60672748954742,1037.1149175261469,295.7341965983806,-104.1626342732023,-25.800098008214945,-19.940245941663605
34847200,111.847000,-130.245738,-152.295991,1023.3,1156.56,1023.22,1172.61,-0.03,-0.0,0.43,0.03,0.38,0.05,1392.91,645.397836446712,677.2427295227551,-0.815133309748653,788.8065768029129,377.5327319954859,-47.41225326556602,1035.9307175525155,294.4289212690843,-104.28684740876503,-25.570726903556018,-20.271595082382298
34847300,111.948000,-129.627718,-153.445001,1022.49,1155.3,1023.07,1172.27,-0.03,-0.0,0.29,0.5,0.35,0.41,1393.63,645.425095014417,677.1892817807727,-0.8977072398513161,788.2173466930702,377.17790453110365,-47.39616717084813,1036.0668652156896,298.02115978855767,-106.2737354865582,-25.45239854020796,-21.383061687813537
34847399,112.047000,-130.428187,-154.172379,1022.43,1151.19,1023.42,1174.83,-0.03,-0.0,0.28,0.1,0.42,0.13,1392.41,645.4195380222064,677.2018924570629,-0.9231664708492379,792.2524243849034,379.859870265225,-48.81871749985198,1041.0127490786017,304.5867351649475,-107.34537613624875,-26.280995824568787,-20.602560242622367
34847499,112.148000,-132.213501,-153.203402,1022.89,1150.37,1023.26,1174.21,-0.03,-0.0,0.36,0.24,0.39,0.25,1391.63,645.3670819411271,677.276983799239,-0.826773943263626,796.5254112349165,383.0674149468052,-50.51965011148689,1047.337552944295,317.50885158372614,-110.14352822993024,-27.19309008179711,-20.96529201398542
34847599,112.246000,-133.900453,-153.566287,1022.53,1150.64,1022.79,1174.35,-0.03,-0.0,0.3,0.19,0.3,0.22,1392.28,645.3815144369086,677.3215968019063,-0.8163615900298768,800.2946148039227,385.9078713461201,-51.572679000582745,1052.338811753646,328.01522138360053,-111.48318510288495,-27.9947382943431,-21.074495820345206
34847700,112.347000,-134.935855,-156.038906,1022.16,1151.21,1022.85,1174.18,-0.03,-0.01,0.24,0.82,0.31,0.28,1393.18,645.3815144369086,677.3215968019063,-0.8163615900298768,800.2946148039227,385.9078713461201,-51.572679000582745,1052.338811753646,328.01522138360053,-111.48318510288495,-27.9947382943431,-21.074495820345206
34847799,112.448000,-135.291905,-157.745676,1022.23,1159.98,1022.62,1174.38,-0.03,-0.0,0.25,0.67,0.26,0.24,1393.11,645.367894343868,677.3160495209171,-0.840329090141813,801.2204819598802,386.60967035452467,-51.85544363502607,1053.369105628143,330.5609175868329,-111.65672727693179,-28.196508853330283,-21.074769522875208
34847899,112.547000,-135.768761,-157.379709,1021.98,1156.82,1022.63,1174.28,-0.03,-0.01,0.21,0.1,0.26,1.0,1393.28,645.3963956926435,677.283224780852,-0.8942624318545993,798.5576415144665,384.70876878000644,-51.18970032991046,1050.2983224665975,325.0363166741583,-111.4796500556904,-27.63182966672931,-21.401107834384064
34847999,112.647000,-136.685406,-156.427280,1022.04,1155.54,1023.99,1182.01,-0.03,-0.01,0.22,0.4,0.53,0.52,1391.65,645.4404565703625,677.1895910918829,-0.9399561417444446,790.9638186489103,379.13228141487497,-48.643920092709514,1040.0312212815109,306.67992226007925,-108.0479918248763,-26.023459445268347,-21.73365360452481
34848099,112.747000,-136.926109,-156.762064,1022.9,1157.41,1021.51,1177.27,-0.03,-0.01,0.36,0.08,0.04,0.43,1391.39,645.4144046358116,677.2149879055509,-0.9146055595172027,791.7970550345707,379.7509402281529,-48.800203602348574,1040.823245260718,308.0149445154164,-108.40855610480526,-26.201890705574613,-21.52632257089813
34848200,112.847000,-136.194484,-157.510626,1023.28,1157.17,1021.57,1180.27,-0.03,-0.01,0.43,0.32,0.05,0.3,1390.65,645.4144046358116,677.2149879055509,-0.9146055595172027,791.7970550345707,379.7509402281529,-48.800203602348574,1040.823245260718,308.0149445154164,-108.40855610480526,-26.201890705574613,-21.52632257089813
34848299,112.947000,-135.153702,-157.377255,1022.6,1157.25,1021.74,1179.86,-0.03,-0.01,0.31,0.19,0.09,0.06,1390.75,645.3631527420414,677.3110667155923,-0.8729775569218939,800.0358548106882,385.6355359900134,-51.83740014377344,1044.0638170688485,320.2825513783241,-112.36786808464124,-26.663267542470418,-22.945418084946702
34848399,113.047000,-134.835061,-157.017194,1022.43,1157.25,1021.95,1179.39,-0.03,-0.0,0.28,0.01,0.13,0.0,1391.8,645.4109775200446,677.2914494035437,-0.8510453839625787,802.5263255391147,387.8601574277041,-52.956398280742036,1056.1023640810965,342.9356223340104,-116.0272765220911,-28.49495114127235,-22.96359504657405
34848499,113.147000,-134.915942,-157.130301,1022.19,1157.5,1021.65,1179.87,-0.03,-0.0,0.24,0.03,0.07,0.09,1391.37,645.4276581088242,677.3411790457243,-0.8130903626707435,806.1369070250703,390.3783750669141,-53.84154819295497,1059.245445776661,346.1472324899766,-115.74763400319907,-29.250358239977587,-21.586843462118395
34848599,113.247000,-135.482290,-157.717113,1021.82,1158.0,1021.85,1179.21,-0.03,-0.0,0.18,0.16,0.11,0.01,1391.98,645.4051205496304,677.3175538166088,-0.9244396885094341,804.4384927328629,389.3275248518416,-53.542286020658054,1058.3368991652894,347.5218667793694,-116.39550901043597,-28.908284525593015,-22.833286560412525
34848700,113.347000,-135.821278,-157.987522,1021.5,1158.43,1021.56,1179.76,-0.03,-0.0,0.13,0.14,0.05,0.0,1392.74,645.3343182099777,677.2968192129966,-0.6851799138805976,802.7602111890569,387.8216583365909,-52.92105147577987,1055.8285831347687,339.06528332106654,-115.28032781049194,-28.53876830581545,-22.01742318640175
34848799,113.448000,-136.250508,-161.092313,1021.31,1158.69,1021.86,1179.6,-0.03,0.0,0.09,0.18,0.11,0.03,1393.34,645.3157718291736,677.2389438803464,-0.7227077494840894,798.7361821115767,384.89406854296806,-51.66631538769192,1050.3185954838189,332.13580538405404,-113.7716363374297,-27.69015386238774,-22.776064688053268
34848899,113.547000,-139.443497,-163.918948,1021.45,1158.55,1021.67,1179.62,-0.03,0.0,0.12,0.16,0.07,0.02,1392.68,645.3599473565632,677.3061290426563,-0.8665518184461005,796.4677618614546,383.1820334242672,-50.75367766361976,1047.9949699635647,325.026939913716,-112.65479387695973,-27.192072803585415,-22.59737336993775
34849000,113.647000,-142.976106,-161.959871,1021.86,1157.78,1021.82,1179.42,-0.03,0.0,0.19,0.65,0.1,1.0,1393.34,645.3627228011435,677.3048089679257,-0.8053283582046669,796.2012281305147,382.9853123542038,-50.749561750307876,1047.0975059729662,324.3835849114681,-112.4198841713129,-27.13510313075123,-22.58293740950426
34849101,113.749000,-143.860576,-161.270326,1022.49,1163.08,1022.97,1187.05,-0.03,0.0,0.29,0.35,0.33,0.61,1391.44,645.4020969460063,677.2995392085795,-0.79703419741605,797.861668652408,384.2853947271333,-51.310676436031756,1049.456623874744,329.5057425183328,-113.75837690051854,-27.48862372436272,-22.739475533407365
34849200,113.849000,-143.613668,-161.986054,1023.24,1164.72,1022.59,1181.74,-0.03,0.0,0.42,0.22,0.26,0.31,1390.98,645.374937448227,677.2952478334454,-0.9187328238261376,801.2376895564421,386.73866099616316,-52.444142546491314,1053.8974637137705,335.94910052301054,-114.70726656640305,-28.210364371760523,-22.213179276866832
34849301,113.948000,-141.339724,-163.130338,1022.7,1164.05,1022.32,1182.09,-0.03,0.0,0.33,0.29,0.2,0.39,1390.51,645.3541874596664,677.3347875932247,-0.7342737128615275,802.7541811248282,387.9371148975394,-53.16445499167406,1053.8974637137705,335.94910052301054,-114.70726656640305,-28.210364371760523,-22.213179276866832
34849400,114.048000,-140.018067,-162.456020,1022.53,1163.76,1022.72,1184.48,-0.03,0.0,0.3,0.04,0.28,0.14,1391.21,645.4180216332837,677.300927514359,-0.8574797765766066,807.2647228832606,391.36353720891685,-54.73415063032088,1061.3343513377456,351.71549512149636,-117.71507735653057,-29.51079261955554,-22.108837093501798
34849501,114.149000,-139.061316,-163.223995,1022.35,1163.82,1023.03,1183.8,-0.03,-0.0,0.27,0.28,0.34,0.14,1391.86,645.4180216332837,677.300927514359,-0.8574797765766066,807.2647228832606,391.36353720891685,-54.73415063032088,1061.3343513377456,351.71549512149636,-117.71507735653057,-29.51079261955554,-22.108837093501798
34849602,114.249000,-137.882987,-164.102668,1022.24,1164.02,1022.61,1184.38,-0.03,-0.0,0.25,0.48,0.26,0.18,1392.76,645.4255259422971,677.3280706540513,-0.7908158457496071,810.0878310003437,393.66136169545786,-55.54887555149756,1064.2209148797642,360.96335698184987,-119.24872596505938,-30.134225500783337,-22.399874662385727
34849701,114.350000,-138.627210,-163.736386,1021.61,1161.31,1022.97,1183.83,-0.04,0.0,0.15,0.02,0.33,0.29,1393.51,645.3325001827312,677.3723860479471,-0.750396692059685,807.9407803408814,392.2680272149969,-55.21717770769083,1062.4028794606843,360.73508900076865,-119.69838646052207,-29.698123518980005,-23.539673273264583
34849801,114.449000,-141.974219,-164.153022,1021.3,1160.99,1022.68,1184.27,-0.03,0.0,0.09,0.04,0.27,0.3,1394.12,645.3325001827312,677.3723860479471,-0.750396692059685,807.9407803408814,392.2680272149969,-55.21717770769083,1062.4028794606843,360.73508900076865,-119.69838646052207,-29.698123518980005,-23.539673273264583
34849902,114.549000,-145.830410,-165.994134,1021.12,1161.4,1022.77,1184.11,-0.03,-0.0,0.06,0.46,0.29,0.42,1394.58,645.3844178941806,677.2953264930552,-0.8279820128590751,803.8174146750498,388.8745037641446,-53.55130950037144,1056.8410551036634,349.25558224458985,-117.75653605935577,-28.78051707539497,-23.53974456098137
34850001,114.651000,-146.794943,-167.200191,1021.56,1164.83,1023.12,1186.73,-0.03,0.0,0.14,0.12,0.36,0.11,1393.31,645.3499163008066,677.3278574821912,-0.7671766485114409,802.0820631032232,387.4671985806592,-52.95008088046086,1055.0512565664924,343.0536096638397,-116.84525479784936,-28.400775943167705,-23.240564196121277
34850101,114.750000,-146.208943,-166.597606,1021.9,1164.76,1023.16,1186.4,-0.03,-0.0,0.19,0.71,0.37,0.57,1392.94,645.3378227979875,677.3189769586947,-0.8726271011952385,801.0995456407704,386.75332659959497,-52.43807571076352,1053.637815655611,341.09117745536446,-116.30448515789325,-28.19414736096078,-23.362630026195326
34850201,114.849000,-144.321847,-166.812619,1022.69,1169.82,1023.86,1190.94,-0.03,-0.0,0.33,0.25,0.51,0.46,1390.34,645.3946399296341,677.3159896236244,-0.8551467472611911,801.6093731255272,387.13378028714396,-52.857222942011404,1054.2659012151896,344.369343023723,-117.50834374193957,-28.29505743165907,-23.803098383445665
34850301,114.949000,-142.870273,-167.255530,1023.49,1169.65,1021.54,1186.92,-0.03,-0.01,0.46,0.54,0.05,0.39,1389.85,645.3888876933012,677.3604888110447,-0.8051986965932811,804.8783169229295,389.68323109684775,-54.13467800367122,1058.5359407948213,351.023671314264,-119.17177073905926,-29.004162370991782,-23.32600130116038
34850401,115.053000,-142.579648,-166.420882,1021.92,1164.92,1021.58,1188.92,-0.03,-0.01,0.2,0.26,0.05,0.01,1389.71,645.3589709065077,677.3454245847804,-0.7806036510976104,807.8277113896087,392.07275529396145,-55.30217528549255,1058.5359407948213,351.023671314264,-119.17177073905926,-29.004162370991782,-23.32600130116038
34850501,115.149000,-143.928782,-167.351941,1021.2,1163.95,1021.64,1188.77,-0.03,-0.01,0.08,0.43,0.07,0.02,1389.14,645.41553105629,677.4142487457302,-0.8490168801737263,812.7874426891873,396.1176098383522,-57.44415862663896,1067.5476241618285,372.9283485000748,-123.40006651804482,-30.752707450046064,-23.293632981771914
34850602,115.249000,-146.632908,-167.691591,1021.18,1167.7,1021.82,1188.48,-0.03,-0.01,0.08,0.43,0.07,0.02,1388.96,645.3464462698468,677.4242243839933,-0.7706865443320842,814.7158000638283,398.06920866013036,-57.56872325852759,1069.4423018054906,382.46817997326684,-124.07802520450271,-31.227894536573316,-24.039440380907536
34850701,115.350000,-148.131576,-167.321484,1020.76,1168.83,1021.42,1189.04,-0.03,-0.01,0.07,0.21,0.1,0.08,1389.73,645.3604205290907,677.3933239588347,-0.7983799684732236,814.9950751052172,398.08932755178535,-57.54630140271948,1068.995756844193,380.0710675763366,-123.57304807856424,-31.272308633502078,-23.397740983977627
34850801,115.449000,-148.341470,-168.318628,1020.25,1166.99,1021.8,1188.49,-0.03,-0.01,0.0,0.4,0.02,0.03,1389.56,645.3702097292737,677.3815733368298,-0.7534689123310983,810.6765048905337,394.6524271323041,-56.510004478081605,1065.1022436494293,372.6567756890973,-123.75270740279588,-30.314005238389992,-24.43093169362458
34850901,115.549000,-148.163328,-168.216791,1020.25,1166.99,1021.8,1188.49,-0.03,-0.01,0.09,0.56,0.1,0.18,1387.89,645.3991927096611,677.3683766890092,-0.8037588463052326,807.7799892734417,392.0307672661623,-55.17424799064065,1061.7346978114208,361.2769991728608,-121.42869075852865,-29.64347062816814,-23.808195473959472
34851001,115.649000,-147.108035,-168.869831,1020.41,1170.66,1021.32,1189.0,-0.03,-0.01,0.06,0.06,0.0,0.07,1388.77,645.3491683584924,677.3409641759171,-0.7495005340372314,805.0804810258411,390.04947416010407,-54.40209190405216,1058.179501271673,358.01297050614403,-120.8767813161863,-29.073639552938133,-24.638758978227287
34851101,115.749000,-145.828503,-169.712525,1020.91,1170.7,1021.63,1188.49,-0.03,-0.01,0.02,0.07,0.06,0.18,1389.85,645.4196240420116,677.3303976941257,-0.7438265613577018,805.9444158615572,390.5350229479436,-54.48260431878647,1059.601456343703,356.965843767432,-120.43936373532318,-29.23656404560688,-23.988109651762194
34851202,115.848000,-145.999403,-169.675900,1021.58,1169.59,1021.48,1188.4,-0.03,-0.01,0.14,0.12,0.03,0.19,1389.93,645.4135540978374,677.3599661432077,-0.8196027257407325,808.4567503505936,392.7371730459901,-55.95722620468223,1062.5597292154957,365.83728963917537,-122.55910393601114,-29.80578806353914,-24.34547737223204
34851301,115.949000,-146.157216,-169.654483,1021.96,1168.7,1021.71,1188.35,-0.03,-0.01,0.2,0.27,0.08,0.21,1391.01,645.4302628143582,677.3885218648383,-0.8332238824387949,813.2014333132199,396.64583112434025,-57.46158388639901,1062.5597292154957,365.83728963917537,-122.55910393601114,-29.80578806353914,-24.34547737223204
34851401,116.049000,-147.061870,-169.371895,1022.15,1168.5,1021.67,1188.33,-0.03,-0.01,0.23,0.3,0.07,0.21,1392.0,645.41902336446,677.4204493773266,-0.8501887523474413,816.1582320511543,399.4461650311689,-58.537846538356035,1071.1542774275467,386.4660606075031,-125.44657096715623,-31.559354067735732,-23.96727078321051
34851501,116.150000,-148.284038,-168.964397,1021.93,1168.97,1021.75,1188.25,-0.04,-0.01,0.2,0.23,0.09,0.23,1392.91,645.4049235273119,677.3986594054434,-0.8549725394500514,817.1615278188982,400.1937871483453,-58.55468378114395,1071.9259824468543,388.4486779317739,-125.29067958526696,-31.78242468463842,-23.795578946890828
34851601,116.251000,-148.062466,-168.845587,1021.42,1169.63,1021.71,1188.48,-0.04,-0.01,0.11,0.11,0.08,0.18,1393.54,645.3545663951584,677.3656119819433,-0.7657379020526969,815.1490890509159,398.41402380247155,-58.05235016772115,1069.6165826444537,383.1361301550555,-124.59111539306689,-31.32837870620151,-23.90740370344512
34851702,116.349000,-147.477194,-169.442336,1021.07,1170.3,1021.53,1188.61,-0.04,-0.01,0.05,0.0,0.04,0.16,1394.13,645.3282588907356,677.3980699456336,-0.8277852358319765,811.5862519532153,395.31598343263846,-57.00733626366179,1066.136707738112,373.65340349083715,-123.77745475091778,-30.514918273242543,-24.105936984117093
34851801,116.450000,-146.394140,-173.913853,1020.88,1170.36,1021.65,1188.51,-0.04,-0.01,0.02,0.02,0.07,0.48,1394.09,645.3495245254351,677.3656527598318,-0.7811939565102488,808.6018506328543,392.8070160439413,-55.701184425506526,1062.367716806841,365.35956370626155,-121.9149204387354,-29.843050281112422,-24.140755112330233
34851901,116.549000,-147.091045,-175.750811,1021.1,1170.05,1022.22,1192.53,-0.03,-0.01,0.05,0.03,0.18,0.33,1392.94,645.4218982659703,677.3642757922269,-0.8138713673735326,807.3587455255026,391.781762734108,-55.29068010833012,1061.065572117652,362.6377068276946,-121.40354795636617,-29.55499201524623,-24.33700312881688
34852002,116.651000,-148.720452,-172.800959,1021.41,1169.38,1022.47,1191.3,-0.03,-0.01,0.1,0.14,0.23,0.08,1393.35,645.4055933065088,677.3837530963298,-0.7836383044948539,808.6804181129185,392.8623281309408,-55.71623182447241,1062.4419809626363,367.12437162640236,-122.54664819475988,-29.84969308468966,-24.509151584918726
34852101,116.750000,-150.973985,-172.348356,1021.91,1168.83,1022.35,1191.12,-0.03,-0.01,0.19,0.24,0.21,0.04,1394.03,645.343640329169,677.4097941230447,-0.7970093804362464,811.5781265400175,395.3814797914533,-57.13206225360024,1065.353222455295,376.5285693432323,-125.26337566064345,-30.516152561766404,-24.719005443328896
34852202,116.849000,-154.124137,-173.276736,1022.03,1168.47,1022.41,1191.1,-0.03,-0.01,0.21,0.3,0.22,0.04,1394.53,645.4415514573399,677.3973302466294,-0.857926999673473,814.9053112667539,398.2085557444087,-57.79704058354197,1069.120638607857,384.35423858267745,-125.51759625922672,-31.25717694330625,-24.366206256926418
34852303,116.950000,-153.610190,-174.966969,1021.9,1168.87,1022.28,1190.92,-0.03,-0.01,0.19,0.23,0.2,0.0,1395.04,645.3647951703189,677.4114218586345,-0.7494517794914404,816.2100287743458,399.4812418423018,-58.55001550117549,1070.6649194546187,388.5484467931942,-126.14649322570423,-31.579274584149374,-24.381219139724976
34852402,117.050000,-151.901346,-174.373792,1021.68,1169.34,1022.22,1191.2,-0.03,-0.01,0.15,1.0,0.18,0.83,1392.93,645.3696255097657,677.3972483761482,-0.7526633990117119,815.2979081036852,398.6007205389618,-58.43854560387599,1069.3885533134805,386.2032709032179,-125.88817047992053,-31.362577102969855,-24.48151714160013
34852502,117.150000,-149.632156,-175.202957,1021.73,1178.64,1023.12,1197.52,-0.03,-0.01,0.16,0.4,0.36,0.44,1392.06,645.4206732695491,677.3937683604883,-0.8169186983408693,812.7926813661821,396.3271432366373,-57.21229138152275,1066.9800919498732,378.59876345650105,-124.56465075040249,-30.773321864742414,-24.463705086905378
34852602,117.250000,-148.381938,-176.318750,1022.01,1177.1,1022.8,1193.56,-0.03,-0.01,0.21,0.51,0.3,0.58,1391.22,645.3567571433058,677.3613699744993,-0.7152925515325359,809.8025470528755,393.73799557543737,-56.23274398973317,1063.6080628443892,373.0152055384625,-124.55807277665619,-30.10530251436105,-25.12164577597818
34852703,117.350000,-148.231530,-175.653435,1022.19,1171.93,1023.32,1198.24,-0.03,-0.01,0.24,0.02,0.4,0.19,1391.4,645.423024424016,677.3922991290286,-0.7854456648735074,810.073863924853,394.1855204079389,-56.981126390519634,1064.0821962420414,375.7708067182788,-125.81655025403397,-30.17287524056986,-25.507760487967914
34852802,117.452000,-148.002339,-174.680844,1022.61,1170.5,1023.16,1197.48,-0.03,-0.01,0.31,0.01,0.37,0.18,1389.65,645.393620510365,677.3692441674169,-0.8287566543616132,814.4519112801336,397.7686730125087,-58.13286861020661,1064.0821962420414,375.7708067182788,-125.81655025403397,-30.17287524056986,-25.507760487967914
34852902,117.551000,-147.973164,-174.676647,1022.86,1170.27,1023.05,1197.03,-0.03,-0.01,0.35,0.01,0.35,0.03,1390.32,645.4162274888549,677.4573894716325,-0.8386014884890776,817.315056481299,400.6871185955165,-59.35199441666122,1070.4548469073202,399.17942288989593,-130.4199326035525,-31.843939806551788,-25.970871865129965
34853003,117.651000,-147.975515,-174.690082,1022.34,1170.55,1022.92,1197.36,-0.03,-0.01,0.26,0.06,0.32,0.09,1391.43,645.4134617737249,677.4343499137575,-0.865342027752532,819.4975738647136,402.4390786709085,-59.81151181263329,1072.5679215186806,402.73254182595747,-129.76081755418159,-32.335611047805884,-25.39521868990937
34853102,117.752000,-147.858394,-174.657643,1021.84,1171.33,1022.95,1197.02,-0.03,-0.01,0.18,0.19,0.33,0.03,1392.4,645.4369102012624,677.4468304319839,-0.806638951226747,817.9815645049555,401.16928057181224,-59.32719144845121,1071.2074895298008,399.62084426269286,-129.0705839053973,-31.986169009265883,-25.677311757245583
34853202,117.851000,-147.882873,-174.714085,1021.39,1171.84,1022.63,1197.45,-0.03,-0.01,0.1,0.29,0.27,0.14,1393.27,645.3387857014371,677.3720940454787,-0.775426174798391,814.6387329392385,398.24310483248615,-58.36728998154139,1067.7188798938093,390.7668576955374,-129.29179616810555,-31.23804437250199,-25.83182725433697
34853303,117.950000,-147.923208,-174.675287,1021.29,1172.11,1022.87,1196.96,-0.03,-0.01,0.09,0.35,0.32,0.05,1393.97,645.3446409882913,677.3730373089205,-0.7310459791850079,811.434284546841,395.3301233763183,-56.96588885409623,1064.4771218224705,380.8795829315154,-126.20280004334573,-30.493012283989284,-25.74553006764925
34853402,118.050000,-148.006838,-174.679831,1021.25,1170.31,1022.68,1197.3,-0.03,-0.01,0.08,0.05,0.28,0.11,1394.42,645.3663292770049,677.3966275515394,-0.7243955597405298,809.2351432884085,393.6308661453756,-56.22321930968683,1062.2990080456773,377.1039865744956,-126.29248227496322,-30.005538437817354,-26.252405187962374
34853503,118.149000,-148.006246,-174.638202,1021.59,1169.54,1022.93,1196.85,-0.03,-0.01,0.14,0.09,0.33,0.01,1394.42,645.4413289728883,677.4022744247228,-0.8226838250650315,810.6996838166802,394.7167830301877,-56.569440214824674,1063.5512001932968,378.3707613750274,-126.39991259715885,-30.310619203579915,-25.679924265368975
34853602,118.250000,-147.959868,-174.704408,1021.92,1169.09,1022.78,1196.95,-0.03,-0.01,0.19,0.16,0.3,0.03,1393.98,645.4007339809755,677.3800401204409,-0.824793954856167,812.3718862992433,396.3377287020583,-57.523243866936355,1065.5693905916723,386.2175069032591,-128.13447021294098,-30.715136789193043,-26.28085113586682
34853703,118.350000,-147.942550,-174.642260,1021.93,1169.0,1022.99,1196.78,-0.03,-0.01,0.19,0.2,0.34,0.02,1393.98,645.3943063907952,677.4083655785996,-0.8295964948196772,815.4193542098714,398.8071708552989,-58.35027996750984,1068.5294499668564,391.240895947406,-128.44388273969298,-31.394928322652046,-25.497898111119405
34853802,118.450000,-147.909313,-174.717542,1021.77,1169.27,1022.89,1196.76,-0.03,-0.01,0.17,0.15,0.32,0.01,1394.55,645.3573907186139,677.4312380461124,-0.7506952318109104,815.8204183820109,399.38159371106445,-58.632708617149675,1068.7927164496857,395.1122214552173,-129.1083584991029,-31.51108237138788,-26.01095551305596
34853903,118.549000,-147.932855,-174.690426,1021.41,1169.6,1022.89,1196.94,-0.03,-0.01,0.1,0.09,0.32,0.05,1395.02,645.4038712025964,677.4268786143364,-0.8182648383841453,815.4503475459876,398.865193487487,-58.39503027932023,1068.6618413796123,391.79532278536504,-128.55236068363072,-31.40175285663132,-25.59716506729569
34854002,118.651000,-147.924755,-174.654669,1021.18,1170.04,1022.9,1196.92,-0.03,-0.01,0.06,0.01,0.32,0.04,1395.39,645.4177159181223,677.3810409059201,-0.8099220400153434,813.0884550708147,396.85210954312817,-57.5814658454161,1065.934272771914,387.0326332144333,-127.95090318938774,-30.866549782245485,-26.04288912951661
34854103,118.751000,-147.936372,-174.701174,1021.17,1170.06,1022.75,1197.12,-0.03,-0.01,0.06,0.01,0.29,0.08,1395.68,645.3993763616701,677.3644976643654,-0.8387355019650131,811.169470244486,395.23056062743143,-56.892635719908455,1064.2026801070422,380.89901276770837,-126.85208432928745,-30.436712507603445,-25.88486283947185
34854205,118.851000,-147.970218,-174.655642,1021.27,1169.97,1022.82,1196.89,-0.03,-0.01,0.08,0.03,0.31,0.04,1395.98,645.3840220720261,677.3834430432905,-0.816666646723404,810.1733241110904,394.34051114212525,-56.44695872873756,1063.13297913543,378.5786017444138,-126.45198089260042,-30.208222273644413,-26.018066558453945
34854304,118.963000,-147.981432,-174.682476,1021.55,1169.44,1022.83,1196.92,-0.03,-0.01,0.13,0.12,0.31,0.04,1396.09,645.4037208647935,677.3751637245475,-0.77602993804912,810.8862372291239,394.93292528973814,-56.668629337851605,1063.7099569791592,380.57431896229815,-126.75574243860105,-30.36597842930318,-26.017538239517783
34854404,119.052000,-147.982041,-174.667742,1021.72,1169.11,1022.88,1196.54,-0.03,-0.01,0.15,0.17,0.32,0.03,1396.31,645.3479162572756,677.3950441723708,-0.7621387271205797,812.7781130138067,396.49285595166026,-57.361354360682185,1065.9437508060175,385.1404999887867,-127.84053121188599,-30.79682230677125,-25.83884009544044
34854504,119.155000,-147.933333,-174.684741,1021.71,1168.98,1022.82,1196.71,-0.03,-0.01,0.15,0.19,0.31,0.0,1395.2,645.3265875475843,677.423051571242,-0.7413404264527513,814.40087060511,397.9524595396596,-58.08929672729267,1067.4762587191242,390.4874389126423,-128.383358725086,-31.173123980658595,-25.964175685823236
34854605,119.255000,-147.953732,-174.678525,1021.64,1169.26,1022.97,1196.67,-0.03,-0.01,0.14,0.15,0.34,0.01,1394.94,645.4303723705539,677.4353120480022,-0.8192201088590038,815.4266545683893,398.8277769906408,-58.31842982783622,1068.4114315489403,392.0625659416272,-128.5135535752043,-31.390037951946862,-25.688109857585083
34854705,119.356000,-147.928057,-174.669978,1021.44,1169.55,1022.79,1196.75,-0.03,-0.01,0.11,0.1,0.3,0.0,1394.21,645.4368779860475,677.4071159668863,-0.8368504432982707,814.4910299465888,398.16327341786496,-57.85373071409518,1067.706913052616,390.9485726886858,-128.3699713420848,-31.19070204245238,-25.986549411101393
34854805,119.454000,-147.925053,-174.693932,1021.34,1169.8,1022.74,1196.72,-0.03,-0.01,0.09,0.05,0.29,0.0,1394.1,645.3555325030987,677.3973362366113,-0.7779448139493556,813.2983995159242,397.0184947217315,-57.596361639047764,1066.226346154609,386.30466895516565,-127.6556210290986,-30.92099824665765,-25.7324500891577
34854905,119.555000,-147.965299,-174.680732,1021.24,1169.89,1022.83,1196.85,-0.03,-0.02,0.07,0.04,0.31,0.02,1393.54,645.4241161867394,677.4103539585687,-0.8296583094567782,811.4489471324828,395.453753934328,-56.97789840189806,1064.3446118226166,382.58926350952163,-127.16532528069071,-30.49090227266826,-26.106139890408222
34855004,119.654000,-147.979809,-174.655813,1021.32,1169.69,1022.82,1196.78,-0.03,-0.02,0.09,0.07,0.31,0.01,1393.52,645.3585999009595,677.3819273040181,-0.7613092059776781,811.0062229444832,395.05160580171304,-56.69363352556518,1064.066290839345,380.4793109869292,-126.75165006032024,-30.400816338550836,-25.902667749192155
34855105,119.751000,-147.964409,-174.669195,1021.55,1169.33,1023.01,1196.55,-0.03,-0.02,0.13,0.13,0.35,0.04,1394.24,645.3562333468604,677.3720592602922,-0.7212199874849389,811.5241866365756,395.4887198900115,-57.04253408485821,1064.364863491932,382.38532853101947,-127.21673970047026,-30.51900642571536,-25.995304831872218
34855205,119.859000,-147.970649,-174.683284,1021.86,1169.19,1022.89,1196.51,-0.03,-0.02,0.18,0.16,0.33,0.04,1393.42,645.399815336006,677.3714050934478,-0.79702300920215,813.0171040568902,396.7334620413525,-57.451916749854526,1065.9956147084688,386.04071288808916,-127.77912936668308,-30.848705136507768,-25.882285539711134
34855304,119.955000,-147.936663,-174.677707,1021.76,1169.21,1022.95,1196.49,-0.03,-0.01,0.16,0.16,0.34,0.05,1393.89,645.4274786086498,677.3954952993743,-0.8308113561491834,814.241737039247,397.82867817564454,-58.16664576403347,1067.410119315918,389.45356520297685,-128.27445353133712,-31.12535367143699,-25.85457069422644
34855404,120.051000,-147.951920,-174.677009,1021.59,1169.2,1022.91,1196.68,-0.03,-0.01,0.13,0.16,0.33,0.01,1394.54,645.4050688363233,677.3734714213512,-0.7953939253995412,814.5967892172575,398.18030226013656,-57.92260854982183,1067.5784258789326,390.6550271819493,-128.39444426260582,-31.215962102633846,-25.864239092970934
34855504,120.158000,-147.932549,-174.678952,1021.45,1169.58,1022.86,1196.53,-0.03,-0.01,0.11,0.09,0.32,0.04,1394.94,645.3994996506582,677.4223383501533,-0.8627475177049799,813.9897542136124,397.5872061282256,-58.05175822576742,1067.08879808617,388.64641452998904,-128.0738685248288,-31.067399312860964,-25.842053862921873
34855604,120.253000,-147.935949,-174.677303,1021.36,1169.66,1022.81,1196.71,-0.03,-0.01,0.09,0.08,0.31,0.01,1395.48,645.390762249829,677.3684925345331,-0.8076105146072952,812.6191475974604,396.4386873163039,-57.50633802538233,1065.6912424506181,385.5553221147414,-127.77668973755422,-30.76396390436387,-26.009584565264674
34855705,120.354000,-147.949383,-174.679173,1021.49,1169.56,1022.89,1196.64,-0.03,-0.01,0.11,0.1,0.33,0.02,1395.79,645.4309026648231,677.3748158081877,-0.8898982299183276,811.8123164761679,395.73016657257654,-56.909969383453166,1064.657554995355,382.65353563501066,-127.08496062988316,-30.57244569825505,-25.89452752705727
34855804,120.455000,-147.979232,-174.674704,1021.34,1169.41,1022.91,1196.67,-0.03,-0.01,0.09,0.12,0.33,0.01,1396.1,645.4046720717034,677.3603908109709,-0.8071391244288636,811.3939705118283,395.39111888864903,-56.85791863245235,1064.4270094354526,382.30345287272127,-127.17478951907488,-30.48441472130716,-26.070290833849114
34855905,120.553000,-147.961564,-174.676581,1021.47,1169.16,1022.91,1196.52,-0.03,-0.01,0.11,0.17,0.33,0.04,1396.16,645.3869550868255,677.3604084108936,-0.8400546810396022,812.3143989657619,396.1486752496647,-57.404560595584186,1065.2374071665913,383.94302228975704,-127.3394543234934,-30.69339185172827,-25.850358626094753
34856004,120.653000,-147.967855,-174.664018,1021.74,1169.07,1023.04,1196.43,-0.03,-0.01,0.16,0.19,0.36,0.06,1396.32,645.3548670858414,677.4020114434805,-0.7570781816227654,813.326771841466,397.08757674948896,-57.61410185330942,1066.2460315748822,387.2139533670483,-127.88125363129502,-30.931168536613782,-25.902048982896417
34856104,120.753000,-147.933717,-174.682093,1021.61,1169.08,1022.81,1196.57,-0.03,-0.01,0.13,0.18,0.31,0.04,1396.35,645.3561185825972,677.4013479064497,-0.725530199312035,814.1699620596312,397.73158670385686,-58.05651370450064,1067.263359458147,389.12364162409585,-128.1792338250166,-31.115958148484292,-25.820151074373932
34856204,120.853000,-147.936103,-174.682054,1021.57,1169.27,1022.96,1196.48,-0.03,-0.01,0.13,0.15,0.34,0.05,1396.54,645.3378206925215,677.374591247943,-0.7347827306155996,814.0888015363729,397.6837002159457,-58.05099696306981,1067.0075471469277,389.18818627682475,-128.22896778665856,-31.104603121953865,-25.86695790161002
34856305,120.952000,-147.942591,-174.679178,1021.36,1169.47,1022.83,1196.55,-0.03,-0.01,0.09,0.11,0.31,0.04,1396.67,645.3883691181617,677.356663649158,-0.8069047777923579,813.3502875983611,397.08041495196215,-57.617487697235056,1066.3337392769051,386.97736294876717,-127.8722912597322,-30.933108229442176,-25.84685608919736
34856404,121.054000,-147.955143,-174.677343,1021.39,1169.52,1022.82,1196.72,-0.03,-0.01,0.09,0.11,0.31,0.0,1396.74,645.3917622107525,677.3786301021648,-0.8957326291792808,812.3008568319538,396.16074721901794,-57.353522929494105,1065.2441325401699,384.2827694040016,-127.51561192279266,-30.690077342427383,-25.931264596716424
34856504,121.152000,-147.948974,-174.678245,1021.46,1169.34,1022.77,1196.65,-0.03,-0.01,0.11,0.14,0.3,0.02,1396.86,645.4069292905158,677.3666060694786,-0.8043385654739689,811.709383349736,395.68379573462306,-57.00195922728535,1064.5425244263572,382.73151372260367,-127.14518016815445,-30.557138196383686,-25.953105988884793
34856604,121.253000,-147.975009,-174.670886,1021.49,1169.04,1022.96,1196.57,-0.03,-0.01,0.11,0.19,0.34,0.03,1396.85,645.353657929393,677.375263692875,-0.7167007636854955,811.8961748306133,395.82888128051775,-57.085890937616206,1064.8683180841927,383.14467555598344,-127.36429078718525,-30.60549537776995,-25.918561446428605
34856704,121.352000,-147.958750,-174.676928,1021.61,1168.99,1022.9,1196.48,-0.03,-0.01,0.13,0.2,0.33,0.05,1396.86,645.3840334309555,677.3721937987735,-0.8019081419543113,812.6309600684132,396.4243332522637,-57.476479599209675,1065.6442224191503,385.4532491713442,-127.71111922688542,-30.76513744343403,-25.986838317850285
34856805,121.454000,-147.949163,-174.670935,1021.67,1168.95,1022.93,1196.45,-0.03,-0.01,0.14,0.21,0.34,0.06,1396.75,645.3905773695222,677.3748248477003,-0.8116669366093283,813.6148421448147,397.32928842765284,-57.608244471737486,1066.6072415135359,387.81187083615663,-127.98187760942356,-30.993374870255796,-25.85883441028887
34856904,121.553000,-147.954837,-174.673359,1021.44,1168.91,1022.86,1196.53,-0.03,-0.01,0.1,0.22,0.32,0.04,1396.89,645.4185432692607,677.4071473557173,-0.8666935478745819,813.994067185919,397.56528549011824,-57.836812203871794,1067.0612379048832,388.92136163507627,-128.19610621604596,-31.064577354385833,-25.914574606853506
34857005,121.653000,-147.939045,-174.682217,1021.45,1169.19,1022.87,1196.56,-0.03,-0.01,0.1,0.17,0.32,0.03,1396.9,645.4047637805364,677.3924526970803,-0.8455449185024542,813.6148298172568,397.3251988535909,-57.628960710849874,1066.6932522982975,387.9356478154568,-127.99396172138707,-30.989278975680662,-25.896665867895578
34857104,121.753000,-147.941812,-174.673869,1021.33,1169.35,1022.82,1196.59,-0.03,-0.01,0.08,0.14,0.32,0.03,1397.02,645.3356951977312,677.373484547397,-0.7225580340693172,812.7560548372464,396.55552755258617,-57.54607431976025,1065.6986440299702,385.7451044968241,-127.7616401114363,-30.802899272023872,-25.946946901400892
34857204,121.853000,-147.962107,-174.673687,1021.34,1169.25,1022.91,1196.68,-0.03,-0.01,0.08,0.16,0.33,0.01,1396.91,645.3511171755724,677.4023487785042,-0.8058432748908748,812.0584381507789,395.97566587221377,-57.06535651381675,1065.0119693287588,383.56257608490193,-127.29709751739533,-30.64101659565413,-25.90856708892416
34857304,121.952000,-147.965080,-174.677491,1021.5,1169.1,1022.97,1196.54,-0.03,-0.01,0.11,0.19,0.35,0.04,1396.83,645.3939422810255,677.3730753538416,-0.8237922418940191,811.8406654921633,395.770550278949,-56.89195149948891,1064.6678752393786,383.0632257332666,-127.35786420115076,-30.58604751159409,-25.95058842881548
34857405,122.052000,-147.959170,-174.676091,1021.44,1168.94,1022.95,1196.51,-0.03,-0.01,0.1,0.21,0.34,0.05,1397.08,645.39891636069,677.395004118053,-0.8049212311131521,812.3080257684437,396.14639928318775,-57.357331170343116,1065.187620729258,384.20919557760595,-127.40817582170384,-30.68733251443875,-25.922688880523467
34857504,122.154000,-147.955968,-174.675115,1021.62,1168.79,1022.9,1196.41,-0.03,-0.01,0.13,0.24,0.33,0.07,1396.98,645.3656870767747,677.3951098401479,-0.7317593012650533,813.1442065344693,396.85631520085644,-57.52447200818737,1066.061006780666,386.39580161812916,-127.81974998056734,-30.881878801775695,-25.867867174580233
34857604,122.251000,-147.957553,-174.675598,1021.66,1168.89,1022.95,1196.38,-0.03,-0.01,0.14,0.22,0.34,0.07,1396.95,645.3992020318984,677.3705866016949,-0.8098259872164763,813.6280803936611,397.3229289534417,-57.67217915414258,1066.6465996411655,388.15286756317397,-128.0471762160797,-30.993876915531622,-25.936603829127108
34857705,122.353000,-147.944070,-174.679399,1021.41,1168.98,1022.82,1196.45,-0.03,-0.01,0.09,0.21,0.32,0.06,1396.91,645.4025585488803,677.4182951858803,-0.8410630545203304,813.7514148986892,397.4083515568271,-57.67413285916151,1066.769578550802,388.19584392482403,-128.0075677393794,-31.01531863563266,-25.88411822109903
34857805,122.453000,-147.943007,-174.672754,1021.51,1169.13,1022.89,1196.53,-0.03,-0.01,0.11,0.18,0.33,0.04,1397.04,645.3636961593754,677.4117634156183,-0.7651941338670436,813.206052424129,396.9895429725449,-57.54245375995254,1066.1509584927182,386.8043195335658,-127.9009166292722,-30.90197360398345,-25.89019404848024
34857905,122.553000,-147.945326,-174.678848,1021.3,1169.21,1022.76,1196.61,-0.03,-0.01,0.08,0.17,0.31,0.03,1397.28,645.4052105446194,677.4068970027755,-0.7650128059860747,812.4190919936929,396.2402280603409,-57.307874217263816,1065.3760717125813,384.61265516698825,-127.5339285783952,-30.71044436931497,-25.94727153577952
34858005,122.653000,-147.953984,-174.676521,1021.49,1169.05,1022.86,1196.48,-0.03,-0.01,0.11,0.19,0.32,0.05,1397.05,645.4200444134513,677.4138001524213,-0.8286513697641686,811.8953498547065,395.8347531538288,-57.05067121117057,1064.8194841484074,383.4979031886781,-127.30223254451984,-30.5924498501749,-26.02260419647594
34858105,122.754000,-147.971641,-174.667499,1021.53,1168.83,1022.95,1196.39,-0.04,-0.01,0.11,0.23,0.34,0.07,1397.01,645.3599358900616,677.3689707601636,-0.7638829431549511,812.1142131344063,396.00080344671375,-57.02848476308713,1064.9728505255778,383.5514324086972,-127.32847000734924,-30.65331817664212,-25.87471007037518
34858206,122.855000,-147.956746,-174.682119,1021.54,1168.7,1022.96,1196.4,-0.04,-0.01,0.12,0.26,0.35,0.07,1396.99,645.3574628159425,677.399085133971,-0.7769314062644394,812.5989268905467,396.3878565768728,-57.5423539830008,1065.5769970808108,385.26093730085336,-127.70686722969238,-30.75863578384487,-25.964269511006073
34858305,122.955000,-147.951111,-174.670787,1021.54,1168.77,1022.93,1196.39,-0.03,-0.01,0.12,0.25,0.34,0.07,1396.92,645.343453091467,677.3748816173945,-0.7398775326223196,813.296970753822,397.1149648450773,-57.522818969895766,1066.3120177008193,387.10432598505076,-127.87713038094924,-30.93331677821647,-25.867618404688194
34858405,123.053000,-147.942937,-174.680858,1021.53,1168.86,1022.88,1196.33,-0.04,-0.01,0.11,0.23,0.33,0.08,1396.85,645.4124996483077,677.4069673041516,-0.8288906777396354,813.5168475789668,397.2793184788179,-57.572511744755744,1066.5266259778948,388.05206389579683,-127.98756102425799,-30.967931055233525,-25.97548921549393
34858506,123.152000,-147.948967,-174.677521,1021.36,1168.88,1022.79,1196.46,-0.04,-0.01,0.08,0.23,0.31,0.06,1397.01,645.3586139770914,677.4006968097274,-0.7377687319461295,813.4400766743249,397.18613592262307,-57.60666337146208,1066.4551300922803,387.26679661882656,-127.89838953395318,-30.956648552296482,-25.841597865741413
34858610,123.253000,-147.948548,-174.683120,1021.33,1168.92,1022.9,1196.5,-0.04,-0.01,0.08,0.22,0.34,0.05,1396.89,645.3560601949047,677.4030919240209,-0.80029609652657,812.8033439966329,396.54200429113024,-57.487470236655206,1065.7442582616818,385.7326242226701,-127.63761525807683,-30.80308141023834,-25.946802264539016
34858711,123.358000,-147.948548,-174.683120,1021.42,1168.98,1022.86,1196.4,-0.04,-0.01,0.09,0.21,0.33,0.07,1396.9,645.4354115223402,677.3902915327832,-0.8844860684236978,812.20389016381,396.11330421438527,-57.34101222064414,1065.1397870928938,384.1383269148752,-127.39599045963253,-30.66360418140778,-25.96220873828043
34858811,123.459000,-147.965572,-174.675215,1021.38,1168.9,1022.88,1196.37,-0.04,-0.01,0.09,0.23,0.33,0.08,1396.98,645.3471245582588,677.3973217988075,-0.7624632954385784,812.0278260547543,395.91126841395055,-56.97112107660291,1064.8919982388873,383.56043886268617,-127.41213593132377,-30.63170566700108,-25.9402713574989
34858911,123.558000,-147.954872,-174.675179,1021.5,1168.79,1022.88,1196.32,-0.04,-0.01,0.11,0.24,0.33,0.09,1396.92,645.392540045916,677.357758237005,-0.8096442194020673,812.3348745151789,396.17792625875614,-57.35344368465869,1065.1907211846626,384.4058917162222,-127.49880242223266,-30.698488540420627,-25.93746773420034
34859010,123.661000,-147.954872,-174.675179,1021.58,1168.59,1022.95,1196.28,-0.04,-0.01,0.12,0.28,0.35,0.09,1397.04,645.392540045916,677.357758237005,-0.8096442194020673,812.3348745151789,396.17792625875614,-57.35344368465869,1065.1907211846626,384.4058917162222,-127.49880242223266,-30.698488540420627,-25.93746773420034
34859110,123.763000,-147.948060,-174.675414,1021.57,1168.65,1022.92,1196.2,-0.04,-0.01,0.12,0.27,0.34,0.11,1397.03,645.3944594978782,677.3667134781008,-0.7957226962571549,812.9397059908309,396.6542057664684,-57.491303276351395,1065.8610904314671,386.03144762330106,-127.72205346169412,-30.831163879291932,-25.93264941524493
34859210,123.867000,-147.948060,-174.675414,1021.48,1168.84,1022.79,1196.38,-0.04,-0.01,0.1,0.24,0.32,0.07,1397.02,645.3327715551889,677.4038688431456,-0.8247539839073861,813.4907583453662,397.1748369092543,-57.52617682779644,1066.4460750438811,387.41288305292346,-127.88275659771517,-30.966848541308288,-25.856263041211903
34859310,123.959000,-147.948060,-174.675414,1021.46,1168.94,1022.88,1196.3,-0.04,-0.01,0.1,0.22,0.33,0.09,1397.09,645.3963327763137,677.3994501612195,-0.8478104902677006,813.0789495651093,396.8329353278021,-57.527437284317585,1065.9750481943368,386.4823839328193,-127.78108646577287,-30.86495697972428,-25.92638793964715
34859411,124.058000,-147.948060,-174.675414,1021.32,1168.83,1022.75,1196.33,-0.04,-0.01,0.07,0.24,0.31,0.08,1397.11,645.3489085858528,677.4083171394851,-0.7090565229228022,812.4696170208805,396.2824678663939,-57.38826138310856,1065.386642561566,384.8244105904837,-127.42523089105232,-30.730186914209757,-25.94569348615476
34859510,124.159000,-147.948060,-174.675414,1021.47,1168.82,1022.89,1196.39,-0.04,-0.01,0.1,0.24,0.34,0.07,1397.02,645.3469170938696,677.3697702951392,-0.7370730470392083,812.1398337895473,396.0136117642328,-57.04365644390922,1064.976496535436,383.97890642566784,-127.42778707253939,-30.660213516536675,-25.954423161552604
34859611,124.258000,-147.948060,-174.675414,1021.58,1168.65,1022.89,1196.34,-0.03,-0.01,0.12,0.27,0.34,0.08,1396.99,645.3498312957104,677.3750234855745,-0.7274106332056064,812.2132236357623,396.0615508700992,-57.33717289597816,1065.0931306822363,384.0725782709362,-127.37742144866856,-30.67464630900786,-25.936361375934403
34859711,124.358000,-147.948060,-174.675414,1021.6,1168.58,1022.92,1196.18,-0.03,-0.01,0.12,0.28,0.34,0.12,1396.98,645.3498638845297,677.3993815181568,-0.7502524729598771,812.5698728298345,396.36641203888706,-57.40135159733551,1065.4580581386356,385.1838470239425,-127.55723754457662,-30.753457433981033,-25.961149287849764
34859811,124.458000,-147.948060,-174.675414,1021.55,1168.64,1022.92,1196.14,-0.03,-0.01,0.12,0.28,0.34,0.12,1397.0,645.402355216768,677.4010156724399,-0.860070944837219,813.1465369519564,396.92102685149564,-57.46673569730066,1066.047961317802,386.51807375891326,-127.82830775794346,-30.88200392206613,-25.88049150388813
34859910,124.558000,-147.948060,-174.675414,1021.58,1168.83,1022.88,1196.33,-0.03,-0.01,0.12,0.24,0.33,0.08,1397.03,645.396398458665,677.3909357085136,-0.8210613560938351,813.3620486014498,397.1106682923558,-57.550095841383744,1066.313552568254,387.2486211618775,-127.88845108723464,-30.933307271510067,-25.90067434245566
34860011,124.658000,-147.948060,-174.675414,1021.49,1168.83,1022.89,1196.24,-0.03,-0.01,0.12,0.24,0.33,0.08,1396.99,645.3884306436619,677.3803133161156,-0.8537334109439689,813.2228980019469,396.9868514303462,-57.54823495173767,1066.1252310269545,386.80854294979883,-127.90631811599171,-30.90337634266132,-25.888564896231735
34860110,124.764000,-147.948060,-174.675414,1021.49,1168.83,1022.89,1196.24,-0.03,-0.01,0.1,0.24,0.34,0.1,1396.85,645.3569689333114,677.3960853471056,-0.7529945738206296,812.7813232663556,396.56402823638723,-57.49950064672916,1065.6841601444796,385.55615213131614,-127.57178462388457,-30.80223522694291,-25.90324038322408
34860210,124.858000,-147.948060,-174.675414,1021.4,1168.86,1022.81,1196.44,-0.03,-0.01,0.09,0.24,0.32,0.06,1396.87,645.3785647654452,677.4047564656144,-0.7804173914159326,812.3030000440609,396.1693595563447,-57.34895008770644,1065.1773613771427,384.42196017031006,-127.56347676249074,-30.69082244030419,-25.95856455688984
34860311,124.957000,-147.948060,-174.675414,1021.51,1168.81,1022.9,1196.27,-0.03,-0.01,0.11,0.25,0.34,0.1,1397.04,645.3785647654452,677.4047564656144,-0.7804173914159326,812.3030000440609,396.1693595563447,-57.34895008770644,1065.1773613771427,384.42196017031006,-127.56347676249074,-30.69082244030419,-25.95856455688984
34860410,125.058000,-147.948060,-174.675414,1021.57,1168.72,1022.97,1196.39,-0.03,-0.01,0.11,0.26,0.35,0.07,1397.04,645.3785647654452,677.4047564656144,-0.7804173914159326,812.3030000440609,396.1693595563447,-57.34895008770644,1065.1773613771427,384.42196017031006,-127.56347676249074,-30.69082244030419,-25.95856455688984
