ezloophw-py logger started on:,2026-3-19_151130
ctrl_params:,{'n_inputs': 2, 'bidirectional': True, 'u_offset': array([1020., 1020., 1020., 1020.]), 'u_max': 1350.0, 'cmd_separator': ',', 'cmd_bookends': ('<', '>')}
Timestamp (millisec since midnight today),Test time,u_t(0),u_t(1),MPRpressure_0,MPRpressure_1,MPRpressure_2,MPRpressure_3,ForcePlate_0,ForcePlate_1,ValveOpening_0,ValveOpening_1,ValveOpening_2,ValveOpening_3,RPRpressure_0,smoothed_q_0,smoothed_q_1,smoothed_dq_0,smoothed_dq_1,smoothed_ddq_0,smoothed_ddq_1,tagid_x_102,tagid_y_102,tagid_rotation102,tagid_x_103,tagid_y_103,tagid_rotation103,tagid_x_104,tagid_y_104,tagid_rotation104,theta_0,theta_1
54693280,0.000000,0.000000,0.000000,1023.99,1024.3,1025.43,1026.21,0.0,0.0,1.0,1.0,1.0,1.0,1404.66,0.0,0.0,0.0,0.0,0.0,0.0,0.0,0.0,0.0,0.0,0.0,0.0,0.0,0.0,0.0,0.0,0.0
54693380,0.000000,0.000000,0.000000,1023.93,1024.4,1025.45,1026.09,0.0,0.0,1.0,1.0,1.0,1.0,1404.13,0.0,0.0,0.0,0.0,0.0,0.0,0.0,0.0,0.0,0.0,0.0,0.0,0.0,0.0,0.0,0.0,0.0
54693480,0.100000,0.000000,0.000000,1024.04,1024.35,1025.42,1026.22,0.0,0.0,1.0,1.0,1.0,1.0,1403.53,0.0,0.0,0.0,0.0,0.0,0.0,326.1055760734458,449.15207967287193,6.502271708169988,325.8042604637757,219.29002817123566,6.811792902875696,328.3130239207768,29.18157612485513,-6.344239890580651,0.07510636372644451,-0.9062717723954623
54693579,0.202000,0.000000,0.000000,1023.99,1024.33,1025.41,1026.1,0.0,0.0,1.0,1.0,1.0,1.0,1402.91,0.0,0.0,0.0,0.0,0.0,0.0,326.1055760734458,449.15207967287193,6.502271708169988,325.8042604637757,219.29002817123566,6.811792902875696,328.3130239207768,29.18157612485513,-6.344239890580651,0.07510636372644451,-0.9062717723954623
54693680,0.301000,0.000000,0.000000,1024.04,1024.29,1025.48,1026.17,0.0,0.0,1.0,1.0,1.0,1.0,1402.35,0.0,0.0,0.0,0.0,0.0,0.0,326.09703963068915,449.1484931833023,6.533018878846167,325.80591155712534,219.288916324454,6.802102819378675,328.31678281710987,29.17091092892413,-6.327312292959137,0.07256778778454057,-0.9017917502456654
54693780,0.402000,0.000000,0.000000,1023.98,1024.27,1025.36,1026.2,0.0,0.0,1.0,1.0,1.0,1.0,1401.81,0.0,0.0,0.0,0.0,0.0,0.0,326.10671587074074,449.1555780969246,6.501377112043945,325.81200434132387,219.2956566140759,6.801479336505545,328.3279316612729,29.199958217409286,-6.35910723188973,0.07346090370107888,-0.9051904174561017
54693879,0.502000,0.000000,0.000000,1023.98,1024.3,1025.37,1026.11,0.0,0.0,1.0,1.0,1.0,1.0,1401.29,0.0,0.0,0.0,0.0,0.0,0.0,326.09575762508865,449.16640925816137,6.5491354174629555,325.8172922651366,219.29567932472114,6.819424841833555,328.32463736367373,29.18519832534261,-6.3433116401279035,0.069408062809592,-0.8944397098648542
54693979,0.601000,0.000000,0.000000,1024.03,1024.43,1025.36,1026.12,0.0,0.0,1.0,1.0,1.0,1.0,1400.76,0.0,0.0,0.0,0.0,0.0,0.0,326.09574635176097,449.158497669673,6.528082649606045,325.8149220724561,219.29902016730875,6.814929582768619,328.3392793566623,29.190168685006988,-6.3613668820271965,0.06999945426857317,-0.9007552728393448
54694079,0.702000,0.000000,0.000000,1024.08,1024.33,1025.3,1026.18,0.0,0.0,1.0,1.0,1.0,1.0,1400.23,0.0,0.0,0.0,0.0,0.0,0.0,326.1042837162921,449.1597059229753,6.516116782409364,325.8137029158725,219.29287418099977,6.783052468144173,328.3322047128974,29.18615899189782,-6.364431383419509,0.07242908634068275,-0.9038586248535149
54694179,0.801000,0.000000,0.000000,1024.05,1024.32,1025.37,1026.2,0.0,0.0,1.0,1.0,1.0,1.0,1399.9,0.0,0.0,0.0,0.0,0.0,0.0,326.10533083301186,449.14777606997956,6.526732292123497,325.81116374558314,219.3003788530157,6.818454608152538,328.30849239982734,29.208924604808516,-6.3376296932152965,0.07332918964033389,-0.8993390371394578
54694279,0.901000,0.000000,0.000000,1023.52,1024.24,1025.47,1026.07,0.0,0.0,1.0,1.0,1.0,1.0,1399.8,0.0,0.0,0.0,0.0,0.0,0.0,326.0934591345011,449.1562762162379,6.526523381333434,325.8023626609084,219.2961105802428,6.813923848979973,328.3242807374232,29.187757813174283,-6.350793655807438,0.07255972519449463,-0.9051427993644763
54694380,1.001000,0.000000,0.000000,1024.05,1024.26,1025.14,1025.32,0.0,0.0,1.0,1.0,1.0,1.0,1399.71,0.0,0.0,0.0,0.0,0.0,0.0,326.09912544562394,449.15848309762015,6.550139759993079,325.8178536733855,219.2961629507483,6.828986351776057,328.2831381760009,29.209032886058896,-6.299851787124523,0.070110131106533,-0.8832609854975588
54694480,1.102000,0.000000,0.000000,1023.93,1024.3,1025.39,1026.14,0.0,0.0,1.0,1.0,1.0,1.0,1399.97,0.0,0.0,0.0,0.0,0.0,0.0,326.10147721728305,449.1566330612406,6.529514819692389,325.797334018542,219.30059547412586,6.811882180017042,328.3336736289405,29.188395847107323,-6.353921418256201,0.07581315534862776,-0.9159798576070014
54694580,1.202000,0.000000,0.000000,1023.95,1024.29,1025.45,1026.2,0.0,0.0,1.0,1.0,1.0,1.0,1400.06,0.0,0.0,0.0,0.0,0.0,0.0,326.1033224723627,449.1551219756045,6.535690179276704,325.81452125676964,219.29943247807006,6.821881372680848,328.3752613173785,29.256260577134235,-6.298348701501951,0.07198900362450604,-0.9159642764965009
54694681,1.302000,0.000000,0.000000,1023.91,1024.26,1025.43,1026.24,0.0,0.0,1.0,1.0,1.0,1.0,1400.18,0.0,0.0,0.0,0.0,0.0,0.0,326.10047426185196,449.1441176537587,6.509999289722278,325.8110037524372,219.29243804440785,6.807863649391192,328.3334332751157,29.183642819588147,-6.372776019789627,0.0721570960142236,-0.9044898869849831
54694781,1.402000,0.000000,0.000000,1023.9,1024.32,1025.39,1026.2,0.0,0.0,1.0,1.0,1.0,1.0,1400.22,0.0,0.0,0.0,0.0,0.0,0.0,326.10365185258706,449.14880531686816,6.530967450425329,325.8103820106427,219.29156298512174,6.813260046244184,328.3579119265384,29.194868776866883,-6.288686515169497,0.0731023957030643,-0.9139928686895571
54694880,1.503000,0.000000,0.000000,1023.96,1024.37,1025.52,1026.3,0.0,0.0,1.0,1.0,1.0,1.0,1400.16,0.0,0.0,0.0,0.0,0.0,0.0,326.10504609824625,449.148966987013,6.530826126152311,325.822465432297,219.29528405282838,6.8091443367604905,328.31752470788405,29.194293209548846,-6.338214305080469,0.0704390339423841,-0.8928371062071289
54694981,1.603000,0.000000,0.000000,1023.9,1024.2,1025.47,1026.24,0.0,0.0,1.0,1.0,1.0,1.0,1400.23,0.0,0.0,0.0,0.0,0.0,0.0,326.103716867897,449.1551997372046,6.54620688668889,325.7995037198034,219.29951960407763,6.808471148025038,328.33887687765906,29.184549802429668,-6.363986668347325,0.07583070938663865,-0.9169179001439017
54695082,1.704000,0.000000,0.000000,1023.84,1024.12,1025.4,1026.16,0.0,0.0,1.0,1.0,1.0,1.0,1400.3,0.0,0.0,0.0,0.0,0.0,0.0,326.0741593437476,449.151063863665,6.511047625296651,325.8203436519716,219.30330398376609,6.8158947707261355,328.37609502913597,29.261616606632725,-6.292246807523212,0.0632704099850917,-0.8970293503225738
54695181,1.804000,0.000000,0.000000,1023.89,1024.31,1025.43,1026.28,0.0,0.0,1.0,1.0,1.0,1.0,1400.16,0.0,0.0,0.0,0.0,0.0,0.0,325.76953479559006,448.94946373253015,6.295322928447354,325.45227909769085,218.30188981623212,6.951012792144703,327.98124077260417,27.875583900953878,-6.565754933894842,0.07881028507512154,-0.9184939799973486
54695282,1.904000,0.000000,0.000000,1023.94,1024.28,1025.35,1026.21,0.0,0.0,1.0,1.0,1.0,1.0,1400.22,0.0,0.0,0.0,0.0,0.0,0.0,325.7387979996922,449.8447742073221,6.495422710487807,325.42837507044004,218.19813774108061,6.612618636535071,327.9116527607968,26.891551222815757,-6.581875801171354,0.07678036398446095,-0.8972535778302577
54695381,2.002000,0.000000,0.000000,1023.95,1024.24,1025.46,1026.31,0.0,0.0,1.0,1.0,1.0,1.0,1400.21,0.0,0.0,0.0,0.0,0.0,0.0,325.92727372385315,450.4878029426294,6.599245749026762,325.3465287235128,218.11490713823795,6.656318595392007,328.0729134795987,26.736291501114593,-6.72840524481201,0.14681690534591815,-1.1098157703542617
54695481,2.102000,0.000000,0.000000,1023.85,1024.23,1025.44,1026.25,0.0,0.0,1.0,1.0,1.0,1.0,1400.21,0.0,0.0,0.0,0.0,0.0,0.0,325.7629330851592,449.73080092055034,6.5384330241115425,325.38329379953194,218.14096658302296,6.904457217950438,328.0729134795987,26.736291501114593,-6.72840524481201,0.14681690534591815,-1.1098157703542617
54695581,2.202000,0.000000,0.000000,1023.97,1024.22,1025.32,1026.3,0.01,0.0,1.0,1.0,1.0,1.0,1400.27,0.0,0.0,0.0,0.0,0.0,0.0,325.70354346993673,449.20958372583686,6.310609236275872,325.4696381989464,218.18982109818378,6.7761743822914955,327.97219564669797,27.349965179444823,-6.696328257364304,0.05801140171569656,-0.8673216396775637
54695682,2.303000,0.000000,0.000000,1023.94,1024.21,1025.4,1026.31,0.01,0.0,1.0,1.0,1.0,1.0,1400.27,0.0,0.0,0.0,0.0,0.0,0.0,325.78993833635565,448.8608632535104,6.098743183315459,325.4609205866664,218.25524134727814,7.093932416192263,327.8633590531867,27.7182909681691,-6.579099690122967,0.08174699079245011,-0.8858855729377411
54695782,2.405000,0.000000,0.000000,1023.84,1024.16,1025.32,1026.19,0.01,0.0,1.0,1.0,1.0,1.0,1400.4,0.0,0.0,0.0,0.0,0.0,0.0,325.8220798686062,448.80973280509465,6.102019849803464,325.59187152540926,218.55073831488747,6.995298436139346,327.9896989369122,28.210822702612205,-6.621729789269396,0.05728315677034265,-0.8363178350576612
54695882,2.504000,0.000000,0.000000,1023.96,1024.17,1025.46,1026.23,0.01,0.01,1.0,1.0,1.0,1.0,1400.19,0.0,0.0,0.0,0.0,0.0,0.0,325.8916241635991,449.0494288772258,6.2480820710505744,325.6417608661639,219.06660812608058,6.75999122325591,328.0674596604636,28.797619010592143,-6.430577497149407,0.06224859195476661,-0.854909296745585
54695983,2.603000,0.000000,0.000000,1023.9,1024.28,1025.35,1026.27,0.01,0.01,1.0,1.0,1.0,1.0,1400.17,0.0,0.0,0.0,0.0,0.0,0.0,326.0719761700207,449.1506619263295,6.507105246983787,325.77438329427275,219.28665939185262,6.810594748415178,328.3316176123751,29.219324137907826,-6.309771076881619,0.0741778011309564,-0.9191871261905739
54696082,2.704000,0.000000,0.000000,1023.88,1024.23,1025.41,1026.27,0.0,0.01,1.0,1.0,1.0,1.0,1400.35,0.0,0.0,0.0,0.0,0.0,0.0,326.0840640013163,449.12920509066197,6.510606135373237,325.8058193596975,219.28309763803952,6.7588431726552,328.29978093772974,29.17085963999555,-6.377699286947438,0.06936047786890852,-0.8903047471000441
54696182,2.804000,0.000000,0.000000,1023.97,1024.15,1025.36,1026.22,0.01,0.01,1.0,1.0,1.0,1.0,1400.3,0.0,0.0,0.0,0.0,0.0,0.0,326.08847419126283,449.1497482339814,6.508613593441726,325.8069296315025,219.2948452450344,6.790526973968114,328.3752918944983,29.256148492875397,-6.317689516452677,0.07018039094205453,-0.9146628681342744
54696283,2.904000,0.000000,0.000000,1023.9,1024.2,1025.46,1026.28,0.01,0.0,1.0,1.0,1.0,1.0,1400.22,0.0,0.0,0.0,0.0,0.0,0.0,326.08753021193945,449.1285540725743,6.50883899258316,325.7964907173096,219.28330847121703,6.803987890962034,328.38569147761626,29.22834905428601,-6.305938918670186,0.0725502316050348,-0.9256173175022437
54696383,3.005000,0.000000,0.000000,1023.9,1024.19,1025.38,1026.22,0.01,0.01,1.0,1.0,1.0,1.0,1400.19,0.0,0.0,0.0,0.0,0.0,0.0,326.07258167995275,449.1405964547007,6.506078896883011,325.79982420446976,219.28529997492922,6.797018328650629,328.3909442475511,29.24512459140458,-6.3232788464643,0.06798992705319144,-0.9171359634290163
54696482,3.105000,0.000000,0.000000,1023.85,1024.13,1025.31,1026.27,0.01,0.01,1.0,1.0,1.0,1.0,1400.27,0.0,0.0,0.0,0.0,0.0,0.0,326.08278619162496,449.13746852666503,6.528495627704655,325.8066342466793,219.29134871309932,6.7784046460139935,328.3075643115044,29.179177690257262,-6.355142206118173,0.06883880984931447,-0.891361467685155
54696582,3.204000,0.000000,0.000000,1023.78,1024.29,1025.4,1026.18,0.01,0.01,1.0,1.0,1.0,1.0,1400.23,0.0,0.0,0.0,0.0,0.0,0.0,326.0793465317837,449.1619266115976,6.508411321699108,325.79323005312347,219.29855912741857,6.80019372668571,328.3082683690433,29.18719749786611,-6.353957861966097,0.07131740211399551,-0.9005730667771197
54696682,3.305000,0.000000,0.000000,1023.9,1024.21,1025.38,1026.17,0.01,0.01,1.0,1.0,1.0,1.0,1400.42,0.0,0.0,0.0,0.0,0.0,0.0,326.08570767018585,449.13101826018357,6.504628622702206,325.8090868880215,219.27798670315002,6.8030995120134685,328.3117000293514,29.176363981660472,-6.366283412918407,0.06895360737517454,-0.8921400619912809
54696783,3.405000,0.000000,0.000000,1023.91,1024.22,1025.51,1026.19,0.01,0.01,1.0,1.0,1.0,1.0,1400.3,0.0,0.0,0.0,0.0,0.0,0.0,326.0838755126719,449.14526976472075,6.531969182605798,325.78485803959427,219.2932054251895,6.805861344594358,328.38431792899064,29.252138986940917,-6.306188303724167,0.07453676603872836,-0.9327399037247015
54696883,3.505000,0.000000,0.000000,1023.89,1024.3,1025.49,1026.26,0.01,0.01,1.0,1.0,1.0,1.0,1400.38,0.0,0.0,0.0,0.0,0.0,0.0,326.08932914168884,449.133742548575,6.517654142979751,325.8102313617842,219.29134186469145,6.783576431323732,328.3417628266094,29.186568604265233,-6.282090645520298,0.06957426894540177,-0.9020830682662804
54696984,3.605000,0.000000,0.000000,1023.88,1024.26,1025.29,1026.15,0.01,0.01,1.0,1.0,1.0,1.0,1400.37,0.0,0.0,0.0,0.0,0.0,0.0,326.0881594959096,449.14904587323787,6.527043945626728,325.8019391090161,219.29379603402745,6.811822618781512,328.365323317918,29.258035521558057,-6.316403060612357,0.07134582183795034,-0.9155050825193144
54697084,3.706000,0.000000,0.000000,1023.92,1024.28,1025.39,1026.22,0.01,0.01,1.0,1.0,1.0,1.0,1400.28,0.0,0.0,0.0,0.0,0.0,0.0,326.0837491916754,449.1360481621491,6.497155374991963,325.7886458853408,219.28585982491293,6.778300625437525,328.3536643232162,29.188127202660347,-6.293155765472221,0.07356167425949635,-0.9201773494939306
54697183,3.806000,0.000000,0.000000,1023.98,1024.17,1025.39,1026.11,0.01,0.01,1.0,1.0,1.0,1.0,1400.33,0.0,0.0,0.0,0.0,0.0,0.0,326.0928359716516,449.1382420430592,6.508432104522056,325.81744264593686,219.2919204229387,6.817994597170249,328.3605676190287,29.250913522409963,-6.323280513142463,0.06864964210705675,-0.9039845024981241
54697284,3.905000,0.000000,0.000000,1023.93,1024.27,1025.44,1026.23,0.02,0.01,1.0,1.0,1.0,1.0,1400.3,0.0,0.0,0.0,0.0,0.0,0.0,326.08621984603536,449.137137822562,6.521848163504164,325.77419966496944,219.2819561844949,6.781319429821943,328.3430954751659,29.182470340359345,-6.379196290530204,0.07810081588443575,-0.9304169267777128
54697384,4.007000,0.000000,0.000000,1023.91,1024.21,1025.49,1026.18,0.02,0.01,1.0,1.0,1.0,1.0,1400.34,0.0,0.0,0.0,0.0,0.0,0.0,326.08486436078124,449.1445292226877,6.490427424795461,325.8326396555098,219.28984279352895,6.77552455427746,328.2670481748564,29.187081145184276,-6.325486602580521,0.06283082177181772,-0.8593369932518838
54697484,4.107000,0.000000,0.000000,1023.9,1024.19,1025.39,1026.13,0.02,0.0,1.0,1.0,1.0,1.0,1400.27,0.0,0.0,0.0,0.0,0.0,0.0,326.0895751369104,449.13564770015967,6.499795178351264,325.7938156040307,219.29761326100046,6.803950864550834,328.33458878317856,29.18206741002968,-6.40306522300926,0.0737291531083317,-0.9131343230932096
54697584,4.207000,0.000000,0.000000,1024.02,1024.28,1025.33,1026.16,0.02,0.01,1.0,1.0,1.0,1.0,1400.29,0.0,0.0,0.0,0.0,0.0,0.0,326.08158632053096,449.1404977983511,6.530240681217677,325.80837601982074,219.28256665016286,6.7900038126851205,328.3764113655112,29.24809629662167,-6.326360223184044,0.06810202154090124,-0.910424799609979
54697685,4.308000,0.000000,0.000000,1023.87,1024.3,1025.52,1026.18,0.02,0.01,1.0,1.0,1.0,1.0,1400.23,0.0,0.0,0.0,0.0,0.0,0.0,326.0843851805189,449.13687298309753,6.526291892767191,325.8156402107959,219.28679039316717,6.777952914460046,328.3627112419448,29.23981451259055,-6.3033503461133025,0.06699125508374588,-0.9018331042631003
54697785,4.406000,0.000000,0.000000,1023.85,1024.27,1025.41,1026.24,0.02,0.01,1.0,1.0,1.0,1.0,1400.3,0.0,0.0,0.0,0.0,0.0,0.0,326.0896428897862,449.1487276163069,6.523935353516368,325.7965295118794,219.29513450747635,6.792756057209326,328.3207637396652,29.185634822196384,-6.39029910674212,0.07306455445096136,-0.9068457990307413
54697884,4.507000,0.000000,0.000000,1023.95,1024.24,1025.35,1026.16,0.02,0.01,1.0,1.0,1.0,1.0,1400.33,0.0,0.0,0.0,0.0,0.0,0.0,326.08863375019126,449.14297954071833,6.513169859996354,325.8061975477492,219.28336102227897,6.798614815121579,328.36229083582987,29.25812090697769,-6.311952480452112,0.07040120549209891,-0.9114606946160353
54697984,4.607000,0.000000,0.000000,1023.96,1024.29,1025.35,1026.24,0.01,0.01,1.0,1.0,1.0,1.0,1400.33,0.0,0.0,0.0,0.0,0.0,0.0,326.0848049630246,449.13637395816374,6.48932027542954,325.7768184603661,219.28380166862559,6.802253164404398,328.3485166498764,29.186002886651284,-6.317755670428006,0.0767723241586804,-0.9286113006295154
54698094,4.706000,0.000000,0.000000,1023.85,1024.18,1025.46,1026.02,0.01,0.01,1.0,1.0,1.0,1.0,1400.27,0.0,0.0,0.0,0.0,0.0,0.0,326.07633047971865,449.1417720048111,6.524445770911278,325.82522016332047,219.29004392728376,6.790918129980627,328.3741921341406,29.2505404117713,-6.2982716843808175,0.06259494204439306,-0.893643685490062
54698184,4.814000,0.000000,0.000000,1023.94,1024.28,1025.39,1026.21,0.01,0.0,1.0,1.0,1.0,1.0,1400.39,0.0,0.0,0.0,0.0,0.0,0.0,326.0848554940843,449.1377865691921,6.534204484417123,325.80555091935145,219.2977056852922,6.7943359378266805,328.3441373698129,29.18621807411394,-6.325609385709789,0.06962652202319776,-0.9042864851168906
54698285,4.906000,0.000000,0.000000,1023.94,1024.27,1025.41,1026.17,0.01,0.0,1.0,1.0,1.0,1.0,1400.39,0.0,0.0,0.0,0.0,0.0,0.0,326.09514021825254,449.1372470390222,6.533445819397067,325.81048007139685,219.2944097962472,6.794867361830374,328.29972081339554,29.187952925667023,-6.3513158227227215,0.06703560944048759,-0.8842553049052644
54698384,5.006000,0.000000,0.000000,1023.93,1024.14,1025.43,1026.16,0.01,0.0,1.0,1.0,1.0,1.0,1400.29,0.0,0.0,0.0,0.0,0.0,0.0,326.0866055482019,449.1352201022935,6.51352825339153,325.8169758526007,219.29464412825826,6.774445581383554,328.3156246309527,29.18807256056612,-6.334662842113874,0.06721457443736728,-0.8874477607401925
54698485,5.106000,0.000000,0.000000,1023.95,1024.14,1025.35,1026.22,0.01,0.0,1.0,1.0,1.0,1.0,1400.19,0.0,0.0,0.0,0.0,0.0,0.0,326.0885107340028,449.14379077860656,6.5214728078485535,325.79468536082936,219.2859283657991,6.814116484977847,328.3214296308545,29.190902996213858,-6.357137775350301,0.07324067339000019,-0.9080123612538391
54698584,5.206000,0.000000,0.000000,1023.79,1024.22,1025.4,1026.18,0.01,0.0,1.0,1.0,1.0,1.0,1400.19,0.0,0.0,0.0,0.0,0.0,0.0,326.0884072415215,449.14650443622844,6.519660079351774,325.81689735726576,219.29173441320776,6.777944656904622,328.31028260222047,29.186885301366676,-6.364312627195291,0.06767909679305684,-0.8867975223417218
54698684,5.306000,0.000000,0.000000,1023.99,1024.3,1025.41,1026.1,0.02,-0.0,1.0,1.0,1.0,1.0,1400.33,0.0,0.0,0.0,0.0,0.0,0.0,326.08975560357425,449.1359825021988,6.485005938104203,325.81224574083535,219.29829164765533,6.8034662000232204,328.3882357120529,29.24192367874293,-6.332652434125547,0.06917984653596797,-0.9148888778651999
54698785,5.406000,0.000000,0.000000,1023.94,1024.35,1025.38,1026.15,0.01,0.0,1.0,1.0,1.0,1.0,1400.32,0.0,0.0,0.0,0.0,0.0,0.0,326.08537767478293,449.13934236479525,6.4981364441739125,325.7927700085278,219.2912742111977,6.813772848379102,328.3220190503769,29.190063224150727,-6.352284346005259,0.07294024878014925,-0.9081415310283893
54698884,5.506000,0.000000,0.000000,1023.86,1024.31,1025.4,1026.16,0.02,0.0,1.0,1.0,1.0,1.0,1400.23,0.0,0.0,0.0,0.0,0.0,0.0,326.08682110961655,449.14347382023595,6.504542739588298,325.80256093608835,219.2854357870072,6.80096752385977,328.3685515407246,29.24944427632025,-6.297638486996384,0.07085634273781974,-0.9153108692652803
54698984,5.606000,0.000000,0.000000,1023.97,1024.29,1025.46,1026.19,0.02,0.0,1.0,1.0,1.0,1.0,1400.28,0.0,0.0,0.0,0.0,0.0,0.0,326.0890060108127,449.14792568147664,6.514725679785673,325.8005978211013,219.28548199751495,6.802314618000963,328.28646865549354,29.186912665417612,-6.354730091376232,0.07188892239752373,-0.8929876151392795
54699084,5.707000,0.000000,0.000000,1023.81,1024.32,1025.41,1026.09,0.02,0.01,1.0,1.0,1.0,1.0,1400.31,0.0,0.0,0.0,0.0,0.0,0.0,326.0874391166682,449.1480612930738,6.502910248429199,325.80383880089494,219.29060773825756,6.818930626396465,328.2842273712574,29.196155839336317,-6.348023763351361,0.07069204268051815,-0.8889478922867993
54699184,5.806000,0.000000,0.000000,1023.84,1024.45,1025.34,1026.11,0.02,0.01,1.0,1.0,1.0,1.0,1400.33,0.0,0.0,0.0,0.0,0.0,0.0,326.0940499516765,449.1382565091252,6.5015384808161,325.80140440957973,219.28592178030956,6.7991788640088995,328.3410496805164,29.184027950307115,-6.319182910967332,0.07294833622303891,-0.9112877838866377
54699284,5.906000,0.000000,0.000000,1023.85,1024.38,1025.47,1026.05,0.02,0.01,1.0,1.0,1.0,1.0,1400.29,0.0,0.0,0.0,0.0,0.0,0.0,326.07974204227105,449.15208543238305,6.504848734436304,325.79278678557836,219.297680850902,6.807239128236421,328.3042244643168,29.187415831442326,-6.363142104032964,0.0715292648228675,-0.8999161866833614
54699385,6.006000,0.000000,0.000000,1023.86,1024.32,1025.4,1026.01,0.02,0.01,1.0,1.0,1.0,1.0,1400.29,0.0,0.0,0.0,0.0,0.0,0.0,326.08789794115467,449.134904457453,6.5040953328191256,325.81830552638695,219.2855424561758,6.7730759839814425,328.31779578174365,29.1846766326841,-6.31609258402781,0.06720271197235467,-0.8877002091293938
54699486,6.106000,0.000000,0.000000,1023.86,1024.28,1025.49,1026.17,0.02,0.01,1.0,1.0,1.0,1.0,1400.33,0.0,0.0,0.0,0.0,0.0,0.0,326.0844673747828,449.14808271307487,6.518567931051928,325.79461682734706,219.30049401504183,6.8140166503452475,328.33268401946486,29.197275868107642,-6.371810796395596,0.07225311498126333,-0.9094164729946708
54699585,6.208000,0.000000,0.000000,1023.87,1024.28,1025.45,1026.22,0.02,0.01,1.0,1.0,1.0,1.0,1400.34,0.0,0.0,0.0,0.0,0.0,0.0,326.0841558514214,449.13865332799446,6.538056580604784,325.82499616681656,219.29165344545282,6.782839533689218,328.37052333849624,29.24307235465466,-6.277388754934982,0.06460275688979844,-0.8965842644694357
54699685,6.306000,0.000000,0.000000,1023.81,1024.35,1025.4,1026.1,0.02,0.01,1.0,1.0,1.0,1.0,1400.31,0.0,0.0,0.0,0.0,0.0,0.0,326.0857628985086,449.13929620004745,6.518455059380372,325.78963772085535,219.29024422105218,6.815891599548605,328.3311387402705,29.188754061774468,-6.3430816050051435,0.07381676519303947,-0.9135854817116098
54699786,6.415000,0.000000,0.000000,1023.84,1024.35,1025.51,1026.14,0.02,0.01,1.0,1.0,1.0,1.0,1400.32,0.0,0.0,0.0,0.0,0.0,0.0,326.080764538826,449.134226296702,6.486955908063596,325.7981941979128,219.29118026652125,6.817122802115537,328.3636672308139,29.23976082603685,-6.29632232422219,0.07043971994265873,-0.9142588258327685
54699885,6.508000,0.000000,0.000000,1023.92,1024.36,1025.42,1026.22,0.02,0.01,1.0,1.0,1.0,1.0,1400.26,0.0,0.0,0.0,0.0,0.0,0.0,326.0890715185837,449.14530755983054,6.523950087880302,325.79787465101646,219.2907764263232,6.786950084957436,328.39662210617786,29.243591705936492,-6.3472655817850985,0.07258652901378827,-0.9285994580294716
54699985,6.607000,0.000000,0.000000,1023.89,1024.25,1025.43,1026.16,0.02,0.01,1.0,1.0,1.0,1.0,1400.34,0.0,0.0,0.0,0.0,0.0,0.0,326.08629343408666,449.14611801637085,6.540324542517083,325.79971981375144,219.29130343535144,6.800269052225723,328.3080060010625,29.191672392694,-6.324297939930686,0.07143400710319413,-0.8988183143159048
54700085,6.705000,0.000000,0.000000,1023.86,1024.29,1025.41,1026.12,0.02,0.01,1.0,1.0,1.0,1.0,1400.33,0.0,0.0,0.0,0.0,0.0,0.0,326.08920873534436,449.1442710122647,6.512318030695411,325.8215936580651,219.28357155851586,6.757428336204589,328.31252761918165,29.18732164232157,-6.349082484377153,0.06670652082186611,-0.8841476587039274
54700185,6.806000,0.000000,0.000000,1023.91,1024.26,1025.44,1026.27,0.02,0.02,1.0,1.0,1.0,1.0,1400.37,0.0,0.0,0.0,0.0,0.0,0.0,326.08857648873914,449.14432136692244,6.521986811739174,325.8016335483816,219.2924700492047,6.76801843941077,328.3123112550939,29.18583157116097,-6.360583462226747,0.07152698927003158,-0.8996970658077511
54700285,6.906000,0.000000,0.000000,1023.84,1024.19,1025.41,1026.21,0.02,0.02,1.0,1.0,1.0,1.0,1400.44,0.0,0.0,0.0,0.0,0.0,0.0,326.0876212665837,449.1458339272712,6.507889246340218,325.80965664227284,219.28016681913465,6.792466180246863,328.3077253175234,29.18631252772747,-6.357433484298848,0.06928477951693013,-0.8914637246021269
54700386,7.005000,0.000000,0.000000,1023.9,1024.26,1025.38,1026.2,0.02,0.02,1.0,1.0,1.0,1.0,1400.32,0.0,0.0,0.0,0.0,0.0,0.0,326.08670639186,449.1451688933416,6.4990093108213225,325.7892655351836,219.29184045091847,6.807802919461885,328.3415266193213,29.199511830547277,-6.2936423910637975,0.06791954382113483,-0.9124993221625264
54700486,7.108000,0.000000,0.000000,1023.83,1024.27,1025.41,1026.26,0.02,0.02,1.0,1.0,1.0,1.0,1400.48,0.0,0.0,0.0,0.0,0.0,0.0,326.08901231017956,449.1356860187786,6.5027151193149635,325.79700927368737,219.29337922130838,6.806096748656572,328.32990695818796,29.19031915466706,-6.374681332731815,0.07279135346258686,-0.9089358083382846
54700586,7.209000,0.000000,0.000000,1023.84,1024.26,1025.45,1026.28,0.02,0.02,1.0,1.0,1.0,1.0,1400.39,0.0,0.0,0.0,0.0,0.0,0.0,326.0838756113611,449.1531597011937,6.5083781170571875,325.795300919876,219.2945592315019,6.8031945051094445,328.3083546761459,29.19305201810492,-6.34446203811015,0.07225785100174546,-0.9018952165298977
54700687,7.309000,0.000000,0.000000,1023.8,1024.21,1025.48,1026.23,0.02,0.02,1.0,1.0,1.0,1.0,1400.36,0.0,0.0,0.0,0.0,0.0,0.0,326.08040259096816,449.1400842844958,6.525084864525032,325.815598307279,219.2803834472478,6.776102410478456,328.30188748801964,29.181494877088035,-6.347156641339891,0.06600618153218898,-0.8813368644943125
54700786,7.409000,0.000000,0.000000,1023.96,1024.17,1025.45,1026.19,0.02,0.02,1.0,1.0,1.0,1.0,1400.35,0.0,0.0,0.0,0.0,0.0,0.0,326.07958744054264,449.15166515164606,6.515802716598145,325.78609293590034,219.29342878860191,6.789692210875719,328.3193075806853,29.199664046027134,-6.3431082567152535,0.07315808018775671,-0.9098021016915712
54700887,7.508000,0.000000,0.000000,1023.91,1024.2,1025.38,1026.28,0.02,0.02,1.0,1.0,1.0,1.0,1400.36,0.0,0.0,0.0,0.0,0.0,0.0,326.0922528135676,449.1379919266661,6.511456291708925,325.82311345117256,219.2854026381751,6.76314397212542,328.3711179109745,29.234167184181043,-6.314820228381052,0.06708883535457023,-0.9022924124697032
54700987,7.610000,0.000000,0.000000,1023.9,1024.23,1025.33,1026.18,0.02,0.02,1.0,1.0,1.0,1.0,1400.34,0.0025391713405286853,-0.03172759485827187,-4.2751140554468486e-05,-4.067998592169658e-05,-0.0031380070342134614,-0.004505150185434136,326.08462054271786,449.13578833537946,6.510212665526237,325.7867583532268,219.29479496618018,6.808573383069193,328.3262057463748,29.185562200299753,-6.377159066635655,0.07425236260095504,-0.9138066667099309
54701086,7.709000,0.000000,0.000000,1023.9,1024.27,1025.37,1026.2,0.02,0.01,1.0,1.0,1.0,1.0,1400.23,0.0025281883219934603,-0.031711895640320835,-5.330392125645768e-05,4.545623324729795e-05,8.639788138581965e-06,0.001313525164430166,326.08694699525853,449.14329226011336,6.503428795048458,325.783921974472,219.2995861038174,6.819304913692392,328.344822839443,29.193747254284396,-6.304293771202414,0.07553848225344993,-0.9228572409643976
54701186,7.808000,0.000000,0.000000,1023.84,1024.16,1025.37,1026.35,0.02,0.01,1.0,1.0,1.0,1.0,1400.33,0.002525398808793437,-0.03170979905184231,-3.193643475630123e-05,1.563181571470585e-05,-6.490377644862328e-05,7.139655803044919e-05,326.0852580034,449.146229861946,6.5185733048112,325.7967749452202,219.28814917961958,6.818122102831919,328.3166916523624,29.19471489299524,-6.350145352327137,0.0719089490663541,-0.9032977628352488
54701286,7.908000,0.000000,0.000000,1023.88,1024.25,1025.43,1026.28,0.02,0.01,1.0,1.0,1.0,1.0,1400.31,0.002522710140323325,-0.0317069204787539,-3.84488644633556e-05,4.608157513012016e-05,-0.0005714442335191918,0.0006662572864613329,326.0885184630928,449.14068482461226,6.513368854405165,325.7942940844572,219.28407625966986,6.813802618600327,328.32782388770795,29.18276603531593,-6.353618019249505,0.0733405318377616,-0.9102316750156647
54701387,8.008000,0.000000,0.000000,1023.83,1024.25,1025.35,1026.23,0.02,0.01,1.0,1.0,1.0,1.0,1400.42,0.002518863812375711,-0.03170297343621866,-3.3589038217398586e-05,2.570409392452177e-05,0.00011391347207804527,-0.0004679454439343132,326.0833864467182,449.1569651766521,6.502005270246978,325.8065244195324,219.29440587679684,6.820501994272921,328.3083125331541,29.189171947049793,-6.339884931191463,0.06901088216562815,-0.8919916740717766
54701487,8.110000,0.000000,0.000000,1023.8,1024.28,1025.46,1026.3,0.02,0.01,1.0,1.0,1.0,1.0,1400.22,0.0025154883597161256,-0.031698830784840364,-3.840580639299133e-05,6.541043465687629e-05,-0.0001919698790759673,0.0006296168704729604,326.0885459177934,449.13386034317904,6.509847642045985,325.8048162484845,219.28614056467757,6.767720926282222,328.3237479396185,29.18198064886966,-6.35144698946593,0.07072728122980941,-0.9005947591897717
54701586,8.210000,0.000000,0.000000,1023.87,1024.19,1025.36,1026.24,0.02,0.01,1.0,1.0,1.0,1.0,1400.25,0.002511652529216899,-0.031691945431090475,-3.839504127601241e-05,7.610169555283197e-05,2.698573372368108e-05,0.000127570440241287,326.0880503805426,449.1523124999958,6.514331654525894,325.8118759662263,219.28772967431988,6.792550859384476,328.38194253490605,29.25890169199559,-6.299030215329511,0.06883888131614037,-0.9125338288021874
54701686,8.309000,0.000000,0.000000,1023.82,1024.17,1025.48,1026.25,0.02,0.01,1.0,1.0,1.0,1.0,1400.28,0.0025080547967727394,-0.03168685899868294,-3.8312535990239797e-05,4.2080977856314365e-05,-6.977285029668886e-05,-6.62177228852244e-05,326.08586255386734,449.1419899508706,6.525135912839856,325.8134642359562,219.28841300462412,6.786319932997775,328.3099148857317,29.186589795056847,-6.382183368478352,0.06790090832426897,-0.8881768441282772
54701787,8.410000,0.000000,0.000000,1023.84,1024.29,1025.47,1026.22,0.02,0.01,1.0,1.0,1.0,1.0,1400.39,0.002503877850196281,-0.03167848609322345,-4.51779366044432e-05,0.00011123879082026582,-8.144447129696889e-05,0.0005852756118253569,326.0803622558176,449.15692570208876,6.533648655387118,325.795146265437,219.3028193500555,6.808837291089863,328.33902328007383,29.1915160048344,-6.378437296379114,0.07109581103678092,-0.9088199909224406
54701887,8.510000,0.000000,0.000000,1023.88,1024.32,1025.41,1026.24,0.03,0.01,1.0,1.0,1.0,1.0,1400.28,0.0024995684528839107,-0.03166821929005899,-4.098141170472506e-05,9.502959013844016e-05,7.525987377035531e-05,-0.00022336192682407654,326.08767285406003,449.1302527774062,6.523072193476761,325.81501938647557,219.27813562572268,6.770745510688249,328.3731264511613,29.23870582976915,-6.30095079196918,0.06796494123525502,-0.9071376622667598
54701987,8.610000,0.000000,0.000000,1023.83,1024.17,1025.43,1026.21,0.03,0.01,1.0,1.0,1.0,1.0,1400.34,0.0024949724743706546,-0.03165922312127498,-4.6718986291863755e-05,8.958736332891179e-05,7.283843026726207e-05,-1.2412239688960842e-05,326.08816790425607,449.16260307674645,6.508723991886811,325.7937400175795,219.30134901718256,6.79396876010283,328.34430454963467,29.19312857655597,-6.354356476414539,0.07338977645751485,-0.9154355085034609
54702087,8.710000,0.000000,0.000000,1023.87,1024.26,1025.42,1026.19,0.03,0.01,1.0,1.0,1.0,1.0,1400.32,0.002491228566912792,-0.031652623078769274,-3.26508401279398e-05,5.854900720133762e-05,0.00011930404749109663,1.1722867489972892e-05,326.0926390079892,449.14538614959696,6.515160172123623,325.80127647938104,219.29069169033497,6.791657551155893,328.33417230024907,29.18478516168058,-6.373232271281823,0.0726277716258513,-0.908596654727909
54702187,8.811000,0.000000,0.000000,1023.84,1024.2,1025.27,1026.25,0.03,0.01,1.0,1.0,1.0,1.0,1400.14,0.002487835294030349,-0.03164607693847231,-3.259295114011369e-05,5.777829141445528e-05,4.6364716059876885e-05,-0.00025525669705988267,326.0970272341532,449.1376211555058,6.498628124410639,325.8175597426183,219.29318446304097,6.819452517213239,328.30934679952225,29.193372588814803,-6.344251087163026,0.06591863308460717,-0.8828148956489764
54702287,8.909000,0.000000,0.000000,1023.95,1024.3,1025.4,1026.26,0.03,0.01,1.0,1.0,1.0,1.0,1400.2,0.002483730478576449,-0.03163707719847081,-4.430422917898397e-05,9.260072382653868e-05,-2.3573627983266612e-06,-0.00035944659352214086,326.08451081101697,449.1543434185007,6.520227268653884,325.7912463368506,219.29811310899836,6.792753904079774,328.3649911380393,29.182053190237937,-6.351989611094046,0.0731013795489543,-0.9218116531859005
54702387,9.009000,0.000000,0.000000,1023.92,1024.24,1025.46,1026.21,0.03,0.01,1.0,1.0,1.0,1.0,1400.34,0.002480071989267207,-0.03163285080897983,-3.193784361222966e-05,1.2784584641969812e-05,9.747157575219648e-05,-0.0006616541897497109,326.08002006936476,449.14172195303735,6.508676726884024,325.8151875951706,219.28447246193326,6.804930028844432,328.3744607372268,29.254471702043542,-6.326814062834377,0.06601391241157364,-0.903625385542109
54702488,9.109000,0.000000,0.000000,1023.83,1024.17,1025.46,1026.21,0.03,0.01,1.0,1.0,1.0,1.0,1400.35,0.002475911629659913,-0.031631624924986404,-4.5289928273865645e-05,9.460725900210212e-06,-1.587030980983734e-05,-0.00029793104211440417,326.083834074429,449.1430015829949,6.502405514365757,325.7664370709203,219.28725023529347,6.790400431851724,328.37113030942874,29.17609579652906,-6.340409686814014,0.0791169986658909,-0.9431884253909008
54702588,9.210000,0.000000,0.000000,1023.87,1024.31,1025.51,1026.19,0.03,0.01,1.0,1.0,1.0,1.0,1400.19,0.0024736510632276713,-0.03163960090435344,-1.4134795621347172e-05,-0.00010974822848409898,1.1632930472546519e-05,-0.00012311067550449366,326.0898832907604,449.14204548598804,6.486764059755934,325.7840373825733,219.28722761753298,6.79782051188439,328.3672297936855,29.239946357707943,-6.31706082197026,0.07623799031509883,-0.9312132928999164
54702687,9.310000,0.000000,0.000000,1023.82,1024.19,1025.54,1026.21,0.03,0.01,1.0,1.0,1.0,1.0,1400.33,0.0024712010917638345,-0.03164728089153762,-1.8613081274679745e-05,-0.00010197594315329667,0.00033011046745337727,-0.0012559968181925466,326.0865002338929,449.14590841729023,6.535442517258167,325.81249371016963,219.29248903625466,6.7984085666561205,328.297174940042,29.19058296235174,-6.366292437894921,0.06830183328985755,-0.8854317296201948
54702788,9.409000,0.000000,0.000000,1023.97,1024.18,1025.4,1026.15,0.03,0.01,1.0,1.0,1.0,1.0,1400.36,0.002469730793828393,-0.03165433634709444,-1.7874188027874248e-05,-2.9048264529079946e-05,-9.426866733081735e-05,0.0010703681749140467,326.0953822601584,449.14370156987815,6.509975785967985,325.7687349298777,219.29595212981806,6.817918860226894,328.31747645031453,29.18692105583661,-6.385279290524357,0.08142564310620339,-0.9309546372747592
54702887,9.510000,0.000000,0.000000,1023.84,1024.24,1025.46,1026.14,0.03,0.01,1.0,1.0,1.0,1.0,1400.32,0.00246879037385929,-0.03165719873103674,5.745788532101001e-06,-5.6539052351906707e-05,0.0004787015743738412,-0.0009323844794474049,326.0892054113624,449.15619497263594,6.511907914227465,325.82330391168404,219.27971214791197,6.796058865012555,328.37648168685735,29.2495485624038,-6.305939035828159,0.06627483906051859,-0.9023091031016166
54702987,9.609000,0.000000,0.000000,1023.82,1024.26,1025.4,1026.23,0.03,0.01,1.0,1.0,1.0,1.0,1400.28,0.0024697442375228476,-0.031663015056606694,4.402209209510063e-06,-4.8815677443196374e-05,-0.00017996312988362664,0.00031605913930181064,326.08665878922443,449.1438516607569,6.5224602369770155,325.7855602952845,219.28895229715434,6.789499315933529,328.36372302723447,29.188431295065502,-6.365701918525717,0.07505458052230286,-0.9271127539215995
54703087,9.709000,0.000000,0.000000,1023.88,1024.17,1025.29,1026.16,0.03,0.02,1.0,1.0,1.0,1.0,1400.29,0.002470646507670933,-0.03166876450571117,1.3930081057880135e-05,-7.570528108343965e-05,0.00010719370493224279,-0.0004656001266696926,326.086542078806,449.13938574062195,6.511623151039895,325.81185835608215,219.29175810881304,6.801640903448322,328.31389586968737,29.187282398835062,-6.324407129463598,0.06847236442157781,-0.8909927992935549
54703187,9.809000,0.000000,0.000000,1023.95,1024.19,1025.36,1026.23,0.03,0.02,1.0,1.0,1.0,1.0,1400.43,0.0024711261025230627,-0.03167120102033677,5.106110130782413e-07,3.975517249879504e-06,-5.827270502748887e-05,0.0005085086090423912,326.08918240621796,449.1529658963165,6.5215387405747585,325.81618745877313,219.29035748477494,6.776204480376579,328.36402787648376,29.179902847189275,-6.319936538879995,0.06804695670599543,-0.9039199866077354
54703287,9.909000,0.000000,0.000000,1023.85,1024.2,1025.47,1026.17,0.03,0.02,1.0,1.0,1.0,1.0,1400.3,0.0024713145634580845,-0.03167230026434105,-2.2694706442861915e-06,-9.135705186771097e-06,-0.00019430590471731976,0.0002620889708881807,326.0881747742435,449.1458262846968,6.502547512412314,325.80518155445253,219.28690794616074,6.764822857473087,328.3471359451324,29.184013765463767,-6.354164965626268,0.0705402646533404,-0.9071634430381631
54703387,10.009000,0.000000,0.000000,1023.79,1024.25,1025.42,1026.26,0.03,0.02,1.0,1.0,1.0,1.0,1400.33,0.002469974931081197,-0.03167188768763962,-1.4231328517730244e-05,4.2743937524386855e-07,3.452882422639316e-05,-0.0003349713550481689,326.0826087597005,449.1349178074648,6.498611654366963,325.78354774427055,219.2859497013246,6.796180925173071,328.38485076409773,29.181966690358585,-6.313467658061471,0.07454862413746892,-0.9330596914828376
54703488,10.110000,0.000000,0.000000,1023.89,1024.14,1025.34,1026.1,0.03,0.02,1.0,1.0,1.0,1.0,1400.28,0.0024695309452072143,-0.031677357956438085,-1.3253323243265068e-06,-6.553567458474134e-05,3.9258764962726486e-05,0.0002135370303633233,326.1013173664729,449.28355673046076,6.465035966158432,325.76360345803596,219.35818071009118,6.865453673738097,328.296062475241,29.27587002414203,-6.312455674981644,0.08158778675740191,-0.9264797903483079
54703588,10.211000,0.000000,0.000000,1023.78,1024.19,1025.5,1026.21,0.03,0.02,1.0,1.0,1.0,1.0,1400.44,0.0024718387857734143,-0.031685321836191535,3.1681924337489413e-05,-6.54651356218257e-05,5.760398623770102e-05,0.0010749306804075645,326.0983983226696,449.09390757791533,6.465247946451861,325.9053978485492,219.23229763399385,6.75110890943155,328.3482289788706,29.191147376690065,-6.256024727283609,0.04810768538162943,-0.832667479223486
54703688,10.311000,0.000000,0.000000,1023.93,1024.23,1025.29,1026.12,0.02,0.02,1.0,1.0,1.0,1.0,1400.37,0.002472983606139933,-0.03168228092617335,1.5900812906810405e-06,2.3209146387560227e-05,1.219612708877885e-06,-0.00204575339107236,326.0843835818293,449.1361318689024,6.508403109199897,325.76362383265297,219.28949291632625,6.811372475584652,328.44841219114033,29.229628901878424,-6.5559099452321306,0.07995839320764919,-0.9692239596096814
54703789,10.410000,0.000000,0.000000,1023.94,1024.19,1025.49,1026.07,0.02,0.01,1.0,1.0,1.0,1.0,1400.34,0.0024747703836723524,-0.03169533019970373,1.0893922610298273e-05,-0.00011708917897873568,-0.00048427231635530057,0.002000581063901608,326.09338793270166,449.137573461784,6.492406634728162,325.7449922830102,219.27991692770507,6.7814698577204,328.45091817898464,29.12150400167968,-6.59878732321367,0.08684324613231588,-0.9889418780883006
54703888,10.511000,0.000000,0.000000,1023.92,1024.23,1025.41,1026.22,0.02,0.01,1.0,1.0,1.0,1.0,1400.31,0.0024757944607498882,-0.03170595020922493,1.9489828302951706e-05,-0.00015854307676373163,4.7904453208356315e-05,-0.00019443000492936932,326.09366705381035,449.13276497945793,6.508041086982168,325.8793976007314,219.2878779121052,6.8096811361902505,328.15910016213246,29.188420755820445,-6.2295398769930985,0.053413116733759765,-0.7938932896707992
54703988,10.610000,0.000000,0.000000,1023.79,1024.33,1025.37,1026.13,0.02,0.01,1.0,1.0,1.0,1.0,1400.33,0.002475102996008028,-0.031702563702851155,-8.667109948167893e-06,0.00010656571978758093,0.000479512743163502,-0.00045106215675118794,326.0808305707829,449.15143958726094,6.50899155992388,325.7694462042526,219.29354335695226,6.77206287255976,328.4523754211274,29.219408837147828,-6.5035505682014145,0.07761751668063116,-0.9639211466670675
54704088,10.711000,0.000000,0.000000,1023.81,1024.3,1025.49,1026.1,0.03,0.01,1.0,1.0,1.0,1.0,1400.38,0.002476783305644808,-0.0317041682302308,9.987071717811864e-06,-2.7646735031007542e-06,-0.0005943147620937746,0.0025880696568904875,326.0840270552609,449.13569876763887,6.483622746215212,325.81569266851176,219.2755413330133,6.807323160369592,328.19684704879893,29.176867904553887,-6.284684891993428,0.06688597557127764,-0.8514148435175745
54704188,10.810000,0.000000,0.000000,1023.83,1024.3,1025.35,1026.21,0.03,0.01,1.0,1.0,1.0,1.0,1400.28,0.0024758774392989995,-0.03168874301371564,-2.4510475980105086e-07,0.00014988366643921812,0.0005552238845823698,-0.002102391070292901,326.08809186559154,449.1451661519354,6.5011143035501,325.7843983733104,219.2925790377713,6.814706888330948,328.3227395009253,29.19247980837797,-6.418988898870119,0.07570219446491987,-0.9164097290127051
54704288,10.911000,0.000000,0.000000,1023.76,1024.34,1025.48,1026.21,0.03,0.01,1.0,1.0,1.0,1.0,1400.28,0.002477524334792231,-0.03167978081299922,3.1524971153684645e-06,0.00017207162425045627,-0.0008095824990869274,0.004001598830373915,326.0852425818681,449.1420865850303,6.533117853056353,325.74916190456315,219.28844418872848,6.8077793651693685,328.37863452437125,29.25040428407621,-6.29829952531035,0.0837750077064947,-0.9602758830870057
54704388,11.010000,0.000000,0.000000,1023.89,1024.31,1025.39,1026.18,0.03,0.01,1.0,1.0,1.0,1.0,1400.43,0.002478362233254738,-0.03166423956006671,3.692601959947293e-05,9.313035626033228e-06,0.0008761136283139849,-0.005208356655224348,326.0875567306422,449.15608042605896,6.502219349631105,325.873318219272,219.29174132284982,6.798756976939303,328.3490549300192,29.24019398303465,-6.3031578547872,0.053400884209769656,-0.853132139650534
54704489,11.110000,0.000000,0.000000,1023.89,1024.19,1025.39,1026.15,0.03,0.01,1.0,1.0,1.0,1.0,1400.37,0.0024806728614618413,-0.03166415623040546,-2.3426227900060598e-06,9.268251608991655e-05,-0.0005864401677873467,0.002629317118247069,326.0890241291696,449.1292299418213,6.532662574128916,325.7402583052436,219.29325418778683,6.7889386423346965,328.47229840670377,29.230907178128135,-6.444416605486167,0.08694371864928718,-0.9974255540855211
54704588,11.210000,0.000000,0.000000,1023.87,1024.23,1025.35,1026.15,0.03,0.01,1.0,1.0,1.0,1.0,1400.42,0.002481826910593269,-0.031665160518520835,2.0654682942292378e-05,-0.00010456911390840096,-5.783334769269134e-05,-0.0014489919428055508,326.0916231650925,449.1399361100816,6.509842997068364,325.886421878526,219.29387702804527,6.767912727180987,328.356446298735,29.239579651472464,-6.26399427395296,0.05115234341710104,-0.8469024640252585
54704689,11.310000,0.000000,0.000000,1023.86,1024.28,1025.29,1026.21,0.03,0.01,1.0,1.0,1.0,1.0,1400.31,0.0024799499514544417,-0.03166639620950838,-3.3234963687679536e-05,3.1134339775780865e-05,4.472193340706617e-06,-7.118017900742164e-08,326.0814519802247,449.13561059622737,6.524470657397513,325.76111479722556,219.2933348724227,6.810064862805198,328.4146147500332,29.18250064803742,-6.416608112932611,0.0798545727288374,-0.9593714956050413
54704789,11.412000,0.000000,0.000000,1023.93,1024.3,1025.35,1026.08,0.03,0.01,1.0,1.0,1.0,1.0,1400.34,0.0024784686545573404,-0.031671572880150656,-1.732527664212877e-05,-4.014800417532137e-05,-0.00041434299826695206,0.002089771667134831,326.0871001798457,449.15511367870323,6.533614411433774,325.8217620378027,219.28737372915853,6.798982555166518,328.3721754878686,29.231354021091548,-6.2800624021459175,0.06613694002500253,-0.9010953909633925
54704890,11.511000,0.000000,0.000000,1023.83,1024.29,1025.35,1026.22,0.03,0.01,1.0,1.0,1.0,1.0,1400.37,0.0024756770447623235,-0.03166851598825571,-3.8431248002463345e-05,3.6834599609663983e-05,9.376884410732486e-05,-0.000781963060948201,326.0843104209327,449.1400036866722,6.543463892830151,325.81041700306207,219.29629108736924,6.84349133250978,328.3646761768609,29.259423054927336,-6.312975953047908,0.0682765226630767,-0.9066112975862547
54704990,11.612000,0.000000,0.000000,1023.85,1024.28,1025.3,1026.18,0.03,0.01,1.0,1.0,1.0,1.0,1400.42,0.0024747505859471887,-0.03167707084410243,-8.717989861621667e-06,-8.868799887410507e-05,-0.0002772040624918026,0.0012506293776449419,326.08344454102075,449.141304544818,6.503887650726498,325.80615491867246,219.2788155284299,6.744400286212958,328.338384367758,29.185835790125303,-6.387363499762247,0.06911748595722747,-0.9014271713565207
54705089,11.712000,0.000000,0.000000,1023.79,1024.37,1025.31,1026.15,0.03,0.01,1.0,1.0,1.0,1.0,1400.46,0.002471511453449484,-0.03167098180420145,-3.408635638465646e-05,8.090497949005024e-05,8.786956266305087e-05,-0.0004630237009686604,326.09083660287973,449.137618520409,6.497370542084214,325.8461201465843,219.28085843445146,6.8162089835522375,328.22100729005626,29.19617561707733,-6.314789501220414,0.06099979317692955,-0.8378065032576012
54705189,11.811000,0.000000,0.000000,1023.85,1024.39,1025.35,1026.24,0.03,0.01,1.0,1.0,1.0,1.0,1400.45,0.0024700411386569905,-0.03166728741740291,-2.2156454374827276e-05,0.00011707361967348403,-0.000425646542842905,0.0035049419259405024,326.0929384695829,449.1395280405163,6.501177224462499,325.73023535446504,219.3000993395423,6.797102467754455,328.40663083548503,29.172230008818282,-6.382357772956298,0.09041677739674088,-0.9873225679592575
54705289,11.911000,0.000000,0.000000,1023.82,1024.24,1025.42,1026.17,0.03,0.01,1.0,1.0,1.0,1.0,1400.42,0.0024702681118139746,-0.031660457110600074,2.974623936424571e-05,-3.8028151873946134e-05,0.000790338407211656,-0.0031288771351500938,326.0837433461015,449.1457413695894,6.524933336678848,325.8516918404896,219.29238675090915,6.796442669902865,328.2293556349562,29.19476241995048,-6.304953181753127,0.05784369519536114,-0.8322823385357809
54705390,12.011000,0.000000,0.000000,1023.85,1024.37,1025.37,1026.23,0.04,0.01,1.0,1.0,1.0,1.0,1400.38,0.0024727341514589668,-0.03165590995092428,1.0415068923049835e-05,0.00010897124763752118,0.00018293489993047494,-0.00044992774028938294,326.0791757150407,449.13411848500795,6.503155054296394,325.7692279451871,219.28530600541026,6.797035313803375,328.41307940455386,29.20967118501704,-6.43666937975854,0.07726247582626854,-0.9514275233263466
54705490,12.112000,0.000000,0.000000,1023.84,1024.25,1025.44,1026.27,0.04,0.01,1.0,1.0,1.0,1.0,1400.28,0.002475349279846964,-0.03165526406003156,2.1565998384511322e-05,-1.3463996967755502e-05,-0.0004039136018713373,0.0006402840249355211,326.0893549127185,449.13406358837426,6.507606162759022,325.8204391457833,219.28295649349135,6.809889590228152,328.340410920216,29.252793109097045,-6.309925940322598,0.06703353163979575,-0.8938163689621516
54705590,12.212000,0.000000,0.000000,1023.91,1024.29,1025.42,1026.22,0.04,0.0,1.0,1.0,1.0,1.0,1400.34,0.0024758227022168735,-0.031653290736120804,1.0366060738147417e-05,-2.1144439290765513e-05,0.0004099267370927469,-0.0023435384077540563,326.0852215247841,449.1379952477715,6.524263961338015,325.8048394724803,219.28760529634542,6.809997446459261,328.3859203579576,29.18110605323003,-6.333795200157869,0.06989198618894481,-0.9176424679353186
54705690,12.312000,0.000000,0.000000,1023.9,1024.3,1025.37,1026.1,0.04,0.0,1.0,1.0,1.0,1.0,1400.27,0.0024773736791527043,-0.031662136507448854,1.845208923812902e-06,-5.959263955747872e-05,-0.0005814636662042427,0.0017001198160973429,326.08117915547103,449.1562900727852,6.5205995103045735,325.7758202403285,219.29507694842363,6.810772116905531,328.3421268355145,29.184112140140584,-6.369177591050463,0.07611448031841829,-0.9256173167831485
54705791,12.412000,0.000000,0.000000,1023.89,1024.25,1025.38,1026.1,0.04,0.0,1.0,1.0,1.0,1.0,1400.37,0.0024771860155087242,-0.03166734872873462,1.1209741190217414e-05,-0.00010493432424424548,0.00044997974140543947,-0.0017245604602527448,326.0848153876448,449.132269912641,6.5280312233644135,325.8550319406896,219.2868234353943,6.805402491104722,328.34051538657076,29.24672210972645,-6.304335919565503,0.057280305214284816,-0.8638740004597167
54705891,12.513000,0.000000,0.000000,1023.93,1024.18,1025.38,1026.24,0.04,0.0,1.0,1.0,1.0,1.0,1400.35,0.002477412831336296,-0.03167409013270979,-1.0154826795508708e-05,-4.471252469012377e-05,-0.0005410686678634389,0.0017312164233197836,326.08279357893275,449.1546869293246,6.531118075801561,325.74338952662026,219.30017040112827,6.820953054312409,328.3883341177111,29.188720844444173,-6.411398771176481,0.08460310420476477,-0.966288056727548
54705990,12.613000,0.000000,0.000000,1023.78,1024.23,1025.4,1026.26,0.04,0.0,1.0,1.0,1.0,1.0,1400.3,0.0024756919953936645,-0.03168118381947163,-9.10553709289187e-06,-8.109711961540977e-05,-1.611924011851534e-05,0.0003111218466333269,326.0871321286815,449.1430289448511,6.530713331662357,325.8368739990196,219.30564176528827,6.808143626055142,328.28390995444005,29.236157128917277,-6.2812842114488685,0.062386407745927144,-0.862382470411414
54706090,12.712000,0.000000,0.000000,1023.9,1024.23,1025.41,1026.25,0.04,0.0,1.0,1.0,1.0,1.0,1400.27,0.0024732723610411235,-0.03167944897928715,-2.3182829513443153e-05,3.454600001681768e-05,0.0004259693352744229,-0.0009509782720968532,326.0903414493649,449.1405354152139,6.505206327441999,325.77832782606276,219.2862768228296,6.8091671678127605,328.39729771564777,29.180299803676657,-6.3436767555796845,0.07777559961220602,-0.944829010607231
54706190,12.812000,0.000000,0.000000,1023.9,1024.29,1025.47,1026.17,0.04,0.0,1.0,1.0,1.0,1.0,1400.32,0.0024729359230154877,-0.03168470730508614,-5.98099016880642e-06,-5.718550838831329e-05,-0.00037352195989085607,0.0012807968824142045,326.084088655469,449.13396772076885,6.507472473797618,325.8117553692113,219.28171145311896,6.798941159463038,328.384169351388,29.23666374969428,-6.3365890931220035,0.06788508790590683,-0.911267699652843
54706290,12.912000,0.000000,0.000000,1023.88,1024.21,1025.35,1026.24,0.03,0.0,1.0,1.0,1.0,1.0,1400.28,0.002470532086696081,-0.031686930579139724,-2.7376678969014296e-05,-3.576184195669564e-05,-9.76853458794538e-06,-0.0007290053644720555,326.09216533436796,449.1409291835722,6.499999449328003,325.82366083186236,219.28377800884832,6.798884986821435,328.3523262032492,29.18314474891668,-6.319792761908735,0.06692925452943006,-0.8959459733532739
54706391,13.012000,0.000000,0.000000,1023.87,1024.28,1025.41,1026.3,0.03,0.0,1.0,1.0,1.0,1.0,1400.36,0.0024676981384410056,-0.03169120857311841,-3.541322221568756e-05,-1.4171337670960695e-05,-0.0002360343200944571,0.0009756654322832245,326.0940844453611,449.1422725555422,6.503898874009598,325.8336891661978,219.289104546212,6.817327596415145,328.35371466913483,29.2396758258539,-6.2847699725888155,0.06490902104057716,-0.8895065360322785
54706490,13.113000,0.000000,0.000000,1023.92,1024.24,1025.47,1026.26,0.03,0.0,1.0,1.0,1.0,1.0,1400.31,0.0024631974293675947,-0.03168826008161353,-4.160407211208839e-05,2.603638401855607e-05,0.000511002958732773,-0.0009492924166420866,326.08938139657715,449.1371133872051,6.4984227339758895,325.77529800619976,219.28741045237416,6.810613219933038,328.4004922995089,29.1773025135312,-6.317759789084867,0.0782930813189517,-0.9477223928426857
54706590,13.212000,0.000000,0.000000,1023.87,1024.22,1025.36,1026.25,0.03,0.0,1.0,1.0,1.0,1.0,1400.5,0.0024613443264882504,-0.03169476625072151,-1.1926817491508854e-05,-9.733734904950168e-05,1.7825551277063237e-05,-0.00019232014113761053,326.0920502385841,449.1300029918003,6.5052965569744545,325.7563738031923,219.29440682374462,6.824403899569114,328.33348040442223,29.193391141306122,-6.386870493213361,0.08368081217861903,-0.9440449399825757
54706690,13.313000,0.000000,0.000000,1023.92,1024.21,1025.42,1026.31,0.03,0.0,1.0,1.0,1.0,1.0,1400.44,0.002462550474614477,-0.0317107304414907,2.6105656140023426e-05,-0.0001996341538629832,0.00017565799766291803,-0.0005657019125896808,326.0915056721084,449.1414964474014,6.49375338489982,325.807186501532,219.28616927808662,6.81569602498723,328.35551695328274,29.251589824116706,-6.327478990923047,0.07087188450683346,-0.9100240953290426
54706791,13.412000,0.000000,0.000000,1023.96,1024.16,1025.39,1026.31,0.03,0.0,1.0,1.0,1.0,1.0,1400.39,0.0024655594700761824,-0.03173238171891475,3.7967558439616114e-05,-0.00024019879243778228,0.0003533971438921937,-0.0011297873152004455,326.09272401194715,449.1365807392126,6.5246901593549795,325.8005907689861,219.28021528384917,6.809303128171671,328.3433477066113,29.180312529562723,-6.353395253765867,0.07281935756609327,-0.9119755255610336
54706890,13.513000,0.000000,0.000000,1023.92,1024.18,1025.45,1026.21,0.03,0.0,1.0,1.0,1.0,1.0,1400.34,0.0024703103225493976,-0.03175788009976649,4.3141914029248765e-05,-0.00022395581141199767,-0.00022873858370730092,0.0012194459253412314,326.0877055873335,449.16862739363467,6.511288089896724,325.7937226131707,219.30180674195807,6.829120220624217,328.4096647703632,29.246165612821642,-6.293215765374476,0.07327710209258838,-0.9351284352023577
54706990,13.613000,0.000000,0.000000,1023.86,1024.16,1025.45,1026.33,0.03,-0.0,1.0,1.0,1.0,1.0,1400.41,0.0024740858988143814,-0.03177977420204793,3.638411736650576e-05,-0.00022408155898686268,-8.47982975011064e-05,0.0002842077512121153,326.07976448326104,449.14877300746696,6.520934766202732,325.8281499011727,219.27789231614398,6.776718916148542,328.3434680506997,29.16859165575089,-6.388605626470745,0.06271541578761662,-0.8834616323842658
54707091,13.712000,0.000000,0.000000,1023.9,1024.25,1025.22,1026.26,0.02,-0.0,1.0,1.0,1.0,1.0,1400.31,0.0024758198891004692,-0.031795190573124216,5.816344154202789e-06,-0.00011883192165066712,-0.0002153600553293734,0.0004788607689938823,326.0912022978119,449.1571334373509,6.494541979680084,325.80176625713625,219.29962150570893,6.817675399820694,328.38433377372877,29.17803530682077,-6.370570311380076,0.07214667323918185,-0.9225380575633576
54707191,13.812000,0.000000,0.000000,1023.98,1024.16,1025.18,1026.34,0.02,-0.0,1.0,1.0,1.0,1.0,1400.28,0.002476151695151838,-0.03180756567958998,1.0221949057893741e-06,-0.00011385817251994658,-0.00012418513662113776,0.0006218630596827726,326.0952451521587,449.14346720090805,6.520854010498167,325.82516064035093,219.28659311041812,6.803646977339852,328.3516613745968,29.19351303057437,-6.271029138988504,0.06732317916506181,-0.8961117739739602
54707291,13.913000,0.000000,0.000000,1023.91,1024.24,1025.35,1026.3,0.02,0.0,1.0,1.0,1.0,1.0,1400.33,0.002475576182153258,-0.03181268695597563,-1.1874300796007168e-05,-5.512227473692948e-05,-0.00017210178897856496,0.00025679227835625286,326.0825939856889,449.15985784659813,6.536273665404544,325.7828666326499,219.31073449872736,6.841729392927458,328.36260109776975,29.181779626684776,-6.380566754922268,0.0747146752163246,-0.926790314444415
54707390,14.013000,0.000000,0.000000,1023.9,1024.07,1025.38,1026.24,0.02,-0.0,1.0,1.0,1.0,1.0,1400.39,0.0024748946655920676,-0.03182411033559454,-3.1089148842429957e-06,-0.000104364455584192,-8.450643248977673e-05,0.00042527277274360546,326.0765363680592,449.14708732637285,6.513740306465699,325.7972117815271,219.28595503320753,6.81610154604473,328.3746426457026,29.23907541902506,-6.306839675025124,0.06962513359783858,-0.9162525404923227
54707490,14.112000,0.000000,0.000000,1023.89,1024.24,1025.35,1026.18,0.02,-0.0,1.0,1.0,1.0,1.0,1400.33,0.0024741326191544417,-0.03183369291731536,-1.9434731986796674e-06,-0.00011995825306269708,0.00031935011287357543,-0.0011870408474791184,326.08318303024373,449.15923446493684,6.508735828151423,325.78706880083934,219.3008737040665,6.843192187070164,328.39732995825153,29.248656715281495,-6.351235750341948,0.0738110467548955,-0.934498181007098
54707590,14.212000,0.000000,0.000000,1023.89,1024.16,1025.37,1026.35,0.02,-0.0,1.0,1.0,1.0,1.0,1400.29,0.0024753040292744837,-0.031851355210843604,1.305760515469692e-05,-0.00017960854404197257,-7.541515264269233e-05,0.0008368650337679597,326.08882429829305,449.15200740457806,6.5156335044927625,325.78597623760123,219.28487720788738,6.8190536436464715,328.3754027220291,29.242363001265225,-6.316891302600825,0.07312220746543753,-0.9268804169502473
54707690,14.312000,0.000000,0.000000,1023.89,1024.16,1025.31,1026.14,0.02,-0.01,1.0,1.0,1.0,1.0,1400.35,0.0024770168568668954,-0.031869681883898916,2.669649046903859e-05,-0.000214904080982323,0.0003659695888771902,-0.0011375024673090128,326.07953840524226,449.1499910336744,6.529964604765824,325.81261575852716,219.2900237801702,6.824217320819579,328.38712333717365,29.24769087551842,-6.313079562257361,0.06653413563761813,-0.9092079536826099
54707790,14.412000,0.000000,0.000000,1023.89,1024.29,1025.37,1026.24,0.02,-0.01,1.0,1.0,1.0,1.0,1400.3,0.0024795605437143253,-0.03189182042395424,1.5528295155885106e-05,-0.00020123619174759158,-0.0002864327372210909,0.0005587064081277435,326.07774055871454,449.1519606753818,6.525529532605863,325.81176583392795,219.28534100740768,6.801447303235882,328.3881600118964,29.24707135560525,-6.280012744581626,0.06629593460971231,-0.909316842134783
54707891,14.513000,0.000000,0.000000,1023.89,1024.18,1025.47,1026.16,0.02,-0.01,1.0,1.0,1.0,1.0,1400.37,0.002479767439073058,-0.03190492487495176,-1.9065391601517962e-06,-0.0001642919345298001,-0.00014340427111826,0.00023770489559396234,326.08667893806194,449.1444414206925,6.531831880174751,325.83336738444814,219.28140088592917,6.797977614324326,328.36431626188977,29.18047890663999,-6.282280518951814,0.06314054236356652,-0.8890555109175997
54707990,14.613000,0.000000,0.000000,1023.99,1024.19,1025.5,1026.27,0.02,-0.01,1.0,1.0,1.0,1.0,1400.38,0.0024776832727058844,-0.03191873313919559,-2.696161346216635e-05,-7.24465876345165e-05,-2.577687676287927e-05,0.00022987818863165536,326.0816775371075,449.13891728676026,6.5222484550098025,325.7965177030926,219.29790239329722,6.813201182485377,328.3687957111501,29.19186637202837,-6.393785072443839,0.07218435167909218,-0.9195764950355658
54708090,14.713000,0.000000,0.000000,1023.95,1024.18,1025.35,1026.24,0.02,-0.01,1.0,1.0,1.0,1.0,1400.41,0.002475233059659221,-0.031926542262979654,-2.7572639855736246e-05,-6.893400469987801e-05,-0.00019174304819738144,0.0004936489425322174,326.0803406752079,449.1499119470689,6.526353052886824,325.8110847160412,219.2901193723186,6.790293215068612,328.3520861284683,29.174078787997306,-6.285618266128424,0.06711579628603166,-0.8999743881794504
54708190,14.812000,0.000000,0.000000,1023.99,1024.23,1025.4,1026.24,0.02,-0.01,1.0,1.0,1.0,1.0,1400.39,0.002471494475680362,-0.031928487048763374,-4.0055902847508935e-05,4.303278811608039e-06,0.00012003985001721336,0.0004340682618999781,326.0845504141655,449.15271763008303,6.539313384817051,325.7975494624259,219.29571971249197,6.830016968324923,328.3872040863241,29.260291018776268,-6.299824818805355,0.07153984805523542,-0.923813572111289
54708291,14.912000,0.000000,0.000000,1023.87,1024.1,1025.54,1026.28,0.01,-0.01,1.0,1.0,1.0,1.0,1400.38,0.0024685508848817615,-0.03193070750512213,-2.562159911388317e-05,-3.89115924841326e-05,0.0001702417451477493,-0.0003064861757426905,326.0775899797348,449.1440177739529,6.527281388263654,325.76544632000406,219.28586209014026,6.817960903816557,328.40440414941685,29.241139619155852,-6.354198251813648,0.07780669455654116,-0.9511704920325285
54708391,15.012000,0.000000,0.000000,1023.8,1024.15,1025.39,1026.29,0.01,-0.01,1.0,1.0,1.0,1.0,1400.38,0.002467685541046648,-0.03194171280700556,2.9246806906734926e-06,-0.00016164064278336875,0.0002659467674044581,-0.0011193926927631692,326.0787776778207,449.15955320978844,6.52564646994644,325.801757865788,219.29062880810247,6.814269574669886,328.366962761452,29.2357082378657,-6.280772336206438,0.06864002744548019,-0.9105643751272428
54708490,15.113000,0.000000,0.000000,1023.86,1024.19,1025.51,1026.17,0.01,-0.01,1.0,1.0,1.0,1.0,1400.42,0.002468293926215364,-0.03195890631151507,8.642372945580874e-06,-0.00017637378475513846,0.00016742604717872602,-0.0004584386143531742,326.0797424685791,449.1432391785256,6.501774352973086,325.7734693852516,219.29029831211378,6.831912049964963,328.3584590802464,29.184564675417764,-6.302742478188452,0.0763450952660578,-0.9317296731408846
54708590,15.212000,0.000000,0.000000,1023.85,1024.22,1025.36,1026.22,0.01,-0.01,1.0,1.0,1.0,1.0,1400.41,0.0024703758358065324,-0.0319795637746956,2.2622567028365394e-05,-0.00020879799173287726,-0.00015010619629150183,0.0008702757656423908,326.08893202105594,449.1502487419343,6.504830036664769,325.8076676837478,219.28710972511996,6.809209704398964,328.3969118453102,29.250979169310387,-6.296659850043806,0.06815148230111656,-0.9169102262936183
54708691,15.312000,0.000000,0.000000,1023.85,1024.17,1025.45,1026.15,0.01,-0.01,1.0,1.0,1.0,1.0,1400.42,0.002471782079659339,-0.03199821099703641,1.3181291903241919e-05,-0.0001733238661319595,8.599109769871782e-05,5.360523360320961e-05,326.0813089204282,449.1409003920124,6.487891053368722,325.81858479373653,219.28987546069916,6.806059694580787,328.3793989302849,29.183189563911583,-6.3087798603597625,0.06549014556128058,-0.9027309950991413
54708791,15.413000,0.000000,0.000000,1023.85,1024.17,1025.41,1026.24,0.01,-0.01,1.0,1.0,1.0,1.0,1400.28,0.002472457433966915,-0.03200962999941935,1.1596282027985186e-06,-0.0001192333338923872,-0.00035368264795654185,0.0013075479452960032,326.07955372954746,449.15283709280453,6.515056441243896,325.8146925772783,219.29086067946565,6.809783614805944,328.3714564845161,29.183426167760533,-6.363777521564402,0.06601970322632535,-0.902566609165457
54708891,15.514000,0.000000,0.000000,1023.94,1024.3,1025.51,1026.21,0.01,-0.01,1.0,1.0,1.0,1.0,1400.36,0.002470516501028287,-0.032013234258588,-2.900303530420536e-05,-5.165097543631574e-06,-0.00020409953640881262,0.0006925126194345303,326.07192979564445,449.15124203188077,6.520491961519679,325.838562268056,219.28077916556217,6.800889651775203,328.3781319433536,29.162312844616743,-6.373077288787324,0.05816741153196901,-0.8816364457391946
54708992,15.614000,0.000000,0.000000,1023.9,1024.25,1025.46,1026.21,0.01,-0.01,1.0,1.0,1.0,1.0,1400.28,0.0024639770738427995,-0.03200625439080737,-7.213208595865768e-05,0.00012360401367332742,-0.0003204817762880617,0.0013269418419280218,326.0820706830434,449.1392880916006,6.497066406084458,325.8031004652689,219.28693197094267,6.812239296317389,328.38238905903535,29.182994877799036,-6.330775187991277,0.06953945789276524,-0.9164078110961467
54709091,15.716000,0.000000,0.000000,1023.74,1024.21,1025.49,1026.3,0.01,-0.01,1.0,1.0,1.0,1.0,1400.28,0.002456833063622273,-0.03199289562910973,-6.91037599779989e-05,0.0001266113732974344,6.0376178231326134e-05,-0.0001918882783603594,326.0778484349736,449.15115680036706,6.506442973333677,325.8215924843048,219.2892969832135,6.785916876415907,328.39314704715525,29.23833509775596,-6.311913794000465,0.06521620329912606,-0.9056467539876802
54709191,15.814000,0.000000,0.000000,1023.97,1024.21,1025.36,1026.17,0.01,-0.01,1.0,1.0,1.0,1.0,1400.35,0.0024515533673772675,-0.0319830545692288,-7.28922861001404e-05,0.0001412374731394303,-0.00032200538756277776,0.0008981082696045427,326.0893867963103,449.1502912427204,6.495358459308528,325.7982365484092,219.28883813460646,6.811448726011205,328.39041739206885,29.238931551680523,-6.3096795755245,0.07257272266498144,-0.9265813098633682
54709291,15.914000,0.000000,0.000000,1023.9,1024.39,1025.46,1026.12,0.01,-0.01,1.0,1.0,1.0,1.0,1400.3,0.0024456187491738637,-0.031968209387151,-5.126832152722018e-05,0.0001371325010151118,0.0001525486274945257,-0.0004666936769792476,326.0889796117237,449.1488268119815,6.530000230205213,325.80311484037753,219.29618369108562,6.8183498582650826,328.3745604621791,29.238144932897182,-6.3234417507488425,0.07125798617116107,-0.9176686220326887
54709391,16.014000,0.000000,0.000000,1023.8,1024.28,1025.48,1026.14,0.01,-0.01,1.0,1.0,1.0,1.0,1400.38,0.002441437255107985,-0.03195746130925459,-2.4993787204418936e-05,7.530653628333844e-05,0.00017590287097188996,-1.170957911625917e-06,326.08033173285787,449.14411077679307,6.509459073924281,325.79157488674656,219.28101010595404,6.804225351888099,328.34190043206814,29.183317232177085,-6.406675902929038,0.07197562304082944,-0.9125777464946514
54709491,16.114000,0.000000,0.000000,1023.82,1024.19,1025.47,1026.24,0.0,-0.01,1.0,1.0,1.0,1.0,1400.31,0.0024398105940845105,-0.031950146786331984,-1.5936445792367072e-05,7.526612035616345e-05,-7.995303175388808e-05,9.107504808232415e-05,326.08075141030133,449.14404401398383,6.503025765316592,325.8000907583284,219.2967506409964,6.819804149093491,328.4049524119415,29.188628148361584,-6.32593798153049,0.06996237634669912,-0.9249424463569148
54709591,16.212000,0.000000,0.000000,1023.94,1024.18,1025.46,1026.22,0.0,-0.01,1.0,1.0,1.0,1.0,1400.38,0.0024378343099881027,-0.03194227135541585,-2.004105307863156e-05,6.700069330431359e-05,-6.64079815472005e-06,-0.000515442464918792,326.0777030768975,449.1464614853289,6.510577676532762,325.8231739271984,219.28229071106193,6.805628921024968,328.378629885353,29.17919128113615,-6.372064691066519,0.06344372866526851,-0.89703809321903
54709692,16.314000,0.000000,0.000000,1023.76,1024.14,1025.34,1026.24,0.0,-0.01,1.0,1.0,1.0,1.0,1400.41,0.0024348120126560123,-0.03193385648272428,-4.1664954411915005e-05,0.00011742290386975231,-0.0002684332423346887,0.0008048183074901645,326.0790872858028,449.15204586812337,6.501911405756389,325.82615755931613,219.28928855773745,6.8068618980189255,328.4300961389425,29.183161849279646,-6.330984019102531,0.06304544573421879,-0.9108386738441758
54709792,16.414000,0.000000,0.000000,1023.77,1024.26,1025.51,1026.19,0.0,-0.01,1.0,1.0,1.0,1.0,1400.39,0.002429163611190324,-0.03192060965823701,-6.750390579726206e-05,0.0001419146021942138,-0.00021742683434008644,0.00014322504252752626,326.08663628924756,449.14009356501646,6.5055790551148736,325.83061920323587,219.2930364435366,6.808653221325886,328.3793645745667,29.18319691889503,-6.371959980172702,0.06381936157472577,-0.895739968592543
54709891,16.514000,0.000000,0.000000,1023.81,1024.2,1025.32,1026.07,0.0,-0.01,1.0,1.0,1.0,1.0,1400.36,0.002422800866654975,-0.031905980299247474,-9.488135220207958e-05,0.0002269710847592617,-0.0003283493626579426,0.0010971319436388024,326.08522335917166,449.14633732076464,6.501325224039941,325.8209048639757,219.2895249266644,6.80524192195704,328.3978910239483,29.170274094628848,-6.40524994570503,0.06588591997325263,-0.9083443792580599
54709991,16.614000,0.000000,0.000000,1023.69,1024.18,1025.34,1026.13,0.0,-0.01,1.0,1.0,1.0,1.0,1400.37,0.002410793595395352,-0.03187749257579921,-9.880190544186262e-05,0.00022612781149585495,-0.00011035918396387085,5.755445292651011e-05,326.07951493895507,449.15070906656763,6.50079068199711,325.8106924642146,219.28604332330357,6.805065382991695,328.34174287000286,29.182365507933874,-6.374052282772771,0.06700632378278018,-0.8968066119466309
54710091,16.715000,0.000000,0.000000,1023.93,1024.35,1025.3,1026.14,0.0,-0.01,1.0,1.0,1.0,1.0,1400.29,0.002403492994729129,-0.031860735242131136,-0.000102689633615875,0.00024125663947022078,-0.00042376892371904595,0.0012785274796044803,326.0858667383067,449.1492400602366,6.494024583611644,325.79928368463067,219.28467483820802,6.804166931713023,328.3197757892727,29.185283016318955,-6.374727253989181,0.07143332828233837,-0.9024961164690426
54710191,16.813000,0.000000,0.000000,1023.87,1024.26,1025.36,1026.09,0.0,-0.01,1.0,1.0,1.0,1.0,1400.27,0.002393943145389272,-0.03183345417241562,-6.109447974913959e-05,0.00021564761881702664,0.00039876402042538346,-0.0002548864732340024,326.0807513605101,449.14365109733416,6.499533589288986,325.7892512689294,219.29513457232636,6.821344877976072,328.4021799347367,29.244981533156572,-6.33861114035737,0.07259411140975755,-0.926484746797916
54710291,16.913000,0.000000,0.000000,1023.82,1024.31,1025.48,1026.19,0.0,-0.01,1.0,1.0,1.0,1.0,1400.33,0.002390436436637765,-0.03181943044676484,-3.912272489104046e-05,0.00015927157619509915,0.0003111865018751104,-0.0012523305623571635,326.07763219319827,449.14967168629175,6.515416743872167,325.8063999305966,219.28989870191853,6.818861280385503,328.39376662585994,29.237837246084954,-6.31266070727344,0.06760842273690967,-0.9151927791817662
54710392,17.014000,0.000000,0.000000,1023.89,1024.26,1025.5,1026.03,0.0,-0.01,1.0,1.0,1.0,1.0,1400.34,0.0023876635822453448,-0.03180719543250363,-2.466046728951774e-05,0.0001119514587194394,3.2250719551467046e-05,-0.0003192976930554549,326.076852323813,449.1442275383484,6.505887876134766,325.79042756908535,219.2927042844899,6.80103940689414,328.3163811466041,29.192189216579074,-6.386278759090069,0.07139792187210542,-0.9040665989177845
54710492,17.113000,0.000000,0.000000,1023.82,1024.25,1025.44,1026.14,-0.0,-0.01,1.0,1.0,1.0,1.0,1400.33,0.0023856062309926696,-0.03179213705176211,-8.144122571965319e-06,0.00013358770985805003,0.00017180597195961587,0.0002870566012228467,326.0767654322826,449.1513155496452,6.5108350994159725,325.809253217499,219.30182490593796,6.8333691021164125,328.40701413049686,29.24123677607214,-6.323800330891836,0.06668413278513843,-0.9164420758143117
54710592,17.214000,0.000000,0.000000,1023.85,1024.23,1025.39,1026.15,-0.0,-0.01,1.0,1.0,1.0,1.0,1400.37,0.0023851470870227876,-0.0317778798326941,-8.465972043526662e-06,0.00013798593100682347,-0.00021486992336471208,-5.777516876856738e-05,326.07774904099284,449.1565874250521,6.502420596491788,325.802956185507,219.2838747086327,6.7917828645254135,328.4682064163903,29.203494786424223,-6.473521394175338,0.06849209361980153,-0.9403158249884417
54710692,17.314000,0.000000,0.000000,1023.78,1024.21,1025.38,1026.14,-0.01,-0.01,1.0,1.0,1.0,1.0,1400.48,0.0023823266874482022,-0.031764499714508676,-3.2147533753422885e-05,9.685009803742247e-05,-1.6107491198503736e-05,-0.001287308419903615,326.08155949390175,449.1504927702468,6.4935481817077525,325.85007018098094,219.2930949114571,6.79544628231176,328.3614313679348,29.185336428358376,-6.321942964476161,0.057702541976815756,-0.8722496693460673
54710792,17.414000,0.000000,0.000000,1023.88,1024.26,1025.38,1026.08,-0.01,-0.0,1.0,1.0,1.0,1.0,1400.3,0.002377710615257749,-0.031751948114849673,-5.8680751429646155e-05,0.00016688841345760048,-0.00021139038285594505,0.0007495199997549691,326.08356545895913,449.15902445046623,6.493446213844235,325.8161490852915,219.29608241180134,6.800887643515282,328.41571798490776,29.230325834923654,-6.350956214772155,0.06665634110303639,-0.9169101210712498
54710892,17.514000,0.000000,0.000000,1023.79,1024.3,1025.35,1026.17,-0.01,-0.0,1.0,1.0,1.0,1.0,1400.37,0.0023726015210178797,-0.03174087593469126,-4.861866395507564e-05,8.061715280447473e-05,1.7349942297693032e-05,-0.0006573746344645148,326.0804032832821,449.1502458541596,6.498842809959499,325.80585151382274,219.29447477293974,6.815472362794602,328.3921085944378,29.258552853837383,-6.319121078928861,0.06843704681774743,-0.916581775094926
54710992,17.615000,0.000000,0.000000,1023.82,1024.22,1025.4,1026.23,-0.01,-0.0,1.0,1.0,1.0,1.0,1400.41,0.002368193336199653,-0.03173725175503446,-3.903080354856563e-05,1.6085804170420717e-05,0.00015218314374726695,-0.0004272267226452164,326.0815741000475,449.141080939142,6.502043968948547,325.7774924538808,219.29147699395926,6.811227481357031,328.40850457336285,29.243073878413945,-6.359655378906581,0.07579993391000744,-0.9447465535774834
54711092,17.715000,0.000000,0.000000,1023.85,1024.25,1025.46,1026.07,-0.01,-0.0,1.0,1.0,1.0,1.0,1400.32,0.0023667891956332585,-0.03174140122644323,4.7863520990467634e-06,-0.00010565499873113862,0.0005754739284877148,-0.0021723829070228644,326.0828312980175,449.1875891076026,6.5071795377197175,325.37829140879853,219.27494501197202,7.097522712196842,328.3306761827955,29.13483410661024,-6.553115965428981,0.17557553633189354,-1.2407350400417956
54711192,17.814000,0.000000,0.000000,1023.86,1024.23,1025.48,1026.14,-0.01,-0.0,1.0,1.0,1.0,1.0,1400.19,0.0023819459033263242,-0.031794474242741316,0.00032064156626468253,-0.0009805399484281298,0.005452124385098946,-0.013164885542159738,326.078685448285,449.15066135872513,6.503890668621684,325.22173726546447,219.21976884177792,7.383043519124954,326.5305573335727,29.194528067659892,-5.977760996192376,0.21353932159483963,-0.8217034833070931
54711292,17.914000,0.000000,0.000000,1023.81,1024.33,1025.29,1026.12,-0.01,-0.0,1.0,1.0,1.0,1.0,1400.3,0.0024469564387197894,-0.0318887467703947,0.0009319379600187199,-0.0008600399724794785,0.009381783796616056,0.00024383538870033675,326.0800243039728,449.17983991658417,6.512053072810465,324.2034970558111,219.3629068989439,7.334838358027787,325.2862558548404,28.964359428278872,-5.960014000495657,0.4678275907382732,-1.261481410162033
54711393,18.014000,0.000000,0.000000,1023.71,1024.38,1025.36,1026.07,-0.01,-0.0,1.0,1.0,1.0,1.0,1400.4,0.0026323816042630524,-0.03205627059772369,0.002435646025307197,-0.002103269234235973,0.01858820908286321,-0.011018943740280864,326.07618593885525,449.12900648340667,6.510723353773062,323.7895644674471,219.33875595351,7.499855385215048,323.33211658622145,29.28510027240744,-5.172740210269608,0.5701261705347923,-1.0023450630784512
54711492,18.118000,0.000000,0.000000,1023.9,1024.33,1025.49,1026.24,-0.01,-0.0,1.0,1.0,1.0,1.0,1400.41,0.0029947851324373617,-0.03226001690972541,0.004581819387930066,-0.002139031595735349,0.03525604128794426,-0.008832648623054289,326.07381441977105,449.2322131142582,6.490839543140183,324.1203622451132,219.45468575720653,7.506357257390776,323.29142854200757,28.641921252596184,-4.982105675171282,0.4870879673431973,-0.7252717063207341
54711592,18.214000,0.000000,0.000000,1023.89,1024.34,1025.56,1026.01,-0.01,-0.0,1.0,1.0,1.0,1.0,1400.34,0.003389405551775194,-0.03241352367304508,0.005709126744829525,-0.0019072317816213298,0.025121038133028645,0.005553278881340136,326.077229155646,449.19774675525423,6.5008723376499855,324.3816209592725,219.3883394080663,7.110580782428201,326.43356140857577,28.876353461589968,-6.553660470315956,0.42273913665977675,-1.462567959637949
54711693,18.314000,0.000000,0.000000,1023.83,1024.34,1025.45,1026.24,-0.02,-0.0,1.0,1.0,1.0,1.0,1400.32,0.00418110152361521,-0.03267413748198665,0.006709239732867344,-0.003001042120813075,-0.0029390379396662205,-0.023035070524406624,326.08146148976124,449.2750852007424,6.4882220662078645,323.81402775772847,219.55381816953988,7.8822518801494255,324.0673476952277,28.43594284066908,-6.269418711191323,0.5655121363471426,-1.206967743499891
54711792,18.414000,0.000000,0.000000,1023.63,1024.41,1025.32,1026.28,-0.02,-0.0,1.0,1.0,1.0,1.0,1400.39,0.004899800895856617,-0.033101695206062716,0.007793650326846041,-0.004732551370295572,0.023071566423673393,-0.008656167220359518,326.0793420631719,449.242668277565,6.483974172611305,321.496338608266,219.5276281966203,8.877845644530556,316.8463094197844,28.72741523017768,-4.2657074258329,1.1429461653565733,-0.8898020790843437
54711892,18.514000,0.000000,0.000000,1023.81,1024.33,1025.24,1026.25,-0.02,-0.0,1.0,1.0,1.0,1.0,1400.4,0.005829777794675704,-0.03352384453497615,0.010646118778317538,-0.003829925719682541,0.041745985056417745,0.011364496231711442,326.0682305551906,449.24932240048065,6.511464932912328,320.0578484308858,219.56790397596487,9.652930730949507,311.3258263309369,28.997865281804046,-2.407760905513138,1.4989935084351278,-0.3744984511835736
54711992,18.614000,0.000000,0.000000,1023.85,1024.27,1025.49,1026.08,-0.02,-0.0,1.0,1.0,1.0,1.0,1400.36,0.007184421648000697,-0.03377226626012795,0.015447459872679453,-0.0013461610670138728,0.054492219562259706,0.03312893310929929,326.0780497864944,449.25648619958747,6.49721030898221,320.0273841635358,219.5721352495789,9.407378708190835,312.3115728439323,28.93039999273369,-2.9638395851565615,1.5090163532997358,-0.700375056563598
54712093,18.715000,0.000000,0.000000,1023.91,1024.31,1025.53,1026.21,-0.02,-0.01,1.0,1.0,1.0,1.0,1400.41,0.00898344135918382,-0.03376652375519765,0.019412174378296357,0.0005959323517636404,0.03728095410131,0.010075569173677596,326.0678946944729,449.2362078969447,6.510110452423358,320.8725921568975,219.49857045141002,8.790941805603714,315.82196064764423,28.935154479331395,-3.957970295457833,1.2954698469670063,-1.0727461906742524
54712193,18.815000,0.000000,0.000000,1024.06,1024.31,1025.42,1026.25,-0.02,-0.01,1.0,1.0,1.0,1.0,1400.42,0.011079380528813309,-0.033718425753255774,0.02172191682568404,0.00028569162714042843,0.01671662523158557,-0.00576247219132652,326.0679828859371,449.28693444144477,6.50791449211671,321.4155202326773,219.54843592098933,8.646119971165259,316.96450814268843,28.674218926355024,-3.9291159757335667,1.160145316119168,-0.9844475794447121
54712292,18.914000,0.000000,0.000000,1024.14,1024.21,1025.46,1026.13,-0.02,-0.01,1.0,1.0,1.0,1.0,1400.46,0.013296522023390727,-0.033705906032230774,0.02254231406315617,0.00012486661090908312,0.015136777253484064,0.001997931880671594,326.0758482858865,449.38766482675936,6.472052195517022,322.1248324524467,219.62037759353322,8.440721228850153,318.9872704016774,28.042093182295066,-4.767046396309228,0.9851455621540195,-1.0320167576652137
54712392,19.014000,0.000000,0.000000,1024.08,1024.18,1025.46,1026.25,-0.02,-0.01,1.0,1.0,1.0,1.0,1400.4,0.0155049328584394,-0.03366690374054289,0.022011470258302027,0.0002654275922165108,0.007161713385005697,-0.008402400875381456,326.0836971048573,449.41054705737423,6.491523445740734,323.3232173667596,219.72526764409952,7.659056961730917,322.8157846270513,27.727635550422367,-5.78336404607735,0.6885779713789768,-1.2257286237744698
54712492,19.114000,0.000000,0.000000,1023.9,1024.22,1025.45,1026.25,-0.02,-0.01,1.0,1.0,1.0,1.0,1400.28,0.017573018999111036,-0.03374255351028486,0.01995274643891077,-0.0013030113856314252,-0.019223777758094602,-0.013343205901825712,326.07691451965553,449.3919512957661,6.464188702853087,323.6806787471679,219.75592833106944,7.643098601760989,323.85262662504215,27.84492916374056,-6.166991726403276,0.5978557362897625,-1.2470471704024113
54712593,19.214000,0.000000,0.000000,1023.88,1024.26,1025.44,1026.25,-0.02,-0.01,1.0,1.0,1.0,1.0,1400.31,0.01938254904503651,-0.033949409386058726,0.017079326854463426,-0.002464112807959377,-0.025109651860595796,-0.009083065778986498,326.0851393976431,449.3954299261202,6.47675210676684,323.16568091734547,219.70788978983376,7.800957636880921,321.7247894636151,27.711972943676436,-5.5771457414729415,0.7282225324635313,-1.0264596229609042
54712692,19.315000,0.000000,0.000000,1023.87,1024.23,1025.36,1026.29,-0.02,-0.01,1.0,1.0,1.0,1.0,1400.39,0.02094019475517486,-0.03420581437742069,0.014925769049245259,-0.002607855253773393,-0.013614555305582752,-0.002739595447936723,326.0748679381674,449.3999417706803,6.4667315514564745,321.9631888301811,219.6856005725124,8.414017884283503,319.9061894022718,27.774537752956256,-5.277277324066853,1.0254331741709504,-1.4367648428884938
54712792,19.413000,0.000000,0.000000,1023.9,1024.23,1025.44,1026.23,-0.02,-0.01,1.0,1.0,1.0,1.0,1400.3,0.02237267837776691,-0.03454919238733041,0.014069974231389346,-0.004002065496783371,-0.0077672875145169094,-0.013749762241002458,326.07365691380363,449.3756824631302,6.4878148655217736,321.69500188167854,219.70759552736345,8.434344383321417,318.2163590468896,27.76819618840093,-4.846725037011702,1.0922199372610852,-1.1461447905180562
54712893,19.514000,0.000000,0.000000,1023.97,1024.21,1025.52,1026.27,-0.03,-0.02,1.0,1.0,1.0,1.0,1400.5,0.023779955105107997,-0.034987519420429464,0.014042201900971236,-0.004494941660658928,0.0014747602532482597,-0.0037976276731653364,326.07961958837006,449.397746468072,6.45574189275619,321.7548045329082,219.69940079345957,8.456967856125493,319.2007110517202,27.915588329436197,-5.046226775082556,1.0786511073575538,-1.3943070246339948
54712992,19.615000,0.000000,0.000000,1023.86,1024.27,1025.43,1026.19,-0.03,-0.02,1.0,1.0,1.0,1.0,1400.34,0.02516968604330926,-0.03549711561270003,0.013794530475345337,-0.00551349305751124,0.0005666696660094299,-0.012310683194894003,326.0903163807616,449.43286256532565,6.4806135530346625,321.7616098533971,219.83640526385784,8.214784752313655,319.40565078836556,27.54632841000807,-5.318818120947509,1.0801004406297485,-1.458241843719623
54713092,19.715000,0.000000,0.000000,1023.78,1024.38,1025.41,1026.23,-0.03,-0.02,1.0,1.0,1.0,1.0,1400.35,0.026505694777695942,-0.03609772178621557,0.013169168441485461,-0.006384331059039648,-0.002565795781721192,-0.01114122036882408,326.08177612214337,449.39385833932994,6.474761611180818,321.0755029278375,219.7431021104216,8.74889521871982,316.83256679616807,27.708306010892617,-4.909449101545263,1.2488219321590803,-1.2319212400870054
54713192,19.815000,0.000000,0.000000,1023.8,1024.34,1025.43,1026.24,-0.03,-0.02,1.0,1.0,1.0,1.0,1400.3,0.027811368467223724,-0.036748758218629905,0.01315926993744951,-0.006516862874290572,0.004721713975158444,0.00010750707041449108,326.0669933857485,449.3393723073426,6.479807861282853,319.6862467992448,219.70347957469014,9.384935740560378,313.7461491834058,28.172733075600394,-3.791233044801494,1.5916318669060543,-1.4068728814713816
54713292,19.915000,0.000000,0.000000,1023.81,1024.3,1025.55,1026.3,-0.03,-0.02,1.0,1.0,1.0,1.0,1400.41,0.029205730347823422,-0.037426936545923405,0.014466470285430225,-0.006983925078811093,0.01862763754783963,-0.008099741424370647,326.08046745814625,449.37617873887626,6.490455776874247,319.0767570706052,219.68812088999036,9.507884409973709,312.1414922242366,28.24636823497862,-3.626694669021021,1.746537243188402,-1.4183561464577052
54713392,20.013000,0.000000,0.000000,1023.75,1024.34,1025.37,1026.24,-0.03,-0.02,1.0,1.0,1.0,1.0,1400.34,0.03079095336306624,-0.03818576500153554,0.016646278801089123,-0.007831097478605737,0.02187101000065283,-0.005443305082461944,326.07188362411006,449.37430919329813,6.470116085878811,318.39109543953043,219.7355692381743,9.829413774245179,310.12430931235264,28.41277609808551,-3.1650470265944035,1.9156730652728693,-1.3572158361103428
54713493,20.115000,0.000000,0.000000,1023.67,1024.36,1025.36,1026.3,-0.03,-0.02,1.0,1.0,1.0,1.0,1400.21,0.032119220594728916,-0.03878346750379179,0.017960073100468883,-0.00779277653725356,0.01492248335714151,0.007333340419699075,326.0827827288651,449.4173096027229,6.463445527312576,317.4904187372706,219.92004638796558,10.583714850371123,305.4600776807882,28.49174527766522,-1.602864479562279,2.1441491249372597,-0.6922653823700888
54713592,20.215000,0.000000,0.000000,1023.7,1024.4,1025.35,1026.29,-0.03,-0.02,1.0,1.0,1.0,1.0,1400.29,0.03466507860833039,-0.03954858597534534,0.022173141978497703,-0.00451236223650113,0.046523497087628575,0.03324403086779563,326.0755158264336,449.3930308602938,6.452182866167605,316.45902672364804,219.92362190912684,11.162488264581855,302.17027569091,28.64981901146983,-0.8667145197869117,2.399718672993433,-0.5271988642272509
54713692,20.313000,0.000000,0.000000,1023.71,1024.43,1025.39,1026.24,-0.03,-0.01,1.0,1.0,1.0,1.0,1400.27,0.037063116984555895,-0.03976142290264093,0.025304856215955213,-0.0007131060453485912,0.038457993055001985,0.03799159428733278,326.0729891049034,449.4218066703428,6.482576596575473,315.4992917920583,219.97776773760694,11.568149336903195,298.3278333184224,28.992926488688195,-0.1425942365198016,2.6385514551227924,-0.1394501889030808
54713793,20.413000,0.000000,0.000000,1023.67,1024.45,1025.33,1026.3,-0.03,-0.01,1.0,1.0,1.0,1.0,1400.36,0.03908168489410752,-0.039652068506455466,0.02555658360991843,0.0024239636186102168,-0.029536059165444713,0.037833339397463944,326.0701884167753,449.3927942568142,6.474082287590896,314.4926770587269,220.08018411737388,12.422765550561198,294.24182792646127,29.570249583953434,1.1070248084233945,2.890289251695389,0.28707059560926673
54713893,20.514000,0.000000,0.000000,1023.81,1024.42,1025.39,1026.23,-0.03,-0.01,1.0,1.0,1.0,1.0,1400.33,0.042908067405155396,-0.038760662548080325,0.03560090169541589,0.011301987739568246,0.16950602239981946,0.11039446416766853,326.0679528335814,449.4027768559608,6.482045981227363,313.5292608711704,220.08064381188598,13.08601574761119,290.5896808445777,30.11660984896546,2.1588261949252288,3.1296564325976712,0.626241611954244
54713993,20.615000,0.000000,0.000000,1023.75,1024.31,1025.35,1026.3,-0.03,-0.01,1.0,1.0,1.0,1.0,1400.38,0.046433032079464566,-0.037305654538244186,0.03615433900135282,0.016684064346248334,0.03875248881078285,0.058932012617503964,326.08281065510903,449.4375457659835,6.480426217820183,312.845431106934,220.15262115498425,13.326608533961535,289.04106918673517,30.150656224153565,2.4286299806135294,3.304207612269878,0.5326684667644859
54714093,20.715000,0.000000,0.000000,1023.75,1024.46,1025.41,1026.28,-0.03,-0.01,1.0,1.0,1.0,1.0,1400.24,0.048346480028560346,-0.03635234250150357,0.03223755165419034,0.016413025946868578,-0.14794557636991243,-0.04834684304681515,326.07927766535477,449.4477369150093,6.484892600772092,312.69703877181695,220.18074562400585,13.310173288795,288.3328311393621,30.01906470303422,2.3784880054341286,3.340545483919077,0.6200753503500973
54714193,20.815000,0.000000,0.000000,1023.8,1024.33,1025.58,1026.3,-0.03,-0.01,1.0,1.0,1.0,1.0,1400.4,0.05350503867967772,-0.03346512631868822,0.04270485246112489,0.02536170249942483,0.2780950157095567,0.19271735704139642,326.07673881151754,449.4323572586534,6.475759088103456,312.46864646390594,220.24040336414836,13.961444852126622,287.3956496951394,30.26298312209252,2.8055456481586685,3.397902805655698,0.7225722702676212
54714293,20.915000,0.000000,0.000000,1023.81,1024.44,1025.32,1026.3,-0.03,-0.01,1.0,1.0,1.0,1.0,1400.31,0.05678832092478834,-0.031376624935929076,0.050739251009234355,0.033191807737685944,0.4366150639209054,0.31706671933176006,326.0716318450509,449.52429205473214,6.506373716644621,311.22876560702673,220.4909889919879,14.239735316235668,284.10612225398114,30.305990374740745,2.8823834720483887,3.7079585996342077,0.7004141369993633
54714392,21.015000,0.000000,0.000000,1023.64,1024.33,1025.31,1026.32,-0.03,-0.01,1.0,1.0,1.0,1.0,1400.32,0.0625541336825715,-0.027451091654129546,0.047571142527364545,0.0328949559373069,-0.12279750337019636,-0.07593555218326203,326.07678111936343,449.48575461387367,6.494199531572671,309.4343946180387,220.67889894553713,14.981570013522926,278.5135333151841,30.975017497450523,4.381151895666448,4.160112559036859,0.9373134152069458
54714492,21.113000,0.000000,0.000000,1023.68,1024.36,1025.47,1026.24,-0.03,-0.01,1.0,1.0,1.0,1.0,1400.44,0.06755051061560544,-0.02395028650601591,0.05126891798809721,0.036315302811201815,0.03563651286250882,0.03935918232011919,326.0768313592945,449.494725208638,6.485480414875411,308.95338883968407,220.71041486495054,15.326263189318476,276.00332173550345,31.534333437690737,5.122227596825454,4.280342181771642,1.3197852892343604
54714592,21.216000,0.000000,0.000000,1023.72,1024.32,1025.45,1026.31,-0.03,-0.01,1.0,1.0,1.0,1.0,1400.41,0.0728939827741204,-0.020058704792631218,0.05492481038263179,0.04056632895403369,0.05611490762303875,0.05456680543223772,326.0728111850699,449.5027526207161,6.500657811763963,308.70174700200874,220.72231052802744,15.686838774615795,275.47501244294244,31.705522387678503,0.08764846726605788,4.342078199225279,1.2858470167684093
54714692,21.315000,0.000000,0.000000,1023.67,1024.43,1025.32,1026.26,-0.02,-0.0,1.0,1.0,1.0,1.0,1400.36,0.07849098235021583,-0.015876319666200785,0.05678604760580118,0.04275069849854456,-0.07723456085392427,-0.048710953186481616,326.08545694475043,449.5282966432425,6.4945427776302385,307.6144279740105,220.8547493718166,16.21982212839593,271.784640994639,32.19718667984787,5.76481696336637,4.618021261912806,1.517483737916054
54714793,21.415000,0.000000,0.000000,1023.77,1024.47,1025.44,1026.1,-0.02,-0.0,1.0,1.0,1.0,1.0,1400.39,0.08429040743029449,-0.011454199572497574,0.05945363233759428,0.04574231109811421,0.051923706662721676,0.05221965014833661,326.0831693442248,449.46570398365515,6.483740553415907,306.55085043217633,220.9165481187356,16.979605335810376,267.52808661531634,33.279067527320954,7.189871770416454,4.8847553452437875,1.9787658561849462
54714893,21.515000,0.000000,0.000000,1023.8,1024.44,1025.4,1026.15,-0.02,-0.0,1.0,1.0,1.0,1.0,1400.38,0.0903446694738073,-0.006689895734869283,0.061275538204083255,0.04883809411784129,0.04405240626209511,0.04927084122912277,326.0738311944093,449.5500319379061,6.508659756846566,306.3014160932384,221.04710877939692,17.112165691289878,267.34049552247836,33.019937599506356,6.957709062117477,4.945499566110901,1.8155356370630287
54714992,21.622000,0.000000,0.000000,1023.72,1024.34,1025.4,1026.14,-0.02,-0.0,1.0,1.0,1.0,1.0,1400.47,0.09659544192121947,-0.0016507149484557846,0.06380950451176914,0.051765519640181445,0.015290149329915667,0.022252664853319646,326.06748844347527,449.53913434135825,6.502244323501704,305.9406683722176,221.148428052307,17.38084873790672,265.38426790941986,33.38834659681682,7.435200639179158,5.036152828604629,2.1163925223444195
54715093,21.713000,0.000000,0.000000,1023.75,1024.38,1025.4,1026.16,-0.02,-0.0,1.0,1.0,1.0,1.0,1400.39,0.10295314486954799,0.0036014813503536217,0.06401373548880865,0.05358787347258475,0.017243555079021183,0.03497676041591152,326.0789858808243,449.54467370006165,6.510654425821296,305.2778565651115,221.18721105922273,17.620176146495517,262.82004588348985,33.857873647134895,8.149990536028906,5.204721060793915,2.3607805687998855
54715192,21.815000,0.000000,0.000000,1023.7,1024.33,1025.41,1026.17,-0.02,-0.0,1.0,1.0,1.0,1.0,1400.28,0.10938395276780741,0.009096261544078513,0.06505278971433939,0.05601407132514128,0.051660993018289615,0.05112458832917471,326.0730087469756,449.5508025838031,6.486164354076077,304.80587801901186,221.30011731140175,17.84597990037102,261.82362228492667,34.01501263479869,8.147797312882757,5.323133687957833,2.2793798327615242
54715292,21.914000,0.000000,0.000000,1023.76,1024.32,1025.32,1026.28,-0.02,-0.0,1.0,1.0,1.0,1.0,1400.38,0.11585693429574281,0.014707538695552533,0.06540791374160218,0.05704201630291046,0.05111261581131532,0.05519907868701821,326.06781039418183,449.5441236509044,6.500271806275335,304.487136242255,221.36309142743758,18.063706756740682,260.47048910211765,34.316918848815206,8.554228038075275,5.40279137376105,2.4366156713854803
54715392,22.015000,0.000000,0.000000,1023.93,1024.38,1025.38,1026.14,-0.02,-0.0,1.0,1.0,1.0,1.0,1400.39,0.12231061339158364,0.020404476534783573,0.06483329820040407,0.05766115463950494,0.04620239698853094,0.05321926838046934,326.0794876836476,449.549300610621,6.477026203499385,304.34863910055867,221.39586317578042,18.06425035153075,259.7377748673848,34.372709699057694,8.667876012308597,5.440817274145556,2.5345016272516414
54715492,22.114000,0.000000,0.000000,1023.84,1024.28,1025.36,1026.19,-0.02,-0.0,1.0,1.0,1.0,1.0,1400.36,0.12868302713687957,0.026144050196707277,0.06274968598076966,0.05689021326352325,0.23973651192119216,0.2253150192843435,326.0717578729688,449.54353880774704,6.4860105717452505,304.0246762130391,221.43383296834648,18.450060181403497,258.2494668125876,34.81841554020824,8.953328498516214,5.520559651918715,2.7409460576301488
54715592,22.217000,0.000000,0.000000,1023.84,1024.26,1025.36,1026.1,-0.02,-0.0,1.0,1.0,1.0,1.0,1400.41,0.13492996533498072,0.031878233093197,0.07019619182930296,0.06514855534175426,0.2866191420097317,0.2890547776072887,326.0746878675893,449.5605283749615,6.482328877974784,303.57215751534693,221.52073865018065,18.75446247157736,256.38761633569607,35.29686142049531,9.622355251335735,5.635593265131317,2.9469294362018505
54715692,22.316000,0.000000,0.000000,1023.73,1024.3,1025.38,1026.11,-0.02,-0.01,1.0,1.0,1.0,1.0,1400.26,0.13952086690698284,0.036213386206103496,0.06413387516391558,0.06106304059300139,0.3381880271906205,0.3399771491780611,326.0659425729777,449.5798283402523,6.499998537507962,303.31269567985146,221.6257227287713,18.977678210681606,255.63678157268296,35.28000299954995,9.524443283715888,5.70010012539307,2.9508860374572556
54715792,22.416000,0.000000,0.000000,1023.8,1024.36,1025.37,1026.23,-0.02,-0.01,1.0,1.0,1.0,1.0,1400.39,0.14696606406303933,0.043438880036730236,0.058791761194727954,0.05776129243254825,-0.27254317578367954,-0.25226288503864464,326.0714922965669,449.5961023457137,6.518625012159929,303.14306340022057,221.65496219547654,19.08681243724698,254.95467173321683,35.325493846213064,9.697721926223865,5.744018589515607,3.0120535146328944
54715892,22.515000,0.000000,0.000000,1023.77,1024.42,1025.4,1026.12,-0.02,-0.01,1.0,1.0,1.0,1.0,1400.33,0.15128759578840612,0.047734158213144307,0.060341783280407346,0.06029083919123568,0.40282899928846294,0.41291520014146516,326.0770779171256,449.53889319056213,6.495114657268436,301.57888359058,221.82779196815935,19.492815338365624,251.45264942842465,36.309078665731725,10.237658715941578,6.1405218076913775,2.838946086904066
54715992,22.614000,0.000000,0.000000,1023.74,1024.41,1025.42,1026.12,-0.02,-0.01,1.0,1.0,1.0,1.0,1400.42,0.15828708181567117,0.05470057147215846,0.05444482225006532,0.053450249906489465,-0.39194532801024673,-0.40840983738090636,326.0764157457687,449.5715094680788,6.482123041724938,300.5763422750579,221.9764439966762,19.93403955736016,248.68432595002213,36.88839339924434,10.834593849389245,6.392838883329873,2.8759034738121283
54716093,22.715000,0.000000,0.000000,1023.73,1024.4,1025.45,1026.18,-0.02,-0.01,1.0,1.0,1.0,1.0,1400.41,0.1624577961379893,0.058704282450027734,0.06153057305077807,0.05834314564423251,0.5578293386354082,0.5029602215452222,326.07564642879385,449.58378458058,6.4928719584663925,299.82575682360203,222.13100281000757,20.15626971319175,246.95815679527797,37.20982237025768,11.090214622735248,6.583271602616991,2.788298685403449
54716193,22.817000,0.000000,0.000000,1023.77,1024.34,1025.33,1026.16,-0.02,-0.01,1.0,1.0,1.0,1.0,1400.35,0.16802570567482053,0.06379250793908611,0.06504294648556466,0.057890396934873155,0.5857726706397421,0.47924772460007464,326.0756965908011,449.59199576810346,6.509255307745124,298.76247063355606,222.35094232572357,20.715681502205612,244.59035347720308,37.77617117323321,11.398973713383134,6.853784135569913,2.6492303676706843
54716294,22.916000,0.000000,0.000000,1023.8,1024.34,1025.36,1026.15,-0.02,-0.01,1.0,1.0,1.0,1.0,1400.39,0.17504560126904523,0.06960813300833085,0.05505530998847169,0.043308752713355506,-0.20503381699228315,-0.2105602104147671,326.0728487481512,449.6113689501453,6.506547768558601,297.7920563525507,222.49583912944922,21.120893069195457,241.93247429778904,38.34646813433755,11.83577057827646,7.098026962001312,2.6785133037180078
54716394,23.017000,0.000000,0.000000,1023.73,1024.41,1025.36,1026.09,-0.02,-0.01,1.0,1.0,1.0,1.0,1400.41,0.1807366389829281,0.07378009997216131,0.05637819578953512,0.03965403922198351,-0.06807934380352419,-0.09079146080393981,326.06704075046855,449.58710101874266,6.514774265382643,297.4250980841114,222.59895825576686,21.33682760918684,240.3897411022527,38.80287889514213,12.363343855518561,7.191719346240637,2.8566542357096765
54716493,23.117000,0.000000,0.000000,1023.72,1024.52,1025.45,1026.21,-0.02,-0.01,1.0,1.0,1.0,1.0,1400.42,0.18650093518806624,0.07761674509764346,0.05761200085384291,0.037209316776591644,-0.004380028147027754,-0.030525192039719862,326.073895386541,449.58555786307386,6.515295986654212,295.9483156084849,222.8998858609586,22.338392165403988,235.22813675938002,40.737450805014106,13.176832503193962,7.57001253034697,3.294744619950148
54716593,23.215000,0.000000,0.000000,1023.75,1024.49,1025.39,1026.07,-0.02,-0.01,1.0,1.0,1.0,1.0,1400.38,0.19236415163458562,0.08127676186247647,0.05874349064817998,0.03605202915873591,-0.00249530865986755,-0.01621173696124325,326.06658613726006,449.5649832913493,6.5069685575640674,294.7105683977485,223.16372496006014,23.07273031473071,231.1712133419193,42.242428232486105,14.373694747480203,7.885163342229622,3.5808906035128896
54716694,23.322000,0.000000,0.000000,1023.64,1024.43,1025.31,1026.13,-0.02,-0.01,1.0,1.0,1.0,1.0,1400.41,0.19687848533589378,0.08400303762811694,0.05952574129314543,0.035699642350130616,0.1219458054885654,0.06421872362231383,326.08314525292417,449.59942119459697,6.4897174941427584,293.3024203888545,223.4829526864257,23.612038681741705,227.8835737648099,43.21850462384145,14.838926218833922,8.248857717158964,3.448365819718706
54716793,23.416000,0.000000,0.000000,1023.79,1024.4,1025.39,1026.24,-0.02,-0.01,1.0,1.0,1.0,1.0,1400.25,0.20467373337459777,0.08850242463900682,0.06494437686648574,0.03626605828717169,-0.12711567714662836,-0.09736618168168593,325.78660010851695,449.3895773357629,6.3472156086200675,292.1416818743843,223.53653373771627,24.25013046996278,224.76289654695063,44.07828222036519,15.341580754287188,8.472939193813513,3.6330993849559547
54716894,23.516000,0.000000,0.000000,1023.75,1024.3,1025.43,1026.03,-0.02,-0.01,1.0,1.0,1.0,1.0,1400.43,0.2112008168715472,0.09203051385143797,0.06645786374536043,0.03543806536226193,-0.027567440127869665,-0.024359687880979735,325.8212551058243,450.2210391687051,6.691436385146169,291.2776227022447,222.78378001626334,24.615584346275398,221.167520772826,42.578574578471,16.22533171706834,8.636195866032844,3.9864814881851203
54716993,23.617000,0.000000,0.000000,1023.75,1024.49,1025.5,1026.11,-0.02,-0.01,1.0,1.0,1.0,1.0,1400.39,0.2179382871669614,0.09560173632925613,0.0672836633750231,0.035586730771784314,-0.019345845080840977,-0.01275402186457261,325.9056385099672,450.93595230584646,6.832532189173441,290.75830663165686,222.88450722781397,24.9082509678093,219.97352820244902,42.813736561030346,16.276427365304134,8.758692526571537,3.9421175091213314
54717094,23.717000,0.000000,0.000000,1023.72,1024.42,1025.39,1026.25,-0.02,-0.01,1.0,1.0,1.0,1.0,1400.4,0.22482362154282667,0.09920595299275102,0.06797866829617472,0.03535744355084295,-0.17449242031356213,-0.09688876838350259,325.8388147336784,450.20710169332256,6.706376042191227,289.1339849068039,223.32929464423884,25.96045220006757,219.97352820244902,42.813736561030346,16.276427365304134,8.758692526571537,3.9421175091213314
54717194,23.816000,0.000000,0.000000,1023.79,1024.39,1025.37,1026.13,-0.02,-0.01,1.0,1.0,1.0,1.0,1400.41,0.23177979142022706,0.10280251117432634,0.07001934572367678,0.03628567784028392,0.012521006669914504,0.013508710051288154,325.7183243946989,449.7783298446806,6.3594520466033595,287.97373856135476,223.73462595262473,26.387573648960537,211.48230237203853,46.76514492973232,17.926795155836306,9.479741482373148,4.415943530391175
54717293,23.916000,0.000000,0.000000,1023.8,1024.47,1025.45,1026.16,-0.02,-0.01,1.0,1.0,1.0,1.0,1400.39,0.2389289359092788,0.10653084586858391,0.07228536169179853,0.0376933803538148,0.07344826990086434,0.03775090979284299,325.68544825787563,449.5478024538666,6.38962379176528,287.5714690322964,223.89425780681856,26.519526881670036,210.49364804171591,47.374875157229724,17.988188662643857,9.587049571146132,4.414561021883642
54717394,24.016000,0.000000,0.000000,1023.73,1024.37,1025.37,1026.17,-0.02,-0.0,1.0,1.0,1.0,1.0,1400.27,0.24626766290263732,0.11034429057479703,0.07443575225459385,0.03859100727047814,0.041804437648374486,0.01987716495117264,325.70671431180136,449.10464852960183,6.450022084714915,286.7366746386433,224.2470465891453,27.194885091493177,208.23957810471518,48.5652844298003,18.399912032160827,9.832258304780513,4.411250796765177
54717494,24.116000,0.000000,0.000000,1023.74,1024.39,1025.42,1026.21,-0.02,-0.0,1.0,1.0,1.0,1.0,1400.25,0.25374712780009057,0.11420563552457583,0.07538950211247505,0.03883586163728119,-0.1890334331436428,-0.09692268423943604,325.90838876125906,449.62137477281016,6.500691660352527,285.3425911222038,225.47515500206313,28.18187126560837,202.37470311195958,52.525484743887816,19.990879795566606,10.25830627369548,5.111480317402801
54717595,24.219000,0.000000,0.000000,1023.7,1024.37,1025.5,1026.19,-0.02,0.0,1.0,1.0,1.0,1.0,1400.31,0.25946510115605737,0.11719906367893668,0.07693171788510786,0.040640115975436236,0.028105817858531612,0.029300819167415205,326.07424978628916,449.71206056788606,6.498131128487358,284.9426753484737,225.80085197979258,28.689365023226102,200.98133769546794,53.160057483054395,20.07430951843323,10.408955400664016,5.11738642050096
54717695,24.320000,0.000000,0.000000,1023.78,1024.37,1025.43,1026.23,-0.02,0.0,1.0,1.0,1.0,1.0,1400.35,0.2672343101209658,0.12139590073736324,0.07763943189920772,0.04250754926171999,0.03881732572519099,0.03551682985505272,326.0729041449911,449.7405951018607,6.47827058064477,284.48014127998607,225.93962189355992,28.777701367809698,200.22113380384155,53.26763606000092,20.13012251341467,10.528140381524594,4.954776158414965
54717795,24.418000,0.000000,0.000000,1023.73,1024.38,1025.39,1026.2,-0.02,0.0,1.0,1.0,1.0,1.0,1400.33,0.27512218474819744,0.12573740047920703,0.0792847953991939,0.043503245678798645,0.18352009204382633,0.09445968487102481,326.0764930465354,449.74075342751127,6.498363168469971,283.4670435032837,226.21571076027453,29.175902176015754,197.83174860066634,54.226121408318434,20.658319170614465,10.792121424516896,4.884918632589095
54717894,24.519000,0.000000,0.000000,1023.76,1024.25,1025.47,1026.26,-0.02,-0.0,1.0,1.0,1.0,1.0,1400.32,0.28310922168749586,0.13005200079219814,0.08408058013120075,0.04486808692878661,0.49338645814617776,0.24896296061727688,326.0782751888073,449.75863683507856,6.512125759304547,282.55526608099666,226.5221327114925,29.74710544699867,194.8238356660186,55.48731552004603,21.248432820834616,11.032203929355548,5.090914625115996
54717994,24.622000,0.000000,0.000000,1023.79,1024.41,1025.41,1026.35,-0.02,0.0,1.0,1.0,1.0,1.0,1400.29,0.2932327077863047,0.13533850777232698,0.0820316177089228,0.0422458856149837,-0.31201223363603725,-0.17556837308340825,326.0866445982422,449.77498734192756,6.523866358710968,281.3589781043308,226.87067089071766,30.379460699330778,192.25914697155784,56.49517410460225,21.542953509696655,11.346211138312015,4.915414294228345
54718095,24.716000,0.000000,0.000000,1023.71,1024.37,1025.46,1026.13,-0.02,0.0,1.0,1.0,1.0,1.0,1400.42,0.3014489813466359,0.13944499197126786,0.08275240889898419,0.040595043668693376,-0.31800031556590536,-0.17620965837445246,326.03454172494577,449.6771148733306,6.61260980347927,280.0568451947629,227.26320437143235,31.00745914243884,188.07694454711262,58.66875148575151,22.43156606598858,11.679740779486965,5.256030254453957
54718195,24.819000,0.000000,0.000000,1023.66,1024.36,1025.38,1026.18,-0.02,-0.0,1.0,1.0,1.0,1.0,1400.51,0.30979784834317026,0.14345368842050024,0.08412581014694911,0.03987860703665085,0.013793926018713903,-0.008250021761430538,326.0754255622328,449.7808491087769,6.5051734585188825,279.17209212322086,227.5623048267092,31.32701268603627,185.79645272510385,59.5300653390158,22.866029206725628,11.91840091081925,5.224158329807814
54718295,24.916000,0.000000,0.000000,1023.61,1024.39,1025.38,1026.25,-0.02,-0.0,1.0,1.0,1.0,1.0,1400.36,0.31828454185965244,0.14737630863360265,0.08530179848450696,0.03884828056151262,0.0027709522451447757,-0.013543509525496118,326.0376422696903,449.71194925410333,6.615211872499664,278.7248629037128,227.76153354594675,31.881761313393806,184.3242204845305,60.35174461852554,23.104780415152277,12.033527414824409,5.351145202575509
54718395,25.021000,0.000000,0.000000,1023.63,1024.41,1025.36,1026.23,-0.02,0.0,1.0,1.0,1.0,1.0,1400.37,0.3268381056190904,0.15120527782359008,0.0856796739500293,0.03809374867857823,-0.0007721073610034068,-0.005172120944408434,326.07714570790915,449.7836685194869,6.510397484816091,277.81579400112486,228.06495525415437,32.394106981989744,181.2056216753646,62.18911508859762,23.831163960835966,12.279980722006012,5.657613383973523
54718495,25.118000,0.000000,0.000000,1023.63,1024.3,1025.43,1026.29,-0.02,-0.0,1.0,1.0,1.0,1.0,1400.42,0.33542231534942696,0.1550277285916744,0.0857685248705197,0.03839367287972941,-0.015054029266847579,0.0013361135499598963,326.0875234893164,449.80503387931014,6.522847512415786,276.9826230308874,228.4281656482453,33.06534679170493,177.67844378592486,64.039951953607,24.70718367048304,12.50661863535877,6.122236955272907
54718595,25.219000,0.000000,0.000000,1023.84,1024.4,1025.42,1026.31,-0.02,-0.0,1.0,1.0,1.0,1.0,1400.46,0.3440298252462287,0.1589877790542071,0.0862301652044706,0.040523464418780256,-0.013692260761702754,0.01888933942542253,326.0485895013151,449.7717353489645,6.643157853544906,276.62472658889686,228.6640822194054,33.49919385745955,175.7001781769952,65.04727913237839,25.17422484108566,12.608383028705578,6.450966423234785
54718695,25.317000,0.000000,0.000000,1023.76,1024.47,1025.51,1026.26,-0.02,-0.0,1.0,1.0,1.0,1.0,1400.38,0.35260683963615636,0.163202517570422,0.08476470995832923,0.042821004327691425,-0.03710707743688064,0.013176838466544442,326.0527850847049,449.80849905573467,6.62748962898392,275.8598588147571,229.05222245193372,33.96708859824238,173.22901268830606,66.12797090852722,25.72994579505838,12.809459823737104,6.589129878112942
54718795,25.417000,0.000000,0.000000,1023.75,1024.37,1025.44,1026.34,-0.02,-0.0,1.0,1.0,1.0,1.0,1400.27,0.3610888330942313,0.16766506983276233,0.08396955872977141,0.045161958999490964,-0.03675693356211318,0.006082204588667481,326.03656243701624,449.8396894011082,6.63632844789381,274.56132980336236,229.56908264691842,34.53568142589567,169.81441361410654,67.39922541277312,26.044711018067407,13.153449101665771,6.551869479153638
54718896,25.518000,0.000000,0.000000,1023.73,1024.4,1025.46,1026.27,-0.02,-0.0,1.0,1.0,1.0,1.0,1400.36,0.3694702814689319,0.17229186114148573,0.08315134452695304,0.04642406697540231,-0.07290765214499784,-0.028889802145041443,326.04981172893616,449.826643550982,6.661178053243512,273.7580894034072,229.83505760718506,34.62150551160368,168.14521700115367,68.16435856781446,26.31347443065426,13.369072096889434,6.416802941826315
54718995,25.619000,0.000000,0.000000,1023.77,1024.4,1025.45,1026.24,-0.02,-0.0,1.0,1.0,1.0,1.0,1400.34,0.3778150454649679,0.17695800003249193,0.08280429050893448,0.046182323305592216,-0.02116581901966702,-0.015231823437638178,326.04096083784975,449.83788312401526,6.635792578579731,272.68885559715306,230.20424373070284,35.43404824237953,164.91329694016855,70.01380228555183,27.040828395405264,13.665477018945577,6.60157155763482
54719095,25.719000,0.000000,0.000000,1023.7,1024.32,1025.4,1026.28,-0.02,-0.0,1.0,1.0,1.0,1.0,1400.4,0.3861807288488082,0.1816096502357544,0.0836778214090533,0.046508639500223645,0.007054900233562456,0.0047762250951362915,326.0414684242403,449.81482320066016,6.651830469195376,271.98198221175903,230.4477515884547,35.728191594453676,162.69786832604112,71.27326171305255,27.632884919988946,13.844165312061001,6.783916468675962
54719196,25.817000,0.000000,0.000000,1023.67,1024.43,1025.4,1026.28,-0.02,-0.01,1.0,1.0,1.0,1.0,1400.36,0.39455486916036586,0.1862705591566408,0.08358797073539272,0.04647849507151512,-0.025416227256301386,-0.01725851279520307,326.0439177843746,449.7925149455317,6.639930227356708,270.9953415424448,230.87506613586422,36.43135548532551,159.82636695570852,73.0055296013203,28.191012637561684,14.115166841275244,6.9222049842837095
54719295,25.919000,0.000000,0.000000,1023.64,1024.37,1025.37,1026.24,-0.02,-0.01,1.0,1.0,1.0,1.0,1400.3,0.40293794580621856,0.19092856993579324,0.08165979067956977,0.04546074378852323,-0.20224214778597066,-0.10914610876006266,326.05828564839896,449.8007841718498,6.647002534657102,269.87235501217174,231.39220066794527,37.027529554542845,155.64388334360984,75.74225120108687,29.40412258221151,14.426610431365548,7.421000474151182
54719395,26.020000,0.000000,0.000000,1023.76,1024.34,1025.44,1026.27,-0.02,-0.01,1.0,1.0,1.0,1.0,1400.33,0.4113317689572502,0.19566208485650793,0.0860595212370433,0.0490697536230249,0.11463919921064814,0.08143270603446481,326.0475882403279,449.8105890033362,6.658404238708924,269.4987770435723,231.5684744874442,37.3288625317649,154.63043543440904,76.06700797332141,29.430776652338086,14.526465321908969,7.400210454235896
54719496,26.118000,0.000000,0.000000,1023.74,1024.35,1025.4,1026.2,-0.02,-0.01,1.0,1.0,1.0,1.0,1400.4,0.4197079352360465,0.20052657972973087,0.08394052029108967,0.049278597916521547,-0.036090272875152665,-0.0055552318253864605,326.0560186419065,449.8169621797386,6.652915528426563,268.6831403389591,231.87558369822509,37.78059519857565,152.12285518635784,77.34680413571476,30.0446561010336,14.74796883534871,7.5311300484127734
54719595,26.219000,0.000000,0.000000,1023.73,1024.32,1025.49,1026.23,-0.02,-0.01,1.0,1.0,1.0,1.0,1400.39,0.4280477623269942,0.20549400196448817,0.08309602267665467,0.049780580527188006,-0.018914588574051976,-0.005124658991628911,326.0516235945565,449.81290618629276,6.6620960065210895,268.14924255981964,232.10409144674938,38.14979618559366,150.65212167641826,78.56844312806702,30.559452551662684,14.895120616007581,7.635715598722648
54719695,26.317000,0.000000,0.000000,1023.85,1024.28,1025.34,1026.19,-0.02,-0.01,1.0,1.0,1.0,1.0,1400.32,0.43633235550425586,0.21051231197176026,0.08224182461572972,0.05032734977713261,-0.02963595428914529,-0.001175263461962277,326.04355267246757,449.8175394988738,6.638284483401787,267.5230687245088,232.45202880887592,38.38779735056818,149.29512991164387,79.553468632632,30.854274846862943,14.968411507343873,7.8947862416416825
54719795,26.421000,0.000000,0.000000,1023.76,1024.28,1025.32,1026.28,-0.02,-0.01,1.0,1.0,1.0,1.0,1400.31,0.4444986250257597,0.21561598743156776,0.0811342189454858,0.051186684606832934,-0.0346604372813924,-0.012305843036883786,326.0484505358251,449.784985413382,6.651070684022948,266.89558947508914,232.65110613937378,39.00612444711622,147.78743372569463,80.55501215857318,31.593339560843866,15.143515617473293,7.880065023603837
54719896,26.517000,0.000000,0.000000,1023.71,1024.33,1025.44,1026.19,-0.02,-0.01,1.0,1.0,1.0,1.0,1400.41,0.450529881897103,0.21945220133007598,0.07903362972390038,0.05051158839429416,0.009760493129257398,0.01624501544637063,326.0487833478427,449.79460580149106,6.637877211077186,266.3830842557879,232.85785749247253,39.22463328785871,145.45719588154495,82.72466576479364,31.6183438029795,15.377159321287246,8.095644440497953
54719995,26.617000,0.000000,0.000000,1023.86,1024.46,1025.42,1026.21,-0.02,-0.01,1.0,1.0,1.0,1.0,1400.35,0.46041062988854226,0.22587357590754875,0.07917899955556199,0.05192596069724671,0.03740111647542534,0.03157608558767175,326.0528200740987,449.82016382768546,6.631071763173434,265.4860517842934,233.2519656712523,39.404481162081524,143.24565573544047,83.88504506735701,32.17075800004419,15.624500994280123,8.047549534395834
54720096,26.719000,0.000000,0.000000,1023.89,1024.28,1025.47,1026.16,-0.02,-0.01,1.0,1.0,1.0,1.0,1400.34,0.46625694722702765,0.22972124625079102,0.08238295706479576,0.05424542884781106,0.21201384219242844,0.13953986036264582,326.0449348837377,449.8096311345884,6.657752427119246,265.0459446439143,233.4786499933506,39.8318353542994,142.1589005435226,84.49009510913719,32.456867820185295,15.74689484332782,8.022316397500667
54720196,26.819000,0.000000,0.000000,1023.72,1024.3,1025.5,1026.18,-0.02,-0.01,1.0,1.0,1.0,1.0,1400.26,0.47583627089187375,0.23599459356332833,0.07595381527858508,0.04944046198373566,0.02032794474690878,0.006800560293744921,326.1055149195407,449.8698752372962,6.538048628676473,264.8277324130853,233.6136931485443,39.967449258671344,140.78439574607614,85.77291067621098,32.92455052365185,15.820468674582825,8.356831689754731
54720295,26.921000,0.000000,0.000000,1023.87,1024.33,1025.4,1026.17,-0.02,-0.01,1.0,1.0,1.0,1.0,1400.38,0.48331414130362593,0.24085944458655734,0.0745850215529344,0.048768730467918624,0.016112831945816225,0.019890637775285058,326.04724285711626,449.8362331121772,6.661788843900849,264.59168830835296,233.7853410848834,40.42713339364716,139.3908083564468,86.78963030005266,33.36887586111108,15.878372503661497,8.665338137196148
54720395,27.016000,0.000000,0.000000,1023.8,1024.36,1025.46,1026.18,-0.02,-0.01,1.0,1.0,1.0,1.0,1400.33,0.4905792473925314,0.2456968237292869,0.07191874064394053,0.04863109178259844,-0.2057524231990817,-0.11548888166849902,326.0966558080872,449.89129056997916,6.555371862828372,264.19855896508534,233.91942211699643,40.520633746287444,138.62930460356085,87.24613982201575,33.484963489999245,15.992439718523725,8.582461440457568
54720495,27.116000,0.000000,0.000000,1023.78,1024.32,1025.36,1026.23,-0.02,-0.01,1.0,1.0,1.0,1.0,1400.28,0.497598958157885,0.2505510206944581,0.06916503323808149,0.048302382394645065,-0.05386705991151587,-0.026747887200176,326.0512143163089,449.83593224045325,6.650780353941703,264.180805322617,234.01491916293537,40.677346075787405,137.6810760037268,87.83423743281155,29.029700753072575,15.996253911637936,8.87927659694033
54720596,27.219000,0.000000,0.000000,1023.84,1024.32,1025.41,1026.17,-0.02,-0.01,1.0,1.0,1.0,1.0,1400.19,0.5043494005755405,0.2553686491188514,0.06576373945254843,0.04773761431522368,-0.06889647165792924,-0.02602043483881669,326.04241518841036,449.8236016647395,6.645261732414397,263.75438154767744,234.1802477847484,40.933858284510535,136.52430062369092,88.43737426670738,34.05967425924642,16.1112270087129,8.897736193406416
54720695,27.318000,0.000000,0.000000,1023.83,1024.28,1025.47,1026.27,-0.02,-0.01,1.0,1.0,1.0,1.0,1400.35,0.5107992708234808,0.26019604422347276,0.0631552420670926,0.04796958952729228,-0.3115512378508997,-0.2190473562849785,326.04738323559997,449.805025049569,6.6429960550335565,263.30179065621087,234.32146642068207,40.90369713159543,135.74802954848053,88.9786729409708,34.42800461028317,16.234770669486434,8.800853146364986
54720795,27.418000,0.000000,0.000000,1023.77,1024.28,1025.46,1026.24,-0.02,-0.01,1.0,1.0,1.0,1.0,1400.28,0.516968937875016,0.2649384543103762,0.06030353769066748,0.04663924938840365,-0.062258941843866156,-0.04005825092772316,326.0518996105475,449.8357096105551,6.6635215136963275,263.00109519220285,234.48221019211456,41.040334788200745,134.76510851929197,89.67947273109964,34.61760989651523,16.31887898082032,8.890050929355269
54720895,27.518000,0.000000,0.000000,1023.83,1024.15,1025.43,1026.2,-0.02,-0.01,1.0,1.0,1.0,1.0,1400.15,0.522866722750835,0.2695618735334874,0.05739916570535683,0.04525536806335994,-0.06797211598636183,-0.04869636646321974,326.10327621301366,449.86540419239833,6.541546037571593,262.7271232751285,234.57448874101684,41.16142833351303,134.4998666783037,89.82094385297248,34.66894686022865,16.40308362890939,8.729368247711704
54720996,27.617000,0.000000,0.000000,1023.81,1024.28,1025.48,1026.16,-0.02,-0.01,1.0,1.0,1.0,1.0,1400.3,0.5284946832143399,0.2739942273068532,0.054745782027814466,0.04298110020836632,-0.08020174359366333,-0.06688215627647054,326.0513002285051,449.81106142214855,6.629635776279055,262.34573286836286,234.6834147245895,41.271796050167566,133.3205465972821,90.68780788778678,35.11239886151444,16.495557158237272,8.870356112626453
54721096,27.718000,0.000000,0.000000,1023.84,1024.28,1025.46,1026.18,-0.02,-0.0,1.0,1.0,1.0,1.0,1400.35,0.5338581253484634,0.278206118434158,0.05216656496973612,0.04087629939042858,-0.060503021654252497,-0.052144279564851126,326.1030325921454,449.86675012562097,6.535949172506008,262.3786352877826,234.68637258264673,41.392682632469466,133.24815529821632,90.70045866075058,29.78682637558479,16.49634414339535,8.893929335946588
54721197,27.818000,0.000000,0.000000,1023.84,1024.29,1025.57,1026.19,-0.02,-0.0,1.0,1.0,1.0,1.0,1400.23,0.5389612059698585,0.2821629573480237,0.04979575722382858,0.03853003543488196,-0.047871448641670825,-0.03648442524519984,326.04503899529675,449.81127994571693,6.643538748528577,262.36327595074766,234.83539730221275,41.51704355482842,132.8146572754541,91.2836828972999,35.06244573189006,16.50073641723655,9.06328258335487
54721297,27.918000,0.000000,0.000000,1023.84,1024.22,1025.49,1026.22,-0.02,-0.0,1.0,1.0,1.0,1.0,1400.25,0.5437665009493352,0.2859085087090862,0.04660023408374939,0.03658003604092909,0.05282332027361145,0.048702201183302485,326.05270669645023,449.7937520487078,6.648920701947002,262.0284932730476,234.91718894143042,41.95854302748253,131.95720411012996,91.80121251636587,35.191256823172615,16.591851896129707,9.082500194009995
54721398,28.019000,0.000000,0.000000,1023.83,1024.29,1025.47,1026.2,-0.02,-0.0,1.0,1.0,1.0,1.0,1400.3,0.5482756092051446,0.28948130938336314,0.04639198629135837,0.03695043177884363,0.1049823008820268,0.08855141089615648,326.0998525276193,449.86248997730183,6.545890645041182,261.52981133081704,235.16248567544804,41.89716197646745,130.3439873527564,93.14436093036011,35.678163838680085,16.738418711395894,9.25262367590637
54721497,28.120000,0.000000,0.000000,1023.82,1024.29,1025.46,1026.17,-0.02,-0.0,1.0,1.0,1.0,1.0,1400.46,0.5525194511553927,0.2928851033173427,0.04239474625280481,0.034284299182889666,0.019461084986359994,0.026735891120073765,326.05171314003076,449.7854199884093,6.637135711226852,260.9862767568918,235.49633688515036,42.40137059825489,128.3437657467057,95.05694642520083,36.58602400158792,16.890069947586074,9.58442782553665
54721597,28.220000,0.000000,0.000000,1023.82,1024.34,1025.47,1026.14,-0.02,-0.0,1.0,1.0,1.0,1.0,1400.34,0.55655791564204,0.2962613977487498,0.039493677652998625,0.03362531560191526,-0.005098251375698576,0.009761410312417087,326.05126827856117,449.7799297013979,6.632957002854395,260.5056228445066,235.8121959379446,42.85358158941294,126.89892759694935,96.58456397487353,36.96807439413519,17.031620531248436,9.756517430489808
54721697,28.319000,0.000000,0.000000,1023.78,1024.34,1025.49,1026.11,-0.02,0.0,1.0,1.0,1.0,1.0,1400.36,0.5604474573253755,0.29964676251602795,0.038828830359800566,0.03441444900266193,-0.020288076791204826,0.0018139634017277197,326.0462321726437,449.8040096751486,6.661742182937678,260.1212262402353,236.06022420842544,43.59648710802863,124.97950235897117,98.2516359135153,37.72514518293289,17.141334612060888,10.157539463499567
54721797,28.419000,0.000000,0.000000,1023.77,1024.26,1025.4,1026.07,-0.02,0.0,1.0,1.0,1.0,1.0,1400.37,0.5642214120649062,0.30315017747505457,0.0375052977427106,0.03594758016518985,-0.020879683959395837,0.012912139772590377,326.05300292591096,449.8221961833367,6.674054600814336,259.9199622006373,236.25959682562177,43.67842905869861,124.02496602490952,99.04533847930867,37.861490352645504,17.205966950790003,10.311299327329074
54721898,28.520000,0.000000,0.000000,1023.76,1024.43,1025.42,1026.21,-0.02,0.0,1.0,1.0,1.0,1.0,1400.37,0.5678802337243348,0.3068682131142465,0.035867016146346034,0.03762357074037507,0.051243472844630704,0.08223548527918276,326.04507110455114,449.8250575167384,6.671858293499456,259.46164376814124,236.40281609477253,43.775449805119706,123.13834863483619,99.6668450050308,38.210510923782344,17.32686685578777,10.259674930673967
54721998,28.623000,0.000000,0.000000,1023.77,1024.36,1025.46,1026.24,-0.02,0.0,1.0,1.0,1.0,1.0,1400.47,0.5714307166250577,0.31075588900876083,0.036981951385914355,0.04129837159917201,0.06603086653347207,0.09245564983214224,326.0477558276789,449.8263132254811,6.647818046721343,259.2649600200531,236.5173883388292,43.73571873987799,121.92037512117172,100.58693386512417,38.83873869689751,17.384303842424607,10.527881090789627
54722098,28.719000,0.000000,0.000000,1023.74,1024.28,1025.45,1026.1,-0.02,0.0,1.0,1.0,1.0,1.0,1400.34,0.5731741089649361,0.3127412239788048,0.030226450267475884,0.03465967121329401,-0.16129505122655166,-0.16587468124484406,326.0517186297746,449.82784137256783,6.662131350678872,259.096541102657,236.6071571012727,43.793848239728156,121.87313735922481,100.33104265344241,38.66985002875582,17.433238293172355,10.331971520395058
54722198,28.820000,0.000000,0.000000,1023.88,1024.19,1025.43,1026.21,-0.02,0.0,1.0,1.0,1.0,1.0,1400.46,0.5774422223225758,0.317791690076136,0.033941609750660365,0.040683095585151645,0.221195758399816,0.2703028570395923,326.0460535696298,449.82096171855926,6.651359890218569,258.8061764619423,236.6599668615126,43.60931861172738,122.36404616092274,99.54714546247403,38.34520284527393,17.507450059690534,9.844624659692116
54722298,28.920000,0.000000,0.000000,1023.95,1024.21,1025.33,1026.23,-0.02,0.0,1.0,1.0,1.0,1.0,1400.38,0.57993574359847,0.32076099605528247,0.03517153091797288,0.041510311956530835,0.15739235890928321,0.16832273698855163,326.0473497985548,449.8160391998012,6.655050011455747,258.7002557177706,236.6109946654617,43.17142121767073,123.25492260770328,98.44316740071568,38.13246917434689,17.53025649438674,9.369403770252944
54722399,29.022000,0.000000,0.000000,1023.97,1024.22,1025.3,1026.3,-0.02,0.0,1.0,1.0,1.0,1.0,1400.5,0.5839758819001193,0.3251949040786925,0.0323438440983604,0.033338862345614007,0.12585461446941423,0.08937085377976645,326.04268810172175,449.82079210022033,6.659918743539437,258.97130276587086,236.3259987471229,42.80906797979794,124.94265010137516,97.28137647965173,37.25591380395848,17.51014378788506,9.311744942439248
54722499,29.122000,0.000000,0.000000,1023.92,1024.1,1025.32,1026.16,-0.01,0.0,1.0,1.0,1.0,1.0,1400.49,0.5863108805403016,0.327444818835081,0.030881266656432562,0.028679766400403275,0.0022966099898678364,-0.04136179662087344,326.047760984332,449.77747110785674,6.658403861965941,259.81232032463384,235.81518689399653,42.221038263202104,128.33639207496415,94.59163786598664,36.35924520439242,17.20074527524432,8.551348029575884
54722599,29.223000,0.000000,0.000000,1023.96,1024.17,1025.25,1026.19,-0.01,0.0,1.0,1.0,1.0,1.0,1400.31,0.5899261252872833,0.33031346198914063,0.029551215388453834,0.020321615115111782,0.04575999905459222,-0.03434801744769085,326.0970895536159,449.822894936667,6.5203949724369545,260.4946743232355,235.53262405872562,41.82067852694314,129.82903692550863,93.69000508309227,35.811312708875896,17.021345231573886,8.608627913607492
54722698,29.323000,0.000000,0.000000,1023.95,1024.15,1025.42,1026.22,-0.01,0.0,1.0,1.0,1.0,1.0,1400.35,0.5918326816223379,0.3314362051649889,0.024691761142688933,0.013259758984607406,-0.022581576270957242,-0.06433602524581267,326.1017863107649,449.8277998698732,6.529123385928173,261.268556076627,235.104051631344,41.632885874159236,131.47291675964465,93.16887190355015,30.851300786392333,16.801053605296428,8.839911866545599
54722798,29.421000,0.000000,0.000000,1023.93,1024.13,1025.32,1026.22,-0.01,0.0,1.0,1.0,1.0,1.0,1400.41,0.5944753052435242,0.33252344509653486,0.018619057316281978,0.0059570133158563,-0.01379965057096712,-0.041305184154708637,326.08844749575775,449.8119742497965,6.5312961005826455,261.5395600632109,234.75264441455477,40.94324999778224,134.17249018615718,91.08171646290657,35.05001963136391,16.70684259776207,8.143926671776192
54722899,29.520000,0.000000,0.000000,1023.9,1024.16,1025.45,1026.12,-0.01,0.0,1.0,1.0,1.0,1.0,1400.3,0.5960646392091666,0.3326850529898985,0.015150469524658655,-0.001331004497274109,-0.07187169913899216,-0.08904555866154061,326.0702110853271,449.7765996987154,6.532619143609053,262.10499277519096,234.4366208465089,40.440213308566086,136.59743470325031,89.11276680026211,34.038034508405175,16.54367982420536,7.727858189438621
54722999,29.622000,0.000000,0.000000,1023.93,1024.12,1025.33,1026.18,-0.01,0.0,1.0,1.0,1.0,1.0,1400.32,0.5971723021161134,0.33207017748026496,0.009198252828409983,-0.009295206449125447,-0.05060789491311587,-0.0866770508582553,326.0279717393796,449.6894546791941,6.62387728188897,262.8487881560317,233.9820710729997,39.913121764937706,139.4893317812009,87.12085467950209,33.34942243015201,16.32493860483277,7.379475013469538
54723098,29.721000,0.000000,0.000000,1023.99,1024.09,1025.39,1026.17,-0.01,0.0,1.0,1.0,1.0,1.0,1400.44,0.5977789774602248,0.3305646004887183,0.004077762032635492,-0.01832913840701733,-0.05337805016822103,-0.08670870530188432,326.02603619164495,449.6645770949501,6.598832629701654,263.87533881630065,233.4818552686884,39.40562245436887,142.13313921004985,85.74619523626286,32.734136381295485,16.03949406074986,7.411385967267876
54723198,29.820000,0.000000,0.000000,1024.06,1024.12,1025.46,1026.32,-0.02,0.0,1.0,1.0,1.0,1.0,1400.38,0.5978272995187232,0.3282775300554573,-0.001726088521633926,-0.02528564665552016,-0.05912402284091214,-0.06672012615176827,326.0688040555168,449.7263298798873,6.509753030719767,264.85752083916753,233.02775583497763,38.83746243067262,145.22781992571885,83.78789550024483,31.98597766930688,15.773501115515096,7.168433749026995
54723299,29.920000,0.000000,0.000000,1024.04,1023.92,1025.57,1026.08,-0.02,0.0,1.0,1.0,1.0,1.0,1400.42,0.5972672758137123,0.3253062137536198,-0.007941346741476674,-0.032137106787774254,-0.07020769533573477,-0.09894308562117281,326.07061329515125,449.72902674284865,6.519705004082327,265.67775146980443,232.53250436852716,37.90029489204214,148.4523331416936,81.50950774066561,31.311997498654577,15.538925054448033,6.7410882517659445
54723399,30.020000,0.000000,0.000000,1024.08,1023.98,1025.5,1026.22,-0.02,0.0,1.0,1.0,1.0,1.0,1400.31,0.5960749829455663,0.3216835108294979,-0.014655864896558457,-0.03988660135294419,-0.07353591655501768,-0.10004810229922684,326.07317216171066,449.6978885744256,6.51544692883846,267.05470872322644,231.80441663993753,36.809106407773285,154.86185469730924,76.89551396179768,28.902670497787494,15.15545173797569,5.603051361463653
54723499,30.122000,0.000000,0.000000,1024.09,1024.03,1025.54,1026.2,-0.01,0.0,1.0,1.0,1.0,1.0,1400.35,0.5942618505761857,0.31729306998779494,-0.020598731777416206,-0.0475972750192075,-0.06348481710480243,-0.09535873323785334,326.0655739600879,449.6336725587804,6.546470712025332,268.4343041604177,231.1434292485726,36.136053943493124,159.36933494675088,74.56351491664013,28.182657279509744,14.776381605913697,5.306187385987169
54723599,30.222000,0.000000,0.000000,1024.01,1023.96,1025.5,1026.12,-0.01,0.0,1.0,1.0,1.0,1.0,1400.39,0.5917277703968736,0.3118295320706523,-0.028149163239407367,-0.05848891762924708,-0.0748232194726396,-0.09796732481545505,326.0626545956853,449.6395357954026,6.5292597323875405,269.4431229785375,230.80937943746204,35.809246491236564,161.22873748232152,73.84874426105851,28.2039210219985,14.506430924962698,5.570933971292245
54723700,30.322000,0.000000,0.000000,1024.1,1024.07,1025.3,1026.24,-0.01,0.0,1.0,1.0,1.0,1.0,1400.37,0.5893376222403042,0.3071391467525676,-0.0355304767707099,-0.06783408814903516,-0.16623469880204125,-0.2446544471127825,326.0663332494713,449.63984344773036,6.519596522762081,270.04061460299,230.4929008721556,35.312461866740804,163.71300544996544,72.13530938957021,27.271512388551866,14.340711844494527,5.197564441426746
54723800,30.423000,0.000000,0.000000,1024.14,1023.98,1025.73,1026.13,-0.01,0.0,1.0,1.0,1.0,1.0,1400.38,0.584489862060696,0.2984976182156841,-0.041961156495316024,-0.07226344515735073,-0.057502237748645615,-0.055947099484289366,326.0686681011707,449.6913879040422,6.519115471700666,270.4597437283293,230.28078060483676,34.44239267096644,166.93414782850152,69.9388548489998,26.688857813144228,14.221964381114084,4.404589805795858
54723900,30.523000,0.000000,0.000000,1024.13,1023.93,1025.61,1026.12,-0.01,0.0,1.0,1.0,1.0,1.0,1400.46,0.5799374529605617,0.29086384952757033,-0.047538207046626015,-0.07899742645782244,-0.04944209457208283,-0.07243137330576303,326.06804465459106,449.7292781648184,6.521650869045222,272.44665377080656,229.56342513253043,33.23650439738807,166.93414782850152,69.9388548489998,26.688857813144228,14.221964381114084,4.404589805795858
54724001,30.622000,0.000000,0.000000,1024.12,1023.98,1025.4,1026.25,-0.01,0.0,1.0,1.0,1.0,1.0,1400.39,0.5762121547754376,0.2846824823657812,-0.05041752766121484,-0.08360166235496162,-0.060505239276075436,-0.09820527294062728,326.0741988157708,449.6570070784931,6.50984395944096,273.99821238553534,228.87324602958427,32.50622181173991,178.91002781541545,62.73432330842576,23.496331287945505,13.271711949945821,3.2408692160398047
54724101,30.723000,0.000000,0.000000,1024.12,1023.91,1025.57,1026.28,-0.02,0.0,1.0,1.0,1.0,1.0,1400.46,0.5693152892128323,0.27329775012198587,-0.05836012776604753,-0.09546574934452824,-0.059872405751650405,-0.07011674752207318,326.06886640856794,449.61773571758175,6.5116378014228005,275.19117561952254,228.42273382525818,31.570659024890237,182.08638114756604,61.58805622989884,22.87763142237652,12.953463278821118,3.2574829520556214
54724200,30.823000,0.000000,0.000000,1024.14,1023.84,1025.63,1026.09,-0.02,0.0,1.0,1.0,1.0,1.0,1400.34,0.5630327989439549,0.2632857976688388,-0.06580728428703535,-0.10330451677271656,-0.14957045358369989,-0.19593827281145995,326.06719702031484,449.6175002640049,6.513455397923998,276.5639611466341,227.79092362235752,30.526130003620665,188.88919238089588,57.8569546656729,20.94648612871718,12.580102339538207,2.1305579295214834
54724301,30.923000,0.000000,0.000000,1024.09,1023.9,1025.46,1026.22,-0.02,0.0,1.0,1.0,1.0,1.0,1400.24,0.5561349691691935,0.2526257440252126,-0.07349080363504266,-0.11317418967845241,-0.15386749922876874,-0.23322238130525777,326.06512706067525,449.6300009149949,6.51957472886605,278.0280357929393,227.2793392890768,29.594847815474555,194.1007162422721,55.43827381066757,19.95873241141978,12.190934705953813,1.649052339669442
54724400,31.024000,0.000000,0.000000,1024.11,1023.94,1025.57,1026.17,-0.02,0.0,1.0,1.0,1.0,1.0,1400.19,0.5485929101007511,0.24105109930236115,-0.07768307077633149,-0.1188490362021971,-0.06135116791725075,-0.08122615746706259,326.07178337311416,449.62406078588884,6.51422408784716,279.4426707393273,226.89832532452544,29.04562876063828,197.58682293739525,53.693985588444406,19.27191070188528,11.82446993878706,1.6463367435686145
54724501,31.122000,0.000000,0.000000,1024.23,1023.87,1025.47,1026.23,-0.02,0.0,1.0,1.0,1.0,1.0,1400.34,0.5404291061423011,0.22872842291211773,-0.0838073645855667,-0.12537315974564056,0.14184499523549496,0.24358065256279438,326.0698942771196,449.6519775489964,6.527160218293352,280.70054603402065,226.44608255477883,28.155962346731183,202.58403347892096,51.32882969271577,17.97141094498303,11.489547292647494,1.061656777719719
54724601,31.223000,0.000000,0.000000,1024.13,1023.96,1025.56,1026.2,-0.02,0.0,1.0,1.0,1.0,1.0,1400.29,0.5316890129912545,0.21579769160585152,-0.08967597555524114,-0.1318496178627818,-0.08306648095116635,-0.1005210155405215,326.0723891308356,449.59634997638256,6.53222361053029,282.3014901482082,225.92371374528753,26.898625298434894,207.95075722902976,48.99413917454533,16.856311751529446,11.07238881564324,0.6487239825471995
54724700,31.323000,0.000000,0.000000,1024.15,1023.98,1025.5,1026.18,-0.02,0.0,1.0,1.0,1.0,1.0,1400.4,0.5247794639609299,0.20572347872479077,-0.0929521675719688,-0.13490718645363015,-0.01712396058028528,0.000973048719341162,326.0667927598637,449.5853666307594,6.513558366515102,284.3636048283849,225.38291045378364,26.247832983003313,213.61374280450204,47.054927367867315,15.573164459075464,10.536986132392661,0.5662405366906604
54724800,31.422000,0.000000,0.000000,1024.15,1023.88,1025.54,1026.2,-0.02,0.0,1.0,1.0,1.0,1.0,1400.42,0.5125721895685162,0.18836024538565965,-0.10154230121793029,-0.14188501114956661,-0.09111439939780146,-0.06754982499249161,326.0660745498228,449.58353056343213,6.5156477007722495,286.1574187917484,224.9214875950785,25.40469579698357,218.24473687705654,45.50871801298768,14.704369337155182,10.072869038110163,0.5872985352891327
54724900,31.523000,0.000000,0.000000,1024.17,1023.85,1025.41,1026.25,-0.02,0.0,1.0,1.0,1.0,1.0,1400.33,0.504816620680248,0.17778375318974052,-0.10904781521123241,-0.14680016696852577,-0.48268868961597994,-0.5768057121380029,326.06460017820524,449.5718087979307,6.517938468105361,287.6278219398841,224.49823708959192,24.347799757907918,224.79237249403764,43.156634953506426,13.16066837247807,9.691156958351769,-0.27094800609873815
54725001,31.624000,0.000000,0.000000,1024.2,1023.87,1025.45,1026.13,-0.03,0.01,1.0,1.0,1.0,1.0,1400.45,0.49119014564676006,0.16006794516966047,-0.11314149569081937,-0.1445116097774385,0.13348616378896214,0.21453330201756105,326.06556539351897,449.53943883494776,6.519353354122869,289.0853331767836,224.11658906499142,23.162168979386294,229.49009547992884,41.72196558226614,12.34493440997564,9.316293032876642,-0.5384085271304357
54725100,31.724000,0.000000,0.000000,1024.28,1023.88,1025.67,1026.21,-0.03,0.01,1.0,1.0,1.0,1.0,1400.37,0.4826352713334199,0.1492909160400743,-0.12919510220142605,-0.16157545858525707,-0.6753338648779185,-0.796140076848279,326.06603146284056,449.5317569639182,6.496440672788866,291.2694134108518,223.55161411783698,22.18905309793021,236.30034183786475,39.51057914721342,10.532792730976318,8.753702076270416,-0.8776579214495861
54725200,31.822000,0.000000,0.000000,1024.33,1023.85,1025.41,1026.22,-0.03,0.01,1.0,1.0,1.0,1.0,1400.37,0.47082026300710306,0.1348146905592062,-0.11851455793983354,-0.1433396702467743,0.004824610241365287,0.05746201979460789,326.07067614734973,449.5363967828667,6.527317795953855,293.421533188685,223.08631696622163,21.055679069393126,244.16312458054202,37.38634601013857,8.692509263931584,8.204260337213627,-1.552480512939045
54725301,31.923000,0.000000,0.000000,1024.23,1023.83,1025.65,1026.22,-0.03,0.01,1.0,1.0,1.0,1.0,1400.36,0.4585045386553531,0.12024074147987414,-0.12500218412835473,-0.14616990125608145,-0.11098821525420365,-0.08638310118217166,326.0577115410607,449.5305443504079,6.5032586803495525,295.05410761651933,222.7492672821461,20.462073546017788,248.12966844100782,36.471804688115,8.321960486523482,7.78473122095405,-1.4304749742536202
54725400,32.023000,0.000000,0.000000,1024.27,1023.91,1025.77,1026.14,-0.03,0.01,1.0,1.0,1.0,1.0,1400.38,0.4423833850887151,0.10191165909230707,-0.13155648145084958,-0.14645740163601323,-0.1078618154893159,-0.0600630166711364,326.0742025194817,449.5453667334289,6.5205962222040545,296.10099226318044,222.6108112425175,19.725379339215408,252.75304799818053,35.26800270470423,7.127858394801184,7.5239995509130635,-2.0199975641742363
54725500,32.122000,0.000000,0.000000,1024.11,1023.91,1025.69,1026.14,-0.03,0.01,1.0,1.0,1.0,1.0,1400.49,0.43237760110953055,0.09095036481948875,-0.13383922989692254,-0.14563745824293703,0.000602876301108672,0.0381620659668567,326.06946627568726,449.5527114187074,6.51785844146832,297.5932615849944,222.35412199260492,19.038575250317493,258.213488994342,33.9185121741059,5.963495985226061,7.143981270187951,-2.4840228272532645
54725601,32.223000,0.000000,0.000000,1024.03,1024.03,1025.49,1026.24,-0.03,0.01,1.0,1.0,1.0,1.0,1400.36,0.4152894959805668,0.07265825262320383,-0.1365049330043347,-0.14476336585920976,-0.008260388182339583,0.015121991780340814,326.0595333500891,449.5113903087045,6.512827011720724,298.747230335609,222.16113639720848,18.248518260856375,262.02073029239966,33.21521354139266,5.192360590323787,6.850294143365994,-2.7008415799121526
54725700,32.323000,0.000000,0.000000,1023.99,1024.0,1025.35,1026.23,-0.03,0.01,1.0,1.0,1.0,1.0,1400.41,0.4013356426153816,0.05803779623827903,-0.13898779521412094,-0.14417972157748318,-0.04664971692358784,-0.0035296506680965295,326.05261387031265,449.5098983190762,6.496177501235059,299.854228979937,221.93679554846304,18.053075441131657,263.65064352895394,33.00229918420478,5.104997641750484,6.567024126884927,-2.286535207534236
54725800,32.423000,0.000000,0.000000,1024.09,1023.94,1025.31,1026.16,-0.03,0.01,1.0,1.0,1.0,1.0,1400.37,0.3872328319436332,0.04373572067401288,-0.14281665682497383,-0.14271404994086595,-0.0769333416640971,-0.018201623195924225,326.06807949217495,449.51331065316083,6.483838785046341,301.3242377579122,221.73763539289274,17.590741716273065,266.6830544496242,32.3615454258103,4.607741446411868,6.19987194706628,-2.0336509179229836
54725900,32.523000,0.000000,0.000000,1024.05,1024.03,1025.31,1026.27,-0.03,0.01,1.0,1.0,1.0,1.0,1400.34,0.3766180760917249,0.03337258598532922,-0.1399310154342001,-0.134834226482329,0.09116453865160523,0.16215489275077,326.0645142556886,449.5086384330678,6.500491657209519,303.01527407242054,221.45208430089767,16.559899773462124,271.3623136754982,31.55492492864094,3.3546086141928497,5.771177807246094,-2.0790253541430133
54726000,32.622000,0.000000,0.000000,1024.05,1023.95,1025.45,1026.25,-0.03,0.01,1.0,1.0,1.0,1.0,1400.27,0.3624217861030097,0.02023351731734291,-0.1383892395718029,-0.12486998544433078,0.10122540047038392,0.17476462272158627,326.0673671906702,449.51442655462245,6.504584591225801,304.7718908625786,221.2480202799776,15.717862522541475,276.01610283427254,30.756423045716662,2.6348504870991034,5.329822733010416,-2.0753360236529783
54726101,32.723000,0.000000,0.000000,1024.18,1024.01,1025.37,1026.22,-0.03,0.01,1.0,1.0,1.0,1.0,1400.25,0.3481504890007407,0.007879565528980816,-0.14197298570807748,-0.11974784765471541,0.1886061091359769,0.247751785351406,326.07365500686586,449.52139687688674,6.4947848087295705,306.4883644511096,221.0738875618364,14.98157495223814,281.4296715026121,30.067782185009563,1.1240500733313128,4.900107146045683,-2.326086019883439
54726200,32.824000,0.000000,0.000000,1024.17,1024.06,1025.38,1026.18,-0.03,0.01,1.0,1.0,1.0,1.0,1400.41,0.333813718207846,-0.0036633003730758727,-0.1416171169828074,-0.11092243239808126,0.07776073550191893,0.14046107888112833,326.06842541889307,449.5543052699826,6.509106653456175,308.1691250211173,220.88660525750407,14.25684213701624,286.13267293695793,29.296738706866062,0.5040975291762231,4.475784912421363,-2.39030573837449
54726300,32.924000,0.000000,0.000000,1024.11,1023.96,1025.36,1026.22,-0.03,0.01,1.0,1.0,1.0,1.0,1400.28,0.31940088660758365,-0.01445037466563771,-0.14480412103203205,-0.10533173212167754,-0.0028630035445962165,0.07864787371219993,326.06783647376466,449.5508051727454,6.495291586465078,309.4555376799127,220.8188299472387,13.57649127032762,290.3687589328116,28.694201042566966,-0.3802590173137844,4.1539725342957405,-2.6344649921377954
54726400,33.023000,0.000000,0.000000,1024.13,1023.93,1025.62,1026.11,-0.03,0.01,1.0,1.0,1.0,1.0,1400.29,0.30493689091712967,-0.02451790049755674,-0.14189663987345852,-0.0962598526482422,0.04574458160136099,0.09528766402404976,326.07770814277916,449.5964952801987,6.519828670199691,311.0049940556508,220.7523480015484,13.04616736001658,294.8387747104713,28.150350043818833,-1.3578303115165988,3.768317190413773,-2.7387087733661586
54726501,33.123000,0.000000,0.000000,1024.04,1023.95,1025.45,1026.27,-0.03,0.01,1.0,1.0,1.0,1.0,1400.37,0.2904628371006104,-0.0339287957467053,-0.14440437093951242,-0.09149512077367286,-0.33814176605393664,-0.1559026599802841,326.075468501326,449.5849323423267,6.507566045744739,312.82361971926827,220.59171273083828,11.837029195874404,301.088301764923,27.537167854167457,-3.2449536481817614,3.312015599595513,-3.1454400085274354
54726601,33.224000,0.000000,0.000000,1024.05,1024.03,1025.26,1026.22,-0.03,0.01,1.0,1.0,1.0,1.0,1400.36,0.27596048887258773,-0.0427766898058144,-0.15284762153572293,-0.09124862400061716,-0.5817974324481859,-0.2965695108710961,326.0736006672893,449.5935935588186,6.477878152934398,314.5543685592442,220.4903160848722,11.218904545359424,304.66799945988157,27.247423984214958,-3.3631920361667613,2.8783876864703215,-2.8280580975560223
54726700,33.323000,0.000000,0.000000,1024.13,1023.91,1025.36,1026.22,-0.03,0.01,1.0,1.0,1.0,1.0,1400.32,0.2614115702875012,-0.0510834579968995,-0.1533162940311466,-0.0849220536144308,-0.6664328261034094,-0.3014310152297631,326.0740685999808,449.5619269279579,6.506192762074822,315.84339479477313,220.33598684289743,10.630832341458227,307.8712532393648,26.990369177566308,-4.079718229910499,2.555494734165393,-2.7498732539577033
54726800,33.422000,0.000000,0.000000,1024.15,1023.87,1025.44,1026.16,-0.03,0.01,1.0,1.0,1.0,1.0,1400.3,0.2432082780922633,-0.06052034677839195,-0.14590225573660787,-0.07201790257454851,0.34168189786263664,0.248388021952409,326.0709358570123,449.5808859764634,6.4854893819383355,317.6546745594454,220.35598597641373,9.795780560422886,311.59290131548363,26.981568769124944,-4.356754301384189,2.102737261297993,-2.409992307688453
54726900,33.523000,0.000000,0.000000,1024.22,1023.94,1025.35,1026.23,-0.04,0.01,1.0,1.0,1.0,1.0,1400.38,0.23229298255908706,-0.06560247890191832,-0.14513801718250352,-0.06551987057438828,-0.010823155503568714,0.07575422681547954,326.07767686959687,449.58683845121607,6.49422892792335,319.1267320145599,220.1190615847405,8.943873918843096,317.2100390063199,26.873693934565633,-5.9904538018951365,1.735210950255319,-2.9021556574689975
54727001,33.623000,0.000000,0.000000,1024.14,1024.02,1025.39,1026.26,-0.04,0.01,1.0,1.0,1.0,1.0,1400.38,0.21411286568586618,-0.07321210342483793,-0.1453963748649844,-0.05767469273326128,0.01347428672897744,0.07406856094741611,326.0822327107437,449.6226674327535,6.489612444981454,320.8617310982778,220.16873557357385,8.41001048885691,320.8657818717837,26.637547542598515,-6.480761585929634,1.3033601619555129,-2.6079195736442613
54727100,33.724000,0.000000,0.000000,1024.14,1023.92,1025.45,1026.17,-0.04,0.01,1.0,1.0,1.0,1.0,1400.25,0.2032059707058423,-0.0772693797484369,-0.14473146076332072,-0.052044332970455416,0.0870696431536561,0.10425330695197538,326.07820978250516,449.60013562816323,6.496642488773154,322.2879326630182,220.06352116620778,8.016491846179843,324.05193930783014,26.37836667126868,-6.884573611978376,0.9460240038080534,-2.413860542240286
54727200,33.823000,0.000000,0.000000,1024.05,1023.96,1025.41,1026.17,-0.04,0.01,1.0,1.0,1.0,1.0,1400.28,0.18505377309400164,-0.0830935071120327,-0.14592908506370575,-0.04318028064062285,-0.1573322405865893,0.021502718498573683,326.08829849412285,449.6601065583952,6.499224047588397,323.75206938704076,220.2081726932686,6.80799314235189,331.29021051525564,26.220413799207893,-9.03106134646842,0.5833528629956864,-2.840356181140324
54727301,33.923000,0.000000,0.000000,1024.09,1024.09,1025.37,1026.22,-0.04,0.01,1.0,1.0,1.0,1.0,1400.34,0.17419346541387443,-0.08609779654077632,-0.14135463528630893,-0.03792629048343173,0.06962236144919938,0.06358628513720108,326.0825119047526,449.6353501695875,6.510734638685503,325.0030681384541,220.1453270316513,6.72798504480401,332.64315422929485,26.186915342012252,-8.827107716758526,0.2701017569279518,-2.7959370680626554
54727400,34.024000,0.000000,0.000000,1024.01,1024.14,1025.38,1026.18,-0.04,0.02,1.0,1.0,1.0,1.0,1400.39,0.15619045755246797,-0.09049691233920751,-0.15488887809585683,-0.03533897958294836,-0.2713979028142059,-0.009029424333186275,326.0862795003053,449.61270038970116,6.483285641821846,325.9109547081602,220.12791189408216,6.560166505439798,333.21420471419924,26.348254302092148,-8.86674549852582,0.04377357098624879,-2.2459132655477796
54727500,34.123000,0.000000,0.000000,1023.9,1024.2,1025.25,1026.31,-0.04,0.02,1.0,1.0,1.0,1.0,1400.51,0.1454925759193432,-0.09271298635382412,-0.15599920962295888,-0.030424074666324463,-1.0658161771740033,-0.1355736269731002,326.08172418473373,449.4969427604212,6.460841483845688,326.2498012111618,219.9315859913357,6.593281660869611,332.4275309030007,26.646916482940558,-8.209593420124248,-0.04573700949000592,-1.7391801325513274
54727601,34.223000,0.000000,0.000000,1023.86,1024.24,1025.0,1026.35,-0.04,0.02,1.0,1.0,1.0,1.0,1400.48,0.1314394864527399,-0.09496667421968845,-0.15141586709451016,-0.02083746499593691,-0.782140057197217,-0.016727525611496236,326.0876847235179,449.46950126508233,6.4632646778425284,325.65089406767635,219.91169153025135,7.135953845451842,328.89347355842955,27.083504815185417,-7.277115858641555,0.1090192964349092,-1.1814278868969526
54727700,34.324000,0.000000,0.000000,1023.87,1024.19,1025.14,1026.33,-0.04,0.01,1.0,1.0,1.0,1.0,1400.41,0.114458364617073,-0.09640559582810404,-0.13368272447232113,-0.005886846053836966,0.315278785320629,0.13941885258376593,326.06533452209675,449.34798161825825,6.470292029570594,325.07121880674765,219.66323855914058,8.01358455403428,324.3042703425123,27.69607834955575,-5.428480807862148,0.24798460016094617,-0.2670619421316852
54727800,34.423000,0.000000,0.000000,1023.86,1024.24,1025.18,1026.26,-0.04,0.01,1.0,1.0,1.0,1.0,1400.3,0.10158695009204544,-0.09616809517130012,-0.12628680533150616,0.007375353844166203,0.34144499746905455,0.12347743329917588,326.06888389369755,449.2718693470814,6.466645613053741,324.9500316599471,219.43256072685315,18.219494206305573,322.9637300975318,28.61924991630868,-4.493234520867741,0.2789122753249893,0.038583453667827006
54727901,34.523000,0.000000,0.000000,1023.89,1024.2,1025.21,1026.27,-0.04,0.02,1.0,1.0,1.0,1.0,1400.47,0.092434261208439,-0.09513500129777279,-0.12060995064115529,0.016998114412427146,0.03564032656739263,0.13043338218114306,326.06300285759016,449.23635782498064,6.475450422388413,324.9015180622761,219.43608210805417,7.9648224411720125,322.9220146379562,28.665387595910556,-4.465186814411195,0.28958890435306545,0.015321895805194607
54728000,34.623000,0.000000,0.000000,1023.78,1024.19,1025.21,1026.27,-0.04,0.02,1.0,1.0,1.0,1.0,1400.36,0.07821228166635122,-0.09199975234836782,-0.10850103601138407,0.029931365147226607,0.12884686195221223,0.0866474817144353,326.0603676904146,449.18811121285705,6.481564268111582,324.941581877061,219.39406244094883,8.055866135323496,322.53190410715683,29.038454279419376,-4.417322001349158,0.27895064798797015,0.1673570428801373
54728100,34.723000,0.000000,0.000000,1023.88,1024.11,1025.58,1026.14,-0.04,0.02,1.0,1.0,1.0,1.0,1400.37,0.07031356233483317,-0.08938233800343792,-0.10290232681606908,0.037004126579866514,-0.34168158450851766,0.22725231539533947,326.0579758159415,449.1863724257821,6.491144125738101,325.66931595596503,219.46453423160273,7.8714905436512925,323.7559225661783,28.925470189323462,-4.557104919215929,0.09693701117177711,0.38147088912477545
54728200,34.821000,0.000000,0.000000,1023.9,1024.11,1025.34,1026.28,-0.04,0.02,1.0,1.0,1.0,1.0,1400.5,0.058179743049251664,-0.08402743584295169,-0.09313600143255663,0.04638571893807862,0.5293517901228008,-0.15052619259840586,326.06330862898596,449.2000446267762,6.49306112152351,326.4903208644544,219.45885054845368,6.813272929925482,328.3941026771522,28.830805036987158,-6.097095258082903,-0.10649361694690633,-0.35920053876899616
54728300,34.924000,0.000000,0.000000,1023.91,1024.3,1025.36,1026.2,-0.04,0.02,1.0,1.0,1.0,1.0,1400.45,0.04930787990374593,-0.07918188517984309,-0.08641174394966086,0.049364449612607816,0.45066438700925515,-0.19322965685501087,326.07207831171667,449.19638618941616,6.472541536670143,326.70375289703236,219.49762208289224,6.879862090277585,327.8923986606999,28.58205719816135,-5.79855953258076,-0.15756374079708999,-0.04159307007622892
54728401,35.025000,0.000000,0.000000,1023.93,1024.22,1025.34,1026.18,-0.04,0.02,1.0,1.0,1.0,1.0,1400.3,0.04111651065520044,-0.07411550720876559,-0.07954621538011887,0.05169402120634193,0.17778201379099387,-0.04522345456026937,326.06435265228714,449.21713308871836,6.481294855579423,326.7893694872536,219.4891250700862,6.832893745852855,328.2915051437699,28.748530627424252,-5.933560378855679,-0.18082369303433624,-0.08956361292823933
54728500,35.123000,0.000000,0.000000,1023.87,1024.28,1025.34,1026.24,-0.04,0.02,1.0,1.0,1.0,1.0,1400.2,0.03540453386031534,-0.07017354998093814,-0.07441408160102783,0.052820131543201115,0.05884109409535145,0.015954067532799324,326.06395711651754,449.1726495906008,6.493457381834603,326.1477791017884,219.34930857760193,6.914301893814298,328.08939820708144,28.780285409627105,-6.027472149613179,-0.15276027816724794,-0.2169681655790962
54728600,35.222000,0.000000,0.000000,1023.75,1024.43,1025.31,1026.14,-0.04,0.02,1.0,1.0,1.0,1.0,1400.28,0.026715144078530515,-0.06356718787859812,-0.06602325409968476,0.052387873889890295,0.07589165712586193,-0.020167919240633745,326.06344763070695,449.1748923458625,6.469842858278043,324.64669517207307,219.3526907221642,7.59515113075657,323.7980513435676,29.25674009858178,-5.178640742881046,0.1499740257460699,-0.6433917588413002
54728701,35.323000,0.000000,0.000000,1023.64,1024.48,1025.35,1026.23,-0.04,0.02,1.0,1.0,1.0,1.0,1400.31,0.020599513631208908,-0.05848172408476202,-0.0577721847290457,0.049729997808180215,0.099563428304615,-0.03346830289356759,326.0630081477343,449.2854573278768,6.473453347497976,321.51923937444786,219.5565478349497,8.657387120004012,318.2658718983284,28.926883617562787,-9.707793800937212,1.133095673407981,-1.2884519589590968
54728800,35.423000,0.000000,0.000000,1023.7,1024.51,1025.17,1026.33,-0.04,0.02,1.0,1.0,1.0,1.0,1400.39,0.015429220350723156,-0.053708786323928386,-0.04732279699885117,0.045643106277356585,0.13549311611626508,-0.07716637795250686,326.06077652436534,449.3043755519002,6.457850525424237,320.01628759590096,219.6492814791634,9.603260044602408,310.7385573609597,29.07389610069704,-1.9837613989045555,1.5076685730570354,-0.22822255903622013
54728900,35.524000,0.000000,0.000000,1023.87,1024.23,1025.58,1026.08,-0.04,0.02,1.0,1.0,1.0,1.0,1400.36,0.01230964594067714,-0.05050805536981926,-0.03853934890561397,0.041181940007514295,0.10780171313205977,-0.03957202080010541,326.0587185171172,449.27101075610057,6.488073830111894,320.35840059985503,219.6248105908083,8.853243628970864,313.0300630520399,28.715194020284773,-3.1275573894471127,1.506190700137283,0.038986214409259645
54729001,35.623000,0.000000,0.000000,1024.08,1024.1,1025.48,1026.25,-0.04,0.02,1.0,1.0,1.0,1.0,1400.39,0.008620318117181974,-0.04543242511017023,-0.023787316390937206,0.04012473839137842,0.1210556383964799,-0.04160231123798543,326.06684827590135,449.2614326732058,6.508129497424529,321.55683215974284,219.53835814421126,8.691505151501108,317.2510926932917,29.02129316404989,-4.587909295554247,1.124709383629812,-0.9547383703204406
54729101,35.724000,0.000000,0.000000,1024.03,1024.18,1025.4,1026.23,-0.04,0.02,1.0,1.0,1.0,1.0,1400.32,0.006816131363712807,-0.04170415599983233,-0.014786599914379087,0.03497969046534061,0.08503417565793213,-0.06558307753153299,326.08086048549234,449.4547855423549,6.465604879658712,324.6598584450984,219.72194741376305,7.293674896905904,325.4264892325824,27.677789964689136,-6.063493894154118,0.4865184230353724,-0.93751255243176
54729201,35.824000,0.000000,0.000000,1024.11,1024.18,1025.56,1026.28,-0.04,0.03,1.0,1.0,1.0,1.0,1400.37,0.005641303124608298,-0.03843459508805334,-0.010430891245241653,0.03114204095639248,0.03182406541018325,-0.04570683685323724,326.0726108406496,449.38273943817256,6.474610734174824,325.86860545069356,219.72745797316688,7.049620418185004,326.76590164788144,27.806995994518356,-6.043918844789218,0.05089647707357782,-0.3696690833944257
54729301,35.924000,0.000000,0.000000,1023.89,1024.21,1025.42,1026.21,-0.04,0.03,1.0,1.0,1.0,1.0,1400.28,0.0047052594422695255,-0.03548579934246526,-0.008948483727432953,0.028635365921041534,0.008681682304010072,-0.023012174453702707,326.0801594712784,449.41004109062237,6.462174580044898,326.78373028269914,219.56000727727363,6.518712832516191,329.91685789345854,28.136632684263784,-6.487209609322312,-0.17538179791420788,-0.5869429997272821
54729401,36.023000,0.000000,0.000000,1023.94,1024.39,1025.2,1026.28,-0.04,0.03,1.0,1.0,1.0,1.0,1400.44,0.0038114959677514994,-0.03275350993233844,-0.008869286980225731,0.025824886397969756,0.0030480035157230386,-0.04861036927946584,326.0791038366067,449.3977700515508,6.449030029467936,325.64834289713076,219.74861830244518,7.344309188461568,326.404819563944,27.95786542144232,-5.806365006004698,0.10747156990422702,-0.44093263561305407
54729500,36.122000,0.000000,0.000000,1023.9,1024.34,1025.41,1026.3,-0.04,0.03,1.0,1.0,1.0,1.0,1400.34,0.0029709838476513263,-0.03044137645029041,-0.007963462462032972,0.02193831787658251,0.014891642555402401,-0.025391799291169765,326.07806808573974,449.4746289583369,6.466596334050531,324.77233333843714,219.7529397975886,7.43549078396892,323.57239808117833,27.68440609497036,-4.761496139774274,0.32566487210481565,-0.2933828688808973
54729601,36.225000,0.000000,0.000000,1023.94,1024.27,1025.53,1026.11,-0.04,0.03,1.0,1.0,1.0,1.0,1400.26,0.002301545301663663,-0.028298903247751646,-0.005794686954791878,0.021119883188802393,0.04120743222366679,-0.06427789284859431,326.0799605226494,449.47063621444784,6.472145387831333,325.1201649291999,219.71336159884115,7.436888371039292,325.18791177382354,27.78102293905084,-5.593370411822282,0.23934788096011975,-0.49891959776866357
54729700,36.323000,0.000000,0.000000,1024.02,1024.32,1025.35,1026.21,-0.04,0.03,1.0,1.0,1.0,1.0,1400.48,0.001855941661396859,-0.026265412843787788,-0.0038214250173307664,0.019718406512770844,0.016437646382280797,-0.029304635003939913,326.0811879044869,449.4747929438693,6.479575118107562,326.1353150077925,219.66096386377725,6.392818431942895,330.26089607659054,27.756299309584005,-6.823444691302062,-0.013494638385110091,-1.204570041884156
54729801,36.423000,0.000000,0.000000,1023.87,1024.16,1025.46,1026.24,-0.04,0.03,1.0,1.0,1.0,1.0,1400.48,0.0015265963095543965,-0.024612264552496512,-0.0031022163700902615,0.014402728566333102,0.004234285502286168,-0.058542280445528734,326.0751817896488,449.50596990962634,6.488975479356866,325.93490125870056,219.6870814389332,6.333602135609698,329.92003365420277,27.719835766236848,-6.663395775088617,0.03497311046303961,-1.2592036623517049
54729900,36.524000,0.000000,0.000000,1023.84,1024.11,1025.18,1026.33,-0.04,0.02,1.0,1.0,1.0,1.0,1400.38,0.0013013351801857177,-0.023710661833500627,-0.003100186818324443,0.011454540842090242,-0.010920190134361112,0.004787501203674222,326.07985556798775,449.5068118423142,6.4837747173517775,325.17443794195634,219.7011914571731,6.439676471967838,329.99227233401916,27.76498596020541,-7.020000190771389,0.2257400848441646,-1.88937263468062
54730000,36.623000,0.000000,0.000000,1023.98,1024.16,1025.41,1026.23,-0.04,0.02,1.0,1.0,1.0,1.0,1400.41,0.0010561606110920077,-0.022986496727576366,-0.0019274465253322824,0.004444054527320166,0.016221034399991816,-0.07937236118434182,326.0845808128524,449.58802466495894,6.459184535503449,325.5322180159907,219.8521056611445,6.198536562655957,327.98332056638276,27.327033525380255,-5.793168946971643,0.13775815368154687,-1.0049290677495515
54730100,36.723000,0.000000,0.000000,1024.0,1024.12,1025.43,1026.29,-0.04,0.02,1.0,1.0,1.0,1.0,1400.38,0.0009457574249374749,-0.022844260973117824,-0.0007192025704967334,0.00032935227170660555,0.004634262142038166,-0.01913029503919756,326.0809290523106,449.66913468748606,6.485763738857484,327.1697133871335,219.94540046488402,5.9098076784079145,332.1418024678752,26.714606914947577,-7.091235547736843,-0.2715534826949496,-0.9308655120056204
54730200,36.822000,0.000000,0.000000,1023.98,1024.1,1025.46,1026.24,-0.04,0.02,1.0,1.0,1.0,1.0,1400.33,0.0008539985501688516,-0.023001512261086654,-0.0012018727328478814,-0.002083067812566817,-0.010129888167425364,-0.0020017150890849185,326.0841103140431,449.6312495414352,6.496758654496749,329.0575263172791,219.93092570884414,5.037253862448412,339.23409262632845,27.33907409432626,-9.155051828983947,-0.7416388015432553,-1.5414222474254897
54730300,36.922000,0.000000,0.000000,1023.97,1024.13,1025.27,1026.21,-0.04,0.02,1.0,1.0,1.0,1.0,1400.26,0.0006007726527682164,-0.023341224568256953,-0.0036978137078389765,-0.004693794200207624,-0.03380795240765535,-0.03885210272874973,326.0784535189044,449.5907722828072,6.4653676750931135,329.91502306984,219.94071422562794,4.451771055135686,339.9011268370823,27.404229830675465,-8.652510311569719,-0.9571031601900466,-1.0548380839463638
54730400,37.023000,0.000000,0.000000,1023.98,1024.19,1025.55,1026.36,-0.04,0.02,1.0,1.0,1.0,1.0,1400.46,0.00018011750663324126,-0.023835285011381987,-0.006633591257481374,-0.007213539173395434,-0.04368748592249965,-0.02083358724021352,326.0835228990668,449.63303241095,6.484393119121744,329.70056885012366,219.9549249130657,4.186819024456939,341.4740643555298,27.452967023513978,-9.01632622534405,-0.9022380908146987,-1.6953967195192483
54730500,37.123000,0.000000,0.000000,1023.98,1024.17,1025.27,1026.25,-0.04,0.02,1.0,1.0,1.0,1.0,1400.43,-0.0009923902035455028,-0.02487373238789931,-0.01092600106115879,-0.00972805455495897,-0.025914032556283544,-0.036119945834645784,326.0825461257835,449.6665494733007,6.492863302132753,329.98432012332546,220.0602639346134,3.845587995102097,342.6566459246197,27.317351765854863,-9.210504221538685,-0.9735520391855482,-1.8145247400815794
54730600,37.222000,0.000000,0.000000,1023.94,1024.07,1025.19,1026.36,-0.04,0.02,1.0,1.0,1.0,1.0,1400.3,-0.002273490182554667,-0.026106403999104275,-0.013851733486603556,-0.013723060877175425,-0.023786726025672666,-0.03175840815401284,326.0792344031208,449.6099407645714,6.491696183987717,330.4806839124539,219.96039532353038,3.7310346571349418,343.5326997694916,27.503345616825538,-8.874723192842119,-1.0979930674836162,-1.683747536697131
54730700,37.323000,0.000000,0.000000,1024.15,1023.93,1025.2,1026.41,-0.04,0.02,1.0,1.0,1.0,1.0,1400.45,-0.003825816270276175,-0.027651033404062005,-0.016419220296948228,-0.016118451278814488,-0.01957457344081041,-0.009257747879460128,326.09095919171483,449.7042158345627,6.488256123499532,331.7398873205356,220.1381210235673,2.5354764140839996,347.5824973965864,27.331789869394985,-10.145065629644918,-1.4095915986601975,-1.8781732768968706
54730801,37.421000,0.000000,0.000000,1024.32,1023.67,1025.68,1025.96,-0.04,0.01,1.0,1.0,1.0,1.0,1400.42,-0.00569688750145911,-0.029377291430892682,-0.019940784292045648,-0.018026171183233432,-0.023528793524242177,-0.015018404584239737,326.08029179429644,449.58629414054474,6.477459366451617,333.7097695633859,220.24156919596672,1.3839459548155628,349.996387785348,27.419010302826816,-10.338921579378097,-1.6048400431475012,-1.9736290448917697
54730902,37.522000,0.000000,0.000000,1024.56,1023.62,1025.62,1026.01,-0.04,0.01,1.0,1.0,1.0,1.0,1400.35,-0.007351511255378237,-0.03084141009465024,-0.02327492598744228,-0.02039643784952319,-0.14745653243960596,-0.12254920518570499,326.09201595076445,449.4582935342179,6.465351088137693,337.20599028187354,220.4376153442976,-1.0417016356192421,349.996387785348,27.419010302826816,-10.338921579378097,-1.6048400431475012,-1.9736290448917697
54731000,37.623000,0.000000,0.000000,1024.57,1023.63,1025.57,1026.15,-0.04,0.01,1.0,1.0,1.0,1.0,1400.27,-0.010529307419158572,-0.033563490884833125,-0.02645278986409098,-0.022381855291800076,0.11623508330834124,0.10399860800771958,326.08954728247846,449.5591598769512,6.493769989589763,341.3084869543211,220.93127791892937,-3.182815353440661,381.66278427569074,32.85511671466634,-19.20887606038539,-3.8083565144018325,-4.493265596980172
54731100,37.723000,0.000000,0.000000,1024.36,1023.75,1025.28,1026.25,-0.04,0.01,1.0,1.0,1.0,1.0,1400.39,-0.012716690189546534,-0.035423836627956125,-0.031225890164297207,-0.026941264825686487,-0.09999632200695979,-0.10604997203332511,326.0852184378153,449.5721658613478,6.485319543156905,343.29544564601514,221.17161148626292,-4.037440008322644,386.27636019306,33.4362327302055,-19.541074498131483,-4.309155381859447,-4.2769835754235
54731200,37.823000,0.000000,0.000000,1024.25,1023.86,1025.52,1026.16,-0.04,0.01,1.0,1.0,1.0,1.0,1400.36,-0.016688201334155266,-0.03900482797924298,-0.045115933390628145,-0.04091656794364735,-0.14463155781378273,-0.12421632589638693,326.0871379108625,449.5827505506808,6.495741565891202,343.7680630373812,221.127598248464,-4.1397697139295175,386.4272685484943,33.26536574292093,-19.228621755543106,-4.425494434733895,-3.9426170702597982
54731300,37.921000,0.000000,0.000000,1024.25,1023.91,1025.6,1026.12,-0.04,0.01,1.0,1.0,1.0,1.0,1400.33,-0.02343448367425791,-0.044832292300704644,-0.0594816711186483,-0.049956491247760894,-0.11034972212302262,-0.0708922423636233,326.0892729606767,449.60589861757256,6.481468481860762,345.7706470207118,221.50060642924686,-4.838548529910556,392.43123012462826,34.41088636686844,-20.953344555887114,-4.931379602008613,-4.141241756098202
54731400,38.023000,0.000000,0.000000,1024.23,1023.81,1025.44,1026.21,-0.04,0.01,1.0,1.0,1.0,1.0,1400.35,-0.03007578654673662,-0.0502942781127985,-0.07048007370128587,-0.056982147794185437,-0.10371290114009103,-0.05605457670042284,326.0969114160263,449.668230010936,6.510533264546027,347.10275509309776,221.8890364833431,-6.056801139551064,399.30679075500103,35.66848539850582,-23.48502532565936,-5.26892555353058,-5.122163225333477
54731501,38.124000,0.000000,0.000000,1024.11,1023.85,1025.48,1026.1,-0.04,0.01,1.0,1.0,1.0,1.0,1400.3,-0.037744499278571854,-0.056448737506207755,-0.07991593050354498,-0.06418844007321833,-0.1050457886410182,-0.08633699520607968,326.0994622613157,449.71268257302665,6.474581155670755,348.6597154904608,222.14474479528204,-6.7538432485177635,403.1388907719741,36.349655828373166,-23.628259863105807,-5.6615950215392195,-5.019098612554123
54731601,38.223000,0.000000,0.000000,1024.2,1023.89,1025.52,1026.08,-0.04,0.02,1.0,1.0,1.0,1.0,1400.33,-0.04636745784232242,-0.06329906975993116,-0.09032566493515463,-0.07131686721314692,0.07923246060270686,0.07264726720005336,326.0996508724518,449.682487673595,6.493116343358986,350.1288788583193,222.38743142856578,-7.664307464608547,408.29242948786106,37.68533585657408,-25.095284781823267,-6.034791945887809,-5.4098738192366795
54731701,38.323000,0.000000,0.000000,1024.13,1024.01,1025.44,1026.1,-0.04,0.02,1.0,1.0,1.0,1.0,1400.35,-0.055825520076166445,-0.0707481265893146,-0.09690424393344022,-0.07618624786439056,-0.053022275957953426,-0.0364766334035756,326.10055097382593,449.71795123407173,6.512249215310206,351.9032321271646,222.73602441801427,-8.394431167762926,413.23344630825443,39.03547158468788,-26.099198147409794,-6.485386411659849,-5.4913152057055505
54731801,38.422000,0.000000,0.000000,1024.08,1023.9,1025.5,1026.11,-0.04,0.02,1.0,1.0,1.0,1.0,1400.29,-0.06605298963796527,-0.0787161018928664,-0.10504515172094409,-0.0811967681260574,-0.05124786639840978,-0.019822301832798594,326.1020544181869,449.73971047421645,6.485641743882867,352.6328723481727,222.89709011646426,-8.80467413148838,415.2064636701304,39.44911620102756,-26.44729881770218,-6.670832400258077,-5.4927006464225006
54731901,38.523000,0.000000,0.000000,1024.14,1024.03,1025.46,1026.14,-0.04,0.02,1.0,1.0,1.0,1.0,1400.43,-0.07698775968664456,-0.08703118472642744,-0.11147206489744144,-0.08408138927541736,-0.054217711562317264,-0.025630337366630045,326.10007076255414,449.6825727528326,6.4997300387584,353.8026294866241,223.03866003410212,-9.524657725129762,419.80187540489777,40.85583746307546,-27.225651675667194,-6.968664250543909,-5.976569010061768
54732001,38.622000,0.000000,0.000000,1024.05,1024.01,1025.52,1026.13,-0.04,0.02,1.0,1.0,1.0,1.0,1400.29,-0.08847997953252623,-0.09565964526848603,-0.11667225840846783,-0.08744264976788604,-0.021152967771289295,-0.011369267659916289,326.0983163551509,449.6864486247572,6.492303674984929,353.8468319693886,223.04383359003742,-9.598941612972602,419.76133684032584,40.84429367456963,-27.181281797893693,-6.980150467099782,-5.928352305408213
54732102,38.723000,0.000000,0.000000,1024.1,1024.02,1025.42,1026.12,-0.04,0.02,1.0,1.0,1.0,1.0,1400.39,-0.10032652453704015,-0.10451296689170247,-0.10872661778289268,-0.08112422537364221,0.34590025711984324,0.2600701772312984,326.1050861715053,449.71922238866944,6.489044627693485,354.50661422182344,223.31467142668012,-10.154099901840373,423.22654322144365,41.95041534890542,-28.468242645198753,-7.150171448987588,-6.45163484132795
54732202,38.829000,0.000000,0.000000,1024.06,1024.03,1025.39,1026.11,-0.04,0.02,1.0,1.0,1.0,1.0,1400.45,-0.11233356020252526,-0.11353968333766212,-0.11961198353919798,-0.0904658132129067,-0.28301056662289165,-0.22988126493256147,326.1164024158565,449.72938254175386,6.475129939840763,355.0924356108622,223.51515363796418,-10.981266323881881,426.874597490949,43.30676788856064,-29.664187912844177,-7.299332696717464,-7.1201433882409795
54732301,38.924000,0.000000,0.000000,1024.07,1023.94,1025.5,1026.05,-0.04,0.02,1.0,1.0,1.0,1.0,1400.49,-0.12137261989403467,-0.12048796138415988,-0.12914041982921914,-0.10021076355064498,0.11265975627795043,0.044563507509689584,326.113204760432,449.71811967804985,6.4837237247477475,356.4557210782935,223.84508599009374,-11.611484399041933,430.9644449434014,44.83107192985808,-30.66177239978417,-7.650990455697904,-7.2959408609999254
54732402,39.024000,0.000000,0.000000,1024.09,1023.92,1025.48,1025.98,-0.04,0.03,1.0,1.0,1.0,1.0,1400.4,-0.13643759690137688,-0.13245926351338183,-0.12265823000484888,-0.09885331448746203,0.4157304310237743,0.3042210875311253,326.11542913031343,449.741545825898,6.45897808293673,357.74561847196895,224.24653038679068,-12.125051425888566,434.730615095179,46.31164424042239,-31.2592443971597,-7.984783189988759,-7.426553925289408
54732501,39.123000,0.000000,0.000000,1024.12,1023.89,1025.51,1026.04,-0.04,0.03,1.0,1.0,1.0,1.0,1400.36,-0.14847878309943524,-0.14230783235569633,-0.11989890307792299,-0.09877092830726633,0.28588375818901357,0.21698388051152717,326.1098621540587,449.71350656008354,6.486558123156996,358.87996593165116,224.42291256887506,-13.040739811706727,439.4883733086724,48.30772463612846,-32.786713449488566,-8.276033000848145,-8.041634474132557
54732602,39.224000,0.000000,0.000000,1024.03,1023.99,1025.39,1026.04,-0.04,0.02,1.0,1.0,1.0,1.0,1400.35,-0.16049794939345097,-0.15236176703358947,-0.11942924522876579,-0.10092494215275416,0.059786618775963696,0.023924312984844483,326.1075456658765,449.7229509911299,6.461079279832393,360.49376528181415,224.79817360200124,-13.72039740358719,443.05953837611065,49.41817649341983,-32.88528518526145,-8.692008023873987,-7.826203309497522
54732701,39.324000,0.000000,0.000000,1024.07,1023.93,1025.51,1026.07,-0.04,0.03,1.0,1.0,1.0,1.0,1400.37,-0.17250680026833093,-0.16255944811234754,-0.11978347391934212,-0.10171250093219034,0.020995884177811872,0.021326225819341668,326.11105633946863,449.7123123857988,6.451804028128384,362.0836835967,225.14522081119702,-14.377404187367315,447.2263407389417,51.07469060099718,-34.091655358994295,-9.100698252828934,-7.863124946379354
54732801,39.431000,0.000000,0.000000,1024.17,1023.92,1025.54,1026.01,-0.04,0.02,1.0,1.0,1.0,1.0,1400.33,-0.1815226057269201,-0.1701746736586944,-0.10778457239510462,-0.09072603753762949,0.3113480317162062,0.27504549727292593,326.10698841255567,449.7275994310525,6.4946534417847275,363.8117519246282,225.55285245101655,-15.21056347472312,451.45388606663414,52.72077878038723,-34.72124459741784,-9.547424838714466,-7.7944499769418165
54732902,39.524000,0.000000,0.000000,1024.09,1024.06,1025.39,1026.03,-0.04,0.02,1.0,1.0,1.0,1.0,1400.34,-0.19358927340919488,-0.1801642772890295,-0.12336770382410409,-0.10086965129310405,-0.3465428476041101,-0.24989675066007166,326.1118656403066,449.723701738952,6.486612933508308,364.2112865084619,225.80673318994386,-15.819368131883643,455.0247949247689,54.67607306860979,-35.411308407953975,-9.656385310369185,-8.640676240631773
54733003,39.624000,0.000000,0.000000,1024.17,1023.99,1025.48,1026.1,-0.04,0.02,1.0,1.0,1.0,1.0,1400.43,-0.20570499660948885,-0.1899585390547876,-0.1262567231241962,-0.10193870768215225,-0.6285053074685185,-0.5110592597409405,326.10974971606294,449.7571238472156,6.464696153022921,364.9875169600653,226.09714391719777,-16.468054797222837,457.7497128724155,56.09920097016414,-36.441802597391145,-9.860928159330712,-8.897965453842158
54733102,39.725000,0.000000,0.000000,1024.14,1024.07,1025.55,1026.07,-0.04,0.02,1.0,1.0,1.0,1.0,1400.41,-0.22075774233855103,-0.2022170533477576,-0.12104775226840127,-0.09916011851785766,0.48644502019256897,0.3866378086168329,326.1060536920676,449.80074928210314,6.503153899239525,366.37417152107435,226.60445535883193,-17.295103252698357,462.2163771009198,57.91974895250147,-37.23199388734676,-10.22704297667495,-9.150011064922076
54733203,39.825000,0.000000,0.000000,1024.04,1024.15,1025.41,1026.1,-0.04,0.02,1.0,1.0,1.0,1.0,1400.26,-0.2297153229300613,-0.20958340108058784,-0.1377933997644232,-0.11352880057267105,-0.8271424472041631,-0.6902636269684983,326.1289391098152,449.82545342942205,6.512734659972875,366.55873189656154,226.8838892905707,-17.98435325977778,465.35452367666505,59.58006109596818,-37.58810640389872,-10.27871369715114,-10.00515498207556
54733303,39.925000,0.000000,0.000000,1024.02,1024.05,1025.55,1026.1,-0.04,0.02,1.0,1.0,1.0,1.0,1400.35,-0.244485467561143,-0.22198785515705519,-0.11638663382170969,-0.09977651746182722,0.0019439924041046541,-0.0467601424916809,326.11804879351286,449.80563536739635,6.501496134730305,366.4433236189205,226.89162700987998,-18.219072874516147,465.9303693074892,60.29293032871048,-37.69083413003227,-10.253946295402793,-10.336312341957278
54733404,40.026000,0.000000,0.000000,1024.06,1024.18,1025.34,1026.21,-0.04,0.02,1.0,1.0,1.0,1.0,1400.45,-0.2531609322752818,-0.22962337945526248,-0.11405995367109553,-0.10178857433914612,0.07320691638208948,0.007692437491467777,326.11066188074375,449.79516780003206,6.514340281570472,366.3871648609106,226.88752783375702,-18.39051515457466,466.6990808615635,60.95285933747631,-38.448044006453486,-10.242093609176914,-10.669889539978588
54733504,40.127000,0.000000,0.000000,1024.17,1024.02,1025.22,1026.02,-0.04,0.02,1.0,1.0,1.0,1.0,1400.31,-0.26712562310541726,-0.24271161031968888,-0.11116013805864615,-0.10765303584741095,-0.003581937858859349,-0.07062519768954309,326.1307686217106,449.80872286262615,6.486694663705634,369.14084276204346,227.66368217518905,-19.519108066189045,470.9721146902331,63.00809714125201,-39.335848338297595,-10.957607697690388,-9.81950985795229
54733604,40.227000,0.000000,0.000000,1024.13,1024.05,1025.31,1026.15,-0.04,0.02,1.0,1.0,1.0,1.0,1400.31,-0.27786728805727223,-0.25325001177607764,-0.10687508593630801,-0.10445866400054594,0.03027622072710384,0.05033845381635616,326.12027164685264,449.81247807235104,6.509140287969591,370.4447927985578,228.08520188419237,-19.857845602935388,473.823537932791,64.28486877023418,-40.34890082865612,-11.304730932640597,-9.647650888010777
54733704,40.326000,0.000000,0.000000,1024.23,1024.01,1025.34,1026.22,-0.04,0.02,1.0,1.0,1.0,1.0,1400.27,-0.29363224674597627,-0.26821431140042995,-0.10433118634557752,-0.09871362301427487,0.07167577740149278,0.11562611024114512,326.13296691496464,449.83540170295237,6.495486265218935,372.3044314624217,228.7654273613163,-21.3094633440689,478.5006816235509,67.01337023640558,-40.636909061412204,-11.796905867332168,-9.692578482009687
54733805,40.426000,0.000000,0.000000,1024.2,1024.03,1025.39,1026.2,-0.04,0.02,1.0,1.0,1.0,1.0,1400.38,-0.29886804561993224,-0.27291491434851084,-0.10418509726595782,-0.09282574674458233,0.022753949755752203,0.07707100522720878,326.13955853193085,449.9229504614692,6.540457704237681,374.40786772432676,229.66509038483642,-22.344809097244198,484.72786769767197,70.05617747364808,-41.781168760095305,-12.360659105660236,-9.930501735770001
54733904,40.528000,0.000000,0.000000,1024.27,1023.99,1025.44,1026.03,-0.04,0.02,1.0,1.0,1.0,1.0,1400.33,-0.3093766226744683,-0.28191066751774174,-0.1049868837421769,-0.08754436745454186,-0.010126342177761337,0.05556230950642847,326.13215181376864,449.89155713233146,6.500585157768231,376.26239117840936,230.41174083464415,-23.293314323773828,490.2788859427367,72.98810043325034,-43.275600731888005,-12.865927102792797,-10.18265941411077
54734004,40.627000,0.000000,0.000000,1024.17,1023.99,1025.34,1026.1,-0.04,0.02,1.0,1.0,1.0,1.0,1400.27,-0.3200420463332655,-0.29038206493583035,-0.10746191820857942,-0.08309221623041607,-0.05912215954389274,0.009953402715840241,326.1412823468715,449.9153195035091,6.529392430585864,378.1600744300705,231.0494923264186,-24.239452397888034,494.9795543524404,76.35897019949209,-43.424235815438145,-13.369673928548085,-10.320093692001244
54734104,40.728000,0.000000,0.000000,1024.15,1023.97,1025.47,1026.15,-0.04,0.02,1.0,1.0,1.0,1.0,1400.33,-0.32816740462473054,-0.2964603914673284,-0.10850300033525989,-0.07975958776960175,0.06657784128876244,0.10741322439972467,326.1410824488517,449.9169788802365,6.533691224466701,379.31594030055874,231.6122154929574,-25.12630548179003,498.4190712281506,78.5410809260909,-44.574403991731145,-13.689568104419022,-10.506994747427097
54734204,40.831000,0.000000,0.000000,1024.15,1023.94,1025.42,1026.11,-0.04,0.02,1.0,1.0,1.0,1.0,1400.34,-0.3420195362222598,-0.30611555340521795,-0.11266665318849939,-0.0759471804824527,-0.22748493482379387,-0.10744305429419139,326.1417478801715,449.9384659490086,6.530130471303094,380.63165543564736,232.141701284204,-25.691481887355092,501.92227890912557,80.40026255344951,-44.344193141269514,-14.046324208070285,-10.543546458679643
54734304,40.926000,0.000000,0.000000,1024.08,1024.05,1025.34,1026.07,-0.04,0.02,1.0,1.0,1.0,1.0,1400.45,-0.35334887822059197,-0.3134749096107743,-0.11991833884714695,-0.0758835952888547,-0.22872057969184292,-0.08634858093727198,326.1343739926506,449.9281519952034,6.515648495500295,382.1199017395425,232.66074148487027,-26.42062131507124,504.9197135377081,82.45259567394598,-45.790618440802355,-14.44965181665528,-10.367758661033172
54734405,41.026000,0.000000,0.000000,1024.05,1024.1,1025.38,1026.14,-0.04,0.02,1.0,1.0,1.0,1.0,1400.44,-0.364885553959423,-0.3203885810223528,-0.11559934442880132,-0.0668575347551119,0.0195685747466947,0.07728880362400006,326.14002296716797,449.9321732633833,6.531166658760621,383.41650350350653,233.19552369319248,-27.071264221817458,508.54274441297014,84.98936178336092,-45.5558852348037,-14.803011601472777,-10.567426452586577
54734506,41.128000,0.000000,0.000000,1024.09,1024.06,1025.3,1026.22,-0.04,0.02,1.0,1.0,1.0,1.0,1400.45,-0.3825701449890962,-0.3297852861526139,-0.12095931358004394,-0.06073590891214457,-0.06311272494885531,0.022207609945244115,326.1395182338321,449.96591231056226,6.541842171787147,383.7656339346192,233.4064000324038,-27.154136750861095,509.423037330689,85.15371935480763,-45.77338085093397,-14.901009275120053,-10.482239038247194
54734605,41.226000,0.000000,0.000000,1024.05,1024.09,1025.41,1026.13,-0.05,0.02,1.0,1.0,1.0,1.0,1400.38,-0.39445794834438297,-0.3354767838405964,-0.1185515320326138,-0.05542139599558126,0.001590060632824925,0.04671228424188496,326.14610643520047,449.9568937527214,6.502724548633304,383.9935449026959,233.52378626405937,-27.274302973847444,510.6738816635697,86.16952499835477,-46.206647099195806,-14.964022257563984,-10.757577005928535
54734706,41.327000,0.000000,0.000000,1024.11,1024.1,1025.4,1026.21,-0.05,0.02,1.0,1.0,1.0,1.0,1400.52,-0.4062894515968527,-0.34077861143257443,-0.11678380746862049,-0.05302398756787871,0.03608580472564812,0.049004875185680766,326.1410111156853,449.97436171714656,6.507167218144389,386.6557451747431,234.6182032325115,-28.433191607051054,514.9636029822108,88.92922148470149,-47.11346324345107,-15.695277575724338,-9.97972249414045
54734806,41.427000,0.000000,0.000000,1024.04,1023.9,1025.53,1026.11,-0.05,0.02,1.0,1.0,1.0,1.0,1400.35,-0.41221922985714965,-0.34319523947525005,-0.11843987187237416,-0.04721049170944337,-0.02951631758647247,0.07228475709132948,326.1461701999325,449.9802318037669,6.526636463032071,387.8213668545659,235.10104670720668,-29.052451131910995,516.9815360646394,90.2575587503047,-47.47269571265027,-16.01500856544507,-9.694082813874402
54734906,41.528000,0.000000,0.000000,1024.07,1024.09,1025.46,1026.16,-0.05,0.02,1.0,1.0,1.0,1.0,1400.26,-0.42118373680705734,-0.3464185035461559,-0.1187780677035338,-0.040366087369237164,0.2260550626029311,0.17479624044065792,326.139808166003,449.9983991220907,6.494358047328485,390.4813002864018,236.2713181687849,-30.0882251460086,523.0581253598689,94.50206830243849,-47.924642655469874,-16.75416444238256,-9.572598012046377
54735006,41.628000,0.000000,0.000000,1024.06,1024.09,1025.5,1026.28,-0.05,0.02,1.0,1.0,1.0,1.0,1400.34,-0.43332478382512096,-0.3499169934227026,-0.12123045347892941,-0.03141928353374139,0.002192379666409336,0.09011438542798324,326.1493274752091,449.95516157507006,6.524973449835713,390.88832038985277,236.43545361127613,-30.32169759970801,525.1598437826874,96.25301715674178,-48.662511372786334,-16.867258670313603,-10.031694584056751
54735106,41.727000,0.000000,0.000000,1024.05,1024.04,1025.33,1026.22,-0.05,0.02,1.0,1.0,1.0,1.0,1400.38,-0.4487586765779415,-0.35322065293236904,-0.12515094111602573,-0.0239035996852638,0.006559621018401723,0.04962632981261193,326.14236624038557,449.9685354503326,6.494756569770589,392.386811426725,237.12268403671413,-31.337751464199226,527.4884671652138,98.3061426106277,-49.301457378965495,-17.28781459781186,-9.647371593105028
54735207,41.830000,0.000000,0.000000,1024.08,1024.03,1025.51,1026.16,-0.05,0.02,1.0,1.0,1.0,1.0,1400.23,-0.46433167122525826,-0.355708657180969,-0.12098084697343318,-0.016464630457533592,-0.21839265111572626,0.02262039961613619,326.1447269905896,449.9304840042039,6.522300126770924,394.4361365261338,237.82037073792455,-31.97854139672593,531.8841975921854,101.36243254796197,-50.81785952909904,-17.84658906842423,-9.513935307396508
54735307,41.930000,0.000000,0.000000,1023.95,1024.09,1025.42,1026.25,-0.05,0.02,1.0,1.0,1.0,1.0,1400.4,-0.48011473477947714,-0.35727765361194597,-0.12789521434838255,-0.014297019661613742,-0.0832720400218309,0.05500862072196189,326.15898618712635,449.9620450803991,6.491720840193956,395.1614577055183,238.17989720207217,-32.332024154093844,533.562417749274,102.54372106695601,-50.77186600661053,-18.046550585375797,-9.484941195770745
54735407,42.029000,0.000000,0.000000,1023.98,1024.22,1025.52,1026.25,-0.05,0.02,1.0,1.0,1.0,1.0,1400.28,-0.48648322543078387,-0.3576562607615773,-0.12768888723368607,-0.006981801304838447,0.39308041260957477,0.07411411064125979,326.151297289568,449.9358005003133,6.490058580496034,395.1004706067894,238.1983536188091,-32.202825561352995,534.5384462436881,103.08284016362094,-50.40322629975083,-18.03707466175314,-9.827818385261601
54735507,42.129000,0.000000,0.000000,1023.71,1024.31,1025.29,1026.33,-0.04,0.02,1.0,1.0,1.0,1.0,1400.32,-0.4960359511886262,-0.35803678372594266,-0.12782567611696613,-0.004282381696508125,-0.010727053440277015,0.03053230291012677,326.09883395386686,449.92003985515504,6.572510344977911,395.5114964458375,238.52275347639682,-32.39739724003419,534.4928313546084,102.9137064225227,-50.63466933529224,-18.17768316971452,-9.348256805490692
54735607,42.229000,0.000000,0.000000,1023.77,1024.31,1025.0,1026.59,-0.05,0.02,1.0,1.0,1.0,1.0,1400.4,-0.5117825308492943,-0.35817488180778745,-0.124739345988285,0.0022115116529649584,0.037890651050508345,0.08563797704997622,326.15138786260553,449.9738788866669,6.50149056290225,396.6051529541803,238.7223761260948,-31.77076450580367,531.3114799994074,99.15727897448917,-50.05559765682495,-18.44388175919944,-7.097337079871394
54735708,42.330000,0.000000,0.000000,1023.64,1024.39,1025.2,1026.41,-0.05,0.01,1.0,1.0,1.0,1.0,1400.35,-0.5241494887270015,-0.35723254768444984,-0.1227280730302658,0.015035829676784226,0.003083893608651381,0.1722969751014956,326.1121953776666,449.8604163369897,6.562450751038442,397.5077899353247,238.7780117515866,-31.66835502416944,526.1730662221825,95.96214238807963,-46.94311534781345,-18.687369860749744,-4.64149431501184
54735807,42.430000,0.000000,0.000000,1023.48,1024.45,1025.31,1026.33,-0.05,0.01,1.0,1.0,1.0,1.0,1400.3,-0.5362899740998066,-0.35424239427120563,-0.12043275111498312,0.0393185722807521,0.010551530257747676,0.2530310100969892,326.15367931012406,449.92712878819384,6.518948898507816,395.9485564656267,237.9238404430759,-30.98821115391171,523.0831363604723,93.47451408267625,-47.30475882637919,-18.22237261064812,-4.907317584445423
54735907,42.529000,0.000000,0.000000,1023.51,1024.43,1025.24,1026.25,-0.05,0.01,1.0,1.0,1.0,1.0,1400.19,-0.5480473348961058,-0.34895016180450616,-0.1153406114542644,0.06008317137065391,0.010899607671374942,0.20449918030736455,326.15940515873837,449.8715189346918,6.47424101733097,392.8023404755514,236.3315884598001,-29.14092870389549,516.3537976948273,88.54534672058057,-46.04081458393213,-17.332439522293697,-5.231236995119971
54736007,42.630000,0.000000,0.000000,1023.42,1024.58,1025.37,1026.31,-0.05,0.01,1.0,1.0,1.0,1.0,1400.24,-0.5589924735775024,-0.3420021552094719,-0.10570500289386581,0.07477613970539923,0.10752636744413464,0.13346275916231978,326.16517593221914,449.8621874826526,6.493813235194096,390.2628543078077,235.107388868354,-28.0923386575838,509.90428884045497,85.11697658327346,-45.12630008930753,-16.625875576439256,-5.326231645294342
54736108,42.731000,0.000000,0.000000,1023.34,1024.51,1025.51,1026.29,-0.05,0.02,1.0,1.0,1.0,1.0,1400.27,-0.5730528042639413,-0.32949309707448055,-0.09169973918550775,0.08443040145086457,0.12817887841603098,0.09809876244553306,326.1400538222131,449.77916744261097,6.478583226371105,388.73195510778766,234.377386459445,-27.367369224275368,509.90428884045497,85.11697658327346,-45.12630008930753,-16.625875576439256,-5.326231645294342
54736208,42.830000,0.000000,0.000000,1023.3,1024.59,1025.35,1026.28,-0.05,0.01,1.0,1.0,1.0,1.0,1400.34,-0.5770506819036455,-0.3249369533953095,-0.07868630415018973,0.09235867836298801,0.12467837372517342,0.07343450694543381,326.14242451442476,449.7920183378284,6.469248595935236,386.7702161459894,233.52565983529507,-26.31843319966815,509.90428884045497,85.11697658327346,-45.12630008930753,-16.625875576439256,-5.326231645294342
54736308,42.929000,0.000000,0.000000,1023.35,1024.58,1025.4,1026.18,-0.05,0.02,1.0,1.0,1.0,1.0,1400.39,-0.5869721498963107,-0.31060350810837006,-0.05556551911782784,0.09689513842774573,0.19812348241960875,0.014363495729897814,326.13225043889327,449.7937276917426,6.482320130722386,384.1641626864535,232.5166048939347,-25.00811880347557,495.4408137422367,76.32764760540611,-42.21980653487986,-14.953903528022103,-5.560123159576648
54736407,43.030000,0.000000,0.000000,1023.42,1024.56,1025.45,1026.2,-0.05,0.01,1.0,1.0,1.0,1.0,1400.37,-0.5893876968461569,-0.3057354617367885,-0.045891705125598745,0.09736836474963319,0.15566854087542276,0.07326396677456894,326.1298746107383,449.7570496180288,6.460955015608557,383.1859387948246,231.81674221503013,-23.930639255956518,490.2302261855296,72.93075846196565,-40.91093721743613,-14.67060161481318,-4.62764030595072
54736507,43.129000,0.000000,0.000000,1023.24,1024.55,1025.43,1026.06,-0.05,0.02,1.0,1.0,1.0,1.0,1400.35,-0.5938578858282615,-0.2908677305254843,-0.018199228785814984,0.10086784624146221,0.19266132242638473,0.007642920248336699,326.1175346861012,449.6738765780614,6.478732202163017,380.3538946686104,230.520079021614,-22.302776439771122,482.74090171298496,69.18163498478849,-39.66569781100618,-13.900314882709193,-4.598994792163836
54736607,43.233000,0.000000,0.000000,1023.37,1024.56,1025.43,1026.19,-0.05,0.02,1.0,1.0,1.0,1.0,1400.44,-0.5944165541358283,-0.2857677008487135,-0.008820109947756465,0.10226670703848857,0.1909516533578292,0.0010472146151253765,326.1215009552312,449.7109438706093,6.463638047045978,378.3611157014478,229.80283023444798,-21.090893509321944,478.0979785742112,66.0064590329644,-38.5024872792766,-13.363039335263212,-4.611476026636591
54736708,43.332000,0.000000,0.000000,1023.22,1024.45,1025.55,1026.13,-0.05,0.02,1.0,1.0,1.0,1.0,1400.27,-0.5932902917736572,-0.270352216124806,0.009960500494137818,0.10286120259881404,0.1854704638373943,0.00055734836891346,326.12144483532177,449.70230428999696,6.479017898718021,377.1105616806198,229.25577335010732,-20.134526510194235,476.1272120928932,64.52711808122083,-37.7488225373753,-13.206317115063955,-4.384288461111375
54736808,43.429000,0.000000,0.000000,1023.34,1024.52,1025.39,1026.1,-0.05,0.02,1.0,1.0,1.0,1.0,1400.44,-0.5903599623648752,-0.26009528303048396,0.03536065084901185,0.10144943788532428,0.16710509733382192,-0.01812599477644274,326.1159587751815,449.7400739633533,6.4681359164847665,375.8257402704624,228.8249863467196,-19.438859213502212,472.0708085912042,61.78958800076119,-37.74024831537827,-12.681342976442778,-4.587672723337992
54736909,43.531000,0.000000,0.000000,1023.27,1024.54,1025.37,1026.22,-0.05,0.02,1.0,1.0,1.0,1.0,1400.3,-0.5857483157223768,-0.24996469776852073,0.05250463859899951,0.10118134531793872,-0.08372463764597952,-0.5375840774779543,326.111770816695,449.7182181536235,6.475577698131641,373.6981099812484,228.06544716190368,-18.172113404322495,465.55059338492396,58.32972438886645,-36.067601161619145,-12.1168294488184,-4.186376448835421
54737009,43.629000,0.000000,0.000000,1023.25,1024.59,1025.48,1026.28,-0.06,0.02,1.0,1.0,1.0,1.0,1400.37,-0.5795301552250735,-0.23997024087382438,0.06867203545562986,0.1004813329967927,0.16269769857533006,0.0017903794668368946,326.1251247207557,449.6690188020355,6.461155337910349,371.92275206006735,227.38463334726822,-16.99137321841739,459.47136238693565,55.930399202938254,-35.15206936520654,-11.641842140625348,-3.7662532622641827
54737108,43.731000,0.000000,0.000000,1023.24,1024.57,1025.53,1026.15,-0.05,0.02,1.0,1.0,1.0,1.0,1400.42,-0.5758531906625282,-0.2350046833284319,0.07617791548122477,0.10034990098995089,0.17945384672846607,0.03925025339220907,326.10693505670264,449.6231260704754,6.462659593063093,369.2990877433313,226.34509191364324,-15.195928143754156,451.056583022373,52.16319303261137,-33.19912281019874,-10.948385771453063,-3.2476487841197788
54737208,43.835000,0.000000,0.000000,1023.13,1024.71,1025.35,1026.2,-0.06,0.02,1.0,1.0,1.0,1.0,1400.34,-0.5627542311680483,-0.2201629779568023,0.09616645583678857,0.0996146318503198,0.1345997223383275,0.012473859217730436,326.1064341038687,449.6269646841405,6.42542161390479,367.66697744922527,225.86248626330826,-13.944685635147906,445.38117984956733,49.417606564447865,-32.41992351669042,-10.521844442769748,-2.7271461781458264
54737309,43.933000,0.000000,0.000000,1023.04,1024.69,1025.47,1026.13,-0.06,0.02,1.0,1.0,1.0,1.0,1400.46,-0.5551327659640556,-0.2126926099376023,0.10411332912250171,0.09946972396564507,0.1059575891809239,0.001823648843835799,326.1029685290678,449.4837342254926,6.428308876459541,366.1777583514792,225.35161272766024,-13.207542763395978,445.38117984956733,49.417606564447865,-32.41992351669042,-10.521844442769748,-2.7271461781458264
54737409,44.030000,0.000000,0.000000,1023.05,1024.74,1025.42,1026.15,-0.06,0.02,1.0,1.0,1.0,1.0,1400.45,-0.5411497980517049,-0.20017854823078102,0.11646573397650013,0.1003000468808149,0.0739547430013023,-0.009176330312456715,326.1040385049723,449.4329733758156,6.422776149789755,360.8828487398069,223.8774058803093,-10.50409436595728,427.9659945687067,44.39737886367743,-29.178475674071464,-8.765505262290198,-2.962915271600046
54737508,44.131000,0.000000,0.000000,1023.08,1024.72,1025.43,1026.28,-0.06,0.02,1.0,1.0,1.0,1.0,1400.47,-0.5320258956552116,-0.19276258831286058,0.12519117113529615,0.09818026300643173,0.15338643549376194,-0.02514978949466416,326.09943848227385,449.43273358733836,6.424553967702352,358.520809329416,223.31474861351336,-9.447417351453282,421.35871488264576,42.359921841555106,-28.041158014790483,-8.159601115607703,-2.8307347070588307
54737609,44.230000,0.000000,0.000000,1023.03,1024.63,1025.27,1026.24,-0.05,0.02,1.0,1.0,1.0,1.0,1400.31,-0.5150647308090023,-0.18079279035757237,0.14154781950028306,0.09367521854269185,0.09189912574999869,-0.05375303013103288,326.0997288705431,449.4537411149013,6.452300516860187,357.39356650435695,223.0751594457764,-8.939945338067862,417.90752319034124,41.33576576504415,-26.80951959313735,-7.8705013368073375,-2.6752625285559315
54737708,44.330000,0.000000,0.000000,1023.03,1024.6,1025.26,1026.23,-0.05,0.02,1.0,1.0,1.0,1.0,1400.32,-0.5077191271989042,-0.17613595206366134,0.14819221993073994,0.0926667905332231,-0.5552305001037826,-0.4603160743199292,326.0976217489576,449.5016090492298,6.444113583116376,353.57824431259303,222.25885056457247,-6.279822839397849,417.90752319034124,41.33576576504415,-26.80951959313735,-7.8705013368073375,-2.6752625285559315
54737809,44.430000,0.000000,0.000000,1023.15,1024.65,1025.45,1026.11,-0.05,0.02,1.0,1.0,1.0,1.0,1400.4,-0.48433741866826774,-0.16269446311240854,0.159258868074956,0.08683460592147976,-0.03139663626464572,-0.08134660579081421,326.0849362823248,449.53808018625,6.464034372567317,352.4484633612759,222.12617515829015,-5.765564208637803,401.0235578666967,35.77723786219763,-22.368193945252642,-6.612944080040665,-1.3841405647162475
54737908,44.530000,0.000000,0.000000,1023.09,1024.68,1025.36,1026.17,-0.06,0.02,1.0,1.0,1.0,1.0,1400.25,-0.46765129549457973,-0.15392288491244152,0.16929932507882828,0.08643386377545242,0.0371097213419608,-0.06164156085312666,326.0889317762144,449.4803569806683,6.458040659037346,348.30170906900764,221.4815532767298,-4.020412025306748,392.4162968102088,34.24075491256522,-21.178814450535313,-5.5644787961502,-2.1283576506520294
54738009,44.632000,0.000000,0.000000,1023.16,1024.69,1025.43,1026.23,-0.06,0.02,1.0,1.0,1.0,1.0,1400.4,-0.45441395718826094,-0.14749313378096343,0.18014131914867804,0.08533734947661178,0.08165544564947846,-0.04818866377714299,326.0860452290661,449.4932674121464,6.478731873142381,345.5731454285044,221.09598798438262,-3.0186180612159217,385.77836101423753,33.42692876726182,-20.0924766873212,-4.876726405557915,-2.3385070245050557
54738109,44.731000,0.000000,0.000000,1023.19,1024.67,1025.33,1026.27,-0.06,0.02,1.0,1.0,1.0,1.0,1400.35,-0.431064186629088,-0.13727696574970236,0.18591142626125698,0.08109293690899383,0.051579683165205774,-0.06858295576612766,326.0989542643071,449.5526959188979,6.473837046069409,345.13288095785947,221.09806075783962,-2.8081243690099655,382.41906549011003,32.397982462269816,-18.45046967833228,-4.762655488946364,-1.652061760800363
54738209,44.832000,0.000000,0.000000,1023.23,1024.63,1025.22,1026.23,-0.06,0.02,1.0,1.0,1.0,1.0,1400.36,-0.41149524027813167,-0.12935337965917143,0.19674576079385764,0.07870843128481828,0.001461235211125811,-0.01567984836159438,326.07637868941,449.5609685763461,6.468881358515043,343.2995977607315,220.83262169276628,-0.9880947475751871,373.41619521681423,30.583405795414386,-15.955339114578612,-4.306239194974274,-0.38284493534848885
54738309,44.931000,0.000000,0.000000,1023.3,1024.68,1025.36,1026.25,-0.06,0.02,1.0,1.0,1.0,1.0,1400.27,-0.3964843880909603,-0.12331098692695901,0.1985040955491618,0.08024785701437424,-0.1270291916074821,-0.03877504628341908,326.0891850696116,449.61581899539556,6.464273698599399,340.55434817329586,220.5743477966117,0.06211667640488552,367.0797838238911,29.6050664126665,-14.778921264599662,-3.6137277611476755,-0.6802736079335103
54738409,45.032000,0.000000,0.000000,1023.41,1024.56,1025.36,1026.2,-0.06,0.02,1.0,1.0,1.0,1.0,1400.29,-0.37091130876456657,-0.11302471083018274,0.20841993842749687,0.08303292346245536,0.2571856533195846,0.08223389811366248,326.09252809006415,449.6356521054941,6.4852233558565615,338.4825042255645,220.46881205127343,0.8684840636990028,361.43093449088485,28.821541800625006,-13.205246367115452,-3.0947010695085595,-0.6388581437123335
54738510,45.132000,0.000000,0.000000,1023.28,1024.51,1025.46,1026.16,-0.06,0.01,1.0,1.0,1.0,1.0,1400.33,-0.3500261801291365,-0.10482983858009698,0.2136157703615049,0.0831734957296755,0.26939428665208526,0.09007788937551167,326.07868829552314,449.5846848093634,6.492560607009383,337.1657589568344,220.27236668737459,1.6100056539747003,357.22279874829167,28.5309052890747,-12.287983261339255,-2.7680504198305314,-0.4355837556236226
54738609,45.232000,0.000000,0.000000,1023.32,1024.46,1025.49,1026.2,-0.06,0.01,1.0,1.0,1.0,1.0,1400.27,-0.32893583560636874,-0.09671236652412578,0.21333509870957354,0.08133912794020398,0.09619410177206374,0.011466754422490347,326.0882997834501,449.54226469869354,6.478525955238114,335.0719943057258,220.14834708674567,2.541658607475061,352.24423200800476,28.26017536111495,-11.489288610934915,-2.2427136618749275,-0.6283987957013641
54738710,45.331000,0.000000,0.000000,1023.46,1024.48,1025.44,1026.16,-0.06,0.01,1.0,1.0,1.0,1.0,1400.38,-0.3077507816894563,-0.08881491002301867,0.21224219015570964,0.07811630841181322,-0.00735080914232141,-0.027497079699948086,326.0795011964979,449.6034628756513,6.490439242181295,333.64077725933527,220.05047019981166,2.987456331663103,347.6176743497487,27.68788373998648,-9.811027829499492,-1.8865910673406763,-0.3825760694942879
54738810,45.431000,0.000000,0.000000,1023.57,1024.47,1025.41,1026.16,-0.06,0.01,1.0,1.0,1.0,1.0,1400.42,-0.28658080356402565,-0.08115729695319802,0.21151922895042358,0.07568096552869674,0.00802936211902876,-0.020662201575497197,326.07955457573877,449.64603253947683,6.49114698717111,332.7245300921673,220.04404129458905,4.06509914168415,344.7887323337003,27.315812551021402,-9.474082585723478,-1.6577504582045326,-0.2663675084769186
54738909,45.532000,0.000000,0.000000,1023.56,1024.41,1025.4,1026.14,-0.06,0.01,1.0,1.0,1.0,1.0,1400.46,-0.26559271917293487,-0.0737506488321417,0.20921363260949027,0.0734980267549569,-0.01586526952664838,-0.01045784669091862,326.0775678791962,449.61254756728425,6.465962282172384,331.9007400140907,219.93140364090195,4.2815271287092,341.7182123685067,27.13610332609352,-8.343764901794426,-1.4523252590570765,-0.010432441839375528
54739010,45.631000,0.000000,0.000000,1023.57,1024.38,1025.43,1026.05,-0.06,0.01,1.0,1.0,1.0,1.0,1400.35,-0.24495558084731503,-0.0665241692319187,0.20491890309174135,0.0714874801430938,-0.4626485323257172,-0.17174870916924542,326.07713291101925,449.5954977230812,6.459990750506387,331.0334637043293,219.94306431292222,4.975054165512978,339.9542315699946,27.394414043439912,-8.556500411684471,-1.2363585894820714,-0.17989615501937584
54739110,45.731000,0.000000,0.000000,1023.65,1024.5,1025.45,1026.09,-0.06,0.01,1.0,1.0,1.0,1.0,1400.34,-0.22480349122762863,-0.059581197938275134,0.19914256188893015,0.0680251729560468,-0.07334266116891568,-0.041382470455936585,326.0823076234996,449.566793928385,6.464023280124221,329.3261841206514,219.9097571561254,5.452974587971545,336.7794841867159,27.38915735169147,-8.1674975822089,-0.8092417988809176,-0.5985751442765574
54739210,45.831000,0.000000,0.000000,1023.57,1024.35,1025.52,1026.04,-0.06,0.01,1.0,1.0,1.0,1.0,1400.32,-0.20517603716851224,-0.053105859867000435,0.19491567379714442,0.06220125806622137,-0.05627637854313726,-0.08478743062554071,326.07246514686386,449.4890297384153,6.479533141053227,326.8788298098739,219.7172438976653,5.921087681194618,332.3378764394906,27.658322351264832,-7.275615983661699,-0.20107387031725085,-1.2259783428932698
54739309,45.932000,0.000000,0.000000,1023.7,1024.26,1025.37,1026.03,-0.06,0.02,1.0,1.0,1.0,1.0,1400.37,-0.19074400457023286,-0.04878232342460937,0.19054471060713682,0.05518431275794149,-0.20580997161116366,-0.13699243636962147,326.08027088492065,449.4554609631748,6.4539076932113,327.33276339119726,219.6882120449385,6.075324416625409,333.0354348670788,27.811039680529547,-7.5798677656724225,-0.3123239888488989,-1.0777059353819458
54739410,46.031000,0.000000,0.000000,1023.83,1024.24,1025.58,1025.99,-0.06,0.02,1.0,1.0,1.0,1.0,1400.4,-0.1673611833012267,-0.04261495730911613,0.1847136540462774,0.04596818261326026,-0.06500749150207301,-0.06611483061713085,326.06916844874087,449.41482353311403,6.4628346161798405,327.4217542430423,219.71413814062106,5.759537159354442,332.8555856778986,27.860311991735088,-7.479012586777313,-0.33738062910487493,-0.9475801102872615
54739510,46.132000,0.000000,0.000000,1023.75,1024.32,1025.44,1026.03,-0.06,0.02,1.0,1.0,1.0,1.0,1400.29,-0.1495231341319922,-0.038446103669359064,0.1753490743245763,0.039410563192909295,0.07197965913929634,-0.02431316526993913,326.0668991741365,449.41962282102304,6.466982469547105,327.4217542430423,219.71413814062106,5.759537159354442,332.8555856778986,27.860311991735088,-7.479012586777313,-0.33738062910487493,-0.9475801102872615
54739610,46.232000,0.000000,0.000000,1023.74,1024.31,1025.44,1026.14,-0.06,0.02,1.0,1.0,1.0,1.0,1400.4,-0.13258304883455552,-0.03491474532927124,0.17000699975912914,0.03338813365075164,0.11183962756141361,-0.037816685330394215,326.0673585374676,449.3666379689784,6.4640563960367965,326.38103871439256,219.55379095150974,6.324359337158952,331.5137026067867,28.0013712838612,-7.484756740420801,-0.07820511049185601,-1.3784679530786956
54739709,46.333000,0.000000,0.000000,1023.79,1024.25,1025.33,1026.19,-0.06,0.02,1.0,1.0,1.0,1.0,1400.25,-0.11654829090297143,-0.03209564221304076,0.15774295661371332,0.025967258127241107,-0.022582653103816925,-0.05916759719353069,326.0640335107336,449.3055054599544,6.477236809296602,325.40692852785565,219.49389817674785,7.138399833879706,328.00335596647534,28.29948950315237,-6.756998940166384,0.16382653625773366,-1.1056841413930814
54739810,46.432000,0.000000,0.000000,1023.9,1024.24,1025.4,1026.17,-0.06,0.02,1.0,1.0,1.0,1.0,1400.34,-0.10510311161192173,-0.030364018179187182,0.15064073571583145,0.021806011256026537,0.054800005416678815,-0.03047044579823386,326.060707180459,449.2799416635837,6.4958692592829985,325.62197514606737,219.55661841756555,7.2881252922581865,326.43398966977384,28.435907976323126,-5.826754857604427,0.10942495080680632,-0.46228100366106817
54739910,46.532000,0.000000,0.000000,1024.02,1024.14,1025.45,1026.04,-0.06,0.02,1.0,1.0,1.0,1.0,1400.36,-0.09064056684834469,-0.028432356236579522,0.14447444810957735,0.018849494861257962,0.5776987679907574,0.07011711234261651,326.06688849084253,449.2816962860635,6.4790053542464126,326.3441401891462,219.49714745386834,6.843150550270463,327.7306385952058,28.49184822386826,-6.10480462281556,-0.06913147358101367,-0.27763709346372534
54740010,46.633000,0.000000,0.000000,1024.01,1024.08,1025.55,1026.12,-0.06,0.02,1.0,1.0,1.0,1.0,1400.36,-0.07400268672097637,-0.026204783915189142,0.13502165182369433,0.018092046087373137,-0.5511556066123999,-0.06275998260942317,326.065916621868,449.21638990345514,6.468214091737188,328.4182318141428,219.4651953291454,6.049025426540249,332.9307862499592,28.673506105390263,-7.687895706456378,-0.5866042336546081,-0.1816835083968129
54740110,46.732000,0.000000,0.000000,1024.1,1024.03,1025.46,1026.08,-0.06,0.02,1.0,1.0,1.0,1.0,1400.32,-0.06787328734894278,-0.025343947095902833,0.12133845026239932,0.017240238067886472,-0.38078735476719605,-0.03711159946694059,326.07489666290206,449.1539060869308,6.488919914716646,330.2022398517146,219.42827773244983,4.988037866033829,339.1025454850227,29.53936311733336,-9.079725085067977,-1.0292883185198864,-0.6249765605723585
54740211,46.832000,0.000000,0.000000,1024.07,1024.11,1025.41,1026.07,-0.06,0.02,1.0,1.0,1.0,1.0,1400.27,-0.05166281380431696,-0.022899946912266454,0.09837194987456285,0.015002801498158313,-0.1500377989709397,-0.02185254707921627,326.06378063669234,449.2317744564542,6.505875983445323,331.92314250254645,219.54804739375697,4.237314614425785,342.3309901669593,29.10106914407115,-9.451675817962037,-1.4613308106727965,-0.20541714609875283
54740310,46.933000,0.000000,0.000000,1023.89,1024.18,1025.37,1026.25,-0.07,0.02,1.0,1.0,1.0,1.0,1400.35,-0.042816763169957854,-0.02145947463505463,0.08217323018106211,0.01393370531159759,-0.15448448489755282,-0.016015489325133404,326.0673018384356,449.15807609989855,6.496283333000416,331.6851938483301,219.40642390705372,4.230802897900619,343.38910328955285,29.675268702694236,-9.998223255284987,-1.4007184311329914,-0.72848402687689
54740410,47.032000,0.000000,0.000000,1023.86,1024.3,1025.43,1026.2,-0.07,0.02,1.0,1.0,1.0,1.0,1400.42,-0.03550738501744121,-0.020220928753155995,0.06794692532531166,0.011475348389658515,-0.30075576051046066,-0.05017768773898944,326.0719233812867,449.2116440925066,6.471807217428805,330.60070546121017,219.5070456845287,5.113637821291593,340.0673457039221,29.051901181543748,-9.234954628694277,-1.1294788545313093,-0.5866073566981562
54740511,47.132000,0.000000,0.000000,1023.77,1024.36,1025.32,1026.21,-0.07,0.02,1.0,1.0,1.0,1.0,1400.28,-0.02949755550124959,-0.01920994297216995,0.05594543346000964,0.009181234720423363,-0.23326376625638479,-0.04970736983467428,326.0700164805041,449.1462379954426,6.494730982247001,328.5843033629219,219.29299549817645,5.775155446040114,335.4088806208431,29.15445081637609,-8.241501230373519,-0.6267141588832994,-0.8021869159831145
54740611,47.233000,0.000000,0.000000,1023.69,1024.46,1025.39,1026.28,-0.07,0.02,1.0,1.0,1.0,1.0,1400.4,-0.024443358381533782,-0.01846733858114061,0.05298758255336241,0.008340377997810306,-0.1169791096359606,-0.03325477647356574,326.0714068904358,449.2147113841865,6.4892327776240615,326.786402904489,219.37331749099022,6.430686852597526,330.6667655512577,28.994553853586616,-7.102272721124171,-0.17823648357790806,-0.8111867973898069
54740710,47.333000,0.000000,0.000000,1023.76,1024.26,1025.36,1026.32,-0.07,0.02,1.0,1.0,1.0,1.0,1400.4,-0.020035727009388275,-0.017963553819265354,0.04232701081627174,0.0041843698952504175,-0.18511158329858687,-0.037079925462248184,326.0585718317869,449.1486347049875,6.505897168298874,326.1664624293613,219.26087397648988,6.680752887868042,328.52153330887484,28.931023181445095,-6.2924791550206844,-0.026889971944176555,-0.6551405717533902
54740810,47.432000,0.000000,0.000000,1023.94,1024.25,1025.4,1026.2,-0.07,0.02,1.0,1.0,1.0,1.0,1400.45,-0.016097558597276712,-0.017643093332993107,0.03739799542501858,0.002794570133274573,-0.07607193658103051,-0.009936033951217508,326.0629635662335,449.2096815317708,6.475436069444869,326.5460406423565,219.31592058920643,6.477369500003464,329.630862210455,29.02045555355729,-6.605904182366358,-0.1203957723355075,-0.687931462680685
54740910,47.532000,0.000000,0.000000,1023.97,1024.16,1025.42,1026.26,-0.07,0.02,1.0,1.0,1.0,1.0,1400.33,-0.013441232796367846,-0.017468293605361566,0.03825284011585089,0.00228943630800611,0.12823981944465423,-0.0011845035042316093,326.07041447690887,449.15426994320165,6.4833712362075016,328.0246818520611,219.20534632073472,16.25017478821135,332.48375740152164,28.894364298789966,-7.187125610089623,-0.4869280324139853,-0.36836533162360086
54741010,47.632000,0.000000,0.000000,1024.0,1024.18,1025.41,1026.22,-0.07,0.02,1.0,1.0,1.0,1.0,1400.38,-0.00970523371807723,-0.017214433369050083,0.0265875972068084,0.0021282465870478082,-0.07903571155960772,0.0008666764786924835,326.06727151508716,449.1774989638131,6.500069531646582,329.4348161491337,219.3307441421339,5.251681928980617,336.90484824532547,29.232077700923835,-8.588634413607016,-0.8393953218128657,-0.5715208697661673
54741111,47.732000,0.000000,0.000000,1024.0,1024.17,1025.35,1026.19,-0.06,0.02,1.0,1.0,1.0,1.0,1400.41,-0.0074912788222525895,-0.017022796029651985,0.019240070656506507,0.0017697620743478896,-0.08567330073535985,-0.002470767200877874,326.07304025755127,449.17429429013197,6.5054348682261915,330.6153463254613,219.39701252080053,4.976649994858913,339.63629400161346,29.075690802575025,-8.966135647012093,-1.1324926101841337,-0.4487185366662767
54741211,47.833000,0.000000,0.000000,1023.99,1024.34,1025.32,1026.28,-0.06,0.02,1.0,1.0,1.0,1.0,1400.33,-0.006049788341725476,-0.01686049384065991,0.011472646849291984,0.0013210633279033671,-0.10984632665499643,-0.016386229005558202,326.0688172259042,449.17160226169756,6.48412939867836,330.66214534261536,219.43015445944525,4.770714419435108,340.79472002390673,29.436783957226535,-9.205663540093026,-1.1453886898067764,-0.7619833231420463
54741312,47.934000,0.000000,0.000000,1023.86,1024.33,1025.39,1026.18,-0.06,0.02,1.0,1.0,1.0,1.0,1400.33,-0.005327632548767406,-0.016813337046290178,0.004767709109319642,8.429191413308605e-05,-0.07850203061664457,-0.009305635152566435,326.0685025492387,449.1761158593496,6.5001532399711035,330.04602429688657,219.48493777953334,4.922569693478223,338.9465871563875,28.96731201232192,-8.81130504173953,-0.9920817823161372,-0.6906239360542141
54741412,48.034000,0.000000,0.000000,1023.73,1024.24,1025.39,1026.25,-0.06,0.02,1.0,1.0,1.0,1.0,1400.44,-0.005169281269851306,-0.016848867477365432,0.0009838929543937553,-0.0008401883732916868,-0.038461825385062695,-0.0168379070781857,326.076667224463,449.1506705845697,6.475589972355237,328.89152736079427,219.27522161596883,5.465210002383289,335.87788118419377,29.28279664898501,-8.114408318321292,-0.7015605460353406,-0.7027961111437626
54741512,48.135000,0.000000,0.000000,1023.77,1024.38,1025.22,1026.32,-0.06,0.02,1.0,1.0,1.0,1.0,1400.34,-0.005285699947446134,-0.01702116646107329,-0.0023465748386972,-0.0022422410850725786,-0.03521032676291745,-0.019512932123006716,326.0623628672365,449.1834673309018,6.504428383890994,327.52121980283613,219.30327359962504,6.332186427740184,332.36646111661906,28.855902718809716,-7.285807879457302,-0.3636034139401176,-0.7301617038688805
54741613,48.235000,0.000000,0.000000,1023.89,1024.35,1025.45,1026.21,-0.06,0.02,1.0,1.0,1.0,1.0,1400.43,-0.0056609346953998396,-0.017383709107509353,-0.003081168891909071,-0.003466655485745431,0.010981296350206815,-0.003197777007401758,326.07033461346794,449.1602473324425,6.496877583217726,326.78915807041983,219.30243026963407,6.440437712288392,330.288554463908,29.069352526657113,-6.738145730636684,-0.1791777915779321,-0.6954991697995367
54741713,48.336000,0.000000,0.000000,1023.93,1024.17,1025.51,1026.28,-0.06,0.02,1.0,1.0,1.0,1.0,1400.32,-0.005947200300222631,-0.01777326389076995,-0.002672605533861005,-0.004008842496485589,0.015007148896205384,0.011381902985049656,326.06390883784036,449.1825350785045,6.493309869781862,326.80917739152363,219.3088563393079,6.366215064325889,330.3137992644153,28.87480840522307,-6.721545491526188,-0.18575677456763234,-0.6828009482789957
54741814,48.435000,0.000000,0.000000,1023.93,1024.21,1025.46,1026.19,-0.06,0.02,1.0,1.0,1.0,1.0,1400.39,-0.006138200050713938,-0.018075342551540342,-0.0025325891618269243,-0.003883287259138399,-0.005361090100642477,4.10064141864132e-05,326.0743688171981,449.1563739450485,6.495151555657483,327.769655070946,219.25386999392109,6.245444729942979,332.3777212902843,29.07038398020271,-7.137519131496681,-0.4224877296496653,-0.5430057107220991
54741915,48.537000,0.000000,0.000000,1024.02,1024.2,1025.49,1026.14,-0.06,0.02,1.0,1.0,1.0,1.0,1400.29,-0.006527850709595676,-0.0185107602610773,-0.003706686543150353,-0.003309499666082451,-0.013791750086547094,0.004581969705166069,326.0650232249543,449.1856803722032,6.502454443949734,328.9254215790853,219.29827724307552,5.547404267904999,335.3533100672002,29.010803497069503,-8.058711920153959,-0.7128720160637537,-0.5089650002444226
54742014,48.637000,0.000000,0.000000,1024.02,1024.26,1025.48,1026.13,-0.06,0.02,1.0,1.0,1.0,1.0,1400.17,-0.007036354691954439,-0.01879346321952302,-0.00622879344241969,-0.0026116959299942134,-0.023532945050353988,0.008792210156370809,326.07285142511074,449.1834014284535,6.491792772777665,329.63446086960977,219.38683217530266,4.752459934558488,338.1358561259667,29.15401604594473,-8.66769994020502,-0.8879542998365278,-0.7829043343378885
54742115,48.736000,0.000000,0.000000,1023.92,1024.27,1025.51,1026.19,-0.06,0.02,1.0,1.0,1.0,1.0,1400.28,-0.007580297164803596,-0.019042273849318975,-0.007472310804333385,-0.004029361094469143,-0.007723605315895598,-0.03485353981358821,326.06308063243284,449.2063397274226,6.497188501805569,328.9793891854847,219.36764739702036,15.912338732452888,338.82858364968376,29.19155851156905,-9.422678212698816,-0.7269585631889036,-1.5107749789978915
54742214,48.837000,0.000000,0.000000,1023.77,1024.45,1025.26,1026.32,-0.06,0.02,1.0,1.0,1.0,1.0,1400.43,-0.008662314254954622,-0.020007467242185543,-0.00926625978914089,-0.010444410073626932,-0.01103069820423372,-0.06813919162936376,326.06994177718616,449.197528960716,6.498819775230492,326.56880793150026,219.38195329265324,5.6241583124284995,335.1223445857257,29.250353121337117,-9.329268824810553,-0.12437312051852462,-2.327108219972045
54742314,48.937000,0.000000,0.000000,1023.68,1024.39,1025.43,1026.37,-0.06,0.02,1.0,1.0,1.0,1.0,1400.35,-0.009281924097322865,-0.021010065572450897,-0.00847451685039398,-0.016524173714113594,0.00917182312930481,-0.11123132751659974,326.0574195762463,449.2556725770452,6.507165893120753,325.5588300569913,219.43549466841796,6.441620037074128,335.1223445857257,29.250353121337117,-9.329268824810553,-0.12437312051852462,-2.327108219972045
54742415,49.036000,0.000000,0.000000,1023.89,1024.18,1025.37,1026.14,-0.06,0.02,1.0,1.0,1.0,1.0,1400.32,-0.00999561125265775,-0.02337559915676852,-0.003653763709044107,-0.019726506415648735,0.05118885242472993,0.015132733081497983,326.0650042177268,449.2266471840143,6.475870880212801,324.2355996858314,219.39842806604685,7.078191834739173,324.5101644411084,28.642894293796598,-6.127921612703873,0.45605776984139834,-0.9945843965780111
54742515,49.137000,0.000000,0.000000,1024.05,1024.15,1025.35,1026.4,-0.06,0.02,1.0,1.0,1.0,1.0,1400.34,-0.010101072449278192,-0.025230950566040824,9.655082593618143e-05,-0.017601701109835867,0.021889106675151284,0.011964443507362742,326.0631705720794,449.314315788488,6.478650440090611,327.20898791086444,219.48742772660657,5.826970145427962,328.22699165474586,28.731711252677798,-6.861376740147571,-0.005175150900526098,-0.6331246289573287
54742615,49.237000,0.000000,0.000000,1023.92,1024.14,1025.26,1026.41,-0.06,0.02,1.0,1.0,1.0,1.0,1400.32,-0.010007220107978143,-0.026772620814293404,0.0012867633517000528,-0.014432380777872459,0.0006419105246003268,0.06908443372186801,326.0682315760874,449.29841897968294,6.475907751533003,329.06291036101874,219.45489554202535,5.815683614429316,334.7028676396096,28.47326400464628,-8.219297302340152,-0.7464763179069298,-0.19858102785886445
54742715,49.337000,0.000000,0.000000,1023.86,1024.32,1025.2,1026.41,-0.07,0.02,1.0,1.0,1.0,1.0,1400.29,-0.010011643921712837,-0.027889279424586244,-0.0007908803272217215,-0.009279209472584461,-0.016760669910185107,0.045069953935094303,326.07118417550083,449.2172161609777,6.472903370210293,328.91900518813503,219.3556263142366,5.724841631176575,332.9460008036731,28.82085927421015,-6.991834605525582,-0.7098174916700265,0.20885592097602834
54742815,49.437000,0.000000,0.000000,1023.95,1024.36,1025.22,1026.5,-0.07,0.02,1.0,1.0,1.0,1.0,1400.39,-0.010189354103969072,-0.028453808897578755,-0.002175483382484432,-0.003749147086213227,-0.011899882097692,0.03567949162289243,326.06406696411636,449.2305388746372,6.487411823932606,327.76717506615364,219.3301544346119,6.263782138858934,330.408871694321,29.018806321539035,-5.956746255323662,-0.42444087927450497,0.053614692497031546
54742915,49.537000,0.000000,0.000000,1023.89,1024.35,1025.16,1026.39,-0.07,0.02,1.0,1.0,1.0,1.0,1400.23,-0.01042902310357899,-0.028509426672996163,-0.0027045360839510766,0.0014838511856463106,-0.012492900971399271,0.061762541941357205,326.0608801623672,449.2876845286967,6.485428329194814,328.19563881623117,219.39464850297472,6.4004507838561,329.8355558998687,28.684234183904366,-5.50241330860171,-0.5320263191479663,0.5713789047169633
54743015,49.637000,0.000000,0.000000,1023.82,1024.41,1025.33,1026.29,-0.07,0.02,1.0,1.0,1.0,1.0,1400.32,-0.010729419549009765,-0.02794392776170307,-0.0032470432755940344,0.008126626475483026,-0.006284009130706627,0.06428802874612313,326.0744833852636,449.4238332829741,6.465316472383061,328.70154168983134,219.59413540879692,6.31797977133476,328.77418688218626,27.872978847811982,-4.512571863391312,-0.6548883799930775,1.2880667786814473
54743116,49.737000,0.000000,0.000000,1023.88,1024.37,1025.24,1026.28,-0.07,0.02,1.0,1.0,1.0,1.0,1400.3,-0.011131453092974983,-0.026535634720735914,-0.00443065094587995,0.017961216663787336,-0.010529421244548802,0.10546429433896859,326.0740667866522,449.3937776718956,6.437939647591842,328.6512578131228,219.63541911884127,6.587266880152135,327.38152400415674,28.01532747457802,-4.13648303353399,-0.6426576915369787,1.664969327443055
54743216,49.837000,0.000000,0.000000,1023.89,1024.28,1025.27,1026.33,-0.07,0.02,1.0,1.0,1.0,1.0,1400.35,-0.011624425190362284,-0.024118500876293955,-0.005119433417812289,0.027867891096478768,-0.0030305156251809557,0.07576337456388951,326.0691599490404,449.2712936031011,6.473716847044522,327.9322943449516,219.42826980330295,7.272369718916795,323.29666825461015,28.786261207542257,-2.3524495556921785,-0.4644361083258936,2.3217943967589885
54743315,49.938000,0.000000,0.000000,1023.92,1024.21,1025.0,1026.36,-0.07,0.02,1.0,1.0,1.0,1.0,1400.26,-0.012131330416114373,-0.02064445895333943,-0.004941920902519492,0.039008304943439,-0.005521933322324201,0.18411020357141183,326.0660922556413,449.2687579818664,6.456321804229717,327.59154054675,219.4572175086523,7.391599832858051,321.2393569286185,28.986626679556114,-1.6862676701775126,-0.3803136480414542,2.670730417492714
54743415,50.038000,0.000000,0.000000,1023.87,1024.24,1025.29,1026.2,-0.07,0.02,1.0,1.0,1.0,1.0,1400.21,-0.012584365507761465,-0.016111182479164595,-0.004494322491668574,0.05138680047129811,-0.007732739627653226,0.2609388014925671,326.06866306025347,449.2350813730172,6.464122120532625,327.61693716492437,219.41106613150612,7.529538005080673,320.610093721663,29.047146562545418,-1.1161845545602622,-0.385983291021299,2.879936435296667
54743525,50.139000,0.000000,0.000000,1023.83,1024.31,1025.46,1026.16,-0.07,0.02,1.0,1.0,1.0,1.0,1400.21,-0.012968568957760478,-0.010665179260191586,-0.00359322266709227,0.05893689938927877,0.003317731560617252,0.19793860303488886,326.05696367279404,449.23852310472245,6.487414381726868,326.54688507046575,219.32114638207653,7.478687001295607,319.1597192100968,29.11348946806069,-1.2434496142618305,-0.12208901430091197,2.468277846787471
54743616,50.249000,0.000000,0.000000,1023.67,1024.46,1025.5,1026.06,-0.07,0.02,1.0,1.0,1.0,1.0,1400.27,-0.013176461397971257,-0.004686351009661447,-0.0009455925425042328,0.062088404708177544,0.031019015387196404,0.20636612130219734,326.0614874981883,449.2452635116943,6.491289905675904,324.35053101557133,219.31881446510917,8.10325817405931,316.20739120666235,29.162422349272777,-1.1199370479807271,0.4263484102279669,1.5994040399081144
54743715,50.339000,0.000000,0.000000,1023.71,1024.4,1025.58,1026.0,-0.07,0.02,1.0,1.0,1.0,1.0,1400.27,-0.012977647302801225,0.0012614744859738534,0.0042306406529681205,0.06195070233512592,0.06985265188083906,0.10934144905644845,326.0567944152931,449.2274494870144,6.494183727427231,322.350560838605,219.38560610692107,9.102338142855938,312.45355203164405,29.24996282655734,-0.8980425209221313,0.92382281807218,1.1320456968656145
54743816,50.437000,0.000000,0.000000,1023.75,1024.38,1025.65,1026.04,-0.08,0.02,1.0,1.0,1.0,1.0,1400.22,-0.012192493351763548,0.0068269820461207545,0.010214396737285135,0.05353830373471745,0.06236897077378676,-0.0700884826835026,326.06045803342636,449.2291948942887,6.5050127939518845,320.7751251685435,219.41088513327043,9.425291393329088,309.97967914408866,29.52817444585813,-0.7897738276694672,1.3174489667672467,0.6190494944908327
54743915,50.547000,0.000000,0.000000,1023.68,1024.35,1025.65,1026.14,-0.08,0.02,1.0,1.0,1.0,1.0,1400.28,-0.010722575828815526,0.011743021054445161,0.01745284659984171,0.04598766556036977,0.07757710903501373,-0.0785605842799589,326.0606986224043,449.3580913148158,6.4490561400330755,319.3013012277241,219.60918624321064,9.98422041874622,307.805841509214,29.228081126022264,-0.5736580519218802,1.6852017559572536,0.08499519601963534
54744016,50.638000,0.000000,0.000000,1023.68,1024.32,1025.45,1026.2,-0.08,0.02,1.0,1.0,1.0,1.0,1400.42,-0.009132085856938732,0.014841483207584622,0.024632210884162297,0.04147276654506804,0.12128320859299208,-0.04344724632939284,326.05633234934015,449.34870758056866,6.4899917381179755,318.3322759586595,219.65084285959568,9.9846815399641,306.3508978493926,29.131569321505783,-0.6062116995001127,1.9259610222353916,-0.25344333445644507
54744115,50.738000,0.000000,0.000000,1023.61,1024.16,1025.28,1026.24,-0.08,0.02,1.0,1.0,1.0,1.0,1400.32,-0.005577307921365423,0.018779340737760497,0.0317637214632395,0.026855092346099174,0.009593134829284115,-0.13976590722507373,326.0578045160641,449.332520442212,6.467700617592716,317.8107984097395,219.6937033782591,10.587827763036817,304.2382291338279,29.432036132008463,-0.015032451872614433,2.056776221917746,-0.03319385684067733
54744215,50.837000,0.000000,0.000000,1023.69,1024.44,1025.48,1026.16,-0.08,0.02,1.0,1.0,1.0,1.0,1400.31,-0.0020197499625867646,0.02099753174209841,0.03762032124949272,0.019521300357893935,-0.0016842325957723493,-0.09945595570072002,326.05994343360123,449.3113460161526,6.4927470746734866,317.5485046794222,219.6369182138908,10.954024016584796,302.8549322343262,29.61763678497766,0.37382718360291434,2.1223366482316837,0.17702375234692536
54744316,50.937000,0.000000,0.000000,1023.6,1024.58,1025.51,1026.08,-0.08,0.02,1.0,1.0,1.0,1.0,1400.3,0.0020676582178809325,0.022610333463128702,0.043047172519392954,0.014304848789097378,0.040882683709357534,-0.05570206948368808,326.0548921042332,449.2888923353853,6.485807718200686,315.13969017988563,219.6995186893573,12.071345249967269,297.3671666355929,30.391097198783154,1.1894913863977004,2.7219223783273194,-0.08056156229103362
54744415,51.038000,0.000000,0.000000,1023.5,1024.56,1025.59,1026.11,-0.08,0.02,1.0,1.0,1.0,1.0,1400.41,0.0055227241961973254,0.023451197005806175,0.04792839727844888,0.009417546191635805,0.08165672720521555,-0.074903177747488,326.0617369469225,449.33115993410826,6.48119059525316,312.4684246000261,219.94508090037866,12.930521199457905,293.0446768378066,30.71970233251966,1.5861935612020936,3.3913551552972456,-0.9218975574502641
54744515,51.137000,0.000000,0.000000,1023.49,1024.51,1025.31,1026.25,-0.08,0.02,1.0,1.0,1.0,1.0,1400.32,0.01226261488642675,0.023771940581351552,0.05819553753002459,-0.002121073672921023,0.12092798702267303,-0.09196101513051476,326.05437077213213,449.3237946602899,6.48947590417416,310.71017920936055,220.07719585166473,14.162393504632256,288.688231677834,31.052517179518652,2.221596745508481,3.829274027083092,-1.013373056049356
54744616,51.237000,0.000000,0.000000,1023.49,1024.46,1025.34,1026.37,-0.08,0.02,1.0,1.0,1.0,1.0,1400.29,0.018599071140868992,0.02303394674299684,0.06740211860363955,-0.010473149388551399,0.14740650684517684,-0.0853109667179798,326.0559073081702,449.3080007907488,6.484739241367144,308.95408569825696,220.19712952562486,14.702397768968991,283.5313340683309,31.912755838693265,3.2861067627630502,4.268886929306665,-0.8480227193884202
54744719,51.338000,0.000000,0.000000,1023.56,1024.53,1025.42,1026.15,-0.08,0.02,1.0,1.0,1.0,1.0,1400.36,0.02389859073959589,0.022033502554447623,0.07218406411854701,-0.014508934686530816,0.0660393592532828,-0.04456904715611358,326.06549027620036,449.39802024090744,6.474388596412182,307.5870341144773,220.49552148088515,15.659703093557967,278.85422900786017,32.39380275149461,4.811232111807535,4.615269243057476,-0.5456595159101258
54744815,51.441000,0.000000,0.000000,1023.45,1024.5,1025.68,1026.19,-0.08,0.02,1.0,1.0,1.0,1.0,1400.29,0.03164835089401992,0.02033986753475897,0.07961425323695637,-0.018016784352703732,0.19848785585114934,-0.05879802790812942,326.0659175024223,449.4092394013763,6.456747827367958,306.2174384911267,220.75460854445907,16.689225444155934,275.7486604450113,32.70474832226274,5.126321157848512,4.961152509191599,-0.7189362570639588
54744915,51.539000,0.000000,0.000000,1023.55,1024.56,1025.59,1026.03,-0.08,0.02,1.0,1.0,1.0,1.0,1400.39,0.04233759851982346,0.017758239875359308,0.08973878450258944,-0.022483986763332832,0.03019215465687406,-0.02060497892825524,326.04689222258526,449.384281899257,6.485036968547763,304.80053693859554,220.91668286914788,17.563302897578765,271.4561234657123,33.802182489228535,5.929848656722165,5.31294332902286,-0.5216590847123932
54745015,51.638000,0.000000,0.000000,1023.54,1024.48,1025.69,1026.02,-0.08,0.02,1.0,1.0,1.0,1.0,1400.28,0.05162141755367844,0.015432542007858846,0.09779904684519691,-0.024354234071827918,-0.10098397429071146,0.02966784343693326,326.045534402334,449.35865225775945,6.464849866258033,303.52498287381746,221.05195914968724,18.37058307514737,268.38094158042225,34.53508414073641,6.031608019816737,5.633526318324016,-0.5963262305748138
54745116,51.738000,0.000000,0.000000,1023.59,1024.51,1025.45,1026.09,-0.08,0.02,1.0,1.0,1.0,1.0,1400.32,0.06147055379755869,0.012974043778806576,0.10157940267996253,-0.025484734559161275,0.17600709528291947,-0.048496854860629345,326.0546310355617,449.38233000287016,6.461837098954915,302.1088793554287,221.2071721858941,18.928781848759982,265.343075217043,35.12274246851576,6.539478648646431,5.99095361026948,-0.8055839210681146
54745215,51.839000,0.000000,0.000000,1023.64,1024.47,1025.51,1026.13,-0.08,0.02,1.0,1.0,1.0,1.0,1400.29,0.06919621781469967,0.011016073066290436,0.10255741204232337,-0.026098928875092513,-0.09855148238529135,0.02123599113913585,326.04874678694165,449.4033471554452,6.496546287325683,300.85181179073936,221.5505890347267,19.57640159439313,261.81484646594066,35.65809367642953,7.2312448190576175,6.310373382915127,-0.7611030540457531
54745315,51.938000,0.000000,0.000000,1023.6,1024.55,1025.4,1026.22,-0.08,0.02,1.0,1.0,1.0,1.0,1400.27,0.08260745771122924,0.007609976622806781,0.11176297416790741,-0.02804587797871589,0.29532993478730307,-0.06456790960986243,326.05683955414423,449.4472448926557,6.487236857997842,300.0100839053761,221.76904788936335,20.162033120105935,258.70113081504604,36.24692503814033,8.109243757292758,6.526357220588033,-0.49983076889413525
54745416,52.037000,0.000000,0.000000,1023.63,1024.51,1025.2,1026.24,-0.08,0.02,1.0,1.0,1.0,1.0,1400.32,0.09369739238972224,0.004918839284290666,0.11579694628850529,-0.027378877370726407,-0.1318373814637258,0.05351960549175789,326.06741156622417,449.4417610115573,6.482234212291779,299.588592249997,221.81276759548803,20.29476060422563,257.24726563321207,36.41926753789468,8.386313022204169,6.635080471333913,-0.4052428386558802
54745516,52.139000,0.000000,0.000000,1023.68,1024.46,1025.33,1026.22,-0.08,0.02,1.0,1.0,1.0,1.0,1400.39,0.10498388064857445,0.002376427196525014,0.11672506824392388,-0.025523317455976323,-0.028741409762296857,0.028645403129661014,326.06452307493646,449.4601129807576,6.4883837840546255,297.9379998095698,222.18876852153443,21.261896855048022,251.27024039857213,37.80160463740525,9.79995304259457,7.05490836856896,0.09328877924366807
54745615,52.238000,0.000000,0.000000,1023.71,1024.28,1025.25,1026.19,-0.08,0.02,1.0,1.0,1.0,1.0,1400.36,0.11642272980333539,0.00017112010934485422,0.11502259544779779,-0.019711973642163278,0.03252340386377074,0.06710364395826061,326.04583508162074,449.40612872653077,6.475201596092279,297.2988549127171,222.31282240670376,22.11869977875859,246.72024094673586,39.381619132372805,11.258497904126134,7.214508380973443,1.026562666633037
54745715,52.337000,0.000000,0.000000,1023.78,1024.46,1025.3,1026.15,-0.08,0.02,1.0,1.0,1.0,1.0,1400.33,0.12794687045929481,-0.0012515601369654237,0.11607480548042835,-0.010869389762145427,0.049318029336435566,0.08704133772711252,326.0494347024945,449.37705911888565,6.465546255189374,296.95139974439985,222.3220239058893,22.184381567898612,245.32621193085402,40.01934982829492,11.83970353579018,7.302883407756858,1.2055028011431705
54745815,52.438000,0.000000,0.000000,1023.68,1024.48,1025.36,1026.17,-0.08,0.02,1.0,1.0,1.0,1.0,1400.32,0.1394288007980609,-0.001826629996421135,0.11378061037380183,-0.003003975187643844,0.07672644984952486,0.06434746128228208,326.04843668429703,449.4017845677882,6.48124561629302,295.9640699156943,222.57345541726843,22.611283915824856,243.35763090574565,40.35305034521295,12.09862102970115,7.555076736627958,0.9931035584344272
54745916,52.538000,0.000000,0.000000,1023.69,1024.43,1025.42,1026.19,-0.08,0.02,1.0,1.0,1.0,1.0,1400.23,0.15082139017063692,-0.0017628315926141512,0.11653776850141434,0.002690230998367843,0.05503579747353496,0.05359211840628965,326.0559990451922,449.4467869623153,6.475330572878194,294.8239051679793,222.7749508175341,23.135446409361627,240.7743004160074,40.91021495318356,12.433817176115424,7.845130703787127,0.8615156541381523
54746016,52.638000,0.000000,0.000000,1023.58,1024.41,1025.45,1026.1,-0.08,0.02,1.0,1.0,1.0,1.0,1400.29,0.16211950570106995,-0.0012471607066395266,0.11272901835694285,0.006413012295828289,0.011312734398345407,0.03054704311537694,326.06088296459404,449.4418855673276,6.477326514907459,293.63402920335346,223.08301092855794,23.661237987628997,238.61894947738094,41.4533863352605,12.710291408105409,8.15239439512209,0.5466176535430947
54746115,52.738000,0.000000,0.000000,1023.65,1024.46,1025.45,1026.19,-0.08,0.02,1.0,1.0,1.0,1.0,1400.25,0.17332886445129686,-0.0004877150122081179,0.11234859742645108,0.008205167519852443,0.042683300414572196,0.017975046337849528,326.0538622128174,449.4204088567724,6.492277025313944,292.60187597812603,223.228183508869,23.963556908930187,235.95974786683075,42.24289797049881,13.15880578873036,8.4125989579857,0.5531153820017565
54746216,52.838000,0.000000,0.000000,1023.57,1024.45,1025.42,1026.11,-0.09,0.02,1.0,1.0,1.0,1.0,1400.36,0.1844363866729696,0.0004145524390161477,0.11135025948216706,0.009434704315985696,0.06866989419228177,0.012207117936557607,326.0559774655537,449.4220316928085,6.463014824087163,290.6376539187334,223.6481582163587,24.773570502827894,231.16792575786135,43.96523448593014,14.0454858583705,8.915623924694431,0.4817669430847893
54746315,52.939000,0.000000,0.000000,1023.63,1024.42,1025.52,1026.16,-0.09,0.02,1.0,1.0,1.0,1.0,1400.25,0.1954688972244007,0.0013692580076918588,0.11168771324220066,0.009926566474647878,0.44871594968510653,0.0480725307292525,326.0525000205269,449.42592005092655,6.462764500979771,289.9377774324795,223.84054633444902,25.048926035405174,229.21575895206672,44.7050092098637,14.520777509081405,9.09549298976867,0.5342589683798806
54746415,53.038000,0.000000,0.000000,1023.57,1024.39,1025.39,1026.08,-0.09,0.02,1.0,1.0,1.0,1.0,1400.23,0.20644738087028472,0.002414640942078768,0.12111952552874802,0.012100468795855792,0.5522162441529449,0.07165547189693193,326.0494267922247,449.4120293847889,6.461642578998078,288.37978138325417,224.27568968921852,26.23302919879748,224.11723303180221,46.67803921075351,15.60493956145722,9.498698547809786,0.8949285962481035
54746515,53.139000,0.000000,0.000000,1023.67,1024.45,1025.37,1026.15,-0.09,0.02,1.0,1.0,1.0,1.0,1400.46,0.21738604826292093,0.0036453163303621964,0.1108069584958205,0.01345807997830624,0.07457173487340953,0.03714924205386974,326.0479443291539,449.42172651173723,6.471592254114167,287.2910791228182,224.58462605266823,26.868846603870086,220.5797126743963,48.17074327209205,16.271145579939486,9.780389568469767,1.1534622844842488
54746615,53.238000,0.000000,0.000000,1023.61,1024.39,1025.31,1026.16,-0.09,0.02,1.0,1.0,1.0,1.0,1400.38,0.22828776694558375,0.005155814206734235,0.10900318193429182,0.01618985314977679,0.00791646016004488,0.02875803211596258,326.0584098254962,449.43845901099996,6.480934626090045,285.87558711989203,225.01497198554958,27.346497569689433,216.88858874904665,49.31476478222117,16.8531660239509,10.151192100866878,1.134592890826653
54746715,53.338000,0.000000,0.000000,1023.56,1024.34,1025.38,1026.09,-0.09,0.02,1.0,1.0,1.0,1.0,1400.45,0.23916401398076542,0.006918265542415211,0.10612571958712433,0.017958331563733877,-0.062238858628314464,0.007833090444643248,326.05038700281085,449.4505117931209,6.489381123759718,284.110612146455,225.33768507254763,27.789861562164344,213.6832782260661,50.08631860740858,17.469841182630837,10.599555229550237,0.6943416349012175
54746816,53.438000,0.000000,0.000000,1023.59,1024.48,1025.52,1026.1,-0.09,0.02,1.0,1.0,1.0,1.0,1400.34,0.2500455436827562,0.008761936599890639,0.10975522543733673,0.018339757446402493,0.03350494713430005,-0.0018363470773714514,326.0449825374098,449.452455263223,6.495942842619619,283.1736968962376,225.57946275158397,28.009609025154834,211.94382584238005,50.53766776372992,17.620716795723748,10.840796542537054,0.46132108682984807
54746915,53.538000,0.000000,0.000000,1023.66,1024.48,1025.5,1026.06,-0.09,0.02,1.0,1.0,1.0,1.0,1400.39,0.2609581018972002,0.010473648041600173,0.10946334774978367,0.01621211839849447,0.012880297724709574,-0.026032749897681635,326.0608282702619,449.4651074498211,6.502999253191455,281.7516035374219,226.0068133151186,28.858648136021493,209.01457438892058,52.14197112434315,18.053352527411455,11.21483740307371,0.2153440471936321
54747015,53.640000,0.000000,0.000000,1023.8,1024.31,1025.46,1026.15,-0.09,0.02,1.0,1.0,1.0,1.0,1400.29,0.2719577673787819,0.011892421613262512,0.11048623050935832,0.012911591991560228,-0.012388690730314515,-0.03831869785476648,326.05919599993496,449.45269018145353,6.494816179394404,280.6841260931989,226.27455669417463,29.01253448401857,206.65389511613893,52.599451336712235,18.08900732192931,11.492146433760896,0.10217423338409404
54747116,53.739000,0.000000,0.000000,1023.87,1024.29,1025.32,1026.36,-0.09,0.02,1.0,1.0,1.0,1.0,1400.39,0.280258433355912,0.012723539287405551,0.11016511759474311,0.010064840041212534,-0.03548210755764065,-0.0429685418013192,326.0558339636077,449.4730064235109,6.4896635156281475,280.07496288170967,226.41989606444022,29.05935686554365,205.6374599012026,52.93756096672398,18.327172332783345,11.647968280587035,-0.07281609298086167
54747215,53.840000,0.000000,0.000000,1023.96,1024.2,1024.95,1026.47,-0.09,0.02,1.0,1.0,1.0,1.0,1400.31,0.29131994907146597,0.013490015496124831,0.10644196865890108,0.006054352729614371,-0.21939565891882182,-0.046459162756124814,326.0542136971468,449.4579003050041,6.524439086865149,280.4961349528686,226.30848733402118,29.016514719858563,205.07728536706193,53.43839151401816,19.04577373379406,11.53890519121466,0.4926151931842
54747315,53.938000,0.000000,0.000000,1023.94,1024.18,1024.91,1026.55,-0.09,0.02,1.0,1.0,1.0,1.0,1400.33,0.30491049082763977,0.014131956132004254,0.11198614763808845,0.0056293450702422166,0.1694076858455662,0.02635754655625232,326.04503752325405,449.5153265477406,6.5276155496393615,280.58096074989294,226.3164346915034,28.908512457184486,203.48677693721524,54.37664097474315,20.495570577205605,11.518544624977025,1.1133706095488414
54747416,54.037000,0.000000,0.000000,1023.88,1024.29,1024.52,1026.87,-0.09,0.02,1.0,1.0,1.0,1.0,1400.29,0.31539465988217275,0.014895537956752476,0.10247734107557734,0.009524960201098666,-0.28385443366528035,0.0412045228097065,326.0600529474921,449.5503918526274,6.498524612250914,280.23691550193234,226.4781748795343,29.28621036135889,199.17359835788764,56.15838602486064,22.239996613976267,11.6085184622971,2.2349696656217226
54747516,54.140000,0.000000,0.000000,1023.84,1024.27,1024.28,1026.86,-0.09,0.01,1.0,1.0,1.0,1.0,1400.41,0.32545975250562786,0.01643442041160412,0.09953202914928987,0.020133264507681516,-0.020021758289400306,0.14744204145609668,326.0560950067868,449.492688017235,6.501483328643003,280.105722921648,226.58210805221478,29.516570026198497,194.0802756951581,58.55582711942068,24.52452710619999,11.644568098530915,3.8222272154787476
54747616,54.239000,0.000000,0.000000,1023.74,1024.33,1024.21,1027.0,-0.09,0.01,1.0,1.0,1.0,1.0,1400.31,0.3350525560026933,0.019432153029656514,0.09331021877277779,0.036638052459135526,-0.031052754088744403,0.20489570040991537,326.0558672719989,449.48726738381356,6.503829594312907,280.00003742938037,226.62791525268474,29.8644268400722,187.37177611423687,62.82488177140505,25.483187002088258,11.67630151306021,6.134932378332714
54747717,54.339000,0.000000,0.000000,1023.84,1024.24,1024.01,1026.9,-0.08,0.01,1.0,1.0,1.0,1.0,1400.37,0.34411735303874563,0.02439281713292696,0.08925023698717521,0.05788129212623493,-0.08435343900126516,0.20104270730087104,326.0461585519503,449.5173333385904,6.5109435175764645,280.2052891897373,226.66341283270202,30.188163528805777,183.5199434643013,65.06295452099249,27.472418206167124,11.62356552885042,7.644897599302627
54747820,54.441000,0.000000,0.000000,1023.83,1024.2,1024.17,1027.01,-0.08,0.01,1.0,1.0,1.0,1.0,1400.21,0.3526090138833723,0.03165590857656263,0.08253365298974646,0.0818282885737765,-0.04840867521347444,0.2576480265753092,326.05668036244634,449.49141989705976,6.47459538833345,280.44968716767323,226.64539177052944,30.298659827497143,180.07402978631447,67.48961284672554,32.34768344470738,11.566263511036167,9.106100610122194
54747917,54.542000,0.000000,0.000000,1023.83,1024.34,1024.44,1026.92,-0.08,0.01,1.0,1.0,1.0,1.0,1400.28,0.35856530841441225,0.03881259104001063,0.07848329898316893,0.10321326309255119,-0.04312105308191095,0.30720301688427903,326.0480432700987,449.49921286982664,6.526659915370477,280.42206936936816,226.6934262378599,30.360648216256575,179.0223350498775,68.40823184904987,30.56891315762407,11.572980845754381,9.498237431710127
54748017,54.639000,0.000000,0.000000,1023.82,1024.21,1024.35,1026.95,-0.08,0.01,1.0,1.0,1.0,1.0,1400.4,0.3676785498962444,0.05402490896916304,0.06942609900723566,0.13384821758632692,-0.07205987000988301,0.2373274140867959,326.05328246135724,449.55811269623604,6.496135714652406,280.3741333384686,226.83401295151097,30.678535144180607,174.93162993358817,71.11998214050534,34.833265185561416,11.590238587506875,10.923604541279424
54748117,54.740000,0.000000,0.000000,1023.92,1024.27,1024.3,1026.91,-0.08,0.01,1.0,1.0,1.0,1.0,1400.33,0.374245696537434,0.06900592160921959,0.06352112888494008,0.15951072711184333,-0.07561201292802763,0.21373574437574877,326.04900474736667,449.54987319735125,6.508285331419227,280.0650803890101,226.86184257606195,30.98983040266343,171.82992264380204,73.16163768276982,33.85386062276629,11.66729462337813,11.818486148298987
54748217,54.840000,0.000000,0.000000,1023.84,1024.26,1024.2,1026.82,-0.08,0.01,1.0,1.0,1.0,1.0,1400.37,0.3802026469933248,0.08635651873975028,0.0574826718996059,0.18233921350278537,-0.06480449017904157,0.20567649907301627,326.0456530980287,449.54643343470025,6.520841040416041,280.13439226779485,226.8388572427412,30.958234374270663,169.54433199242413,74.94688705395797,35.069353245219155,11.648367882039935,12.761014907132228
54748317,54.941000,0.000000,0.000000,1023.73,1024.22,1024.23,1026.85,-0.08,0.01,1.0,1.0,1.0,1.0,1400.24,0.385574927842817,0.10588054876680036,0.05151592308892083,0.20262206631972202,-0.09617829386105525,0.048181403478420225,326.03545250735317,449.50377519692995,6.450344974541319,280.23647246924725,226.8452314603434,31.012644658780715,167.28502008710072,77.22316423486852,39.688737077474904,11.623145713575951,13.803291390906722
54748418,55.040000,0.000000,0.000000,1023.82,1024.21,1024.33,1026.87,-0.08,0.0,1.0,1.0,1.0,1.0,1400.37,0.39037064888220063,0.12741728108777392,0.04536717704986273,0.22119353399971312,-0.13095914976796907,-0.13032619408447302,326.051596562765,449.51525497299053,6.506620876134677,280.50292021373735,226.79541536874945,31.05957507207708,164.99815742193275,79.65641709423303,38.77003907354623,11.558240707393908,15.015588660068463
54748518,55.140000,0.000000,0.000000,1023.84,1024.3,1024.46,1026.87,-0.08,0.0,1.0,1.0,1.0,1.0,1400.35,0.3945784631018496,0.15097807737546406,0.0397559322313461,0.24193492662395596,-0.07319449235957799,0.09576660120640963,326.04577484041175,449.49086871727155,6.4989909769242855,280.52041044300574,226.79481485801563,31.066319195549585,162.46462743021465,82.2226686027336,40.457756660750626,11.55368495534978,16.127270183613135
54748618,55.240000,0.000000,0.000000,1023.74,1024.24,1024.45,1026.76,-0.08,0.01,1.0,1.0,1.0,1.0,1400.25,0.3973655897626915,0.16991334162888538,0.035185998162548526,0.25272556869450336,-0.09246596823518652,-0.09326185008649006,326.04624554924703,449.5098553964236,6.484088162216058,280.5093721476239,226.89580793765887,31.5395106371183,160.00322651611694,84.6760775723497,41.634051678269664,11.560669806602789,17.154056543685805
54748717,55.341000,0.000000,0.000000,1023.72,1024.23,1024.65,1026.55,-0.08,0.01,1.0,1.0,1.0,1.0,1400.39,0.40135540583141127,0.20370132149878534,0.029892046298173318,0.28260625584803684,-0.028696398618678422,0.340259036364696,326.0491519554067,449.46441824746535,6.495533657849029,280.3201118036386,226.91711957319433,31.67246789527554,157.8974174649816,86.53448343772953,42.773828220189564,11.611521788885735,17.867479427946158
54748817,55.441000,0.000000,0.000000,1023.83,1024.27,1024.65,1026.47,-0.08,0.01,1.0,1.0,1.0,1.0,1400.3,0.4033971390698103,0.2251361481670482,0.027329086093080154,0.3025130418969979,0.056142948487678764,1.2365381677590528,326.0471934617303,449.41512002106725,6.486822461110821,280.21505639067806,226.9725156501371,31.796100847656625,156.1346938618726,88.19423041799021,43.36432383310818,11.642314476496859,18.514970635412244
54748918,55.541000,0.000000,0.000000,1023.71,1024.26,1024.76,1026.5,-0.08,0.01,1.0,1.0,1.0,1.0,1400.29,0.4062833663397931,0.26238156532925844,0.021282091193152813,0.3037398153903984,-0.08409979719485386,-0.5767720983588065,326.0443433820806,449.40837646076983,6.497841780140605,279.7212685994927,227.07297618924835,32.298399126523776,153.8284834004874,89.83992651570951,47.376805215765096,11.769079198520794,18.994020658428415
54749018,55.642000,0.000000,0.000000,1023.73,1024.21,1024.87,1026.52,-0.08,0.01,1.0,1.0,1.0,1.0,1400.25,0.40821403876473256,0.2931461473177087,0.018066464040390265,0.30778973315436703,-0.03448370299219545,-0.028287262055238224,326.0430924838885,449.38817358496675,6.45569191917865,279.91759455308124,227.02414177866663,32.3822284729587,152.14097595948536,91.07582871343766,45.28845374398063,11.718805912037823,19.78760774318473
54749117,55.741000,0.000000,0.000000,1023.78,1024.17,1025.0,1026.4,-0.08,0.01,1.0,1.0,1.0,1.0,1400.39,0.40984997434145765,0.32450768439281813,0.015299423183330742,0.3166591232121142,-0.03181048547552431,0.016289012993799725,326.0520705369351,449.4149332253501,6.472295433202927,280.1401434442138,227.0539359756299,32.723751474917115,150.55600052187162,92.39753630706197,45.82715040663184,11.66619078529155,20.567926405223
54749218,55.840000,0.000000,0.000000,1023.87,1024.22,1025.1,1026.29,-0.08,0.01,1.0,1.0,1.0,1.0,1400.27,0.41088226931342575,0.34832778104271706,0.013084132585611755,0.31960429251268063,-0.03462825855794303,-0.09831859685039825,326.04688604386837,449.38122970856347,6.457329860112277,279.7965787707623,227.17712147244234,32.95382518690682,149.03264091223042,94.03703016202233,46.93923312080625,11.757856041178943,20.96841900176814
54749318,55.941000,0.000000,0.000000,1023.83,1024.27,1025.26,1026.16,-0.08,0.02,1.0,1.0,1.0,1.0,1400.28,0.4120304042369678,0.38030222472232755,0.010688937830006495,0.32056170778419796,-0.0018268776862357956,0.5121943898560506,326.0420346667339,449.36798808355377,6.469138618497867,278.6649864304743,227.4650944789706,33.378725028174685,147.21628055472675,95.86737472808937,50.99117493058756,12.05190117684212,20.863740009986348
54749417,56.040000,0.000000,0.000000,1023.93,1024.31,1025.58,1026.11,-0.08,0.02,1.0,1.0,1.0,1.0,1400.23,0.41302664902266256,0.4121379997789103,0.010321196074416401,0.33543388428413173,0.04257727827721869,1.4357238732154973,326.0506217286138,449.4359666335967,6.478058943033663,277.4518240553376,227.9487149718461,33.777848984647214,146.8598621040193,95.6958409474209,46.69515140850144,12.375733295206015,19.88648716660243
54749518,56.140000,0.000000,0.000000,1023.89,1024.24,1025.72,1025.95,-0.08,0.02,1.0,1.0,1.0,1.0,1400.27,0.4140257860221485,0.4432009392217328,0.010986593613391844,0.3238980995039619,0.06263982609159165,1.3060118811372834,326.0503641483659,449.4410532914521,6.488500233183088,276.3253281448478,228.26873341936232,33.84494383912382,148.56213063662102,93.44163929681412,45.310064612116655,12.670831920475683,18.117403803267965
54749618,56.241000,0.000000,0.000000,1023.91,1024.27,1026.24,1025.74,-0.08,0.02,1.0,1.0,1.0,1.0,1400.27,0.41518388496298236,0.4724713024058454,0.013194144484265398,0.30182144848995696,0.0835624662480245,1.129769307903047,326.0502424758097,449.4367116769102,6.490868538593242,275.7990579750029,228.33537586019244,33.65977742849342,151.24130466010638,90.88894096087519,43.28670921670626,12.804483129429693,16.57477248094747
54749719,56.341000,0.000000,0.000000,1023.9,1024.21,1026.94,1025.29,-0.08,0.02,1.0,1.0,1.0,1.0,1400.39,0.41656812693535866,0.49898752105045624,0.01558582501789621,0.2682545471922878,0.08074236886236419,0.6478366826655495,326.0420617324193,449.5229836286726,6.500327128694154,276.0037579379859,228.3440330055532,33.63642501471411,155.0923834801874,86.68031473601825,39.90461495761342,12.747687701825072,14.985706777277066
54749820,56.442000,0.000000,0.000000,1023.96,1024.15,1027.02,1025.16,-0.07,0.02,1.0,1.0,1.0,1.0,1400.38,0.4181547211682493,0.5220362640044062,0.017418180466594022,0.22892805612467917,0.08774782593981899,0.5714559815407783,326.04348152825963,449.48701210617986,6.48540597772635,276.39843082790384,228.19206278031248,33.395151575371024,160.09613160343292,82.36897604552927,35.9847970046666,12.644321687492205,13.285731524126952
54749920,56.542000,0.000000,0.000000,1023.9,1024.13,1027.26,1025.09,-0.07,0.02,1.0,1.0,1.0,1.0,1400.37,0.4198554817827161,0.5409991865668822,0.018324300006386397,0.1844930906577627,0.1037593327759183,0.5725365436160107,326.04553239617945,449.50794627304253,6.497781209147082,276.703666459758,228.0415067295471,33.29044331949225,164.45916278561748,79.06334870684337,33.603051780780746,12.560139049591509,11.875161336289764
54750020,56.642000,0.000000,0.000000,1023.82,1024.18,1027.19,1025.08,-0.07,0.02,1.0,1.0,1.0,1.0,1400.39,0.42157358976225057,0.5554826900177593,0.018696790406202392,0.13963638843292375,0.07001250177692202,0.049358862209686195,326.05313655663747,449.5004769670337,6.501774744245573,277.19525774139663,227.85550119420762,32.82250458690801,169.4678985941524,75.24565641512145,33.54405402041746,12.431083049687162,10.356119179281034
54750120,56.743000,0.000000,0.000000,1023.89,1024.08,1027.19,1025.0,-0.07,0.02,1.0,1.0,1.0,1.0,1400.38,0.42362150823251715,0.5669593995480176,0.01571116460797482,0.06758595661314888,-0.024345500753564966,-0.5280662174351495,326.0353151909004,449.5398887691965,6.5143339205660995,277.4211780676728,227.82166186233053,32.66450379945036,171.7845064028686,73.71258556248307,32.17053328418902,12.3670197354628,9.695308000484701
54750220,56.843000,0.000000,0.000000,1023.91,1024.19,1026.93,1025.16,-0.07,0.02,1.0,1.0,1.0,1.0,1400.39,0.42510452731836373,0.5708807536973179,0.014122298736203161,0.022180172060951756,-0.02249791612874024,-0.45870094708220277,326.0404772436429,449.53248700105775,6.498565052394328,277.9698582852159,227.58349494331097,32.22523283855,177.80828213130061,69.59842811239058,29.37298942361613,12.220603079779671,7.933243832705102
54750320,56.942000,0.000000,0.000000,1023.8,1024.15,1026.79,1025.13,-0.07,0.02,1.0,1.0,1.0,1.0,1400.33,0.4264025541777082,0.5702292910178317,0.012083599061113455,-0.023500569802430742,-0.032040612119989036,-0.43681928387156405,326.05814242896355,449.48279663617626,6.4797761949807136,277.93104719260396,227.42712766140022,31.713695993496703,181.02599345866474,67.72118365592891,28.05665785961619,12.228827731618882,6.790537340585264
54750420,57.043000,0.000000,0.000000,1023.88,1024.16,1026.5,1025.29,-0.07,0.01,1.0,1.0,1.0,1.0,1400.41,0.42748841676342236,0.5651172639461784,0.009866011919371325,-0.06539751573195214,-0.032952311042761376,-0.31814716733782267,326.0459310647876,449.49185781612357,6.497646444666309,277.9213244496386,227.4184064105303,31.647509668228828,182.77179755916927,66.57135431979766,27.284104994635506,12.227264706701057,6.1520271026868905
54750520,57.143000,0.000000,0.000000,1023.84,1024.08,1025.91,1025.53,-0.07,0.01,1.0,1.0,1.0,1.0,1400.18,0.4281788965591117,0.558532583499125,0.008820577283248416,-0.0988071403962745,-0.011211781883796366,-0.4835569581127106,326.05015362351986,449.46743528467874,6.493799854532126,278.21899426119285,227.10371559886985,30.972114515635973,188.04207962454345,63.0328883466443,25.281810350111254,12.139534606400877,4.515088215581674
54750621,57.243000,0.000000,0.000000,1023.82,1024.11,1025.34,1026.16,-0.07,0.01,1.0,1.0,1.0,1.0,1400.3,0.4289349642060152,0.5462408182568993,0.006806553339486113,-0.1380400516708297,-0.015574156296926036,-0.49648507240409995,326.0430746695247,449.41215998542845,6.476856878179536,279.0440050776036,226.8176005928983,30.76547779959233,187.84293014679372,63.214139319933885,26.056921694618232,11.922435071695816,5.292697946451273
54750721,57.343000,0.000000,0.000000,1023.86,1024.2,1024.75,1026.65,-0.07,0.01,1.0,1.0,1.0,1.0,1400.35,0.42945140903798434,0.5304567682439797,0.004112829460046875,-0.16906426997310825,-0.029007740927384125,-0.29055013998233553,326.0564973525084,449.476358800903,6.507776566761284,279.6935361636408,226.7288994835392,30.835344203661375,182.72443083256346,66.21202493204412,28.88797440322722,11.757747316624,7.6209046966236365
54750821,57.443000,0.000000,0.000000,1023.78,1024.26,1024.29,1026.86,-0.07,0.01,1.0,1.0,1.0,1.0,1400.36,0.4296627241985896,0.5081516972091193,7.672593033133672e-05,-0.18091378592087276,-0.031169895011411916,-0.07297199644810191,326.0458491486392,449.50901980778104,6.510880816955017,279.5666829906443,226.90229886154373,31.14753940056649,176.13180114883986,70.44125418162758,32.48059833840495,11.793636809580393,9.881031107056952
54750921,57.544000,0.000000,0.000000,1023.57,1024.33,1024.33,1026.77,-0.08,0.01,1.0,1.0,1.0,1.0,1400.36,0.42956336066909895,0.4947093121306998,-0.0018084260410127298,-0.16369018689876336,-0.021976849832886138,-0.07909337977230156,326.0528384919337,449.5094498304617,6.503507603857554,279.20048669404486,227.10584903795325,31.538270616235728,170.411762300283,74.50911469800198,33.05898669279626,11.896191931573204,11.693312191395624
54751022,57.645000,0.000000,0.000000,1023.71,1024.36,1024.16,1026.84,-0.08,0.01,1.0,1.0,1.0,1.0,1400.36,0.42925057890321977,0.4779360474153925,-0.004162850732213353,-0.17967133298757304,-0.043652988431165725,-1.0057527953096959,326.0515187743908,449.5196102075484,6.50035060852955,278.6590552892305,227.33214875489492,31.939457883634017,165.60466704612304,77.90528043661504,38.0297429244631,12.04071830556366,13.029229790476297
54751122,57.745000,0.000000,0.000000,1023.75,1024.23,1024.09,1026.98,-0.08,0.01,1.0,1.0,1.0,1.0,1400.3,0.42881689006035195,0.46317307046248424,-0.0047693963571721195,-0.1449837596046488,-0.024535976472008916,-0.37752216722935855,326.0444938133999,449.5028654506063,6.508279720818275,278.28923829239307,227.4937379555015,32.251496056975235,161.63999797759152,81.05801029914342,40.57471459595061,12.13962589532917,14.261225802600404
54751223,57.847000,0.000000,0.000000,1023.76,1024.16,1024.05,1026.9,-0.08,0.02,1.0,1.0,1.0,1.0,1400.39,0.42835607489788435,0.4509234348921118,-0.004942968044301107,-0.12068091209857282,-0.02484666341216329,-0.33384489168609743,326.0502698046015,449.47001498701405,6.499549325048135,278.4658967824659,227.36032176893414,32.270537554815014,159.18150243471845,83.58376477410256,39.66829088848458,12.092152264754313,15.496533892268285
54751323,57.947000,0.000000,0.000000,1023.77,1024.25,1024.18,1026.83,-0.08,0.02,1.0,1.0,1.0,1.0,1400.31,0.42789666623643446,0.4415884050577741,-0.004827564021545294,-0.08499175698381413,-0.020684024242477013,-0.01931545533330158,326.04263311406714,449.514227587695,6.495199292939026,279.04843914097614,227.2545902576508,32.21295640797626,157.90160388925383,85.16283514108052,41.01680284493128,11.93868259203674,16.573405732367117
54751423,58.047000,0.000000,0.000000,1023.79,1024.18,1024.18,1026.83,-0.08,0.02,1.0,1.0,1.0,1.0,1400.39,0.4273972494571006,0.4354171643565057,-0.0055734596423558285,-0.05220835126842302,-0.04108754744648891,0.007605987470177146,326.0489057847386,449.5118303003261,6.51408242466327,279.4949979246561,227.22281223231587,32.249214511598545,156.12736913417982,86.8688817262412,42.48692504676217,11.828476306625888,17.657717829886508
54751523,58.146000,0.000000,0.000000,1023.72,1024.28,1024.43,1026.59,-0.08,0.02,1.0,1.0,1.0,1.0,1400.45,0.4266363199106553,0.432332232026422,-0.006668227971076143,-0.008281682011646216,0.01759295920502123,0.4021781825152787,326.0451585015217,449.52833335774176,6.50883180217089,279.22108518175776,227.31452464851603,32.494671600239315,153.93733773181017,88.56669196622293,44.01905655089742,11.899081387925092,18.282612118736242
54751623,58.245000,0.000000,0.000000,1023.78,1024.19,1024.55,1026.44,-0.08,0.02,1.0,1.0,1.0,1.0,1400.33,0.42593730238169664,0.43347469772719616,-0.0071600650626135786,0.022867799838908222,-0.008629871546083103,0.31082536892419366,326.04668307293707,449.478695752088,6.48294592458122,279.10682856434175,227.3340135657517,32.61890908611906,152.58791736191688,89.82775479337887,48.00857625487117,11.931267593404643,18.754488912327556
54751724,58.348000,0.000000,0.000000,1023.76,1024.2,1024.73,1026.44,-0.09,0.02,1.0,1.0,1.0,1.0,1400.27,0.42520937454585717,0.43754224998024416,-0.007428466242155271,0.05183224816430027,0.0004218578969976159,0.2757657333612898,326.04994214490813,449.46517862312936,6.505128715971535,279.1843572080698,227.31044441429617,32.780633353686916,151.28492267397522,91.37304536663926,48.96635877837415,11.912405764000637,19.43017421197317
54751825,58.446000,0.000000,0.000000,1023.91,1024.24,1024.91,1026.33,-0.08,0.02,1.0,1.0,1.0,1.0,1400.33,0.42446665546043505,0.4443364250208054,-0.0074104031477541564,0.07661310553538231,0.00905699138743544,0.13556633373194588,326.05957586609145,449.44270692414653,6.479873508726788,279.66384907874874,227.31533824971302,32.81321933956046,150.2977901597926,92.81940603543998,46.55208497652926,11.797751311990407,20.290721704100413
54751924,58.548000,0.000000,0.000000,1023.89,1024.17,1024.95,1026.31,-0.08,0.02,1.0,1.0,1.0,1.0,1400.41,0.4236852376505363,0.4536757230403292,-0.007899260954401353,0.10120416007047336,0.022012093319909817,-0.09355167265426759,326.0539030556234,449.4704128392235,6.501988478248915,279.5007805917705,227.3897575953367,32.89954698621973,148.99892123682062,94.27237150457532,47.44794146106045,11.83906696933538,20.753418465911786
54752025,58.646000,0.000000,0.000000,1023.88,1024.27,1024.96,1026.34,-0.08,0.02,1.0,1.0,1.0,1.0,1400.36,0.42287085707642,0.46533353943415223,-0.008067150767001917,0.12345043207518104,0.02805443146426556,-0.18629077070468478,326.0615638917678,449.46183912778463,6.4789481066973496,279.06568522899573,227.4838534244733,33.32589661783331,147.220610678483,95.79061259076585,47.96722078197456,11.953811429446102,21.12538725648895
54752126,58.748000,0.000000,0.000000,1023.87,1024.25,1025.25,1026.36,-0.09,0.02,1.0,1.0,1.0,1.0,1400.31,0.4220890965945336,0.47895126509895886,-0.007499918643842865,0.14207652321014144,0.03658828070458911,-0.3290151758675781,326.0526759363841,449.47741645927266,6.51030665659437,278.51137531638636,227.7318922067535,33.38313186178372,145.23408315893033,97.22108355575425,48.55924819865652,12.100785388447203,21.39929794153651
54752226,58.848000,0.000000,0.000000,1023.8,1024.33,1025.17,1026.23,-0.09,0.02,1.0,1.0,1.0,1.0,1400.35,0.42141189829808906,0.49416851742442325,-0.006175739299538638,0.1553770753393421,0.0521541182109876,-0.7609097976910761,326.0565680198957,449.47277624233556,6.479940975034715,278.10345424535666,227.79195894885012,33.49396410457697,143.70367068313845,98.83201404583363,49.44850619867667,12.205931972269354,21.77144332625594
54752327,58.949000,0.000000,0.000000,1023.86,1024.24,1025.1,1026.33,-0.09,0.02,1.0,1.0,1.0,1.0,1400.45,0.42088923006484946,0.5107085109715548,-0.004494606860550141,0.16731542799653676,0.0231664579528297,-0.08892243166668662,326.0557577961774,449.4323612243409,6.460136673260826,278.242971284998,227.73451826296613,33.51553903434015,142.62324000326865,100.74763419057217,50.50555601855935,12.170372772913991,22.542099818962885
54752428,59.050000,0.000000,0.000000,1023.95,1024.21,1025.14,1026.28,-0.09,0.02,1.0,1.0,1.0,1.0,1400.45,0.42051626322131075,0.5284542823611558,-0.0033190910996392146,0.18020437311086024,0.012280920913980573,-0.06085469452023112,326.0593453854885,449.44522122674124,6.473363941348834,278.91032795584414,227.70803354215718,33.781232496281596,141.8019183769083,102.88692652271946,52.14316753555476,12.004282670196003,23.677252009486647
54752528,59.150000,0.000000,0.000000,1023.92,1024.29,1025.1,1026.34,-0.09,0.02,1.0,1.0,1.0,1.0,1400.35,0.420203012409295,0.547478410150273,-0.003129306288403933,0.19364726368843463,0.0009625628748139653,-0.04253886070974592,326.06955456071347,449.43881393238604,6.455309419278611,279.3697312233364,227.66227662354527,33.82308172971987,140.8824839798519,104.52787295829997,53.33509972901845,11.891138298583048,24.576181899671198
54752627,59.250000,0.000000,0.000000,1023.8,1024.33,1025.03,1026.36,-0.09,0.02,1.0,1.0,1.0,1.0,1400.29,0.41988424275777014,0.5677926504155094,-0.0030634426437416854,0.20461016572281784,0.00682072580628545,-0.07894202455436611,326.04208071208336,449.47768956599293,6.483902240295432,278.4994314191923,227.90321404127423,34.251696465442,138.9101890330029,106.61865419553848,54.244853818379156,12.110184600373708,24.793314540427406
54752728,59.350000,0.000000,0.000000,1023.81,1024.31,1025.17,1026.39,-0.08,0.02,1.0,1.0,1.0,1.0,1400.31,0.41963434134214656,0.5891042427665154,-0.002051190466535186,0.21437142546382124,0.011803922464868501,0.06660225944101124,326.0467792048036,449.4366947771791,6.482996931863366,278.2638580766081,227.924069832906,34.37658988445755,137.42421591167238,108.11110811616813,55.16898709030826,12.172864114804616,25.266298985000414
54752828,59.450000,0.000000,0.000000,1023.86,1024.27,1025.04,1026.36,-0.08,0.02,1.0,1.0,1.0,1.0,1400.36,0.4194982083724848,0.6111539081899299,-0.0009586643681685502,0.22512296498248532,0.011081095123222515,0.0879467045829539,326.0518657442226,449.4667645310363,6.496947141329045,278.09707937005305,227.98996940100872,34.46564017684394,136.08084168282315,109.9704614201148,56.46388308461003,12.217251707190703,25.837957172151103
54752929,59.551000,0.000000,0.000000,1023.8,1024.27,1024.99,1026.32,-0.08,0.02,1.0,1.0,1.0,1.0,1400.35,0.4194777449606519,0.6337907361987671,0.00023289521987808696,0.22547908642659614,0.011155689549469933,-0.1481552617060009,326.0490258892166,449.4062344902324,6.465365668861378,278.160300370753,228.0223545611041,34.55945475269434,134.98689086350575,111.99730571979013,57.78408860553565,12.205893416667344,26.56755248920549
54753029,59.652000,0.000000,0.000000,1023.82,1024.25,1024.88,1026.26,-0.08,0.02,1.0,1.0,1.0,1.0,1400.44,0.41953081217004073,0.6511045264539016,0.000979086762000266,0.24755322477115674,0.01168003889161807,0.8511654214128989,326.0475407687066,449.45585389537695,6.482441705819906,278.2017998143021,228.11164005137428,34.65756037139602,134.1540137095297,113.70990525615201,58.770589132154434,12.19738558056616,27.148874112335875
54753130,59.752000,0.000000,0.000000,1023.83,1024.16,1025.22,1026.2,-0.08,0.02,1.0,1.0,1.0,1.0,1400.4,0.41971066260772616,0.6804672356256787,0.0017062933328166198,0.23396203282660405,0.0033612774214440704,-0.18582812534699694,326.05420597530673,449.45506682325197,6.5042212455130635,278.2952318461866,228.10801523636707,34.8785107707371,133.85519549958,114.03238814593539,58.999287533575796,12.175436541235873,27.348208367698103
54753229,59.852000,0.000000,0.000000,1023.93,1024.19,1025.32,1026.17,-0.08,0.02,1.0,1.0,1.0,1.0,1400.29,0.4199160414755935,0.7041190043479522,0.0022514781180121854,0.23461851026690209,0.00018912670616481008,-0.6329018373220036,326.0546025685447,449.46551200220387,6.474029476535995,278.1629189477381,228.10947169317137,34.804754103934165,133.31302655758194,114.0709108029801,59.11896051522064,12.210013293055722,27.367044549191643
54753329,59.952000,0.000000,0.000000,1023.93,1024.24,1025.35,1026.16,-0.08,0.01,1.0,1.0,1.0,1.0,1400.26,0.4201775057126257,0.7275438233957146,0.0028139007335289236,0.23197511891066702,0.003961053677698729,-0.19206030568834273,326.05469039363396,449.46579761531706,6.487685855866341,277.98655099908956,228.1936275259935,34.92083746005429,133.20047528988943,114.00906134958295,58.733174066950475,12.2552918379239,27.228575243143172
54753430,60.052000,0.000000,0.000000,1023.91,1024.22,1025.27,1026.14,-0.08,0.01,1.0,1.0,1.0,1.0,1400.27,0.4205031620080875,0.750376653852471,0.0035160962128429813,0.22318872395516826,0.0060599826430557955,-0.2227702615134715,326.0445639537993,449.50592315170235,6.493570077701943,277.68234203118135,228.30007397054368,34.902768382081874,133.41576333832506,113.53888393308331,58.691896655159475,12.334948440918746,26.828553244095165
54753529,60.152000,0.000000,0.000000,1023.88,1024.28,1025.33,1026.07,-0.08,0.02,1.0,1.0,1.0,1.0,1400.37,0.4209213972721623,0.7721840205732993,0.0045883275665263065,0.21114413231881105,0.010257457276638404,-0.2544442959373623,326.0543998627972,449.4789326745575,6.475321365280913,277.18461604436686,228.41383876240488,35.10763397696602,134.0939881319455,112.35648622747397,57.78484475905104,12.465615608509381,26.02409486226636
54753630,60.252000,0.000000,0.000000,1023.88,1024.26,1025.69,1025.96,-0.08,0.02,1.0,1.0,1.0,1.0,1400.39,0.4214635807225792,0.7924883472832178,0.005784838535051796,0.19466022237366085,-0.0033798050239673733,-0.6541865906604644,326.05570772976085,449.477036340042,6.480788650031402,277.5051518527908,228.20597866501225,34.75439329155949,136.31343323808602,109.70926772884019,56.61883646002097,12.375534559887818,25.24350378106326
54753730,60.352000,0.000000,0.000000,1023.96,1024.23,1025.92,1025.89,-0.08,0.02,1.0,1.0,1.0,1.0,1400.48,0.4220886996254607,0.8108621111080245,0.006418650601535569,0.1747669301908274,0.005345869671077896,-0.2146008903891662,326.05228616429986,449.4920442002257,6.488104783917424,277.38745986561594,228.25322163461334,34.39386331233916,138.26904315287862,106.9839248060928,54.64363912861032,12.405512827226293,24.110364932953978
54753830,60.453000,0.000000,0.000000,1023.92,1024.3,1026.02,1025.73,-0.08,0.02,1.0,1.0,1.0,1.0,1400.37,0.42276633436889366,0.8267967520018297,0.007131613249435629,0.15216276032926487,0.003687512764229756,-0.35599144860717835,326.06244420229825,449.4864232607969,6.479176239696601,276.9678022664031,228.3273657939132,34.30011803386454,139.7742657145746,104.80637763030568,52.889299558950356,12.516014974953588,22.96995984921091
54753929,60.551000,0.000000,0.000000,1024.02,1024.27,1026.08,1025.75,-0.08,0.02,1.0,1.0,1.0,1.0,1400.31,0.4235158072552895,0.8399788275611444,0.007796667254697703,0.12161126342040715,0.04955700001464478,0.44024692498883206,326.0449282031803,449.4993025155688,6.470356436261846,277.17618152628785,228.22553259105473,34.2973504900041,142.19861560996387,101.81942621270244,50.545990155190665,12.456623847942307,21.964958873080562
54754029,60.651000,0.000000,0.000000,1023.95,1024.12,1026.11,1025.82,-0.08,0.01,1.0,1.0,1.0,1.0,1400.28,0.4243162782299543,0.8501488664673129,0.009607870603563119,0.10566520850896612,-0.08835908075003145,-1.6034285263898518,326.05101098646276,449.51560258864663,6.47888417940563,277.06025463782953,228.1957069026671,33.940341473871975,144.5620740191191,98.64423822128836,48.4214467267861,12.481570250510584,20.681115433895005
54754129,60.751000,0.000000,0.000000,1023.96,1024.23,1026.06,1025.87,-0.08,0.02,1.0,1.0,1.0,1.0,1400.28,0.4251519900928583,0.857036718472002,0.008282465853736156,0.055450061715852254,-0.046222174428339605,-0.6845707156241444,326.0564559808975,449.4658775515427,6.489023532562335,277.56874640701284,227.95775966448025,33.67388066843327,147.3627618067377,95.91855229215042,47.19993985814628,12.34455719409524,19.910366479020464
54754229,60.850000,0.000000,0.000000,1023.93,1024.17,1025.94,1025.75,-0.08,0.02,1.0,1.0,1.0,1.0,1400.22,0.4259646505918703,0.8605494526035323,0.007864972904757952,0.022377475354228276,-0.01249004547277294,-0.35729787341489866,326.049747745597,449.48067038002085,6.486937743108138,277.6439477549619,227.84821736640578,33.46557468484211,149.52606695376377,93.98934460510158,46.00566139392637,12.321757550946918,19.101098816773483
54754329,60.951000,0.000000,0.000000,1023.95,1024.21,1025.92,1025.82,-0.08,0.02,1.0,1.0,1.0,1.0,1400.33,0.4267079264056792,0.8607362286630698,0.007110585973388938,-0.010207417207737267,-0.011084932630990186,-0.31565952735631314,326.04808160186616,449.4752349308519,6.481797471690536,277.67902581412824,227.8162548592633,33.24947989913964,151.09222032974697,92.26576331881438,47.94755459366422,12.30976679956505,18.422021899133846
54754430,61.051000,0.000000,0.000000,1023.91,1024.17,1026.03,1025.82,-0.08,0.02,1.0,1.0,1.0,1.0,1400.29,0.42721618792663174,0.858797673634173,0.006638750857026574,-0.03373667802716315,-0.002478641040588369,-0.32728597610740107,326.0418424279923,449.49437897634226,6.507186038619004,277.5306703628876,227.7813027637027,33.099681602741775,152.47838887723464,90.31978163846233,42.627035394467825,12.344508164186777,17.60458050775791
54754530,61.152000,0.000000,0.000000,1023.89,1024.08,1026.17,1025.68,-0.08,0.02,1.0,1.0,1.0,1.0,1400.36,0.42798511138354645,0.8518074703674383,0.0058550445687583315,-0.07050793969978564,-0.006559495533911873,-0.2811054797551055,326.0498285480909,449.4774399311518,6.484084536785703,277.46690217480693,227.78955742625135,32.87312903827946,154.3958312620826,87.98083355549541,41.73296377725408,12.359268958156346,16.638336449969955
54754629,61.252000,0.000000,0.000000,1023.96,1024.17,1026.33,1025.55,-0.09,0.02,1.0,1.0,1.0,1.0,1400.36,0.4284054879482859,0.8454362896035903,0.005809154616317455,-0.09765369855352757,0.010514856170502563,-0.5670386537010658,326.05436402555955,449.477464302197,6.489124006655766,277.31192763390567,227.77626503613112,32.60779788188554,156.92324405720709,85.07774051054733,42.42421398357994,12.398740402196331,15.355423543842136
54754729,61.351000,0.000000,0.000000,1023.94,1024.27,1026.34,1025.62,-0.09,0.02,1.0,1.0,1.0,1.0,1400.35,0.4289306429867893,0.8344134388789737,0.0051619613273632394,-0.12158899894124602,0.006148935982406354,-0.48859068665902433,326.0467443863188,449.4617894410885,6.4925859795943985,276.9918343967229,227.75039140639961,32.420844465400585,159.21383237599113,82.5436266043646,40.280280686905435,12.476259236442411,14.09317933548672
54754829,61.451000,0.000000,0.000000,1023.89,1024.29,1026.16,1025.64,-0.09,0.02,1.0,1.0,1.0,1.0,1400.38,0.42957667634785074,0.8165493244061804,0.00528650039574848,-0.15705475376265657,-0.00943122439636729,0.0862272299810076,326.05703624780773,449.46905663932074,6.496268543654913,276.60197061585785,227.70427020150447,32.153838853541025,162.5640287039245,79.59883846525157,37.924191758753075,12.571640669539093,12.452202792968855
54754929,61.553000,0.000000,0.000000,1023.96,1024.25,1026.09,1025.59,-0.09,0.02,1.0,1.0,1.0,1.0,1400.48,0.4301300980612,0.799079831279135,0.005666787481012353,-0.18432296678890586,0.0015683950135883405,-0.1902422730385388,326.0500024911057,449.494901836617,6.515597513125498,276.63408247197134,227.71860362893528,32.06920763189385,164.5885738308939,77.75359828759495,36.81264840383109,12.561374323336311,11.642291242232776
54755029,61.652000,0.000000,0.000000,1023.9,1024.22,1026.13,1025.61,-0.09,0.02,1.0,1.0,1.0,1.0,1400.4,0.43071671008973994,0.7790345879731435,0.005937201875407967,-0.20879210735122178,-0.0005292626657370634,-0.13854621070923878,326.05137551142656,449.4717977650727,6.512331422593264,276.6162479234823,227.68437888975788,31.893221455612878,167.2414214660773,75.94594095646059,35.471019866473824,12.565491718220862,10.653517258271584
54755129,61.754000,0.000000,0.000000,1024.12,1024.24,1026.13,1025.59,-0.09,0.02,1.0,1.0,1.0,1.0,1400.25,0.4313250860676236,0.7566731975168385,0.006059585865405925,-0.22954454372537417,-0.003063603007671473,-0.09009924741973115,326.0419203277186,449.4202934657547,6.484931736089935,276.89488051785,227.43478125164572,31.49693880680107,170.3133438170289,74.07041876093928,33.79033319613171,12.483771008600757,9.830071846061028
54755229,61.853000,0.000000,0.000000,1023.96,1024.24,1026.27,1025.47,-0.09,0.02,1.0,1.0,1.0,1.0,1400.36,0.4319212250810811,0.7322306241086655,0.005802598306048916,-0.2513041683791169,-0.0066168881263542695,-0.10958524029656921,326.04389474135525,449.4802484305371,6.507266768611905,277.0602302532373,227.41025388504423,31.230321787929213,173.3263193457839,71.79003722121392,32.35867558609406,12.438980457576752,8.808818330057203
54755330,61.952000,0.000000,0.000000,1023.88,1024.31,1026.1,1025.47,-0.09,0.02,1.0,1.0,1.0,1.0,1400.28,0.4324633576735635,0.7059360355979579,0.005150965190588955,-0.26755579433656007,-0.00399968111335067,-0.26150197471042697,326.05000724859,449.48671196970975,6.491207480176539,276.7460596600545,227.51709736121495,31.147656736705333,175.8227622845045,69.73339124764802,30.606640188239986,12.523240275433134,7.557747834712249
54755429,62.053000,0.000000,0.000000,1023.96,1024.18,1026.07,1025.57,-0.09,0.02,1.0,1.0,1.0,1.0,1400.28,0.4329588579513599,0.6779175090333895,0.0049470056852409135,-0.29102296637712477,0.001356593517058607,-0.3471571887172575,326.0479175580326,449.5195385556655,6.514134158938523,276.75665801348225,227.48112598885086,31.0699142962872,178.20947489523573,67.86396666592452,26.1742605762365,12.51636207089127,6.658340663487579
54755529,62.151000,0.000000,0.000000,1023.92,1024.31,1025.98,1025.74,-0.08,0.02,1.0,1.0,1.0,1.0,1400.36,0.4333183255049631,0.6558473589575294,0.004747032344440021,-0.2983309596971277,0.007812633832250572,-0.7682878538194525,326.05503057358214,449.4934735461145,6.494759197718516,276.8760130080797,227.41313556746613,30.809252936112774,180.70729975756592,65.96804213917235,28.14045696453108,12.486472284487713,5.8082309378944075
54755630,62.252000,0.000000,0.000000,1023.9,1024.22,1025.97,1025.71,-0.09,0.02,1.0,1.0,1.0,1.0,1400.31,0.43387820598554655,0.6173447313558849,0.004276604076519517,-0.31462617053199526,-0.013080747021914406,0.49094950183666813,326.0461902629598,449.50564603888176,6.5264988031601145,276.7522293172443,227.40736798968805,30.63090250809483,182.58115426894776,64.98781970247312,27.06950059231099,12.513758796688196,5.077698501803347
54755730,62.353000,0.000000,0.000000,1023.84,1024.26,1025.84,1025.77,-0.09,0.02,1.0,1.0,1.0,1.0,1400.28,0.4342794272306232,0.5853009510253053,0.0038846787654983946,-0.32322330104040436,-0.00376770881033979,-0.0020105884166301278,326.0515726079557,449.4636632298093,6.5186673411612786,276.75480813265744,227.39303774380568,30.718682982894702,184.49900698266856,64.13520653733731,26.21963056650085,12.515957298869692,4.438557617235663
54755830,62.453000,0.000000,0.000000,1023.8,1024.24,1025.38,1026.08,-0.09,0.02,1.0,1.0,1.0,1.0,1400.29,0.43465197598624317,0.5524419189326949,0.003589375687174003,-0.3292534585758444,-0.004504202691198637,0.027301324372437156,326.0504973476578,449.4495589194352,6.507760361236229,277.37414972892736,227.20702442888702,30.623143583748977,184.93995265807504,63.96569086004868,26.093265106569895,12.35404363703838,4.812300108270591
54755930,62.553000,0.000000,0.000000,1023.88,1024.27,1025.24,1026.33,-0.08,0.02,1.0,1.0,1.0,1.0,1400.33,0.43496591128535156,0.5192482695225694,0.002732100226079915,-0.330358183082509,-0.011915975322445078,0.005450978917996375,326.05860687450496,449.46773891219806,6.48983135768378,278.10958901769834,227.01747070645268,30.866532171023582,182.9669975958673,65.19644113148289,27.095819288004716,12.163963296817538,6.125450941094783
54756031,62.653000,0.000000,0.000000,1024.04,1024.27,1024.99,1026.69,-0.08,0.02,1.0,1.0,1.0,1.0,1400.33,0.43513802094092774,0.48662659089166826,0.0010159003056431015,-0.3237574419238545,-0.02380739461349412,0.8343566292144753,326.04529417607137,449.5438574521881,6.499956991371226,278.68521838658944,227.12628643496078,31.01448959056272,179.40886472957885,67.62154067555207,29.284857195007667,12.020643066649605,7.857003401137362
54756130,62.755000,0.000000,0.000000,1023.84,1024.26,1024.83,1026.68,-0.08,0.02,1.0,1.0,1.0,1.0,1400.3,0.4351280186967198,0.463228362829065,-0.0007229680171028035,-0.30939475999187244,-0.02381910726242661,0.04612426982510001,326.04280661510427,449.56367308658344,6.521901694670286,278.6864072494352,227.18486281760062,31.344486549173673,174.76025453518278,70.88259440700753,31.713509911220413,12.021771180360911,9.576587727302304
54756230,62.854000,0.000000,0.000000,1023.86,1024.23,1024.72,1026.71,-0.08,0.02,1.0,1.0,1.0,1.0,1400.37,0.43491571828838915,0.43432287262025343,-0.0029310786516945973,-0.27915145797299507,-0.02242758579098565,0.06020824177714848,326.05174917016933,449.5737353598664,6.504670507365333,278.48795127347313,227.30330228722988,31.618758536327856,170.91251152007456,73.41853485141952,31.080191265841094,12.078593223732819,10.798860092527715
54756330,62.953000,0.000000,0.000000,1023.9,1024.22,1024.5,1026.87,-0.08,0.02,1.0,1.0,1.0,1.0,1400.32,0.4344065615714588,0.4030096110122892,-0.004660898667098735,-0.22890116078578823,-0.008720168741199926,0.5185930867917954,326.05378881178376,449.59605405536513,6.500625215332476,278.14739919674525,227.4920710119574,31.72467427213581,167.0108206433963,76.00405922806937,36.18395179449619,12.171854817749422,11.921285339838125
54756431,63.052000,0.000000,0.000000,1023.86,1024.23,1024.54,1026.87,-0.09,0.02,1.0,1.0,1.0,1.0,1400.44,0.4338959064856474,0.382415688265888,-0.005216553303116647,-0.19256870656189345,0.013428745755289684,0.8798520550427,326.0507445859658,449.5899365765158,6.505912982507875,277.04283316762474,227.83066844284312,32.16014694292974,163.0376522815695,79.1732446859029,35.18710800089396,12.4618392691733,12.560872123025746
54756531,63.152000,0.000000,0.000000,1023.73,1024.25,1024.36,1026.93,-0.09,0.02,1.0,1.0,1.0,1.0,1400.33,0.43352781285974407,0.3696071863776257,-0.004780427192702789,-0.16321953523256508,0.00523107162580655,0.2675560931490023,326.0484256257182,449.59089275363704,6.523840482992748,276.8358333786551,227.91319178953313,32.383136005823935,161.33080073824047,80.66853173727662,39.275860761919766,12.516709048436452,13.07874191514684
54756631,63.254000,0.000000,0.000000,1023.71,1024.28,1024.26,1026.98,-0.09,0.02,1.0,1.0,1.0,1.0,1400.29,0.43305225346815096,0.3531713807739427,-0.003137837245497035,-0.11081934202035948,0.015095596858845785,0.47281087450808423,326.04149780188476,449.541626567762,6.501685422188425,276.5038152456906,228.08941974766296,32.66722562871764,156.3619354038436,85.77151885078251,40.18053055620075,12.609178562113124,14.952020301126371
54756731,63.353000,0.000000,0.000000,1023.9,1024.33,1024.19,1027.0,-0.09,0.02,1.0,1.0,1.0,1.0,1400.24,0.4328266212945742,0.3445877558899063,-0.0016736279542459167,-0.06964921117101931,0.016995580715214054,0.48506838446840334,326.0386279197103,449.58440665054746,6.501793743125045,276.35121459144716,228.14393462558957,32.85005703488971,154.74461936401383,87.24409460686242,41.46498333611804,12.646715194399247,15.503101079894702
54756832,63.454000,0.000000,0.000000,1023.8,1024.24,1024.05,1026.9,-0.09,0.02,1.0,1.0,1.0,1.0,1400.33,0.4327580197364711,0.34014994095604467,-5.790714136803474e-05,-0.02819235865384395,0.016546142958743112,0.40016067986101794,326.06412983834986,449.60837254152045,6.498372343015685,275.8242824265245,228.42017385192702,33.07951220002102,151.37277677495052,90.1530494340968,46.50790945099925,12.794981848495105,16.399788503743714
54756932,63.554000,0.000000,0.000000,1023.83,1024.26,1024.17,1026.85,-0.09,0.02,1.0,1.0,1.0,1.0,1400.23,0.43287092593839466,0.33968530250278484,0.0018648750648938414,0.010448224882005764,0.019060875517892605,0.41572399080052064,326.0499719040124,449.58927136132223,6.490808971644007,276.56627332678266,228.2266065962904,33.11810072799977,148.3319269051767,93.39892157353724,45.835645899705625,12.60080873453844,18.36263219486193
54757033,63.655000,0.000000,0.000000,1023.79,1024.19,1024.35,1026.72,-0.09,0.02,1.0,1.0,1.0,1.0,1400.33,0.4331210293043088,0.343209640686602,0.002746440414183182,0.050061554720751786,0.0025791121726352383,0.3603198184144129,326.06029698038407,449.65173514662683,6.488232059266677,276.87221665414773,228.26619345769862,33.12716919221287,147.1175488418661,94.72549563819908,46.69444429936183,12.52666038576529,19.122856936855676
54757132,63.755000,0.000000,0.000000,1023.83,1024.31,1024.64,1026.58,-0.09,0.02,1.0,1.0,1.0,1.0,1400.33,0.43340853245387273,0.35065017392731934,0.002905668422238671,0.08739558300684433,0.0004616177562321581,0.3138093520621565,326.04853654875006,449.62686632528073,6.5063040357901665,276.66573962527207,228.42476435334643,33.36893292816715,145.38591442287836,96.65717662127219,48.05281801824233,12.584770430801619,19.724217065861254
54757233,63.855000,0.000000,0.000000,1023.9,1024.28,1024.69,1026.46,-0.09,0.02,1.0,1.0,1.0,1.0,1400.42,0.43372305294102254,0.36161652673109274,0.003244920623144041,0.12137310666289335,0.0035079122366662428,0.3451911351001137,326.04586627478125,449.5957354501077,6.514372322747885,276.59550699372056,228.42913208944006,33.60328286451088,143.95325738143316,98.52822612338764,48.97486136129394,12.603396565825225,20.391438854503704
54757332,63.955000,0.000000,0.000000,1023.83,1024.27,1024.84,1026.48,-0.09,0.02,1.0,1.0,1.0,1.0,1400.33,0.43407263359761417,0.3757297568036807,0.0037346332745039766,0.15358887492404227,0.008768904289835506,0.3737126967675274,326.0445263352147,449.5620748410453,6.482220822172261,276.1988806527365,228.48821043279543,33.91403618697455,141.8455340797775,101.02135112867313,50.06393900916529,12.706042295409803,21.094581801586234
54757432,64.055000,0.000000,0.000000,1023.77,1024.35,1025.01,1026.41,-0.09,0.02,1.0,1.0,1.0,1.0,1400.35,0.43449210497710156,0.3926055253359286,0.004541751364774651,0.1784774457377087,-0.0025451345733492423,-0.2654970426332119,326.04107024344336,449.53153349184174,6.520263348905845,275.44316887613036,228.74791565516333,34.21740573144726,139.64916438716034,103.73063451415804,51.252181472643784,12.90781688222211,21.550482092684106
54757533,64.155000,0.000000,0.000000,1023.81,1024.33,1025.06,1026.52,-0.09,0.01,1.0,1.0,1.0,1.0,1400.28,0.43503502418303625,0.41184226990369716,0.00604087090743831,0.20022923014884866,0.01515625153377853,0.14051001196046037,326.0430549536566,449.54271429313405,6.510531500191885,275.1255695992966,228.92934814887164,34.52880868699226,137.7148897725993,105.97872542520129,52.354304392837115,12.996270974332203,22.186309775755507
54757633,64.255000,0.000000,0.000000,1023.68,1024.22,1024.99,1026.45,-0.09,0.02,1.0,1.0,1.0,1.0,1400.38,0.4357445022884818,0.4330551278405428,0.007657018062020348,0.217472763660222,0.036593904525018046,0.7811888501797393,326.04368711950593,449.55917861553365,6.516398094558159,274.974523181607,228.99823488662702,34.58048767155726,136.66093238934772,107.07901048496886,53.20374419749038,13.036657720161863,22.531488461184615
54757732,64.356000,0.000000,0.000000,1023.79,1024.27,1024.77,1026.48,-0.09,0.01,1.0,1.0,1.0,1.0,1400.3,0.4366115886496899,0.45586823380713765,0.010111230585663735,0.2553236024594751,0.055027298536141654,1.1166732220238522,326.04895069016817,449.53105308040267,6.499815801588415,274.0681776169222,229.29659018968152,34.86276150973367,133.65710651363577,110.80922776094425,55.659411396544726,13.280176847657076,23.279947200955572
54757833,64.455000,0.000000,0.000000,1023.74,1024.27,1024.95,1026.53,-0.09,0.01,1.0,1.0,1.0,1.0,1400.29,0.43765205960170434,0.47995028672598833,0.01110696784908916,0.24272212199994586,0.013448760258765624,-0.08383316296559694,326.0466316760394,449.56035200075337,6.492911154569026,273.6620910423122,229.43650512037522,35.29856629618374,131.55678986707878,112.79147949008325,56.873865873134235,13.386117993029021,23.84741132292548
54757932,64.555000,0.000000,0.000000,1023.71,1024.37,1024.93,1026.44,-0.09,0.01,1.0,1.0,1.0,1.0,1400.23,0.4389128334075672,0.5049913186658275,0.01315474496522511,0.24793053729766898,0.005480479301292172,-0.22625406057846414,326.0492666859047,449.56510945104014,6.496909918606643,273.83754241986867,229.46336971527305,35.546301916288655,130.17295932613592,114.39846071838184,57.9572292882878,13.344831539690603,24.6181413155778
54758032,64.654000,0.000000,0.000000,1023.8,1024.31,1025.08,1026.35,-0.09,0.01,1.0,1.0,1.0,1.0,1400.36,0.44036681277310774,0.5308446692574644,0.01485352724013466,0.2577951932124154,-0.0007357097960731365,-0.1522703004203797,326.04155173430746,449.54128823249476,6.505642974670453,273.97571560168905,229.4681505890755,35.44568936327579,129.34491900941396,115.78567806806312,58.753618329636026,13.310540639915455,25.210918966531437
54758132,64.756000,0.000000,0.000000,1023.7,1024.26,1024.97,1026.44,-0.09,0.01,1.0,1.0,1.0,1.0,1400.33,0.44193831253247196,0.5574348983714149,0.015929773070689646,0.2659828042953486,-0.0013550637720908813,-0.11270601959458863,326.0455535479148,449.5319016156708,6.482311375414447,273.9226226491328,229.42149839343466,35.7417240562636,128.85161982772178,116.36843995524708,58.726252250393685,13.322441008071241,25.42602176822389
54758232,64.855000,0.000000,0.000000,1023.81,1024.36,1024.9,1026.33,-0.09,0.01,1.0,1.0,1.0,1.0,1400.43,0.44358751279504677,0.5844466664046765,0.016545583532817675,0.26795034811612023,-0.008363944175568724,-0.2184021703362441,326.03771410223266,449.5243626525215,6.51034780645835,273.94830439895406,229.3782446452059,35.54670956925834,128.2722192644505,117.58618287019786,60.733618999340365,13.312095238325185,25.87311868571539
54758333,64.955000,0.000000,0.000000,1023.8,1024.26,1025.06,1026.29,-0.09,0.01,1.0,1.0,1.0,1.0,1400.34,0.4452814658639666,0.6115395078183484,0.01691255718576614,0.2691125386072245,-0.008644771088461642,-0.17297774045724354,326.0391203310483,449.5452020973631,6.522771509557687,273.8972716551136,229.42450749726927,35.63239286983688,127.33631528080977,118.59593997375092,61.29544208541805,13.326502972185512,26.25062838032496
54758432,65.055000,0.000000,0.000000,1023.88,1024.17,1025.1,1026.22,-0.09,0.01,1.0,1.0,1.0,1.0,1400.48,0.44698630866783357,0.6385460478244424,0.016539614392220004,0.26200259293120226,-0.026237683034832742,-0.4042594480642568,326.05002571314117,449.5748470519948,6.490793091526115,274.1720737177236,229.44933102989302,35.67390641633183,126.58203243176416,119.62780599683457,62.26624012928288,13.261164490763486,26.82479178042873
54758532,65.155000,0.000000,0.000000,1023.85,1024.29,1025.1,1026.21,-0.09,0.01,1.0,1.0,1.0,1.0,1400.37,0.44865654204973776,0.6653533067463936,0.016088323335851338,0.26141962544163905,-0.04742689612429016,-0.6654947486867562,326.06103703030425,449.59541575479165,6.5051533448252705,274.28307670538237,229.46984697417636,35.70191956098329,126.07892740692682,120.81130089238462,62.789257275166605,13.23650192262078,27.2793174308998
54758633,65.254000,0.000000,0.000000,1023.84,1024.24,1025.09,1026.15,-0.09,0.01,1.0,1.0,1.0,1.0,1400.38,0.4502480739959599,0.6918645455127782,0.01549482918823826,0.2618376849263096,-0.040106779738777486,-0.5747137889564715,326.0527859249559,449.58331704495924,6.497469210439751,274.28523034596367,229.46953827102175,35.76578021559253,125.56351167396043,121.56691384983503,63.5892729063202,13.23461957010312,27.568609227542147
54758732,65.355000,0.000000,0.000000,1023.91,1024.22,1025.09,1026.3,-0.09,0.01,1.0,1.0,1.0,1.0,1400.36,0.45175152052447126,0.7179039374106935,0.014249216105092822,0.2505849536594804,-0.039298188383456396,-0.5877439514023097,326.0561728676379,449.6240558311985,6.514714714915073,273.9565765845939,229.5121744684638,35.86507293263774,124.83653605625283,122.4435366502559,64.1437054808261,13.316603044889419,27.688333114038336
54758832,65.454000,0.000000,0.000000,1023.77,1024.24,1025.16,1026.25,-0.09,0.01,1.0,1.0,1.0,1.0,1400.41,0.4531700893667624,0.743287755307585,0.014124158639914237,0.25376877804852654,-0.01761259438259864,-0.3114398444081432,326.05334206318923,449.62904424375836,6.515011897668563,273.9658547079324,229.6015095222892,35.847155381472106,124.25269643158235,123.53995488158513,65.0248312003706,13.31854011943552,28.047951621105202
54758933,65.555000,0.000000,0.000000,1023.81,1024.25,1025.23,1026.2,-0.09,0.01,1.0,1.0,1.0,1.0,1400.44,0.45452991974598866,0.7678632755100672,0.01334209263765644,0.24244807201128224,-0.03407271669048077,-0.5807377808975281,326.06421849853234,449.6373532168577,6.494282504016023,274.17792663380766,229.54845508418256,35.90868220313604,124.08299221032156,124.0824181519457,65.29460604384057,13.265349700748871,28.37503733489597
54759032,65.656000,0.000000,0.000000,1023.83,1024.24,1025.39,1026.23,-0.09,0.01,1.0,1.0,1.0,1.0,1400.37,0.4554975528152157,0.7857182248638162,0.013011555252520813,0.24272857681920568,0.004375460153635515,0.19689969484320502,326.0544411033838,449.62818886331576,6.50539003211987,274.32468680343777,229.56255146055935,36.07102901085438,123.84845199962322,124.60277085496719,65.55465623869647,13.228086688433155,28.647385509704336
54759132,65.753000,0.000000,0.000000,1023.84,1024.35,1025.36,1026.18,-0.09,0.01,1.0,1.0,1.0,1.0,1400.42,0.45697039274470586,0.8143602756690267,0.01119731804941459,0.2235189020152565,-0.010424642468566319,-0.11631448982082578,326.0551511014954,449.60700083775066,6.490987705967602,273.9035764990708,229.66433560402325,36.09639663246728,123.61879468725577,124.64758814460964,65.2181250392105,13.339303407660822,28.376121687866366
54759232,65.855000,0.000000,0.000000,1023.82,1024.4,1025.39,1026.21,-0.09,0.01,1.0,1.0,1.0,1.0,1400.37,0.4577850774487159,0.8307443439555198,0.011251143362781052,0.22632251553608523,0.019543432935401,0.3856639277587468,326.05726567144825,449.62344439559774,6.510409859508968,273.6782363095131,229.70330263845605,36.08966514139788,123.5581947393146,124.48753846565695,65.08864241714072,13.396711479955819,28.180826553500694
54759332,65.954000,0.000000,0.000000,1023.83,1024.37,1025.43,1026.18,-0.1,0.02,1.0,1.0,1.0,1.0,1400.34,0.45907962803762775,0.8563774706370298,0.010185434761478943,0.1989055644496158,-0.0042308075669729595,-0.13530227969901085,326.06233406360445,449.6124982985771,6.488789352104107,273.9226010759402,229.67748585021934,36.14461340622339,123.7243727203742,124.42207049950865,64.91241306582111,13.336830264479602,28.304464188057352
54759432,66.054000,0.000000,0.000000,1023.85,1024.37,1025.46,1026.11,-0.1,0.02,1.0,1.0,1.0,1.0,1400.24,0.46005048418843486,0.8752697598919558,0.009367040618904563,0.1826015024930636,-0.036132316653814944,-0.6914384486464934,326.0585163396048,449.6321720932992,6.528290174090824,273.9330948584734,229.70528836577802,36.1807722580609,123.77789248304235,124.5014462219004,65.06721891647096,13.333775488589295,28.316056005562228
54759532,66.154000,0.000000,0.000000,1023.9,1024.3,1025.48,1026.1,-0.1,0.02,1.0,1.0,1.0,1.0,1400.22,0.46072641271292997,0.8884938525802033,0.008848558711602991,0.1734687154186738,-0.0012281216589955187,-0.0091495239082788,326.05647368170185,449.61102648712364,6.499060212336721,273.98356957938387,229.71629149017627,36.21568770697442,123.60613852710956,124.71531201343754,65.19938063651425,13.32269864041071,28.429947378951603
54759635,66.254000,0.000000,0.000000,1023.91,1024.39,1025.42,1026.11,-0.1,0.02,1.0,1.0,1.0,1.0,1400.26,0.46174792251309693,0.9087572430362344,0.007605175450865286,0.15217212122963178,-0.017746029453939285,-0.3298456228702081,326.0484345203849,449.59387681428564,6.489686401124211,273.7084882855522,229.70409716244384,36.23859065401703,123.46878323383265,124.7066157679087,64.8790785961134,13.388857283279874,28.273879496031153
54759732,66.357000,0.000000,0.000000,1023.89,1024.41,1025.42,1026.15,-0.1,0.02,1.0,1.0,1.0,1.0,1400.38,0.4624806254917453,0.9233679608519675,0.007081141595241997,0.13898296458291048,-0.004076269894180001,-0.16832674840543224,326.0523899651547,449.60339672747864,6.498102223544316,273.31324029034494,229.84871623542804,36.385461358965095,122.93802886789831,124.97654562617092,65.01436885286876,13.495246725053587,28.117460033522157
54759832,66.455000,0.000000,0.000000,1023.82,1024.43,1025.45,1026.12,-0.09,0.02,1.0,1.0,1.0,1.0,1400.46,0.4630148136902568,0.9333416037613194,0.007333129041546393,0.13269410574505391,0.01818418314321648,0.15779996831725404,326.04489538170947,449.58807496874806,6.525947802259616,272.90554746306395,229.9160263182217,36.36997173022822,122.43327061954326,125.2360268089878,64.74185835938269,13.598789241839565,27.977000149357536
54759932,66.554000,0.000000,0.000000,1023.82,1024.38,1025.55,1026.04,-0.09,0.02,1.0,1.0,1.0,1.0,1400.37,0.4639391210240696,0.9480504725899974,0.0076895284168080735,0.1107531939846042,-0.0016395231833119227,-0.2664446656340689,326.05461520400524,449.56899510032247,6.499048343588667,272.64829736880074,230.04344633297495,36.47569021454094,122.03991461057473,125.61947280208653,64.92815341163262,13.673330548921857,27.917924030629443
54760033,66.655000,0.000000,0.000000,1023.8,1024.39,1025.42,1026.05,-0.1,0.02,1.0,1.0,1.0,1.0,1400.51,0.4645360068567484,0.9557463056440112,0.00891136305344344,0.10850588650392946,0.04445278156557459,0.29119429766969407,326.040720005616,449.5549080322236,6.498718501066901,272.25897094454365,230.18287333137891,36.87735500563932,121.76493529000788,126.04325281414154,64.73326769004558,13.775072022324919,27.767201460249193
54760133,66.755000,0.000000,0.000000,1023.69,1024.39,1025.46,1026.09,-0.1,0.02,1.0,1.0,1.0,1.0,1400.5,0.46563083111696413,0.9667515163356268,0.009197740515668743,0.08050705071977876,0.008615871504649883,-0.15512684050278203,326.0447991543737,449.6022198952542,6.487013028377605,271.59355433544994,230.5700876697978,37.262898553073974,120.89285683672284,126.6377962980897,64.75666213087426,13.960687727227976,27.486135958723896
54760234,66.857000,0.000000,0.000000,1023.63,1024.44,1025.46,1026.03,-0.1,0.02,1.0,1.0,1.0,1.0,1400.52,0.4663748144334783,0.9722809864080135,0.010498727716342898,0.07143669261054539,0.02654488207365462,-0.07336024551677597,326.049618267476,449.61434428921746,6.492437221829505,270.48630998629267,230.97139701917263,37.66768268663407,119.50407846362256,126.83092377832976,64.18906447730964,14.258633854119305,26.886638600543545
54760333,66.956000,0.000000,0.000000,1023.57,1024.38,1025.49,1026.04,-0.09,0.02,1.0,1.0,1.0,1.0,1400.4,0.4675355538548742,0.9783330490557784,0.012583202084095845,0.054274685230218715,0.07738946516747307,0.07064121056354605,326.0410106629249,449.6188535311133,6.479378454673748,268.7769998299632,231.4969494250673,38.12833158071098,117.68505976985459,127.19951603735522,63.81569000494115,14.710026801749894,25.962970095113732
54760433,67.055000,0.000000,0.000000,1023.73,1024.47,1025.5,1026.05,-0.09,0.02,1.0,1.0,1.0,1.0,1400.31,0.4690329577600977,0.9826420573639622,0.01851387809772901,0.04010317639774781,0.17214059689281686,0.060354783468540854,326.05034729607763,449.5965662553717,6.539995584032034,266.95932617479065,232.05000701769927,38.40498560577545,115.95916674991544,127.228920086268,63.27445413087313,15.196303544839152,24.839836951008454
54760533,67.155000,0.000000,0.000000,1023.71,1024.5,1025.61,1025.92,-0.09,0.02,1.0,1.0,1.0,1.0,1400.29,0.47161939480079446,0.9851340618714057,0.023941221337933062,0.008907735674148872,0.04180097344997427,-0.24652357616860718,326.0599612596463,449.6480236675368,6.511978515296033,265.2183883983921,232.6605544702456,38.79224248115831,113.96591669954003,127.46632057964483,62.51571420109653,15.663076920733516,23.855707899783482
54760633,67.255000,0.000000,0.000000,1023.81,1024.41,1025.59,1025.97,-0.09,0.03,1.0,1.0,1.0,1.0,1400.39,0.473645973072087,0.9849214471307915,0.028751555562167342,-0.008731376228807127,0.14916299407988437,-0.24494394787169443,326.05029445916375,449.6512202088661,6.531024354700905,263.5534984093369,233.39687523842508,39.32963712556776,111.92255098204883,127.81438739386878,61.7923858829782,16.119120354221167,22.91179153788905
54760734,67.355000,0.000000,0.000000,1023.83,1024.33,1025.63,1025.89,-0.09,0.03,1.0,1.0,1.0,1.0,1400.36,0.4769836292074549,0.9825470918827262,0.038926013848730186,-0.035253335837683704,0.26684913701462787,-0.4182804813827027,326.0541198421938,449.6840578790843,6.5189588202410125,262.3726377509776,233.77100446296072,39.72089372467947,110.59482541052199,128.1194235338941,61.384052725267125,16.432917668875927,22.292630866017568
54760834,67.456000,0.000000,0.000000,1023.74,1024.34,1025.55,1025.98,-0.09,0.02,1.0,1.0,1.0,1.0,1400.31,0.4810761470926071,0.9778008901771029,0.04604437384625351,-0.059054582004900574,0.26881641744679324,-0.4765132181990913,326.05077533951203,449.69014486075207,6.52164920300918,261.5409777305639,234.18063827250944,40.003949553002336,109.74717411166564,128.45915385042252,61.22612565805031,16.664345463966526,21.814834715159137
54760935,67.556000,0.000000,0.000000,1023.64,1024.26,1025.62,1026.05,-0.09,0.02,1.0,1.0,1.0,1.0,1400.26,0.4871881924429615,0.9687962260880333,0.05207382062384388,-0.08201277227049308,-0.05106302142425254,-0.02116372076795759,326.0520580675861,449.67117773455493,6.52332092956006,260.68205634764905,234.45188830967385,40.10613431801047,108.96664775409917,128.77801953023163,61.06826059301482,16.895462273129056,21.350824871098723
54761035,67.657000,0.000000,0.000000,1023.87,1024.27,1025.7,1026.07,-0.09,0.02,1.0,1.0,1.0,1.0,1400.39,0.4927935200671501,0.9593966042016885,0.05834073729724932,-0.10094617640647019,-0.1962060027690232,0.25124793984851573,326.0516095082296,449.6786352290646,6.538336701005162,259.4017932756812,234.96459846789418,40.36719961029738,107.99260233312535,129.1584364415309,60.65526212919456,17.24497055629751,20.563848069374828
54761134,67.757000,0.000000,0.000000,1023.77,1024.27,1025.63,1026.05,-0.09,0.03,1.0,1.0,1.0,1.0,1400.33,0.49899898580990826,0.9481793827271005,0.06416472067690364,-0.11861173534074587,0.026678433737483763,-0.11655239642207134,326.05336168864153,449.69331285252997,6.56281510074999,258.16883172770224,235.44486809874587,40.44485492320928,106.77704704581126,129.47177089418395,60.15523860540812,17.580783346232096,19.84670573673302
54761235,67.857000,0.000000,0.000000,1023.78,1024.3,1025.63,1026.07,-0.09,0.03,1.0,1.0,1.0,1.0,1400.45,0.5057931112108958,0.9352237348828403,0.06946623661972542,-0.13461272407184205,0.0014482555681273916,-0.057777353846052266,326.0074624275008,449.6587302758034,6.641773724424007,257.11521927842,235.97317563736433,41.05903843402217,105.46011477040615,129.82051793792462,59.933326092495605,17.869326348681344,19.270827049755397
54761335,67.957000,0.000000,0.000000,1023.76,1024.34,1025.67,1025.98,-0.09,0.03,1.0,1.0,1.0,1.0,1400.39,0.5112489251412935,0.9244590435900689,0.07669472118632875,-0.1525521395112981,0.3913706949572242,-0.8225581633979275,326.0592936109706,449.74267207931587,6.521875907365919,255.96159902207458,236.4037808097141,41.07886614506054,104.12623329940168,129.8766870864313,59.50565361580643,18.189198486446795,18.568254836100103
54761435,68.057000,0.000000,0.000000,1023.73,1024.46,1025.69,1026.01,-0.09,0.03,1.0,1.0,1.0,1.0,1400.48,0.5189666726921534,0.9088337703336897,0.08576768137123303,-0.1752795933480518,0.6642056364940614,-1.394924974296459,326.0174252744487,449.6821288622184,6.628436118331629,254.82531710015448,236.90634584837906,41.56948123818054,102.56915567180845,130.13742200288846,58.86061233232476,18.499594872953637,17.96093029207651
54761534,68.156000,0.000000,0.000000,1023.78,1024.41,1025.64,1025.94,-0.09,0.03,1.0,1.0,1.0,1.0,1400.51,0.5292820779501606,0.88743864790779,0.08311727966391681,-0.1737808964447041,-0.45950748526867335,0.9329041804041752,326.0662270527353,449.7614083769234,6.53422365915507,254.02736579821945,237.3500742071352,41.8230169936209,101.17670717127254,130.64605939398376,58.30201492806715,18.734259910999924,17.61284652676951
54761634,68.256000,0.000000,0.000000,1023.71,1024.5,1025.79,1025.91,-0.09,0.03,1.0,1.0,1.0,1.0,1400.39,0.5357852435484985,0.8737667816040029,0.09502794064770849,-0.20024018631242688,0.3829944183001234,-0.82439035912346,326.06014572387136,449.7337873148938,6.529774362207787,253.3397917226723,237.71244887479403,42.58986426967924,100.18157852635483,131.27448659786788,57.193075836685495,18.931251315564243,17.33996162207969
54761734,68.356000,0.000000,0.000000,1023.7,1024.38,1025.89,1025.98,-0.08,0.03,1.0,1.0,1.0,1.0,1400.3,0.5470144746102228,0.849999949166086,0.09132143981719866,-0.1935033429670389,-0.025629028710741526,0.05544462511562693,326.0165131667135,449.68350333339254,6.62245535763721,252.77948488281226,238.32117645937328,43.40023706113631,98.84515755215305,132.57495481227923,57.023231587221055,19.111196734708372,17.290225717801064
54761834,68.456000,0.000000,0.000000,1023.74,1024.35,1025.76,1025.97,-0.08,0.02,1.0,1.0,1.0,1.0,1400.4,0.5562571989829078,0.8304783618839345,0.09203658059024082,-0.1937849526198347,-0.02647905497167515,0.07519221728619378,326.06163775689856,449.7520133966442,6.522245858462273,252.19529441765627,238.685368505397,43.71885071068307,97.36148212593992,134.00375148027342,56.82998212327144,19.288357629309832,17.361045936085354
54761935,68.556000,0.000000,0.000000,1023.69,1024.41,1025.9,1026.1,-0.09,0.02,1.0,1.0,1.0,1.0,1400.3,0.5656511607332474,0.8108750734226163,0.09450460293727356,-0.19607324197456102,-0.2599561718479923,0.5714180466701598,326.02205294734637,449.71390416490897,6.62484285242844,252.03171905601127,238.93546358484332,44.1093649444768,96.64390192719175,134.68242336814197,57.024106911876835,19.342791883181853,17.45590317064851
54762036,68.656000,0.000000,0.000000,1023.73,1024.29,1025.67,1026.16,-0.09,0.02,1.0,1.0,1.0,1.0,1400.33,0.5750914526274413,0.791534210811642,0.09548410581283925,-0.19369592461832835,0.040313828215177136,-0.02394359901879328,326.07332103605654,449.81418642234013,6.543118650772772,251.8078748262787,239.36644543843153,45.235079841373576,94.8517163997749,136.53553627289932,57.26887188746887,19.437558825750436,17.8937934633717
54762135,68.757000,0.000000,0.000000,1023.79,1024.34,1025.47,1026.24,-0.09,0.02,1.0,1.0,1.0,1.0,1400.27,0.5844855332954026,0.7728753282792904,0.09340833160124704,-0.18308717836116556,-0.040549190860001416,0.1469039459773969,326.0372005080339,449.7821562348152,6.643671233528446,251.9912926231076,239.55042155920842,45.46298275330875,93.9493416615686,137.64844615460672,57.60492654295747,19.40281917975326,18.38132852576924
54762235,68.857000,0.000000,0.000000,1023.81,1024.29,1025.46,1026.22,-0.09,0.02,1.0,1.0,1.0,1.0,1400.36,0.5936980444035831,0.7552660004268326,0.09115411517430083,-0.17144246056112095,-0.40994437868576356,0.8545281563861133,326.09025170083316,449.86038897188047,6.528212953445506,252.27520369870865,239.46790129017344,45.3955220615362,93.6326043519954,138.22252295844999,57.88419567290228,19.333140893999143,18.787783570831493
54762335,68.957000,0.000000,0.000000,1023.82,1024.19,1025.22,1026.42,-0.09,0.02,1.0,1.0,1.0,1.0,1400.24,0.6025939975791029,0.7390096478429992,0.08725871207243614,-0.15656763381605365,-0.18595287433560342,0.41401224268393594,326.02999063985703,449.75766046981215,6.6393681983925985,252.83413659288703,239.04199650113233,44.996329934469074,94.43892395479637,137.92908865219403,58.29944863097049,19.155584921889847,19.136364381564448
54762435,69.057000,0.000000,0.000000,1023.83,1024.09,1025.19,1026.34,-0.09,0.02,1.0,1.0,1.0,1.0,1400.34,0.6089665274811686,0.7278438878850028,0.08296876862584107,-0.1436685301267943,-0.062429901587863185,0.1752460829186493,326.0357243052384,449.7552583170832,6.63696395624029,253.27520302584117,238.52048038876973,44.22990506378339,95.79849720241296,136.6475823174778,58.55728624087074,19.006438967513553,19.087981763606024
54762536,69.156000,0.000000,0.000000,1023.98,1024.2,1025.25,1026.3,-0.09,0.02,1.0,1.0,1.0,1.0,1400.37,0.6188651365022899,0.711193170768001,0.07634235787411144,-0.1261358866143732,-0.027057159267672975,0.08689187541017365,326.03270158244567,449.7956694217174,6.645234164546741,254.82431991192243,237.91239013109768,43.79121329013893,98.01348715290042,135.15658578497087,58.79361500708434,18.57820581931876,19.607359622397233
54762635,69.257000,0.000000,0.000000,1023.89,1024.04,1025.18,1026.33,-0.09,0.02,1.0,1.0,1.0,1.0,1400.3,0.6259320754543868,0.6997306415086998,0.0677975760998023,-0.10873909607538032,-0.06892059414327166,0.14321119427944734,326.0336618285603,449.7851433673244,6.616725451272262,256.4106211153246,237.25420567103873,43.69391009342658,100.34764182086994,133.76411704414346,58.83399760195016,18.13828592896678,20.173864694349824
54762735,69.356000,0.000000,0.000000,1023.92,1024.03,1025.15,1026.39,-0.09,0.02,1.0,1.0,1.0,1.0,1400.23,0.6320320207847172,0.6901014028138331,0.0570487995721501,-0.08928450288535614,-0.30512772679910966,0.4968521658363461,326.0649729393193,449.78786775106784,6.521261353918977,257.01878001370744,236.70640519031264,43.0577289963405,102.07811778528163,132.38597685874674,59.00964331893509,17.95422215764505,20.139458098203484
54762836,69.457000,0.000000,0.000000,1023.96,1024.0,1025.08,1026.4,-0.09,0.02,1.0,1.0,1.0,1.0,1400.27,0.6370844556832158,0.68223405684046,0.04635611729835011,-0.07211431158061068,-0.13209565900643674,0.20398471475610003,326.0219069152652,449.6964825316815,6.61926332505267,257.48160980316777,236.26735941726068,41.838286730771685,103.89274801564571,130.80892961574526,59.16642687511177,17.803821324631397,19.917770310444645
54762936,69.558000,0.000000,0.000000,1023.92,1024.1,1025.14,1026.4,-0.09,0.01,1.0,1.0,1.0,1.0,1400.31,0.6411137982577687,0.6758784595799106,0.03609705021340476,-0.05786208997334532,-0.12684274895323355,0.17132619665862805,326.05959488034944,449.68532894921606,6.513090709614001,258.630497619285,235.4999555817717,40.983789891337544,106.71947418623223,128.73569190508744,58.83797518185298,17.472212524444682,19.955724352634398
54763037,69.658000,0.000000,0.000000,1023.91,1024.08,1025.21,1026.32,-0.08,0.02,1.0,1.0,1.0,1.0,1400.24,0.6434556317744786,0.6719757909348743,0.030568425579781674,-0.05227552266785874,-0.013685005130373122,-0.03540060103157545,326.0511854930251,449.6817247033012,6.495930655463061,259.9423120791391,234.8355175644981,40.401858170369685,109.16322101889507,127.00217549164076,58.78321826358782,17.10330101728149,20.222019391969297
54763136,69.759000,0.000000,0.000000,1023.98,1024.02,1025.21,1026.44,-0.08,0.02,1.0,1.0,1.0,1.0,1400.28,0.6459489352940854,0.6671140584538938,0.014120958929405856,-0.03216380291757879,-0.12319908850795688,0.15024654859145778,326.0517642281591,449.6954853378259,6.532707689467606,261.4505916704131,234.20483298933866,40.02348192726498,111.34857513775223,125.39493129916428,58.8726725005289,16.680781865663366,20.699842448078677
54763236,69.858000,0.000000,0.000000,1023.95,1024.05,1025.21,1026.4,-0.09,0.01,1.0,1.0,1.0,1.0,1400.28,0.646626686160322,0.6647505631747813,0.0022053165983739508,-0.01819938516739105,-0.13572917903895554,0.20522821889464687,326.051155293762,449.68968313507145,6.534134284322491,263.34060886339637,233.45561365343679,39.34176405680351,113.91911264598342,123.72652622626255,58.99091707574489,16.172810694595103,21.362327773762786
54763337,69.958000,0.000000,0.000000,1024.03,1024.04,1025.23,1026.35,-0.09,0.02,1.0,1.0,1.0,1.0,1400.33,0.6463326978476714,0.6639318314509661,-0.007112929487895661,-0.007141121616280233,-0.12986664496556946,0.15174734887900673,326.0525064072664,449.6794360528106,6.506143788324407,264.5986057642631,232.9026683367461,38.748277127986796,116.05966577382935,122.53591641725035,58.91596177527847,15.826294716430677,21.734485188304454
54763437,70.059000,0.000000,0.000000,1023.98,1024.06,1025.26,1026.36,-0.1,0.01,1.0,1.0,1.0,1.0,1400.22,0.644306423691674,0.6644164764530455,-0.022192674782152717,0.010976756221265717,-0.11179515746580253,0.1360542514764477,326.04773830107564,449.6443081659807,6.540335600820779,265.9841278067358,232.3538973592517,38.24087465771678,118.32532382126614,121.1230777521488,59.198165499016895,15.450136403770516,22.109150408453093
54763538,70.159000,0.000000,0.000000,1024.06,1024.03,1025.27,1026.34,-0.09,0.02,1.0,1.0,1.0,1.0,1400.35,0.6413609809000458,0.666376822711471,-0.03371514395684767,0.024736735098965568,-0.0935234637595268,0.12216706745558695,326.0528860555546,449.6205623716954,6.516064313390718,267.22960175587787,231.85207990432366,37.727902461513715,120.46082493216844,120.13060460025403,59.07921805837576,15.113527249650062,22.49428719631336
54763638,70.259000,0.000000,0.000000,1024.06,1024.14,1025.13,1026.49,-0.09,0.01,1.0,1.0,1.0,1.0,1400.29,0.6384060182256948,0.668748464844083,-0.04233655324069563,0.035257713743097184,-0.12336841560653306,0.15215227179203555,326.0565179408462,449.6418922629426,6.497447599510132,269.181808508015,230.81727677271058,36.88063707440592,124.09092737154707,118.92271978678198,59.720867439724245,14.594887805281834,23.42251456686446
54763737,70.361000,0.000000,0.000000,1024.0,1024.06,1025.18,1026.42,-0.09,0.01,1.0,1.0,1.0,1.0,1400.4,0.6320409215640511,0.6746108745893858,-0.05682295645402142,0.05517862032435537,-0.11119380121010763,0.16283030271007654,326.05851316411105,449.65048781511206,6.507027151757477,271.24715491907375,230.51015134286195,36.4391029951131,125.42368096183333,118.26972071955194,60.1236718646178,14.04038050131836,24.33373491381665
54763837,70.459000,0.000000,0.000000,1023.93,1024.12,1025.15,1026.41,-0.09,0.01,1.0,1.0,1.0,1.0,1400.37,0.6256363052283219,0.6811783737527028,-0.06780927218551397,0.07136910646150763,0.06887590344332004,-0.02416435797957274,326.0592992100837,449.69874221674735,6.499733410399983,273.03907433474785,229.84647067315362,35.94649083482755,127.78963782681275,116.59217502880855,60.37829675803959,13.558734714664515,24.938176089048465
54763937,70.560000,0.000000,0.000000,1024.12,1024.03,1024.97,1026.32,-0.1,0.01,1.0,1.0,1.0,1.0,1400.32,0.6200898943681298,0.6871714754471419,-0.08116887700669931,0.08858878946760618,-0.49200548421783685,0.5669779779689337,326.0621268113729,449.6769313888794,6.4856204048925905,273.9398499800233,229.38110121362394,34.84514745460199,129.95472230289687,114.64983479946882,60.39672786095926,13.311465530044755,24.828278672544716
54764037,70.659000,0.000000,0.000000,1024.01,1023.95,1025.19,1026.46,-0.1,0.01,1.0,1.0,1.0,1.0,1400.26,0.6096424974494845,0.6987539231332842,-0.08782496840869422,0.09798671608506761,0.1352911999611621,-0.1405924203574844,326.0524405879267,449.6878251984984,6.492496097306879,274.8820990542398,229.06994734080234,34.05398556558498,131.96890725253348,113.49264856263818,60.42300230107518,13.058345791709876,24.92001606891494
54764137,70.759000,0.000000,0.000000,1024.02,1023.95,1025.3,1026.46,-0.1,0.01,1.0,1.0,1.0,1.0,1400.35,0.600402251744928,0.7090962264890129,-0.09480712120076148,0.10610387762752338,-0.03010788898201929,0.030769443816761475,326.05582922356564,449.6535388662398,6.4991089337253225,275.94795419840744,228.57578880381303,33.55051109719423,134.136106969884,112.1743112421924,60.59519905277935,12.770482931211676,25.079326138726376
54764237,70.859000,0.000000,0.000000,1024.14,1023.84,1025.17,1026.49,-0.1,0.02,1.0,1.0,1.0,1.0,1400.35,0.5905250166689202,0.7201064815314918,-0.1008213370975906,0.11204358741265544,0.14617912981938788,-0.1730712797988653,326.0591907013156,449.67377215668006,6.519550766168194,277.7913311103327,228.0593450860567,32.627983555199634,137.15286984818476,110.4245060838352,65.88482552261247,12.287190254151719,25.515350936407618
54764337,70.959000,0.000000,0.000000,1024.12,1023.85,1025.14,1026.48,-0.1,0.02,1.0,1.0,1.0,1.0,1400.25,0.5800709866874885,0.7316475490316886,-0.10692435955846495,0.11761485033227774,-0.054638785843363,0.04980686252294871,326.0530608915484,449.6492357111606,6.4756972337727925,280.9086130128045,226.99570443711593,31.237673832254448,141.92996841966198,107.94992516236088,61.144076069192636,11.461712321526633,26.49400701387399
54764437,71.059000,0.000000,0.000000,1024.2,1023.87,1025.09,1026.34,-0.1,0.02,1.0,1.0,1.0,1.0,1400.34,0.5689677076283628,0.7438199820685442,-0.1136178327516362,0.12430216308704709,-0.08415459311946304,0.08447367573518881,326.045422838399,449.59573357795716,6.495628419173739,283.32141680894586,226.25604115748578,30.156324035219846,146.27460848174448,105.81282282660722,61.04955434041832,10.829622150060635,27.03022050784116
54764538,71.158000,0.000000,0.000000,1024.17,1023.81,1025.17,1026.5,-0.1,0.02,1.0,1.0,1.0,1.0,1400.31,0.5571069603012986,0.756723745197091,-0.1219602054100467,0.13221175617270522,0.13243884271727815,-0.15720525491041334,326.048851494801,449.57995226977596,6.506491331478906,284.5900430392162,225.56820668883955,29.248827143313466,148.54278963570863,103.55438484261077,62.890767285452235,10.500618203531344,27.30613967075806
54764637,71.259000,0.000000,0.000000,1024.22,1023.93,1025.09,1026.43,-0.1,0.02,1.0,1.0,1.0,1.0,1400.42,0.5444554947214508,0.7703422739898309,-0.13083834295742863,0.14026007092844323,-0.16973770816980807,0.1673253998812268,326.0510775006215,449.56993385701486,6.4708849052728565,289.24083038964807,224.81292948784383,28.31871326897408,155.7216183031562,101.17485725186293,61.20884016196754,9.301210576976086,28.59805794275568
54764738,71.362000,0.000000,0.000000,1024.18,1023.88,1025.09,1026.46,-0.1,0.02,1.0,1.0,1.0,1.0,1400.28,0.53440634853736,0.7810723381962283,-0.13561034468811617,0.14454256128188772,0.4234650145198043,-0.46233343935849697,326.04941090004036,449.5884831086259,6.480394047038579,292.3647544885409,224.12493578543723,27.237211535484942,160.66904606104873,98.86528409715451,61.50589866655064,8.89615321398341,29.032176040776825
54764838,71.462000,0.000000,0.000000,1024.15,1023.81,1025.19,1026.45,-0.1,0.02,1.0,1.0,1.0,1.0,1400.38,0.5165198393766038,0.8000503189350252,-0.14672409622102195,0.15526231994400488,-0.13244921099685547,0.13227176831005022,326.05228026410185,449.54241372912367,6.475601749846321,294.9541599639351,223.48554530841812,26.080667183043552,165.4208166537566,96.60535158145416,61.57098455810175,7.8328826389443815,29.927061647624843
54764938,71.561000,0.000000,0.000000,1024.25,1023.86,1025.16,1026.37,-0.1,0.02,1.0,1.0,1.0,1.0,1400.29,0.5011991793885021,0.8161813221605815,-0.1583265413020239,0.1660388767242286,0.46793845940636103,-0.51233345917642,326.0552090767942,449.53628325009583,6.476567561627265,296.95086970812923,223.0332126680479,25.163287050516345,169.60104893685045,94.16661542687552,61.56756661873849,7.32205582217628,30.016706832138045
54765039,71.660000,0.000000,0.000000,1024.25,1023.94,1025.26,1026.32,-0.1,0.02,1.0,1.0,1.0,1.0,1400.35,0.48498286450838807,0.8330094686502121,-0.165309974836507,0.17029343615832515,0.36336548175744093,-0.41149432357680893,326.0561727837573,449.56448617805404,6.474450474761131,298.80633700187065,222.65704984252795,24.002754902409986,173.82193098035708,91.53486319135023,61.328010828191424,6.847986650670758,29.931154499415527
54765139,71.768000,0.000000,0.000000,1024.23,1023.9,1025.28,1026.35,-0.1,0.02,1.0,1.0,1.0,1.0,1400.32,0.46802554453672374,0.850188340398311,-0.1719735686608719,0.17217447620783718,-0.04796023817591695,-0.007984307945705132,326.06105448338,449.53647179001723,6.467152405196765,300.81407476368577,222.23187040290088,23.183929376723693,177.57839359414805,89.64693899300464,61.44382674393133,6.337929119580027,30.23113494195316
54765239,71.865000,0.000000,0.000000,1024.22,1023.83,1025.27,1026.39,-0.1,0.02,1.0,1.0,1.0,1.0,1400.43,0.45044625138630784,0.8674350844976935,-0.1776233371317606,0.17211084639497737,-0.04377905776428899,-0.015293141426456292,326.04795714474,449.57054001045555,6.468739121185072,302.5705991626172,222.00492874424083,22.28241218254171,181.10977610657207,88.04424998863603,56.86674302349564,5.890219431189466,30.417846922492295
54765338,71.961000,0.000000,0.000000,1024.18,1024.11,1025.29,1026.35,-0.1,0.02,1.0,1.0,1.0,1.0,1400.41,0.4369090410730549,0.8803260068922342,-0.16544037352870464,0.15618986496754245,0.5622354823564547,-0.5843798373316446,326.060345396499,449.57035486119247,6.454434867091677,304.6716156170153,221.70779666889374,21.59568873551221,184.6482234560611,86.7254574712696,56.49246063650699,5.362458962705312,30.91788913665168
54765439,72.060000,0.000000,0.000000,1024.16,1024.06,1025.11,1026.26,-0.1,0.02,1.0,1.0,1.0,1.0,1400.31,0.4137958641765223,0.9016462617288536,-0.20787205817637405,0.18911072116052827,-1.0292972284294313,0.8891826151892123,326.05280634643754,449.5598266187736,6.4698783773020505,307.13429860964663,221.48550432040304,21.172075922728745,187.81473133783106,85.95510600302669,56.29176831657925,4.74176489377064,31.876828634531684
54765539,72.165000,0.000000,0.000000,1024.19,1024.15,1025.36,1026.18,-0.1,0.02,1.0,1.0,1.0,1.0,1400.29,0.3948691513335455,0.9186898945028081,-0.19084493475811032,0.17113107560355498,0.10964435925233607,-0.11358511120867187,326.0640530479783,449.55281020813703,6.4641942799478915,309.96771734730345,221.23072965894283,20.667736534683552,191.4928939950415,84.99327763480358,55.699624587769954,4.032587511186842,32.94570163500349
54765639,72.262000,0.000000,0.000000,1024.09,1024.12,1025.37,1026.2,-0.1,0.02,1.0,1.0,1.0,1.0,1400.4,0.37556445937811994,0.9359901765544195,-0.19558775885898563,0.1754448458795668,-0.14616207822532645,0.1376831959560242,326.059301012043,449.54821883169785,6.463367550076391,312.34046467475986,221.05894010981297,20.25746828393065,195.29935536977595,83.73658836356583,63.34675658226439,3.435998929743454,33.56926385073422
54765738,72.360000,0.000000,0.000000,1024.09,1024.03,1025.47,1026.13,-0.1,0.02,1.0,1.0,1.0,1.0,1400.39,0.35589345489080126,0.9536896828251957,-0.20201301664923538,0.18208545889992417,-0.19108109447733487,0.17998259930198618,326.0664894727879,449.5407819961999,6.457075877757474,314.50916334889996,220.87861819555567,19.59580007112436,199.68904924015328,81.70811803604866,62.38703582273547,2.893451996825694,33.73681771797271
54765838,72.459000,0.000000,0.000000,1024.04,1024.04,1025.54,1026.21,-0.1,0.02,1.0,1.0,1.0,1.0,1400.49,0.3359046464609989,0.9717060876792794,-0.20196933333975542,0.18176847923281667,-0.16344674005701787,0.13663507714603895,326.05979159280713,449.4976275454846,6.4125524907472995,316.8514216490907,220.71328502312412,19.100221457017604,203.95211723858614,80.00937207035268,52.72662995243443,2.304860995901012,34.133460258956625
54765938,72.560000,0.000000,0.000000,1024.18,1024.09,1025.34,1026.24,-0.1,0.02,1.0,1.0,1.0,1.0,1400.36,0.3156631952110381,0.9898371153888984,-0.20542414958451924,0.1835065618629386,-0.07307253867544401,0.05299445528940488,326.0735399687868,449.53446959316136,6.42924883128849,319.8324780624136,220.61548246265107,18.18089178243046,208.30427513733645,78.25805897405122,52.15093059852432,1.5616788937834771,34.95313733339929
54766038,72.659000,0.000000,0.000000,1024.12,1023.95,1025.27,1026.25,-0.1,0.02,1.0,1.0,1.0,1.0,1400.4,0.29516916950284333,1.0081035820249697,-0.20565413909053507,0.18313600658264095,0.010764170522663074,-0.013330387373116722,326.0709361943568,449.52157010351567,6.411202568586553,320.9644329740168,220.5503929131403,17.89759223661907,210.56778219816772,77.2246071612004,51.82180135930713,1.2757035886910475,35.0538462952458
54766139,72.760000,0.000000,0.000000,1024.04,1024.01,1025.35,1026.05,-0.26,0.02,1.0,1.0,1.0,1.0,1400.28,0.2796649706978763,1.021878774305744,-0.2051317757154528,0.18194425517421986,-0.6123004440403735,0.5302838037867234,326.06278419845006,449.4849971469183,6.4252805379251825,323.28823997378066,220.30129271953754,16.74472874236217,216.84202287568024,74.34468913178405,60.87467138890604,0.6936003980769763,34.716087399850096
54766238,72.861000,0.000000,0.000000,1024.04,1024.06,1025.65,1026.11,-0.4,0.02,1.0,1.0,1.0,1.0,1400.32,0.2536882558502272,1.044626649148229,-0.2107589957841737,0.182136625234195,0.863475603112664,-0.8119129769071426,326.0660873957715,449.57223211495057,6.445477268171528,323.0222691528171,220.380684476505,16.102305384135807,219.37875149029335,71.58650565824635,49.12550618648832,0.7608818413537359,33.33761840396266
54766338,72.960000,0.000000,0.000000,1023.91,1024.06,1025.56,1026.14,-0.57,0.02,1.0,1.0,1.0,1.0,1400.3,0.2329732015679147,1.061996797222218,-0.2059754787440223,0.1688671993894135,0.3627843078581526,-0.41063895926259053,326.0602270253355,449.5147981865761,6.444882764526732,321.8226969189066,220.21671705641072,15.611634338340728,220.79380160351906,69.05067801596448,47.63749570116194,1.0587308671202953,31.638558712397746
54766438,73.060000,0.000000,0.000000,1023.9,1024.08,1025.55,1026.09,-0.71,0.02,1.0,1.0,1.0,1.0,1400.29,0.21769760929884643,1.074029794925162,-0.21505047258031487,0.16523893497327624,-0.4430487515738523,0.16371034036322063,326.06627518992315,449.47781068541525,6.423730385650401,320.7066190754437,220.15615167537737,15.436893951409635,221.89764055789925,67.45314415650084,55.9052988758968,1.3388607969231265,30.227825509954283
54766538,73.160000,0.000000,0.000000,1024.01,1024.11,1025.48,1026.12,-0.72,0.02,1.0,1.0,1.0,1.0,1400.33,0.19800805454990156,1.0879925474821543,-0.19354571449650926,0.12965696664637413,0.04777167608273964,-0.24078175274515576,326.0582842271208,449.45437997686724,6.449436683324273,321.02112340533563,220.06450036534508,14.584131064366442,225.04202811556453,65.38677131467749,45.60943468922389,1.2579529716955702,29.304114005721576
54766638,73.260000,0.000000,0.000000,1024.17,1024.05,1025.55,1026.07,-0.71,0.02,1.0,1.0,1.0,1.0,1400.32,0.1748251800825148,1.101462081441462,-0.18028851683126643,0.09308150559215671,0.12654172938688144,-0.3069208202690013,326.06647209562766,449.4452093273895,6.449302090735315,321.35132858951977,220.021919874147,14.281850825506272,226.53491357225738,64.58690521195513,45.15133032376012,1.1773861126023146,29.028702545157135
54766739,73.360000,0.000000,0.000000,1024.09,1024.11,1025.52,1026.13,-0.72,0.01,1.0,1.0,1.0,1.0,1400.41,0.1574910676738519,1.1089586619116145,-0.16810257275181756,0.06396522927747388,0.034590870233721115,-0.24555591494183165,326.0687374806681,449.45322396457664,6.433320394694275,322.87482254596836,219.95631510825532,13.634167112001325,231.4295408087134,62.543746033250606,53.17507457488957,0.7973355005166348,28.55880875161184
54766838,73.461000,0.000000,0.000000,1024.11,1024.12,1025.51,1026.13,-0.72,0.01,1.0,1.0,1.0,1.0,1400.41,0.14118575674966793,1.11370354702467,-0.15777283474364007,0.037264012640313836,0.1860030475454525,-0.2744198868865103,326.064263662182,449.4506808159858,6.454876400276284,323.34649617215996,219.91478683426303,13.173316972479753,233.55750384926097,61.44940345797489,52.626140428191405,0.6783659324200697,28.17984493328186
54766939,73.560000,0.000000,0.000000,1024.06,1024.01,1025.49,1026.05,-0.72,0.01,1.0,1.0,1.0,1.0,1400.22,0.12587409093966562,1.1159117590590095,-0.1500455835875209,0.013047955067746878,0.1505377251487823,-0.24488632298144,326.0725360368499,449.442707810152,6.4469213771267295,323.6125122339112,219.82459296133013,12.235712676390447,236.92849142768645,59.33642774889736,51.409728694537776,0.6138173774527274,27.147053178225633
54767040,73.661000,0.000000,0.000000,1024.07,1024.17,1025.59,1026.11,-0.72,0.01,1.0,1.0,1.0,1.0,1400.43,0.11156535505695157,1.1156942273044186,-0.14024208177591505,-0.011668062936875997,0.2007112925626119,-0.25062729192079464,326.06717314609006,449.4523840731807,6.4222345461242005,323.4864597736386,219.82184586403935,12.135014135680313,237.9858724620972,58.49748199407612,50.44875559467376,0.643894147020754,26.6354338836377
54767139,73.762000,0.000000,0.000000,1024.14,1024.13,1025.62,1026.07,-0.72,0.01,1.0,1.0,1.0,1.0,1400.28,0.09828270507111862,1.1130231806703892,-0.12537370591560823,-0.03516040099807286,0.580730164067648,-0.13755217184199656,326.0573940250213,449.4531236764853,6.418542297015978,325.63175565726095,219.78746083979675,11.340085060371647,245.53195018183018,54.61570438173423,47.00868587489647,0.1061858958335804,25.658627355511328
54767240,73.861000,0.000000,0.000000,1024.06,1024.03,1025.77,1026.04,-0.72,0.01,1.0,1.0,1.0,1.0,1400.28,0.0859575459330473,1.1078293798932388,-0.123524083658004,-0.06271313965053378,0.5032155353402857,-0.059882615341260055,326.06757738655926,449.40426085957165,6.434252638703804,327.0396289155543,219.70584265340895,10.531032099788987,250.54911526407975,53.10133050605172,45.36494124727583,-0.24246626532556992,25.145464406465265
54767339,73.962000,0.000000,0.000000,1024.06,1024.11,1025.89,1025.93,-0.72,0.01,1.0,1.0,1.0,1.0,1400.35,0.07437847599750712,1.100330756983337,-0.11399634103757293,-0.08364945287634298,0.04851224851238906,-0.22804160385223568,326.05343776529025,449.371899071712,6.426774297292881,327.3066078450977,219.6423982126562,10.39289302470671,254.236465342882,51.46566556100621,43.13261137587725,-0.3125442929007715,24.10927602861016
54767439,74.061000,0.000000,0.000000,1024.0,1024.09,1026.13,1025.7,-0.72,0.01,1.0,1.0,1.0,1.0,1400.32,0.06347937052454677,1.0906818049349363,-0.10626472331806147,-0.10468896711779531,0.3208457295654478,0.00658167572222073,326.0577541783417,449.34643552705234,6.423132265372606,326.92110139404105,219.58049060472695,10.051057617482556,257.52765393475056,49.31998893584694,33.85688718062616,-0.215288296665233,22.605019847846474
54767540,74.161000,0.000000,0.000000,1024.02,1024.25,1026.24,1025.59,-0.72,0.01,1.0,1.0,1.0,1.0,1400.25,0.05329720781583009,1.0787273511003157,-0.09817858755811879,-0.1277386790915302,0.10029454748858357,-0.2178643248938246,326.0639520006701,449.39918750400767,6.4283499596866625,327.01454990431296,219.56269403829558,9.725482607905814,261.73549821413457,46.48198902025261,35.57863594407563,-0.23697253864515427,21.13839468934169
54767639,74.261000,0.000000,0.000000,1023.96,1024.2,1026.09,1025.54,-0.72,0.02,1.0,1.0,1.0,1.0,1400.38,0.0438917873662668,1.0641773705752882,-0.09146322589559634,-0.15594468327127856,0.037920028959003343,-0.32274792943640107,326.05534536329435,449.34965636171745,6.432239794172591,328.1334980549627,219.53903991629292,9.808015948979376,267.4052828437533,44.11521247224166,32.737128843833304,-0.5181054506006451,20.13103948665486
54767739,74.361000,0.000000,0.000000,1023.95,1024.15,1026.23,1025.48,-0.52,0.02,1.0,1.0,1.0,1.0,1400.32,0.035202890740778085,1.047040315689548,-0.08541308822609524,-0.18259353498884598,0.09230443527865359,-0.18834430955016232,326.058397922761,449.29454716336363,6.438648981998177,328.8769866640494,219.5134767019619,9.532544772836768,270.5426359637437,43.37276242140201,30.597867116444082,-0.7027782566372982,19.72941468710972
54767839,74.462000,0.000000,0.000000,1023.95,1024.16,1026.37,1025.51,-0.42,0.02,1.0,1.0,1.0,1.0,1400.25,0.027133030068028363,1.0276307409645251,-0.07814754526811,-0.2006098077850702,0.09878188062471911,-0.08620775994186901,326.0531914440034,449.28413022283326,6.4402680061249775,329.2104112782231,219.5171474167717,9.00628823401883,274.7156932961642,41.63334382589007,27.518169707819823,-0.7872496969667528,18.606949210384172
54767940,74.561000,0.000000,0.000000,1023.99,1024.23,1026.48,1025.16,-0.25,0.02,1.0,1.0,1.0,1.0,1400.37,0.01961695554570632,1.006224773354485,-0.07258160528774221,-0.22027058441870176,0.04212639018515927,-0.24906724716347553,326.0565500354741,449.3008417833946,6.434215473024639,328.70117363599604,219.51944417329224,9.120952653300865,279.81117635543507,39.08772679342841,22.059621566833975,-0.6594053402327684,16.479704846696
54768039,74.662000,0.000000,0.000000,1023.99,1024.19,1026.44,1025.32,-0.11,0.01,1.0,1.0,1.0,1.0,1400.45,0.012663195775963271,0.9826808469170635,-0.06745573915213711,-0.24449704181005077,0.06897049536183528,-0.20274215920087799,326.0598703015429,449.2957773871313,6.436681459627762,328.3474272925637,219.46087776727055,8.975347331827287,281.85659732262684,38.26881079955063,20.674523594771543,-0.5702486153131677,15.53118600535509
54768139,74.761000,0.000000,0.000000,1023.94,1024.16,1026.29,1025.48,-0.1,0.01,1.0,1.0,1.0,1.0,1400.49,0.006337609191592786,0.9569167801517012,-0.060635253670142934,-0.26498413654968017,0.05278211700938554,-0.2563239639858614,326.0647191358689,449.2808014206638,6.444929943561895,329.3385280303539,219.4416862147143,8.586676790135277,286.23953947561364,37.051699230500816,19.715412639384702,-0.8160610446600727,14.927309005232521
54768240,74.861000,0.000000,0.000000,1023.96,1024.24,1026.32,1025.48,-0.1,0.01,1.0,1.0,1.0,1.0,1400.42,0.0019896364287738675,0.9362395168455474,-0.05155344504360197,-0.2550932817961905,-0.011529680098606356,-0.4071205172784949,326.05499802706896,449.30795543625015,6.451448409253943,329.2395261181367,219.4180044259444,8.452308019890635,287.7680171634838,36.551638222021495,18.90388312153157,-0.7936334285490159,14.365005646508456
54768339,74.961000,0.000000,0.000000,1023.89,1024.21,1026.4,1025.43,-0.1,0.02,1.0,1.0,1.0,1.0,1400.27,-0.003349513856463709,0.9073081251612144,-0.04800447466786519,-0.2747878581891364,-0.14434725803785725,-1.1622980393496145,326.05525934549564,449.32274820905906,6.457599038005924,329.29482679961154,219.40487098373907,8.24035836624267,289.4015735941826,36.0521791898033,15.903648720747192,-0.8072502361162863,13.88941075844418
54768440,75.062000,0.000000,0.000000,1023.97,1024.26,1026.46,1025.6,-0.1,0.02,1.0,1.0,1.0,1.0,1400.37,-0.008174164232317541,0.8771576074779752,-0.04588015800059232,-0.3027095726199057,0.4013411597264948,2.120875951497011,326.0612071481649,449.33282779078405,6.449439935737054,329.8961403840805,219.50764319754944,8.040586906444206,296.5588960541125,33.908069231833316,11.147163175108066,-0.9559661618477768,12.094770338656637
54768540,75.167000,0.000000,0.000000,1023.97,1024.18,1026.29,1025.52,-0.1,0.02,1.0,1.0,1.0,1.0,1400.29,-0.011487419960136615,0.8536717578800774,-0.040269873694019374,-0.2955025397351475,0.08328664432646868,0.22325193081817696,326.06781435578375,449.3615508225815,6.431079452606059,331.56588233191104,219.5795708336737,7.360797922122645,304.0607596629632,32.612981974978744,7.458235029877269,-1.370673165169686,11.110242873605863
54768640,75.263000,0.000000,0.000000,1023.98,1024.19,1026.32,1025.55,-0.1,0.02,1.0,1.0,1.0,1.0,1400.33,-0.016622880250787855,0.8129083758584097,-0.04292793513531075,-0.35613326814305585,-0.06265093119600998,-0.8191880841772414,326.05833289827916,449.37352188590506,6.433461019089556,331.65628990942304,219.6605539045299,7.37020335681725,308.0811501705861,31.81959092866912,5.609177021465151,-1.3959849287697943,9.945521608917517
54768741,75.362000,0.000000,0.000000,1023.96,1024.23,1026.46,1025.33,-0.1,0.02,1.0,1.0,1.0,1.0,1400.35,-0.020489975754940402,0.779032330440738,-0.038124063987835376,-0.34575300688798855,0.045639727283963476,0.07623929320712788,326.05931530745664,449.41482351813113,6.453251576252539,331.353255254095,219.6105026695202,7.1206308085813745,310.6314358402658,31.078169280588924,9.126596100907001,-1.319673953192992,8.911620634315405
54768840,75.462000,0.000000,0.000000,1023.92,1024.17,1026.51,1025.14,-0.1,0.02,1.0,1.0,1.0,1.0,1400.33,-0.024108165279228853,0.7440729892643059,-0.035222822524660205,-0.35431917635084503,0.033616845750961806,-0.05831367472864126,326.05808837781234,449.3447844886463,6.428982341449998,330.96148706538366,219.52706600079813,6.8816479605615255,315.14598635060895,30.44372954054897,6.357098820391848,-1.2222792590201068,7.2258209508986475
54768940,75.562000,0.000000,0.000000,1023.87,1024.2,1026.44,1025.27,-0.1,0.02,1.0,1.0,1.0,1.0,1400.51,-0.027425365203477315,0.7080531982937512,-0.03212654737587478,-0.36602424854476867,0.03250810524293573,-0.10415271893729855,326.05933457901904,449.31226303488387,6.444497374083957,330.6359858578965,219.36348788485878,6.75676560570377,318.9105486128783,30.270162049854473,4.23832405011177,-1.1402025786306689,5.828700581469977
54769040,75.660000,0.000000,0.000000,1023.88,1024.21,1026.58,1025.29,-0.1,0.02,1.0,1.0,1.0,1.0,1400.4,-0.03040265790742872,0.6709386581355372,-0.028549845926937694,-0.3769965368294721,0.03394244936930703,-0.1404584604981318,326.0602793744047,449.28748489114605,6.440705699776738,330.58971559769384,219.33678785366263,6.634061949103082,321.0081932294051,30.16312131328611,2.701205388760517,-1.1284332991583417,5.156382585608627
54769140,75.764000,0.000000,0.000000,1023.87,1024.21,1026.51,1025.06,-0.1,0.02,1.0,1.0,1.0,1.0,1400.22,-0.03302113426059768,0.632941736258918,-0.02516826003073749,-0.3866865220224401,0.025315762194125666,-0.2016254671809034,326.060191247269,449.2942554597705,6.45707664966511,330.7581317703745,219.3378478544844,6.753618767730925,323.28493458359014,29.978100247692844,0.8738499749446238,-1.1703728032101872,4.6007853887521035
54769240,75.864000,0.000000,0.000000,1023.88,1024.19,1026.86,1024.89,-0.1,0.02,1.0,1.0,1.0,1.0,1400.27,-0.034768717034014913,0.604085054145704,-0.02544763710594211,-0.43543360309390483,-0.10001976051574914,-2.3286534049246024,326.06018752545907,449.35737859683064,6.431469850032929,330.93983511013255,219.47355310836534,6.452703961675398,327.8050961274909,29.32390956999475,-1.9359208077695822,-1.216010880608803,3.376493924729285
54769340,75.962000,0.000000,0.000000,1023.92,1024.35,1026.87,1024.76,-0.1,0.01,1.0,1.0,1.0,1.0,1400.26,-0.036847314807098915,0.5653341664779962,-0.020007013159409046,-0.3931508401922051,0.02207200337065585,-0.12404860647261548,326.0587552029567,449.3575663741309,6.422593744466652,331.19913756737293,219.43301895724005,6.350205643115708,331.5424086218176,29.061922400201702,-4.298632869018518,-1.280738235565753,2.4581626714624623
54769441,76.062000,0.000000,0.000000,1023.9,1024.24,1026.93,1024.93,-0.1,0.01,1.0,1.0,1.0,1.0,1400.39,-0.039099213489610714,0.5164312028792851,-0.016811012339585735,-0.3905907174133488,0.011001945639998725,-0.2797899063048733,326.0598813643232,449.377846322405,6.4357460792480445,330.7340598649428,219.591160822268,6.287325954828954,334.0510765250735,28.95653396415362,-6.2570849554187795,-1.1653145692829134,1.3337909347110073
54769541,76.162000,0.000000,0.000000,1023.81,1024.21,1026.77,1024.91,-0.1,0.01,1.0,1.0,1.0,1.0,1400.3,-0.04063051797919721,0.4770652092856798,-0.014572208171144175,-0.4013861248104812,0.01570058356766235,-0.3394684756462057,326.06850758454664,449.31560737486325,6.447645107049049,330.4459214015961,219.40306248278264,6.1755809739785255,336.96156690070273,29.291013768732146,-8.311499443812584,-1.0907496917595347,0.218588959703226
54769642,76.262000,0.000000,0.000000,1023.89,1024.32,1026.8,1024.91,-0.1,0.01,1.0,1.0,1.0,1.0,1400.29,-0.04189057303275028,0.43756284754592045,-0.011662038959511423,-0.3977800302615728,0.030178882935039057,0.10678931671873103,326.05983167292936,449.28122190168176,6.462510068904192,330.42637950272143,219.4692313142005,5.987963473116563,338.51852433080927,29.548121142512457,-8.94679860482238,-1.0885187511247731,-0.2627411915735385
54769742,76.364000,0.000000,0.000000,1023.91,1024.24,1026.6,1025.06,-0.1,0.01,1.0,1.0,1.0,1.0,1400.29,-0.04288894426324358,0.3981660151309667,-0.008952547138490141,-0.3894513789358123,0.041073342563363466,0.6882518114661882,326.06155746188466,449.276127422208,6.472628507985406,330.22796190254365,219.33336692993942,6.062360385747788,340.9288060875394,29.96237393072181,-10.668988300389415,-1.0380464705103984,-1.1580976521874153
54769842,76.465000,0.000000,0.000000,1023.91,1024.24,1026.42,1025.16,-0.11,0.01,1.0,1.0,1.0,1.0,1400.35,-0.04363773696502903,0.3590202896320296,-0.006383299375340386,-0.378763896743537,0.03160695155471265,0.5217654453554529,326.0652906616819,449.3043372091545,6.445195794478672,330.0917459573148,219.32790859895604,5.946773152083133,342.01347193498964,29.694790464833936,-11.93106292198866,-1.0030389992128161,-1.5912199086200474
54769942,76.564000,0.000000,0.000000,1023.96,1024.19,1026.25,1025.23,-0.11,0.01,1.0,1.0,1.0,1.0,1400.31,-0.044146918238475163,0.32037278256379637,-0.0041493310848371824,-0.3746573233225059,0.02041157418087875,0.0638942223858474,326.0586635531568,449.3550264859536,6.4490263557166765,330.3356514626794,219.51681173139107,5.7979769177048865,343.88971238478814,29.489058094300987,-12.949050950095307,-1.0660763111934537,-1.947659445013063
54770042,76.664000,0.000000,0.000000,1023.9,1024.1,1025.74,1025.38,-0.1,0.01,1.0,1.0,1.0,1.0,1400.36,-0.044461937749698865,0.2824700892378043,-0.002676838352900705,-0.3844726065322444,0.010397575726003944,-0.20127652335386623,326.0606452859454,449.35112059307914,6.422469577121735,331.4921536537962,219.5574488247529,5.011694698833887,350.5357382565931,29.7315630992843,-15.551560039262997,-1.3540171427124141,-3.0207866230627385
54770143,76.764000,0.000000,0.000000,1023.95,1024.25,1026.1,1025.21,-0.11,0.01,1.0,1.0,1.0,1.0,1400.36,-0.044706977836839044,0.24532200810506005,-0.002560248857825923,-0.3705775246571175,-0.003995158171058628,0.20303862367481743,326.0587112051859,449.3615245901231,6.4310351355398865,331.6578231756929,219.6065897156178,4.757415485494871,354.7635109522286,30.346761016392588,-16.69481200320809,-1.3960178902111893,-4.168444943839684
54770243,76.865000,0.000000,0.000000,1023.87,1024.22,1026.16,1025.33,-0.11,0.01,1.0,1.0,1.0,1.0,1400.38,-0.04491692070206284,0.217938578255012,-0.0026908677992693135,-0.3400576510956711,-0.0016248666271077108,0.09873229593846179,326.0539196661391,449.39359007680395,6.429049611976256,331.30889678027273,219.66147058112915,4.6212073625491294,357.7413102876614,30.78275976715693,-18.391446463188554,-1.310376249449694,-5.345702418301388
54770342,76.965000,0.000000,0.000000,1023.9,1024.22,1026.1,1025.27,-0.11,0.01,1.0,1.0,1.0,1.0,1400.39,-0.04526614320667743,0.17297235723407123,-0.002907015392983864,-0.39631765476362973,0.0016707733625378918,-0.38339538150029884,326.0723455425853,449.45009164874347,6.450622292052959,331.2622489756239,219.77161716780935,4.30430226154222,361.7833754940547,31.408176071091706,-20.34237331183166,-1.2944572568185087,-6.614910854229946
54770443,77.064000,0.000000,0.000000,1024.02,1024.3,1026.28,1025.47,-0.11,0.01,1.0,1.0,1.0,1.0,1400.43,-0.045500939793748356,0.1373281505650322,-0.0021514590857643194,-0.35451099297356675,0.006052911644117331,0.08975335770232262,326.0610233061012,449.5415889023865,6.481551001896742,331.00064909829734,219.8702050970538,4.277573290675794,365.3314357389089,31.824142589481696,-22.51988776077643,-1.232091169530616,-7.882125307687039
54770542,77.164000,0.000000,0.000000,1023.9,1024.44,1026.88,1025.0,-0.11,0.01,1.0,1.0,1.0,1.0,1400.32,-0.045669705371360315,0.10183039324039893,-0.0013950010002351677,-0.34921985306756076,0.009920994991133435,0.6784476739526087,326.0747197613257,449.6391140087909,6.4671167082242915,330.59571363329417,219.84253210048166,4.595621828709918,369.0509653163597,32.746441232336934,-25.64404189598086,-1.1270857596807407,-9.360502773891477
54770642,77.263000,0.000000,0.000000,1023.86,1024.36,1027.22,1024.82,-0.11,0.01,1.0,1.0,1.0,1.0,1400.35,-0.04575014803000807,0.06627378967624346,-0.00042231504639210504,-0.3527858842666632,0.009936663550478977,0.4340878943657944,326.07079297762965,449.6636504921751,6.493096650408479,330.6582278576423,219.91575448995727,4.476236758019721,374.87530724123746,33.937178189086175,-29.084008208290328,-1.1438874504745484,-11.086198111705935
54770742,77.364000,0.000000,0.000000,1023.77,1024.22,1027.05,1024.81,-0.11,0.01,1.0,1.0,1.0,1.0,1400.43,-0.04573579012249607,0.030315876156384113,0.0005043131600097283,-0.3544705216189232,0.009769792822076065,0.23732332066593806,326.07908237104493,449.6510140867959,6.471200780430295,330.90497797142325,219.9728180792521,4.611887917144359,379.4394864954955,35.46000017023875,-32.1453610602532,-1.2036961936807287,-12.329927498379824
54770843,77.464000,0.000000,0.000000,1023.91,1024.16,1027.14,1024.7,-0.11,0.01,1.0,1.0,1.0,1.0,1400.33,-0.04563355218874854,-0.006212731135127339,0.0011628384164644816,-0.3576550699508666,0.0017537417540661807,0.26518097495645615,326.07698883669855,449.63596883747744,6.484812220415261,330.95319854141684,219.96979328216034,4.490133977612409,383.3036156512015,36.79753755688572,-34.29491243888378,-1.216305647175657,-13.517263162633496
54770942,77.565000,0.000000,0.000000,1023.85,1024.17,1027.15,1024.79,-0.11,0.01,1.0,1.0,1.0,1.0,1400.33,-0.04550126379929467,-0.043230272397285746,0.001358089402278352,-0.37048613316404994,-0.0002727554147175606,0.08743640770219471,326.0866221185185,449.6485969485747,6.475900528291297,331.365106185146,219.90813867172824,4.320039872651847,387.3986638893743,38.02708252606838,-36.75696778196027,-1.3161881059729517,-14.490539520984445
54771043,77.664000,0.000000,0.000000,1023.88,1024.28,1027.21,1024.71,-0.11,0.01,1.0,1.0,1.0,1.0,1400.42,-0.045376864330849545,-0.08070681402321864,0.0011521907723467488,-0.3734500947603581,-0.0029497267228169363,0.3099136856104789,326.07955223062237,449.69664153327244,6.480030150648904,330.8153929368526,219.99565889602002,4.5330407319061425,390.71353739237145,39.498171251816,-39.05606571495964,-1.1811235816465158,-15.996192993021822
54771142,77.765000,0.000000,0.000000,1023.77,1024.22,1027.32,1024.58,-0.11,0.01,1.0,1.0,1.0,1.0,1400.38,-0.045242404444441886,-0.11869941631149991,0.0015826476022628318,-0.3776441504442515,0.007943001514099764,0.1333132983062317,326.08131040483227,449.69176159781193,6.492945215960897,329.65013492000327,219.9182060285094,4.122960577626184,393.4448860291688,41.16485619352298,-41.743861573186074,-0.8898419209890677,-17.861139182330607
54771242,77.864000,0.000000,0.000000,1023.87,1024.27,1027.45,1024.49,-0.11,0.01,1.0,1.0,1.0,1.0,1400.47,-0.04506696154068887,-0.14767627608647793,0.002785375438750038,-0.3880860603252287,0.019014744584151175,-0.12598727899524145,326.0745692217714,449.677464735319,6.474684117679064,328.9514948051748,219.9182531954915,4.629126880128179,396.3672963428858,43.3311546351698,-44.55143719937758,-0.717390518897103,-19.46061609678704
54771342,77.964000,0.000000,0.000000,1024.04,1024.16,1027.24,1024.5,-0.11,0.01,1.0,1.0,1.0,1.0,1400.36,-0.044515998015899796,-0.19711910901624952,0.005524665247967847,-0.39916347784783285,0.022828373995694977,-0.12864062668328954,326.0722314102069,449.6857237334625,6.4894341420260595,328.78960492999767,219.8142813820426,4.354385747676671,399.68272493181263,45.443592752073585,-46.99289416749365,-0.6774092167582901,-20.770148154617452
54771442,78.065000,0.000000,0.000000,1023.99,1024.25,1026.97,1024.73,-0.11,0.01,1.0,1.0,1.0,1.0,1400.34,-0.04382866312810431,-0.23772323937666806,0.007642445090870869,-0.408869835764152,0.01981318620986502,-0.044381604701595675,326.07592531623163,449.6839773589126,6.482377072985412,328.55021991849134,219.9086728806448,4.276018625809491,402.87451296624255,46.9986536621642,-48.920269487341464,-0.6169555909588614,-22.02623829108629
54771543,78.164000,0.000000,0.000000,1024.02,1024.18,1026.97,1024.68,-0.11,0.01,1.0,1.0,1.0,1.0,1400.43,-0.042941267165243324,-0.2791658221755053,0.009595915725850744,-0.41843560547768877,-0.007088150780582829,1.0715104086513139,326.0793726532342,449.7424619071778,6.481663223880535,328.4330727979883,219.99944423369203,4.2063117023291765,406.2431088915022,48.65485773922711,-50.94313774191336,-0.5869704684124538,-23.24953973956148
54771642,78.264000,0.000000,0.000000,1023.94,1024.32,1026.87,1024.82,-0.11,0.01,1.0,1.0,1.0,1.0,1400.28,-0.041880896667447716,-0.32132053744705025,0.01117015668603025,-0.42331923897445156,0.01238346640382876,0.0380360521121402,326.08322609637406,449.74853708208974,6.490510049292427,328.444989685964,220.09713751771883,3.9046822001922017,410.99110970705385,51.190481722077976,-53.38611381265493,-0.5684237958908332,-24.40636221982986
54771742,78.364000,0.000000,0.000000,1023.89,1024.26,1026.79,1024.96,-0.11,0.0,1.0,1.0,1.0,1.0,1400.38,-0.04067989268279725,-0.3640546633864123,0.012435647054364105,-0.4288013416360655,0.005584424564168164,0.1329292946701092,326.07600876072155,449.7371678198833,6.476407184663054,328.45270457584826,220.10741340039098,3.855153456799402,412.2857848678581,52.065543954568646,-53.58457267802971,-0.5929970943007808,-25.327793201508786
54771842,78.465000,0.000000,0.000000,1023.94,1024.26,1026.68,1024.94,-0.11,0.01,1.0,1.0,1.0,1.0,1400.42,-0.03938269340178376,-0.4071604028919057,0.013194037024877318,-0.4301737349964394,0.0035743605391004036,0.08787313453400697,326.08812481507505,449.7414614528019,6.481121416250988,328.6721530956727,220.0615706698632,3.7850185283029054,414.239339380398,53.325022929270105,-55.255471219787154,-0.6445826316780342,-25.877182643389133
54771943,78.565000,0.000000,0.000000,1023.88,1024.26,1026.35,1025.16,-0.11,0.01,1.0,1.0,1.0,1.0,1400.35,-0.03803831027645251,-0.4502835624329437,0.013483413431312983,-0.4298134590537796,0.004187181878050341,-0.07068007741342097,326.0804335936269,449.68848049974724,6.467556162668103,328.6051044514056,220.01084846037895,3.8097260938249686,415.211986332002,54.41235565839819,-56.498537411755315,-0.6297833961618876,-26.34969342874132
54772043,78.665000,0.000000,0.000000,1023.91,1024.31,1026.09,1025.43,-0.11,0.01,1.0,1.0,1.0,1.0,1400.41,-0.03702461513279764,-0.4823908616590035,0.013160874908370552,-0.41516823953753224,0.04269016833273981,-1.2777939662574436,326.0794733869708,449.68623300596374,6.4847001241845525,328.2456405495932,220.0699305368881,3.7747934874540117,416.1123131718044,55.398827110968824,-57.1506498864685,-0.5405041066395425,-27.002877601997188
54772143,78.764000,0.000000,0.000000,1024.01,1024.29,1025.77,1025.6,-0.11,0.01,1.0,1.0,1.0,1.0,1400.17,-0.03530649327937639,-0.5352037430746593,0.014225097894970147,-0.4287513413314711,-0.05111619050451224,1.7439919141003157,326.0806889776445,449.70756321720233,6.470143432226741,328.0822769821898,220.16945711452135,3.4044698080589644,416.80396130771317,56.021538646443624,-57.54030431873724,-0.49961045797352643,-27.39192914767798
54772242,78.866000,0.000000,0.000000,1023.98,1024.26,1025.45,1025.95,-0.1,0.01,1.0,1.0,1.0,1.0,1400.12,-0.03390189512054843,-0.5765174390693737,0.014085252081795108,-0.4095481284479735,-0.002487066993806083,0.17224950685816987,326.0809534753072,449.7120397611486,6.48934648527963,328.56989368585926,220.04876435500006,3.4652332443426213,416.97654664423277,55.70204262019449,-57.082372424801754,-0.6209098374258816,-27.035218818245244
54772342,78.965000,0.000000,0.000000,1023.98,1024.23,1024.98,1026.35,-0.1,0.01,1.0,1.0,1.0,1.0,1400.32,-0.03252626189624468,-0.6164770567641142,0.013425370375670868,-0.3918876115979075,-0.013653632948149384,0.32048314176618353,326.0762288712165,449.72298720369224,6.494875126848847,328.82650308914907,220.07676055750338,3.6167843308790215,415.38914159179313,53.980474858734325,-55.61360852064249,-0.6861491886832486,-26.154397478090782
54772443,79.064000,0.000000,0.000000,1024.01,1024.23,1024.74,1026.52,-0.1,0.01,1.0,1.0,1.0,1.0,1400.37,-0.0315548540517638,-0.6451595698051941,0.0126972567660556,-0.3769207156908559,-0.006148223230092988,0.10453121622585097,326.08271186284645,449.71616476178417,6.489726291576572,329.14174586229194,220.08489285890502,3.299580363575951,413.3095203077101,52.02499410760126,-53.75865653568627,-0.7632208334373403,-25.076187560107687
54772543,79.166000,0.000000,0.000000,1023.95,1024.14,1024.39,1026.65,-0.1,0.01,1.0,1.0,1.0,1.0,1400.44,-0.030090780554907687,-0.6895696082802639,0.010929793904127943,-0.33877758397008445,-0.0186517348737473,0.3965664722514469,326.0763294154715,449.7202528439549,6.483244770017172,329.7475562069346,220.18176371509986,3.1939959122111143,410.8353219435725,50.109731514075875,-51.86275688807795,-0.9163076240651726,-23.65848295343561
54772644,79.266000,0.000000,0.000000,1023.89,1024.16,1024.22,1026.77,-0.1,0.01,1.0,1.0,1.0,1.0,1400.24,-0.029124076579489476,-0.7212438662330359,0.008680124104070855,-0.2993984654034858,-0.035751966808975584,0.7230350022079856,326.0733092486053,449.7031608630166,6.476527426196717,330.9263343255589,220.18983386033085,3.3901050917099598,408.00307521129673,47.52489007826929,-48.99442158609965,-1.211330205519302,-21.633077777592224
54772744,79.367000,0.000000,0.000000,1023.89,1024.33,1023.93,1026.97,-0.1,0.01,1.0,1.0,1.0,1.0,1400.39,-0.028585676354512906,-0.7422228069635785,0.006373730126775919,-0.2700015784150904,-0.03278883672131316,0.3854783799098141,326.0683649977288,449.66695173396306,6.480085704209215,331.60808973862544,220.02987788874245,2.9911485062257794,404.4316495472626,45.146813427698525,-46.11549238604232,-1.381925364590643,-19.84362301620681
54772844,79.467000,0.000000,0.000000,1023.91,1024.24,1023.66,1027.29,-0.1,0.01,1.0,1.0,1.0,1.0,1400.3,-0.028180997368982497,-0.765924061660157,0.00263827865571582,-0.2160567918494202,-0.025932335301068327,-0.14726152216490584,326.07143877679044,449.55427079807987,6.459724898077475,331.34707663556145,219.98257598945037,3.7255412301061672,398.6314139658267,42.2848741345026,-42.91208785214561,-1.315777867740846,-18.107362512334603
54772945,79.567000,0.000000,0.000000,1023.78,1024.3,1023.7,1027.28,-0.1,0.0,1.0,1.0,1.0,1.0,1400.22,-0.028115459813177465,-0.7843785934669316,-0.0004669944668527757,-0.17708239546007928,-0.03042617250352995,-0.48577813597634656,326.0726672838169,449.4949506894013,6.447541448540518,330.72229971982586,219.84148029478504,3.987026101252454,391.5040982786289,39.548878223952165,-39.228956013367494,-1.1598689213728821,-16.310696853736722
54773046,79.667000,0.000000,0.000000,1023.75,1024.28,1023.85,1027.2,-0.1,0.01,1.0,1.0,1.0,1.0,1400.33,-0.028294010560889073,-0.7972262993279581,-0.0025639027223182793,-0.11494159219247924,-0.022456953729395206,0.2101458206713014,326.06202028086994,449.45946901267166,6.4748642742526625,329.548302325412,219.69176079302477,4.255785206144538,386.54444461232686,38.32320074105545,-37.11564976743363,-0.8692862983691672,-15.707061780969534
54773145,79.769000,0.000000,0.000000,1023.76,1024.3,1023.86,1027.2,-0.1,0.01,1.0,1.0,1.0,1.0,1400.42,-0.02855768698260265,-0.8045784553131831,-0.002659360569698623,-0.0549458848567576,-0.005785551529467291,0.3232814652762227,326.0582457904912,449.41338567509615,6.440189448050461,329.04528308971106,219.62749105100352,4.572015277471275,380.20607785321823,36.48525150226603,-33.84764157203265,-0.7406396145882659,-14.735886399982498
54773246,79.868000,0.000000,0.000000,1023.74,1024.28,1023.72,1027.17,-0.1,0.01,1.0,1.0,1.0,1.0,1400.4,-0.02878184259134588,-0.8068348641529338,-0.002088026331164172,-0.004378657467868869,-0.0020000746976456965,0.47090717784522645,326.06346643165915,449.4271304647201,6.455040043837488,329.23804924390765,219.74431296516963,4.866549876055156,376.713969920882,35.30353492388569,-31.67443537139972,-0.79186861955873,-12.85110629656069
54773345,79.968000,0.000000,0.000000,1023.85,1024.28,1023.96,1027.06,-0.1,0.01,1.0,1.0,1.0,1.0,1400.4,-0.02896002232517184,-0.8028708323063003,-0.00113747224452218,0.055453920256344894,0.00799669339840343,0.35752629650787265,326.0618688911884,449.4108572642974,6.4508878755969254,329.6153736565658,219.54044981882242,4.794324800949366,374.2784903664374,34.44972676614136,-30.10057867495371,-0.8856494918155163,-11.795053507484157
54773445,80.068000,0.000000,0.000000,1023.83,1024.2,1024.15,1026.98,-0.1,0.01,1.0,1.0,1.0,1.0,1400.33,-0.029067683400202212,-0.7945174593920278,-0.0010964293250559961,0.09926115399375565,-0.0005876249514886965,0.3962978948418037,326.0517186890333,449.38890030723746,6.466828281378436,329.7188406108604,219.58957635071647,5.219486019897378,371.31147795660877,33.64638037680028,-28.710176740726205,-0.9142445369636869,-10.7801412988588
54773546,80.167000,0.000000,0.000000,1023.8,1024.29,1024.28,1026.96,-0.1,0.01,1.0,1.0,1.0,1.0,1400.44,-0.029187166907834728,-0.7819085127026408,-0.0012655545313140636,0.14160476766650584,0.0011728943204562614,0.05850582611252572,326.052150848192,449.40020544548815,6.4259160808634865,329.63488551598226,219.58941354388227,5.438997300125152,368.41700976705044,32.939295155705835,-27.526580479812242,-0.8931649633929114,-9.951559784008836
54773645,80.268000,0.000000,0.000000,1023.85,1024.35,1024.27,1026.94,-0.1,0.01,1.0,1.0,1.0,1.0,1400.34,-0.029323733582846394,-0.7654449483793634,-0.0014012106226718806,0.1773502289572526,0.00025940945644395663,0.22780000153296356,326.05718961823,449.38845406703746,6.448192886228003,329.06272971959845,219.45305686991534,5.992065925809179,363.08465809632406,31.988590825093496,-25.733616103954205,-0.7488840717575675,-8.78858038199787
54773745,80.368000,0.000000,0.000000,1023.83,1024.36,1024.32,1027.0,-0.1,0.01,1.0,1.0,1.0,1.0,1400.27,-0.029449957687303234,-0.7455192778717041,-0.001069701939143134,0.2095127526175779,0.012326059050482903,-0.7188413574801824,326.0513085933069,449.3495027230142,6.437305929775881,327.83831703583274,219.5135216508765,6.599350503840796,357.2979113175863,31.01960620462611,-23.043957365859495,-0.44547410762247713,-7.991912597388611
54773845,80.471000,0.000000,0.000000,1023.8,1024.29,1024.12,1027.03,-0.1,0.01,1.0,1.0,1.0,1.0,1400.33,-0.02948496309264625,-0.7224436867932303,0.0002667094993827983,0.23985380960659441,0.01925467192647902,0.06286858546341176,326.04282069808386,449.29642194851374,6.461257103110615,327.3038550686459,219.37976208785582,7.540182166577485,351.34117284139165,30.27845870140568,-20.743301114928045,-0.3142496189976254,-6.615714360869031
54773945,80.568000,0.000000,0.000000,1023.93,1024.34,1024.1,1027.13,-0.11,0.01,1.0,1.0,1.0,1.0,1400.25,-0.029310555011220697,-0.696603315808379,0.002646221594573977,0.2665831117930146,0.022611460734888983,0.06480993109797595,326.05422449856854,449.2737923788703,6.4589135484180344,327.10713105780786,219.32876181472201,7.3139714014282236,346.23436841853675,29.804953369696207,-17.809105750238793,-0.26235261663097703,-5.238221372149386
54774045,80.669000,0.000000,0.000000,1023.9,1024.36,1024.08,1027.24,-0.11,0.01,1.0,1.0,1.0,1.0,1400.22,-0.028896197287865757,-0.6681472329944685,0.004974399994801311,0.29217642064465776,0.018490595996044766,-0.0024728835735680754,326.0480134748339,449.30587557374037,6.445683815312114,326.97304487583364,219.38718401412336,7.418213690031466,343.8909377692867,29.57574475038153,-16.600507127922306,-0.23051674862296725,-4.632280216941303
54774145,80.768000,0.000000,0.000000,1023.94,1024.34,1023.82,1027.48,-0.11,0.01,1.0,1.0,1.0,1.0,1400.33,-0.028263917307032625,-0.6372855073142932,0.007055286835720235,0.3165977224754821,0.012819017337689195,-0.06445956991713218,326.04495989581324,449.36868499342955,6.4387625291189154,327.4759509045134,219.50022272745244,7.647866060653082,338.3298053239391,28.626999289110188,-12.673062547980544,-0.3566765331626506,-2.541221069425454
54774246,80.868000,0.000000,0.000000,1023.87,1024.22,1023.62,1027.77,-0.11,0.01,1.0,1.0,1.0,1.0,1400.21,-0.02746958113527081,-0.6041016310866684,0.00830562368622576,0.3404668812068061,0.0064359188171180795,0.1823475413012305,326.0515723500973,449.3497165737631,6.426273961785526,327.98508467731125,219.4877289459063,7.593173853588844,333.8904459574158,28.322512010181967,-9.662268226013582,-0.48193911672657097,-0.8055059537171667
54774347,80.967000,0.000000,0.000000,1023.85,1024.26,1023.58,1027.67,-0.11,0.01,1.0,1.0,1.0,1.0,1400.31,-0.02662219881210193,-0.5685043228483563,0.0085316620662687,0.3654540049145381,-0.023835418105183987,-0.8113303504700452,326.04511929104285,449.3211556122737,6.448397348914688,328.2634195098128,219.47805618736638,7.609815981863671,330.0092021100537,28.169403526050523,-7.145097559004687,-0.552965455053664,0.5830941374011238
54774447,81.068000,0.000000,0.000000,1023.85,1024.29,1023.53,1027.55,-0.11,0.01,1.0,1.0,1.0,1.0,1400.33,-0.025781155055416186,-0.5306985874161113,0.008139753848358902,0.37986690873032875,-0.027118445808880277,-0.8328931268756721,326.0492310524151,449.3102706342589,6.454233659813802,328.55403470366906,219.44140028985012,7.455116541164534,327.2045767013075,28.46019420183372,-4.956440605039309,-0.6243081011151087,1.6534568827648646
54774549,81.172000,0.000000,0.000000,1024.04,1024.29,1023.3,1027.85,-0.11,0.01,1.0,1.0,1.0,1.0,1400.37,-0.024989322381395493,-0.4909355344379043,0.007694107116251822,0.40695960093402334,-0.004682531300588133,0.4035868886289193,326.0491455618703,449.3045801364967,6.43150292617852,328.9781879328564,219.54647251774088,7.58503994333199,325.91789355837614,28.58327567774401,-3.9220372434383948,-0.7303884810638853,2.378895984855105
54774647,81.270000,0.000000,0.000000,1023.98,1024.3,1023.3,1028.01,-0.11,0.01,1.0,1.0,1.0,1.0,1400.29,-0.024466344109247726,-0.4600110033384118,0.006461923754253829,0.40635762689465,-0.01790850335687427,-0.10343717741568906,326.0511645552508,449.30493781847576,6.445382366264627,329.81204235977344,219.44945895382978,7.26470176190795,320.13790220490034,29.294291317446227,0.5414499453856049,-0.8970084001091345,4.787181670614365
54774748,81.371000,0.000000,0.000000,1023.95,1024.22,1023.04,1028.0,-0.11,0.01,1.0,1.0,1.0,1.0,1400.23,-0.023810544798465193,-0.4065842657863502,0.004340710090770136,0.4492006382852807,-0.01919538003572486,0.5592347439079508,326.04780215854197,449.3092004566413,6.455697319372046,330.03524637450954,219.4520253088842,7.381306954290745,318.34142972183827,29.451511064084478,1.8021433426991724,-0.9938380692727236,5.5095733274864305
54774849,81.475000,0.000000,0.000000,1023.86,1024.24,1023.19,1028.12,-0.11,0.01,1.0,1.0,1.0,1.0,1400.28,-0.023582080758073824,-0.3734025404784969,0.0024804236494831273,0.4457233820230222,-0.0158210918965427,1.073206987623404,326.0557789119501,449.3830667910504,6.436182422304796,330.0430122177886,219.51884238511963,7.606505091915763,312.5367010259275,29.9589463801762,5.666837590075351,-0.9937550418191848,7.263945906413446
54774948,81.572000,0.000000,0.000000,1023.89,1024.2,1023.04,1028.16,-0.11,0.01,1.0,1.0,1.0,1.0,1400.26,-0.023458801567882482,-0.3282169198809449,0.0005846506862161814,0.4999114338399493,-0.019005537488382934,1.510994213871829,326.05213049490743,449.38985549116126,6.420933070156734,330.39743591497114,219.62663821011697,7.553842571178862,307.6619779226996,30.659180305729265,8.736426792132647,-1.083454471187244,9.027425327480458
54775048,81.670000,0.000000,0.000000,1023.91,1024.28,1022.91,1028.38,-0.11,0.01,1.0,1.0,1.0,1.0,1400.29,-0.023575067610559365,-0.2701919378410585,-0.0019295058366554198,0.4695203214456773,-0.020235145861346823,0.15120917817171003,326.06424337930815,449.41388974350656,6.413285719783506,330.9892188062488,219.61059027624438,7.833740130324354,302.51022189188495,31.867234514224123,8.409882243391717,-1.2277330960984003,11.080969215438271
54775149,81.770000,0.000000,0.000000,1023.93,1024.26,1022.77,1028.35,-0.11,0.01,1.0,1.0,1.0,1.0,1400.22,-0.023799672365263275,-0.23444279904174184,-0.003832327344904235,0.5169889542965792,-0.036376774283637316,1.6937861370419798,326.068802845714,449.4266441396669,6.431706229391001,331.2664022528905,219.65007223571422,8.097724385838056,295.3846748174807,33.68235198264424,15.90575390384191,-1.2958228526192261,13.512436532291925
54775249,81.871000,0.000000,0.000000,1023.83,1024.39,1022.77,1028.35,-0.11,0.01,1.0,1.0,1.0,1.0,1400.27,-0.024311103536173925,-0.18549686135025403,-0.005992860540490459,0.49247149946223195,-0.01967814784376924,-0.14626451999423856,326.05648215459746,449.42637788961656,6.422666958176346,330.71382784441414,219.67940571147378,8.476325999972353,295.3846748174807,33.68235198264424,15.90575390384191,-1.2958228526192261,13.512436532291925
54775349,81.971000,0.000000,0.000000,1023.76,1024.15,1022.45,1028.23,-0.11,0.01,1.0,1.0,1.0,1.0,1400.37,-0.025253024947021974,-0.12239999612750915,-0.008520920378356757,0.5173758034867676,-0.0025676166373323154,-0.662397962877267,326.0479187670313,449.3333652651674,6.436502034487521,329.97046754094424,219.62211638720143,8.955579705772832,278.0992774798346,38.941333036548166,22.88811840619104,-0.9782875244817868,17.974684582568457
54775449,82.071000,0.000000,0.000000,1023.78,1024.22,1022.36,1028.02,-0.11,0.01,1.0,1.0,1.0,1.0,1400.28,-0.026113841231581746,-0.07022170582493757,-0.00862451400377588,0.5332880356121807,-0.017209453755802233,1.4329541311908183,326.05380719717834,449.3187508201197,6.450198922061177,329.4063936764199,219.57697832016467,8.804115173207528,273.24832941782097,40.86647495447813,25.63711435816553,-0.8360491876083179,19.116925073647593
54775549,82.171000,0.000000,0.000000,1023.74,1024.27,1022.53,1027.77,-0.11,0.01,1.0,1.0,1.0,1.0,1400.31,-0.026732294271330972,-0.02986875268653868,-0.006573559118976232,0.4434270669985643,0.0765180799977647,-4.479195944717217,326.0529789793816,449.2929720841593,6.4386822773491845,328.80215521765695,219.6286978905178,9.292110672950603,269.45462115186643,42.25117200974704,28.237137339266287,-0.6858213940787311,19.87101651596033
54775649,82.271000,0.000000,0.000000,1023.8,1024.25,1022.76,1027.75,-0.11,0.01,1.0,1.0,1.0,1.0,1400.34,-0.027455134666354145,0.025087377097331658,-0.006236260566701968,0.5157549550260333,0.04121569447528428,-2.141671353941705,326.0572056488123,449.3048297171448,6.429227930693032,328.67520204821733,219.5973432935251,9.655509709877736,265.1267957685331,44.3243410615685,31.160991621002967,-0.6529767602308363,21.234984757167005
54775749,82.371000,0.000000,0.000000,1023.82,1024.35,1022.88,1027.77,-0.11,0.01,1.0,1.0,1.0,1.0,1400.29,-0.028125718481471326,0.0948704546679344,-0.004844394351406163,0.6047689537707106,-0.008284103811887718,3.2040197704544764,326.05084852254333,449.33211676404767,6.455937384329015,328.9363308097353,219.59488889972056,9.612032305041707,261.9685210547054,46.08406844391077,34.64007302222351,-0.7195928400083227,22.543656723991226
54775849,82.472000,0.000000,0.000000,1023.85,1024.18,1023.16,1027.8,-0.11,0.01,1.0,1.0,1.0,1.0,1400.32,-0.028406969227910167,0.13713176231743385,-0.003339449052418068,0.5506384575701344,0.02723831754984748,-2.3081649552610823,326.0590006517423,449.350487888219,6.440976729704191,328.71729752934493,219.6526911440906,9.83469723291915,258.450685997549,48.179293155301714,37.313546291068256,-0.6630555218768869,23.6090176604155
54775949,82.571000,0.000000,0.000000,1023.73,1024.25,1023.23,1027.64,-0.11,0.01,1.0,1.0,1.0,1.0,1400.39,-0.02873001600261146,0.2078673859033663,-0.0020003269070151338,0.5744163627804088,0.01149932624498885,0.5554764761505804,326.0487465942206,449.35850829290627,6.442848334631445,328.32536838071036,219.63834662434448,9.998034494343338,254.46799806059366,50.36756133004121,40.966692797571724,-0.5678062767597558,24.708542984951254
54776050,82.671000,0.000000,0.000000,1023.81,1024.2,1023.33,1027.53,-0.11,0.01,1.0,1.0,1.0,1.0,1400.36,-0.028821886322909947,0.25026966672207207,-0.0009043601001114274,0.6089222218105818,0.013590200737843245,2.0351247010143356,326.056173034902,449.37366491493503,6.43602999773538,328.2538736124343,219.64619341636362,10.144837262775322,251.09468144689814,52.221304449855566,43.447986639150876,-0.5481065272271101,25.839230489365935
54776149,82.771000,0.000000,0.000000,1023.83,1024.22,1023.62,1027.37,-0.11,0.01,1.0,1.0,1.0,1.0,1400.26,-0.028813170673696417,0.30654835103742284,0.000622213632032653,0.5595486629222169,0.014804757590988,1.3532758338464992,326.06610123631594,449.39898182370837,6.400278379691958,328.5061332608753,219.68728079881237,10.368677461588385,248.62239010999133,53.69781892954163,45.4681248689813,-0.6085814462320108,26.916717259228527
54776249,82.872000,0.000000,0.000000,1023.82,1024.22,1023.74,1027.19,-0.11,0.01,1.0,1.0,1.0,1.0,1400.41,-0.02862141884525874,0.37618268995393805,0.0020373196182672687,0.5579818628768644,0.011829322603801588,0.9602038450090884,326.060223846282,449.4155584378113,6.419364343625254,329.1740380131917,219.78645514246557,10.073902398480922,246.96723264646408,55.14762461595639,39.08823360530018,-0.7155016787345676,27.562088516036866
54776349,82.973000,0.000000,0.000000,1023.84,1024.27,1024.21,1026.79,-0.11,0.01,1.0,1.0,1.0,1.0,1400.39,-0.028453267763738285,0.41740016847244427,0.0022561381965785273,0.5416432829825839,-0.004303350491715584,-1.2952450859829965,326.05429774257397,449.40009835142985,6.41968503112305,329.496590160476,219.70766921361601,10.12294177176813,245.84075274697324,56.4217038325519,39.42261488619609,-0.8586006274506969,28.844498030430643
54776450,83.071000,0.000000,0.000000,1023.71,1024.3,1024.58,1026.56,-0.11,0.01,1.0,1.0,1.0,1.0,1400.37,-0.028198118042450714,0.48495995717980656,0.0017751962593029853,0.535397692236825,-0.005340591651279534,0.04173676250245415,326.0534901054495,449.3784755956286,6.433844092082711,329.2495647133749,219.72346891304267,10.404935141204064,243.88758629210218,57.74492218496863,39.88965023862906,-0.7973253786548626,29.383683172526347
54776550,83.171000,0.000000,0.000000,1023.73,1024.22,1024.92,1026.29,-0.11,0.01,1.0,1.0,1.0,1.0,1400.25,-0.028047216994154328,0.5377592888690783,0.0013920778619251916,0.5181470068968019,-0.0024065294724873354,-0.2459566695040895,326.06650015947093,449.44056963105066,6.443877880668309,328.8441307608975,219.77749139005306,10.638013133254848,243.86797528000199,56.98495281398896,39.55980746715214,-0.6929226619783119,28.949975637940636
54776650,83.271000,0.000000,0.000000,1023.75,1024.25,1025.05,1026.23,-0.11,0.01,1.0,1.0,1.0,1.0,1400.31,-0.02794103594318653,0.5763505866620373,0.0014666207131823308,0.5109141365087297,0.0027652233746105247,-0.04573786097686776,326.055584721618,449.436336563077,6.43607744476381,328.00755749253443,219.70219599274992,10.805636916755013,245.25006627023657,55.367243433400695,46.01526639384152,-0.4868110154560706,27.703004867312917
54776750,83.371000,0.000000,0.000000,1023.75,1024.28,1025.34,1026.2,-0.11,0.01,1.0,1.0,1.0,1.0,1400.22,-0.027697527507912965,0.6377563035346967,0.0025011832923140243,0.4755282955908785,0.013188370203658132,-0.3086453549423222,326.0514550256998,449.35409431844505,6.409326748339398,327.665146148029,219.55891110767644,10.538360456541495,247.2318021839861,54.08475266510546,37.27300674010196,-0.4023416405870354,26.728049126989593
54776849,83.471000,0.000000,0.000000,1023.77,1024.25,1025.76,1026.0,-0.11,0.01,1.0,1.0,1.0,1.0,1400.27,-0.027360872477096128,0.6831773139064564,0.003924907489535903,0.4412707774792386,0.015644556012229614,-0.31539400895571984,326.0532715861997,449.44323803522053,6.436990995083307,327.4020696084161,219.66899879334258,10.347210431100054,249.4503527161251,52.1485574849787,36.041852694276976,-0.3363281572234069,25.626467880338048
54776949,83.571000,0.000000,0.000000,1023.86,1024.23,1026.13,1025.68,-0.11,0.01,1.0,1.0,1.0,1.0,1400.41,-0.02687540119863423,0.7245949879141668,0.005422939839631976,0.39873756344896305,0.016482321245401835,-0.2923750187658271,326.0606458229062,449.46104017709825,6.444644112862058,327.52823263608747,219.6924667047521,10.34490208049837,252.91378221351215,49.811099150605024,38.41604207377625,-0.36595686578816966,24.443716938336504
54777050,83.671000,0.000000,0.000000,1023.8,1024.15,1026.23,1025.62,-0.11,0.01,1.0,1.0,1.0,1.0,1400.29,-0.02625824081121837,0.761512422962163,0.006621185179658452,0.35397472871004976,0.011680897359882455,-0.40043331389903636,326.05454379214336,449.4027918167218,6.420203968661858,327.6005562023467,219.62463691028208,10.257204601500632,257.5799490294022,47.30887315397477,34.486728430555196,-0.3854963914480577,22.885386442430693
54777150,83.772000,0.000000,0.000000,1023.85,1024.19,1026.11,1025.54,-0.11,0.01,1.0,1.0,1.0,1.0,1400.29,-0.02554977661967353,0.7935189867246845,0.007285643448280268,0.2986474791949022,0.003054022373812519,-0.6251804933847922,326.0616907341056,449.4317250449678,6.423231635021513,327.936840043729,219.6393245865054,10.157638731385497,260.00881212572153,45.89307095394916,30.15388765288807,-0.4675339852753733,22.2886334977344
54777250,83.872000,0.000000,0.000000,1023.81,1024.32,1026.19,1025.47,-0.11,0.01,1.0,1.0,1.0,1.0,1400.21,-0.024806384524564132,0.8201940500802078,0.007454537057572973,0.24555335439302559,-0.0004072190244474881,-0.6138940569871647,326.05896554528556,449.4811239231356,6.44077460787425,327.7326999345209,219.69450627649698,10.054415384910227,264.1909650311245,43.39559510605909,28.06525395820184,-0.4173272648386048,20.654854745065276
54777351,83.971000,0.000000,0.000000,1023.81,1024.26,1026.55,1025.37,-0.11,0.01,1.0,1.0,1.0,1.0,1400.29,-0.02404416136651578,0.8413153945263944,0.007717985971118274,0.19087764068909385,-0.002139919999591509,-0.6660525144192998,326.06405671483674,449.5277586299542,6.444736490516381,327.1857001399518,219.77112172665412,9.7702185536765,268.23418830032216,40.688465277154265,25.50489169582277,-0.2797086722336381,18.780240970601096
54777450,84.075000,0.000000,0.000000,1023.86,1024.31,1026.58,1025.22,-0.11,0.01,1.0,1.0,1.0,1.0,1400.39,-0.023239009597634377,0.856877944695856,0.008342057198123457,0.13437511947997025,0.009931748135168214,-0.5483598590335058,326.0556371190573,449.51066448207337,6.433885121950585,326.5599007483579,219.790881787736,9.713776416731225,272.45108727966783,38.57249856665237,21.797724851101428,-0.125771193824832,16.87629775052056
54777550,84.172000,0.000000,0.000000,1023.79,1024.23,1026.48,1025.24,-0.11,0.01,1.0,1.0,1.0,1.0,1400.36,-0.022337207072065865,0.8666198941523114,0.009631228053300562,0.07643250280715223,0.024512690607960592,-0.5003290363285882,326.06688478216984,449.5178593433009,6.446009008287587,326.37124197026316,219.82886357547702,9.513387885529374,275.31279238732105,37.4059954432167,21.019221190173027,-0.07592166998490249,15.788278209919453
54777650,84.272000,0.000000,0.000000,1023.97,1024.26,1026.63,1025.24,-0.11,0.01,1.0,1.0,1.0,1.0,1400.23,-0.02130909325409563,0.8705324504852426,0.010809218159902835,0.01818306881245996,0.018202114075835784,-0.5418455359684298,326.07026700296444,449.5333356821127,6.447703832116282,326.12909730503367,219.87467629013727,9.707038231100267,277.8589469806057,36.16962830851709,19.247712479769156,-0.014677121042338667,14.75153896383099
54777751,84.372000,0.000000,0.000000,1023.85,1024.17,1026.72,1025.07,-0.11,0.01,1.0,1.0,1.0,1.0,1400.37,-0.020170855464775848,0.8690024970720573,0.01181800665851463,-0.034996118530298256,0.01146828337833405,-0.52154130659312,326.06321626431554,449.4957140016377,6.460968808560505,326.0389822537859,219.81588763282576,9.550002471271547,281.46340991962774,34.80993626766355,13.80126873142439,0.006045400420333232,13.53462615654859
54777850,84.472000,0.000000,0.000000,1023.85,1024.21,1026.76,1025.06,-0.1,0.01,1.0,1.0,1.0,1.0,1400.34,-0.01893122909866326,0.8623674650224863,0.012745808008570404,-0.08499503685801024,0.007671926248436493,-0.48733220543222483,326.05341946224775,449.4904635819827,6.4683265423870795,326.1081402005293,219.82985211763886,9.477864517316764,283.6245616309079,34.11889619463828,15.749398231054164,-0.01365174148083626,12.912672290001074
54777950,84.572000,0.000000,0.000000,1023.82,1024.18,1026.83,1024.85,-0.1,0.01,1.0,1.0,1.0,1.0,1400.35,-0.01762416782901914,0.8509651459488976,0.013223623716330363,-0.13116129417035402,0.0038853625001441803,-0.4655771565769831,326.0646366547843,449.5072349045487,6.437111662537957,326.41668235299744,219.80215544665472,8.952059473884027,291.84709160751936,31.893119823730654,7.506912872042464,-0.08781136646277664,10.599758478695346
54778050,84.673000,0.000000,0.000000,1023.83,1024.19,1027.01,1024.7,-0.1,0.01,1.0,1.0,1.0,1.0,1400.24,-0.016301436746409794,0.8349876489587816,0.013189796908073934,-0.1767268022820885,-0.0017208731100062588,-0.44230541962967784,326.06292684780703,449.555619834268,6.435633682633502,326.46820091573306,219.8464471449946,8.938151918223419,295.84273672737845,30.60394033548599,9.637943318173196,-0.10108638359296197,9.394757544718132
54778151,84.775000,0.000000,0.000000,1023.84,1024.19,1026.9,1024.68,-0.1,0.01,1.0,1.0,1.0,1.0,1400.34,-0.015001151967210063,0.8147460054308471,0.012819385012189878,-0.21675309020962472,-0.0029789749566211782,-0.4165205104989972,326.0661382442354,449.57810146451953,6.448393395101308,326.47483168742343,219.924746549986,8.648639509832018,300.1730655196545,29.420859557012758,7.059075313592442,-0.10196404358249851,8.064728455986234
54778250,84.875000,0.000000,0.000000,1023.81,1024.13,1026.83,1024.72,-0.1,0.01,1.0,1.0,1.0,1.0,1400.44,-0.013746068366646307,0.7905400186602346,0.012432085031703767,-0.25790539642797045,-0.0042670279251492155,-0.39745765959384927,326.06101219373113,449.5490331762643,6.466643899167373,326.24042496800695,219.87668845052684,8.56406086447675,304.4103207801083,28.703458878538925,5.101799217576478,-0.04475764236247867,6.603913451414671
54778351,84.974000,0.000000,0.000000,1023.88,1024.19,1026.67,1024.71,-0.1,0.01,1.0,1.0,1.0,1.0,1400.33,-0.012540442517831832,0.7626963692788873,0.011823168607525997,-0.28981060112459495,-0.0014298566810139377,-0.4070917794621058,326.0601586055003,449.5452324714099,6.44764280807514,326.1343768003683,219.88954885135206,8.360107203999046,307.8520194289964,28.125214545565346,3.312792020941341,-0.01851636812964535,5.483016438886081
54778451,85.074000,0.000000,0.000000,1023.85,1024.13,1026.69,1024.89,-0.11,0.01,1.0,1.0,1.0,1.0,1400.35,-0.011372200001988058,0.7314494264916444,0.011582320743008597,-0.3246329214484834,0.0014710695465372015,-0.4219062542934439,326.0601978787123,449.5716537847241,6.458235018857028,325.85697781525096,219.95815198010345,8.447789880912975,311.19841298586135,27.721514583360783,1.4204387902522115,0.050709774542770474,4.259100674087924
54778551,85.173000,0.000000,0.000000,1023.83,1024.21,1026.76,1024.97,-0.11,0.01,1.0,1.0,1.0,1.0,1400.36,-0.010512359391248791,0.7060515543746331,0.01080119766521984,-0.32695402331616197,-0.025048968877813507,0.4415391259630185,326.0621734493134,449.5530537953284,6.467315806747226,326.1526601351537,219.94550333374008,8.185245183708403,313.6637602341043,27.57013180481871,-0.09059271176259659,-0.022579853850429196,3.759556886957484
54778651,85.283000,0.000000,0.000000,1023.93,1024.23,1026.5,1025.08,-0.11,0.01,1.0,1.0,1.0,1.0,1400.31,-0.009124245681323691,0.6605445668172987,0.011581309781795068,-0.40063035420410387,0.02523824350802577,-1.311142610395971,326.0631507472563,449.5884907349283,6.427784058054418,326.1051213154773,219.94415113353014,8.103625952507652,316.2678428190297,27.22073789096921,-1.3131553036650996,-0.01047156834009608,2.94298456827932
54778754,85.372000,0.000000,0.000000,1023.92,1024.16,1026.4,1025.3,-0.11,0.01,1.0,1.0,1.0,1.0,1400.38,-0.008075673432642736,0.621925121918503,0.010403807892752918,-0.396519875493241,-0.003299872839234879,-0.21273218874457278,326.05921946415816,449.62954285222304,6.462235954998113,325.692929159641,220.01720742497986,8.215643886095753,318.39886638704525,26.948264058529755,-2.7332926848713543,0.09140132076797017,1.9807786355189576
54778855,85.481000,0.000000,0.000000,1023.91,1024.25,1026.18,1025.37,-0.11,0.01,1.0,1.0,1.0,1.0,1400.34,-0.007310950654204487,0.591971830822448,0.01123219286193163,-0.4448287854371674,0.08932852432825582,-3.707645976955626,326.07614634866025,449.5963348697842,6.441852007134282,325.72943752340166,219.99458006881642,8.007488803887869,320.75858692968995,26.91265469557106,-3.9650443711215715,0.08651910054252132,1.301702953210093
54778955,85.576000,0.000000,0.000000,1023.91,1024.1,1025.93,1025.59,-0.1,0.01,1.0,1.0,1.0,1.0,1400.28,-0.006051354453181373,0.5406536913113039,0.009955838515187141,-0.41371376204457855,-0.05040565795722295,1.8892079772117285,326.0668206442216,449.58296009721596,6.439100602008837,325.73328646133814,219.96094914568778,8.042401957763929,320.8021355506919,26.964578924570976,-4.220907312526086,0.08322411028243008,1.2971683079271819
54779054,85.679000,0.000000,0.000000,1023.88,1024.21,1025.69,1025.79,-0.11,0.01,1.0,1.0,1.0,1.0,1400.3,-0.005079653758859109,0.49905384460671376,0.009617403695318641,-0.41951565223413734,3.400255449228756e-05,-0.2244808975002082,326.0583995772056,449.55220239547185,6.451781337763334,325.98422016852794,219.90380482054837,7.908908703131819,320.51677687868136,26.988039032741895,-4.081383781004346,0.018507278696781676,1.586375796457495
54779154,85.775000,0.000000,0.000000,1023.95,1024.24,1025.52,1025.84,-0.11,0.01,1.0,1.0,1.0,1.0,1400.38,-0.004390568724196223,0.4680139065138787,0.008818617420823153,-0.4044334431884613,-0.015316582637124824,0.40166277948148615,326.0582575983043,449.5457759265064,6.474036116147358,326.2831339340302,219.88803031791258,7.930139203902111,320.84832606669676,26.980632614630938,-3.86390646826055,-0.05610287951521764,1.72598112303733
54779254,85.883000,0.000000,0.000000,1023.94,1024.21,1025.49,1026.04,-0.1,0.01,1.0,1.0,1.0,1.0,1400.41,-0.003175009065193689,0.40752763544887566,0.0078807537135247,-0.39777915984674467,-0.01748759431358937,0.421012972800496,326.066621521443,449.5454522399213,6.468460642636821,326.3494463843235,219.88461067942794,7.840670993307825,320.8172440662539,26.949575253598255,-3.7356185730395812,-0.07055910220699857,1.7835623341894626
54779354,85.976000,0.000000,0.000000,1023.83,1024.22,1025.46,1026.09,-0.1,0.01,1.0,1.0,1.0,1.0,1400.33,-0.002660882679952969,0.37847769149688454,0.0066242118949764025,-0.3862981326194917,-0.00534371019673794,-0.18219702171397242,326.05320654173835,449.52214952986725,6.465657471805585,326.2663739061393,219.88015670069217,7.873253385381475,320.7137851347859,27.036927998244956,-3.8736912984850425,-0.053185337105035084,1.7556483260640385
54779455,86.076000,0.000000,0.000000,1023.8,1024.29,1025.37,1026.17,-0.1,0.01,1.0,1.0,1.0,1.0,1400.28,-0.0020683771075055038,0.3413163190026476,0.005663350559683753,-0.3703373835966782,-0.042212222631018446,2.299339079406237,326.0584403355285,449.4845462357057,6.460245541706459,326.1800547417883,219.84838837499257,8.059217479201061,318.67916302082216,27.256508108512932,-3.2565147100037204,-0.030343616702826048,2.2910633684812765
54779555,86.176000,0.000000,0.000000,1023.89,1024.21,1025.06,1026.55,-0.1,0.01,1.0,1.0,1.0,1.0,1400.36,-0.0015625864438045616,0.30630310980476816,0.004738329568268606,-0.33922668540324724,-0.009606266506532892,0.3808444418725189,326.06704377715727,449.4690032025551,6.447377753690225,326.036035906961,219.8000710721829,8.371260004975028,315.52824219810947,27.715961065190868,-2.016520395751631,0.007735569920849745,3.115723585491492
54779654,86.276000,0.000000,0.000000,1023.83,1024.37,1024.83,1026.64,-0.1,0.01,1.0,1.0,1.0,1.0,1400.4,-0.0011257944062402492,0.2738417506794605,0.004142180529749862,-0.3122573966005473,-0.003683598145740351,0.18283689929452426,326.06365863703536,449.48276047016657,6.458804467009136,326.0752163071974,219.81190604998721,8.415189399808115,312.18795873782994,28.229315414330586,0.33612715175548885,-0.002883281478632833,4.1517175085251905
54779754,86.376000,0.000000,0.000000,1023.79,1024.28,1024.87,1026.7,-0.1,0.01,1.0,1.0,1.0,1.0,1400.42,-0.0007428937350078169,0.24443781923306662,0.003612338606880422,-0.28089439473410094,-0.0071502088913004466,0.4521669030007913,326.06132983425994,449.46797929092804,6.454909450609479,326.04808530387515,219.77368956756567,8.483496569202686,309.053234271105,28.717304609973382,2.1103533852730814,0.003303763853919432,5.076589000583375
54779854,86.475000,0.000000,0.000000,1023.87,1024.27,1024.75,1026.67,-0.1,0.0,1.0,1.0,1.0,1.0,1400.52,-0.0004919496625235298,0.22475630544286013,0.0032545382701629605,-0.25524630261458475,-0.003115888699770113,0.2583405429411568,326.06656724700815,449.47180408403506,6.4452064456815785,326.06995792631886,219.77938496258358,8.771428300647548,305.627220248949,29.316239917908526,3.8919299058637815,-0.0008457902742941566,6.127893381011246
54779954,86.576000,0.000000,0.000000,1023.92,1024.34,1024.66,1026.84,-0.1,0.0,1.0,1.0,1.0,1.0,1400.58,-0.0001307804286059507,0.19680797450842277,0.0026186164403071786,-0.2006610952686031,-0.00741576722506463,0.6082351093759631,326.0644003875252,449.47318699098486,6.454197920741908,326.0925940171241,219.7745657434136,8.695520596212095,303.94824574579224,29.572393246855658,4.932680811768826,-0.007032588912748327,6.654847232283012
54780054,86.677000,0.000000,0.000000,1023.88,1024.35,1024.4,1026.96,-0.1,0.0,1.0,1.0,1.0,1.0,1400.39,5.1397373372143203e-05,0.18298572757117668,0.0023646387813420293,-0.17855089903641294,-0.003701740700425459,0.3115663897347136,326.0635900288784,449.4772538917414,6.457320160754795,327.0147993568705,219.74400220503043,8.796509320196007,297.4926056022741,30.99970933041135,8.91122765065424,-0.2372315199696052,9.364277914501997
54780155,86.778000,0.000000,0.000000,1023.92,1024.3,1024.38,1026.98,-0.1,0.0,1.0,1.0,1.0,1.0,1400.38,0.00027625927802152914,0.16509691192250597,0.00123924014433301,-0.11792856401181549,-0.015034693523751036,0.5638247417693778,326.06081477863836,449.5049728931301,6.4599260132530105,327.24147917324143,219.71691017113528,8.88159912143493,296.1812330260443,31.31876662337101,9.872154313108076,-0.294386447903288,9.950623818606978
54780255,86.877000,0.000000,0.000000,1023.86,1024.29,1024.07,1027.03,-0.1,0.0,1.0,1.0,1.0,1.0,1400.37,0.0002991538220858284,0.1559071500219568,-0.00039301773591976746,-0.07390355306654772,-0.015935309300215375,0.5733626038436136,326.0641402610297,449.5386620629188,6.46651565550552,327.365736497126,219.7534135582568,9.012198865291364,292.6489100654924,32.05491552067686,12.188582739539607,-0.3245429106421261,11.128121087421887
54780356,86.977000,0.000000,0.000000,1023.78,1024.21,1023.89,1027.12,-0.1,0.0,1.0,1.0,1.0,1.0,1400.35,0.0001600449857347576,0.1511915164783403,-0.001957791963086657,-0.02919477009379986,-0.012770905420774364,0.5315391512278707,326.06019273576715,449.52754756055157,6.431423455694756,327.4081968312134,219.8128359615215,9.433874522158453,285.8011006016093,33.99128161449756,15.941357321960409,-0.3362172948264286,13.293300056959534
54780455,87.086000,0.000000,0.000000,1023.83,1024.24,1023.74,1027.28,-0.1,0.0,1.0,1.0,1.0,1.0,1400.37,-4.944218297625595e-05,0.15070192263620416,-0.0032449702040465143,0.00524303660091971,-0.01613143463770024,0.48756957160647374,326.06178124354756,449.5398308708117,6.452460778761258,327.232482537496,219.80960378373882,9.578925183772546,282.6593586546512,35.47384655511879,18.785834920864623,-0.29197578149843306,14.126632777936056
54780556,87.178000,0.000000,0.000000,1023.93,1024.14,1023.58,1027.3,-0.1,0.01,1.0,1.0,1.0,1.0,1400.36,-0.0006618806016016953,0.15758169306881975,-0.005039266757041473,0.08176438223461324,-0.04408036409831133,1.0437460144818431,326.06421251065944,449.57175430976616,6.44883201228965,327.25258589785227,219.9066327151364,9.713559257265592,277.2154780269331,36.268161785540336,20.0348425307176,-0.29646718420142704,15.834661311440678
54780655,87.279000,0.000000,0.000000,1023.8,1024.21,1023.68,1027.13,-0.1,0.01,1.0,1.0,1.0,1.0,1400.37,-0.0011638642567281228,0.16785327189279872,-0.005727084956042244,0.1309073512446223,-0.036517895918079434,1.1851976530041268,326.0598826381464,449.5226587809143,6.427081715278781,327.1498749565599,219.8921718493445,9.906186432255787,272.36063864940684,38.1627208133631,22.358593657799485,-0.27196515299292034,17.321355503926604
54780755,87.377000,0.000000,0.000000,1023.72,1024.12,1023.6,1027.17,-0.1,0.01,1.0,1.0,1.0,1.0,1400.43,-0.0018481167323232258,0.1869063147016258,-0.005440471159498284,0.1514208663809079,0.012978871907354316,0.02583718097266921,326.0476278336886,449.38430402430555,6.422251188945104,327.1686827204874,219.7450165749387,10.189731333308782,268.273050908741,40.35577938817165,24.36359201071506,-0.27970476689351637,18.735036256906156
54780856,87.478000,0.000000,0.000000,1023.8,1024.19,1023.6,1027.03,-0.1,0.0,1.0,1.0,1.0,1.0,1400.4,-0.0019907547529504467,0.19153464514917448,-0.005966062686170054,0.19358730204585647,-0.013975485852487453,0.778884857699147,326.0499694005244,449.39359560686904,6.407497069836567,328.1283438196193,219.78551283471958,10.589477294623386,265.26882382184874,42.01319825280853,26.20518523879362,-0.5186177630416213,20.510609208435323
54780955,87.578000,0.000000,0.000000,1023.82,1024.23,1023.9,1027.16,-0.1,0.0,1.0,1.0,1.0,1.0,1400.31,-0.002790508946546043,0.21860993566412798,-0.007017981429629117,0.23595080573152072,-0.015739966130321737,0.43348864648495716,326.04497390826367,449.3878021086909,6.41728528394264,329.18474324412887,219.90210364272605,10.46254729381146,262.0507845395383,43.97550916613017,29.652608338471126,-0.7838584675647353,22.45467656412278
54781055,87.678000,0.000000,0.000000,1023.86,1024.34,1023.77,1027.17,-0.11,0.0,1.0,1.0,1.0,1.0,1400.29,-0.0036314010145516587,0.24487921731196516,-0.009306734513450442,0.27913659369523675,-0.021655894731432142,0.37404500321175593,326.06412742844446,449.4576642587718,6.430209530720842,328.99463975424754,219.95566410132625,10.60168934568053,258.16387514316006,46.03116708838459,32.79795842472729,-0.7315703710916555,23.62175493921613
54781155,87.778000,0.000000,0.000000,1023.8,1024.32,1023.93,1027.23,-0.11,0.0,1.0,1.0,1.0,1.0,1400.36,-0.004666883456222015,0.27496836158507965,-0.010859332966911602,0.31287492357865493,-0.009938191367619576,0.24693432982539945,326.0663229927256,449.457510483417,6.423355868311124,328.03421627118894,219.92421804088426,11.150914631929917,252.76319857450983,48.73253599114555,35.811427648163914,-0.4912107334479248,24.716962532137043
54781256,87.878000,0.000000,0.000000,1023.72,1024.18,1023.79,1027.1,-0.11,0.0,1.0,1.0,1.0,1.0,1400.35,-0.006057212964125838,0.31716138446756276,-0.011070648343293892,0.3444926204780913,0.018216955938211276,-0.049014372266347486,326.07149893569584,449.47412205718604,6.424810240058229,326.9128068173834,219.96803280706746,11.277857397770799,247.49461275888984,51.610964152775345,39.583740362173586,-0.21003004817217527,25.674471310204314
54781355,87.978000,0.000000,0.000000,1023.78,1024.09,1024.11,1026.97,-0.11,0.0,1.0,1.0,1.0,1.0,1400.3,-0.006810091740621297,0.34459203149284756,-0.00961802446442571,0.37278724784992917,0.01979302354148729,0.19099281372309476,326.0618466565645,449.50469681188645,6.4384470212637295,326.1948519223042,220.0604479713475,11.550000336082757,242.41080806173616,54.26814765628448,37.25232628597305,-0.03321346934958304,26.87642800585154
54781456,88.077000,0.000000,0.000000,1023.85,1024.18,1024.36,1026.85,-0.11,0.0,1.0,1.0,1.0,1.0,1400.33,-0.007783583178482412,0.3930422033373072,-0.006621913352587104,0.39811737141650116,0.013825512166409884,0.6661625485121846,326.06411429190615,449.54060968251093,6.440581103370066,326.20806110704433,220.08331160896853,11.843660301019654,239.9548034585071,55.804815826404514,44.213139361370764,-0.03594369832239031,27.773287010069247
54781555,88.180000,0.000000,0.000000,1023.84,1024.18,1024.42,1026.84,-0.11,0.0,1.0,1.0,1.0,1.0,1400.33,-0.008072939986743173,0.4132128090204887,-0.006062615181127958,0.44521749495535456,-0.01828386286526161,3.1106672003618834,326.0615415828566,449.54990842230006,6.437174257777744,327.0321133286318,220.04925525415877,11.669459271627323,238.21054887126874,57.32303195704864,45.974393164998354,-0.11474658826832977,28.35452229160818
54781655,88.278000,0.000000,0.000000,1023.87,1024.2,1024.54,1026.77,-0.11,0.0,1.0,1.0,1.0,1.0,1400.18,-0.008507360958974496,0.45459574887221416,-0.0038198458965758206,0.4259105831895156,-0.013572024294583563,2.904090843240828,326.05960297519056,449.49655765741153,6.422726536428998,327.44222168344737,220.0572057917298,11.745118498005795,237.38782803262393,58.39750324902843,40.10194607463737,-0.3452644768071268,29.811024356745392
54781755,88.380000,0.000000,0.000000,1023.89,1024.14,1024.59,1026.7,-0.11,0.0,1.0,1.0,1.0,1.0,1400.38,-0.009007019521501788,0.5189007418438822,-0.0034377915945644866,0.456929610679199,0.01707296163617409,-2.3101459035763283,326.0658721394533,449.48502822007157,6.426062461766871,327.7394523377187,219.98601196801704,11.944073894530227,235.47195386137813,60.49482808082096,41.175312354084724,-0.41777910547188135,30.888228684023154
54781858,88.478000,0.000000,0.000000,1023.77,1024.24,1024.63,1026.69,-0.11,0.0,1.0,1.0,1.0,1.0,1400.2,-0.009352359538124905,0.5630000567608119,-0.003507781160348493,0.44163344324829723,-0.012990178704024429,1.5423356265974737,326.05719178100276,449.47115398061015,6.432238935134324,327.29761840937994,219.9829423046704,12.194881098896502,230.98095709482564,64.06282838324199,43.296564377949586,-0.30969136913356177,32.32428658133494
54781956,88.581000,0.000000,0.000000,1023.76,1024.25,1024.72,1026.59,-0.11,0.0,1.0,1.0,1.0,1.0,1400.28,-0.009695016223036415,0.6077713325630778,-0.003797176466334494,0.4868665080084964,-0.020779181991287525,2.927924230499825,326.0574104497201,449.4829858533678,6.431316503983505,327.15051780979013,220.0043018507464,12.291887323072325,228.5000489899673,66.00165366600818,44.650361560003724,-0.2729227983132696,33.18851318117262
54782056,88.680000,0.000000,0.000000,1023.73,1024.22,1024.76,1026.6,-0.11,-0.0,1.0,1.0,1.0,1.0,1400.31,-0.00984806128453335,0.630320575587445,-0.0031644359630038908,0.4789412254145663,-0.01317732184766249,2.9424833524385146,326.06420795061763,449.4604060601211,6.4168963583668495,327.2521546666138,219.98508291222097,12.489612929632859,226.16571229282548,68.07729079117239,45.93884863256427,-0.2966058579446189,34.23483516393264
54782155,88.780000,0.000000,0.000000,1023.77,1024.3,1024.98,1026.62,-0.11,-0.0,1.0,1.0,1.0,1.0,1400.31,-0.010173340956071942,0.6869135026208131,-0.0023931693347865393,0.4540822355043802,0.01516652575658,-2.0260799215652447,326.06168303367656,449.45096692990296,6.43309688230661,327.3733049553546,220.01425887612274,12.573688764110218,225.08471261909494,69.29727327725487,56.34033466619361,-0.32753948758364143,34.81902972914182
54782255,88.877000,0.000000,0.000000,1023.77,1024.34,1025.07,1026.52,-0.11,-0.01,1.0,1.0,1.0,1.0,1400.32,-0.01044680451142408,0.7435851793999736,-0.0020879099727503002,0.45483382701484226,-0.006363554118077842,1.7886561962943843,326.0570563194697,449.443667343004,6.399194575466581,327.2956292601227,220.0176325613108,13.05393525278898,221.73070391004094,72.74253614487708,48.11756618739292,-0.33122486002597473,35.78401155776091
54782355,88.979000,0.000000,0.000000,1023.7,1024.27,1025.2,1026.34,-0.11,-0.01,1.0,1.0,1.0,1.0,1400.25,-0.010594693476139295,0.7775074589588576,-0.0019103853732833187,0.4524151967438606,0.0038282380186861163,-0.2655640873863863,326.05570476136046,449.42058648140807,6.407169147508375,327.14302444898146,219.98311136182133,13.142706113962092,220.6288028032744,73.68069553940927,48.34619481256409,-0.27152653537153076,36.59922311679134
54782455,89.078000,0.000000,0.000000,1023.76,1024.34,1025.32,1026.27,-0.11,-0.01,1.0,1.0,1.0,1.0,1400.27,-0.01081619423873195,0.8447487805604307,-0.00104896420467986,0.4445379328842275,0.011694343115918715,-1.7999820269408915,326.0653075528274,449.47799680176615,6.4194851009630955,326.746429485021,220.12803870484,13.430445442974413,218.93573982433222,74.5833123387885,48.823205377715716,-0.17015611270427394,36.869111985938645
54782555,89.178000,0.000000,0.000000,1023.63,1024.39,1025.47,1026.2,-0.11,-0.01,1.0,1.0,1.0,1.0,1400.29,-0.010846365537943934,0.8667949920100952,-0.0004327290621548665,0.44045614612332806,0.013776537392863471,-0.10634484100589231,326.0668767537139,449.4911964714753,6.430630249343989,324.80117925204127,220.180202964724,14.067101011934037,216.17322483596377,75.18732169816913,49.24375648572764,0.3162447096135278,36.207881256529426
54782656,89.278000,0.000000,0.000000,1023.53,1024.49,1025.52,1026.12,-0.11,-0.0,1.0,1.0,1.0,1.0,1400.36,-0.010599221989779684,0.930704873521186,0.0037953465388897954,0.4116422761070216,0.02909307076683731,-0.09714169174952085,326.060365540592,449.4700985996883,6.4158736863528025,321.1900805590551,220.19576001942787,15.353981000781827,211.0817782076175,76.3875111044203,49.56850165794719,1.2169038024103405,35.00604792389036
54782755,89.379000,0.000000,0.000000,1023.42,1024.65,1025.56,1026.02,-0.11,-0.0,1.0,1.0,1.0,1.0,1400.39,-0.009810896535074068,0.9704551580890378,0.006855429452267553,0.40277307695591136,0.0667837479062234,-0.23398836178299603,326.059492211068,449.47466703384913,6.442247192570238,317.8256019825052,220.4295214284809,16.805919319616677,206.20956911775585,77.31834342940554,49.9777306555102,2.0588259643262576,33.833918926661674
54782856,89.477000,0.000000,0.000000,1023.37,1024.79,1025.63,1026.01,-0.11,-0.01,1.0,1.0,1.0,1.0,1400.23,-0.009096587495195265,0.9891671031089895,0.015515572599650265,0.3702889068063442,0.09829660200506714,-0.3175867658457074,326.06341105751324,449.49177693424076,6.458032490188613,313.90522537438835,220.656419825258,17.997312670685524,201.10358082929397,78.06704899510365,50.21340827410998,3.041306028657073,32.264709699672885
54782956,89.578000,0.000000,0.000000,1023.19,1024.78,1025.83,1025.9,-0.11,-0.0,1.0,1.0,1.0,1.0,1400.27,-0.00523622870138124,1.039589572499859,0.026978623003597657,0.3300385584863317,0.12386280919181258,-0.44038256814817783,326.06028173348557,449.5320218026661,6.434370798357998,310.3409007727805,220.99534879359686,19.291221740706042,195.95602144930444,78.78782500262658,50.45369432788247,3.9347639062191457,30.94199485910203
54783056,89.679000,0.000000,0.000000,1023.26,1024.67,1025.7,1025.83,-0.11,-0.0,1.0,1.0,1.0,1.0,1400.21,-0.0009279384430768622,1.0677233004514453,0.04109972478733619,0.2865378290080967,0.13273929666701226,-0.5711364624023075,326.05337212528605,449.53747075475945,6.476288484700134,309.04373517201276,221.15820581306522,20.10690983860918,193.65413342599885,79.16779195111862,50.65074980728153,4.2595123804659325,30.580275950547794
54783157,89.779000,0.000000,0.000000,1023.13,1024.75,1025.74,1025.89,-0.11,-0.0,1.0,1.0,1.0,1.0,1400.33,0.004871424659265918,1.0912439606682183,0.06346308793208362,0.21800647632451262,0.1383356138891226,-0.4804926417205587,326.06095399231083,449.55485191416255,6.453102126254942,305.95762292288094,221.6186122608582,21.431749054026692,188.35270973961016,80.61816804557643,50.987343860762,5.040283533724173,29.75006577700802
54783258,89.880000,0.000000,0.000000,1023.31,1024.82,1025.78,1025.82,-0.11,-0.0,1.0,1.0,1.0,1.0,1400.21,0.012103781621691814,1.1102732287781343,0.07795579022593273,0.17493106733780422,0.13216323126138807,-0.4513115923471383,326.0493735760202,449.5330600116086,6.46709603414438,304.06075793909747,221.93141467569515,22.587000063224817,185.26929013657795,81.50284452552931,54.987559573239956,5.51822485269068,29.192131002947477
54783357,89.980000,0.000000,0.000000,1023.24,1024.6,1025.58,1025.89,-0.1,-0.0,1.0,1.0,1.0,1.0,1400.24,0.020674275102819606,1.125005007399787,0.09016178567593365,0.1310578635802807,0.06772914144187371,-0.5069535615662232,326.0550515225659,449.57194733929316,6.467903477209396,301.8494169731903,222.25979691290007,23.758614544400533,181.63681525861085,82.46930310838314,54.63734702784613,6.078311141930082,28.537206903842062
54783458,90.079000,0.000000,0.000000,1023.28,1024.56,1025.61,1025.93,-0.1,-0.0,1.0,1.0,1.0,1.0,1400.29,0.0305086862990294,1.1356109347967274,0.10143274818689989,0.08951545013027305,0.005682475624013908,-0.5050168646786806,326.05242677945984,449.6110273283579,6.480943916002404,299.51015139140026,222.67487337028567,24.401185759368392,177.97618008520183,83.2243985322307,54.544661345584714,6.670961431254428,27.730900724048585
54783558,90.181000,0.000000,0.000000,1023.29,1024.68,1025.65,1025.99,-0.08,-0.0,1.0,1.0,1.0,1.0,1400.29,0.04155703370167225,1.1422156012643434,0.11360262697116454,0.050641818798309486,0.0481376282020759,-0.42179442694641,326.0597434980869,449.5936148340942,6.461822226979226,296.9172271314629,223.1816849909512,25.648849937593408,174.51009544096615,83.54503134507308,52.30429388028108,7.3344750854858,26.56923575108624
54783658,90.281000,0.000000,0.000000,1023.18,1024.8,1025.8,1025.63,-0.02,-0.0,1.0,1.0,1.0,1.0,1400.29,0.0506165102854928,1.1445730090021444,0.1251065897546564,0.021722451480819145,0.18100516572538228,-0.3917467124164271,326.0525863946127,449.57557324696467,6.465989060547035,295.36939743117927,223.56411280770882,26.2527399789462,172.63023948023633,84.01278242793947,52.832536483467095,7.7311772568866335,25.870144686666084
54783759,90.381000,0.000000,0.000000,1023.21,1024.65,1025.82,1025.84,0.1,-0.0,1.0,1.0,1.0,1.0,1400.36,0.06714364722275319,1.1435809366558067,0.136206955623486,-0.02681094969901893,-0.026229327364897935,-0.35260377973023777,326.0444641432164,449.56356913349515,6.467819220953015,292.4364325725775,224.15310909866528,27.655707200134756,168.74150507090695,85.1529285392559,51.92347257516977,8.131659596761976,25.213607983475004
54783859,90.481000,0.000000,0.000000,1023.39,1024.55,1025.92,1025.89,0.28,-0.0,1.0,1.0,1.0,1.0,1400.32,0.08151886186335305,1.1386200180834893,0.1448358881570358,-0.06167027499737749,-0.06771759582753906,-0.2731381929750299,326.0547021947813,449.58811537209095,6.451214672501453,290.22931029563756,224.6250302768858,28.429991401741155,165.56869317905745,86.25232571764687,51.08384336355684,9.04837792685672,23.91908152203007
54783958,90.581000,0.000000,0.000000,1023.44,1024.6,1025.86,1025.85,0.51,-0.0,1.0,1.0,1.0,1.0,1400.32,0.09685452324878825,1.1302051527805625,0.15489091502964203,-0.09537010243744924,-0.04397340916848519,-0.23882888074840505,326.0442003162454,449.614021168006,6.487951329815921,288.0004284638219,225.2561714899028,29.26954729662848,162.2193055470705,88.0447012431691,50.77923796070765,9.623952303717097,23.263436894702757
54784058,90.681000,0.000000,0.000000,1023.47,1024.54,1025.75,1025.88,0.8,-0.0,1.0,1.0,1.0,1.0,1400.38,0.11308003865513738,1.1186461170740583,0.1609627548606161,-0.1232393232488253,0.10303516038542583,-0.32000501762772465,326.05771245937177,449.57665178610176,6.463016298848594,286.3890750830997,225.58630777350942,29.992217350631694,160.25479569413602,88.74984073888768,49.98379646787255,10.042936494975423,22.583632106948205
54784158,90.781000,0.000000,0.000000,1023.44,1024.46,1025.76,1025.9,1.14,-0.0,1.0,1.0,1.0,1.0,1400.36,0.11725458318816193,1.1153113704878312,0.1676128615453824,-0.13389398853561552,0.26700958684184317,-0.4277973137906061,326.0483127760765,449.5869022391614,6.463270330990057,285.5234360787123,225.73224585519284,30.336163764391806,159.2663749814818,88.94996079361951,51.70392502117325,10.261242070833127,22.186112009904264
54784258,90.880000,0.000000,0.000000,1023.63,1024.49,1025.62,1025.91,1.51,-0.0,1.0,1.0,1.0,1.0,1400.32,0.14749160945515666,1.0875743662916542,0.1776948861549835,-0.17707724589944931,-0.46278072409149573,0.26893632333925294,326.0409989786778,449.5477348917812,6.481813875727471,283.12213440021065,226.31286680059384,30.960430813944214,156.37657592031385,89.62221506182362,51.88456927780427,10.882824800240751,21.07237954378764
54784358,90.985000,0.000000,0.000000,1023.67,1024.45,1025.48,1026.05,1.51,-0.0,1.0,1.0,1.0,1.0,1400.42,0.16086344291456606,1.0735901914487078,0.20217018604929424,-0.21621762406337186,0.3719592737875866,-0.6025740175352419,326.0419115094117,449.55006734672554,6.459223984609975,281.96345418103914,226.59740251634207,31.497939429507582,154.40266607173706,90.97394485183267,49.78273369372272,11.183341745417268,20.87860470892451
54784458,91.081000,0.000000,0.000000,1023.61,1024.41,1025.59,1026.11,1.93,-0.0,1.0,1.0,1.0,1.0,1400.34,0.17442204568977684,1.058517303671383,0.18003822376317785,-0.20368347804061776,-0.04970243863873682,-0.08224944640036339,326.04542152707165,449.551641740234,6.49145317154557,281.0126837486697,226.9136624885096,31.892378227881288,152.82638984885162,92.26332369486865,50.13339534301579,11.434875873523445,20.72143455416534
54784558,91.180000,0.000000,0.000000,1023.66,1024.45,1025.55,1026.11,2.42,-0.0,1.0,1.0,1.0,1.0,1400.29,0.20180221604468496,1.0259820152707861,0.19554622472196467,-0.2311026676281198,0.7916428538869017,-1.0550333881923415,326.04139180623395,449.6157782308746,6.478579166806606,279.89917935459255,227.27398740478077,32.40056035189253,151.02349335864994,92.9872686338963,50.5309484050389,11.724075149149112,20.373924378573705
54784659,91.280000,0.000000,0.000000,1023.66,1024.39,1025.53,1026.1,3.68,-0.0,1.0,1.0,1.0,1.0,1400.26,0.2200606987099642,1.003057993062876,0.18593159492012554,-0.23014623196961526,0.1807029329505628,-0.3208605369198992,326.05570188338567,449.68818295288554,6.498356085331685,278.7034193770793,227.791693266395,33.05650383583689,148.65485110797286,93.79302363646772,50.4530753493744,12.04612274224788,20.05068342028122
54784758,91.381000,0.000000,0.000000,1023.61,1024.48,1025.57,1025.96,4.46,0.0,1.0,1.0,1.0,1.0,1400.34,0.23819109895878982,0.9795393421810369,0.1843582503234366,-0.2365438743622006,0.19637648455207637,-0.32801904557951855,326.0598248781337,449.65385588674417,6.496617000001387,277.15983768221054,228.34209242358963,33.577876156552925,146.11683210891312,95.25263900703298,50.643168276204726,12.459610939364346,19.63687024727055
54784858,91.480000,0.000000,0.000000,1023.64,1024.53,1025.57,1025.98,5.31,-0.0,1.0,1.0,1.0,1.0,1400.35,0.2426950147845285,0.9736000609091439,0.1798503007873392,-0.23716729276026752,0.05722956628843511,-0.13230403999847298,326.05316005200905,449.67790527473875,6.4890822212458295,275.6557383649386,228.77450796326036,34.221396505260515,143.7518483297679,96.54859602873447,50.657667539292845,12.851635998971457,19.22687414056685
54784959,91.580000,0.000000,0.000000,1023.69,1024.39,1025.57,1026.08,6.23,0.0,1.0,1.0,1.0,1.0,1400.34,0.2738594437990812,0.9316831967859828,0.17994086755065258,-0.24224269144458907,1.0013890537146257,-1.387145380045249,326.0606519258369,449.66192534253673,6.495261473293106,274.7493874631792,229.0860427223095,34.628591397386856,141.51360483779143,97.86436507840659,50.873533003311515,13.095477938718325,19.24539968503501
54785060,91.683000,0.000000,0.000000,1023.62,1024.35,1025.47,1026.15,7.18,0.0,1.0,1.0,1.0,1.0,1400.33,0.27825402297672336,0.9256902803563289,0.20459627334151517,-0.2790092790209274,1.3368095666560615,-1.845385244253912,326.0656430391975,449.70933842306096,6.502103244544295,273.2263090896498,229.56637560743312,35.18998854764733,138.8456783574245,99.2798120248342,51.311871014452045,13.496969360286991,18.892283927244574
54785160,91.782000,0.000000,0.000000,1023.7,1024.4,1025.38,1026.2,7.53,0.0,1.0,1.0,1.0,1.0,1400.3,0.3084721527102632,0.8843235645037049,0.16863634117081655,-0.23076277898204497,-1.0646566160702846,1.467488484044005,326.06063517217405,449.72887390417696,6.492241279781751,272.26064074652294,229.8736310223905,35.335573127669896,136.3139779521225,101.08564145696427,51.883277162108946,13.750432449276975,19.048089238500303
54785261,91.882000,0.000000,0.000000,1023.65,1024.45,1025.36,1026.17,7.53,0.0,1.0,1.0,1.0,1.0,1400.24,0.32110948526133093,0.8670951454691271,0.17116586154170577,-0.23272541616096717,0.014023959746128871,0.008914609178358852,326.0609761409415,449.7190238893966,6.482942912456471,271.4649468354679,230.2178785284655,35.921291365914776,133.87696311580532,103.42491443739016,52.80490165968576,13.96761712711047,19.402928490941992
54785361,91.983000,0.000000,0.000000,1023.72,1024.41,1025.46,1026.16,7.46,0.0,1.0,1.0,1.0,1.0,1400.35,0.34164992023603746,0.8395785612100932,0.16015217711967855,-0.21179721050384775,-0.1901026194816248,0.31440292098330336,326.0067899003375,449.6651463420413,6.569664024719375,270.5341202200333,230.62652920592106,36.24339616038699,131.61385803869695,105.45258338179157,53.30117005208505,14.211646882595083,19.556308808246094
54785461,92.084000,0.000000,0.000000,1023.69,1024.41,1025.34,1026.05,7.36,0.0,1.0,1.0,1.0,1.0,1400.41,0.3575621642775717,0.8189759430070775,0.15634660543578646,-0.19966550923074075,-0.13971037161948277,0.2564673635621543,326.0508361306532,449.67259125958,6.491908625248624,269.3891968814941,231.08213584871896,36.89655258499413,129.18824001505132,107.47355520752988,53.96990717316439,14.532008741342413,19.53487641154168
54785561,92.183000,0.000000,0.000000,1023.7,1024.32,1025.51,1026.02,7.18,0.0,1.0,1.0,1.0,1.0,1400.25,0.36919675036130983,0.804420837510107,0.17160685415115118,-0.21244510482464643,0.7862213576754176,-0.8846443627129755,326.0098396562648,449.6814969769221,6.59756696115672,267.78538140985756,231.68126109593,37.328240046267304,126.52451580774779,108.85631078581712,53.89663553351826,14.953759237394463,19.08583944731377
54785661,92.283000,0.000000,0.000000,1023.72,1024.39,1025.44,1026.12,6.94,0.0,1.0,1.0,1.0,1.0,1400.28,0.3843424725025125,0.7861374089890911,0.1530028626646177,-0.18192279304771566,0.11791567271769093,-0.06735346836343933,326.0585452372612,449.7466765271098,6.516139792319003,266.13739303410443,232.23717086881283,37.66919452835917,123.92774117005706,110.08724360174008,53.9102347746538,15.402216437170026,18.53488121112906
54785761,92.383000,0.000000,0.000000,1023.72,1024.34,1025.5,1026.06,6.65,0.0,1.0,1.0,1.0,1.0,1400.34,0.40280123353815944,0.7647808035381392,0.14431866909911126,-0.16412993493667669,-0.17917508689650227,0.2585516493641279,326.0640961850357,449.7914270426057,6.5060516937053,264.5650783826899,232.8015309761815,38.1073973267447,121.57604451332885,111.32703289552711,53.94137090309477,15.823727278934209,18.003407824852193
54785862,92.484000,0.000000,0.000000,1023.7,1024.51,1025.59,1025.98,6.32,0.0,1.0,1.0,1.0,1.0,1400.37,0.41367075890936916,0.7526142423305182,0.14676255663905072,-0.16293643824137544,0.05346911539375194,-0.005006300172954903,326.0105177583854,449.69999760281354,6.617503563512559,263.58867218298894,233.20499952515536,38.48567268026408,119.59874955263696,112.81785936705155,54.29095710160802,16.0838200380661,17.93402799194277
54785961,92.584000,0.000000,0.000000,1023.76,1024.34,1025.22,1026.04,5.94,0.0,1.0,1.0,1.0,1.0,1400.34,0.4314344707747818,0.7334025247862398,0.13881204390855137,-0.14737234301153398,-0.13098551895272031,0.1951937453463049,326.0588061323364,449.76605474479936,6.509329051134956,262.65020266569286,233.60910800159942,38.88789734241485,117.93208176611166,114.37149555096497,54.55177731722494,16.34879775689181,17.81626814734817
54786061,92.683000,0.000000,0.000000,1023.7,1024.36,1025.51,1026.13,5.52,0.0,1.0,1.0,1.0,1.0,1400.33,0.4452947689348319,0.7190279190739705,0.13676860826944598,-0.13983374991421535,-0.32178116974508564,0.38472547292008086,326.06263971901404,449.73760494304446,6.502466903589383,261.8465255347212,233.9128817333475,39.31024843005786,116.69865784270073,115.75988196201578,55.06774957087294,16.56975590044485,17.71427316203868
54786162,92.784000,0.000000,0.000000,1023.8,1024.41,1025.46,1026.1,5.03,0.0,1.0,1.0,1.0,1.0,1400.23,0.4588035494874424,0.70553944977999,0.13625076238173336,-0.13407108747002205,-0.15635367984144619,0.20836665152591718,326.0612551717954,449.76503566183516,6.496188733496217,260.8359984732623,234.38542914490415,39.67919507423273,114.95710364145124,117.11498853670561,55.060343627898604,16.848337800090068,17.50790539400107
54786262,92.884000,0.000000,0.000000,1023.59,1024.44,1025.48,1026.15,3.76,0.0,1.0,1.0,1.0,1.0,1400.38,0.47196575407021,0.692894592848282,0.1316670055455543,-0.12465766332968711,0.12236260885434676,-0.06812687442447235,326.05931067011494,449.7540766205679,6.519669599059086,259.812279620916,234.75692232278183,39.97677582031456,113.1436926797645,118.38780198110003,55.29542838504183,17.12562492262621,17.31972334233315
54786362,92.984000,0.000000,0.000000,1023.69,1024.32,1025.44,1026.08,2.99,0.0,1.0,1.0,1.0,1.0,1400.28,0.48478033667751275,0.6810474042825325,0.1297409629366583,-0.11825861512079669,-0.33553760022418655,0.3530922543125436,326.0529454465025,449.72993440906845,6.524114863896321,259.0372687543891,235.05967648612528,40.285268947103454,111.93733090586916,119.00272036545957,55.32252452940879,17.337299129515582,17.053136892550718
54786462,93.084000,0.000000,0.000000,1023.67,1024.34,1025.48,1026.04,2.14,-0.0,1.0,1.0,1.0,1.0,1400.36,0.4972363329151937,0.6699098989375152,0.12321596883833259,-0.10903018343109368,-0.043222332888959575,0.06691507964478141,326.0530573548187,449.72155582994645,6.528689977757964,258.2192413833085,235.36865038572205,40.425186459979145,110.87783641470068,119.57661247517846,55.24074787466855,17.56042221522642,16.716209246053246
54786563,93.184000,0.000000,0.000000,1023.64,1024.35,1025.5,1026.09,1.21,-0.0,1.0,1.0,1.0,1.0,1400.42,0.5093176121031895,0.659376238578103,0.11925433926791484,-0.10301153583886917,-0.036010516359856144,0.05788113988619358,326.05250019314417,449.70973995521365,6.537915430654788,257.92512348245253,235.5532251831548,40.83794688709649,109.87609516835103,120.35815588583291,55.320760783331906,17.64688507755692,16.82019786554369
54786664,93.284000,0.000000,0.000000,1023.76,1024.29,1025.52,1026.1,0.27,-0.0,1.0,1.0,1.0,1.0,1400.32,0.5209726616164172,0.6494989850549447,0.11492737172969415,-0.09616224641736466,-0.052261875287629614,0.07804005424773454,326.0552132734858,449.73219415640074,6.491001998362988,257.6444934356809,235.81905274876323,41.19714728908054,108.9474069563418,121.371746354963,55.61341805252543,17.734591502295284,16.946509657634948
54786764,93.385000,0.000000,0.000000,1023.7,1024.28,1025.47,1026.09,-0.1,-0.0,1.0,1.0,1.0,1.0,1400.43,0.5321430958379653,0.6403792135521366,0.10654175418443301,-0.08561152639263765,-0.12440221088048016,0.13901091681443303,326.05212311867444,449.72030401824105,6.523507910135632,257.3765861751227,235.88453860628715,41.15385539254536,108.3812619020953,121.97393732583559,55.914447136890374,17.8049511008334,16.9912932321565
54786863,93.486000,0.000000,0.000000,1023.8,1024.22,1025.54,1026.09,-0.12,-0.0,1.0,1.0,1.0,1.0,1400.45,0.5427807161586449,0.6320658854096528,0.10419371913400838,-0.0799627653226338,-0.0753923086464108,0.09824466994377504,326.05277559584584,449.7088823196731,6.493540788176854,257.1661662515707,235.9272481432764,41.503892472111914,107.91236482260106,122.82373390855281,56.152308487400305,17.860437903403838,17.12452310208132
54786963,93.587000,0.000000,0.000000,1023.88,1024.35,1025.5,1026.16,-0.12,-0.0,1.0,1.0,1.0,1.0,1400.32,0.5528505707774222,0.624597381089161,0.09733789240102647,-0.07060059923896922,-0.5136261891386419,0.41998494602019826,326.05036203174296,449.69702602516855,6.517637519137535,257.0603832173169,236.06219611935694,41.53483413098303,107.637409409548,123.5392251634239,56.27641108191028,17.897039226759336,17.224346047167003
54787063,93.686000,0.000000,0.000000,1023.7,1024.27,1025.46,1026.14,-0.11,-0.0,1.0,1.0,1.0,1.0,1400.31,0.5623129711105118,0.6179949221364068,0.09246076439017206,-0.06291915743641918,0.0843807367807499,-0.01597701507469134,326.04586443207774,449.6485369629279,6.509761517875897,257.0115950279349,236.1030979705897,41.501620146731476,107.61163895216579,123.77915488568844,56.681897672376344,17.914812552218763,17.23329069278997
54787164,93.785000,0.000000,0.000000,1023.73,1024.25,1025.35,1026.22,-0.12,-0.0,1.0,1.0,1.0,1.0,1400.34,0.5689945398399227,0.6135946136546665,0.08988424277298239,-0.05825139806791505,0.061110717135007916,-0.002851807700321407,326.0504980847614,449.6746708057308,6.5154949299437535,256.7958646855618,236.07996413750456,41.36372147715372,107.5519507471869,123.72947851102359,56.42141651829413,17.96444902144347,17.098749738771858
54787264,93.887000,0.000000,0.000000,1023.88,1024.36,1025.46,1026.19,-0.11,-0.0,1.0,1.0,1.0,1.0,1400.3,0.5773481488356246,0.6083785773935751,0.0794793248102636,-0.04849296944954802,-0.41544937236144497,0.2863037251304945,326.0546960705915,449.70762798267833,6.526341350503596,256.8418267209883,236.108820292145,41.5481810930276,107.30380105931789,123.65219886637867,56.270824727628145,17.95398854957389,17.147871665936876
54787365,93.987000,0.000000,0.000000,1023.88,1024.28,1025.49,1026.25,-0.1,-0.0,1.0,1.0,1.0,1.0,1400.39,0.5868806199677215,0.6028431857169266,0.07529078646698843,-0.041996722347331615,0.01936590819011781,0.026283448120828976,326.04882229985805,449.7189047197635,6.509760324476205,257.00198331008346,236.13480152832247,41.529558049426925,107.13019846043099,123.69234234143293,56.09929685048124,17.91482963858166,17.290994912228705
54787464,94.087000,0.000000,0.000000,1023.83,1024.24,1025.45,1026.21,-0.1,-0.0,1.0,1.0,1.0,1.0,1400.31,0.5920975925700086,0.6000583604749262,0.07333308412200937,-0.03823478152525225,0.12040325250576044,-0.025360094722451296,326.0060906984905,449.6583475581043,6.619671652769176,256.5216342251424,236.14209693865038,41.320692366270926,107.15472246209757,123.39221121494933,56.15542624916475,18.02640904568199,16.899785236813194
54787564,94.190000,0.000000,0.000000,1023.83,1024.21,1025.32,1026.13,-0.1,0.0,1.0,1.0,1.0,1.0,1400.32,0.5999897524951031,0.5961410641844221,0.05921160367163713,-0.02870148709858478,-0.11708350107960414,0.06922493847857876,326.053526720599,449.73683864122745,6.528646220821305,256.526650281965,236.17173949759933,41.31816661407258,107.03779598850124,123.47890829302949,56.17949975187994,18.032843107278342,16.923339130065216
54787664,94.286000,0.000000,0.000000,1023.86,1024.26,1025.43,1026.17,-0.09,-0.0,1.0,1.0,1.0,1.0,1400.3,0.6056389220476802,0.5934775392521171,0.05260274019740457,-0.02440409473452982,-0.11550157059728677,0.06366844158214291,326.047367940784,449.7117967647054,6.5229828281147215,256.4330234315093,236.1725802760144,41.3629189660419,106.91553834827928,123.44145444548731,56.126018447193346,18.056104241839773,16.872733796405534
54787764,94.386000,0.000000,0.000000,1023.84,1024.18,1025.43,1026.18,-0.09,-0.0,1.0,1.0,1.0,1.0,1400.27,0.6095030325238996,0.5917232987301017,0.05242906541783279,-0.023515880992115844,0.15723726336966515,-0.059369576469118335,326.0517433613704,449.6693684244551,6.516391194848292,256.56616933114805,236.08755674959963,41.36490532040767,107.13958589831958,123.57533164566118,56.011270030697624,18.021504602222716,16.978709859849978
54787864,94.486000,0.000000,0.000000,1023.88,1024.23,1025.51,1026.13,-0.09,-0.0,1.0,1.0,1.0,1.0,1400.28,0.6152445591238271,0.5892727418366368,0.04323807494141471,-0.01768046098445659,-0.15573457368142615,0.08135625142976545,326.0462582980191,449.6625804334994,6.526753994429514,256.6911818461948,236.03837043363006,41.355815316152324,107.40566710514712,123.6884066346541,56.38290286344418,17.98650162423012,17.06244497734648
54787965,94.587000,0.000000,0.000000,1023.89,1024.14,1025.47,1026.21,-0.09,-0.0,1.0,1.0,1.0,1.0,1400.25,0.6192141029665805,0.5877670239793532,0.037607580810505636,-0.013411396412914209,-0.07249454705984944,0.0512656937794073,326.00292865583543,449.606102968962,6.621100462533056,256.8852541811331,236.10257013711637,41.48500362283948,107.32061797155576,123.98726604841539,56.305561234084045,17.93836572358613,17.26763607001024
54788064,94.687000,0.000000,0.000000,1023.9,1024.2,1025.42,1026.18,-0.09,-0.0,1.0,1.0,1.0,1.0,1400.26,0.6226435721091148,0.5866963219287338,0.03197463065740648,-0.00910223997569633,-0.1590480458242936,0.06985179702490069,326.0377057226914,449.6343395842024,6.5238388300939585,256.94274907566063,236.04914704077117,41.38697608437112,107.85556698865237,123.62252367735908,56.398609389052744,17.926429918101217,17.127199090325377
54788164,94.787000,0.000000,0.000000,1023.94,1024.2,1025.38,1026.16,-0.09,-0.01,1.0,1.0,1.0,1.0,1400.36,0.6255584595372449,0.5859745567269915,0.027033379303132644,-0.006103239692591385,-0.06972500131835227,0.031040497485568187,326.04318858927866,449.630602940489,6.517802233353748,257.1162377223999,235.821618857223,41.16623803723192,108.8883737866141,123.03721592053546,55.8897258476144,17.86809175133327,16.99684356523143
54788264,94.886000,0.000000,0.000000,1023.88,1024.15,1025.29,1026.37,-0.09,-0.01,1.0,1.0,1.0,1.0,1400.33,0.6279696464795745,0.5854986205869728,0.021987235977857823,-0.003904810311363438,-0.0694889372360403,0.025149482499227216,326.04294396670537,449.63496952878427,6.531294380829587,257.8468661495464,235.43904021970658,40.67102851436793,110.29494146560596,121.82636558898126,55.778142510048305,17.660526487926823,17.08323836184711
54788364,94.986000,0.000000,0.000000,1023.9,1024.14,1025.41,1026.29,-0.09,-0.01,1.0,1.0,1.0,1.0,1400.31,0.6298288013374554,0.5852636391055039,0.016147596115029698,-0.0012335475454385435,-0.07640772606577981,0.032886575981695663,326.0421198511776,449.6315338086432,6.530162574510966,259.2518517558728,234.80999535222875,40.11156878683917,112.55115655494143,120.12426968741764,55.78075657622204,17.271017016080748,17.44085234980588
54788464,95.094000,0.000000,0.000000,1024.0,1024.12,1025.36,1026.39,-0.09,-0.01,1.0,1.0,1.0,1.0,1400.19,0.6310210373710646,0.5853810138759235,0.009057884385452913,0.002746898889953139,-0.08166421806496053,0.04311096927329031,326.03832442156755,449.64529315228475,6.515685645980957,260.7765034192876,234.16601253820966,39.634741472699,114.97943374037217,118.52044551919023,55.494830683365784,16.849891502891655,17.878927174363525
54788565,95.186000,0.000000,0.000000,1023.96,1024.06,1025.35,1026.33,-0.09,-0.0,1.0,1.0,1.0,1.0,1400.33,0.6314131005565377,0.586030935884874,0.0005427469037476373,0.009057030114923672,-0.093383164989876,0.06811123583497937,326.0378661230532,449.6157736314065,6.499819896396556,263.0364448441405,233.29817409093778,39.10221062564742,117.96054300976259,116.55947792494382,55.509612042457746,16.237937075689707,18.701422908114367
54788664,95.287000,0.000000,0.000000,1024.12,1023.92,1025.33,1026.42,-0.08,-0.0,1.0,1.0,1.0,1.0,1400.3,0.6308420310687882,0.5874903753287144,-0.009568069914628302,0.017937954848666695,-0.10053675739282941,0.08329347114526729,326.03671442487536,449.57879054697,6.496733383394268,265.22666644093056,232.3664771097036,38.23334111835533,121.34026836618312,114.5102055013291,55.2100145030548,15.639947235713478,19.399456840873434
54788764,95.386000,0.000000,0.000000,1024.01,1023.95,1025.31,1026.31,-0.08,-0.01,1.0,1.0,1.0,1.0,1400.28,0.6291746097347577,0.5899498072112911,-0.020822843985648973,0.02837604052760915,-0.09957615806322884,0.08499768098139694,326.0431707897775,449.5949829723199,6.493460140469744,267.29983136542506,231.51570977901233,37.37731153655346,124.91247970775333,112.46536244670429,55.27822599415096,15.075760880261459,19.94941561992409
54788865,95.486000,0.000000,0.000000,1024.09,1023.94,1025.22,1026.41,-0.09,-0.01,1.0,1.0,1.0,1.0,1400.26,0.6263262912892625,0.593506428383917,-0.03256435024491738,0.03919395295580715,-0.09801878060773797,0.08342511136626307,326.04923370583094,449.6220908901837,6.488435309429806,270.67473917800373,230.31896837554137,35.8109876476941,130.1422960024827,108.57611162067526,55.334930994193286,14.171089581179706,20.755529885303904
54788965,95.592000,0.000000,0.000000,1024.13,1023.88,1025.0,1026.54,-0.09,-0.01,1.0,1.0,1.0,1.0,1400.21,0.6222100048277975,0.5982216285215517,-0.045974316196379664,0.05148786301055014,-0.11795448606925903,0.10391827739847907,326.0408680345451,449.6321815717913,6.497636985759069,272.01755418791475,229.8022400973643,35.36791251785239,132.1935664620609,106.87267512065488,55.124051406861035,13.80685815079657,21.06520060077747
54789065,95.691000,0.000000,0.000000,1024.26,1023.91,1025.14,1026.5,-0.09,-0.01,1.0,1.0,1.0,1.0,1400.27,0.6167613403513278,0.6041369896061338,-0.059311035719275,0.06345895828606937,-0.10793936524908683,0.0932177874404412,326.0405597506885,449.58803851125526,6.498938279032691,275.32664904871444,228.6939108167164,34.15642859784441,137.16967977152197,103.73686755993415,54.72816586618573,12.927680879296613,22.016649904462106
54789165,95.787000,0.000000,0.000000,1024.27,1023.75,1025.25,1026.36,-0.08,-0.01,1.0,1.0,1.0,1.0,1400.28,0.6098598450683091,0.6114022863258001,-0.07459530931787271,0.07796361868270386,-0.13248337724795,0.12513271264143006,326.0422393357575,449.57370691559754,6.4842864223987755,278.696079168405,227.70967418755768,33.09668874833401,142.70000524078813,101.14647282661569,54.517290756363636,12.046321308072853,22.964917286512883
54789265,95.889000,0.000000,0.000000,1024.17,1023.85,1025.24,1026.29,-0.08,-0.01,1.0,1.0,1.0,1.0,1400.33,0.6014268036273103,0.6201425123624931,-0.0888244817940957,0.09167056713911216,-0.1386480607591758,0.13353697747570717,326.04150712716364,449.52921576949177,6.478495165881474,281.5039108698764,226.7971202757601,32.08334552674697,147.95606106142372,98.48817843232528,54.36408532359787,11.307260346563616,23.5316297426763
54789366,95.989000,0.000000,0.000000,1024.28,1023.74,1025.36,1026.23,-0.08,-0.01,1.0,1.0,1.0,1.0,1400.22,0.5914740832802109,0.630289748483361,-0.10597474863832541,0.10697862115550297,-0.1687922202201761,0.1384555159479861,326.03719385914786,449.5380374931954,6.487935054189429,284.1808999556788,226.0410877089061,30.772005655034373,153.24648504797187,95.38549384114683,53.69981161212957,10.610742772806882,23.839584305079352
54789466,96.089000,0.000000,0.000000,1024.17,1023.78,1025.39,1026.31,-0.08,-0.01,1.0,1.0,1.0,1.0,1400.21,0.5799434916157464,0.6416745130448946,-0.1207416861891073,0.11724159397886201,-0.16120376976273118,0.09640252764489242,326.04571899324407,449.4915127184231,6.472175390772794,286.8543126907145,225.28268310398207,29.750772486462886,159.4962210369082,91.16650078789367,52.381422139043565,9.915052806537647,23.68935146506345
54789568,96.189000,0.000000,0.000000,1024.27,1023.69,1025.35,1026.32,-0.08,-0.01,1.0,1.0,1.0,1.0,1400.25,0.5669152000940989,0.6538541242360171,-0.13565134683310015,0.12345320955975328,-0.13990650310064545,0.029289498593857082,326.03429773643455,449.43310303072246,6.454575324396429,290.0621373450157,224.20947731595848,27.656016602509368,169.02860689793226,85.11885184333471,50.43513075874469,9.074495664423614,22.880065253521305
54789671,96.293000,0.000000,0.000000,1024.43,1023.68,1025.48,1026.23,-0.08,-0.01,1.0,1.0,1.0,1.0,1400.29,0.5525238036487681,0.6662832650524477,-0.1484839477748346,0.1239822105593232,-0.1319094769978998,-0.00710877537000017,326.04279610813956,449.41255216098364,6.445019520101057,291.34506900589736,223.91853732793302,26.92320974124658,172.05443404609622,83.38524150528175,49.7204787855672,8.747735990546419,22.83054068433246
54789771,96.392000,0.000000,0.000000,1024.36,1023.66,1025.43,1026.23,-0.08,-0.01,1.0,1.0,1.0,1.0,1400.37,0.5369320314265036,0.6785886492898874,-0.1611450262145067,0.12306950150644634,-0.06010932038646877,-0.06482038428451646,326.038924547541,449.4173761338778,6.445879362488142,294.38349793516625,223.26916847878144,25.559100428876516,178.4890878253076,79.85248288752098,48.84171177337071,7.9682878403278385,23.004953539853503
54789871,96.493000,0.000000,0.000000,1024.52,1023.59,1025.47,1026.22,-0.08,-0.01,1.0,1.0,1.0,1.0,1400.41,0.5202867868957975,0.690639223341348,-0.16872122536214654,0.11859552209480118,-0.3213363391498928,0.1411794134564406,326.04343400038016,449.40568984556126,6.428000037000333,300.9949052558951,222.10711773982956,23.39157226763399,182.01253602358784,78.35468623206104,48.5813385115824,7.451682994912167,23.461913530429445
54789971,96.593000,0.000000,0.000000,1024.46,1023.53,1025.53,1026.13,-0.08,-0.01,1.0,1.0,1.0,1.0,1400.31,0.5026458254487887,0.7025357530558657,-0.1860372479134642,0.12260392629077206,-0.3737174767879753,0.17384871021472717,326.05362428278687,449.414135787387,6.421452100600786,303.336192247808,221.81084377843703,22.6662897943769,182.01253602358784,78.35468623206104,48.5813385115824,7.451682994912167,23.461913530429445
54790071,96.696000,0.000000,0.000000,1024.36,1023.58,1025.66,1026.0,-0.08,-0.01,1.0,1.0,1.0,1.0,1400.18,0.49356382116425235,0.7083972272764125,-0.1490486040118401,0.09554786971012878,0.682879781869396,-0.4862041318123721,326.03535867083235,449.27486527857184,6.43787401817527,308.0251870884315,221.07605255720637,20.705062022988802,182.01253602358784,78.35468623206104,48.5813385115824,7.451682994912167,23.461913530429445
54790172,96.793000,0.000000,0.000000,1024.21,1023.71,1025.89,1025.66,-0.08,-0.01,1.0,1.0,1.0,1.0,1400.25,0.47047496025351093,0.7226654462985025,-0.18828216467888892,0.11370951065151182,-0.9773770637235206,0.5456720239679113,326.0409637761469,449.2394587468113,6.436239981470087,309.76447274138724,220.78173413169372,19.964515990871607,182.01253602358784,78.35468623206104,48.5813385115824,7.451682994912167,23.461913530429445
54790271,96.892000,0.000000,0.000000,1024.16,1023.66,1026.07,1025.53,-0.08,-0.01,1.0,1.0,1.0,1.0,1400.2,0.45194384748163713,0.7335732767900568,-0.18454367849499226,0.10702148688241751,0.10476900816155635,-0.10287327592751265,326.0338788141315,449.3189412076867,6.426912365976115,311.1853306395551,220.551130379314,18.711971749951218,182.01253602358784,78.35468623206104,48.5813385115824,7.451682994912167,23.461913530429445
54790371,96.995000,0.000000,0.000000,1024.29,1023.89,1026.4,1025.33,-0.08,-0.01,1.0,1.0,1.0,1.0,1400.32,0.4336260758200652,0.7439015220423421,-0.18051205836018622,0.09877932251361302,0.22363590701882471,-0.24762430127767351,326.0338432358704,449.3371181091796,6.433339427235781,311.5211099614264,220.51199150367773,18.173953274432762,232.26044637692507,51.628995428006725,31.0367347700722,3.6289989070219555,17.883744409973996
54790471,97.093000,0.000000,0.000000,1024.18,1023.91,1026.77,1025.08,-0.08,-0.01,1.0,1.0,1.0,1.0,1400.3,0.414589453780517,0.7520774738895997,-0.19409686704519966,0.06844200763849155,-0.054493780846934466,-0.38473426384189635,326.0429658452696,449.31582605464024,6.4425051740468815,312.83852982761755,220.33585361012945,17.49324263439268,239.50981131395915,48.23736034265324,27.7312076601506,3.3003825376795723,16.47739865120184
54790571,97.203000,0.000000,0.000000,1024.17,1023.91,1026.93,1025.01,-0.07,-0.01,1.0,1.0,1.0,1.0,1400.15,0.39440826962692466,0.7566969931256191,-0.20356946519087074,0.031787574877169246,0.5794491573664139,-0.5194835669808704,326.03846717350035,449.3037768706385,6.432995284427678,313.8784946576378,220.1961714545665,16.449906567514514,243.33063499657803,46.48052790683607,26.036968659317548,3.1819662810171683,15.564848571142115
54790671,97.294000,0.000000,0.000000,1024.27,1023.9,1027.27,1024.79,-0.07,-0.01,1.0,1.0,1.0,1.0,1400.21,0.37343661145574447,0.7575937703545031,-0.21174871477658613,-0.004116248659087418,0.01756462158331923,-0.34001246537082547,326.05802852386057,449.21335062061496,6.443705105848871,315.44154342039934,219.94464102257797,15.35877122864094,243.33063499657803,46.48052790683607,26.036968659317548,3.1819662810171683,15.564848571142115
54790771,97.395000,0.000000,0.000000,1024.18,1023.96,1027.4,1024.76,-0.07,-0.01,1.0,1.0,1.0,1.0,1400.38,0.35208808145843734,0.7552479823737135,-0.21330992074896027,-0.03423386993021013,0.06684334043018265,-0.2696045160801956,326.03734067434874,449.2768284542618,6.474995835486463,316.9375344123492,219.84842611778183,14.73030950706428,243.33063499657803,46.48052790683607,26.036968659317548,3.1819662810171683,15.564848571142115
54790872,97.494000,0.000000,0.000000,1024.15,1023.97,1027.48,1024.66,-0.07,-0.01,1.0,1.0,1.0,1.0,1400.33,0.3306879451473607,0.749996374860006,-0.20069451441856803,-0.0621459622044261,-0.788437663572293,-0.5887324168698442,326.04075784597455,449.22650438756807,6.4555405603463045,318.00219176291887,219.67418508702897,13.692654650081005,274.3718744164109,36.309015199897274,13.40571097914948,2.0055897622319394,9.37302151882933
54790971,97.597000,0.000000,0.000000,1023.99,1023.94,1027.52,1024.61,-0.07,-0.01,1.0,1.0,1.0,1.0,1400.3,0.3091420678086056,0.7402578870772243,-0.2599584183844,-0.1388867018037029,-1.8443183090404622,-1.5558364700438747,326.0470494112288,449.2304692470277,6.436878052631445,318.3224387815468,219.64710856730042,13.45080003119543,277.87147397036915,35.398486711519354,11.849545723135959,1.9270590275982857,8.528462038135451
54791072,97.693000,0.000000,0.000000,1024.2,1023.93,1027.28,1024.79,-0.07,-0.01,1.0,1.0,1.0,1.0,1400.32,0.2929887780882192,0.729897488820217,-0.17789906019066198,-0.1239830188210186,0.09003337071255303,-0.2729687353546847,326.04783309813,449.233392396847,6.475515308664066,319.6804837976899,219.53121691387844,12.305408949789024,289.4092646237799,32.90719319097457,6.907632002652154,1.5878336406801146,6.0377117152605715
54791171,97.794000,0.000000,0.000000,1024.03,1024.05,1027.06,1024.92,-0.08,-0.01,1.0,1.0,1.0,1.0,1400.33,0.2716197920188292,0.7119487515201005,-0.21013331337613667,-0.19477500083416768,-1.3829655991148495,-1.6811544085017824,326.04607092822755,449.25700193520436,6.462999175790656,320.5432923878628,219.52964523076864,11.385885228683012,295.2748824947068,32.1110355350458,4.85116033293565,1.372173129804207,4.9341626629628035
54791271,97.893000,0.000000,0.000000,1023.93,1024.11,1026.78,1025.22,-0.08,-0.01,1.0,1.0,1.0,1.0,1400.19,0.25055419261372724,0.6894172998402185,-0.20883219187546345,-0.2409234908388923,0.021127969864089546,-0.43443139835382316,326.04823634613444,449.1706454382418,6.455100612934425,320.76824760233865,219.43481167891613,11.302827323018565,297.3863763180199,31.816738637411554,4.323220425069652,1.316589657365702,4.470671351194694
54791371,97.993000,0.000000,0.000000,1023.65,1024.44,1026.37,1025.56,-0.08,-0.01,1.0,1.0,1.0,1.0,1400.27,0.22997727803309534,0.6629579441966678,-0.2033765864255516,-0.2772938715429717,0.1098346521473528,-0.26605104257684115,326.06000285822154,449.20523502724063,6.471238069868807,319.5553160210079,219.4919708565806,12.607957953238794,292.51052391140996,32.77994988515256,5.032106095383549,1.6219853076944022,4.99786555540298
54791471,98.093000,0.000000,0.000000,1023.51,1024.52,1025.84,1025.73,-0.08,-0.01,1.0,1.0,1.0,1.0,1400.23,0.21017433278956174,0.6336161202665362,-0.18982992215252512,-0.29448381262344137,0.5221477832703774,0.4506197517416071,326.04603689243737,449.1349560564111,6.466780379906454,316.8722607975293,219.58719631176524,14.005076324872528,292.51052391140996,32.77994988515256,5.032106095383549,1.6219853076944022,4.99786555540298
54791572,98.193000,0.000000,0.000000,1023.43,1024.65,1025.58,1026.06,-0.08,-0.01,1.0,1.0,1.0,1.0,1400.36,0.19141737597193154,0.6024411611965971,-0.18100691953648865,-0.31360300038772077,0.4361379315081173,0.3879189026366089,326.0539770447581,449.1412976484327,6.4942280197316675,315.4976776611517,219.65714192533449,14.63480707653555,279.8602342506583,35.097840094251,8.142955485081231,2.6337562644909385,5.661498354739177
54791671,98.295000,0.000000,0.000000,1023.31,1024.61,1025.41,1026.16,-0.08,-0.01,1.0,1.0,1.0,1.0,1400.22,0.17422521192329543,0.570452904619728,-0.16142456639400427,-0.314022870211498,0.31420962450403134,0.22870508704070824,326.04796321245686,449.1098700539942,6.462786784348443,311.7389110478072,219.96442373199378,16.577687145910474,268.84924182624184,37.751943078239215,11.32848174735956,3.573211490146542,6.098907042793136
54791772,98.394000,0.000000,0.000000,1023.4,1024.61,1025.02,1026.27,-0.08,-0.01,1.0,1.0,1.0,1.0,1400.36,0.1589962633325659,0.5384475414571895,-0.1438110499647973,-0.31725736864451193,0.25428598345176034,0.14277224210088024,326.05660341536696,449.12005920738926,6.474696947630042,309.9138654237127,220.18911619511687,17.587920985330317,262.3519637032847,39.329899359866204,13.491897367455309,4.033453781942716,6.666987525747768
54791872,98.494000,0.000000,0.000000,1023.46,1024.58,1025.03,1026.27,-0.08,-0.01,1.0,1.0,1.0,1.0,1400.3,0.14590395654461258,0.5071183439674618,-0.12181745017197748,-0.3068622080683256,0.2723944921958894,0.25669997144760903,326.0478916129982,449.18900399649743,6.461287492496249,308.60604636178317,220.40720995420622,18.153580516844038,257.23946610235373,40.13594672043827,15.651561222794218,4.359676925155,7.185043969299789
54791972,98.594000,0.000000,0.000000,1023.56,1024.51,1024.96,1026.42,-0.08,-0.0,1.0,1.0,1.0,1.0,1400.35,0.13751055152678943,0.48445388475614526,-0.11850130979744067,-0.331881271511377,-0.3126567947792071,-1.3668507766607165,326.04266132242094,449.23199631224577,6.482035480043109,308.15754450261903,220.52829799016686,18.574507188862636,254.38263133975227,40.670544504199405,17.12547074962509,4.471551566941112,7.7028145366430945
54792071,98.694000,0.000000,0.000000,1023.6,1024.45,1024.59,1026.48,-0.08,-0.01,1.0,1.0,1.0,1.0,1400.23,0.12815097385871058,0.4557486513372958,-0.07171720915669104,-0.23296443925579874,0.13761942022968687,0.14737428548337,326.03779009452705,449.23004787956796,6.49710962898211,308.2182606577916,220.5616715519462,18.777654189397822,251.3968849118877,41.8203820536131,16.168854567336123,4.455905279761398,8.723510110577642
54792171,98.793000,0.000000,0.000000,1023.71,1024.34,1024.42,1026.77,-0.08,-0.01,1.0,1.0,1.0,1.0,1400.29,0.12071461262232254,0.42932013778500056,-0.06690810652531226,-0.2516639487704934,-0.2686607011223254,-1.3312439466492645,326.040412191975,449.2649640327826,6.473722916872419,308.22022551940415,220.61118667905885,18.91397057310823,247.968894410525,42.98295068444723,21.37400933639043,4.4563523274584,9.82418340829817
54792272,98.901000,0.000000,0.000000,1023.84,1024.38,1024.06,1027.14,-0.08,-0.01,1.0,1.0,1.0,1.0,1400.36,0.11498906873045937,0.4057650059572168,-0.0500574711145065,-0.21796299949183695,0.19253588431002172,0.5124682372702017,326.0465391463989,449.2497897529691,6.453860349102744,308.58796116071557,220.6061587869915,18.811496712037798,246.3769385969182,43.765502308614025,20.79329876368734,4.3664699639169795,10.648493745472061
54792372,98.995000,0.000000,0.000000,1023.83,1024.41,1023.62,1027.35,-0.08,-0.0,1.0,1.0,1.0,1.0,1400.29,0.11074156659063053,0.3855094873092083,-0.03762860515801764,-0.19056850900216607,0.3494664394340181,1.4246526174868865,326.04225133310985,449.2362510281303,6.4382650726678525,309.238998395446,220.53609822185595,19.142662092022636,241.80898237973435,46.27039398210725,25.073969747485776,4.202133893255573,12.749078003076919
54792472,99.095000,0.000000,0.000000,1023.76,1024.21,1023.53,1027.27,-0.08,-0.0,1.0,1.0,1.0,1.0,1400.34,0.10773584845934074,0.369106355833481,-0.025676742840211663,-0.1461018606083606,0.12185915075490777,0.5365179037445007,326.04459225345664,449.28052890615874,6.484792271856281,308.8130051637104,220.7217408209444,19.35148932173984,234.29353553163557,49.76844986926363,30.849728026827485,4.311507663533843,14.929633755698903
54792572,99.195000,0.000000,0.000000,1023.75,1024.39,1023.68,1027.08,-0.08,-0.0,1.0,1.0,1.0,1.0,1400.36,0.10619592866407188,0.3598283940427636,-0.019405485166997458,-0.12143062762269956,0.039491646196139395,0.04437813689119261,326.0368610223451,449.29657309873,6.455141802762986,307.99607228822026,220.85251203640755,19.81739394787108,228.99827423217783,51.958425746975315,33.33693541011542,4.515417007357479,16.036337507426087
54792672,99.295000,0.000000,0.000000,1023.71,1024.32,1023.99,1026.86,-0.08,-0.0,1.0,1.0,1.0,1.0,1400.27,0.10491246055114457,0.3501536605779119,-0.00532652871125106,-0.0545627605269937,0.09674805130322182,0.45534741726588734,326.0451147795426,449.34793734625896,6.4382468177646714,307.2961251366667,221.05429973176314,20.379993865455237,223.97053796704347,53.967880737915905,33.87871467449911,4.694973310580747,17.115373377959088
54792772,99.396000,0.000000,0.000000,1023.64,1024.55,1024.41,1026.77,-0.08,-0.0,1.0,1.0,1.0,1.0,1400.2,0.10496922096661482,0.34748468805750543,0.004041285185688708,-0.009930018037956826,0.08378801946521564,0.5261762253373871,326.04010825102773,449.37694808032404,6.418803880175962,306.87009014781086,221.20898686786103,20.84622745189379,221.3852674640666,54.83249764549301,34.78218344267262,4.802548158908789,17.58916121446773
54792873,99.493000,0.000000,0.000000,1023.6,1024.56,1024.53,1026.71,-0.08,0.0,1.0,1.0,1.0,1.0,1400.28,0.10592045548261673,0.3490710602609626,0.012548422732589916,0.030378975629207865,0.0885540017106961,0.393368566131633,326.04138953162436,449.36114036935015,6.418688091333292,305.23439812171256,221.53798544640273,22.20290341683045,212.33412318722526,60.1359266319513,39.62176923056151,5.218322363339488,19.48735268314136
54792973,99.595000,0.000000,0.000000,1023.62,1024.51,1024.37,1026.8,-0.08,0.0,1.0,1.0,1.0,1.0,1400.33,0.10774629990996529,0.3547593563575661,0.021936443818534587,0.07389509583493603,0.042729116584035644,0.2771625977089258,326.0399040267687,449.3503901088899,6.425312992420595,304.0019622331933,221.8353991256109,23.353824080426914,212.33412318722526,60.1359266319513,39.62176923056151,5.218322363339488,19.48735268314136
54793073,99.696000,0.000000,0.000000,1023.54,1024.48,1024.37,1026.75,-0.08,0.0,1.0,1.0,1.0,1.0,1400.4,0.109634944230571,0.3615421317896881,0.026936207393218895,0.09902075471634064,0.16716057678668178,0.6904043142555872,326.04257002523474,449.3758950414352,6.406106646544556,303.17651934095915,222.1414905152206,24.179343840662437,196.71651329819312,70.25548579320841,44.31416207609066,5.746193204578895,23.535012863816128
54793174,99.796000,0.000000,0.000000,1023.5,1024.48,1024.66,1026.6,-0.08,0.0,1.0,1.0,1.0,1.0,1400.29,0.11368167465634911,0.37755759051522003,0.036042296056589,0.1496033761818101,-0.0826004133938043,-0.19976131196293714,326.04518617371184,449.4128599315648,6.416510088068424,301.66582403969124,222.60991781246048,25.53130920459427,189.42327081483148,75.02242141154615,48.651852090167104,6.135245316587489,24.983054546818032
54793273,99.897000,0.000000,0.000000,1023.43,1024.7,1024.94,1026.28,-0.09,0.0,1.0,1.0,1.0,1.0,1400.24,0.11784956289627939,0.3955673236075433,0.0442867003230008,0.19453376096894898,-0.08637176949989503,-0.30297836024982666,326.03781614686045,449.4044374511433,6.408410816355044,299.59550831123175,223.1134825708687,26.88294822159473,183.1145441228986,79.1898672805696,50.28228970218035,6.664840393465519,25.654427416303065
54793373,99.996000,0.000000,0.000000,1023.42,1024.78,1025.2,1026.21,-0.08,0.0,1.0,1.0,1.0,1.0,1400.42,0.12289178880354423,0.41776761255926637,0.05386755489476385,0.2355528444137924,0.07164716284413536,0.24657982196851636,326.0474428956582,449.405959667573,6.393320951311122,297.08097783935654,223.82887019661433,28.548625299675763,177.2930332005974,83.04594021053518,51.300588791292014,7.317335442422972,25.75878583592754
54793474,100.096000,0.000000,0.000000,1023.39,1024.72,1025.29,1026.17,-0.08,0.0,1.0,1.0,1.0,1.0,1400.34,0.1289115349090728,0.44328153340928467,0.06365072641343256,0.2640388254663468,0.07530374430919198,0.14956590877021428,326.04409218949587,449.39721199663376,6.412144598531816,294.6997969651482,224.4192974651198,29.947106446499777,172.18511244912418,86.52688826659708,52.124378900000096,7.931487637640215,25.757482800716065
54793574,100.197000,0.000000,0.000000,1023.25,1024.67,1025.27,1026.19,-0.08,0.0,1.0,1.0,1.0,1.0,1400.3,0.1341101701531643,0.46406143151079626,0.07204168005696009,0.282376996137994,0.1400314937304634,0.3253609774410776,326.02928416306963,449.37587980344387,6.410127938878551,291.8574548072808,225.0202905921002,31.281226087357467,166.8250949859633,90.02889146569827,52.958952232975086,8.660219668927033,25.486175900885403
54793673,100.296000,0.000000,0.000000,1023.44,1024.76,1025.47,1026.22,-0.09,0.0,1.0,1.0,1.0,1.0,1400.3,0.14416606456013872,0.5007069955404755,0.08582275185921126,0.298206776844831,0.08178664807904655,0.004537192470293037,326.0363643968652,449.40310619341153,6.401762629737264,290.36220087907446,225.55912173944185,32.30160221623089,162.41794237573754,93.75831308966804,54.15825974630341,9.055114998525653,26.039136670357763
54793774,100.396000,0.000000,0.000000,1023.39,1024.68,1025.38,1026.18,-0.09,0.01,1.0,1.0,1.0,1.0,1400.3,0.15102212107920465,0.5234931441402506,0.09471539107526288,0.30825988481554467,0.15645696361381184,0.2569060295724235,326.04580375938156,449.41608272293337,6.423476597269787,288.93763014587273,226.2161408948472,33.565563901110394,158.30485901055735,97.11190040340999,54.85961056388989,9.439388202195932,26.45840058556238
54793874,100.497000,0.000000,0.000000,1023.43,1024.64,1025.48,1026.15,-0.09,0.01,1.0,1.0,1.0,1.0,1400.31,0.16366431126264883,0.5622796080720059,0.09997068818212362,0.29589215383184386,-0.15847348609174822,-0.6737588757971538,326.046480057551,449.45854964260513,6.406557736824811,287.23272863657826,226.73210892502874,34.4647017584668,154.02898258411508,99.89573960286339,55.265748240599024,9.885461331925805,26.63174909836542
54793974,100.597000,0.000000,0.000000,1023.43,1024.65,1025.34,1026.17,-0.09,0.01,1.0,1.0,1.0,1.0,1400.35,0.1747500724784783,0.5935754224979618,0.11309524601565457,0.3098198014567813,0.009403140294270022,-0.23481358354332027,326.0425657987505,449.4747645968155,6.438145202020214,284.41602187183395,227.44714745540753,35.27701369495359,149.23540716846327,102.65519797419581,55.93205696083413,10.618749271882788,26.05085887423244
54794074,100.698000,0.000000,0.000000,1023.53,1024.76,1025.43,1026.18,-0.09,0.0,1.0,1.0,1.0,1.0,1400.29,0.18364465011834677,0.6168123148352556,0.11987566030318852,0.30536768616399546,0.6805573130832673,1.461197296425786,326.0451713789057,449.4798327099546,6.4357241541016945,281.19356571812443,228.2954990978621,35.98243405450954,144.51122058683143,105.57175695793087,56.42708285485517,11.462968105433132,25.15417064220249
54794174,100.797000,0.000000,0.000000,1023.46,1024.69,1025.38,1026.14,-0.09,0.0,1.0,1.0,1.0,1.0,1400.38,0.19634549974397872,0.6468630617796304,0.15542893864098348,0.3505586881760716,1.6698845249251302,3.3288378557847498,326.0434636136146,449.4843478755779,6.449467662985998,277.7072519752491,229.39889811261256,37.279801183095465,138.84062284815374,109.28201600999837,56.93119467645318,12.386909182551321,24.36702572640008
54794276,100.897000,0.000000,0.000000,1023.47,1024.6,1025.37,1026.16,-0.1,0.0,1.0,1.0,1.0,1.0,1400.23,0.21372727664438995,0.6819305303825289,0.1445755094172289,0.26996293023924833,-0.25881829568335035,-0.9366280874194145,326.0431014022109,449.4961751008723,6.46946011907223,275.0688144321712,230.25051730294638,38.35221799407239,133.9651612155472,112.87439576657043,57.74150939331291,13.088651352833212,24.067548658978463
54794375,100.998000,0.000000,0.000000,1023.5,1024.63,1025.37,1026.14,-0.1,0.0,1.0,1.0,1.0,1.0,1400.29,0.2288742163734104,0.70753802770173,0.15476406709590987,0.24643262187821036,-0.003645542373357898,-0.4052674891025849,326.0360176848769,449.4954003561852,6.4696697616919145,272.79467357795716,231.1717157511861,39.35728117664771,129.86927156872096,116.54133230722972,58.483833919154485,13.704896392382777,23.859566880014942
54794474,101.097000,0.000000,0.000000,1023.51,1024.55,1025.5,1026.01,-0.1,0.0,1.0,1.0,1.0,1.0,1400.34,0.24504658261406864,0.7308307916603847,0.16451555487588063,0.22292762061786575,0.011131120544821694,-0.3517201631634099,326.03618856490226,449.49154914374014,6.45511896656624,270.8275444813561,231.95313473815594,40.433822432444416,126.62206754465727,119.61450183903133,59.30020058168844,14.240331497039188,23.60011167763137
54794575,101.197000,0.000000,0.000000,1023.58,1024.52,1025.53,1026.08,-0.1,0.0,1.0,1.0,1.0,1.0,1400.16,0.2577773526807462,0.7467299332990862,0.1733106969019026,0.20772559811956315,0.2093132910355516,-0.08739983887024128,326.0348020439291,449.49974443148585,6.450513576097104,268.72059559765563,232.88556361623768,41.22743312335626,123.63237603722585,122.76408918151601,59.837043462158874,14.820339345600374,23.160944469912906
54794675,101.297000,0.000000,0.000000,1023.57,1024.49,1025.52,1026.11,-0.1,0.0,1.0,1.0,1.0,1.0,1400.33,0.2799646369952287,0.7701526882752209,0.18126318529745838,0.17482474914388776,-0.017948328294270146,-0.3418899089432276,326.0418229108857,449.46146421128884,6.4486284641450675,266.9155173218109,233.46691519330844,41.91300595656282,120.8963277644739,125.07779668672845,60.28241091457695,15.309102261284057,22.795530814036177
54794774,101.397000,0.000000,0.000000,1023.54,1024.53,1025.51,1026.07,-0.1,0.0,1.0,1.0,1.0,1.0,1400.31,0.2984916930832965,0.7860229626371134,0.18457043338021736,0.14637386601429922,-0.18850796383011054,-0.4680111624200619,326.033557254642,449.49065170694024,6.457006379199743,264.8414474090509,234.29082783323585,42.49698489079555,117.78356701871576,126.16155379597964,59.77742948479545,15.873111365315674,21.927335801837675
54794874,101.496000,0.000000,0.000000,1023.58,1024.52,1025.35,1026.16,-0.1,0.0,1.0,1.0,1.0,1.0,1400.4,0.3176017004897324,0.7991561343627498,0.19021051701805944,0.11887323450384678,-0.09525806197126237,-0.3756774140838647,326.03413122703813,449.48732335837593,6.463649744322538,262.9684714923791,234.89198334516797,42.87477306495597,114.97279762035821,127.3407089787326,59.79156059140307,16.37710113453133,21.239178902714805
54794975,101.596000,0.000000,0.000000,1023.6,1024.36,1025.46,1026.15,-0.1,0.01,1.0,1.0,1.0,1.0,1400.3,0.33718522408266316,0.8094255472072384,0.19714352056587134,0.09192560757419077,-0.03703556660328676,-0.3206280174094346,326.03370432367774,449.5176225266575,6.4622673100236,261.85472080875564,235.44575139365716,43.77614633293035,113.18031875713366,128.8237446752825,60.58326830990029,16.688788758904163,20.97618288571438
54795075,101.697000,0.000000,0.000000,1023.58,1024.4,1025.32,1026.21,-0.1,0.01,1.0,1.0,1.0,1.0,1400.28,0.3570716138363009,0.816945245126711,0.19927266479626984,0.0656250106938815,0.02655536456010111,-0.23847198393883093,326.03511993684117,449.5007603738884,6.452955969971312,261.41875415526744,235.56665689781047,43.91480894029124,111.59961675195856,130.07096371820427,61.3550530053095,16.734113599043837,21.193653163848616
54795174,101.797000,0.000000,0.000000,1023.71,1024.27,1025.34,1026.24,-0.1,0.01,1.0,1.0,1.0,1.0,1400.32,0.3720308631575267,0.8210183177654355,0.19773433434660895,0.04844944186224623,0.14455685776905203,-0.17119607009556762,326.0344773233338,449.489353830206,6.471588396332864,261.18778529562206,235.84338996911342,44.089935048741616,110.694942808842,131.4691648944796,61.827981597184234,16.884306490815476,21.48816652645867
54795277,101.897000,0.000000,0.000000,1023.7,1024.42,1025.36,1026.2,-0.1,0.01,1.0,1.0,1.0,1.0,1400.27,0.39674079347737495,0.8253344073716776,0.19721643442283157,0.026212222713438187,-0.24505185440360583,-0.18895878785927345,326.02464658997275,449.4791095388932,6.460608568149894,261.2268520825562,235.9582309656899,44.53183337840583,109.85817772513381,132.8552954597382,62.219127895129084,16.881620650234378,21.976499464177586
54795374,102.001000,0.000000,0.000000,1023.72,1024.37,1025.45,1026.12,-0.1,0.01,1.0,1.0,1.0,1.0,1400.29,0.416051068946292,0.827108232559342,0.18814299679867075,0.012975016429363469,-1.2008660402835227,-0.2097147489991153,326.0361282839055,449.4774281628078,6.4540021285401314,260.54385569927666,236.23492302420559,45.03320705637683,108.41699222580051,133.94397581784125,62.20203743426147,17.073072381930167,21.936749966281212
54795474,102.096000,0.000000,0.000000,1023.83,1024.29,1025.47,1026.2,-0.1,0.01,1.0,1.0,1.0,1.0,1400.1,0.4347812123166652,0.8277237505482713,0.18168472726535417,0.0019650168289888693,-0.29407238517731016,-0.11251324350221756,326.0295428964353,449.4844945436373,6.478805488894747,259.53229331249287,236.61658789894628,45.43211219168803,107.1337078650187,134.7419404582642,62.203483579728385,17.34814635236935,21.54196892675136
54795574,102.197000,0.000000,0.000000,1023.87,1024.23,1025.38,1026.11,-0.1,0.01,1.0,1.0,1.0,1.0,1400.27,0.44841424383590234,0.8274563861833689,0.18035958776547958,-0.006338573249165365,-0.008711098680389986,-0.11110964634537802,326.02933801268034,449.48498161178,6.47465195781303,259.24789479939125,236.81632179956569,45.18941905070784,106.43326380233601,135.55862361935203,62.38572567719203,17.433143000615466,21.60454939569204
54795674,102.296000,0.000000,0.000000,1023.85,1024.17,1025.41,1026.22,-0.1,0.01,1.0,1.0,1.0,1.0,1400.34,0.47025633689116464,0.8257651180896541,0.17105986551388636,-0.01792822876174572,-0.058063161830727746,-0.08467120444926862,326.0371732922133,449.4645648438319,6.479044498323244,258.6476183173716,236.94063966613524,45.414027265358214,105.69040131188277,136.31198525172198,62.52461557800991,17.593384874588768,21.472808811780844
54795774,102.396000,0.000000,0.000000,1023.82,1024.19,1025.43,1026.15,-0.1,0.01,1.0,1.0,1.0,1.0,1400.26,0.4868509264062485,0.8234757444392021,0.16352122307724185,-0.025924967612950794,-0.5062469132149638,-0.016183663135515034,326.0338821131148,449.46345799743153,6.476625571383927,258.2309071092378,237.04285656823888,44.89742343132917,105.18187982106726,136.52751857180286,62.450579316680624,17.702671553430555,21.299647482209238
54795874,102.496000,0.000000,0.000000,1023.87,1024.2,1025.29,1026.13,-0.09,0.01,1.0,1.0,1.0,1.0,1400.29,0.5026081266208169,0.8204555798204825,0.15251575202633644,-0.032165474049262226,-0.8247176694849312,0.09001119021363745,326.0372445306293,449.45093994753347,6.4587778003818554,258.6485000712662,236.87934572583382,45.318353094343976,105.74160156963511,136.4784365532444,62.49755473757026,17.589484340920382,21.53154225674521
54795975,102.596000,0.000000,0.000000,1023.84,1024.14,1025.36,1026.22,-0.09,0.01,1.0,1.0,1.0,1.0,1400.31,0.517415596916569,0.8169192184610489,0.14149757670084864,-0.0360965903515208,-0.10384644026485601,-0.03264602999991484,326.04003048105767,449.4548417332221,6.451195750022741,259.02521970441273,236.66828319037407,45.062468691934164,106.34088641055996,136.0829439441638,62.523972201446156,17.48125379511912,21.661411572414863
54796076,102.699000,0.000000,0.000000,1023.83,1024.16,1025.22,1026.1,-0.07,0.01,1.0,1.0,1.0,1.0,1400.26,0.5278293115138318,0.8140538620594563,0.11330991532174378,-0.03231013693581177,0.07069941248956688,-0.056304022583768244,326.0284386279302,449.4750887106718,6.479795036058744,259.26872379836766,236.651228276873,45.17750339626905,106.29042708084097,135.8649510815474,62.6202114396299,17.415873963105597,21.790269646519327
54796174,102.802000,0.000000,0.000000,1023.83,1024.17,1025.35,1026.2,-0.07,0.01,1.0,1.0,1.0,1.0,1400.27,0.5407369929460493,0.8100996321256554,0.13112685857944012,-0.041738601887897034,0.6516736948113211,-0.2438934408883906,326.02403581845175,449.4868387504462,6.472967169113901,259.02930213463026,236.7188255143025,45.32828657735469,105.75385728860947,136.75897744048777,62.70707017037352,17.47776596846416,21.93375515818829
54796274,102.897000,0.000000,0.000000,1023.73,1024.28,1025.29,1026.14,-0.07,0.01,1.0,1.0,1.0,1.0,1400.41,0.5525357814184871,0.8061509473880807,0.11588125926999629,-0.039796196975814796,-0.06838182844752078,-0.001623994784255419,326.0346942415412,449.496395254203,6.477642284188099,258.85315055814107,236.88093340520365,45.262824398694065,105.14804579064793,137.91021604008375,62.83046087427131,17.535325237968234,22.151864291733318
54796374,102.997000,0.000000,0.000000,1023.7,1024.19,1025.3,1026.18,-0.07,0.01,1.0,1.0,1.0,1.0,1400.21,0.5606808702611119,0.803281248566318,0.11085012937614265,-0.03954398251248653,0.10840347817571859,-0.0583625386055974,326.0390687456819,449.4961829984077,6.479307425473323,258.55635059905757,236.9160092585062,45.23777648966084,104.04357553278572,138.35171391518068,62.85765932865189,17.611830732373818,22.242378100038408
54796474,103.097000,0.000000,0.000000,1023.8,1024.2,1025.32,1026.16,-0.07,0.01,1.0,1.0,1.0,1.0,1400.31,0.5729762399880928,0.7987764824810117,0.0938505533489636,-0.03488404162284903,-0.1105813550892088,0.03181816624707496,326.0279900040936,449.4906553466371,6.474286191667955,258.34151276160014,236.9237789532454,44.868571323514466,103.66017301700394,138.71152339077003,63.07931666146721,17.66274379488782,22.261709196079195
54796575,103.197000,0.000000,0.000000,1023.84,1024.17,1025.38,1026.11,-0.06,0.01,1.0,1.0,1.0,1.0,1400.36,0.5817314923651838,0.7954744041271888,0.08340745490200462,-0.031717350521274966,-0.12598477337164843,0.041077336012894976,326.0251970254962,449.4798218553881,6.465772203784785,258.25740819481524,236.97467706938994,44.86624949069061,103.6187931158392,138.96994480095424,63.21163207929803,17.687457416715553,22.259942596593753
54796675,103.297000,0.000000,0.000000,1023.81,1024.19,1025.41,1026.1,-0.05,0.01,1.0,1.0,1.0,1.0,1400.28,0.5895667284227065,0.7924722280713113,0.074972271445369,-0.028665901901767026,-0.09047214528034266,0.03913454460196255,326.0218896159186,449.489448742527,6.494039828774987,258.45027310953407,236.89783216063495,45.14046688956686,103.66682446771178,139.5593359204966,63.384586970829375,17.632704659154115,22.57008047677097
54796774,103.398000,0.000000,0.000000,1023.89,1024.13,1025.22,1026.08,-0.04,0.01,1.0,1.0,1.0,1.0,1400.36,0.5965049940949911,0.7898703947427591,0.06568852419928053,-0.024215012165490882,-0.16778468904381547,0.07581867251265129,326.0289905574813,449.50446540394114,6.51291956009931,258.45364635519877,236.91218911688824,45.15656710456526,103.36855165566624,140.08210559983576,63.54984859417433,17.633565796347835,22.75355501549177
54796874,103.496000,0.000000,0.000000,1024.01,1024.11,1025.34,1026.23,-0.04,0.01,1.0,1.0,1.0,1.0,1400.36,0.6025846807551564,0.7877326580619219,0.05905930545625875,-0.020087880177755736,-0.3130878141765109,0.12756228071719186,326.0389082291862,449.5578630232899,6.477188369959554,258.68449786540964,236.754041117091,44.91293346830637,103.68785418434896,139.71091027581735,63.367704188639784,17.56306900716443,22.82325068483322
54796975,103.596000,0.000000,0.000000,1023.98,1024.07,1025.25,1026.17,-0.04,0.01,1.0,1.0,1.0,1.0,1400.37,0.6078327418607933,0.7860519079933682,0.04976320894261311,-0.015382663089737838,-0.07814432760972494,0.037535647645372094,326.03171322830667,449.5075262270982,6.484912762776981,258.83491677384217,236.45378007583307,44.25490258865679,104.35831569140898,138.52450356953727,62.746541723232994,17.505187599850036,22.61727907912337
54797075,103.697000,0.000000,0.000000,1023.99,1024.04,1025.32,1026.3,-0.04,0.01,1.0,1.0,1.0,1.0,1400.36,0.6122729290441874,0.7846926711743332,0.04125302765925987,-0.01288557815094065,-0.08687778820753381,0.015135000535775026,326.0196735021552,449.42833016483354,6.472994610160994,259.44761935968904,235.8439403751312,43.35226343030986,107.09450810391596,136.0924821961955,62.08541508654954,17.311718552132117,22.162247212721248
54797175,103.798000,0.000000,0.000000,1024.09,1023.95,1025.26,1026.34,-0.04,0.01,1.0,1.0,1.0,1.0,1400.34,0.6158746240051621,0.7834316200472203,0.03244800229229603,-0.012468824267644497,-0.09765687383818304,0.003062089981637482,326.0189640129611,449.4541248251124,6.504624038739178,261.1361530898932,234.97105974829708,42.431321627709615,110.89897059862267,132.54238167441167,61.38245099142928,16.83097805871076,22.052667682746424
54797275,103.897000,0.000000,0.000000,1024.07,1023.86,1025.31,1026.2,-0.04,0.01,1.0,1.0,1.0,1.0,1400.34,0.6179456467878873,0.7824947497541818,0.023562022547059098,-0.011759480148932275,-0.12770718388601107,0.015532535999589472,326.0202969436845,449.5051135308355,6.486098529431331,263.3879477601388,233.95363738152992,41.182464232828224,114.7478024201794,127.4357348382544,59.99203976548522,16.202170850732458,21.969669954306553
54797376,103.996000,0.000000,0.000000,1024.11,1023.85,1025.42,1026.09,-0.04,0.01,1.0,1.0,1.0,1.0,1400.37,0.6199788151843346,0.7808975739041888,0.010807945098343178,-0.01415514986576168,-0.14830234171922888,-0.01001972751657605,326.0220420539464,449.4929900609538,6.498430929126921,265.2189926681617,232.97636021599152,39.91622123497384,119.20106177875677,122.49285560464952,58.14602294873671,15.686012410557716,21.51524429497168
54797476,104.097000,0.000000,0.000000,1024.17,1023.89,1025.43,1026.12,-0.04,0.01,1.0,1.0,1.0,1.0,1400.3,0.6202640211422712,0.77981311825281,0.0005252461252847155,-0.014875222417484247,-0.1270510921008598,-0.029952692720291343,326.0305191740789,449.42502714342214,6.465851155758031,267.7572585865232,231.81191126309426,38.6439551446369,124.81726531369604,117.58795992384063,57.066107106985136,14.991156537143782,21.38918784381737
54797576,104.198000,0.000000,0.000000,1024.3,1023.85,1025.46,1026.06,-0.05,0.01,1.0,1.0,1.0,1.0,1400.26,0.6194420977794468,0.7781645275708092,-0.014330047692059644,-0.01798263201847293,-0.1835563441418451,-0.05161285489904156,326.0328402080024,449.4456875090632,6.452217570993861,272.7206058779419,230.04900554157217,36.84224252644545,134.1992759070183,109.84442141624989,54.46071671914716,13.657862230672636,21.73382792921389
54797676,104.302000,0.000000,0.000000,1024.31,1023.76,1025.44,1026.07,-0.06,0.01,1.0,1.0,1.0,1.0,1400.32,0.6162254861237324,0.7759442241140336,-0.03397686861013714,-0.017729491700808484,-0.16573921268733025,0.0052740579315717325,326.03901815787384,449.4781885441457,6.461373147558794,274.22584827522724,229.61558940427406,36.353553696261265,137.21077010050294,107.18452602436996,53.36267764606432,13.260468436927928,21.696393872862135
54797776,104.398000,0.000000,0.000000,1024.24,1023.76,1025.38,1026.05,-0.07,0.01,1.0,1.0,1.0,1.0,1400.25,0.613020594498865,0.7746197956461714,-0.04726920212082052,-0.01767503487097507,-0.07454127769887527,0.043846292205604084,326.03125116791335,449.4785451762613,6.4687940451169625,277.2256023134367,228.5973682048871,35.071056891840165,143.4821753919634,101.90536736980394,55.28146186209683,12.459809288189561,21.631315853114195
54797876,104.500000,0.000000,0.000000,1024.34,1023.61,1025.3,1026.05,-0.07,0.01,1.0,1.0,1.0,1.0,1400.32,0.605512599931872,0.7724350853302443,-0.06767550422005308,-0.017222310549301414,-0.13135648611255868,0.008289440093067778,326.03553625958193,449.3636540962048,6.413262104878401,282.3594918480146,226.79164754298085,32.49149731346085,143.4821753919634,101.90536736980394,55.28146186209683,12.459809288189561,21.631315853114195
54797977,104.597000,0.000000,0.000000,1024.3,1023.51,1025.4,1026.01,-0.07,0.01,1.0,1.0,1.0,1.0,1400.43,0.5978396269254993,0.7707228984364556,-0.08184006416978697,-0.017046054481032198,-0.0778831851509548,0.01402849314060333,326.02307207681514,449.3365116566935,6.439101686781977,285.68492688714167,225.78301921299823,31.193557188935436,143.4821753919634,101.90536736980394,55.28146186209683,12.459809288189561,21.631315853114195
54798078,104.699000,0.000000,0.000000,1024.36,1023.64,1025.4,1026.04,-0.07,0.01,1.0,1.0,1.0,1.0,1400.33,0.5890617305648272,0.7690633646015228,-0.09105927292181355,-0.016332044944162717,-0.10682229667964181,0.0026888219885217394,326.01883158044427,449.24981957655217,6.445528226113434,289.05847143326946,224.81727373342557,29.862264247797686,171.36875895933608,84.03598365372862,46.87342786863924,9.351736414433187,21.19132495990526
54798177,104.801000,0.000000,0.000000,1024.35,1023.56,1025.37,1026.21,-0.07,0.01,1.0,1.0,1.0,1.0,1400.4,0.5791489238612678,0.7674244633296192,-0.10756566626913268,-0.016974287778353997,-0.07310671723056963,0.009826593672261321,326.0270634372104,449.20711783186965,6.4576892004238,292.21471892428224,224.0291890883843,28.534061849824575,178.13186306379117,80.47210381340054,45.57056110809321,8.539638115876944,21.394410108522337
54798278,104.899000,0.000000,0.000000,1024.47,1023.56,1025.43,1026.16,-0.08,0.01,1.0,1.0,1.0,1.0,1400.37,0.5671427580720494,0.7656853353761252,-0.12880134343368957,-0.017562855720776153,-0.24825746670433765,-0.0030653276011298634,326.03012533421554,449.1542066011133,6.438732596906745,295.1265628812979,223.2867434983557,27.249020865668783,184.87370661914963,77.3954669295099,44.635449895034895,7.79092848202503,21.497189020247824
54798377,105.002000,0.000000,0.000000,1024.4,1023.55,1025.4,1026.09,-0.08,0.01,1.0,1.0,1.0,1.0,1400.33,0.5530509843859057,0.7639763351656125,-0.14889782065092158,-0.01684164981341862,0.12355294921043922,0.04755910392762376,326.0295325291593,449.1313878756008,6.425413409298902,297.65889468733155,222.73941176282005,25.79146709281391,190.94112920329536,74.52935329006122,43.077722743433924,7.1428677326540395,21.469812609317025
54798477,105.099000,0.000000,0.000000,1024.38,1023.64,1025.6,1026.01,-0.08,0.01,1.0,1.0,1.0,1.0,1400.29,0.5370588508168765,0.7623669498820227,-0.16759555274314,-0.015939452357156127,-0.2527436442182795,-0.004122562013783136,326.0368506273396,449.12599915990813,6.419924889632352,299.69860031168895,222.21520315532075,24.718756780655596,196.8452188289967,70.7534619215696,40.78628089912859,6.6208732658071705,20.93756961288892
54798577,105.201000,0.000000,0.000000,1024.36,1023.72,1025.75,1025.85,-0.08,0.01,1.0,1.0,1.0,1.0,1400.51,0.5194126297307443,0.7607224153933075,-0.18378520214306623,-0.01730767647808873,-0.3048945090893374,-0.0387086658084729,326.03624141889355,449.1277557161634,6.420938645859466,300.5562084554036,222.02752252997882,24.345867032967053,199.82715266189425,68.79655257000758,38.66163614268619,6.401659474470124,20.51629915777185
54798677,105.299000,0.000000,0.000000,1024.34,1023.67,1025.87,1025.77,-0.09,0.02,1.0,1.0,1.0,1.0,1400.38,0.5004042149068894,0.7587811567753275,-0.19240318537157278,-0.020692873904321115,-0.13286205440498594,-0.04394337412850178,326.0409032431689,449.08006323690927,6.413492627553666,302.52259751721226,221.64453324911221,23.41448116742941,205.98939646023365,65.40453198025203,35.12901775682853,5.903771270193957,19.90238708004919
54798777,105.401000,0.000000,0.000000,1024.3,1023.77,1026.0,1025.48,-0.09,0.02,1.0,1.0,1.0,1.0,1400.29,0.48031103328498637,0.7563089469570666,-0.2084207965673382,-0.028104124773226376,0.5233781717246663,-0.006987474322902058,326.04064476628383,449.12510484936433,6.428928318144923,305.16051567963035,221.2507838600039,21.904894972218603,216.05046330699108,59.47069653970679,32.302064076849476,5.235393980734449,18.37561455443018
54798878,105.500000,0.000000,0.000000,1024.18,1023.89,1026.27,1025.18,-0.08,0.01,1.0,1.0,1.0,1.0,1400.34,0.4593202031150343,0.752933817180102,-0.21164184918503753,-0.03785802557895682,-0.022431375708660627,-0.11477920475956215,326.0318896452879,449.1815833750969,6.45310239594644,306.353146153785,221.11145265033645,21.117585320939877,219.2593162983865,57.178300796806084,30.848322167344175,5.107270689074579,17.564672073999418
54798977,105.600000,0.000000,0.000000,1024.23,1023.72,1026.53,1025.15,-0.09,0.02,1.0,1.0,1.0,1.0,1400.36,0.43771695812895745,0.748267814927145,-0.21872819994439838,-0.05188917005869779,-0.07324474233570358,-0.13700980872523635,326.0351399064742,449.1880194166631,6.432585683435249,307.43142539414373,220.9186286759721,20.042154181930183,219.2593162983865,57.178300796806084,30.848322167344175,5.107270689074579,17.564672073999418
54799077,105.700000,0.000000,0.000000,1024.29,1023.77,1026.6,1025.07,-0.09,0.02,1.0,1.0,1.0,1.0,1400.22,0.4158819518581351,0.7424085331775327,-0.21881528269940187,-0.06255240685779838,0.4740474238156603,0.030725128934643554,326.0426091410255,449.1560718290668,6.425972215411335,309.7490512887439,220.55359147233713,18.82852942835076,219.2593162983865,57.178300796806084,30.848322167344175,5.107270689074579,17.564672073999418
54799178,105.800000,0.000000,0.000000,1024.25,1023.64,1026.42,1025.19,-0.09,0.02,1.0,1.0,1.0,1.0,1400.21,0.39416845925589583,0.7356349338719947,-0.21640710915984485,-0.0707373365512596,0.48081398891851546,0.06865587919206231,326.03666708738604,449.137499614018,6.449991994352145,311.4423138155509,220.29787102348516,17.491920993599194,219.2593162983865,57.178300796806084,30.848322167344175,5.107270689074579,17.564672073999418
54799277,105.900000,0.000000,0.000000,1024.18,1023.73,1026.13,1025.26,-0.09,0.02,1.0,1.0,1.0,1.0,1400.26,0.3728566322920854,0.7281390223801811,-0.21212710951283795,-0.07887639398065202,0.066064634603891,-0.12881540622994583,326.0424285575721,449.0811478508341,6.4243039062330105,312.4947905940676,220.04415257361237,16.370804991111434,257.86675014773726,40.373704873706004,17.840366666723693,3.3851260437015367,10.141420510781796
54799377,106.000000,0.000000,0.000000,1024.2,1023.81,1026.42,1025.12,-0.09,0.02,1.0,1.0,1.0,1.0,1400.27,0.351677559445661,0.7180570368934673,-0.21200961529329998,-0.11548977230691919,0.06242416872544603,-0.36021330832244286,326.04817000584796,449.0997617147779,6.425490454793267,313.2804980477636,219.96168016045098,15.474772376995526,261.37381055511963,39.1764683772523,16.41783884872248,3.251994454414538,9.444483524566714
54799477,106.100000,0.000000,0.000000,1024.22,1023.79,1026.59,1025.16,-0.09,0.01,1.0,1.0,1.0,1.0,1400.32,0.33053345299437425,0.7041712907029365,-0.20961780554816237,-0.15113892452238709,0.08392110022311944,-0.29037008826226895,326.0516342489257,449.0301086699903,6.421691693788327,314.42627885609073,219.70277071346285,14.49466241237729,274.44519246385255,35.78918814642855,11.768659682152336,2.9020269195854977,6.460682046760752
54799577,106.200000,0.000000,0.000000,1024.15,1023.94,1026.44,1025.3,-0.09,0.01,1.0,1.0,1.0,1.0,1400.21,0.30965811884422184,0.6868091994464001,-0.2078779586454532,-0.18877276367078163,0.04073838170678056,-0.41256490324236633,326.04926536799866,449.07818855545304,6.44962222996377,314.9974054763294,219.69902755211595,14.192248430021108,278.3601680257709,35.10587040915403,10.61991510245244,2.7584703084849984,5.708984849051403
54799677,106.300000,0.000000,0.000000,1024.07,1023.88,1026.84,1025.12,-0.09,0.01,1.0,1.0,1.0,1.0,1400.19,0.29424292461967005,0.6711776681757656,-0.21624412421371764,-0.2305187145324015,-0.8960796778741363,-1.3779974993356683,326.05006594149256,449.0958189287377,6.429473273113059,315.4858765248517,219.68153955154114,13.674895648128844,283.0283937971944,33.91227114721788,8.187207052024444,2.6365236935714815,4.6375942073101815
54799778,106.400000,0.000000,0.000000,1024.19,1024.07,1026.79,1025.17,-0.09,0.01,1.0,1.0,1.0,1.0,1400.41,0.26919055646081064,0.6407559012688575,-0.19773140612976106,-0.2601305303252846,0.4956890131295437,0.22115589258061474,326.0457855862426,449.12174274811434,6.450272784249846,315.8243022175058,219.66392726654854,13.201593287134726,288.7707989679824,32.85502096931985,5.46105478858554,2.5506254232757444,3.1389864203248727
54799877,106.501000,0.000000,0.000000,1024.03,1023.97,1026.36,1025.2,-0.09,0.01,1.0,1.0,1.0,1.0,1400.47,0.25464452458388703,0.6200813965077254,-0.19183052141872214,-0.283068688070489,0.0775892605922989,-0.30536223735287826,326.04501859373323,449.07498667037845,6.445222544971811,316.1615857084857,219.50879861993434,12.39991871630787,293.13222441413944,32.12837231061892,3.5345167617497806,2.4652128128262385,2.076182667294007
54799977,106.600000,0.000000,0.000000,1024.08,1023.98,1025.96,1025.27,-0.1,0.01,1.0,1.0,1.0,1.0,1400.38,0.2313981861342483,0.5818907764710529,-0.18067382397935447,-0.31761939355631036,0.058312538662129806,-0.311055013999971,326.05920984957993,448.9869763845391,6.416926820148201,316.4386275254169,219.46447564966758,12.035045671056512,295.0305399436188,32.20901378493016,2.431639689678403,2.3985302530896138,1.7249273105331193
54800077,106.701000,0.000000,0.000000,1024.1,1023.98,1025.85,1025.4,-0.1,0.01,1.0,1.0,1.0,1.0,1400.4,0.21378127118159437,0.5485100471576312,-0.17539309266497222,-0.34649561728452793,0.0015261556907717687,-0.3690153375373778,326.0512307490314,449.0009960539099,6.44120605186225,317.86268710744105,219.31862170020995,11.111582522288845,299.73449242154186,31.771556848590656,1.497854592866658,2.041821305775061,1.437383706872943
54800177,106.800000,0.000000,0.000000,1024.1,1023.94,1025.49,1025.56,-0.1,0.01,1.0,1.0,1.0,1.0,1400.34,0.19704982976299804,0.5134238345187793,-0.1657136694547593,-0.3593742197777554,0.6637376907850603,1.0961842145948462,326.0602075491335,449.0184146887255,6.461434847915423,318.5700757221044,219.2491700708156,10.3934575179807,302.8092712041535,31.112221082425492,0.9773778122329149,1.867095069297611,1.0544703395443489
54800277,106.900000,0.000000,0.000000,1024.13,1024.02,1025.32,1026.02,-0.1,0.01,1.0,1.0,1.0,1.0,1400.43,0.1811969256696172,0.47725530603542665,-0.1564389787372855,-0.3672935083292801,0.04062404638755888,-0.17563888348441825,326.0568436687858,449.0162858877459,6.421796762669095,318.98555822811176,219.26352609992608,10.631363004789492,302.130298443155,31.364143355810718,1.929119537445347,1.7628817766995069,1.6001571791136686
54800377,107.000000,0.000000,0.000000,1024.03,1024.12,1025.44,1026.09,-0.1,0.01,1.0,1.0,1.0,1.0,1400.4,0.1662297080967359,0.4407209469280623,-0.14826600155041483,-0.368880386958699,0.3392572006704821,0.6743649227507781,326.048272427592,449.0626272849362,6.455193763119207,320.24885356296755,219.35267423801696,10.198040793783383,303.59229214046576,31.114183908694454,1.7907159053219508,1.4462222846663413,2.164286898276184
54800477,107.097000,0.000000,0.000000,1023.99,1024.26,1025.53,1026.14,-0.1,0.0,1.0,1.0,1.0,1.0,1400.33,0.15555721441024192,0.41367855436728823,-0.13672220891445244,-0.34938288039317655,0.22881612433954182,0.46980157312743476,326.05566344491564,449.1486708645781,6.457658931920512,321.334613176132,219.3571597752435,9.987065112350622,305.7445866181398,30.49854515561429,1.0342677229984407,1.1769721402337636,2.3650464066494252
54800577,107.199000,0.000000,0.000000,1023.88,1024.31,1025.56,1026.02,-0.1,0.0,1.0,1.0,1.0,1.0,1400.39,0.13873812272623054,0.36999098416856796,-0.13290514190376143,-0.3481295447465535,-0.04277016287010118,-0.16831805104982187,326.04339632670025,449.10946090520946,6.478788511612869,320.5143036142422,219.36496794522566,10.138880757987708,305.8050034270311,30.463899828424697,0.5212554986475848,1.3786295087157345,1.6952495390684792
54800678,107.299000,0.000000,0.000000,1023.85,1024.28,1025.42,1026.16,-0.1,-0.0,1.0,1.0,1.0,1.0,1400.32,0.12617332946570528,0.33657506705067625,-0.1232424966467266,-0.332022075294816,0.070315542019327,0.05657134301274208,326.03816637544384,449.1784022806825,6.486463815773017,319.75716813545796,219.42354534706408,10.559440010128514,304.4406832920932,30.63563488270074,0.5763687184735076,1.5659520049882985,1.5063806312978798
54800778,107.401000,0.000000,0.000000,1023.91,1024.25,1025.34,1026.22,-0.1,-0.0,1.0,1.0,1.0,1.0,1400.36,0.11458383161391081,0.30452717536101886,-0.11290391018398298,-0.31726960849078406,0.0007608276327093914,-0.1317490190125708,326.0421816343708,449.1596357237548,6.492853037638466,319.8705883419839,219.446691023467,10.386893940120192,304.3125156802726,30.42491125369894,0.9238726418477079,1.5389694595666368,1.6273761987414983
54800878,107.501000,0.000000,0.000000,1023.83,1024.29,1025.34,1026.2,-0.1,-0.0,1.0,1.0,1.0,1.0,1400.27,0.10401192082365479,0.27408883786625743,-0.10419420271299627,-0.3043198669174516,0.11672458749080697,0.22278234269329977,326.05010386459105,449.2391985448641,6.475673986829611,319.6477951251318,219.5162566421629,10.569636725704617,303.7516373971837,30.163721942288888,0.9233244769157399,1.5964027693601137,1.605926820454994
54800979,107.600000,0.000000,0.000000,1023.91,1024.17,1025.43,1026.31,-0.11,-0.0,1.0,1.0,1.0,1.0,1400.28,0.09444631589582576,0.2454597618147655,-0.09184554380507318,-0.27934258850886323,0.28932043860730927,0.7498255307773767,326.03497630983856,449.23262039656186,6.48125816032182,319.7649662385573,219.5378304349513,10.421619712567107,304.42460865015266,30.036705308895897,0.7478408519159575,1.5636224312120237,1.500829690068477
54801078,107.700000,0.000000,0.000000,1023.93,1024.05,1025.54,1026.02,-0.11,-0.0,1.0,1.0,1.0,1.0,1400.3,0.0858800690327183,0.21871955195127638,-0.08325808187653594,-0.26401168703180466,0.03260067636468134,-0.0077424692065349255,326.03845868681213,449.2882651253434,6.4551850263853385,319.755328056141,219.58529973000117,10.34548909573291,304.73976584932564,29.841632477902973,0.6588619259065923,1.5668370821865416,1.3910571907199012
54801178,107.800000,0.000000,0.000000,1024.02,1024.21,1025.64,1026.06,-0.11,-0.01,1.0,1.0,1.0,1.0,1400.26,0.07825989911486704,0.19387928232333285,-0.07287643598351116,-0.24209301687381102,0.4552341960221999,1.3641276015356936,326.0383911213912,449.1877926083957,6.4775494740673825,319.7867092166552,219.50796949600706,10.26715822697152,306.82726233346335,29.801435790623607,-0.5802236314889461,1.5591555347678867,0.7896713405793703
54801278,107.900000,0.000000,0.000000,1023.94,1024.08,1025.63,1025.97,-0.11,-0.01,1.0,1.0,1.0,1.0,1400.2,0.07153142589858492,0.17072403212604542,-0.0650957933763689,-0.22897717883168853,0.03849536716976991,0.002104172186958454,326.04584634014543,449.172570696528,6.466372059444899,321.72435752534693,219.46870715050602,8.790030965986517,315.8623755836838,29.372303496509566,-3.156277479597025,1.0777958212568417,-0.3893276893216442
54801378,108.000000,0.000000,0.000000,1023.94,1024.13,1025.32,1026.11,-0.11,-0.01,1.0,1.0,1.0,1.0,1400.26,0.06549253582419536,0.1488225446360017,-0.05899464950818647,-0.21771598969897668,0.049531888209508323,0.08060270597796103,326.05158656875676,449.12639618188285,6.471275337286305,322.0018518971729,219.31701847467824,8.553073424214245,317.58346198703015,29.451762390744637,-3.6984368661464715,1.0095701626032783,-0.6860401277290118
54801478,108.100000,0.000000,0.000000,1023.91,1024.15,1025.52,1026.22,-0.11,-0.01,1.0,1.0,1.0,1.0,1400.31,0.06001098299085188,0.1280281932498543,-0.05296944566701642,-0.20416947203547767,0.13318235697120542,0.4269484364472546,326.04874656052453,449.1829401530032,6.468670441899794,321.58379872581503,219.45249324548882,8.742299853346092,315.796082780528,29.467569360760187,-3.031371032255607,1.1134373598834322,-0.48195116589316767
54801578,108.206000,0.000000,0.000000,1023.77,1024.25,1025.45,1026.31,-0.11,-0.01,1.0,1.0,1.0,1.0,1400.27,0.0550902252355018,0.10851394706226199,-0.045592852942402236,-0.18444774123013638,0.08951514103752736,0.25999175126389407,326.0481283251498,449.1449323765507,6.475679790662116,321.0752283648668,219.35696845579812,8.83315502584902,314.5901587010508,29.574843320267117,-2.7976014254077435,1.2397590637519427,-0.5224181085003612
54801679,108.300000,0.000000,0.000000,1023.78,1024.33,1025.5,1026.18,-0.11,-0.01,1.0,1.0,1.0,1.0,1400.27,0.05077389262700025,0.09036258058927686,-0.04035011966133862,-0.17404959041664808,0.0961934869806779,0.2945340950044928,326.0485059067436,449.18978852222295,6.48842670274261,320.9204570429121,219.44341758266745,8.777612830804593,314.19834738487447,29.368309991511957,-2.780036422887416,1.2786568818306432,-0.5318614732789579
54801778,108.401000,0.000000,0.000000,1023.83,1024.22,1025.25,1026.11,-0.11,-0.01,1.0,1.0,1.0,1.0,1400.4,0.047058380668825686,0.07361425897144548,-0.034735868907090545,-0.1609933016365276,0.11059993579495256,0.3918787581885386,326.0526536665305,449.1484349012592,6.455281241026193,321.4180779386571,219.41865281867388,8.757419816323287,314.9878055932687,29.484855413612497,-2.8964355039295673,1.1557300539399924,-0.37243289727935913
54801878,108.500000,0.000000,0.000000,1023.99,1024.21,1025.42,1026.1,-0.11,-0.01,1.0,1.0,1.0,1.0,1400.26,0.043874430394289184,0.0583046359697483,-0.029296769550487788,-0.14375925770292367,0.09767434898829677,0.40381757249311306,326.0459680739847,449.1832088961972,6.4721972475139875,321.94771878714573,219.41288554159948,8.70675781859401,316.6966206640647,29.407661716343735,-3.1811538476525945,1.0218355805076722,-0.4606136496819042
54801978,108.601000,0.000000,0.000000,1023.94,1024.2,1025.5,1026.23,-0.11,-0.01,1.0,1.0,1.0,1.0,1400.34,0.04111811881823974,0.044431795284790396,-0.02542046709972847,-0.12973808297895378,0.06736128825049771,0.2983807939565086,326.0440163786673,449.17301062284673,6.470890809000927,322.27939847380196,219.335887210961,8.42793097884369,317.52332965501114,29.230986507445806,-3.4285133113616086,0.9383924916405574,-0.4436507664868936
54802078,108.700000,0.000000,0.000000,1023.9,1024.2,1025.5,1026.19,-0.11,-0.01,1.0,1.0,1.0,1.0,1400.24,0.03869451977253475,0.03195221838304657,-0.023120377124190124,-0.11899652000805618,0.029465962367441523,0.16293722370835195,326.0454459391625,449.1567840027799,6.492536653325302,323.06441473929726,219.40717137314996,8.118003022309988,319.53503379533413,29.335138901962722,-3.8641188426805417,0.7433784996585838,-0.4229740047652577
54802179,108.802000,0.000000,0.000000,1023.92,1024.19,1025.43,1026.28,-0.12,-0.01,1.0,1.0,1.0,1.0,1400.27,0.03703306728009219,0.023482772366941088,-0.021597870520653494,-0.10941342380171694,-0.05704751071974418,-0.2627096932230925,326.0477912604236,449.20572062059256,6.477530588042935,323.0847149914051,219.4088589660128,8.121827240906901,319.6366090293005,29.211912974083727,-3.7928302855389235,0.7387496737119102,-0.43889024542180244
54802278,108.902000,0.000000,0.000000,1023.9,1024.23,1025.45,1026.12,-0.12,-0.01,1.0,1.0,1.0,1.0,1400.41,0.0345203531606516,0.010988251860008798,-0.01915573565796693,-0.09411258290822062,0.0957316203411548,0.4936680189885655,326.0464288165824,449.1795577005938,6.476772764290956,322.61579738396074,219.34897141416678,8.208090705920572,318.9521857903361,29.44198928757318,-3.7186969867063877,0.8551781936074057,-0.6051655977835373
54802379,109.002000,0.000000,0.000000,1023.81,1024.2,1025.38,1026.15,-0.12,-0.01,1.0,1.0,1.0,1.0,1400.31,0.03317230401334554,0.0043986977680300285,-0.01737783858603843,-0.08509931025903725,0.01647241511245852,0.06795942371008143,326.052285809359,449.16273639080873,6.489821425064958,322.13140399563076,219.30108114274455,17.758743919177295,317.5219852834891,29.258556720351937,-3.4733392268333088,0.977232132719185,-0.5650464590835309
54802479,109.101000,0.000000,0.000000,1023.72,1024.29,1025.38,1026.21,-0.12,-0.01,1.0,1.0,1.0,1.0,1400.3,0.031615998628390374,-0.003429202850465442,-0.014054633050681418,-0.07230326160494908,0.04858061721574846,0.19993550799540416,326.0428864796145,449.19159723483244,6.480628799703163,321.70789031968945,219.45254986771207,8.650923191620448,316.609892102005,29.481927544454177,-3.282851022383783,1.080998268770417,-0.624792043123855
54802578,109.200000,0.000000,0.000000,1023.76,1024.34,1025.43,1026.19,-0.12,-0.01,1.0,1.0,1.0,1.0,1400.26,0.030100856446534485,-0.011777797886538,-0.010943091706997584,-0.06417517445958934,0.019670454266215283,0.023149779315489567,326.04925477986035,449.15330614867645,6.484157867551275,321.65542164511095,219.43784400424286,8.60162000000969,316.06603971557644,29.351750763346047,-3.1406974485674817,1.095779091048969,-0.5072911266056759
54802679,109.300000,0.000000,0.000000,1023.88,1024.3,1025.38,1026.15,-0.12,-0.01,1.0,1.0,1.0,1.0,1400.09,0.02922831432866581,-0.01738791177006012,-0.00760227319259614,-0.052208888528241466,0.04250996650295032,0.19011014473123192,326.0525723295902,449.1694173874453,6.485580872724157,321.83842906270377,219.39215050556047,8.597242483141178,316.62532624979576,29.51464635297804,-3.231230239436728,1.050693832850444,-0.5287222996998358
54802778,109.401000,0.000000,0.000000,1023.82,1024.28,1025.31,1026.12,-0.12,-0.01,1.0,1.0,1.0,1.0,1400.27,0.02861445685332644,-0.022098425386824348,-0.005313236355441063,-0.04377812918840665,0.03891128741882448,0.23262975614314738,326.0437396380616,449.16503521877365,6.494881979721149,322.2153291542014,219.28366081823887,17.769094021635937,317.56033001790064,29.266344847754237,-3.490431051084646,0.9541072554736305,-0.5048767827630432
54802878,109.501000,0.000000,0.000000,1023.92,1024.15,1025.48,1026.19,-0.12,-0.01,1.0,1.0,1.0,1.0,1400.27,0.028184784240046355,-0.025975516385195414,-0.0038129771658692874,-0.036149286639182106,0.012590792911371806,0.07798466495602895,326.0463469987887,449.16118982997665,6.480946828281278,322.79096016146013,219.44444895028195,8.267751904217322,318.8694214673222,29.44386646406472,-3.639168389085606,0.8119018284658306,-0.4414087588914286
54802979,109.600000,0.000000,0.000000,1023.86,1024.27,1025.41,1026.14,-0.12,-0.01,1.0,1.0,1.0,1.0,1400.16,0.027856544960058162,-0.029089150075909342,-0.0030772105490994776,-0.02841412684294962,0.012015902855411436,0.1411586661701929,326.04658896709105,449.1784336481448,6.4795375716485415,323.0428333289841,219.42107784216296,8.131036957667582,319.6263064764247,29.234493701957273,-3.869867747569736,0.7490193989951903,-0.4688835753791938
54803078,109.701000,0.000000,0.000000,1023.81,1024.26,1025.47,1026.17,-0.12,-0.01,1.0,1.0,1.0,1.0,1400.25,0.027638452359878662,-0.030963355309755955,-0.0028415586486213035,-0.023373999055921937,0.0021054895418296895,0.060158231978248634,326.05183851934174,449.1577016755841,6.476256706023195,323.0409125938264,219.3892455260749,8.10569241904545,319.85016207551996,29.311917826544803,-3.994119368061784,0.7507709162426406,-0.5398312941680007
54803179,109.800000,0.000000,0.000000,1023.86,1024.33,1025.34,1026.1,-0.12,-0.01,1.0,1.0,1.0,1.0,1400.24,0.02737070583536794,-0.03293515742528934,-0.0025477611880071753,-0.017500524892521453,0.0034104020681758832,0.05499162401256399,326.05593822217253,449.1819945978145,6.510235606407691,322.7595595784845,219.44351369513876,8.286761853996326,319.1577017762931,29.280434036591295,-3.8718216031793338,0.8220461092134612,-0.5589889634183978
54803278,109.901000,0.000000,0.000000,1023.72,1024.26,1025.44,1026.21,-0.12,-0.01,1.0,1.0,1.0,1.0,1400.25,0.027099400510519046,-0.034678364165813935,-0.001846325223329239,-0.011789383462331323,0.007760816735766833,0.04180769282627867,326.0553208846109,449.1356450197342,6.476743440663904,322.32105109453596,219.2655423924684,17.912679825276587,318.2241365160992,29.3555177903276,-3.8332980068676448,0.9306955432739209,-0.6255452676599489
54803379,110.000000,0.000000,0.000000,1023.83,1024.25,1025.3,1026.18,-0.11,-0.01,1.0,1.0,1.0,1.0,1400.39,0.026981169697697087,-0.03559832940687253,-0.000753793187129832,-0.007873500075907043,0.014099222997268644,0.05148676377488958,326.04940215232483,449.17642496660864,6.469991227035148,322.0309880386699,219.36576023103922,8.533954637240004,317.3762019464056,29.328229116001484,-3.5332609212437225,1.001758157620783,-0.6003920003614371
54803479,110.101000,0.000000,0.000000,1023.86,1024.29,1025.39,1026.18,-0.11,-0.01,1.0,1.0,1.0,1.0,1400.35,0.026985320813856843,-0.03616613023428212,0.0005156215565262341,-0.004393540274144438,0.01248917003912296,0.03462485957393028,326.04939227773184,449.14825882899925,6.47358522379359,321.92190042331595,219.35843692801694,8.536795722712524,317.14048916558596,29.28087301151942,-3.3770784101294966,1.0290378970962417,-0.6171012918816297
54803579,110.202000,0.000000,0.000000,1023.79,1024.3,1025.38,1026.1,-0.11,-0.01,1.0,1.0,1.0,1.0,1400.33,0.027112551484458326,-0.0364194955246322,0.0017000931490461738,-0.0014958545569371134,0.008896171012468146,0.02992432111881494,326.04618381131974,449.18918696094227,6.48750574388924,321.9606691924934,219.37459942548512,8.480111889651276,317.2337556182446,29.345066343022545,-3.4976167871530794,1.0184648953573843,-0.6120125402656273
54803678,110.301000,0.000000,0.000000,1023.83,1024.25,1025.37,1026.13,-0.1,-0.01,1.0,1.0,1.0,1.0,1400.24,0.027340158166954367,-0.0364070514805552,0.002587247119688365,0.001134253806595909,0.008175138929897185,0.02763689815552742,326.0614734401643,449.16338641919384,6.452549501480819,322.38687982341196,219.29956148031349,17.837421008563563,318.23419030874106,29.327363118949847,-3.8492349542205737,0.915849956037059,-0.5794445909762449
54803778,110.400000,0.000000,0.000000,1023.82,1024.25,1025.4,1026.19,-0.1,-0.01,1.0,1.0,1.0,1.0,1400.23,0.027544269164428856,-0.036236295055617776,0.0027872542456315865,0.0028264811386296664,0.0022721049540136897,0.02165863220189503,326.0526230959723,449.1613038543512,6.482595154059559,322.8568739456907,219.49068513012656,8.398089883494183,319.1077668954146,29.312519068518544,-3.821916517224871,0.797190010841067,-0.4650169878628123
54803879,110.501000,0.000000,0.000000,1023.87,1024.21,1025.27,1026.09,-0.1,-0.01,1.0,1.0,1.0,1.0,1400.31,0.027868501920422863,-0.035690740648986426,0.0023682123783002416,0.005473268333441706,-0.0058586107527117265,0.021160673744036636,326.05369076362354,449.15290523818715,6.478062871173087,323.03813425814667,219.4091330551826,8.104727143254857,319.9178149443488,29.25333233343711,-4.046059178308928,0.7520061921197337,-0.5639144074043211
54803978,110.601000,0.000000,0.000000,1023.89,1024.32,1025.33,1026.16,-0.1,-0.01,1.0,1.0,1.0,1.0,1400.33,0.02806618870138629,-0.03504443652400447,0.0017449068455068445,0.006954876937545268,-0.006496464603233444,0.011014205400794062,326.0464894556969,449.1652053464506,6.477882428128393,323.0600776678613,219.38475476011385,8.069101492854427,319.86896801470107,29.28631017675672,-4.012582338400888,0.7446201688575506,-0.5275283969710655
54804079,110.701000,0.000000,0.000000,1023.78,1024.34,1025.15,1026.1,-0.1,-0.0,1.0,1.0,1.0,1.0,1400.27,0.028203848841950797,-0.03427844346670751,0.0011835923172290068,0.008066354821767733,-0.007978297858297559,-0.010279549111304133,326.04566793829025,449.1691855241385,6.4860813760279,322.86822914898323,219.39760994504215,8.115089220659868,319.3852563069769,29.294899251055245,-3.9863820326697947,0.7922747985213994,-0.5349205913446335
54804178,110.802000,0.000000,0.000000,1023.82,1024.25,1025.38,1026.12,-0.1,-0.01,1.0,1.0,1.0,1.0,1400.3,0.028304371908799763,-0.03341450390739594,0.0009519174733945199,0.008959963434389265,-0.002398897360755015,-0.008925208529108608,326.04705734483406,449.1567769382439,6.482499492758145,322.48570112064476,219.32191760967532,8.306904027037373,318.6073213797301,29.426700390829737,-3.8010597558465333,0.8877432815126909,-0.6054523519535244
54804278,110.900000,0.000000,0.000000,1023.93,1024.3,1025.3,1026.16,-0.1,-0.01,1.0,1.0,1.0,1.0,1400.34,0.02840973901993422,-0.03250303863900906,0.0011785655264010544,0.009225389819218659,0.0038997627805862074,0.0012261867376990388,326.0449073489678,449.1647525831821,6.477338564364521,322.22811111773643,219.28435194168836,17.74960892472807,318.068207686751,29.289602253592083,-3.732556539266093,0.9512173405293257,-0.6481535238423801
54804379,111.000000,0.000000,0.000000,1023.86,1024.36,1025.37,1026.16,-0.1,-0.01,1.0,1.0,1.0,1.0,1400.49,0.028556682752500773,-0.03158866348637486,0.001662698391985168,0.009138743596976641,0.002017765165161537,-0.019203604334384193,326.0451857413637,449.1623433456575,6.477798851971946,322.1402298738471,219.25593001001255,17.77492306656156,317.81512621874145,29.395327041281206,-3.71383239355701,0.9730741111644096,-0.6411521986861259
54804479,111.103000,0.000000,0.000000,1023.8,1024.26,1025.41,1026.17,-0.1,-0.01,1.0,1.0,1.0,1.0,1400.4,0.028699976872270955,-0.030910214270063473,0.0020309162862081963,0.008984385457634584,0.011167412275023384,0.02781408260451227,326.0474737368458,449.1629311730519,6.467419959160467,322.307517278513,219.312032655101,8.393679709052941,318.047518910441,29.28781740171235,-3.6967113462114027,0.9321904515781525,-0.5801285265570066
54804579,111.201000,0.000000,0.000000,1023.89,1024.28,1025.38,1026.1,-0.1,-0.01,1.0,1.0,1.0,1.0,1400.39,0.02898275082443706,-0.02980166120649238,0.0023434273317679316,0.008904606453904458,-0.008224232543779623,-0.03274562247650098,326.05381328109365,449.14828096022194,6.492771964465474,322.5138332332542,219.33252482697458,8.255252401370482,318.72823649760136,29.41467587307544,-3.678668200974953,0.8824890012996696,-0.6230632321655867
54804678,111.300000,0.000000,0.000000,1023.85,1024.26,1025.37,1026.16,-0.1,-0.01,1.0,1.0,1.0,1.0,1400.4,0.029209190199087298,-0.028922809329238987,0.002162634147671972,0.008704147000390962,-0.012431663628583,-0.0357917644383588,326.045749271107,449.15789094639047,6.482550353009291,322.90260556447055,219.43557673470522,8.251926155496912,319.2828593844728,29.27766108333631,-3.942043856761915,0.7838926431990555,-0.4772646325311476
54804778,111.400000,0.000000,0.000000,1023.88,1024.35,1025.39,1026.21,-0.1,-0.01,1.0,1.0,1.0,1.0,1400.36,0.029390679639654457,-0.02804060979393411,0.0015622738463641043,0.008844053221594638,-0.007772306089553435,-0.004493540170647807,326.05142884371014,449.15177992196385,6.505805976508292,322.97173087163526,219.4150337616805,8.144258919800508,319.56969969211957,29.269227260699775,-3.902063717153738,0.7680230973523191,-0.5110368246595562
54804879,111.500000,0.000000,0.000000,1023.95,1024.33,1025.36,1026.07,-0.1,-0.01,1.0,1.0,1.0,1.0,1400.29,0.02950633269313891,-0.027153786547059508,0.0008954013355046415,0.008704940842935945,-0.006870183859215925,-0.003947938423866287,326.047891670498,449.1698596294448,6.489193917843598,323.05302453109846,219.41009032432441,8.114507597326806,319.80385202535473,29.26543594531278,-4.034302816520883,0.7467953619288779,-0.5146215514011819
54804980,111.601000,0.000000,0.000000,1023.82,1024.29,1025.37,1026.07,-0.11,-0.0,1.0,1.0,1.0,1.0,1400.29,0.0295493888550507,-0.026502249383635882,0.00044675472864339925,0.009199849948931268,-0.0050663735465632034,0.02382305593055444,326.0600410558142,449.1522998724796,6.495780502709831,322.862428257372,219.44154887351638,8.175450118884115,319.4734333526569,29.307612146163013,-3.9564119292954776,0.7975155053088628,-0.573884819169443
54805079,111.702000,0.000000,0.000000,1023.8,1024.36,1025.26,1026.11,-0.11,0.0,1.0,1.0,1.0,1.0,1400.35,0.02956260450314572,-0.025463794218523215,-4.502436411967692e-05,0.008084900146351546,-0.0022328951196050953,-0.005326785098249752,326.0428530678614,449.15803906622034,6.468339986175403,322.5764174025587,219.37393910195593,8.226662955874797,318.9137372855706,29.32048623259158,-3.706021390050865,0.8642768112144236,-0.6244950822085777
54805180,111.801000,0.000000,0.000000,1023.82,1024.27,1025.41,1026.17,-0.11,0.0,1.0,1.0,1.0,1.0,1400.32,0.0295588773278487,-0.024697734067267652,2.55246931058917e-05,0.007302866713579247,0.0023873694441633795,-0.04346682501271814,326.0412298689503,449.164492010879,6.501758017642886,322.41011472645886,219.30161110755296,8.34486328917913,318.44783617562797,29.414380508177192,-3.9012145006436514,0.9050189786186508,-0.6146500582875842
54805280,111.901000,0.000000,0.000000,1023.94,1024.38,1025.35,1026.14,-0.11,0.0,1.0,1.0,1.0,1.0,1400.35,0.02957905828166494,-0.02401921461327052,0.00031220399425849497,0.0065351060892448135,0.0020578396148402036,-0.03200179722852843,326.05161672114855,449.1499269405841,6.470136600897832,322.3486223109502,219.31467773193185,8.343293082534618,318.2667336640961,29.34959914804541,-3.8894857750783696,0.9230420345588699,-0.615126205581072
54805379,112.002000,0.000000,0.000000,1023.77,1024.34,1025.47,1026.2,-0.12,0.0,1.0,1.0,1.0,1.0,1400.29,0.029629373271381813,-0.023407525212359507,0.0006083042986970835,0.005860343451724332,0.0024999940306962456,-0.0066629273325385895,326.04523693236655,449.15995373680244,6.485138797733897,322.4649546396156,219.34822996668518,8.337708740689763,318.506846203217,29.41993416640573,-3.731186954124639,0.8925500739692844,-0.5912280880474443
54805479,112.100000,0.000000,0.000000,1023.99,1024.3,1025.34,1026.29,-0.12,0.0,1.0,1.0,1.0,1.0,1400.46,0.029698999202159414,-0.02286064734700869,0.0007239272684187782,0.005237999851631926,0.00012457406208716334,-0.008503578929817504,326.0484024800793,449.16571705371365,6.475013547206376,322.65178761093955,219.3884688550291,8.193133537935136,319.0377611724374,29.299900418858865,-3.8322958368477806,0.8468963960224893,-0.6045977946745162
54805579,112.201000,0.000000,0.000000,1023.87,1024.27,1025.45,1026.26,-0.12,0.0,1.0,1.0,1.0,1.0,1400.35,0.029763421099351768,-0.02237554442803507,0.0005412513390367468,0.00467187284015886,-0.004008339589926008,-0.006692515595755874,326.0418593714744,449.15797303003365,6.491265625583646,322.91929157494314,219.43639227591927,8.161363123108776,319.4583006214124,29.30445089713578,-3.9317705018375837,0.7787641798444211,-0.5146826650594747
54805679,112.301000,0.000000,0.000000,1023.9,1024.13,1025.39,1026.25,-0.12,-0.0,1.0,1.0,1.0,1.0,1400.22,0.02978996132211634,-0.021914487154040256,8.596916461636588e-05,0.004476362970466522,-0.004935591399793615,-0.006355831426301408,326.0573060392934,449.1653829221928,6.4744028929600175,323.0261389953943,219.40875184218478,8.109741410258342,319.93176835646904,29.279802937439012,-4.118671194553695,0.7558563280391075,-0.5792995359688323
54805780,112.401000,0.000000,0.000000,1023.81,1024.26,1025.37,1026.28,-0.12,-0.0,1.0,1.0,1.0,1.0,1400.45,0.029777615630596572,-0.021595256569132203,-0.0002919608626322217,0.004137101682323453,-0.005195079748329856,-0.0026637343629542665,326.0465413327203,449.1531562367446,6.488254058672587,323.01687015789196,219.41182192968733,8.116378119407788,319.9345274522525,29.250398034042338,-4.029312841903679,0.7555336553518345,-0.5824364658792457
54805887,112.502000,0.000000,0.000000,1023.81,1024.34,1025.35,1026.23,-0.12,-0.0,1.0,1.0,1.0,1.0,1400.34,0.029697752121632337,-0.021120792247539294,-0.0008271876230398316,0.0035197787663598574,-0.003010600242772237,-0.006804335262632633,326.04439147508776,449.1592135792671,6.483837889021684,322.9077829235864,219.4286281836197,8.197632815742345,319.5287433822782,29.29513172077438,-3.951559420114613,0.7822348326605382,-0.5463201588751729
54805980,112.609000,0.000000,0.000000,1023.73,1024.32,1025.48,1026.21,-0.12,-0.0,1.0,1.0,1.0,1.0,1400.36,0.02960172364976112,-0.020795588699033543,-0.0010188624786989758,0.003156865650399297,0.001077921882471098,-0.009551326975062887,326.0604716284732,449.149769655139,6.463555487661762,322.6741905431747,219.42856083393724,8.320829545235565,319.1893893707786,29.275449996474247,-3.9539097422106315,0.8445261292466973,-0.6391506785502334
54806080,112.701000,0.000000,0.000000,1023.68,1024.28,1025.28,1026.22,-0.12,0.0,1.0,1.0,1.0,1.0,1400.38,0.02950522746864516,-0.02051593229119617,-0.0008867456195704044,0.002501142801321231,0.001886600346358406,-0.006494556879468491,326.04162600039547,449.16525395513196,6.4840283257131315,322.5378596681447,219.35673720751873,8.26618548293194,318.7739131173909,29.413439453414526,-3.647852400791445,0.873490125979222,-0.6117465657405057
54806181,112.802000,0.000000,0.000000,1023.75,1024.28,1025.49,1026.2,-0.12,0.0,1.0,1.0,1.0,1.0,1400.31,0.02943489821310655,-0.02030746115208497,-0.0005956131332110636,0.001885493950157924,0.003052702372968739,-0.00568784985986944,326.05545287029065,449.1595198153501,6.4829774894198176,322.4848028815231,219.3217877823055,8.287651071546149,318.8428397648124,29.44562614196434,-3.782248203058681,0.8900484535654422,-0.6812568539028514
54806286,112.902000,0.000000,0.000000,1023.85,1024.2,1025.38,1026.15,-0.12,0.0,1.0,1.0,1.0,1.0,1400.28,0.02939628833047475,-0.020167026208959337,-0.0002808280158629305,0.0011588824101361236,0.0024453854712870836,-0.005524937489913419,326.0524697265778,449.15318872577683,6.472830242046788,322.59610007149485,219.37121631940173,8.20461846256861,318.8607735824902,29.384588622411204,-3.670334722735014,0.8634784166013667,-0.6006098092414538
54806380,113.011000,0.000000,0.000000,1023.78,1024.19,1025.39,1026.23,-0.12,0.0,1.0,1.0,1.0,1.0,1400.33,0.029378617934406603,-0.020075134893187917,-0.00013275483723007743,0.0007826034598241258,0.0009054809844105175,-0.003890591005311647,326.0503934506286,449.16292345531747,6.464961021220595,322.83097594146585,219.5078858762635,8.317148147981241,319.26242257572625,29.297972015118845,-4.003734523353828,0.8031478688736554,-0.5314881277475596
54806481,113.106000,0.000000,0.000000,1023.78,1024.27,1025.43,1026.16,-0.12,0.0,1.0,1.0,1.0,1.0,1400.3,0.029359324828995025,-0.020002722188842647,-0.0002732301895453448,0.0007722682289231198,-0.002526626236971241,0.0017727221707073827,326.0492033773515,449.1569851649717,6.46650740457642,322.9446443998706,219.43070132693916,8.126333522728919,319.64883546344953,29.26522434190372,-3.933524243970631,0.7742575037063557,-0.5556058765108208
54806581,113.203000,0.000000,0.000000,1023.95,1024.3,1025.36,1026.25,-0.12,0.0,1.0,1.0,1.0,1.0,1400.31,0.029314507052397295,-0.019926055986590203,-0.0005652830656902385,0.0007161639043395883,-0.0019415060213758626,-0.004198118666014446,326.0487763079833,449.1532911746345,6.485713877030347,323.0533222677271,219.40883653017394,8.094952664941186,319.92424134563146,29.2594196389549,-4.085654496500785,0.7469914791757073,-0.5512140924303827
54806681,113.302000,0.000000,0.000000,1023.88,1024.3,1025.4,1026.16,-0.12,0.0,1.0,1.0,1.0,1.0,1400.36,0.029259841869845878,-0.01987850284742834,-0.0008238536895672061,0.0006222554752923822,-0.0037523741027331065,-0.00045007251178781095,326.05174743212433,449.1591306103176,6.4811397671651205,322.97591068927903,219.4076480780596,8.090390286295325,320.0743974697515,29.21247704150424,-4.102340237436744,0.7670110953383488,-0.6600169993245022
54806782,113.403000,0.000000,0.000000,1023.82,1024.32,1025.43,1026.11,-0.12,0.0,1.0,1.0,1.0,1.0,1400.26,0.02916120862381758,-0.01983965200070846,-0.0010713665065921242,0.00023494233712508138,-0.003895006778607282,-0.0027983168036351653,326.0475184417671,449.16749742903914,6.476840732764797,322.93976938223096,219.44346164545962,8.172255162449908,319.5705742015258,29.279403683330713,-3.9289009426486383,0.7750605767867932,-0.5351003794021671
54806881,113.504000,0.000000,0.000000,1023.83,1024.34,1025.2,1026.18,-0.12,0.0,1.0,1.0,1.0,1.0,1400.35,0.029046126992343088,-0.01981690677046927,-0.001248457118152944,0.0002800546446455019,-0.006271703848208204,0.002210352479479393,326.0482393563547,449.1457394200778,6.459294387423955,322.7788509125719,219.4462081140379,8.196105227551422,319.38697724280024,29.316354565786813,-4.046236174473661,0.8154544773134977,-0.6088735956326892
54806981,113.604000,0.000000,0.000000,1023.73,1024.27,1025.4,1026.17,-0.12,0.0,1.0,1.0,1.0,1.0,1400.37,0.028929382784973295,-0.01979514947234516,-0.0011960884201834136,0.00014842176257632412,-0.0011802385692911994,-0.00237714523593182,326.0445078753266,449.1749532387519,6.479984574064128,322.69411888044465,219.4264449780478,8.304260011732573,319.0731331597225,29.285419679210282,-3.835728247017287,0.8354767772747738,-0.5799626731593528
54807081,113.704000,0.000000,0.000000,1023.85,1024.27,1025.34,1026.2,-0.12,0.0,1.0,1.0,1.0,1.0,1400.37,0.028808650100324122,-0.019796254116524074,-0.0008360089504830073,-0.00013114240024413365,0.0035596837251119394,-0.003666272563286551,326.04804706035003,449.13842987304724,6.455116261689137,322.64393575954244,219.40457701598208,8.336263517614281,319.1050987663397,29.27865827448464,-3.9123185723258382,0.848925552010805,-0.6315208794685216
54807181,113.804000,0.000000,0.000000,1023.84,1024.28,1025.45,1026.09,-0.12,0.0,1.0,1.0,1.0,1.0,1400.31,0.028756062983200038,-0.019817950357843346,-0.0006416749721172172,-0.00034140283271402364,0.0004062262514174222,-0.00238542521673959,326.04465713676996,449.16802364396347,6.46207484824387,322.7878303280116,219.49640399421617,8.405625437006938,319.1829427038409,29.284863238512,-3.954979784402566,0.8124204681219247,-0.5391017523721107
54807281,113.904000,0.000000,0.000000,1023.77,1024.13,1025.37,1026.14,-0.12,0.0,1.0,1.0,1.0,1.0,1400.29,0.02869730988447833,-0.01984314684777763,-0.0006126226279061994,-0.00022309891030005782,-0.0019092776093317298,-0.00022616355274175746,326.057635710133,449.15037120616506,6.46963622991341,322.8834479842691,219.43735378347236,8.175665121145261,319.4561170995507,29.302450573970145,-4.0218643217570875,0.7916660024505394,-0.5506424429988166
54807382,114.005000,0.000000,0.000000,1023.9,1024.2,1025.46,1026.07,-0.12,0.01,1.0,1.0,1.0,1.0,1400.23,0.028638499160219294,-0.01985860249163024,-0.0006019229371727054,-0.00010509044531543146,-0.0005353141864305226,0.0013601462141609568,326.04707279456824,449.16360030095694,6.497990099747452,322.9911299889464,219.43131221464222,8.086696457102384,320.0204013648072,29.192061275383313,-4.064248731926758,0.7621144607205642,-0.6295850554766507
54807481,114.104000,0.000000,0.000000,1023.87,1024.13,1025.43,1026.13,-0.12,0.01,1.0,1.0,1.0,1.0,1400.21,0.028568602389111863,-0.01987068391724537,-0.0007658294538301238,-0.00018793924733392242,-0.0017924481796248906,-0.0025300655018641173,326.05208828149824,449.1508438216481,6.452880036153406,323.03026100222297,219.40744468268346,8.075150719746977,320.07011822439136,29.200681147541527,-4.0201614650816095,0.7535710133729462,-0.6155333682765062
54807582,114.204000,0.000000,0.000000,1023.86,1024.15,1025.47,1026.16,-0.12,0.01,1.0,1.0,1.0,1.0,1400.24,0.02852686883215095,-0.019883949233001304,-0.0008932317336302187,-0.0002930252262632651,-0.004350628016993608,-0.0021158725713116763,326.05208828149824,449.1508438216481,6.452880036153406,323.03026100222297,219.40744468268346,8.075150719746977,320.07011822439136,29.200681147541527,-4.0201614650816095,0.7535710133729462,-0.6155333682765062
54807683,114.305000,0.000000,0.000000,1023.81,1024.21,1025.34,1026.23,-0.12,0.01,1.0,1.0,1.0,1.0,1400.31,0.02852686883215095,-0.019883949233001304,-0.0008932317336302187,-0.0002930252262632651,-0.004350628016993608,-0.0021158725713116763,326.05794123334056,449.1592344560945,6.465243277563521,322.94783164402355,219.41983935883047,8.156866536856414,319.7007092865468,29.24450857782227,-3.932533248741874,0.7755973618877101,-0.5730009199990019
54807784,114.405000,0.000000,0.000000,1023.81,1024.26,1025.37,1026.12,-0.12,0.0,1.0,1.0,1.0,1.0,1400.22,0.02852686883215095,-0.019883949233001304,-0.0008932317336302187,-0.0002930252262632651,-0.004350628016993608,-0.0021158725713116763,326.05009892369804,449.15467503343564,6.481425915876999,322.84946381594347,219.4460252776955,8.17505424327819,319.4835624196422,29.30236839060917,-3.9935009009172298,0.7982765020996141,-0.582415549459486
54807883,114.515000,0.000000,0.000000,1023.76,1024.28,1025.38,1026.13,-0.12,0.0,1.0,1.0,1.0,1.0,1400.27,0.02852686883215095,-0.019883949233001304,-0.0008932317336302187,-0.0002930252262632651,-0.004350628016993608,-0.0021158725713116763,326.05484751072714,449.15468396879004,6.486637909228279,322.8012887612608,219.44917344129183,8.19794979465872,319.313518732825,29.30249756521475,-4.037775065939959,0.8114856261068996,-0.5721398620537026
54807983,114.605000,0.000000,0.000000,1023.8,1024.26,1025.35,1026.14,-0.12,0.0,1.0,1.0,1.0,1.0,1400.33,0.02852686883215095,-0.019883949233001304,-0.0008932317336302187,-0.0002930252262632651,-0.004350628016993608,-0.0021158725713116763,326.04485540715746,449.15677139021085,6.47225913275993,322.8128880422132,219.49635923187554,8.337005833471528,319.29801960847936,29.30923882032651,-4.025510743394185,0.8062594017779399,-0.5537499287397836
54808084,114.706000,0.000000,0.000000,1023.85,1024.22,1025.39,1026.21,-0.12,0.0,1.0,1.0,1.0,1.0,1400.22,0.02852686883215095,-0.019883949233001304,-0.0008932317336302187,-0.0002930252262632651,-0.004350628016993608,-0.0021158725713116763,326.0545435608975,449.1539225005306,6.470702011304288,322.8735594330737,219.4336565477331,8.158429966608143,319.5199541923883,29.29252021377782,-3.980712225865083,0.793335828876855,-0.5762248418940128
54808184,114.805000,0.000000,0.000000,1023.78,1024.21,1025.47,1026.11,-0.12,0.0,1.0,1.0,1.0,1.0,1400.3,0.02852686883215095,-0.019883949233001304,-0.0008932317336302187,-0.0002930252262632651,-0.004350628016993608,-0.0021158725713116763,326.05997324219624,449.15035156236127,6.462660921525123,322.9565677909961,219.42634323518567,8.123890976643404,319.76370407547523,29.284628991861506,-4.073298578684773,0.7739775220584053,-0.5859335083954732
54808287,114.907000,0.000000,0.000000,1023.85,1024.25,1025.46,1026.17,-0.12,0.0,1.0,1.0,1.0,1.0,1400.35,0.02852686883215095,-0.019883949233001304,-0.0008932317336302187,-0.0002930252262632651,-0.004350628016993608,-0.0021158725713116763,326.0512963165808,449.15493514664627,6.477711844035657,323.02328717270996,219.4041877060289,8.091294815375049,320.09619582598094,29.200496394200208,-4.116643433683561,0.7550882947684723,-0.6285073557871055
54808384,115.011000,0.000000,0.000000,1023.82,1024.23,1025.41,1026.2,-0.12,0.0,1.0,1.0,1.0,1.0,1400.28,0.02852686883215095,-0.019883949233001304,-0.0008932317336302187,-0.0002930252262632651,-0.004350628016993608,-0.0021158725713116763,326.0419064007093,449.1554284122591,6.480197478313388,323.0414180228377,219.4029216683033,8.06326519738552,320.12164936050243,29.2091258239628,-4.13346874505205,0.7482205540129764,-0.6169314434382532
54808484,115.106000,0.000000,0.000000,1023.83,1024.28,1025.45,1026.2,-0.12,0.0,1.0,1.0,1.0,1.0,1400.25,0.02852686883215095,-0.019883949233001304,-0.0008932317336302187,-0.0002930252262632651,-0.004350628016993608,-0.0021158725713116763,326.05766975205734,449.1593354360073,6.4662242642138565,323.0077616056538,219.42853016910556,8.091251158626187,320.0413978488231,29.20245595745583,-4.053302542791195,0.7606145769423153,-0.6278376978490027
54808584,115.209000,0.000000,0.000000,1023.85,1024.31,1025.42,1026.16,-0.12,0.0,1.0,1.0,1.0,1.0,1400.25,0.02852686883215095,-0.019883949233001304,-0.0008932317336302187,-0.0002930252262632651,-0.004350628016993608,-0.0021158725713116763,326.0498470513116,449.1601013855543,6.488143709301548,322.9165912531344,219.42704485190305,8.130061015318375,319.7688516149714,29.287873773979655,-4.0989065182885005,0.7707703117056097,-0.6142322162068726
54808684,115.305000,0.000000,0.000000,1023.83,1024.23,1025.31,1026.15,-0.12,0.0,1.0,1.0,1.0,1.0,1400.35,0.02852686883215095,-0.019883949233001304,-0.0008932317336302187,-0.0002930252262632651,-0.004350628016993608,-0.0021158725713116763,326.05505558683274,449.1470605410916,6.477353584624869,322.8973791553336,219.44379047415345,8.186017952169912,319.6386562293352,29.261680361618502,-3.9714184691218386,0.787581898046104,-0.5935109970929485
54808784,115.405000,0.000000,0.000000,1023.88,1024.3,1025.32,1026.14,-0.12,0.0,1.0,1.0,1.0,1.0,1400.32,0.02852686883215095,-0.019883949233001304,-0.0008932317336302187,-0.0002930252262632651,-0.004350628016993608,-0.0021158725713116763,326.04981582217755,449.1515444271866,6.480085159343324,322.850163589186,219.4382780175096,8.16292866102437,319.481241326418,29.30482414914451,-4.019173205166747,0.7980153568072531,-0.5809288114124438
54808884,115.509000,0.000000,0.000000,1023.86,1024.15,1025.39,1026.04,-0.12,0.0,1.0,1.0,1.0,1.0,1400.32,0.02852686883215095,-0.019883949233001304,-0.0008932317336302187,-0.0002930252262632651,-0.004350628016993608,-0.0021158725713116763,326.0536105284343,449.15010967812657,6.476158206776798,322.88752339847895,219.43090381866907,8.167734934627433,319.5127657612786,29.290590041667166,-3.9926424935743263,0.7896246401098324,-0.5624261482482686
54808984,115.606000,0.000000,0.000000,1023.87,1024.27,1025.39,1026.18,-0.12,0.0,1.0,1.0,1.0,1.0,1400.3,0.02852686883215095,-0.019883949233001304,-0.0008932317336302187,-0.0002930252262632651,-0.004350628016993608,-0.0021158725713116763,326.05687373710026,449.1601920709964,6.489659052020165,322.9243689313757,219.431879659969,8.12892935616747,319.69092721276843,29.251711620301393,-3.952914769724909,0.7812192601476282,-0.5883899765414098
54809085,115.706000,0.000000,0.000000,1023.74,1024.21,1025.39,1026.15,-0.12,0.0,1.0,1.0,1.0,1.0,1400.35,0.02852686883215095,-0.019883949233001304,-0.0008932317336302187,-0.0002930252262632651,-0.004350628016993608,-0.0021158725713116763,326.0473891396932,449.1559509543778,6.473226837114837,322.96638043056856,219.4185861588133,8.109134136741996,319.8052004807559,29.276495888392763,-4.115994196850276,0.7683478644310693,-0.5842207436137071
54809185,115.807000,0.000000,0.000000,1023.76,1024.18,1025.29,1026.12,-0.12,0.0,1.0,1.0,1.0,1.0,1400.32,0.02852686883215095,-0.019883949233001304,-0.0008932317336302187,-0.0002930252262632651,-0.004350628016993608,-0.0021158725713116763,326.0473891396932,449.1559509543778,6.473226837114837,322.96638043056856,219.4185861588133,8.109134136741996,319.8052004807559,29.276495888392763,-4.115994196850276,0.7683478644310693,-0.5842207436137071
